factor_config_id,allocation_policy,mean_budget_pages_per_expert,burst_cap_pages_per_expert,layer,router_rank,expert_invocations,selected_pages_mean,selected_pages_median,selected_pages_p10,selected_pages_p90,expert_recovery_median,expert_recovery_p10
exact_proxy_rank4_fp32,pooled_exact_combined_moe_oracle,729,1536,0,1,32,801.34375,748.5,579.8,1090.1000000000001,0.9999956634734171,0.9999501892233893
exact_proxy_rank4_fp32,pooled_exact_combined_moe_oracle,729,1536,0,2,32,817.375,769.0,565.1,1108.8000000000002,0.9999927858440338,0.9998424842971791
exact_proxy_rank4_fp32,pooled_exact_combined_moe_oracle,729,1536,0,3,32,773.125,769.0,614.1,922.6,0.9999716877500016,0.9997664035202374
exact_proxy_rank4_fp32,pooled_exact_combined_moe_oracle,729,1536,0,4,32,730.09375,736.0,577.8,861.9,0.999941172526815,0.9997896402376024
exact_proxy_rank4_fp32,pooled_exact_combined_moe_oracle,729,1536,0,5,32,701.5,678.0,576.0,881.8000000000001,0.9998969111489354,0.9995048585954414
exact_proxy_rank4_fp32,pooled_exact_combined_moe_oracle,729,1536,0,6,32,704.96875,688.0,516.9,935.8000000000001,0.9998219076963281,0.9993944646079251
exact_proxy_rank4_fp32,pooled_exact_combined_moe_oracle,729,1536,0,7,32,656.84375,653.0,478.2,816.3000000000001,0.9996802165162971,0.9987181767653391
exact_proxy_rank4_fp32,pooled_exact_combined_moe_oracle,729,1536,0,8,32,644.28125,591.0,451.4,904.2,0.9996912703316434,0.9983174506124642
exact_proxy_rank4_fp32,pooled_exact_combined_moe_oracle,729,1536,4,1,32,1079.3125,1104.0,942.0,1159.8,0.9996106543317872,0.9987705165949086
exact_proxy_rank4_fp32,pooled_exact_combined_moe_oracle,729,1536,4,2,32,978.40625,976.5,864.5,1093.8,0.9988609299502916,0.9973189463545101
exact_proxy_rank4_fp32,pooled_exact_combined_moe_oracle,729,1536,4,3,32,848.0,874.0,729.0,936.5,0.9974674729701754,0.9921590691889912
exact_proxy_rank4_fp32,pooled_exact_combined_moe_oracle,729,1536,4,4,32,769.25,768.0,677.9,850.6,0.9950781360201251,0.9905927100147095
exact_proxy_rank4_fp32,pooled_exact_combined_moe_oracle,729,1536,4,5,32,688.46875,714.0,576.0,768.0,0.9918161283132114,0.9747695839495811
exact_proxy_rank4_fp32,pooled_exact_combined_moe_oracle,729,1536,4,6,32,594.6875,576.0,475.1,729.0,0.9860533075470139,0.9704024375392913
exact_proxy_rank4_fp32,pooled_exact_combined_moe_oracle,729,1536,4,7,32,471.71875,460.0,384.0,577.8,0.9698670276864119,0.9356004656277831
exact_proxy_rank4_fp32,pooled_exact_combined_moe_oracle,729,1536,4,8,32,395.78125,384.0,275.7,538.6,0.950614744641578,0.914408504997605
exact_proxy_rank4_fp32,pooled_exact_combined_moe_oracle,729,1536,20,1,32,997.59375,1017.0,842.3,1149.4,0.9990653348237508,0.9965285443538299
exact_proxy_rank4_fp32,pooled_exact_combined_moe_oracle,729,1536,20,2,32,824.59375,862.0,623.1,945.8000000000001,0.9971535257729851,0.992451443484227
exact_proxy_rank4_fp32,pooled_exact_combined_moe_oracle,729,1536,20,3,32,804.9375,779.0,713.7,926.5,0.9968750113718831,0.987144205561649
exact_proxy_rank4_fp32,pooled_exact_combined_moe_oracle,729,1536,20,4,32,732.3125,739.0,644.7,825.5,0.9924696406945248,0.9850790372797169
exact_proxy_rank4_fp32,pooled_exact_combined_moe_oracle,729,1536,20,5,32,681.65625,729.0,560.3,768.0,0.9904323458884592,0.9778830312768075
exact_proxy_rank4_fp32,pooled_exact_combined_moe_oracle,729,1536,20,6,32,636.4375,648.0,506.5,749.0,0.9870857349585123,0.9723516853099334
exact_proxy_rank4_fp32,pooled_exact_combined_moe_oracle,729,1536,20,7,32,591.90625,576.0,519.1,695.7,0.9830964130383074,0.9673132308516398
exact_proxy_rank4_fp32,pooled_exact_combined_moe_oracle,729,1536,20,8,32,558.90625,576.0,385.9,669.6,0.9786542441422149,0.9476215954947874
exact_proxy_rank4_fp32,pooled_exact_combined_moe_oracle,729,1536,39,1,32,905.0,868.0,750.9,1079.7,0.9993054419835306,0.9942349002678853
exact_proxy_rank4_fp32,pooled_exact_combined_moe_oracle,729,1536,39,2,32,847.53125,802.5,749.0,1008.5,0.9983741039604735,0.9954009851010838
exact_proxy_rank4_fp32,pooled_exact_combined_moe_oracle,729,1536,39,3,32,809.0625,784.0,729.0,927.4,0.9973863197256422,0.993234136451048
exact_proxy_rank4_fp32,pooled_exact_combined_moe_oracle,729,1536,39,4,32,764.28125,753.5,626.2,887.5,0.9949475185080228,0.9906071509424471
exact_proxy_rank4_fp32,pooled_exact_combined_moe_oracle,729,1536,39,5,32,694.71875,729.0,576.0,756.2,0.9941750743084546,0.9852678440048054
exact_proxy_rank4_fp32,pooled_exact_combined_moe_oracle,729,1536,39,6,32,656.8125,650.5,576.0,768.0,0.9883329374562845,0.970126817652427
exact_proxy_rank4_fp32,pooled_exact_combined_moe_oracle,729,1536,39,7,32,617.9375,610.5,476.4,747.0,0.9866122881264967,0.9741112022288368
exact_proxy_rank4_fp32,pooled_exact_combined_moe_oracle,729,1536,39,8,32,531.21875,547.5,385.5,643.5,0.978846489565621,0.9568136483200754
exact_proxy_rank4_fp32,pooled_router_square_compressed,729,1536,0,1,32,801.21875,748.5,580.8,1090.1000000000001,0.9999964442298734,0.9999491131390809
exact_proxy_rank4_fp32,pooled_router_square_compressed,729,1536,0,2,32,816.5625,769.0,577.7,1108.8000000000002,0.9999924016076146,0.9998424842971791
exact_proxy_rank4_fp32,pooled_router_square_compressed,729,1536,0,3,32,772.78125,768.0,614.1,922.6,0.9999716877500016,0.9997664035202374
exact_proxy_rank4_fp32,pooled_router_square_compressed,729,1536,0,4,32,728.53125,733.0,576.0,861.9,0.9999272204070151,0.9998185363005588
exact_proxy_rank4_fp32,pooled_router_square_compressed,729,1536,0,5,32,701.3125,678.0,576.0,881.8000000000001,0.9998969111489354,0.9995048585954414
exact_proxy_rank4_fp32,pooled_router_square_compressed,729,1536,0,6,32,709.5625,717.5,516.9,935.8000000000001,0.9998567210219549,0.9993944646079251
exact_proxy_rank4_fp32,pooled_router_square_compressed,729,1536,0,7,32,659.34375,653.0,479.0,842.2,0.9997715469917144,0.9987181767653391
exact_proxy_rank4_fp32,pooled_router_square_compressed,729,1536,0,8,32,639.8125,577.5,451.4,904.2,0.9996459626046852,0.9983174506124642
exact_proxy_rank4_fp32,pooled_router_square_compressed,729,1536,4,1,32,1079.875,1085.0,961.2,1166.3,0.9995087079414648,0.9987512820205142
exact_proxy_rank4_fp32,pooled_router_square_compressed,729,1536,4,2,32,997.25,991.5,904.6,1106.7,0.9990846355548875,0.9973317071973702
exact_proxy_rank4_fp32,pooled_router_square_compressed,729,1536,4,3,32,848.21875,874.0,749.0,931.7,0.9974945937401778,0.992208375561202
exact_proxy_rank4_fp32,pooled_router_square_compressed,729,1536,4,4,32,760.03125,751.0,676.1,857.4,0.9950781360201251,0.9876008194628827
exact_proxy_rank4_fp32,pooled_router_square_compressed,729,1536,4,5,32,685.53125,711.5,576.0,768.0,0.9898149790236263,0.9747695839495811
exact_proxy_rank4_fp32,pooled_router_square_compressed,729,1536,4,6,32,576.34375,576.0,453.1,747.0,0.9855768340687678,0.9700497268492395
exact_proxy_rank4_fp32,pooled_router_square_compressed,729,1536,4,7,32,483.15625,479.0,384.0,584.3000000000001,0.9704472288737617,0.9416549760552969
exact_proxy_rank4_fp32,pooled_router_square_compressed,729,1536,4,8,32,397.0625,384.0,261.5,541.3000000000001,0.9553165119742163,0.9105889111108021
exact_proxy_rank4_fp32,pooled_router_square_compressed,729,1536,20,1,32,1006.15625,1026.0,842.3,1180.8000000000002,0.9990653348237508,0.9965285443538299
exact_proxy_rank4_fp32,pooled_router_square_compressed,729,1536,20,2,32,823.65625,870.5,706.4,934.5,0.9974011592744683,0.9917105611465566
exact_proxy_rank4_fp32,pooled_router_square_compressed,729,1536,20,3,32,810.8125,802.0,749.0,926.5,0.9965452546823501,0.9905932856348703
exact_proxy_rank4_fp32,pooled_router_square_compressed,729,1536,20,4,32,752.125,750.5,674.8,851.0,0.9933950908528562,0.986479105612906
exact_proxy_rank4_fp32,pooled_router_square_compressed,729,1536,20,5,32,670.125,696.5,560.3,767.2,0.9898465858852694,0.9774313270307674
exact_proxy_rank4_fp32,pooled_router_square_compressed,729,1536,20,6,32,623.90625,636.0,470.5,747.0,0.986957185660949,0.9646412635015085
exact_proxy_rank4_fp32,pooled_router_square_compressed,729,1536,20,7,32,596.75,576.0,519.1,706.2,0.9845594746121151,0.9671696667854476
exact_proxy_rank4_fp32,pooled_router_square_compressed,729,1536,20,8,32,544.5625,576.0,384.0,662.9000000000001,0.9772179854104441,0.9406975622356413
exact_proxy_rank4_fp32,pooled_router_square_compressed,729,1536,39,1,32,922.46875,907.0,750.9,1098.0,0.9994289594767609,0.994813666604074
exact_proxy_rank4_fp32,pooled_router_square_compressed,729,1536,39,2,32,846.625,815.5,740.9,1003.4,0.9981647414925043,0.9954029360433959
exact_proxy_rank4_fp32,pooled_router_square_compressed,729,1536,39,3,32,810.0625,784.0,703.8,927.4,0.9973863197256422,0.993234136451048
exact_proxy_rank4_fp32,pooled_router_square_compressed,729,1536,39,4,32,752.625,753.5,598.5,878.6000000000001,0.9947581070148794,0.9899099434275295
exact_proxy_rank4_fp32,pooled_router_square_compressed,729,1536,39,5,32,692.53125,721.5,576.0,756.2,0.994129090498296,0.9852678440048054
exact_proxy_rank4_fp32,pooled_router_square_compressed,729,1536,39,6,32,667.9375,664.0,576.0,774.7,0.9889190684433817,0.9700863523101413
exact_proxy_rank4_fp32,pooled_router_square_compressed,729,1536,39,7,32,609.5,594.0,439.6,749.0,0.9866122881264967,0.9731129313191448
exact_proxy_rank4_fp32,pooled_router_square_compressed,729,1536,39,8,32,525.15625,547.5,400.6,600.3000000000001,0.9753071771440103,0.9565331713924207
exact_proxy_rank4_fp32,uniform_per_expert,729,729,0,1,32,718.59375,729.0,724.2,729.0,0.999993348808335,0.9994842531733193
exact_proxy_rank4_fp32,uniform_per_expert,729,729,0,2,32,723.0625,729.0,724.3,729.0,0.9999650300601699,0.9979568018143502
exact_proxy_rank4_fp32,uniform_per_expert,729,729,0,3,32,728.53125,729.0,727.0,729.0,0.999898952338499,0.9991130801151514
exact_proxy_rank4_fp32,uniform_per_expert,729,729,0,4,32,728.8125,729.0,729.0,729.0,0.9999706683920289,0.9994452941830324
exact_proxy_rank4_fp32,uniform_per_expert,729,729,0,5,32,728.28125,729.0,727.0,729.0,0.9999711680271495,0.9986811613127412
exact_proxy_rank4_fp32,uniform_per_expert,729,729,0,6,32,727.28125,729.0,727.0,729.0,0.9999371549669671,0.9980708818850319
exact_proxy_rank4_fp32,uniform_per_expert,729,729,0,7,32,728.375,729.0,727.0,729.0,0.9999629404049952,0.9985238767151186
exact_proxy_rank4_fp32,uniform_per_expert,729,729,0,8,32,723.84375,729.0,727.0,729.0,0.9999686858769186,0.9980883561946519
exact_proxy_rank4_fp32,uniform_per_expert,729,729,4,1,32,728.90625,729.0,729.0,729.0,0.9947937747224417,0.9895529045026109
exact_proxy_rank4_fp32,uniform_per_expert,729,729,4,2,32,728.4375,729.0,729.0,729.0,0.9942417402370747,0.9874181989233053
exact_proxy_rank4_fp32,uniform_per_expert,729,729,4,3,32,728.875,729.0,729.0,729.0,0.9935520377591994,0.9894233270526528
exact_proxy_rank4_fp32,uniform_per_expert,729,729,4,4,32,728.5625,729.0,729.0,729.0,0.9944312853190065,0.9892483849496325
exact_proxy_rank4_fp32,uniform_per_expert,729,729,4,5,32,727.9375,729.0,724.0,729.0,0.9933497796437987,0.9887009886623442
exact_proxy_rank4_fp32,uniform_per_expert,729,729,4,6,32,729.0,729.0,729.0,729.0,0.993396509257934,0.9888163954367283
exact_proxy_rank4_fp32,uniform_per_expert,729,729,4,7,32,728.96875,729.0,729.0,729.0,0.9915466242309586,0.9875142358275532
exact_proxy_rank4_fp32,uniform_per_expert,729,729,4,8,32,728.25,729.0,729.0,729.0,0.9915997663387167,0.9870363315485147
exact_proxy_rank4_fp32,uniform_per_expert,729,729,20,1,32,728.59375,729.0,729.0,729.0,0.9921843098916342,0.9876614846693578
exact_proxy_rank4_fp32,uniform_per_expert,729,729,20,2,32,728.5,729.0,729.0,729.0,0.9951893089464783,0.986375412056789
exact_proxy_rank4_fp32,uniform_per_expert,729,729,20,3,32,728.46875,729.0,729.0,729.0,0.9934209024252199,0.9886193309442759
exact_proxy_rank4_fp32,uniform_per_expert,729,729,20,4,32,729.0,729.0,729.0,729.0,0.9920368215737845,0.9854553268012174
exact_proxy_rank4_fp32,uniform_per_expert,729,729,20,5,32,728.71875,729.0,729.0,729.0,0.9919438638692237,0.9876140876547166
exact_proxy_rank4_fp32,uniform_per_expert,729,729,20,6,32,728.96875,729.0,729.0,729.0,0.9901993065916141,0.9872879393539872
exact_proxy_rank4_fp32,uniform_per_expert,729,729,20,7,32,729.0,729.0,729.0,729.0,0.9922677240098405,0.9867391698729753
exact_proxy_rank4_fp32,uniform_per_expert,729,729,20,8,32,728.6875,729.0,729.0,729.0,0.9909841182950675,0.9863357725211677
exact_proxy_rank4_fp32,uniform_per_expert,729,729,39,1,32,728.96875,729.0,729.0,729.0,0.9973839216542154,0.9918570302442895
exact_proxy_rank4_fp32,uniform_per_expert,729,729,39,2,32,729.0,729.0,729.0,729.0,0.9967187128489251,0.9923120899902361
exact_proxy_rank4_fp32,uniform_per_expert,729,729,39,3,32,729.0,729.0,729.0,729.0,0.9957461276240371,0.991385604353164
exact_proxy_rank4_fp32,uniform_per_expert,729,729,39,4,32,728.09375,729.0,729.0,729.0,0.9943876041992747,0.9904984173663219
exact_proxy_rank4_fp32,uniform_per_expert,729,729,39,5,32,729.0,729.0,729.0,729.0,0.9937641942741386,0.9878240808393141
exact_proxy_rank4_fp32,uniform_per_expert,729,729,39,6,32,728.96875,729.0,729.0,729.0,0.99283979696641,0.9850373706597647
exact_proxy_rank4_fp32,uniform_per_expert,729,729,39,7,32,728.875,729.0,729.0,729.0,0.9939585529368333,0.9891258495559525
exact_proxy_rank4_fp32,uniform_per_expert,729,729,39,8,32,728.96875,729.0,729.0,729.0,0.9928529748594611,0.9852957711479036
matrix_free_joint_rank8_int4_per_row_hadamard,pooled_equal_weight_compressed,384,1536,0,1,32,389.625,385.0,259.6,524.8,0.9953352433610809,0.9847835663740977
matrix_free_joint_rank8_int4_per_row_hadamard,pooled_equal_weight_compressed,384,1536,0,2,32,401.46875,381.5,265.5,562.7,0.9954365416633402,0.976288266206919
matrix_free_joint_rank8_int4_per_row_hadamard,pooled_equal_weight_compressed,384,1536,0,3,32,392.84375,384.0,305.2,496.3,0.9928475767803173,0.9833296838245775
matrix_free_joint_rank8_int4_per_row_hadamard,pooled_equal_weight_compressed,384,1536,0,4,32,369.75,384.0,293.1,437.1,0.9934610707307399,0.9835743149842885
matrix_free_joint_rank8_int4_per_row_hadamard,pooled_equal_weight_compressed,384,1536,0,5,32,372.375,384.0,278.7,462.7,0.9918125476900306,0.9833169490993721
matrix_free_joint_rank8_int4_per_row_hadamard,pooled_equal_weight_compressed,384,1536,0,6,32,408.84375,384.0,324.8,546.2,0.9930583290705051,0.9833130473797786
matrix_free_joint_rank8_int4_per_row_hadamard,pooled_equal_weight_compressed,384,1536,0,7,32,370.96875,360.0,266.8,471.3,0.9923392609095099,0.9798932476243117
matrix_free_joint_rank8_int4_per_row_hadamard,pooled_equal_weight_compressed,384,1536,0,8,32,362.40625,341.0,264.3,482.8,0.9904372467529019,0.9777547612538164
matrix_free_joint_rank8_int4_per_row_hadamard,pooled_equal_weight_compressed,384,1536,4,1,32,400.875,384.0,336.4,489.50000000000006,0.970308516415231,0.9361879224523629
matrix_free_joint_rank8_int4_per_row_hadamard,pooled_equal_weight_compressed,384,1536,4,2,32,393.15625,384.0,344.1,455.0,0.9671822384509399,0.9338955486594936
matrix_free_joint_rank8_int4_per_row_hadamard,pooled_equal_weight_compressed,384,1536,4,3,32,410.96875,403.5,367.9,480.5,0.9681769052887986,0.9397743486184574
matrix_free_joint_rank8_int4_per_row_hadamard,pooled_equal_weight_compressed,384,1536,4,4,32,390.0,384.0,326.0,483.70000000000005,0.9703637407741004,0.9262189404050585
matrix_free_joint_rank8_int4_per_row_hadamard,pooled_equal_weight_compressed,384,1536,4,5,32,376.53125,384.0,316.1,429.8,0.953011319121098,0.9215014080578326
matrix_free_joint_rank8_int4_per_row_hadamard,pooled_equal_weight_compressed,384,1536,4,6,32,366.4375,381.5,299.0,410.70000000000005,0.9625596775863352,0.9283864569808883
matrix_free_joint_rank8_int4_per_row_hadamard,pooled_equal_weight_compressed,384,1536,4,7,32,380.0625,384.0,316.8,453.20000000000005,0.9423585669549994,0.9143440956248446
matrix_free_joint_rank8_int4_per_row_hadamard,pooled_equal_weight_compressed,384,1536,4,8,32,349.3125,384.0,270.9,390.6,0.9430521421617125,0.9139923295826125
matrix_free_joint_rank8_int4_per_row_hadamard,pooled_equal_weight_compressed,384,1536,20,1,32,377.4375,398.5,113.8,528.8000000000001,0.9548814104352005,0.9004929360898803
matrix_free_joint_rank8_int4_per_row_hadamard,pooled_equal_weight_compressed,384,1536,20,2,32,327.25,381.5,104.1,477.1000000000001,0.9502115461435452,0.857108289678772
matrix_free_joint_rank8_int4_per_row_hadamard,pooled_equal_weight_compressed,384,1536,20,3,32,379.0625,386.0,201.0,493.20000000000005,0.9679052578357177,0.9162161551482433
matrix_free_joint_rank8_int4_per_row_hadamard,pooled_equal_weight_compressed,384,1536,20,4,32,404.1875,384.0,306.1,502.3,0.9428228634852427,0.903980439259957
matrix_free_joint_rank8_int4_per_row_hadamard,pooled_equal_weight_compressed,384,1536,20,5,32,390.6875,391.0,277.2,500.9,0.9445971714442389,0.9006209823241693
matrix_free_joint_rank8_int4_per_row_hadamard,pooled_equal_weight_compressed,384,1536,20,6,32,390.75,384.0,325.6,502.70000000000005,0.9391848806850837,0.9059505480497606
matrix_free_joint_rank8_int4_per_row_hadamard,pooled_equal_weight_compressed,384,1536,20,7,32,402.5625,384.0,326.1,470.50000000000006,0.9473392623386198,0.9258581787509906
matrix_free_joint_rank8_int4_per_row_hadamard,pooled_equal_weight_compressed,384,1536,20,8,32,393.84375,384.0,295.1,528.9000000000001,0.9501246036844606,0.9034315991787736
matrix_free_joint_rank8_int4_per_row_hadamard,pooled_equal_weight_compressed,384,1536,39,1,32,381.375,384.0,264.7,505.40000000000003,0.9848251558876524,0.9215168966019261
matrix_free_joint_rank8_int4_per_row_hadamard,pooled_equal_weight_compressed,384,1536,39,2,32,406.25,389.0,272.1,576.0,0.9777695594719781,0.9542613049786592
matrix_free_joint_rank8_int4_per_row_hadamard,pooled_equal_weight_compressed,384,1536,39,3,32,401.75,396.5,259.9,570.7000000000002,0.9759938704632136,0.9114624568163509
matrix_free_joint_rank8_int4_per_row_hadamard,pooled_equal_weight_compressed,384,1536,39,4,32,411.5625,384.0,317.0,519.0,0.9713224437021581,0.9411848741861742
matrix_free_joint_rank8_int4_per_row_hadamard,pooled_equal_weight_compressed,384,1536,39,5,32,375.375,384.0,277.7,505.70000000000005,0.9676084872223252,0.8798832366761642
matrix_free_joint_rank8_int4_per_row_hadamard,pooled_equal_weight_compressed,384,1536,39,6,32,389.28125,384.0,268.7,497.90000000000003,0.9536835159216508,0.9137003770394226
matrix_free_joint_rank8_int4_per_row_hadamard,pooled_equal_weight_compressed,384,1536,39,7,32,365.3125,373.5,278.7,513.4000000000001,0.9598639452482531,0.9126699195549498
matrix_free_joint_rank8_int4_per_row_hadamard,pooled_equal_weight_compressed,384,1536,39,8,32,336.71875,365.0,202.5,448.4000000000001,0.9392721745346734,0.8765023472150553
matrix_free_joint_rank8_int4_per_row_hadamard,pooled_equal_weight_compressed,576,1536,0,1,32,584.75,569.5,404.9,738.2,0.9994218930557567,0.9982806100329982
matrix_free_joint_rank8_int4_per_row_hadamard,pooled_equal_weight_compressed,576,1536,0,2,32,594.28125,576.0,387.7,804.2,0.9994076906454572,0.9975181013208294
matrix_free_joint_rank8_int4_per_row_hadamard,pooled_equal_weight_compressed,576,1536,0,3,32,577.03125,576.0,461.7,729.0,0.9990530892148322,0.9963997137752866
matrix_free_joint_rank8_int4_per_row_hadamard,pooled_equal_weight_compressed,576,1536,0,4,32,562.84375,569.5,480.2,650.3000000000001,0.9988800299980689,0.9978445705853239
matrix_free_joint_rank8_int4_per_row_hadamard,pooled_equal_weight_compressed,576,1536,0,5,32,562.53125,576.0,440.8,725.3000000000001,0.9986752821079641,0.9971618115128267
matrix_free_joint_rank8_int4_per_row_hadamard,pooled_equal_weight_compressed,576,1536,0,6,32,591.125,576.0,449.1,797.6000000000001,0.9992128594856159,0.9973355026090042
matrix_free_joint_rank8_int4_per_row_hadamard,pooled_equal_weight_compressed,576,1536,0,7,32,563.625,561.0,396.5,729.0,0.9991320716709402,0.9959075274666517
matrix_free_joint_rank8_int4_per_row_hadamard,pooled_equal_weight_compressed,576,1536,0,8,32,569.1875,540.5,422.5,767.1,0.9989471784546348,0.9962507111573088
matrix_free_joint_rank8_int4_per_row_hadamard,pooled_equal_weight_compressed,576,1536,4,1,32,593.71875,576.0,535.6,681.9,0.9883974787096423,0.9727806384092179
matrix_free_joint_rank8_int4_per_row_hadamard,pooled_equal_weight_compressed,576,1536,4,2,32,596.6875,576.0,521.9,690.4,0.9881190097336299,0.9686876605811634
matrix_free_joint_rank8_int4_per_row_hadamard,pooled_equal_weight_compressed,576,1536,4,3,32,588.375,576.0,522.8,666.9,0.985145916781375,0.9727586315837642
matrix_free_joint_rank8_int4_per_row_hadamard,pooled_equal_weight_compressed,576,1536,4,4,32,573.4375,576.0,498.5,648.7,0.9875674785611077,0.9705301884781594
matrix_free_joint_rank8_int4_per_row_hadamard,pooled_equal_weight_compressed,576,1536,4,5,32,590.9375,576.0,564.2,666.6000000000001,0.9846933257126502,0.9704275556734955
matrix_free_joint_rank8_int4_per_row_hadamard,pooled_equal_weight_compressed,576,1536,4,6,32,557.03125,576.0,455.0,634.8,0.9856578793875684,0.9625236626928655
matrix_free_joint_rank8_int4_per_row_hadamard,pooled_equal_weight_compressed,576,1536,4,7,32,562.34375,576.0,497.1,625.8000000000001,0.977402561860417,0.9667731714856498
matrix_free_joint_rank8_int4_per_row_hadamard,pooled_equal_weight_compressed,576,1536,4,8,32,540.75,561.0,472.1,579.6,0.9781692351974709,0.9674080663308633
matrix_free_joint_rank8_int4_per_row_hadamard,pooled_equal_weight_compressed,576,1536,20,1,32,568.03125,609.0,212.3,727.3000000000001,0.9850060388202362,0.9640682798636576
matrix_free_joint_rank8_int4_per_row_hadamard,pooled_equal_weight_compressed,576,1536,20,2,32,503.03125,563.0,261.6,659.9000000000001,0.983471198604047,0.9369809206141335
matrix_free_joint_rank8_int4_per_row_hadamard,pooled_equal_weight_compressed,576,1536,20,3,32,560.25,576.0,329.4,723.9000000000001,0.9867258228107869,0.9681481932646422
matrix_free_joint_rank8_int4_per_row_hadamard,pooled_equal_weight_compressed,576,1536,20,4,32,602.84375,593.0,544.2,724.2,0.9855342737411656,0.963262949474195
matrix_free_joint_rank8_int4_per_row_hadamard,pooled_equal_weight_compressed,576,1536,20,5,32,602.46875,582.0,519.0,709.9,0.9833699055661412,0.9717491562472103
matrix_free_joint_rank8_int4_per_row_hadamard,pooled_equal_weight_compressed,576,1536,20,6,32,588.0,584.0,461.9,727.6,0.9834370102606884,0.9686161266599879
matrix_free_joint_rank8_int4_per_row_hadamard,pooled_equal_weight_compressed,576,1536,20,7,32,583.09375,576.0,505.6,675.4000000000001,0.9825361460800532,0.9627849129546493
matrix_free_joint_rank8_int4_per_row_hadamard,pooled_equal_weight_compressed,576,1536,20,8,32,596.46875,576.0,502.8,743.0000000000001,0.9795136745775046,0.9646626289558564
matrix_free_joint_rank8_int4_per_row_hadamard,pooled_equal_weight_compressed,576,1536,39,1,32,569.5625,576.0,384.3,705.8,0.9946908535676388,0.9594775829695896
matrix_free_joint_rank8_int4_per_row_hadamard,pooled_equal_weight_compressed,576,1536,39,2,32,594.34375,579.0,480.2,729.0,0.9932195867116741,0.9850361544338971
matrix_free_joint_rank8_int4_per_row_hadamard,pooled_equal_weight_compressed,576,1536,39,3,32,597.75,576.0,470.4,745.3000000000001,0.9908335745040138,0.9786174094253214
matrix_free_joint_rank8_int4_per_row_hadamard,pooled_equal_weight_compressed,576,1536,39,4,32,614.15625,613.5,496.5,729.0,0.98960160142964,0.9782057564689404
matrix_free_joint_rank8_int4_per_row_hadamard,pooled_equal_weight_compressed,576,1536,39,5,32,564.84375,576.0,475.0,655.3000000000001,0.9855934028468375,0.9702200223708288
matrix_free_joint_rank8_int4_per_row_hadamard,pooled_equal_weight_compressed,576,1536,39,6,32,575.53125,593.5,457.3,659.9,0.9855706014367823,0.9672898552144793
matrix_free_joint_rank8_int4_per_row_hadamard,pooled_equal_weight_compressed,576,1536,39,7,32,563.375,576.0,425.3,725.3000000000001,0.98456956594856,0.9699526626846295
matrix_free_joint_rank8_int4_per_row_hadamard,pooled_equal_weight_compressed,576,1536,39,8,32,524.8125,524.0,388.4,629.1000000000001,0.9811091100294664,0.9537770150864584
matrix_free_joint_rank8_int4_per_row_hadamard,pooled_equal_weight_compressed,749,1536,0,1,32,734.71875,726.0,524.0,965.0000000000001,0.9999759344172072,0.9997963518006221
matrix_free_joint_rank8_int4_per_row_hadamard,pooled_equal_weight_compressed,749,1536,0,2,32,780.34375,733.0,550.7,1095.0,0.9999705542355929,0.9998154843779227
matrix_free_joint_rank8_int4_per_row_hadamard,pooled_equal_weight_compressed,749,1536,0,3,32,756.125,760.0,609.1,923.7,0.9999627054428435,0.9995368927669311
matrix_free_joint_rank8_int4_per_row_hadamard,pooled_equal_weight_compressed,749,1536,0,4,32,732.90625,742.0,604.1,906.3000000000001,0.9999540261614862,0.9998155431179581
matrix_free_joint_rank8_int4_per_row_hadamard,pooled_equal_weight_compressed,749,1536,0,5,32,728.9375,714.0,576.0,952.0,0.9999289053701854,0.9996302319378519
matrix_free_joint_rank8_int4_per_row_hadamard,pooled_equal_weight_compressed,749,1536,0,6,32,762.25,758.5,574.2,956.0,0.9999560626161041,0.9998081327824839
matrix_free_joint_rank8_int4_per_row_hadamard,pooled_equal_weight_compressed,749,1536,0,7,32,745.96875,729.0,547.0,974.3000000000002,0.9999344747977954,0.9996221171427874
matrix_free_joint_rank8_int4_per_row_hadamard,pooled_equal_weight_compressed,749,1536,0,8,32,749.3125,729.0,532.2,980.0,0.9999295020491548,0.9995690219727598
matrix_free_joint_rank8_int4_per_row_hadamard,pooled_equal_weight_compressed,749,1536,4,1,32,769.03125,758.5,725.4,835.5,0.9963114538533095,0.9922488670402808
matrix_free_joint_rank8_int4_per_row_hadamard,pooled_equal_weight_compressed,749,1536,4,2,32,775.90625,768.0,729.0,833.9,0.9961147006759328,0.9910564286511339
matrix_free_joint_rank8_int4_per_row_hadamard,pooled_equal_weight_compressed,749,1536,4,3,32,744.75,751.0,670.4,795.9,0.9947973929479758,0.9892337513817873
matrix_free_joint_rank8_int4_per_row_hadamard,pooled_equal_weight_compressed,749,1536,4,4,32,758.09375,755.5,721.8,791.9,0.9953798152543564,0.9915415708074066
matrix_free_joint_rank8_int4_per_row_hadamard,pooled_equal_weight_compressed,749,1536,4,5,32,757.3125,768.0,680.4,843.7,0.9938960561692417,0.9864473729225542
matrix_free_joint_rank8_int4_per_row_hadamard,pooled_equal_weight_compressed,749,1536,4,6,32,732.34375,733.5,661.3,788.3000000000001,0.993220382858954,0.9877689983495382
matrix_free_joint_rank8_int4_per_row_hadamard,pooled_equal_weight_compressed,749,1536,4,7,32,736.0625,744.0,671.1,783.3000000000001,0.991252408850146,0.9858015276991993
matrix_free_joint_rank8_int4_per_row_hadamard,pooled_equal_weight_compressed,749,1536,4,8,32,715.78125,729.0,641.1,768.4,0.9919953312588613,0.9862749692497423
matrix_free_joint_rank8_int4_per_row_hadamard,pooled_equal_weight_compressed,749,1536,20,1,32,717.15625,767.5,416.3,845.1,0.993909220980209,0.9854864346073178
matrix_free_joint_rank8_int4_per_row_hadamard,pooled_equal_weight_compressed,749,1536,20,2,32,685.0,749.0,398.6,817.6,0.9936306528515895,0.9691309016243401
matrix_free_joint_rank8_int4_per_row_hadamard,pooled_equal_weight_compressed,749,1536,20,3,32,734.84375,761.0,519.6,847.8000000000001,0.9953072437025147,0.9879321433584906
matrix_free_joint_rank8_int4_per_row_hadamard,pooled_equal_weight_compressed,749,1536,20,4,32,776.84375,768.0,710.8,872.0,0.9940908827710123,0.9862874199598572
matrix_free_joint_rank8_int4_per_row_hadamard,pooled_equal_weight_compressed,749,1536,20,5,32,768.90625,761.5,690.5,855.3000000000001,0.9936676366521013,0.9871882208400969
matrix_free_joint_rank8_int4_per_row_hadamard,pooled_equal_weight_compressed,749,1536,20,6,32,768.90625,768.0,704.7,831.6,0.9937705211332357,0.9875897923446815
matrix_free_joint_rank8_int4_per_row_hadamard,pooled_equal_weight_compressed,749,1536,20,7,32,766.6875,749.0,711.9,872.2,0.993544142783985,0.9857906877953618
matrix_free_joint_rank8_int4_per_row_hadamard,pooled_equal_weight_compressed,749,1536,20,8,32,770.90625,761.5,693.4,895.3000000000001,0.9934115860254298,0.9863010251030274
matrix_free_joint_rank8_int4_per_row_hadamard,pooled_equal_weight_compressed,749,1536,39,1,32,749.5625,765.5,583.1,837.8,0.9982420738238194,0.9891344073632398
matrix_free_joint_rank8_int4_per_row_hadamard,pooled_equal_weight_compressed,749,1536,39,2,32,767.65625,768.0,680.4,903.8000000000001,0.9976150575738675,0.9932448393348121
matrix_free_joint_rank8_int4_per_row_hadamard,pooled_equal_weight_compressed,749,1536,39,3,32,762.6875,749.0,678.5,887.4000000000001,0.9965846506303133,0.9917558675053282
matrix_free_joint_rank8_int4_per_row_hadamard,pooled_equal_weight_compressed,749,1536,39,4,32,759.53125,768.0,688.9,837.2,0.9957856370931488,0.9932867209319388
matrix_free_joint_rank8_int4_per_row_hadamard,pooled_equal_weight_compressed,749,1536,39,5,32,748.0625,757.5,680.8,792.6,0.9950753139985152,0.9875748837666042
matrix_free_joint_rank8_int4_per_row_hadamard,pooled_equal_weight_compressed,749,1536,39,6,32,767.84375,762.5,706.5,874.8000000000001,0.9942266479090738,0.9887486636472337
matrix_free_joint_rank8_int4_per_row_hadamard,pooled_equal_weight_compressed,749,1536,39,7,32,726.6875,732.0,617.4,817.9,0.9938355587575363,0.9872965209953558
matrix_free_joint_rank8_int4_per_row_hadamard,pooled_equal_weight_compressed,749,1536,39,8,32,707.5,724.5,623.2,774.3000000000001,0.9926192268829903,0.9860016821144493
matrix_free_joint_rank8_int4_per_row_hadamard,pooled_equal_weight_compressed,768,1536,0,1,32,754.28125,739.0,560.1,965.0000000000001,0.9999848844011423,0.9998251551806743
matrix_free_joint_rank8_int4_per_row_hadamard,pooled_equal_weight_compressed,768,1536,0,2,32,792.75,748.5,533.6,1109.4,0.9999722283266786,0.9998596979712829
matrix_free_joint_rank8_int4_per_row_hadamard,pooled_equal_weight_compressed,768,1536,0,3,32,772.15625,766.5,621.3,955.5000000000001,0.9999784271486476,0.9997663876542914
matrix_free_joint_rank8_int4_per_row_hadamard,pooled_equal_weight_compressed,768,1536,0,4,32,749.03125,747.5,605.3,923.6,0.9999681455377867,0.9998155898532168
matrix_free_joint_rank8_int4_per_row_hadamard,pooled_equal_weight_compressed,768,1536,0,5,32,750.53125,728.0,607.7,966.6,0.9999638432625673,0.999740472189971
matrix_free_joint_rank8_int4_per_row_hadamard,pooled_equal_weight_compressed,768,1536,0,6,32,785.6875,775.5,583.7,978.5,0.9999696612997926,0.9998470577907427
matrix_free_joint_rank8_int4_per_row_hadamard,pooled_equal_weight_compressed,768,1536,0,7,32,761.46875,749.0,547.5,976.9000000000001,0.9999690320227552,0.9996350102442132
matrix_free_joint_rank8_int4_per_row_hadamard,pooled_equal_weight_compressed,768,1536,0,8,32,776.0,749.0,555.6,1036.3,0.9999613557705316,0.999703908904954
matrix_free_joint_rank8_int4_per_row_hadamard,pooled_equal_weight_compressed,768,1536,4,1,32,789.96875,769.0,732.8,846.0,0.9966197914793287,0.993298504617396
matrix_free_joint_rank8_int4_per_row_hadamard,pooled_equal_weight_compressed,768,1536,4,2,32,790.75,779.5,729.3,855.8000000000001,0.9961147006759328,0.9926169572962642
matrix_free_joint_rank8_int4_per_row_hadamard,pooled_equal_weight_compressed,768,1536,4,3,32,775.09375,768.0,729.0,825.5,0.9950894643723895,0.9901469498734117
matrix_free_joint_rank8_int4_per_row_hadamard,pooled_equal_weight_compressed,768,1536,4,4,32,778.1875,768.0,729.0,862.2,0.9959632667927749,0.9916337827830557
matrix_free_joint_rank8_int4_per_row_hadamard,pooled_equal_weight_compressed,768,1536,4,5,32,777.75,768.0,729.0,870.8000000000001,0.9945051049576071,0.9889190423170692
matrix_free_joint_rank8_int4_per_row_hadamard,pooled_equal_weight_compressed,768,1536,4,6,32,744.59375,749.0,667.1,807.9,0.9938901095512256,0.987689794935851
matrix_free_joint_rank8_int4_per_row_hadamard,pooled_equal_weight_compressed,768,1536,4,7,32,751.8125,749.0,672.1,864.3000000000001,0.9923730332393329,0.9869199057184189
matrix_free_joint_rank8_int4_per_row_hadamard,pooled_equal_weight_compressed,768,1536,4,8,32,733.6875,729.0,670.2,799.1,0.9923839659310709,0.9858683954578861
matrix_free_joint_rank8_int4_per_row_hadamard,pooled_equal_weight_compressed,768,1536,20,1,32,750.3125,798.0,416.3,889.5,0.9946277336856018,0.9856789250441728
matrix_free_joint_rank8_int4_per_row_hadamard,pooled_equal_weight_compressed,768,1536,20,2,32,696.5,758.5,386.5,878.2,0.9944151169398123,0.9724785899958479
matrix_free_joint_rank8_int4_per_row_hadamard,pooled_equal_weight_compressed,768,1536,20,3,32,760.0625,774.5,581.7,850.9,0.995923817167564,0.9903206352876964
matrix_free_joint_rank8_int4_per_row_hadamard,pooled_equal_weight_compressed,768,1536,20,4,32,789.25,768.0,711.0,877.6,0.9938451005074086,0.9865091196734002
matrix_free_joint_rank8_int4_per_row_hadamard,pooled_equal_weight_compressed,768,1536,20,5,32,780.15625,768.0,719.1,860.5,0.9939021448687321,0.9873594937021465
matrix_free_joint_rank8_int4_per_row_hadamard,pooled_equal_weight_compressed,768,1536,20,6,32,793.09375,768.0,729.0,936.7000000000002,0.9943459211511869,0.9894900934729451
matrix_free_joint_rank8_int4_per_row_hadamard,pooled_equal_weight_compressed,768,1536,20,7,32,776.9375,760.5,729.0,872.2,0.9936545680390292,0.9880006881152087
matrix_free_joint_rank8_int4_per_row_hadamard,pooled_equal_weight_compressed,768,1536,20,8,32,793.9375,768.0,706.0,908.2,0.9948373369108968,0.9863170556596798
matrix_free_joint_rank8_int4_per_row_hadamard,pooled_equal_weight_compressed,768,1536,39,1,32,765.25,769.0,644.3,898.7,0.998284487764571,0.9891344073632398
matrix_free_joint_rank8_int4_per_row_hadamard,pooled_equal_weight_compressed,768,1536,39,2,32,777.25,768.0,688.5,905.9,0.9974841277818672,0.9938780085268617
matrix_free_joint_rank8_int4_per_row_hadamard,pooled_equal_weight_compressed,768,1536,39,3,32,780.1875,752.5,684.5,905.2,0.9970405374324653,0.9922137064377107
matrix_free_joint_rank8_int4_per_row_hadamard,pooled_equal_weight_compressed,768,1536,39,4,32,794.53125,768.0,729.0,892.1,0.9968576597391963,0.9939507518433014
matrix_free_joint_rank8_int4_per_row_hadamard,pooled_equal_weight_compressed,768,1536,39,5,32,757.0625,749.0,706.3,826.6,0.9954461009091891,0.9873225409775068
matrix_free_joint_rank8_int4_per_row_hadamard,pooled_equal_weight_compressed,768,1536,39,6,32,792.65625,773.5,706.5,891.8000000000001,0.9946480597032152,0.9886402354742246
matrix_free_joint_rank8_int4_per_row_hadamard,pooled_equal_weight_compressed,768,1536,39,7,32,753.375,749.0,658.1,865.5,0.9951928384904878,0.988834614325977
matrix_free_joint_rank8_int4_per_row_hadamard,pooled_equal_weight_compressed,768,1536,39,8,32,721.0,746.5,623.8,787.8000000000001,0.9933792386127143,0.9860299748771291
matrix_free_joint_rank8_int4_per_row_hadamard,pooled_exact_combined_moe_oracle,384,1536,0,1,32,576.15625,515.5,401.6,793.1000000000001,0.9994414224296696,0.9964963858639387
matrix_free_joint_rank8_int4_per_row_hadamard,pooled_exact_combined_moe_oracle,384,1536,0,2,32,523.3125,512.5,373.2,765.5,0.9989337941933432,0.9922469937460915
matrix_free_joint_rank8_int4_per_row_hadamard,pooled_exact_combined_moe_oracle,384,1536,0,3,32,459.15625,461.5,364.6,575.8,0.996850783164703,0.9907187009025669
matrix_free_joint_rank8_int4_per_row_hadamard,pooled_exact_combined_moe_oracle,384,1536,0,4,32,383.6875,384.0,270.1,453.9,0.9934610707307399,0.9855026746927983
matrix_free_joint_rank8_int4_per_row_hadamard,pooled_exact_combined_moe_oracle,384,1536,0,5,32,338.25,340.0,237.4,440.5,0.9866220603871355,0.9752463090418784
matrix_free_joint_rank8_int4_per_row_hadamard,pooled_exact_combined_moe_oracle,384,1536,0,6,32,324.625,334.0,223.2,408.6,0.9842324401384188,0.9567275793142667
matrix_free_joint_rank8_int4_per_row_hadamard,pooled_exact_combined_moe_oracle,384,1536,0,7,32,242.875,247.0,134.3,361.50000000000006,0.9743259474452509,0.925518302432156
matrix_free_joint_rank8_int4_per_row_hadamard,pooled_exact_combined_moe_oracle,384,1536,0,8,32,218.53125,205.5,111.7,352.8,0.9640349455859412,0.924581255673573
matrix_free_joint_rank8_int4_per_row_hadamard,pooled_exact_combined_moe_oracle,384,1536,4,1,32,752.40625,749.0,582.0,896.4000000000001,0.9961067315897352,0.9875264541591616
matrix_free_joint_rank8_int4_per_row_hadamard,pooled_exact_combined_moe_oracle,384,1536,4,2,32,641.96875,614.5,548.0,768.0,0.9888734109623615,0.9764174846847575
matrix_free_joint_rank8_int4_per_row_hadamard,pooled_exact_combined_moe_oracle,384,1536,4,3,32,486.34375,454.0,384.0,584.1,0.9792208802650072,0.9433887745314936
matrix_free_joint_rank8_int4_per_row_hadamard,pooled_exact_combined_moe_oracle,384,1536,4,4,32,401.40625,384.0,299.9,529.3000000000001,0.9703021584671079,0.9262189404050585
matrix_free_joint_rank8_int4_per_row_hadamard,pooled_exact_combined_moe_oracle,384,1536,4,5,32,296.96875,302.5,165.0,384.0,0.9369095055146616,0.8224444290559731
matrix_free_joint_rank8_int4_per_row_hadamard,pooled_exact_combined_moe_oracle,384,1536,4,6,32,225.8125,226.5,114.3,374.0000000000001,0.8919869753211465,0.8241152985692701
matrix_free_joint_rank8_int4_per_row_hadamard,pooled_exact_combined_moe_oracle,384,1536,4,7,32,154.0,134.0,73.5,231.40000000000003,0.8432007904457952,0.6472503146760668
matrix_free_joint_rank8_int4_per_row_hadamard,pooled_exact_combined_moe_oracle,384,1536,4,8,32,105.75,70.5,38.1,228.30000000000004,0.7866583114188302,0.5411738313166343
matrix_free_joint_rank8_int4_per_row_hadamard,pooled_exact_combined_moe_oracle,384,1536,20,1,32,706.6875,739.0,400.8,939.0,0.9935273966236895,0.9646888033136564
matrix_free_joint_rank8_int4_per_row_hadamard,pooled_exact_combined_moe_oracle,384,1536,20,2,32,483.78125,549.0,299.3,612.7,0.9797440221762795,0.9238448493768492
matrix_free_joint_rank8_int4_per_row_hadamard,pooled_exact_combined_moe_oracle,384,1536,20,3,32,476.15625,495.0,360.9,585.0,0.9715640526240685,0.9408321522482161
matrix_free_joint_rank8_int4_per_row_hadamard,pooled_exact_combined_moe_oracle,384,1536,20,4,32,386.875,384.0,276.9,488.8,0.9477240653224192,0.8812136407936748
matrix_free_joint_rank8_int4_per_row_hadamard,pooled_exact_combined_moe_oracle,384,1536,20,5,32,307.21875,300.5,186.6,409.1,0.9321458269428542,0.8738906303481736
matrix_free_joint_rank8_int4_per_row_hadamard,pooled_exact_combined_moe_oracle,384,1536,20,6,32,278.625,267.0,156.1,384.0,0.9205787314740952,0.8309194664447844
matrix_free_joint_rank8_int4_per_row_hadamard,pooled_exact_combined_moe_oracle,384,1536,20,7,32,223.21875,206.0,117.4,352.80000000000007,0.8794010795933609,0.7868521327800412
matrix_free_joint_rank8_int4_per_row_hadamard,pooled_exact_combined_moe_oracle,384,1536,20,8,32,205.0,195.0,75.3,309.8,0.8768211030856916,0.7395770218621687
matrix_free_joint_rank8_int4_per_row_hadamard,pooled_exact_combined_moe_oracle,384,1536,39,1,32,592.21875,583.0,387.6,768.0,0.994997514763311,0.9723791562139128
matrix_free_joint_rank8_int4_per_row_hadamard,pooled_exact_combined_moe_oracle,384,1536,39,2,32,511.5,537.0,384.0,631.7,0.987369861071522,0.9713091728703548
matrix_free_joint_rank8_int4_per_row_hadamard,pooled_exact_combined_moe_oracle,384,1536,39,3,32,494.0,473.5,384.0,639.5,0.9863463599486146,0.9450003945607712
matrix_free_joint_rank8_int4_per_row_hadamard,pooled_exact_combined_moe_oracle,384,1536,39,4,32,412.3125,409.5,244.8,576.0,0.9716234085889885,0.9337283052528523
matrix_free_joint_rank8_int4_per_row_hadamard,pooled_exact_combined_moe_oracle,384,1536,39,5,32,329.65625,329.0,224.6,423.0000000000001,0.9507596366129187,0.8757627409763333
matrix_free_joint_rank8_int4_per_row_hadamard,pooled_exact_combined_moe_oracle,384,1536,39,6,32,291.0,271.5,184.9,396.6,0.9244084397933261,0.8067536359303206
matrix_free_joint_rank8_int4_per_row_hadamard,pooled_exact_combined_moe_oracle,384,1536,39,7,32,251.34375,253.5,137.5,382.50000000000006,0.9381530790681734,0.8525490863214816
matrix_free_joint_rank8_int4_per_row_hadamard,pooled_exact_combined_moe_oracle,384,1536,39,8,32,183.6875,172.0,81.0,319.1000000000001,0.8683932049585628,0.7625746776383199
matrix_free_joint_rank8_int4_per_row_hadamard,pooled_exact_combined_moe_oracle,576,1536,0,1,32,701.6875,644.0,496.2,956.4000000000001,0.9999575940873495,0.9993271727761909
matrix_free_joint_rank8_int4_per_row_hadamard,pooled_exact_combined_moe_oracle,576,1536,0,2,32,699.53125,679.0,491.4,923.8000000000001,0.9998819450339883,0.9994342858057595
matrix_free_joint_rank8_int4_per_row_hadamard,pooled_exact_combined_moe_oracle,576,1536,0,3,32,639.71875,627.5,512.0,765.1,0.9996156405841476,0.9984801175852316
matrix_free_joint_rank8_int4_per_row_hadamard,pooled_exact_combined_moe_oracle,576,1536,0,4,32,580.78125,592.0,430.5,683.0,0.9992178718878375,0.997894512326988
matrix_free_joint_rank8_int4_per_row_hadamard,pooled_exact_combined_moe_oracle,576,1536,0,5,32,539.0,554.5,403.2,666.4000000000001,0.9986398377026163,0.9964017820441704
matrix_free_joint_rank8_int4_per_row_hadamard,pooled_exact_combined_moe_oracle,576,1536,0,6,32,535.59375,517.0,385.4,724.3000000000001,0.9984069448571733,0.9937056939997356
matrix_free_joint_rank8_int4_per_row_hadamard,pooled_exact_combined_moe_oracle,576,1536,0,7,32,470.15625,459.5,290.2,576.0,0.9970702864470611,0.9873574395755609
matrix_free_joint_rank8_int4_per_row_hadamard,pooled_exact_combined_moe_oracle,576,1536,0,8,32,437.09375,415.0,299.3,623.8000000000001,0.994853246848592,0.9879078825905606
matrix_free_joint_rank8_int4_per_row_hadamard,pooled_exact_combined_moe_oracle,576,1536,4,1,32,947.71875,958.5,807.6,1071.4,0.9987368675609618,0.9966054616734823
matrix_free_joint_rank8_int4_per_row_hadamard,pooled_exact_combined_moe_oracle,576,1536,4,2,32,855.78125,854.5,749.0,989.9000000000001,0.9974282555477723,0.9914478692449701
matrix_free_joint_rank8_int4_per_row_hadamard,pooled_exact_combined_moe_oracle,576,1536,4,3,32,696.0625,729.0,576.0,768.0,0.9927115321886358,0.9850150749274338
matrix_free_joint_rank8_int4_per_row_hadamard,pooled_exact_combined_moe_oracle,576,1536,4,4,32,611.21875,576.0,504.0,747.0,0.9884045592122954,0.9717041730149205
matrix_free_joint_rank8_int4_per_row_hadamard,pooled_exact_combined_moe_oracle,576,1536,4,5,32,525.59375,571.5,374.1,617.3000000000001,0.9789710606988871,0.9319152719582715
matrix_free_joint_rank8_int4_per_row_hadamard,pooled_exact_combined_moe_oracle,576,1536,4,6,32,408.75,384.0,288.6,556.2,0.9651991410557005,0.9331959876660886
matrix_free_joint_rank8_int4_per_row_hadamard,pooled_exact_combined_moe_oracle,576,1536,4,7,32,326.71875,327.5,230.1,396.0,0.9276823641989931,0.8752991425344053
matrix_free_joint_rank8_int4_per_row_hadamard,pooled_exact_combined_moe_oracle,576,1536,4,8,32,230.15625,208.0,116.7,381.8,0.8926866550257035,0.7547900670900156
matrix_free_joint_rank8_int4_per_row_hadamard,pooled_exact_combined_moe_oracle,576,1536,20,1,32,885.375,904.5,749.0,1123.1000000000001,0.9978326233205821,0.9905012025983656
matrix_free_joint_rank8_int4_per_row_hadamard,pooled_exact_combined_moe_oracle,576,1536,20,2,32,666.65625,729.0,438.2,771.6,0.9918408473238749,0.9754637123212753
matrix_free_joint_rank8_int4_per_row_hadamard,pooled_exact_combined_moe_oracle,576,1536,20,3,32,671.15625,707.0,557.1,766.1,0.992813780109074,0.9687814627388588
matrix_free_joint_rank8_int4_per_row_hadamard,pooled_exact_combined_moe_oracle,576,1536,20,4,32,577.875,576.0,488.8,702.4000000000001,0.9852626215281675,0.9635696371298865
matrix_free_joint_rank8_int4_per_row_hadamard,pooled_exact_combined_moe_oracle,576,1536,20,5,32,530.9375,574.5,421.0,589.7,0.9737261504803029,0.9591707562013536
matrix_free_joint_rank8_int4_per_row_hadamard,pooled_exact_combined_moe_oracle,576,1536,20,6,32,466.25,482.5,341.4,576.0,0.9706879541655794,0.9266648277816786
matrix_free_joint_rank8_int4_per_row_hadamard,pooled_exact_combined_moe_oracle,576,1536,20,7,32,427.5,421.5,327.8,555.7,0.9630219088418803,0.9273659779300211
matrix_free_joint_rank8_int4_per_row_hadamard,pooled_exact_combined_moe_oracle,576,1536,20,8,32,377.59375,384.0,324.3,456.8,0.9426813236304847,0.921519915424586
matrix_free_joint_rank8_int4_per_row_hadamard,pooled_exact_combined_moe_oracle,576,1536,39,1,32,796.625,749.0,583.1,1014.8000000000001,0.9985555754818483,0.9891707706296125
matrix_free_joint_rank8_int4_per_row_hadamard,pooled_exact_combined_moe_oracle,576,1536,39,2,32,712.71875,735.0,576.0,889.2,0.9957208405399725,0.9906136902241038
matrix_free_joint_rank8_int4_per_row_hadamard,pooled_exact_combined_moe_oracle,576,1536,39,3,32,660.03125,651.0,497.40000000000003,766.1,0.9941951296268527,0.9817277063544809
matrix_free_joint_rank8_int4_per_row_hadamard,pooled_exact_combined_moe_oracle,576,1536,39,4,32,602.34375,599.5,401.3,766.1,0.9874960866667661,0.9777704097734851
matrix_free_joint_rank8_int4_per_row_hadamard,pooled_exact_combined_moe_oracle,576,1536,39,5,32,530.03125,519.0,410.0,630.4,0.9852267154037042,0.9433509886510157
matrix_free_joint_rank8_int4_per_row_hadamard,pooled_exact_combined_moe_oracle,576,1536,39,6,32,496.34375,480.0,381.3,645.9,0.9710890960247249,0.9348156106113721
matrix_free_joint_rank8_int4_per_row_hadamard,pooled_exact_combined_moe_oracle,576,1536,39,7,32,437.78125,457.5,284.1,576.0,0.9730009884217711,0.9152793578036159
matrix_free_joint_rank8_int4_per_row_hadamard,pooled_exact_combined_moe_oracle,576,1536,39,8,32,365.78125,381.0,254.7,468.40000000000003,0.9421313571715527,0.8932706140327648
matrix_free_joint_rank8_int4_per_row_hadamard,pooled_exact_combined_moe_oracle,749,1536,0,1,32,819.40625,748.5,600.7,1147.9,0.9999982318547669,0.9999568179262309
matrix_free_joint_rank8_int4_per_row_hadamard,pooled_exact_combined_moe_oracle,749,1536,0,2,32,830.625,768.0,583.8,1146.3000000000002,0.9999937755730379,0.9999367172973113
matrix_free_joint_rank8_int4_per_row_hadamard,pooled_exact_combined_moe_oracle,749,1536,0,3,32,794.71875,787.0,592.5,978.2,0.9999856203128075,0.9998575753745407
matrix_free_joint_rank8_int4_per_row_hadamard,pooled_exact_combined_moe_oracle,749,1536,0,4,32,746.0,748.0,607.4,909.9,0.9999655709489552,0.9998155898532168
matrix_free_joint_rank8_int4_per_row_hadamard,pooled_exact_combined_moe_oracle,749,1536,0,5,32,720.25,724.5,556.2,919.1,0.9999451521855424,0.9994745256184517
matrix_free_joint_rank8_int4_per_row_hadamard,pooled_exact_combined_moe_oracle,749,1536,0,6,32,727.9375,739.0,545.8,931.5000000000001,0.9998655476494469,0.9996627720046444
matrix_free_joint_rank8_int4_per_row_hadamard,pooled_exact_combined_moe_oracle,749,1536,0,7,32,680.6875,676.5,498.1,852.9,0.9998224693837181,0.9986683009363794
matrix_free_joint_rank8_int4_per_row_hadamard,pooled_exact_combined_moe_oracle,749,1536,0,8,32,670.5,628.0,502.2,946.8000000000001,0.9997061365602833,0.9988791063439748
matrix_free_joint_rank8_int4_per_row_hadamard,pooled_exact_combined_moe_oracle,749,1536,4,1,32,1083.375,1092.0,975.5,1152.0,0.9996346658055904,0.9988047998049755
matrix_free_joint_rank8_int4_per_row_hadamard,pooled_exact_combined_moe_oracle,749,1536,4,2,32,1008.3125,1000.0,917.9,1125.5,0.9991827224769858,0.9977407435144331
matrix_free_joint_rank8_int4_per_row_hadamard,pooled_exact_combined_moe_oracle,749,1536,4,3,32,870.875,875.0,750.9,1020.1,0.9975758645748773,0.9943243178769136
matrix_free_joint_rank8_int4_per_row_hadamard,pooled_exact_combined_moe_oracle,749,1536,4,4,32,766.15625,768.0,660.3,872.0,0.9953786861997158,0.9875883646035464
matrix_free_joint_rank8_int4_per_row_hadamard,pooled_exact_combined_moe_oracle,749,1536,4,5,32,716.65625,729.0,611.6,769.8,0.9930418665975502,0.9826525253472911
matrix_free_joint_rank8_int4_per_row_hadamard,pooled_exact_combined_moe_oracle,749,1536,4,6,32,604.34375,576.0,463.1,766.9,0.986587820469856,0.9720270655515324
matrix_free_joint_rank8_int4_per_row_hadamard,pooled_exact_combined_moe_oracle,749,1536,4,7,32,505.8125,497.5,395.6,605.3000000000001,0.9718813862389755,0.9385409474452951
matrix_free_joint_rank8_int4_per_row_hadamard,pooled_exact_combined_moe_oracle,749,1536,4,8,32,429.375,392.5,290.1,575.1,0.9660956775604059,0.9149618179940441
matrix_free_joint_rank8_int4_per_row_hadamard,pooled_exact_combined_moe_oracle,749,1536,20,1,32,1012.71875,1057.0,850.8,1151.8,0.9991319652675008,0.9964657741255134
matrix_free_joint_rank8_int4_per_row_hadamard,pooled_exact_combined_moe_oracle,749,1536,20,2,32,845.53125,884.0,730.9,974.2,0.9977336917190075,0.9930189097433161
matrix_free_joint_rank8_int4_per_row_hadamard,pooled_exact_combined_moe_oracle,749,1536,20,3,32,837.9375,824.5,731.0,947.9,0.9972227052200675,0.9899923477811918
matrix_free_joint_rank8_int4_per_row_hadamard,pooled_exact_combined_moe_oracle,749,1536,20,4,32,755.0,749.0,675.9,872.0,0.9936255282651076,0.9870171432746881
matrix_free_joint_rank8_int4_per_row_hadamard,pooled_exact_combined_moe_oracle,749,1536,20,5,32,706.0,735.0,576.0,768.0,0.9915473006193929,0.9825415243082251
matrix_free_joint_rank8_int4_per_row_hadamard,pooled_exact_combined_moe_oracle,749,1536,20,6,32,655.03125,686.0,562.5,749.0,0.9875580510216215,0.9773496001709863
matrix_free_joint_rank8_int4_per_row_hadamard,pooled_exact_combined_moe_oracle,749,1536,20,7,32,613.125,594.0,529.9,747.0,0.9858400178252008,0.9703075863461145
matrix_free_joint_rank8_int4_per_row_hadamard,pooled_exact_combined_moe_oracle,749,1536,20,8,32,561.96875,576.0,475.2,658.7,0.9789353701617141,0.9656080644474855
matrix_free_joint_rank8_int4_per_row_hadamard,pooled_exact_combined_moe_oracle,749,1536,39,1,32,941.875,934.5,770.0,1121.0,0.9994636641860317,0.9967605979176799
matrix_free_joint_rank8_int4_per_row_hadamard,pooled_exact_combined_moe_oracle,749,1536,39,2,32,882.65625,887.0,768.0,1004.6,0.9987048055169279,0.9950648624058939
matrix_free_joint_rank8_int4_per_row_hadamard,pooled_exact_combined_moe_oracle,749,1536,39,3,32,825.78125,811.0,729.0,993.4000000000001,0.9975788972027132,0.992679742952479
matrix_free_joint_rank8_int4_per_row_hadamard,pooled_exact_combined_moe_oracle,749,1536,39,4,32,775.375,759.0,667.1,899.9,0.9953570140860803,0.9930452417298605
matrix_free_joint_rank8_int4_per_row_hadamard,pooled_exact_combined_moe_oracle,749,1536,39,5,32,705.40625,729.0,576.2,768.0,0.9944753170824447,0.9821449070338266
matrix_free_joint_rank8_int4_per_row_hadamard,pooled_exact_combined_moe_oracle,749,1536,39,6,32,676.1875,666.0,576.0,784.8000000000001,0.9883882354981383,0.9724447076051849
matrix_free_joint_rank8_int4_per_row_hadamard,pooled_exact_combined_moe_oracle,749,1536,39,7,32,629.71875,615.0,489.9,768.0,0.988647449051993,0.9723717228899597
matrix_free_joint_rank8_int4_per_row_hadamard,pooled_exact_combined_moe_oracle,749,1536,39,8,32,549.5,572.0,433.4,616.8000000000001,0.9817709737252938,0.9554879701720757
matrix_free_joint_rank8_int4_per_row_hadamard,pooled_exact_combined_moe_oracle,768,1536,0,1,32,840.5625,758.5,602.7,1150.0,0.9999988940958939,0.9999648094247388
matrix_free_joint_rank8_int4_per_row_hadamard,pooled_exact_combined_moe_oracle,768,1536,0,2,32,838.96875,789.0,590.3,1146.3000000000002,0.9999960342821864,0.9999367172973113
matrix_free_joint_rank8_int4_per_row_hadamard,pooled_exact_combined_moe_oracle,768,1536,0,3,32,804.9375,808.5,622.3,972.5,0.9999877930039504,0.999933839392455
matrix_free_joint_rank8_int4_per_row_hadamard,pooled_exact_combined_moe_oracle,768,1536,0,4,32,764.75,768.0,638.6,923.6,0.9999764655332517,0.9998897932288194
matrix_free_joint_rank8_int4_per_row_hadamard,pooled_exact_combined_moe_oracle,768,1536,0,5,32,734.3125,728.0,568.0,939.1,0.9999414803604307,0.9996093909590982
matrix_free_joint_rank8_int4_per_row_hadamard,pooled_exact_combined_moe_oracle,768,1536,0,6,32,753.90625,748.5,574.2,956.0,0.999949936973805,0.9995828500281547
matrix_free_joint_rank8_int4_per_row_hadamard,pooled_exact_combined_moe_oracle,768,1536,0,7,32,707.8125,700.5,499.1,947.0000000000001,0.9998351116663702,0.9992539663449593
matrix_free_joint_rank8_int4_per_row_hadamard,pooled_exact_combined_moe_oracle,768,1536,0,8,32,695.46875,656.0,503.2,951.0,0.9998258637290697,0.9989521314507275
matrix_free_joint_rank8_int4_per_row_hadamard,pooled_exact_combined_moe_oracle,768,1536,4,1,32,1098.71875,1122.5,975.5,1180.4,0.9996758848210878,0.9989203633695074
matrix_free_joint_rank8_int4_per_row_hadamard,pooled_exact_combined_moe_oracle,768,1536,4,2,32,1016.5625,1012.0,927.8,1136.8,0.9992289400842117,0.9977745892157628
matrix_free_joint_rank8_int4_per_row_hadamard,pooled_exact_combined_moe_oracle,768,1536,4,3,32,885.40625,884.0,768.0,1034.5,0.9977556304337514,0.9943243178769136
matrix_free_joint_rank8_int4_per_row_hadamard,pooled_exact_combined_moe_oracle,768,1536,4,4,32,801.3125,768.0,731.0,911.6,0.9962569096879735,0.991606752228811
matrix_free_joint_rank8_int4_per_row_hadamard,pooled_exact_combined_moe_oracle,768,1536,4,5,32,718.15625,719.5,621.0,793.8000000000001,0.9926544737407089,0.985196346728633
matrix_free_joint_rank8_int4_per_row_hadamard,pooled_exact_combined_moe_oracle,768,1536,4,6,32,643.0625,647.0,530.6,766.9,0.9882488313671924,0.9743243013911829
matrix_free_joint_rank8_int4_per_row_hadamard,pooled_exact_combined_moe_oracle,768,1536,4,7,32,527.125,524.0,404.6,608.7,0.9748567985944072,0.9379580003532504
matrix_free_joint_rank8_int4_per_row_hadamard,pooled_exact_combined_moe_oracle,768,1536,4,8,32,449.84375,436.0,352.5,576.0,0.9706731480292197,0.9167133239942342
matrix_free_joint_rank8_int4_per_row_hadamard,pooled_exact_combined_moe_oracle,768,1536,20,1,32,1040.84375,1069.5,924.8,1177.2,0.9994303885095446,0.9969679803244222
matrix_free_joint_rank8_int4_per_row_hadamard,pooled_exact_combined_moe_oracle,768,1536,20,2,32,865.46875,887.5,730.0,973.0000000000001,0.9981537971257262,0.9930719431415487
matrix_free_joint_rank8_int4_per_row_hadamard,pooled_exact_combined_moe_oracle,768,1536,20,3,32,858.46875,867.5,768.0,969.6,0.9972784380666926,0.9901974616492518
matrix_free_joint_rank8_int4_per_row_hadamard,pooled_exact_combined_moe_oracle,768,1536,20,4,32,767.4375,768.0,709.0,873.9,0.9941202026451995,0.9862874199598572
matrix_free_joint_rank8_int4_per_row_hadamard,pooled_exact_combined_moe_oracle,768,1536,20,5,32,723.3125,749.0,631.1,769.8,0.9917062393557875,0.9862486269692867
matrix_free_joint_rank8_int4_per_row_hadamard,pooled_exact_combined_moe_oracle,768,1536,20,6,32,676.4375,710.0,576.0,766.4000000000001,0.9886430074412074,0.9779099261195234
matrix_free_joint_rank8_int4_per_row_hadamard,pooled_exact_combined_moe_oracle,768,1536,20,7,32,619.59375,599.5,529.9,747.0,0.9860055064258659,0.9703474683803816
matrix_free_joint_rank8_int4_per_row_hadamard,pooled_exact_combined_moe_oracle,768,1536,20,8,32,588.34375,576.0,485.1,714.8000000000001,0.9826570128902047,0.966891988831576
matrix_free_joint_rank8_int4_per_row_hadamard,pooled_exact_combined_moe_oracle,768,1536,39,1,32,946.0625,963.0,769.5,1146.9,0.9995347523616968,0.9953712579560485
matrix_free_joint_rank8_int4_per_row_hadamard,pooled_exact_combined_moe_oracle,768,1536,39,2,32,881.34375,887.0,768.0,1014.0,0.9987539493196758,0.9950655693424841
matrix_free_joint_rank8_int4_per_row_hadamard,pooled_exact_combined_moe_oracle,768,1536,39,3,32,838.90625,824.5,749.0,993.4000000000001,0.9977432523606712,0.9930740155367004
matrix_free_joint_rank8_int4_per_row_hadamard,pooled_exact_combined_moe_oracle,768,1536,39,4,32,794.0,764.5,686.5,929.8,0.9957429462590469,0.9930505997062334
matrix_free_joint_rank8_int4_per_row_hadamard,pooled_exact_combined_moe_oracle,768,1536,39,5,32,730.0625,747.5,642.1,798.9000000000001,0.9949597247452902,0.985902710638987
matrix_free_joint_rank8_int4_per_row_hadamard,pooled_exact_combined_moe_oracle,768,1536,39,6,32,712.90625,739.0,580.9,797.4,0.9921892165217492,0.984762639082086
matrix_free_joint_rank8_int4_per_row_hadamard,pooled_exact_combined_moe_oracle,768,1536,39,7,32,655.75,675.5,497.7,762.5,0.9907297678297537,0.984153993423094
matrix_free_joint_rank8_int4_per_row_hadamard,pooled_exact_combined_moe_oracle,768,1536,39,8,32,578.46875,576.0,432.5,723.8000000000001,0.986325582889424,0.9620301747719816
matrix_free_joint_rank8_int4_per_row_hadamard,pooled_router_square_compressed,384,768,0,1,32,568.25,542.5,392.0,768.0,0.9992898041362022,0.996429352795762
matrix_free_joint_rank8_int4_per_row_hadamard,pooled_router_square_compressed,384,768,0,2,32,514.5625,491.5,373.0,749.0,0.9985052776179149,0.9922469937460915
matrix_free_joint_rank8_int4_per_row_hadamard,pooled_router_square_compressed,384,768,0,3,32,466.8125,476.0,362.2,583.2,0.9973449543103707,0.9904769774410779
matrix_free_joint_rank8_int4_per_row_hadamard,pooled_router_square_compressed,384,768,0,4,32,386.4375,384.0,306.3,456.7,0.9935303393075787,0.9839194015159404
matrix_free_joint_rank8_int4_per_row_hadamard,pooled_router_square_compressed,384,768,0,5,32,339.78125,337.0,237.4,452.70000000000005,0.9866220603871355,0.9732010393642889
matrix_free_joint_rank8_int4_per_row_hadamard,pooled_router_square_compressed,384,768,0,6,32,324.34375,334.0,223.2,408.6,0.9845139964647871,0.95389636158153
matrix_free_joint_rank8_int4_per_row_hadamard,pooled_router_square_compressed,384,768,0,7,32,249.75,249.5,148.2,361.50000000000006,0.9755874547546748,0.9244863941775434
matrix_free_joint_rank8_int4_per_row_hadamard,pooled_router_square_compressed,384,768,0,8,32,216.6875,202.0,111.7,352.8,0.9640349455859412,0.924581255673573
matrix_free_joint_rank8_int4_per_row_hadamard,pooled_router_square_compressed,384,768,4,1,32,718.3125,753.5,582.0,768.0,0.9940545432080254,0.9875264541591616
matrix_free_joint_rank8_int4_per_row_hadamard,pooled_router_square_compressed,384,768,4,2,32,640.25,625.5,567.0,748.2,0.9906121735852964,0.9764174846847575
matrix_free_joint_rank8_int4_per_row_hadamard,pooled_router_square_compressed,384,768,4,3,32,506.96875,508.0,384.0,629.1000000000001,0.9793575193503087,0.9433887745314936
matrix_free_joint_rank8_int4_per_row_hadamard,pooled_router_square_compressed,384,768,4,4,32,403.5,384.0,297.4,503.1,0.9704931235980946,0.9171314379067856
matrix_free_joint_rank8_int4_per_row_hadamard,pooled_router_square_compressed,384,768,4,5,32,299.5,302.5,184.2,384.0,0.9392686967453922,0.8224444290559731
matrix_free_joint_rank8_int4_per_row_hadamard,pooled_router_square_compressed,384,768,4,6,32,237.96875,234.5,140.4,383.5,0.9093105202426025,0.8058085906924195
matrix_free_joint_rank8_int4_per_row_hadamard,pooled_router_square_compressed,384,768,4,7,32,145.75,129.0,78.6,207.90000000000003,0.8328616925925338,0.6524317442694851
matrix_free_joint_rank8_int4_per_row_hadamard,pooled_router_square_compressed,384,768,4,8,32,114.65625,96.5,43.7,211.20000000000005,0.8087459500920555,0.6180089802002289
matrix_free_joint_rank8_int4_per_row_hadamard,pooled_router_square_compressed,384,768,20,1,32,663.96875,749.0,471.7,768.0,0.9918860453911663,0.9705380836951499
matrix_free_joint_rank8_int4_per_row_hadamard,pooled_router_square_compressed,384,768,20,2,32,493.71875,549.0,305.4,612.7,0.9805043151052912,0.9341353478122786
matrix_free_joint_rank8_int4_per_row_hadamard,pooled_router_square_compressed,384,768,20,3,32,488.6875,490.0,345.8,636.5,0.9723219747689411,0.9353183777851654
matrix_free_joint_rank8_int4_per_row_hadamard,pooled_router_square_compressed,384,768,20,4,32,392.6875,384.0,295.1,517.0000000000001,0.9472508554643015,0.911591733529491
matrix_free_joint_rank8_int4_per_row_hadamard,pooled_router_square_compressed,384,768,20,5,32,321.46875,330.0,234.4,394.7,0.9389195182310965,0.8765466559264349
matrix_free_joint_rank8_int4_per_row_hadamard,pooled_router_square_compressed,384,768,20,6,32,287.125,314.0,156.1,384.0,0.9205787314740952,0.8309194664447844
matrix_free_joint_rank8_int4_per_row_hadamard,pooled_router_square_compressed,384,768,20,7,32,223.25,206.0,117.4,329.9000000000001,0.8794010795933609,0.7865406304225088
matrix_free_joint_rank8_int4_per_row_hadamard,pooled_router_square_compressed,384,768,20,8,32,196.5,191.0,92.4,294.3,0.8768211030856916,0.7633160521923379
matrix_free_joint_rank8_int4_per_row_hadamard,pooled_router_square_compressed,384,768,39,1,32,585.59375,576.0,384.0,767.9,0.9953598823252567,0.9636325888186651
matrix_free_joint_rank8_int4_per_row_hadamard,pooled_router_square_compressed,384,768,39,2,32,515.1875,537.0,377.7,642.5,0.987369861071522,0.9713091728703548
matrix_free_joint_rank8_int4_per_row_hadamard,pooled_router_square_compressed,384,768,39,3,32,489.5,461.5,384.0,624.2,0.9869107138548169,0.9581802399415101
matrix_free_joint_rank8_int4_per_row_hadamard,pooled_router_square_compressed,384,768,39,4,32,421.25,419.0,315.1,576.0,0.9706678239015953,0.94294169174156
matrix_free_joint_rank8_int4_per_row_hadamard,pooled_router_square_compressed,384,768,39,5,32,326.71875,333.5,224.6,387.0,0.9475320884229095,0.870661185453399
matrix_free_joint_rank8_int4_per_row_hadamard,pooled_router_square_compressed,384,768,39,6,32,299.34375,282.5,193.6,407.90000000000003,0.9266426849361356,0.831795365559613
matrix_free_joint_rank8_int4_per_row_hadamard,pooled_router_square_compressed,384,768,39,7,32,246.71875,245.0,137.5,384.0,0.9381530790681734,0.8525490863214816
matrix_free_joint_rank8_int4_per_row_hadamard,pooled_router_square_compressed,384,768,39,8,32,181.0,179.5,82.3,290.50000000000006,0.8723367539245811,0.7500242892618371
matrix_free_joint_rank8_int4_per_row_hadamard,pooled_router_square_compressed,384,1152,0,1,32,577.90625,542.5,392.0,795.0000000000001,0.9994414224296696,0.996429352795762
matrix_free_joint_rank8_int4_per_row_hadamard,pooled_router_square_compressed,384,1152,0,2,32,527.1875,499.0,373.0,749.0,0.9988623599786413,0.9922469937460915
matrix_free_joint_rank8_int4_per_row_hadamard,pooled_router_square_compressed,384,1152,0,3,32,457.25,432.0,362.2,583.0,0.9970968785338901,0.9904769774410779
matrix_free_joint_rank8_int4_per_row_hadamard,pooled_router_square_compressed,384,1152,0,4,32,381.03125,384.0,289.3,456.7,0.9934610707307399,0.9839194015159404
matrix_free_joint_rank8_int4_per_row_hadamard,pooled_router_square_compressed,384,1152,0,5,32,337.9375,337.0,237.4,452.70000000000005,0.9866220603871355,0.9732010393642889
matrix_free_joint_rank8_int4_per_row_hadamard,pooled_router_square_compressed,384,1152,0,6,32,324.1875,334.0,223.2,408.6,0.9842324401384188,0.9567275793142667
matrix_free_joint_rank8_int4_per_row_hadamard,pooled_router_square_compressed,384,1152,0,7,32,244.28125,243.0,137.8,381.90000000000003,0.9755874547546748,0.9244863941775434
matrix_free_joint_rank8_int4_per_row_hadamard,pooled_router_square_compressed,384,1152,0,8,32,217.40625,202.0,111.7,352.8,0.9640349455859412,0.924581255673573
matrix_free_joint_rank8_int4_per_row_hadamard,pooled_router_square_compressed,384,1152,4,1,32,764.84375,755.0,582.0,936.7,0.995924447425004,0.9875264541591616
matrix_free_joint_rank8_int4_per_row_hadamard,pooled_router_square_compressed,384,1152,4,2,32,641.1875,625.5,567.0,768.0,0.9905183122523575,0.9764174846847575
matrix_free_joint_rank8_int4_per_row_hadamard,pooled_router_square_compressed,384,1152,4,3,32,502.34375,493.0,384.0,629.1000000000001,0.9793575193503087,0.9433887745314936
matrix_free_joint_rank8_int4_per_row_hadamard,pooled_router_square_compressed,384,1152,4,4,32,393.09375,384.0,285.6,503.1,0.9703021584671079,0.9157134016806763
matrix_free_joint_rank8_int4_per_row_hadamard,pooled_router_square_compressed,384,1152,4,5,32,286.75,291.5,165.0,383.3,0.9369095055146616,0.8224444290559731
matrix_free_joint_rank8_int4_per_row_hadamard,pooled_router_square_compressed,384,1152,4,6,32,228.96875,234.5,82.80000000000001,374.0000000000001,0.8919869753211465,0.8058085906924195
matrix_free_joint_rank8_int4_per_row_hadamard,pooled_router_square_compressed,384,1152,4,7,32,144.5,129.0,74.4,207.90000000000003,0.8239857105898122,0.6442726348293343
matrix_free_joint_rank8_int4_per_row_hadamard,pooled_router_square_compressed,384,1152,4,8,32,104.3125,86.5,38.5,211.00000000000006,0.7817833258567088,0.6167723948466143
matrix_free_joint_rank8_int4_per_row_hadamard,pooled_router_square_compressed,384,1152,20,1,32,709.25,749.0,471.7,939.0,0.9928100978601058,0.9705380836951499
matrix_free_joint_rank8_int4_per_row_hadamard,pooled_router_square_compressed,384,1152,20,2,32,490.78125,551.0,299.3,612.7,0.9828896634744215,0.9263818809015604
matrix_free_joint_rank8_int4_per_row_hadamard,pooled_router_square_compressed,384,1152,20,3,32,471.5,490.0,345.6,585.0,0.9715254567045257,0.9353183777851654
matrix_free_joint_rank8_int4_per_row_hadamard,pooled_router_square_compressed,384,1152,20,4,32,392.84375,384.0,295.1,517.0000000000001,0.9477240653224192,0.911591733529491
matrix_free_joint_rank8_int4_per_row_hadamard,pooled_router_square_compressed,384,1152,20,5,32,311.09375,312.5,196.0,394.7,0.935476171463415,0.8738906303481736
matrix_free_joint_rank8_int4_per_row_hadamard,pooled_router_square_compressed,384,1152,20,6,32,278.0625,271.5,156.1,384.0,0.9189644086823606,0.8309194664447844
matrix_free_joint_rank8_int4_per_row_hadamard,pooled_router_square_compressed,384,1152,20,7,32,226.9375,223.0,117.4,329.9000000000001,0.8809361379524072,0.7865406304225088
matrix_free_joint_rank8_int4_per_row_hadamard,pooled_router_square_compressed,384,1152,20,8,32,186.21875,182.0,75.3,277.20000000000005,0.8748237388700273,0.7395770218621687
matrix_free_joint_rank8_int4_per_row_hadamard,pooled_router_square_compressed,384,1152,39,1,32,595.28125,576.0,384.0,768.0,0.9955039398922354,0.9636325888186651
matrix_free_joint_rank8_int4_per_row_hadamard,pooled_router_square_compressed,384,1152,39,2,32,511.5625,537.0,377.7,631.7,0.987369861071522,0.9713091728703548
matrix_free_joint_rank8_int4_per_row_hadamard,pooled_router_square_compressed,384,1152,39,3,32,491.34375,461.5,384.0,624.2,0.9869107138548169,0.9585659489008299
matrix_free_joint_rank8_int4_per_row_hadamard,pooled_router_square_compressed,384,1152,39,4,32,419.1875,419.0,315.1,576.0,0.9706678239015953,0.94294169174156
matrix_free_joint_rank8_int4_per_row_hadamard,pooled_router_square_compressed,384,1152,39,5,32,326.71875,333.5,224.6,387.0,0.9475320884229095,0.870661185453399
matrix_free_joint_rank8_int4_per_row_hadamard,pooled_router_square_compressed,384,1152,39,6,32,299.5,282.5,193.6,407.90000000000003,0.9266426849361356,0.831795365559613
matrix_free_joint_rank8_int4_per_row_hadamard,pooled_router_square_compressed,384,1152,39,7,32,246.71875,245.0,137.5,384.0,0.9381530790681734,0.8525490863214816
matrix_free_joint_rank8_int4_per_row_hadamard,pooled_router_square_compressed,384,1152,39,8,32,174.3125,162.5,82.3,289.30000000000007,0.8723367539245811,0.7500242892618371
matrix_free_joint_rank8_int4_per_row_hadamard,pooled_router_square_compressed,384,1536,0,1,32,577.90625,542.5,392.0,795.0000000000001,0.9994414224296696,0.996429352795762
matrix_free_joint_rank8_int4_per_row_hadamard,pooled_router_square_compressed,384,1536,0,2,32,527.1875,499.0,373.0,749.0,0.9988623599786413,0.9922469937460915
matrix_free_joint_rank8_int4_per_row_hadamard,pooled_router_square_compressed,384,1536,0,3,32,457.25,432.0,362.2,583.0,0.9970968785338901,0.9904769774410779
matrix_free_joint_rank8_int4_per_row_hadamard,pooled_router_square_compressed,384,1536,0,4,32,381.03125,384.0,289.3,456.7,0.9934610707307399,0.9839194015159404
matrix_free_joint_rank8_int4_per_row_hadamard,pooled_router_square_compressed,384,1536,0,5,32,337.9375,337.0,237.4,452.70000000000005,0.9866220603871355,0.9732010393642889
matrix_free_joint_rank8_int4_per_row_hadamard,pooled_router_square_compressed,384,1536,0,6,32,324.1875,334.0,223.2,408.6,0.9842324401384188,0.9567275793142667
matrix_free_joint_rank8_int4_per_row_hadamard,pooled_router_square_compressed,384,1536,0,7,32,244.28125,243.0,137.8,381.90000000000003,0.9755874547546748,0.9244863941775434
matrix_free_joint_rank8_int4_per_row_hadamard,pooled_router_square_compressed,384,1536,0,8,32,217.40625,202.0,111.7,352.8,0.9640349455859412,0.924581255673573
matrix_free_joint_rank8_int4_per_row_hadamard,pooled_router_square_compressed,384,1536,4,1,32,764.9375,755.0,582.0,936.7,0.995924447425004,0.9875264541591616
matrix_free_joint_rank8_int4_per_row_hadamard,pooled_router_square_compressed,384,1536,4,2,32,641.1875,625.5,567.0,768.0,0.9905183122523575,0.9764174846847575
matrix_free_joint_rank8_int4_per_row_hadamard,pooled_router_square_compressed,384,1536,4,3,32,502.34375,493.0,384.0,629.1000000000001,0.9793575193503087,0.9433887745314936
matrix_free_joint_rank8_int4_per_row_hadamard,pooled_router_square_compressed,384,1536,4,4,32,393.09375,384.0,285.6,503.1,0.9703021584671079,0.9157134016806763
matrix_free_joint_rank8_int4_per_row_hadamard,pooled_router_square_compressed,384,1536,4,5,32,286.75,291.5,165.0,383.3,0.9369095055146616,0.8224444290559731
matrix_free_joint_rank8_int4_per_row_hadamard,pooled_router_square_compressed,384,1536,4,6,32,228.96875,234.5,82.80000000000001,374.0000000000001,0.8919869753211465,0.8058085906924195
matrix_free_joint_rank8_int4_per_row_hadamard,pooled_router_square_compressed,384,1536,4,7,32,144.5,129.0,74.4,207.90000000000003,0.8239857105898122,0.6442726348293343
matrix_free_joint_rank8_int4_per_row_hadamard,pooled_router_square_compressed,384,1536,4,8,32,104.3125,86.5,38.5,211.00000000000006,0.7817833258567088,0.6167723948466143
matrix_free_joint_rank8_int4_per_row_hadamard,pooled_router_square_compressed,384,1536,20,1,32,709.25,749.0,471.7,939.0,0.9928100978601058,0.9705380836951499
matrix_free_joint_rank8_int4_per_row_hadamard,pooled_router_square_compressed,384,1536,20,2,32,490.78125,551.0,299.3,612.7,0.9828896634744215,0.9263818809015604
matrix_free_joint_rank8_int4_per_row_hadamard,pooled_router_square_compressed,384,1536,20,3,32,471.5,490.0,345.6,585.0,0.9715254567045257,0.9353183777851654
matrix_free_joint_rank8_int4_per_row_hadamard,pooled_router_square_compressed,384,1536,20,4,32,392.84375,384.0,295.1,517.0000000000001,0.9477240653224192,0.911591733529491
matrix_free_joint_rank8_int4_per_row_hadamard,pooled_router_square_compressed,384,1536,20,5,32,311.09375,312.5,196.0,394.7,0.935476171463415,0.8738906303481736
matrix_free_joint_rank8_int4_per_row_hadamard,pooled_router_square_compressed,384,1536,20,6,32,278.0625,271.5,156.1,384.0,0.9189644086823606,0.8309194664447844
matrix_free_joint_rank8_int4_per_row_hadamard,pooled_router_square_compressed,384,1536,20,7,32,226.9375,223.0,117.4,329.9000000000001,0.8809361379524072,0.7865406304225088
matrix_free_joint_rank8_int4_per_row_hadamard,pooled_router_square_compressed,384,1536,20,8,32,186.21875,182.0,75.3,277.20000000000005,0.8748237388700273,0.7395770218621687
matrix_free_joint_rank8_int4_per_row_hadamard,pooled_router_square_compressed,384,1536,39,1,32,595.28125,576.0,384.0,768.0,0.9955039398922354,0.9636325888186651
matrix_free_joint_rank8_int4_per_row_hadamard,pooled_router_square_compressed,384,1536,39,2,32,511.5625,537.0,377.7,631.7,0.987369861071522,0.9713091728703548
matrix_free_joint_rank8_int4_per_row_hadamard,pooled_router_square_compressed,384,1536,39,3,32,491.34375,461.5,384.0,624.2,0.9869107138548169,0.9585659489008299
matrix_free_joint_rank8_int4_per_row_hadamard,pooled_router_square_compressed,384,1536,39,4,32,419.1875,419.0,315.1,576.0,0.9706678239015953,0.94294169174156
matrix_free_joint_rank8_int4_per_row_hadamard,pooled_router_square_compressed,384,1536,39,5,32,326.71875,333.5,224.6,387.0,0.9475320884229095,0.870661185453399
matrix_free_joint_rank8_int4_per_row_hadamard,pooled_router_square_compressed,384,1536,39,6,32,299.5,282.5,193.6,407.90000000000003,0.9266426849361356,0.831795365559613
matrix_free_joint_rank8_int4_per_row_hadamard,pooled_router_square_compressed,384,1536,39,7,32,246.71875,245.0,137.5,384.0,0.9381530790681734,0.8525490863214816
matrix_free_joint_rank8_int4_per_row_hadamard,pooled_router_square_compressed,384,1536,39,8,32,174.3125,162.5,82.3,289.30000000000007,0.8723367539245811,0.7500242892618371
matrix_free_joint_rank8_int4_per_row_hadamard,pooled_router_square_compressed,576,768,0,1,32,660.65625,647.0,541.3,768.0,0.9998667209083605,0.9995847571963101
matrix_free_joint_rank8_int4_per_row_hadamard,pooled_router_square_compressed,576,768,0,2,32,663.65625,687.5,494.5,768.0,0.9997840617025678,0.9984712289768829
matrix_free_joint_rank8_int4_per_row_hadamard,pooled_router_square_compressed,576,768,0,3,32,648.21875,660.0,512.0,768.0,0.9997111215199173,0.9982875132207887
matrix_free_joint_rank8_int4_per_row_hadamard,pooled_router_square_compressed,576,768,0,4,32,596.0,612.0,480.2,725.8000000000001,0.9994590446733814,0.9979153944148157
matrix_free_joint_rank8_int4_per_row_hadamard,pooled_router_square_compressed,576,768,0,5,32,547.65625,544.5,430.9,666.4000000000001,0.9986942661764763,0.99681681356168
matrix_free_joint_rank8_int4_per_row_hadamard,pooled_router_square_compressed,576,768,0,6,32,555.75,563.0,410.0,747.0,0.9984069448571733,0.9961254002244415
matrix_free_joint_rank8_int4_per_row_hadamard,pooled_router_square_compressed,576,768,0,7,32,484.625,480.0,384.0,621.9000000000001,0.9975804526465599,0.9905285498858355
matrix_free_joint_rank8_int4_per_row_hadamard,pooled_router_square_compressed,576,768,0,8,32,448.6875,421.5,299.3,623.8000000000001,0.9960450781399135,0.989778175783996
matrix_free_joint_rank8_int4_per_row_hadamard,pooled_router_square_compressed,576,768,4,1,32,763.875,768.0,749.0,768.0,0.9960789565154449,0.9919223860550943
matrix_free_joint_rank8_int4_per_row_hadamard,pooled_router_square_compressed,576,768,4,2,32,757.34375,768.0,730.3,768.0,0.9951635186577656,0.9899821192265037
matrix_free_joint_rank8_int4_per_row_hadamard,pooled_router_square_compressed,576,768,4,3,32,720.65625,749.0,621.8,768.0,0.9937320647994707,0.984716385056308
matrix_free_joint_rank8_int4_per_row_hadamard,pooled_router_square_compressed,576,768,4,4,32,659.65625,670.0,576.0,766.1,0.9923302736741282,0.9832843621633182
matrix_free_joint_rank8_int4_per_row_hadamard,pooled_router_square_compressed,576,768,4,5,32,571.875,576.0,489.2,653.1000000000001,0.9844327899773537,0.9583663096880555
matrix_free_joint_rank8_int4_per_row_hadamard,pooled_router_square_compressed,576,768,4,6,32,452.25,439.0,360.3,574.3000000000001,0.9700810666443038,0.9381848312359535
matrix_free_joint_rank8_int4_per_row_hadamard,pooled_router_square_compressed,576,768,4,7,32,378.625,384.0,312.3,463.1,0.9417218878357044,0.9143440956248446
matrix_free_joint_rank8_int4_per_row_hadamard,pooled_router_square_compressed,576,768,4,8,32,299.4375,303.0,166.0,384.0,0.9315924072346675,0.8650645790421773
matrix_free_joint_rank8_int4_per_row_hadamard,pooled_router_square_compressed,576,768,20,1,32,731.53125,768.0,608.0,768.0,0.9935837499373779,0.9873894909109519
matrix_free_joint_rank8_int4_per_row_hadamard,pooled_router_square_compressed,576,768,20,2,32,683.90625,739.0,549.3,768.0,0.9937322135020688,0.9757162993294629
matrix_free_joint_rank8_int4_per_row_hadamard,pooled_router_square_compressed,576,768,20,3,32,675.4375,707.5,557.1,768.0,0.9932129933272852,0.9687814627388588
matrix_free_joint_rank8_int4_per_row_hadamard,pooled_router_square_compressed,576,768,20,4,32,606.9375,611.5,498.3,729.9,0.9859088158267666,0.9681911374941321
matrix_free_joint_rank8_int4_per_row_hadamard,pooled_router_square_compressed,576,768,20,5,32,550.9375,576.0,449.0,631.6,0.9737261504803029,0.9659562788948466
matrix_free_joint_rank8_int4_per_row_hadamard,pooled_router_square_compressed,576,768,20,6,32,504.5,527.0,388.7,576.0,0.9712068273254131,0.9535373599870882
matrix_free_joint_rank8_int4_per_row_hadamard,pooled_router_square_compressed,576,768,20,7,32,459.375,446.0,384.0,576.0,0.9689371621083858,0.935561046816455
matrix_free_joint_rank8_int4_per_row_hadamard,pooled_router_square_compressed,576,768,20,8,32,391.65625,384.0,298.8,488.6000000000001,0.9426813236304847,0.921519915424586
matrix_free_joint_rank8_int4_per_row_hadamard,pooled_router_square_compressed,576,768,39,1,32,719.96875,749.0,583.1,768.0,0.9975732021864961,0.9891707706296125
matrix_free_joint_rank8_int4_per_row_hadamard,pooled_router_square_compressed,576,768,39,2,32,693.1875,729.0,578.8,768.0,0.9956578900751534,0.9926561694258802
matrix_free_joint_rank8_int4_per_row_hadamard,pooled_router_square_compressed,576,768,39,3,32,675.1875,690.5,578.7,768.0,0.9943110289558188,0.9860415444262476
matrix_free_joint_rank8_int4_per_row_hadamard,pooled_router_square_compressed,576,768,39,4,32,624.875,623.0,535.9,747.0,0.9897331167095433,0.9833475944556693
matrix_free_joint_rank8_int4_per_row_hadamard,pooled_router_square_compressed,576,768,39,5,32,544.53125,565.0,452.7,627.7,0.9854894823084632,0.9696518004278437
matrix_free_joint_rank8_int4_per_row_hadamard,pooled_router_square_compressed,576,768,39,6,32,513.15625,521.0,384.0,635.4,0.9795992196645172,0.9350072430099344
matrix_free_joint_rank8_int4_per_row_hadamard,pooled_router_square_compressed,576,768,39,7,32,464.0625,463.5,339.8,576.0,0.9730009884217711,0.9406777763229596
matrix_free_joint_rank8_int4_per_row_hadamard,pooled_router_square_compressed,576,768,39,8,32,368.59375,384.0,242.1,461.90000000000003,0.9436854477137204,0.8919642231156714
matrix_free_joint_rank8_int4_per_row_hadamard,pooled_router_square_compressed,576,1152,0,1,32,700.0,646.5,496.2,941.8,0.9999452943381142,0.9993271727761909
matrix_free_joint_rank8_int4_per_row_hadamard,pooled_router_square_compressed,576,1152,0,2,32,707.8125,679.0,491.4,993.1000000000001,0.9998491479550893,0.9994511394653923
matrix_free_joint_rank8_int4_per_row_hadamard,pooled_router_square_compressed,576,1152,0,3,32,638.40625,630.0,512.0,765.4000000000001,0.9996156405841476,0.998165011945478
matrix_free_joint_rank8_int4_per_row_hadamard,pooled_router_square_compressed,576,1152,0,4,32,579.5625,582.0,430.5,725.8000000000001,0.9993225792696216,0.997894512326988
matrix_free_joint_rank8_int4_per_row_hadamard,pooled_router_square_compressed,576,1152,0,5,32,541.40625,554.5,423.7,676.1,0.9986820811482511,0.9964017820441704
matrix_free_joint_rank8_int4_per_row_hadamard,pooled_router_square_compressed,576,1152,0,6,32,537.21875,540.0,399.2,681.5,0.9982140015102934,0.9948750048068646
matrix_free_joint_rank8_int4_per_row_hadamard,pooled_router_square_compressed,576,1152,0,7,32,467.3125,454.5,338.8,576.0,0.9970702864470611,0.9874460306092974
matrix_free_joint_rank8_int4_per_row_hadamard,pooled_router_square_compressed,576,1152,0,8,32,433.65625,405.5,299.3,623.8000000000001,0.9949752315206828,0.9879078825905606
matrix_free_joint_rank8_int4_per_row_hadamard,pooled_router_square_compressed,576,1152,4,1,32,935.4375,958.5,771.7,1047.0,0.998705607838493,0.9965190349359411
matrix_free_joint_rank8_int4_per_row_hadamard,pooled_router_square_compressed,576,1152,4,2,32,848.84375,839.0,749.0,991.6,0.9974282555477723,0.991416867106693
matrix_free_joint_rank8_int4_per_row_hadamard,pooled_router_square_compressed,576,1152,4,3,32,700.03125,729.0,576.1,768.0,0.9936383618788045,0.9846922311351988
matrix_free_joint_rank8_int4_per_row_hadamard,pooled_router_square_compressed,576,1152,4,4,32,615.8125,581.5,486.8,735.3000000000001,0.9901195987839797,0.9705301884781594
matrix_free_joint_rank8_int4_per_row_hadamard,pooled_router_square_compressed,576,1152,4,5,32,530.1875,553.5,369.8,616.3000000000001,0.9755166770521633,0.9384927352551218
matrix_free_joint_rank8_int4_per_row_hadamard,pooled_router_square_compressed,576,1152,4,6,32,416.90625,395.0,288.6,574.3000000000001,0.9664193068544578,0.9331959876660886
matrix_free_joint_rank8_int4_per_row_hadamard,pooled_router_square_compressed,576,1152,4,7,32,328.75,325.5,245.5,410.9,0.9360698535366195,0.8773769054613032
matrix_free_joint_rank8_int4_per_row_hadamard,pooled_router_square_compressed,576,1152,4,8,32,227.34375,208.0,123.0,353.3,0.8926866550257035,0.7547900670900156
matrix_free_joint_rank8_int4_per_row_hadamard,pooled_router_square_compressed,576,1152,20,1,32,877.625,907.0,611.3000000000001,1114.1,0.9978862275844314,0.9889008258951797
matrix_free_joint_rank8_int4_per_row_hadamard,pooled_router_square_compressed,576,1152,20,2,32,672.0625,729.0,531.8,768.0,0.9932045122821803,0.9754637123212753
matrix_free_joint_rank8_int4_per_row_hadamard,pooled_router_square_compressed,576,1152,20,3,32,673.625,706.5,557.1,768.0,0.992813780109074,0.9687814627388588
matrix_free_joint_rank8_int4_per_row_hadamard,pooled_router_square_compressed,576,1152,20,4,32,573.0625,576.0,462.7,726.5,0.9849231246303685,0.9623161869714552
matrix_free_joint_rank8_int4_per_row_hadamard,pooled_router_square_compressed,576,1152,20,5,32,519.65625,565.0,412.6,595.1,0.9736207589524664,0.9591707562013536
matrix_free_joint_rank8_int4_per_row_hadamard,pooled_router_square_compressed,576,1152,20,6,32,466.6875,482.5,342.6,575.2,0.9706879541655794,0.9343790234664978
matrix_free_joint_rank8_int4_per_row_hadamard,pooled_router_square_compressed,576,1152,20,7,32,438.15625,424.5,373.1,572.8000000000001,0.9668857586985324,0.9300282086335236
matrix_free_joint_rank8_int4_per_row_hadamard,pooled_router_square_compressed,576,1152,20,8,32,383.625,384.0,324.3,457.1,0.9426813236304847,0.921519915424586
matrix_free_joint_rank8_int4_per_row_hadamard,pooled_router_square_compressed,576,1152,39,1,32,790.625,749.0,583.1,1002.9000000000001,0.9984162431544101,0.9891707706296125
matrix_free_joint_rank8_int4_per_row_hadamard,pooled_router_square_compressed,576,1152,39,2,32,716.375,729.0,578.8,889.2,0.9957901702470203,0.9926279891662055
matrix_free_joint_rank8_int4_per_row_hadamard,pooled_router_square_compressed,576,1152,39,3,32,667.8125,679.0,497.40000000000003,791.4000000000001,0.9943059632793946,0.9819128895124375
matrix_free_joint_rank8_int4_per_row_hadamard,pooled_router_square_compressed,576,1152,39,4,32,605.96875,602.0,450.8,747.0,0.9874960866667661,0.9793021022206033
matrix_free_joint_rank8_int4_per_row_hadamard,pooled_router_square_compressed,576,1152,39,5,32,531.0,531.0,444.6,627.7,0.9852267154037042,0.9432617595449615
matrix_free_joint_rank8_int4_per_row_hadamard,pooled_router_square_compressed,576,1152,39,6,32,489.625,480.0,363.0,613.5,0.9710890960247249,0.9348156106113721
matrix_free_joint_rank8_int4_per_row_hadamard,pooled_router_square_compressed,576,1152,39,7,32,442.9375,463.5,287.0,576.0,0.9730009884217711,0.937626861938331
matrix_free_joint_rank8_int4_per_row_hadamard,pooled_router_square_compressed,576,1152,39,8,32,358.4375,379.0,241.4,461.90000000000003,0.9391596976961676,0.8809365797655998
matrix_free_joint_rank8_int4_per_row_hadamard,pooled_router_square_compressed,576,1536,0,1,32,700.0,646.5,496.2,941.8,0.9999452943381142,0.9993271727761909
matrix_free_joint_rank8_int4_per_row_hadamard,pooled_router_square_compressed,576,1536,0,2,32,707.8125,679.0,491.4,993.1000000000001,0.9998491479550893,0.9994511394653923
matrix_free_joint_rank8_int4_per_row_hadamard,pooled_router_square_compressed,576,1536,0,3,32,638.40625,630.0,512.0,765.4000000000001,0.9996156405841476,0.998165011945478
matrix_free_joint_rank8_int4_per_row_hadamard,pooled_router_square_compressed,576,1536,0,4,32,579.5625,582.0,430.5,725.8000000000001,0.9993225792696216,0.997894512326988
matrix_free_joint_rank8_int4_per_row_hadamard,pooled_router_square_compressed,576,1536,0,5,32,541.40625,554.5,423.7,676.1,0.9986820811482511,0.9964017820441704
matrix_free_joint_rank8_int4_per_row_hadamard,pooled_router_square_compressed,576,1536,0,6,32,537.21875,540.0,399.2,681.5,0.9982140015102934,0.9948750048068646
matrix_free_joint_rank8_int4_per_row_hadamard,pooled_router_square_compressed,576,1536,0,7,32,467.3125,454.5,338.8,576.0,0.9970702864470611,0.9874460306092974
matrix_free_joint_rank8_int4_per_row_hadamard,pooled_router_square_compressed,576,1536,0,8,32,433.65625,405.5,299.3,623.8000000000001,0.9949752315206828,0.9879078825905606
matrix_free_joint_rank8_int4_per_row_hadamard,pooled_router_square_compressed,576,1536,4,1,32,938.125,958.5,771.7,1047.0,0.998705607838493,0.9965190349359411
matrix_free_joint_rank8_int4_per_row_hadamard,pooled_router_square_compressed,576,1536,4,2,32,848.84375,839.0,749.0,991.6,0.9974282555477723,0.991416867106693
matrix_free_joint_rank8_int4_per_row_hadamard,pooled_router_square_compressed,576,1536,4,3,32,697.25,729.0,576.1,768.0,0.9927115321886358,0.9846922311351988
matrix_free_joint_rank8_int4_per_row_hadamard,pooled_router_square_compressed,576,1536,4,4,32,615.8125,581.5,486.8,735.3000000000001,0.9901195987839797,0.9705301884781594
matrix_free_joint_rank8_int4_per_row_hadamard,pooled_router_square_compressed,576,1536,4,5,32,530.1875,553.5,369.8,616.3000000000001,0.9755166770521633,0.9384927352551218
matrix_free_joint_rank8_int4_per_row_hadamard,pooled_router_square_compressed,576,1536,4,6,32,416.90625,395.0,288.6,574.3000000000001,0.9664193068544578,0.9331959876660886
matrix_free_joint_rank8_int4_per_row_hadamard,pooled_router_square_compressed,576,1536,4,7,32,328.75,325.5,245.5,410.9,0.9360698535366195,0.8773769054613032
matrix_free_joint_rank8_int4_per_row_hadamard,pooled_router_square_compressed,576,1536,4,8,32,227.34375,208.0,123.0,353.3,0.8926866550257035,0.7547900670900156
matrix_free_joint_rank8_int4_per_row_hadamard,pooled_router_square_compressed,576,1536,20,1,32,880.25,907.0,611.3000000000001,1114.1,0.9978862275844314,0.9889008258951797
matrix_free_joint_rank8_int4_per_row_hadamard,pooled_router_square_compressed,576,1536,20,2,32,672.0625,729.0,531.8,768.0,0.9932045122821803,0.9754637123212753
matrix_free_joint_rank8_int4_per_row_hadamard,pooled_router_square_compressed,576,1536,20,3,32,672.40625,706.5,557.1,768.0,0.992813780109074,0.9687814627388588
matrix_free_joint_rank8_int4_per_row_hadamard,pooled_router_square_compressed,576,1536,20,4,32,576.65625,576.0,479.8,726.5,0.9849231246303685,0.9635696371298865
matrix_free_joint_rank8_int4_per_row_hadamard,pooled_router_square_compressed,576,1536,20,5,32,514.75,565.0,395.8,595.1,0.973428788274817,0.9506534371795295
matrix_free_joint_rank8_int4_per_row_hadamard,pooled_router_square_compressed,576,1536,20,6,32,466.6875,482.5,342.6,575.2,0.9706879541655794,0.9343790234664978
matrix_free_joint_rank8_int4_per_row_hadamard,pooled_router_square_compressed,576,1536,20,7,32,438.15625,424.5,373.1,572.8000000000001,0.9668857586985324,0.9300282086335236
matrix_free_joint_rank8_int4_per_row_hadamard,pooled_router_square_compressed,576,1536,20,8,32,383.625,384.0,324.3,457.1,0.9426813236304847,0.921519915424586
matrix_free_joint_rank8_int4_per_row_hadamard,pooled_router_square_compressed,576,1536,39,1,32,790.625,749.0,583.1,1002.9000000000001,0.9984162431544101,0.9891707706296125
matrix_free_joint_rank8_int4_per_row_hadamard,pooled_router_square_compressed,576,1536,39,2,32,716.375,729.0,578.8,889.2,0.9957901702470203,0.9926279891662055
matrix_free_joint_rank8_int4_per_row_hadamard,pooled_router_square_compressed,576,1536,39,3,32,667.8125,679.0,497.40000000000003,791.4000000000001,0.9943059632793946,0.9819128895124375
matrix_free_joint_rank8_int4_per_row_hadamard,pooled_router_square_compressed,576,1536,39,4,32,605.96875,602.0,450.8,747.0,0.9874960866667661,0.9793021022206033
matrix_free_joint_rank8_int4_per_row_hadamard,pooled_router_square_compressed,576,1536,39,5,32,531.0,531.0,444.6,627.7,0.9852267154037042,0.9432617595449615
matrix_free_joint_rank8_int4_per_row_hadamard,pooled_router_square_compressed,576,1536,39,6,32,489.625,480.0,363.0,613.5,0.9710890960247249,0.9348156106113721
matrix_free_joint_rank8_int4_per_row_hadamard,pooled_router_square_compressed,576,1536,39,7,32,442.9375,463.5,287.0,576.0,0.9730009884217711,0.937626861938331
matrix_free_joint_rank8_int4_per_row_hadamard,pooled_router_square_compressed,576,1536,39,8,32,358.4375,379.0,241.4,461.90000000000003,0.9391596976961676,0.8809365797655998
matrix_free_joint_rank8_int4_per_row_hadamard,pooled_router_square_compressed,749,768,0,1,32,738.90625,768.0,702.7,768.0,0.9999970787718911,0.9996826522168117
matrix_free_joint_rank8_int4_per_row_hadamard,pooled_router_square_compressed,749,768,0,2,32,744.78125,768.0,646.9,768.0,0.999985857691232,0.9984872636986432
matrix_free_joint_rank8_int4_per_row_hadamard,pooled_router_square_compressed,749,768,0,3,32,753.78125,768.0,727.0,768.0,0.9999463212798596,0.9994549687298135
matrix_free_joint_rank8_int4_per_row_hadamard,pooled_router_square_compressed,749,768,0,4,32,754.0625,768.0,727.0,768.0,0.9999806275985331,0.9996531235069044
matrix_free_joint_rank8_int4_per_row_hadamard,pooled_router_square_compressed,749,768,0,5,32,751.9375,768.0,727.0,768.0,0.9999905949755792,0.9992141513874245
matrix_free_joint_rank8_int4_per_row_hadamard,pooled_router_square_compressed,749,768,0,6,32,748.9375,768.0,727.0,768.0,0.9999771589202227,0.9990457859179445
matrix_free_joint_rank8_int4_per_row_hadamard,pooled_router_square_compressed,749,768,0,7,32,735.375,768.0,640.8,768.0,0.9999838461385028,0.9987593118761963
matrix_free_joint_rank8_int4_per_row_hadamard,pooled_router_square_compressed,749,768,0,8,32,732.96875,766.0,617.2,768.0,0.9999665088531468,0.9988487516540957
matrix_free_joint_rank8_int4_per_row_hadamard,pooled_router_square_compressed,749,768,4,1,32,766.875,768.0,768.0,768.0,0.9960789565154449,0.9919223860550943
matrix_free_joint_rank8_int4_per_row_hadamard,pooled_router_square_compressed,749,768,4,2,32,766.1875,768.0,768.0,768.0,0.9953579713446433,0.9899821192265037
matrix_free_joint_rank8_int4_per_row_hadamard,pooled_router_square_compressed,749,768,4,3,32,765.1875,768.0,768.0,768.0,0.994718412585547,0.9910811581035366
matrix_free_joint_rank8_int4_per_row_hadamard,pooled_router_square_compressed,749,768,4,4,32,764.8125,768.0,750.3,768.0,0.9954492729506715,0.9916765300165093
matrix_free_joint_rank8_int4_per_row_hadamard,pooled_router_square_compressed,749,768,4,5,32,762.125,768.0,749.0,768.0,0.9943166169481468,0.9906736090214373
matrix_free_joint_rank8_int4_per_row_hadamard,pooled_router_square_compressed,749,768,4,6,32,749.03125,761.5,717.3,768.0,0.9941230770542303,0.9903694429759903
matrix_free_joint_rank8_int4_per_row_hadamard,pooled_router_square_compressed,749,768,4,7,32,734.25,749.0,671.1,768.0,0.9927038807362807,0.986005538951904
matrix_free_joint_rank8_int4_per_row_hadamard,pooled_router_square_compressed,749,768,4,8,32,671.0,676.0,577.3,731.7,0.9876118545995447,0.9828674116706844
matrix_free_joint_rank8_int4_per_row_hadamard,pooled_router_square_compressed,749,768,20,1,32,766.75,768.0,768.0,768.0,0.9938808682205247,0.9900527805229392
matrix_free_joint_rank8_int4_per_row_hadamard,pooled_router_square_compressed,749,768,20,2,32,764.5,768.0,759.3,768.0,0.9960908954927085,0.9888641582331078
matrix_free_joint_rank8_int4_per_row_hadamard,pooled_router_square_compressed,749,768,20,3,32,763.53125,768.0,754.2,768.0,0.9945294761482282,0.9902104299549941
matrix_free_joint_rank8_int4_per_row_hadamard,pooled_router_square_compressed,749,768,20,4,32,763.78125,768.0,749.0,768.0,0.9935526758848547,0.9887009408260969
matrix_free_joint_rank8_int4_per_row_hadamard,pooled_router_square_compressed,749,768,20,5,32,751.34375,763.5,729.0,768.0,0.9931476021489629,0.9898163442663158
matrix_free_joint_rank8_int4_per_row_hadamard,pooled_router_square_compressed,749,768,20,6,32,741.28125,749.0,704.0,768.0,0.9918265859013045,0.9874907713869318
matrix_free_joint_rank8_int4_per_row_hadamard,pooled_router_square_compressed,749,768,20,7,32,729.375,729.0,687.7,768.0,0.9925898756302645,0.9861108019211149
matrix_free_joint_rank8_int4_per_row_hadamard,pooled_router_square_compressed,749,768,20,8,32,704.34375,723.0,636.6,749.0,0.9902153492713103,0.9848356328501252
matrix_free_joint_rank8_int4_per_row_hadamard,pooled_router_square_compressed,749,768,39,1,32,765.4375,768.0,750.6,768.0,0.9978851684464503,0.993087803271325
matrix_free_joint_rank8_int4_per_row_hadamard,pooled_router_square_compressed,749,768,39,2,32,764.25,768.0,768.0,768.0,0.9974015399557623,0.9942935733591352
matrix_free_joint_rank8_int4_per_row_hadamard,pooled_router_square_compressed,749,768,39,3,32,761.71875,768.0,749.3,768.0,0.9966362476308273,0.9929648937472636
matrix_free_joint_rank8_int4_per_row_hadamard,pooled_router_square_compressed,749,768,39,4,32,758.125,768.0,740.2,768.0,0.9953907019618558,0.9920875780036844
matrix_free_joint_rank8_int4_per_row_hadamard,pooled_router_square_compressed,749,768,39,5,32,757.875,768.0,749.0,768.0,0.995222424752621,0.9875872352161353
matrix_free_joint_rank8_int4_per_row_hadamard,pooled_router_square_compressed,749,768,39,6,32,749.90625,768.0,720.9,768.0,0.99405238358984,0.9875004088906126
matrix_free_joint_rank8_int4_per_row_hadamard,pooled_router_square_compressed,749,768,39,7,32,727.40625,736.5,633.8,768.0,0.9940267214333518,0.9891591367936632
matrix_free_joint_rank8_int4_per_row_hadamard,pooled_router_square_compressed,749,768,39,8,32,698.625,710.0,625.6,759.8000000000001,0.9919748422612513,0.9860299748771291
matrix_free_joint_rank8_int4_per_row_hadamard,pooled_router_square_compressed,749,1152,0,1,32,819.96875,758.5,583.6,1147.9,0.9999982318547669,0.9999423319055695
matrix_free_joint_rank8_int4_per_row_hadamard,pooled_router_square_compressed,749,1152,0,2,32,817.59375,773.0,589.2,1146.3000000000002,0.9999924838409089,0.9999359240080371
matrix_free_joint_rank8_int4_per_row_hadamard,pooled_router_square_compressed,749,1152,0,3,32,792.34375,787.0,611.4,971.0000000000001,0.9999846764981133,0.9998575753745407
matrix_free_joint_rank8_int4_per_row_hadamard,pooled_router_square_compressed,749,1152,0,4,32,745.5625,749.0,608.4,909.9,0.9999644891831319,0.9998155431179581
matrix_free_joint_rank8_int4_per_row_hadamard,pooled_router_square_compressed,749,1152,0,5,32,723.84375,724.5,574.2,919.1,0.9999468413772743,0.9994765918014632
matrix_free_joint_rank8_int4_per_row_hadamard,pooled_router_square_compressed,749,1152,0,6,32,733.5,749.0,545.3,931.5000000000001,0.9998946877628496,0.9996627720046444
matrix_free_joint_rank8_int4_per_row_hadamard,pooled_router_square_compressed,749,1152,0,7,32,683.0625,676.5,498.1,852.9,0.9998054332813879,0.9986683009363794
matrix_free_joint_rank8_int4_per_row_hadamard,pooled_router_square_compressed,749,1152,0,8,32,674.375,636.0,502.2,946.8000000000001,0.9997362743916712,0.9988791063439748
matrix_free_joint_rank8_int4_per_row_hadamard,pooled_router_square_compressed,749,1152,4,1,32,1073.875,1084.5,975.5,1152.0,0.9995382702629052,0.9988047998049755
matrix_free_joint_rank8_int4_per_row_hadamard,pooled_router_square_compressed,749,1152,4,2,32,1004.65625,998.5,935.7,1120.2,0.9991802760241035,0.9977407435144331
matrix_free_joint_rank8_int4_per_row_hadamard,pooled_router_square_compressed,749,1152,4,3,32,877.3125,865.5,768.0,1022.8,0.9975758645748773,0.9937194329827569
matrix_free_joint_rank8_int4_per_row_hadamard,pooled_router_square_compressed,749,1152,4,4,32,773.59375,768.0,697.9,862.8,0.9955510820974756,0.9917327114327499
matrix_free_joint_rank8_int4_per_row_hadamard,pooled_router_square_compressed,749,1152,4,5,32,722.6875,729.0,619.4,773.6,0.9922367866044183,0.9851792216765619
matrix_free_joint_rank8_int4_per_row_hadamard,pooled_router_square_compressed,749,1152,4,6,32,606.53125,576.0,533.2,726.3000000000001,0.9873507635144139,0.9703702855293678
matrix_free_joint_rank8_int4_per_row_hadamard,pooled_router_square_compressed,749,1152,4,7,32,509.40625,498.5,384.0,602.6,0.9713508954416121,0.9383772190778152
matrix_free_joint_rank8_int4_per_row_hadamard,pooled_router_square_compressed,749,1152,4,8,32,419.9375,392.5,290.1,538.9,0.9649850667195912,0.9164225398725465
matrix_free_joint_rank8_int4_per_row_hadamard,pooled_router_square_compressed,749,1152,20,1,32,996.21875,1040.5,818.3,1152.0,0.999068535528465,0.996438331640814
matrix_free_joint_rank8_int4_per_row_hadamard,pooled_router_square_compressed,749,1152,20,2,32,837.46875,877.5,695.7,973.0000000000001,0.9971252702405202,0.9930189097433161
matrix_free_joint_rank8_int4_per_row_hadamard,pooled_router_square_compressed,749,1152,20,3,32,840.8125,839.5,713.7,947.9,0.9972368594365935,0.9873273779365933
matrix_free_joint_rank8_int4_per_row_hadamard,pooled_router_square_compressed,749,1152,20,4,32,754.125,749.0,652.4,872.0,0.9938982485201481,0.9862874199598572
matrix_free_joint_rank8_int4_per_row_hadamard,pooled_router_square_compressed,749,1152,20,5,32,712.6875,729.0,600.4,780.6,0.9916373996746755,0.9839207672913116
matrix_free_joint_rank8_int4_per_row_hadamard,pooled_router_square_compressed,749,1152,20,6,32,663.84375,686.0,576.0,768.0,0.9875580510216215,0.9780058717356992
matrix_free_joint_rank8_int4_per_row_hadamard,pooled_router_square_compressed,749,1152,20,7,32,611.53125,597.5,529.9,719.0,0.9861534691018159,0.9703474683803816
matrix_free_joint_rank8_int4_per_row_hadamard,pooled_router_square_compressed,749,1152,20,8,32,572.3125,576.0,485.1,677.2,0.9789353701617141,0.9666904748446157
matrix_free_joint_rank8_int4_per_row_hadamard,pooled_router_square_compressed,749,1152,39,1,32,938.96875,963.0,764.6,1072.9,0.999482433238517,0.9961168815557508
matrix_free_joint_rank8_int4_per_row_hadamard,pooled_router_square_compressed,749,1152,39,2,32,882.03125,879.0,768.0,1014.0,0.9987048055169279,0.9959435737803743
matrix_free_joint_rank8_int4_per_row_hadamard,pooled_router_square_compressed,749,1152,39,3,32,827.21875,811.0,731.0,959.0,0.9975788972027132,0.9933339064073761
matrix_free_joint_rank8_int4_per_row_hadamard,pooled_router_square_compressed,749,1152,39,4,32,773.8125,755.5,668.9,899.9,0.9953545002739637,0.9930452417298605
matrix_free_joint_rank8_int4_per_row_hadamard,pooled_router_square_compressed,749,1152,39,5,32,701.3125,729.0,576.2,768.0,0.9945060943849592,0.9745055447283347
matrix_free_joint_rank8_int4_per_row_hadamard,pooled_router_square_compressed,749,1152,39,6,32,681.28125,687.5,576.0,785.6,0.9884312489533453,0.9748912964037175
matrix_free_joint_rank8_int4_per_row_hadamard,pooled_router_square_compressed,749,1152,39,7,32,635.53125,641.5,497.7,755.1,0.9905963286159555,0.9761208868899774
matrix_free_joint_rank8_int4_per_row_hadamard,pooled_router_square_compressed,749,1152,39,8,32,547.25,575.0,418.0,657.6000000000001,0.9820992501375335,0.9554879701720757
matrix_free_joint_rank8_int4_per_row_hadamard,pooled_router_square_compressed,749,1536,0,1,32,819.71875,758.5,583.6,1147.9,0.9999982318547669,0.9999493230214219
matrix_free_joint_rank8_int4_per_row_hadamard,pooled_router_square_compressed,749,1536,0,2,32,831.125,773.0,589.2,1146.3000000000002,0.9999937817094577,0.9999367172973113
matrix_free_joint_rank8_int4_per_row_hadamard,pooled_router_square_compressed,749,1536,0,3,32,790.9375,787.0,611.4,971.0000000000001,0.9999846764981133,0.9998575753745407
matrix_free_joint_rank8_int4_per_row_hadamard,pooled_router_square_compressed,749,1536,0,4,32,745.5625,749.0,608.4,909.9,0.9999644891831319,0.9998155431179581
matrix_free_joint_rank8_int4_per_row_hadamard,pooled_router_square_compressed,749,1536,0,5,32,722.4375,724.5,566.1,919.1,0.999940222771976,0.9994765918014632
matrix_free_joint_rank8_int4_per_row_hadamard,pooled_router_square_compressed,749,1536,0,6,32,728.75,721.0,545.3,931.5000000000001,0.9998901377916909,0.9996627720046444
matrix_free_joint_rank8_int4_per_row_hadamard,pooled_router_square_compressed,749,1536,0,7,32,681.03125,676.5,498.1,852.9,0.9998054332813879,0.9986683009363794
matrix_free_joint_rank8_int4_per_row_hadamard,pooled_router_square_compressed,749,1536,0,8,32,670.53125,628.0,502.2,946.8000000000001,0.9997066784937638,0.9988791063439748
matrix_free_joint_rank8_int4_per_row_hadamard,pooled_router_square_compressed,749,1536,4,1,32,1085.53125,1084.5,975.5,1189.9,0.9995859257815427,0.9988047998049755
matrix_free_joint_rank8_int4_per_row_hadamard,pooled_router_square_compressed,749,1536,4,2,32,1004.65625,998.5,935.7,1120.2,0.9991802760241035,0.9977407435144331
matrix_free_joint_rank8_int4_per_row_hadamard,pooled_router_square_compressed,749,1536,4,3,32,877.3125,865.5,768.0,1022.8,0.9975758645748773,0.9937194329827569
matrix_free_joint_rank8_int4_per_row_hadamard,pooled_router_square_compressed,749,1536,4,4,32,770.6875,768.0,697.9,862.1,0.9952631713223281,0.9909313919638396
matrix_free_joint_rank8_int4_per_row_hadamard,pooled_router_square_compressed,749,1536,4,5,32,717.5625,729.0,613.1,769.8,0.9922367866044183,0.9846866666838133
matrix_free_joint_rank8_int4_per_row_hadamard,pooled_router_square_compressed,749,1536,4,6,32,604.375,576.0,527.3,744.3000000000001,0.9873507635144139,0.9699621981267613
matrix_free_joint_rank8_int4_per_row_hadamard,pooled_router_square_compressed,749,1536,4,7,32,505.375,497.5,386.0,598.8,0.9710704719548513,0.9383772190778152
matrix_free_joint_rank8_int4_per_row_hadamard,pooled_router_square_compressed,749,1536,4,8,32,422.78125,392.5,290.1,556.2,0.9649850667195912,0.9164225398725465
matrix_free_joint_rank8_int4_per_row_hadamard,pooled_router_square_compressed,749,1536,20,1,32,1004.9375,1040.5,818.3,1186.3,0.999068535528465,0.996438331640814
matrix_free_joint_rank8_int4_per_row_hadamard,pooled_router_square_compressed,749,1536,20,2,32,837.375,867.5,730.9,973.0000000000001,0.9971252702405202,0.9930189097433161
matrix_free_joint_rank8_int4_per_row_hadamard,pooled_router_square_compressed,749,1536,20,3,32,840.8125,839.5,713.7,947.9,0.9972368594365935,0.9873273779365933
matrix_free_joint_rank8_int4_per_row_hadamard,pooled_router_square_compressed,749,1536,20,4,32,756.0625,749.0,673.9,872.0,0.9938982485201481,0.9862874199598572
matrix_free_joint_rank8_int4_per_row_hadamard,pooled_router_square_compressed,749,1536,20,5,32,710.71875,729.0,600.4,768.0,0.9916373996746755,0.9851655222706092
matrix_free_joint_rank8_int4_per_row_hadamard,pooled_router_square_compressed,749,1536,20,6,32,659.34375,681.0,577.6,766.1,0.987398095384934,0.9780058717356992
matrix_free_joint_rank8_int4_per_row_hadamard,pooled_router_square_compressed,749,1536,20,7,32,611.53125,597.5,529.9,719.0,0.9861534691018159,0.9703474683803816
matrix_free_joint_rank8_int4_per_row_hadamard,pooled_router_square_compressed,749,1536,20,8,32,568.3125,576.0,485.1,677.2,0.9789353701617141,0.9656080644474855
matrix_free_joint_rank8_int4_per_row_hadamard,pooled_router_square_compressed,749,1536,39,1,32,940.09375,963.0,764.6,1072.9,0.999482433238517,0.9961168815557508
matrix_free_joint_rank8_int4_per_row_hadamard,pooled_router_square_compressed,749,1536,39,2,32,882.03125,879.0,768.0,1014.0,0.9987048055169279,0.9959435737803743
matrix_free_joint_rank8_int4_per_row_hadamard,pooled_router_square_compressed,749,1536,39,3,32,827.21875,811.0,731.0,959.0,0.9975788972027132,0.9933339064073761
matrix_free_joint_rank8_int4_per_row_hadamard,pooled_router_square_compressed,749,1536,39,4,32,772.59375,751.5,668.9,899.9,0.9953545002739637,0.9930233941921087
matrix_free_joint_rank8_int4_per_row_hadamard,pooled_router_square_compressed,749,1536,39,5,32,701.3125,729.0,576.2,768.0,0.9945060943849592,0.9745055447283347
matrix_free_joint_rank8_int4_per_row_hadamard,pooled_router_square_compressed,749,1536,39,6,32,681.28125,687.5,576.0,785.6,0.9884312489533453,0.9748912964037175
matrix_free_joint_rank8_int4_per_row_hadamard,pooled_router_square_compressed,749,1536,39,7,32,635.53125,641.5,497.7,755.1,0.9905963286159555,0.9761208868899774
matrix_free_joint_rank8_int4_per_row_hadamard,pooled_router_square_compressed,749,1536,39,8,32,547.25,575.0,418.0,657.6000000000001,0.9820992501375335,0.9554879701720757
matrix_free_joint_rank8_int4_per_row_hadamard,pooled_router_square_compressed,768,768,0,1,32,745.15625,768.0,727.0,768.0,0.9999975416636515,0.9996826522168117
matrix_free_joint_rank8_int4_per_row_hadamard,pooled_router_square_compressed,768,768,0,2,32,754.09375,768.0,727.0,768.0,0.999985857691232,0.9984872636986432
matrix_free_joint_rank8_int4_per_row_hadamard,pooled_router_square_compressed,768,768,0,3,32,760.90625,768.0,727.0,768.0,0.9999463212798596,0.9994549687298135
matrix_free_joint_rank8_int4_per_row_hadamard,pooled_router_square_compressed,768,768,0,4,32,763.8125,768.0,761.5,768.0,0.9999906976909638,0.9996531235069044
matrix_free_joint_rank8_int4_per_row_hadamard,pooled_router_square_compressed,768,768,0,5,32,760.0,768.0,727.0,768.0,0.9999917884798516,0.9992141513874245
matrix_free_joint_rank8_int4_per_row_hadamard,pooled_router_square_compressed,768,768,0,6,32,759.125,768.0,727.0,768.0,0.9999771589202227,0.9990457859179445
matrix_free_joint_rank8_int4_per_row_hadamard,pooled_router_square_compressed,768,768,0,7,32,756.34375,768.0,727.0,768.0,0.9999883926600929,0.9987593118761963
matrix_free_joint_rank8_int4_per_row_hadamard,pooled_router_square_compressed,768,768,0,8,32,754.375,768.0,727.0,768.0,0.9999904915987008,0.9988487516540957
matrix_free_joint_rank8_int4_per_row_hadamard,pooled_router_square_compressed,768,768,4,1,32,766.875,768.0,768.0,768.0,0.9960789565154449,0.9919223860550943
matrix_free_joint_rank8_int4_per_row_hadamard,pooled_router_square_compressed,768,768,4,2,32,766.1875,768.0,768.0,768.0,0.9953579713446433,0.9899821192265037
matrix_free_joint_rank8_int4_per_row_hadamard,pooled_router_square_compressed,768,768,4,3,32,767.40625,768.0,768.0,768.0,0.994718412585547,0.9910811581035366
matrix_free_joint_rank8_int4_per_row_hadamard,pooled_router_square_compressed,768,768,4,4,32,767.21875,768.0,768.0,768.0,0.9954492729506715,0.9916765300165093
matrix_free_joint_rank8_int4_per_row_hadamard,pooled_router_square_compressed,768,768,4,5,32,768.0,768.0,768.0,768.0,0.9943166169481468,0.9906975743735765
matrix_free_joint_rank8_int4_per_row_hadamard,pooled_router_square_compressed,768,768,4,6,32,767.59375,768.0,768.0,768.0,0.9944320051245965,0.9914087904563937
matrix_free_joint_rank8_int4_per_row_hadamard,pooled_router_square_compressed,768,768,4,7,32,766.59375,768.0,767.1,768.0,0.9931205752742716,0.9893157173860083
matrix_free_joint_rank8_int4_per_row_hadamard,pooled_router_square_compressed,768,768,4,8,32,767.59375,768.0,768.0,768.0,0.99270202904279,0.9895233024878354
matrix_free_joint_rank8_int4_per_row_hadamard,pooled_router_square_compressed,768,768,20,1,32,767.96875,768.0,768.0,768.0,0.9938808682205247,0.9900527805229392
matrix_free_joint_rank8_int4_per_row_hadamard,pooled_router_square_compressed,768,768,20,2,32,767.8125,768.0,768.0,768.0,0.9960908954927085,0.9888641582331078
matrix_free_joint_rank8_int4_per_row_hadamard,pooled_router_square_compressed,768,768,20,3,32,767.15625,768.0,768.0,768.0,0.9945294761482282,0.9902104299549941
matrix_free_joint_rank8_int4_per_row_hadamard,pooled_router_square_compressed,768,768,20,4,32,768.0,768.0,768.0,768.0,0.9935526758848547,0.9887009408260969
matrix_free_joint_rank8_int4_per_row_hadamard,pooled_router_square_compressed,768,768,20,5,32,767.3125,768.0,767.1,768.0,0.9939927927015535,0.9902496493741644
matrix_free_joint_rank8_int4_per_row_hadamard,pooled_router_square_compressed,768,768,20,6,32,767.5,768.0,768.0,768.0,0.9923103994879258,0.9900286739277665
matrix_free_joint_rank8_int4_per_row_hadamard,pooled_router_square_compressed,768,768,20,7,32,767.53125,768.0,768.0,768.0,0.9940385633783021,0.9897749608355078
matrix_free_joint_rank8_int4_per_row_hadamard,pooled_router_square_compressed,768,768,20,8,32,766.9375,768.0,768.0,768.0,0.992743145199289,0.9886472575721118
matrix_free_joint_rank8_int4_per_row_hadamard,pooled_router_square_compressed,768,768,39,1,32,766.625,768.0,766.1,768.0,0.9978851684464503,0.993087803271325
matrix_free_joint_rank8_int4_per_row_hadamard,pooled_router_square_compressed,768,768,39,2,32,765.46875,768.0,768.0,768.0,0.9974015399557623,0.9942935733591352
matrix_free_joint_rank8_int4_per_row_hadamard,pooled_router_square_compressed,768,768,39,3,32,767.875,768.0,768.0,768.0,0.9966688509387458,0.9929648937472636
matrix_free_joint_rank8_int4_per_row_hadamard,pooled_router_square_compressed,768,768,39,4,32,766.75,768.0,768.0,768.0,0.9954285396252655,0.9921500773010833
matrix_free_joint_rank8_int4_per_row_hadamard,pooled_router_square_compressed,768,768,39,5,32,767.34375,768.0,768.0,768.0,0.9952533626547454,0.989998372361262
matrix_free_joint_rank8_int4_per_row_hadamard,pooled_router_square_compressed,768,768,39,6,32,768.0,768.0,768.0,768.0,0.9941623124327471,0.9905309107702052
matrix_free_joint_rank8_int4_per_row_hadamard,pooled_router_square_compressed,768,768,39,7,32,767.8125,768.0,768.0,768.0,0.9952522372270043,0.9910346335023388
matrix_free_joint_rank8_int4_per_row_hadamard,pooled_router_square_compressed,768,768,39,8,32,766.96875,768.0,766.2,768.0,0.9946238868036662,0.9882558252819047
matrix_free_joint_rank8_int4_per_row_hadamard,pooled_router_square_compressed,768,1152,0,1,32,841.59375,758.5,602.7,1150.0,0.9999990053191998,0.9999648094247388
matrix_free_joint_rank8_int4_per_row_hadamard,pooled_router_square_compressed,768,1152,0,2,32,826.65625,789.0,590.3,1146.3000000000002,0.9999960342821864,0.9999366174668091
matrix_free_joint_rank8_int4_per_row_hadamard,pooled_router_square_compressed,768,1152,0,3,32,803.4375,811.0,622.3,972.5,0.9999894880734302,0.9998632496744949
matrix_free_joint_rank8_int4_per_row_hadamard,pooled_router_square_compressed,768,1152,0,4,32,765.75,769.0,621.7,923.6,0.9999750791057236,0.9998915916116925
matrix_free_joint_rank8_int4_per_row_hadamard,pooled_router_square_compressed,768,1152,0,5,32,737.09375,728.5,577.9,939.1,0.9999582745800913,0.9996093909590982
matrix_free_joint_rank8_int4_per_row_hadamard,pooled_router_square_compressed,768,1152,0,6,32,755.65625,749.0,574.2,955.2,0.999949936973805,0.9996666826650069
matrix_free_joint_rank8_int4_per_row_hadamard,pooled_router_square_compressed,768,1152,0,7,32,712.875,719.5,499.1,947.9000000000002,0.999849342415674,0.9993879490975641
matrix_free_joint_rank8_int4_per_row_hadamard,pooled_router_square_compressed,768,1152,0,8,32,699.125,686.0,503.2,951.0,0.9998258637290697,0.9992804584330035
matrix_free_joint_rank8_int4_per_row_hadamard,pooled_router_square_compressed,768,1152,4,1,32,1087.3125,1122.5,975.5,1152.0,0.9995970622994947,0.9989203633695074
matrix_free_joint_rank8_int4_per_row_hadamard,pooled_router_square_compressed,768,1152,4,2,32,1018.28125,1000.0,935.7,1136.8,0.9992097624085382,0.9974762075234221
matrix_free_joint_rank8_int4_per_row_hadamard,pooled_router_square_compressed,768,1152,4,3,32,902.5,894.0,776.6,1034.7,0.9978994887527299,0.9940323259273857
matrix_free_joint_rank8_int4_per_row_hadamard,pooled_router_square_compressed,768,1152,4,4,32,804.59375,768.0,745.4,910.2,0.9962758157876173,0.991606752228811
matrix_free_joint_rank8_int4_per_row_hadamard,pooled_router_square_compressed,768,1152,4,5,32,725.46875,726.5,622.0,804.1,0.9937384361496711,0.9852403117895725
matrix_free_joint_rank8_int4_per_row_hadamard,pooled_router_square_compressed,768,1152,4,6,32,635.25,637.0,564.3,749.0,0.9876130006384568,0.9765972182075975
matrix_free_joint_rank8_int4_per_row_hadamard,pooled_router_square_compressed,768,1152,4,7,32,520.71875,505.0,404.6,608.7,0.9736553806887756,0.9385409474452951
matrix_free_joint_rank8_int4_per_row_hadamard,pooled_router_square_compressed,768,1152,4,8,32,445.90625,390.5,352.4,576.0,0.9695085644247383,0.9159410834716492
matrix_free_joint_rank8_int4_per_row_hadamard,pooled_router_square_compressed,768,1152,20,1,32,1021.8125,1069.5,924.4,1152.0,0.9995062445458847,0.9969679803244222
matrix_free_joint_rank8_int4_per_row_hadamard,pooled_router_square_compressed,768,1152,20,2,32,864.875,893.0,730.0,973.0000000000001,0.9983947953062061,0.9930719431415487
matrix_free_joint_rank8_int4_per_row_hadamard,pooled_router_square_compressed,768,1152,20,3,32,862.5625,875.5,768.0,969.6,0.9972784380666926,0.9901784675682025
matrix_free_joint_rank8_int4_per_row_hadamard,pooled_router_square_compressed,768,1152,20,4,32,774.5,768.0,709.0,873.9,0.9941202026451995,0.9865038314377366
matrix_free_joint_rank8_int4_per_row_hadamard,pooled_router_square_compressed,768,1152,20,5,32,723.5625,749.0,633.3,780.9,0.9916056371764097,0.9862486269692867
matrix_free_joint_rank8_int4_per_row_hadamard,pooled_router_square_compressed,768,1152,20,6,32,678.0,697.5,579.2,768.0,0.9885683853445699,0.9810735286587309
matrix_free_joint_rank8_int4_per_row_hadamard,pooled_router_square_compressed,768,1152,20,7,32,618.53125,596.5,540.7,729.0,0.9864403628771238,0.9695223142855518
matrix_free_joint_rank8_int4_per_row_hadamard,pooled_router_square_compressed,768,1152,20,8,32,596.75,576.0,485.1,715.4000000000001,0.98521230904175,0.9666904748446157
matrix_free_joint_rank8_int4_per_row_hadamard,pooled_router_square_compressed,768,1152,39,1,32,945.0625,963.0,768.0,1131.6000000000001,0.999482433238517,0.9952872645372455
matrix_free_joint_rank8_int4_per_row_hadamard,pooled_router_square_compressed,768,1152,39,2,32,886.375,887.0,768.0,1014.0,0.9987575082542788,0.9959435737803743
matrix_free_joint_rank8_int4_per_row_hadamard,pooled_router_square_compressed,768,1152,39,3,32,847.09375,835.5,749.0,959.0,0.9986597307551741,0.9933798514263049
matrix_free_joint_rank8_int4_per_row_hadamard,pooled_router_square_compressed,768,1152,39,4,32,791.90625,786.5,668.9,907.7,0.9960260855092662,0.9936866946324434
matrix_free_joint_rank8_int4_per_row_hadamard,pooled_router_square_compressed,768,1152,39,5,32,733.5625,749.0,617.6,807.4,0.9953841577169209,0.9864309836932542
matrix_free_joint_rank8_int4_per_row_hadamard,pooled_router_square_compressed,768,1152,39,6,32,713.34375,739.0,591.6,791.4,0.9920367079158507,0.9821807995902851
matrix_free_joint_rank8_int4_per_row_hadamard,pooled_router_square_compressed,768,1152,39,7,32,647.96875,652.0,497.7,757.1,0.9915694033735802,0.9767911962221392
matrix_free_joint_rank8_int4_per_row_hadamard,pooled_router_square_compressed,768,1152,39,8,32,574.46875,576.0,432.5,685.8,0.9839693080611939,0.9582762573715131
matrix_free_joint_rank8_int4_per_row_hadamard,pooled_router_square_compressed,768,1536,0,1,32,840.09375,758.5,585.6,1150.0,0.9999990011664643,0.9999551553008129
matrix_free_joint_rank8_int4_per_row_hadamard,pooled_router_square_compressed,768,1536,0,2,32,841.6875,789.0,590.3,1146.3000000000002,0.9999967561196877,0.9999462002097893
matrix_free_joint_rank8_int4_per_row_hadamard,pooled_router_square_compressed,768,1536,0,3,32,801.96875,808.5,622.3,972.5,0.9999877930039504,0.9998632496744949
matrix_free_joint_rank8_int4_per_row_hadamard,pooled_router_square_compressed,768,1536,0,4,32,765.125,769.0,621.7,923.6,0.9999719678438446,0.9998915916116925
matrix_free_joint_rank8_int4_per_row_hadamard,pooled_router_square_compressed,768,1536,0,5,32,735.625,728.5,568.0,939.1,0.9999543712564578,0.9996093909590982
matrix_free_joint_rank8_int4_per_row_hadamard,pooled_router_square_compressed,768,1536,0,6,32,751.84375,731.5,574.2,955.2,0.999949936973805,0.9995828500281547
matrix_free_joint_rank8_int4_per_row_hadamard,pooled_router_square_compressed,768,1536,0,7,32,710.34375,706.5,499.1,947.9000000000002,0.9998351116663702,0.9993288360674304
matrix_free_joint_rank8_int4_per_row_hadamard,pooled_router_square_compressed,768,1536,0,8,32,695.40625,656.0,503.2,951.0,0.9998258637290697,0.9989521314507275
matrix_free_joint_rank8_int4_per_row_hadamard,pooled_router_square_compressed,768,1536,4,1,32,1105.28125,1123.0,975.5,1221.6000000000001,0.9996595281581274,0.9989203633695074
matrix_free_joint_rank8_int4_per_row_hadamard,pooled_router_square_compressed,768,1536,4,2,32,1018.59375,1000.0,935.7,1150.6000000000001,0.9992097624085382,0.9974762075234221
matrix_free_joint_rank8_int4_per_row_hadamard,pooled_router_square_compressed,768,1536,4,3,32,899.0625,894.0,776.6,1034.5,0.9977556304337514,0.9940323259273857
matrix_free_joint_rank8_int4_per_row_hadamard,pooled_router_square_compressed,768,1536,4,4,32,803.875,768.0,745.4,910.2,0.9962758157876173,0.991606752228811
matrix_free_joint_rank8_int4_per_row_hadamard,pooled_router_square_compressed,768,1536,4,5,32,723.78125,729.0,622.0,793.8000000000001,0.9937384361496711,0.9852403117895725
matrix_free_joint_rank8_int4_per_row_hadamard,pooled_router_square_compressed,768,1536,4,6,32,634.0,637.0,538.7,749.0,0.9876130006384568,0.9743243013911829
matrix_free_joint_rank8_int4_per_row_hadamard,pooled_router_square_compressed,768,1536,4,7,32,520.71875,505.0,404.6,608.7,0.9736553806887756,0.9385409474452951
matrix_free_joint_rank8_int4_per_row_hadamard,pooled_router_square_compressed,768,1536,4,8,32,435.25,390.5,297.1,575.4,0.9663902617600053,0.9159410834716492
matrix_free_joint_rank8_int4_per_row_hadamard,pooled_router_square_compressed,768,1536,20,1,32,1034.875,1069.5,924.4,1186.3,0.9995062445458847,0.9969679803244222
matrix_free_joint_rank8_int4_per_row_hadamard,pooled_router_square_compressed,768,1536,20,2,32,863.9375,893.0,730.0,973.0000000000001,0.9983947953062061,0.9930719431415487
matrix_free_joint_rank8_int4_per_row_hadamard,pooled_router_square_compressed,768,1536,20,3,32,861.625,875.5,741.0,969.6,0.9972784380666926,0.9901417660053577
matrix_free_joint_rank8_int4_per_row_hadamard,pooled_router_square_compressed,768,1536,20,4,32,771.8125,768.0,709.0,873.9,0.9941202026451995,0.9865038314377366
matrix_free_joint_rank8_int4_per_row_hadamard,pooled_router_square_compressed,768,1536,20,5,32,723.5625,749.0,633.3,780.9,0.9916056371764097,0.9862486269692867
matrix_free_joint_rank8_int4_per_row_hadamard,pooled_router_square_compressed,768,1536,20,6,32,678.0,697.5,579.2,768.0,0.9885683853445699,0.9810735286587309
matrix_free_joint_rank8_int4_per_row_hadamard,pooled_router_square_compressed,768,1536,20,7,32,612.40625,596.5,529.9,729.0,0.9860055064258659,0.9695223142855518
matrix_free_joint_rank8_int4_per_row_hadamard,pooled_router_square_compressed,768,1536,20,8,32,594.21875,576.0,485.1,715.4000000000001,0.98521230904175,0.9666904748446157
matrix_free_joint_rank8_int4_per_row_hadamard,pooled_router_square_compressed,768,1536,39,1,32,950.4375,963.0,768.0,1152.0,0.9995347523616968,0.9952872645372455
matrix_free_joint_rank8_int4_per_row_hadamard,pooled_router_square_compressed,768,1536,39,2,32,886.375,887.0,768.0,1014.0,0.9987575082542788,0.9959435737803743
matrix_free_joint_rank8_int4_per_row_hadamard,pooled_router_square_compressed,768,1536,39,3,32,847.09375,835.5,749.0,959.0,0.9986597307551741,0.9933798514263049
matrix_free_joint_rank8_int4_per_row_hadamard,pooled_router_square_compressed,768,1536,39,4,32,786.78125,764.5,668.9,907.7,0.9953570140860803,0.9933197255452476
matrix_free_joint_rank8_int4_per_row_hadamard,pooled_router_square_compressed,768,1536,39,5,32,733.5625,749.0,617.6,807.4,0.9953841577169209,0.9864309836932542
matrix_free_joint_rank8_int4_per_row_hadamard,pooled_router_square_compressed,768,1536,39,6,32,714.09375,749.0,578.1,791.4,0.9927127809668742,0.9821807995902851
matrix_free_joint_rank8_int4_per_row_hadamard,pooled_router_square_compressed,768,1536,39,7,32,647.34375,652.0,497.7,757.1,0.991455070851826,0.9767911962221392
matrix_free_joint_rank8_int4_per_row_hadamard,pooled_router_square_compressed,768,1536,39,8,32,574.46875,576.0,432.5,685.8,0.9839693080611939,0.9582762573715131
matrix_free_joint_rank8_int4_per_row_hadamard,uniform_per_expert,384,384,0,1,32,383.46875,384.0,384.0,384.0,0.9963785060531779,0.98849430074696
matrix_free_joint_rank8_int4_per_row_hadamard,uniform_per_expert,384,384,0,2,32,382.78125,384.0,384.0,384.0,0.9940585028354607,0.9803092058821001
matrix_free_joint_rank8_int4_per_row_hadamard,uniform_per_expert,384,384,0,3,32,383.0625,384.0,384.0,384.0,0.9923051664136112,0.980800474983606
matrix_free_joint_rank8_int4_per_row_hadamard,uniform_per_expert,384,384,0,4,32,383.125,384.0,384.0,384.0,0.9933271813161795,0.9847870028405448
matrix_free_joint_rank8_int4_per_row_hadamard,uniform_per_expert,384,384,0,5,32,384.0,384.0,384.0,384.0,0.9933855586092857,0.9841390562198895
matrix_free_joint_rank8_int4_per_row_hadamard,uniform_per_expert,384,384,0,6,32,383.90625,384.0,384.0,384.0,0.9923374379725938,0.9802749660867343
matrix_free_joint_rank8_int4_per_row_hadamard,uniform_per_expert,384,384,0,7,32,384.0,384.0,384.0,384.0,0.9928185694594951,0.9746075265224774
matrix_free_joint_rank8_int4_per_row_hadamard,uniform_per_expert,384,384,0,8,32,383.59375,384.0,384.0,384.0,0.9936347124317506,0.9788519690946417
matrix_free_joint_rank8_int4_per_row_hadamard,uniform_per_expert,384,384,4,1,32,383.4375,384.0,384.0,384.0,0.9654982767591778,0.9371952636121086
matrix_free_joint_rank8_int4_per_row_hadamard,uniform_per_expert,384,384,4,2,32,383.4375,384.0,384.0,384.0,0.961990061538434,0.9201988936945942
matrix_free_joint_rank8_int4_per_row_hadamard,uniform_per_expert,384,384,4,3,32,383.96875,384.0,384.0,384.0,0.9579996235695414,0.929316631998416
matrix_free_joint_rank8_int4_per_row_hadamard,uniform_per_expert,384,384,4,4,32,383.59375,384.0,383.1,384.0,0.9625850191555302,0.9388689336889684
matrix_free_joint_rank8_int4_per_row_hadamard,uniform_per_expert,384,384,4,5,32,384.0,384.0,384.0,384.0,0.9559149976755683,0.9265364538473166
matrix_free_joint_rank8_int4_per_row_hadamard,uniform_per_expert,384,384,4,6,32,382.875,384.0,384.0,384.0,0.9610368359154551,0.9374968269949119
matrix_free_joint_rank8_int4_per_row_hadamard,uniform_per_expert,384,384,4,7,32,384.0,384.0,384.0,384.0,0.9467904721521843,0.9120806796018555
matrix_free_joint_rank8_int4_per_row_hadamard,uniform_per_expert,384,384,4,8,32,383.9375,384.0,384.0,384.0,0.9472279670836483,0.9166854210033105
matrix_free_joint_rank8_int4_per_row_hadamard,uniform_per_expert,384,384,20,1,32,384.0,384.0,384.0,384.0,0.9484953746886753,0.9265610070766719
matrix_free_joint_rank8_int4_per_row_hadamard,uniform_per_expert,384,384,20,2,32,383.84375,384.0,384.0,384.0,0.9689478692077313,0.9233144584305744
matrix_free_joint_rank8_int4_per_row_hadamard,uniform_per_expert,384,384,20,3,32,383.9375,384.0,384.0,384.0,0.9557057341288959,0.9320941461637442
matrix_free_joint_rank8_int4_per_row_hadamard,uniform_per_expert,384,384,20,4,32,383.53125,384.0,384.0,384.0,0.9458911341827453,0.9184791673608299
matrix_free_joint_rank8_int4_per_row_hadamard,uniform_per_expert,384,384,20,5,32,383.96875,384.0,384.0,384.0,0.9462048070991,0.9198874287062809
matrix_free_joint_rank8_int4_per_row_hadamard,uniform_per_expert,384,384,20,6,32,383.40625,384.0,384.0,384.0,0.9387799564068948,0.925482376881682
matrix_free_joint_rank8_int4_per_row_hadamard,uniform_per_expert,384,384,20,7,32,384.0,384.0,384.0,384.0,0.9512128611734506,0.9111411541168773
matrix_free_joint_rank8_int4_per_row_hadamard,uniform_per_expert,384,384,20,8,32,383.9375,384.0,384.0,384.0,0.9458491213311817,0.9139084033443869
matrix_free_joint_rank8_int4_per_row_hadamard,uniform_per_expert,384,384,39,1,32,382.40625,384.0,379.1,384.0,0.9818974329176489,0.9420304246053116
matrix_free_joint_rank8_int4_per_row_hadamard,uniform_per_expert,384,384,39,2,32,383.59375,384.0,384.0,384.0,0.9761675224182078,0.9541852801923358
matrix_free_joint_rank8_int4_per_row_hadamard,uniform_per_expert,384,384,39,3,32,383.59375,384.0,384.0,384.0,0.9718905868386644,0.9437253750315147
matrix_free_joint_rank8_int4_per_row_hadamard,uniform_per_expert,384,384,39,4,32,383.5625,384.0,384.0,384.0,0.9651150347815427,0.940375383136148
matrix_free_joint_rank8_int4_per_row_hadamard,uniform_per_expert,384,384,39,5,32,383.78125,384.0,384.0,384.0,0.9628074163907023,0.9190144299702786
matrix_free_joint_rank8_int4_per_row_hadamard,uniform_per_expert,384,384,39,6,32,383.90625,384.0,384.0,384.0,0.9542613871766545,0.9142676578818519
matrix_free_joint_rank8_int4_per_row_hadamard,uniform_per_expert,384,384,39,7,32,383.875,384.0,384.0,384.0,0.959610156966433,0.933933488172622
matrix_free_joint_rank8_int4_per_row_hadamard,uniform_per_expert,384,384,39,8,32,382.75,384.0,380.4,384.0,0.9538982924303404,0.907640679320353
matrix_free_joint_rank8_int4_per_row_hadamard,uniform_per_expert,576,576,0,1,32,575.84375,576.0,576.0,576.0,0.9996702601690562,0.9976395979997805
matrix_free_joint_rank8_int4_per_row_hadamard,uniform_per_expert,576,576,0,2,32,575.71875,576.0,576.0,576.0,0.9993472807950329,0.9940710166978642
matrix_free_joint_rank8_int4_per_row_hadamard,uniform_per_expert,576,576,0,3,32,575.9375,576.0,576.0,576.0,0.998911399469933,0.996089132090181
matrix_free_joint_rank8_int4_per_row_hadamard,uniform_per_expert,576,576,0,4,32,574.40625,576.0,576.0,576.0,0.9993835548460221,0.9973881548582342
matrix_free_joint_rank8_int4_per_row_hadamard,uniform_per_expert,576,576,0,5,32,574.9375,576.0,576.0,576.0,0.9992434156105819,0.9961305566706613
matrix_free_joint_rank8_int4_per_row_hadamard,uniform_per_expert,576,576,0,6,32,575.78125,576.0,576.0,576.0,0.9991976385864174,0.9953713354149512
matrix_free_joint_rank8_int4_per_row_hadamard,uniform_per_expert,576,576,0,7,32,576.0,576.0,576.0,576.0,0.9992797454375144,0.9952937689318379
matrix_free_joint_rank8_int4_per_row_hadamard,uniform_per_expert,576,576,0,8,32,575.65625,576.0,576.0,576.0,0.999369438346766,0.9944587804261186
matrix_free_joint_rank8_int4_per_row_hadamard,uniform_per_expert,576,576,4,1,32,575.21875,576.0,576.0,576.0,0.9879844318886417,0.9772344874760942
matrix_free_joint_rank8_int4_per_row_hadamard,uniform_per_expert,576,576,4,2,32,575.8125,576.0,576.0,576.0,0.986478488028309,0.9689848888912891
matrix_free_joint_rank8_int4_per_row_hadamard,uniform_per_expert,576,576,4,3,32,575.34375,576.0,576.0,576.0,0.9851514488725921,0.9751792423629044
matrix_free_joint_rank8_int4_per_row_hadamard,uniform_per_expert,576,576,4,4,32,576.0,576.0,576.0,576.0,0.9860841498551643,0.9762316669575767
matrix_free_joint_rank8_int4_per_row_hadamard,uniform_per_expert,576,576,4,5,32,575.46875,576.0,576.0,576.0,0.9841905598772396,0.9728199989060238
matrix_free_joint_rank8_int4_per_row_hadamard,uniform_per_expert,576,576,4,6,32,576.0,576.0,576.0,576.0,0.9850314137851643,0.9734981575772959
matrix_free_joint_rank8_int4_per_row_hadamard,uniform_per_expert,576,576,4,7,32,575.9375,576.0,576.0,576.0,0.9806420886811558,0.9682154938793842
matrix_free_joint_rank8_int4_per_row_hadamard,uniform_per_expert,576,576,4,8,32,575.875,576.0,576.0,576.0,0.9804826693014002,0.9709626494964672
matrix_free_joint_rank8_int4_per_row_hadamard,uniform_per_expert,576,576,20,1,32,575.59375,576.0,576.0,576.0,0.980586233280377,0.9711793122200602
matrix_free_joint_rank8_int4_per_row_hadamard,uniform_per_expert,576,576,20,2,32,575.1875,576.0,576.0,576.0,0.9876584146449447,0.9701077197983651
matrix_free_joint_rank8_int4_per_row_hadamard,uniform_per_expert,576,576,20,3,32,575.9375,576.0,576.0,576.0,0.9832507552171786,0.9700925961508807
matrix_free_joint_rank8_int4_per_row_hadamard,uniform_per_expert,576,576,20,4,32,575.53125,576.0,576.0,576.0,0.9798041459071125,0.9676483157026898
matrix_free_joint_rank8_int4_per_row_hadamard,uniform_per_expert,576,576,20,5,32,575.90625,576.0,576.0,576.0,0.9806409245800812,0.9688692578598223
matrix_free_joint_rank8_int4_per_row_hadamard,uniform_per_expert,576,576,20,6,32,575.28125,576.0,576.0,576.0,0.9754335765795377,0.9717634108911289
matrix_free_joint_rank8_int4_per_row_hadamard,uniform_per_expert,576,576,20,7,32,576.0,576.0,576.0,576.0,0.9809662488905309,0.9695223142855518
matrix_free_joint_rank8_int4_per_row_hadamard,uniform_per_expert,576,576,20,8,32,575.4375,576.0,576.0,576.0,0.9794454745607183,0.9674784105815142
matrix_free_joint_rank8_int4_per_row_hadamard,uniform_per_expert,576,576,39,1,32,575.34375,576.0,576.0,576.0,0.9935564089480873,0.9800900126642871
matrix_free_joint_rank8_int4_per_row_hadamard,uniform_per_expert,576,576,39,2,32,574.78125,576.0,576.0,576.0,0.9917348957616869,0.983546314430179
matrix_free_joint_rank8_int4_per_row_hadamard,uniform_per_expert,576,576,39,3,32,574.71875,576.0,576.0,576.0,0.9895852241033511,0.9772874065453729
matrix_free_joint_rank8_int4_per_row_hadamard,uniform_per_expert,576,576,39,4,32,575.46875,576.0,576.0,576.0,0.9868844982385587,0.9783705526088834
matrix_free_joint_rank8_int4_per_row_hadamard,uniform_per_expert,576,576,39,5,32,576.0,576.0,576.0,576.0,0.9856857654221919,0.9718767912668469
matrix_free_joint_rank8_int4_per_row_hadamard,uniform_per_expert,576,576,39,6,32,575.90625,576.0,576.0,576.0,0.9824063926634701,0.9697587398858954
matrix_free_joint_rank8_int4_per_row_hadamard,uniform_per_expert,576,576,39,7,32,575.5625,576.0,576.0,576.0,0.9855698797022564,0.976291175822683
matrix_free_joint_rank8_int4_per_row_hadamard,uniform_per_expert,576,576,39,8,32,575.6875,576.0,575.1,576.0,0.9833889848322371,0.9651240528876353
matrix_free_joint_rank8_int4_per_row_hadamard,uniform_per_expert,749,749,0,1,32,732.8125,749.0,727.0,749.0,0.9999954931338344,0.9996391610558584
matrix_free_joint_rank8_int4_per_row_hadamard,uniform_per_expert,749,749,0,2,32,739.0625,749.0,727.0,749.0,0.9999724574667577,0.9982697709134177
matrix_free_joint_rank8_int4_per_row_hadamard,uniform_per_expert,749,749,0,3,32,745.34375,749.0,727.0,749.0,0.9999287427406733,0.999293737364991
matrix_free_joint_rank8_int4_per_row_hadamard,uniform_per_expert,749,749,0,4,32,746.8125,749.0,746.2,749.0,0.999980168230659,0.9995675338602923
matrix_free_joint_rank8_int4_per_row_hadamard,uniform_per_expert,749,749,0,5,32,744.8125,749.0,727.0,749.0,0.9999841830851635,0.9989621290793981
matrix_free_joint_rank8_int4_per_row_hadamard,uniform_per_expert,749,749,0,6,32,744.625,749.0,727.0,749.0,0.9999606420571863,0.9987834795540917
matrix_free_joint_rank8_int4_per_row_hadamard,uniform_per_expert,749,749,0,7,32,742.6875,749.0,727.0,749.0,0.9999778196243515,0.9986849886149447
matrix_free_joint_rank8_int4_per_row_hadamard,uniform_per_expert,749,749,0,8,32,739.78125,749.0,727.0,749.0,0.9999827549064624,0.998673241266952
matrix_free_joint_rank8_int4_per_row_hadamard,uniform_per_expert,749,749,4,1,32,749.0,749.0,749.0,749.0,0.9955871830226157,0.9910466892016866
matrix_free_joint_rank8_int4_per_row_hadamard,uniform_per_expert,749,749,4,2,32,747.375,749.0,742.0,749.0,0.9950092472135215,0.9884230556781047
matrix_free_joint_rank8_int4_per_row_hadamard,uniform_per_expert,749,749,4,3,32,747.34375,749.0,749.0,749.0,0.9941239761567532,0.9898039867239042
matrix_free_joint_rank8_int4_per_row_hadamard,uniform_per_expert,749,749,4,4,32,749.0,749.0,749.0,749.0,0.9948229900711856,0.9906857892377655
matrix_free_joint_rank8_int4_per_row_hadamard,uniform_per_expert,749,749,4,5,32,748.25,749.0,749.0,749.0,0.9938318997842028,0.989329344503436
matrix_free_joint_rank8_int4_per_row_hadamard,uniform_per_expert,749,749,4,6,32,748.03125,749.0,749.0,749.0,0.9939314869854443,0.9903498738875602
matrix_free_joint_rank8_int4_per_row_hadamard,uniform_per_expert,749,749,4,7,32,748.03125,749.0,749.0,749.0,0.9925635378311143,0.9882145679013876
matrix_free_joint_rank8_int4_per_row_hadamard,uniform_per_expert,749,749,4,8,32,749.0,749.0,749.0,749.0,0.9921419158402909,0.9883440830482414
matrix_free_joint_rank8_int4_per_row_hadamard,uniform_per_expert,749,749,20,1,32,748.96875,749.0,749.0,749.0,0.9930171534824981,0.9891922907009838
matrix_free_joint_rank8_int4_per_row_hadamard,uniform_per_expert,749,749,20,2,32,748.9375,749.0,749.0,749.0,0.9956686149424894,0.9878058161245488
matrix_free_joint_rank8_int4_per_row_hadamard,uniform_per_expert,749,749,20,3,32,748.59375,749.0,749.0,749.0,0.993872104836015,0.9891362012666826
matrix_free_joint_rank8_int4_per_row_hadamard,uniform_per_expert,749,749,20,4,32,748.96875,749.0,749.0,749.0,0.9930008089507067,0.9865479780571804
matrix_free_joint_rank8_int4_per_row_hadamard,uniform_per_expert,749,749,20,5,32,749.0,749.0,749.0,749.0,0.9928821315204868,0.9894271877920658
matrix_free_joint_rank8_int4_per_row_hadamard,uniform_per_expert,749,749,20,6,32,749.0,749.0,749.0,749.0,0.9912098510133225,0.9884959596884378
matrix_free_joint_rank8_int4_per_row_hadamard,uniform_per_expert,749,749,20,7,32,747.53125,749.0,744.2,749.0,0.9933208304904808,0.9882073839261667
matrix_free_joint_rank8_int4_per_row_hadamard,uniform_per_expert,749,749,20,8,32,748.9375,749.0,749.0,749.0,0.9920364871608849,0.987631331949449
matrix_free_joint_rank8_int4_per_row_hadamard,uniform_per_expert,749,749,39,1,32,748.78125,749.0,749.0,749.0,0.9976316517677806,0.9925961025818647
matrix_free_joint_rank8_int4_per_row_hadamard,uniform_per_expert,749,749,39,2,32,747.65625,749.0,749.0,749.0,0.9971336905317703,0.9935406299420837
matrix_free_joint_rank8_int4_per_row_hadamard,uniform_per_expert,749,749,39,3,32,748.1875,749.0,749.0,749.0,0.996370319334608,0.9919583640815713
matrix_free_joint_rank8_int4_per_row_hadamard,uniform_per_expert,749,749,39,4,32,748.5,749.0,749.0,749.0,0.9949550932465192,0.9918050215915447
matrix_free_joint_rank8_int4_per_row_hadamard,uniform_per_expert,749,749,39,5,32,748.75,749.0,749.0,749.0,0.9948038536886307,0.9887579293117317
matrix_free_joint_rank8_int4_per_row_hadamard,uniform_per_expert,749,749,39,6,32,749.0,749.0,749.0,749.0,0.9936913510597607,0.9887970879665493
matrix_free_joint_rank8_int4_per_row_hadamard,uniform_per_expert,749,749,39,7,32,748.90625,749.0,749.0,749.0,0.9947459187762442,0.9898545940816783
matrix_free_joint_rank8_int4_per_row_hadamard,uniform_per_expert,749,749,39,8,32,748.5,749.0,749.0,749.0,0.9938623677393346,0.9867857128355576
matrix_free_joint_rank8_int4_per_row_hadamard,uniform_per_expert,768,768,0,1,32,745.15625,768.0,727.0,768.0,0.9999975416636515,0.9996826522168117
matrix_free_joint_rank8_int4_per_row_hadamard,uniform_per_expert,768,768,0,2,32,754.09375,768.0,727.0,768.0,0.999985857691232,0.9984872636986432
matrix_free_joint_rank8_int4_per_row_hadamard,uniform_per_expert,768,768,0,3,32,760.90625,768.0,727.0,768.0,0.9999463212798596,0.9994549687298135
matrix_free_joint_rank8_int4_per_row_hadamard,uniform_per_expert,768,768,0,4,32,763.8125,768.0,761.5,768.0,0.9999906976909638,0.9996531235069044
matrix_free_joint_rank8_int4_per_row_hadamard,uniform_per_expert,768,768,0,5,32,760.0,768.0,727.0,768.0,0.9999917884798516,0.9992141513874245
matrix_free_joint_rank8_int4_per_row_hadamard,uniform_per_expert,768,768,0,6,32,759.125,768.0,727.0,768.0,0.9999771589202227,0.9990457859179445
matrix_free_joint_rank8_int4_per_row_hadamard,uniform_per_expert,768,768,0,7,32,756.34375,768.0,727.0,768.0,0.9999883926600929,0.9987593118761963
matrix_free_joint_rank8_int4_per_row_hadamard,uniform_per_expert,768,768,0,8,32,754.375,768.0,727.0,768.0,0.9999904915987008,0.9988487516540957
matrix_free_joint_rank8_int4_per_row_hadamard,uniform_per_expert,768,768,4,1,32,766.875,768.0,768.0,768.0,0.9960789565154449,0.9919223860550943
matrix_free_joint_rank8_int4_per_row_hadamard,uniform_per_expert,768,768,4,2,32,766.1875,768.0,768.0,768.0,0.9953579713446433,0.9899821192265037
matrix_free_joint_rank8_int4_per_row_hadamard,uniform_per_expert,768,768,4,3,32,767.40625,768.0,768.0,768.0,0.994718412585547,0.9910811581035366
matrix_free_joint_rank8_int4_per_row_hadamard,uniform_per_expert,768,768,4,4,32,767.21875,768.0,768.0,768.0,0.9954492729506715,0.9916765300165093
matrix_free_joint_rank8_int4_per_row_hadamard,uniform_per_expert,768,768,4,5,32,768.0,768.0,768.0,768.0,0.9943166169481468,0.9906975743735765
matrix_free_joint_rank8_int4_per_row_hadamard,uniform_per_expert,768,768,4,6,32,767.59375,768.0,768.0,768.0,0.9944320051245965,0.9914087904563937
matrix_free_joint_rank8_int4_per_row_hadamard,uniform_per_expert,768,768,4,7,32,766.59375,768.0,767.1,768.0,0.9931205752742716,0.9893157173860083
matrix_free_joint_rank8_int4_per_row_hadamard,uniform_per_expert,768,768,4,8,32,767.59375,768.0,768.0,768.0,0.99270202904279,0.9895233024878354
matrix_free_joint_rank8_int4_per_row_hadamard,uniform_per_expert,768,768,20,1,32,767.96875,768.0,768.0,768.0,0.9938808682205247,0.9900527805229392
matrix_free_joint_rank8_int4_per_row_hadamard,uniform_per_expert,768,768,20,2,32,767.8125,768.0,768.0,768.0,0.9960908954927085,0.9888641582331078
matrix_free_joint_rank8_int4_per_row_hadamard,uniform_per_expert,768,768,20,3,32,767.15625,768.0,768.0,768.0,0.9945294761482282,0.9902104299549941
matrix_free_joint_rank8_int4_per_row_hadamard,uniform_per_expert,768,768,20,4,32,768.0,768.0,768.0,768.0,0.9935526758848547,0.9887009408260969
matrix_free_joint_rank8_int4_per_row_hadamard,uniform_per_expert,768,768,20,5,32,767.3125,768.0,767.1,768.0,0.9939927927015535,0.9902496493741644
matrix_free_joint_rank8_int4_per_row_hadamard,uniform_per_expert,768,768,20,6,32,767.5,768.0,768.0,768.0,0.9923103994879258,0.9900286739277665
matrix_free_joint_rank8_int4_per_row_hadamard,uniform_per_expert,768,768,20,7,32,767.53125,768.0,768.0,768.0,0.9940385633783021,0.9897749608355078
matrix_free_joint_rank8_int4_per_row_hadamard,uniform_per_expert,768,768,20,8,32,766.9375,768.0,768.0,768.0,0.992743145199289,0.9886472575721118
matrix_free_joint_rank8_int4_per_row_hadamard,uniform_per_expert,768,768,39,1,32,766.625,768.0,766.1,768.0,0.9978851684464503,0.993087803271325
matrix_free_joint_rank8_int4_per_row_hadamard,uniform_per_expert,768,768,39,2,32,765.46875,768.0,768.0,768.0,0.9974015399557623,0.9942935733591352
matrix_free_joint_rank8_int4_per_row_hadamard,uniform_per_expert,768,768,39,3,32,767.875,768.0,768.0,768.0,0.9966688509387458,0.9929648937472636
matrix_free_joint_rank8_int4_per_row_hadamard,uniform_per_expert,768,768,39,4,32,766.75,768.0,768.0,768.0,0.9954285396252655,0.9921500773010833
matrix_free_joint_rank8_int4_per_row_hadamard,uniform_per_expert,768,768,39,5,32,767.34375,768.0,768.0,768.0,0.9952533626547454,0.989998372361262
matrix_free_joint_rank8_int4_per_row_hadamard,uniform_per_expert,768,768,39,6,32,768.0,768.0,768.0,768.0,0.9941623124327471,0.9905309107702052
matrix_free_joint_rank8_int4_per_row_hadamard,uniform_per_expert,768,768,39,7,32,767.8125,768.0,768.0,768.0,0.9952522372270043,0.9910346335023388
matrix_free_joint_rank8_int4_per_row_hadamard,uniform_per_expert,768,768,39,8,32,766.96875,768.0,766.2,768.0,0.9946238868036662,0.9882558252819047
