factor_config_id,allocation_policy,mean_budget_pages_per_expert,burst_cap_pages_per_expert,layer,router_rank,expert_invocations,selected_pages_mean,selected_pages_median,selected_pages_p10,selected_pages_p90,expert_recovery_median,expert_recovery_p10
exact_proxy_rank4_fp16,pooled_exact_combined_moe_column_generated_local,745,1536,0,1,32,804.5625,754.5,601.7,1036.0,0.9999974711346546,0.9999452495231501
exact_proxy_rank4_fp16,pooled_exact_combined_moe_column_generated_local,745,1536,0,2,32,827.0,774.0,577.7,1138.8000000000002,0.9999941491905694,0.9999235529785548
exact_proxy_rank4_fp16,pooled_exact_combined_moe_column_generated_local,745,1536,0,3,32,788.125,794.0,618.9,941.3000000000001,0.9999807214931873,0.9998480205033053
exact_proxy_rank4_fp16,pooled_exact_combined_moe_column_generated_local,745,1536,0,4,32,746.28125,757.0,595.8,896.1,0.9999585017621891,0.9998948765268681
exact_proxy_rank4_fp16,pooled_exact_combined_moe_column_generated_local,745,1536,0,5,32,715.875,708.0,573.3,898.9,0.9999174024458157,0.9995745162524191
exact_proxy_rank4_fp16,pooled_exact_combined_moe_column_generated_local,745,1536,0,6,32,725.6875,729.0,537.4,935.8000000000001,0.9998928635839515,0.9995923156962789
exact_proxy_rank4_fp16,pooled_exact_combined_moe_column_generated_local,745,1536,0,7,32,683.40625,680.0,479.0,892.7000000000002,0.9997997325609611,0.9991807227541097
exact_proxy_rank4_fp16,pooled_exact_combined_moe_column_generated_local,745,1536,0,8,32,668.21875,635.0,484.4,916.8000000000001,0.9997266001844594,0.9986252833848053
exact_proxy_rank4_fp16,pooled_exact_combined_moe_column_generated_local,745,1536,4,1,32,1084.9375,1081.5,960.3,1182.5,0.9996877456827398,0.9987653575098624
exact_proxy_rank4_fp16,pooled_exact_combined_moe_column_generated_local,745,1536,4,2,32,991.875,986.5,894.0,1081.7,0.9990292985339452,0.9978117403019432
exact_proxy_rank4_fp16,pooled_exact_combined_moe_column_generated_local,745,1536,4,3,32,869.09375,889.0,765.3,974.7,0.9975548722272652,0.9938529557287596
exact_proxy_rank4_fp16,pooled_exact_combined_moe_column_generated_local,745,1536,4,4,32,774.28125,768.0,692.8,893.5000000000001,0.9950857993596891,0.990593795387771
exact_proxy_rank4_fp16,pooled_exact_combined_moe_column_generated_local,745,1536,4,5,32,701.875,719.5,599.1,802.5,0.9902939710380702,0.9831542342106672
exact_proxy_rank4_fp16,pooled_exact_combined_moe_column_generated_local,745,1536,4,6,32,597.1875,587.0,478.2,683.0,0.9878201422501216,0.9736049592546802
exact_proxy_rank4_fp16,pooled_exact_combined_moe_column_generated_local,745,1536,4,7,32,515.25,505.0,385.6,591.9,0.9716874006718815,0.944451761029955
exact_proxy_rank4_fp16,pooled_exact_combined_moe_column_generated_local,745,1536,4,8,32,422.125,384.0,286.4,576.0,0.9613658111117847,0.9138465908143653
exact_proxy_rank4_fp16,pooled_exact_combined_moe_column_generated_local,745,1536,20,1,32,995.5,1032.0,841.5,1152.0,0.9990450227130925,0.995507481445552
exact_proxy_rank4_fp16,pooled_exact_combined_moe_column_generated_local,745,1536,20,2,32,843.375,877.5,697.8,967.8,0.9976048647485702,0.993003308560729
exact_proxy_rank4_fp16,pooled_exact_combined_moe_column_generated_local,745,1536,20,3,32,833.53125,844.5,707.1,942.3000000000001,0.9972985130587464,0.9881888948621222
exact_proxy_rank4_fp16,pooled_exact_combined_moe_column_generated_local,745,1536,20,4,32,737.5625,739.0,651.6,826.6,0.9937626070229797,0.9859015936598143
exact_proxy_rank4_fp16,pooled_exact_combined_moe_column_generated_local,745,1536,20,5,32,718.9375,749.0,579.1,773.4,0.9925633715522613,0.9803177863004808
exact_proxy_rank4_fp16,pooled_exact_combined_moe_column_generated_local,745,1536,20,6,32,658.40625,711.5,504.4,766.1,0.9891595705196344,0.9708974628352902
exact_proxy_rank4_fp16,pooled_exact_combined_moe_column_generated_local,745,1536,20,7,32,604.0625,576.0,513.9,726.8000000000001,0.9842297547162415,0.9709105128897155
exact_proxy_rank4_fp16,pooled_exact_combined_moe_column_generated_local,745,1536,20,8,32,565.78125,574.0,467.3,663.2,0.9814213935835128,0.9663193228715137
exact_proxy_rank4_fp16,pooled_exact_combined_moe_column_generated_local,745,1536,39,1,32,930.09375,931.5,768.0,1099.7,0.9994455329841732,0.993881622718183
exact_proxy_rank4_fp16,pooled_exact_combined_moe_column_generated_local,745,1536,39,2,32,868.78125,876.0,750.9,1007.5,0.9984456159338087,0.9970511075722388
exact_proxy_rank4_fp16,pooled_exact_combined_moe_column_generated_local,745,1536,39,3,32,829.15625,824.5,729.0,927.7,0.9980264071301319,0.9941057777221893
exact_proxy_rank4_fp16,pooled_exact_combined_moe_column_generated_local,745,1536,39,4,32,771.34375,768.0,673.5,874.4000000000001,0.9965316431555833,0.9929187184314421
exact_proxy_rank4_fp16,pooled_exact_combined_moe_column_generated_local,745,1536,39,5,32,695.8125,700.5,610.3,767.3000000000001,0.9940267586893503,0.9818328991601043
exact_proxy_rank4_fp16,pooled_exact_combined_moe_column_generated_local,745,1536,39,6,32,685.625,711.0,576.0,773.4,0.9906320500569138,0.97548994034316
exact_proxy_rank4_fp16,pooled_exact_combined_moe_column_generated_local,745,1536,39,7,32,627.5,630.5,458.6,748.5,0.9908128790608492,0.9770820884294982
exact_proxy_rank4_fp16,pooled_exact_combined_moe_column_generated_local,745,1536,39,8,32,549.8125,576.0,424.8,639.8000000000001,0.98384710908846,0.9579538099368035
exact_proxy_rank4_fp16,pooled_exact_combined_moe_oracle,745,1536,0,1,32,808.0,748.5,605.1,1120.0000000000002,0.9999982374632299,0.9999635515911814
exact_proxy_rank4_fp16,pooled_exact_combined_moe_oracle,745,1536,0,2,32,823.75,769.0,577.7,1138.8000000000002,0.9999943627285666,0.9999030021135039
exact_proxy_rank4_fp16,pooled_exact_combined_moe_oracle,745,1536,0,3,32,789.75,800.5,618.9,965.0000000000001,0.9999853904341199,0.9998909554804373
exact_proxy_rank4_fp16,pooled_exact_combined_moe_oracle,745,1536,0,4,32,747.6875,766.5,594.2,898.1,0.9999666237460196,0.9998610947952029
exact_proxy_rank4_fp16,pooled_exact_combined_moe_oracle,745,1536,0,5,32,715.21875,706.0,563.4,888.4,0.999908852894427,0.9995304513005179
exact_proxy_rank4_fp16,pooled_exact_combined_moe_oracle,745,1536,0,6,32,726.09375,726.0,540.2,936.0000000000001,0.9999002483577115,0.9995551677235212
exact_proxy_rank4_fp16,pooled_exact_combined_moe_oracle,745,1536,0,7,32,677.21875,671.5,479.0,882.8000000000001,0.9997867481842783,0.9985103401746303
exact_proxy_rank4_fp16,pooled_exact_combined_moe_oracle,745,1536,0,8,32,669.84375,646.0,491.4,938.4000000000001,0.9997535797118436,0.998567110219427
exact_proxy_rank4_fp16,pooled_exact_combined_moe_oracle,745,1536,4,1,32,1084.78125,1095.5,963.9,1159.6,0.9996919993325324,0.9987348509963708
exact_proxy_rank4_fp16,pooled_exact_combined_moe_oracle,745,1536,4,2,32,997.28125,992.5,902.7,1093.8,0.9990708369122054,0.9976523613969631
exact_proxy_rank4_fp16,pooled_exact_combined_moe_oracle,745,1536,4,3,32,872.34375,889.0,749.6,1007.7,0.9975320181759877,0.9938423503231497
exact_proxy_rank4_fp16,pooled_exact_combined_moe_oracle,745,1536,4,4,32,764.5625,763.0,671.9,861.0,0.9961215974459627,0.9874049151704013
exact_proxy_rank4_fp16,pooled_exact_combined_moe_oracle,745,1536,4,5,32,707.03125,729.0,576.0,777.9,0.9930604296581731,0.9748425339931764
exact_proxy_rank4_fp16,pooled_exact_combined_moe_oracle,745,1536,4,6,32,598.9375,576.0,451.3,749.0,0.9857166275985554,0.9734399685118128
exact_proxy_rank4_fp16,pooled_exact_combined_moe_oracle,745,1536,4,7,32,511.375,507.5,384.6,576.9,0.9714926297893683,0.941225999377953
exact_proxy_rank4_fp16,pooled_exact_combined_moe_oracle,745,1536,4,8,32,418.15625,384.0,298.9,576.0,0.9580556859032717,0.9181713625160102
exact_proxy_rank4_fp16,pooled_exact_combined_moe_oracle,745,1536,20,1,32,1009.5625,1035.0,841.0,1149.7,0.9990456667677627,0.9970831234968557
exact_proxy_rank4_fp16,pooled_exact_combined_moe_oracle,745,1536,20,2,32,829.65625,869.5,698.4,929.6,0.997331736200157,0.9924865266827985
exact_proxy_rank4_fp16,pooled_exact_combined_moe_oracle,745,1536,20,3,32,829.65625,830.0,750.3,926.8,0.9972063107157166,0.9905891890562147
exact_proxy_rank4_fp16,pooled_exact_combined_moe_oracle,745,1536,20,4,32,754.28125,749.0,695.2,867.3000000000001,0.9933818480811256,0.9865014533468105
exact_proxy_rank4_fp16,pooled_exact_combined_moe_oracle,745,1536,20,5,32,711.90625,749.0,576.0,775.2,0.9931162329551568,0.9780033204677101
exact_proxy_rank4_fp16,pooled_exact_combined_moe_oracle,745,1536,20,6,32,658.8125,679.5,556.2,766.1,0.9884461008328542,0.9732432415478616
exact_proxy_rank4_fp16,pooled_exact_combined_moe_oracle,745,1536,20,7,32,602.25,576.0,506.6,716.9,0.9847900666395903,0.9704905764195001
exact_proxy_rank4_fp16,pooled_exact_combined_moe_oracle,745,1536,20,8,32,557.6875,576.0,445.1,663.0000000000001,0.9795138289272867,0.9640348577817935
exact_proxy_rank4_fp16,pooled_exact_combined_moe_oracle,745,1536,39,1,32,935.28125,943.0,749.5,1101.8,0.9994732648241614,0.9956537128513232
exact_proxy_rank4_fp16,pooled_exact_combined_moe_oracle,745,1536,39,2,32,864.0625,857.0,749.0,1007.5,0.9984732099600082,0.9957295218697971
exact_proxy_rank4_fp16,pooled_exact_combined_moe_oracle,745,1536,39,3,32,816.25,791.5,729.0,927.7,0.9975078853947219,0.9937117987357695
exact_proxy_rank4_fp16,pooled_exact_combined_moe_oracle,745,1536,39,4,32,770.28125,749.0,682.6,879.8000000000001,0.9950457351510626,0.9922731204483147
exact_proxy_rank4_fp16,pooled_exact_combined_moe_oracle,745,1536,39,5,32,709.625,729.0,576.0,768.0,0.994572922099221,0.9819139680557115
exact_proxy_rank4_fp16,pooled_exact_combined_moe_oracle,745,1536,39,6,32,689.5625,729.0,576.0,774.9,0.9922855642153235,0.973058419958189
exact_proxy_rank4_fp16,pooled_exact_combined_moe_oracle,745,1536,39,7,32,624.9375,634.0,458.4,749.0,0.9908589176549469,0.9730263521348238
exact_proxy_rank4_fp16,pooled_exact_combined_moe_oracle,745,1536,39,8,32,544.625,576.0,385.2,627.8000000000001,0.9809885420956077,0.9567081013861853
exact_proxy_rank4_fp16,pooled_router_square_column_generated,745,1536,0,1,32,803.59375,758.5,584.4,1035.9,0.9999977912583449,0.9999417383352895
exact_proxy_rank4_fp16,pooled_router_square_column_generated,745,1536,0,2,32,826.59375,769.5,577.7,1138.8000000000002,0.9999948870037558,0.9999121368688674
exact_proxy_rank4_fp16,pooled_router_square_column_generated,745,1536,0,3,32,788.5,791.5,618.3,941.3000000000001,0.9999784085516361,0.9998495144493568
exact_proxy_rank4_fp16,pooled_router_square_column_generated,745,1536,0,4,32,745.875,748.5,597.6,896.1,0.9999541636000113,0.9998469945368034
exact_proxy_rank4_fp16,pooled_router_square_column_generated,745,1536,0,5,32,716.0,695.5,573.3,898.9,0.9999220262808222,0.9995064790536724
exact_proxy_rank4_fp16,pooled_router_square_column_generated,745,1536,0,6,32,726.53125,729.0,537.4,936.0000000000001,0.9998962222763484,0.999578154976545
exact_proxy_rank4_fp16,pooled_router_square_column_generated,745,1536,0,7,32,680.84375,680.0,479.0,892.7000000000002,0.9997843369631736,0.9989760168599467
exact_proxy_rank4_fp16,pooled_router_square_column_generated,745,1536,0,8,32,671.46875,635.0,484.9,916.8000000000001,0.9997266001844594,0.9986252833848053
exact_proxy_rank4_fp16,pooled_router_square_column_generated,745,1536,4,1,32,1090.65625,1081.0,981.8,1183.8,0.9996877456827398,0.9987850522330634
exact_proxy_rank4_fp16,pooled_router_square_column_generated,745,1536,4,2,32,997.125,986.0,927.2,1100.1000000000001,0.9991695424006747,0.997489869574455
exact_proxy_rank4_fp16,pooled_router_square_column_generated,745,1536,4,3,32,865.09375,871.5,765.1,974.7,0.9977011863578402,0.99347709524446
exact_proxy_rank4_fp16,pooled_router_square_column_generated,745,1536,4,4,32,774.25,769.5,661.2,892.6,0.9951133585729621,0.9893947274412166
exact_proxy_rank4_fp16,pooled_router_square_column_generated,745,1536,4,5,32,701.0625,722.0,576.0,795.0000000000001,0.9916899504297736,0.9786276794037082
exact_proxy_rank4_fp16,pooled_router_square_column_generated,745,1536,4,6,32,593.4375,576.0,451.3,729.0,0.9870854489028785,0.9736049592546802
exact_proxy_rank4_fp16,pooled_router_square_column_generated,745,1536,4,7,32,507.09375,490.5,385.6,591.9,0.9715398892162173,0.9442114627616666
exact_proxy_rank4_fp16,pooled_router_square_column_generated,745,1536,4,8,32,427.84375,397.0,292.4,573.5,0.9627025209931372,0.9195123225416991
exact_proxy_rank4_fp16,pooled_router_square_column_generated,745,1536,20,1,32,1020.21875,1048.0,841.5,1182.6000000000001,0.9994105930424572,0.997111112981671
exact_proxy_rank4_fp16,pooled_router_square_column_generated,745,1536,20,2,32,831.5625,871.5,696.5,934.5,0.9974189413931192,0.993003308560729
exact_proxy_rank4_fp16,pooled_router_square_column_generated,745,1536,20,3,32,834.03125,830.0,720.2,926.8,0.9973836891699474,0.9881888948621222
exact_proxy_rank4_fp16,pooled_router_square_column_generated,745,1536,20,4,32,751.625,749.0,693.8,828.8,0.994105073634505,0.9865731352991074
exact_proxy_rank4_fp16,pooled_router_square_column_generated,745,1536,20,5,32,702.46875,729.0,608.9,768.0,0.9911269114565535,0.9838577557836162
exact_proxy_rank4_fp16,pooled_router_square_column_generated,745,1536,20,6,32,641.03125,655.5,554.9,749.0,0.9880203299275424,0.9736562041370321
exact_proxy_rank4_fp16,pooled_router_square_column_generated,745,1536,20,7,32,605.59375,597.0,506.6,706.2,0.9850652256548391,0.9693327499213406
exact_proxy_rank4_fp16,pooled_router_square_column_generated,745,1536,20,8,32,570.1875,576.0,445.1,669.6,0.9828942355957598,0.9645639343403154
exact_proxy_rank4_fp16,pooled_router_square_column_generated,745,1536,39,1,32,939.09375,938.5,772.1,1111.0,0.9994892376698505,0.9968636392462021
exact_proxy_rank4_fp16,pooled_router_square_column_generated,745,1536,39,2,32,867.75,876.0,750.9,1002.5,0.9985653143531836,0.996546669870019
exact_proxy_rank4_fp16,pooled_router_square_column_generated,745,1536,39,3,32,827.59375,808.5,729.8,927.7,0.9976688017975084,0.9939400754209989
exact_proxy_rank4_fp16,pooled_router_square_column_generated,745,1536,39,4,32,766.78125,763.0,668.1,849.8000000000001,0.9956821813291814,0.9922094056047617
exact_proxy_rank4_fp16,pooled_router_square_column_generated,745,1536,39,5,32,698.8125,708.5,623.0,768.0,0.9942500084931516,0.9817775470425071
exact_proxy_rank4_fp16,pooled_router_square_column_generated,745,1536,39,6,32,683.5,692.0,576.0,773.4,0.990473418530096,0.9755541147200721
exact_proxy_rank4_fp16,pooled_router_square_column_generated,745,1536,39,7,32,627.34375,634.0,443.1,748.5,0.9907861411604463,0.9753330137966842
exact_proxy_rank4_fp16,pooled_router_square_column_generated,745,1536,39,8,32,546.78125,576.0,424.8,639.8000000000001,0.980190947271629,0.9579538099368035
exact_proxy_rank4_fp16,pooled_router_square_compressed,745,1536,0,1,32,806.21875,758.5,605.1,1090.3000000000002,0.9999980078687225,0.9999431243334675
exact_proxy_rank4_fp16,pooled_router_square_compressed,745,1536,0,2,32,823.90625,774.0,577.7,1138.8000000000002,0.9999946741499498,0.999889893059056
exact_proxy_rank4_fp16,pooled_router_square_compressed,745,1536,0,3,32,789.09375,791.5,618.9,965.0000000000001,0.9999827815005,0.9997712364096741
exact_proxy_rank4_fp16,pooled_router_square_compressed,745,1536,0,4,32,748.40625,758.5,596.9,898.1,0.9999654250736288,0.9998610947952029
exact_proxy_rank4_fp16,pooled_router_square_compressed,745,1536,0,5,32,718.71875,708.0,563.4,898.9,0.9999123506224188,0.9995068343792742
exact_proxy_rank4_fp16,pooled_router_square_compressed,745,1536,0,6,32,724.21875,726.0,535.2,936.0000000000001,0.9998959880765703,0.9995551677235212
exact_proxy_rank4_fp16,pooled_router_square_compressed,745,1536,0,7,32,675.46875,671.5,479.0,882.8000000000001,0.9997864210652946,0.9983992596444962
exact_proxy_rank4_fp16,pooled_router_square_compressed,745,1536,0,8,32,671.9375,640.0,479.9,904.2,0.9997299026924263,0.9988400878808946
exact_proxy_rank4_fp16,pooled_router_square_compressed,745,1536,4,1,32,1085.0,1083.5,979.3,1182.1000000000001,0.9996668475834893,0.9987470300709024
exact_proxy_rank4_fp16,pooled_router_square_compressed,745,1536,4,2,32,1001.09375,1002.0,927.2,1093.8,0.999171696364878,0.9974191240020885
exact_proxy_rank4_fp16,pooled_router_square_compressed,745,1536,4,3,32,870.90625,889.0,756.0,1007.7,0.9975320181759877,0.9932507306233683
exact_proxy_rank4_fp16,pooled_router_square_compressed,745,1536,4,4,32,771.40625,768.0,663.6,893.4000000000001,0.9965577572461339,0.9872856072441147
exact_proxy_rank4_fp16,pooled_router_square_compressed,745,1536,4,5,32,715.59375,729.0,579.5,777.9,0.9930604296581731,0.9775027757690398
exact_proxy_rank4_fp16,pooled_router_square_compressed,745,1536,4,6,32,583.84375,576.0,451.3,747.0,0.9856265203753214,0.9734399685118128
exact_proxy_rank4_fp16,pooled_router_square_compressed,745,1536,4,7,32,509.40625,507.5,391.0,589.6,0.9710026164348224,0.9425193429389991
exact_proxy_rank4_fp16,pooled_router_square_compressed,745,1536,4,8,32,419.03125,401.0,298.9,572.7,0.9602215618284164,0.9223236676061988
exact_proxy_rank4_fp16,pooled_router_square_compressed,745,1536,20,1,32,1015.71875,1035.0,840.5,1182.6000000000001,0.99912026475818,0.9948884702029273
exact_proxy_rank4_fp16,pooled_router_square_compressed,745,1536,20,2,32,836.71875,877.5,696.5,934.5,0.997331736200157,0.9929042440771989
exact_proxy_rank4_fp16,pooled_router_square_compressed,745,1536,20,3,32,844.5625,845.0,749.0,952.2,0.9973459762690132,0.9905891890562147
exact_proxy_rank4_fp16,pooled_router_square_compressed,745,1536,20,4,32,750.625,739.0,660.6,864.8000000000001,0.9942762596400061,0.9853839354833336
exact_proxy_rank4_fp16,pooled_router_square_compressed,745,1536,20,5,32,696.46875,729.0,579.1,768.0,0.9908143384756876,0.9801793840243193
exact_proxy_rank4_fp16,pooled_router_square_compressed,745,1536,20,6,32,640.875,656.5,562.5,747.0,0.9879408245291355,0.9728121910602757
exact_proxy_rank4_fp16,pooled_router_square_compressed,745,1536,20,7,32,599.9375,576.0,512.4,706.2,0.9849018194025978,0.9681413702002833
exact_proxy_rank4_fp16,pooled_router_square_compressed,745,1536,20,8,32,570.59375,576.0,467.3,669.6,0.9795138289272867,0.9659711096568709
exact_proxy_rank4_fp16,pooled_router_square_compressed,745,1536,39,1,32,941.3125,938.5,769.9,1111.0,0.9995278622921087,0.9956091583319333
exact_proxy_rank4_fp16,pooled_router_square_compressed,745,1536,39,2,32,874.53125,878.0,750.9,1002.5,0.9987898285328032,0.9958074285720313
exact_proxy_rank4_fp16,pooled_router_square_compressed,745,1536,39,3,32,818.6875,802.0,729.8,927.7,0.9975078853947219,0.9937108465343709
exact_proxy_rank4_fp16,pooled_router_square_compressed,745,1536,39,4,32,767.0,759.0,678.4,879.8000000000001,0.9951009636219095,0.9922731204483147
exact_proxy_rank4_fp16,pooled_router_square_compressed,745,1536,39,5,32,707.40625,733.5,576.1,781.5,0.9937386680858116,0.9857928555412722
exact_proxy_rank4_fp16,pooled_router_square_compressed,745,1536,39,6,32,683.34375,709.5,576.0,773.4,0.9917534776490848,0.973058419958189
exact_proxy_rank4_fp16,pooled_router_square_compressed,745,1536,39,7,32,620.15625,616.0,443.1,749.0,0.9906311437555765,0.9743317639178404
exact_proxy_rank4_fp16,pooled_router_square_compressed,745,1536,39,8,32,544.78125,576.0,398.2,626.9000000000001,0.9809885420956077,0.9567081013861853
exact_proxy_rank4_fp16,uniform_per_expert,745,745,0,1,32,720.5625,729.0,726.1,737.8,0.999993348808335,0.9995364446874759
exact_proxy_rank4_fp16,uniform_per_expert,745,745,0,2,32,724.78125,729.0,724.3,736.0,0.9999650300601699,0.9978750783626666
exact_proxy_rank4_fp16,uniform_per_expert,745,745,0,3,32,730.3125,729.0,727.0,737.0,0.9999006965319541,0.9992191667932327
exact_proxy_rank4_fp16,uniform_per_expert,745,745,0,4,32,732.25,729.0,729.0,739.8,0.9999706683920289,0.9994452941830324
exact_proxy_rank4_fp16,uniform_per_expert,745,745,0,5,32,731.21875,729.0,727.0,741.0,0.9999799258783498,0.9986811613127412
exact_proxy_rank4_fp16,uniform_per_expert,745,745,0,6,32,729.59375,729.0,727.0,739.5,0.9999397348372401,0.9980412593599457
exact_proxy_rank4_fp16,uniform_per_expert,745,745,0,7,32,729.65625,729.0,727.0,734.7,0.9999629404049952,0.9985356060554433
exact_proxy_rank4_fp16,uniform_per_expert,745,745,0,8,32,726.15625,729.0,727.0,740.4,0.9999689086950383,0.9980883561946519
exact_proxy_rank4_fp16,uniform_per_expert,745,745,4,1,32,729.90625,729.0,729.0,729.0,0.9947937747224417,0.9896596375898966
exact_proxy_rank4_fp16,uniform_per_expert,745,745,4,2,32,729.78125,729.0,729.0,737.2,0.9942417402370747,0.9880232086337871
exact_proxy_rank4_fp16,uniform_per_expert,745,745,4,3,32,729.5,729.0,729.0,729.0,0.993722118398896,0.9893999040103749
exact_proxy_rank4_fp16,uniform_per_expert,745,745,4,4,32,729.3125,729.0,729.0,729.0,0.9944225867087175,0.9892483849496325
exact_proxy_rank4_fp16,uniform_per_expert,745,745,4,5,32,729.25,729.0,724.5,732.6,0.9933967593353779,0.9887009886623442
exact_proxy_rank4_fp16,uniform_per_expert,745,745,4,6,32,729.5625,729.0,729.0,729.0,0.9935144613192652,0.9888163954367283
exact_proxy_rank4_fp16,uniform_per_expert,745,745,4,7,32,728.71875,729.0,729.0,729.0,0.9915561400097194,0.9873325462710042
exact_proxy_rank4_fp16,uniform_per_expert,745,745,4,8,32,728.9375,729.0,729.0,729.0,0.9915563976065787,0.9870564423968737
exact_proxy_rank4_fp16,uniform_per_expert,745,745,20,1,32,728.96875,729.0,729.0,729.0,0.9921698379853513,0.9876614846693578
exact_proxy_rank4_fp16,uniform_per_expert,745,745,20,2,32,730.5,729.0,729.0,736.5,0.9951893089464783,0.986375412056789
exact_proxy_rank4_fp16,uniform_per_expert,745,745,20,3,32,729.65625,729.0,729.0,736.2,0.9936165821196583,0.9890166928888191
exact_proxy_rank4_fp16,uniform_per_expert,745,745,20,4,32,729.125,729.0,729.0,729.0,0.9921053449757887,0.9854549110430033
exact_proxy_rank4_fp16,uniform_per_expert,745,745,20,5,32,729.59375,729.0,729.0,729.0,0.9920553403636962,0.9877161649134029
exact_proxy_rank4_fp16,uniform_per_expert,745,745,20,6,32,730.25,729.0,729.0,734.7,0.9902906892352459,0.9873234285383952
exact_proxy_rank4_fp16,uniform_per_expert,745,745,20,7,32,729.15625,729.0,729.0,729.0,0.9923234492540651,0.9867716963619175
exact_proxy_rank4_fp16,uniform_per_expert,745,745,20,8,32,730.25,729.0,729.0,737.5,0.9917734612545612,0.9863357725211677
exact_proxy_rank4_fp16,uniform_per_expert,745,745,39,1,32,729.53125,729.0,729.0,729.9,0.9974490217922316,0.9915874286331439
exact_proxy_rank4_fp16,uniform_per_expert,745,745,39,2,32,731.625,729.0,729.0,740.9,0.996795084105162,0.9937351000959705
exact_proxy_rank4_fp16,uniform_per_expert,745,745,39,3,32,730.25,729.0,729.0,736.8,0.9957461276240371,0.991381479415513
exact_proxy_rank4_fp16,uniform_per_expert,745,745,39,4,32,729.0625,729.0,725.3,735.3000000000001,0.9943876041992747,0.9904984173663219
exact_proxy_rank4_fp16,uniform_per_expert,745,745,39,5,32,731.0625,729.0,729.0,739.8,0.9944192833483176,0.9878240808393141
exact_proxy_rank4_fp16,uniform_per_expert,745,745,39,6,32,730.25,729.0,729.0,738.0,0.99283979696641,0.9883266098183646
exact_proxy_rank4_fp16,uniform_per_expert,745,745,39,7,32,730.46875,729.0,729.0,734.9,0.9942549352599144,0.9891808943474506
exact_proxy_rank4_fp16,uniform_per_expert,745,745,39,8,32,730.5625,729.0,729.0,737.2,0.993002865546002,0.9853310224684522
exact_proxy_rank4_fp32,pooled_exact_combined_moe_column_generated_local,729,1536,0,1,32,796.15625,748.5,579.4,1021.8,0.9999960458870081,0.9999146786729497
exact_proxy_rank4_fp32,pooled_exact_combined_moe_column_generated_local,729,1536,0,2,32,814.15625,769.0,560.0,1113.3000000000002,0.999991643806668,0.9998806061615516
exact_proxy_rank4_fp32,pooled_exact_combined_moe_column_generated_local,729,1536,0,3,32,779.65625,783.0,615.3,944.2,0.9999686521590697,0.9997788519248123
exact_proxy_rank4_fp32,pooled_exact_combined_moe_column_generated_local,729,1536,0,4,32,731.5,740.0,595.1,886.3000000000001,0.9999428806619914,0.9998535144594921
exact_proxy_rank4_fp32,pooled_exact_combined_moe_column_generated_local,729,1536,0,5,32,699.125,678.0,555.7,881.8000000000001,0.9999015823593069,0.9994909676433489
exact_proxy_rank4_fp32,pooled_exact_combined_moe_column_generated_local,729,1536,0,6,32,705.875,727.0,523.2,910.6,0.9998021651530622,0.9995249455473324
exact_proxy_rank4_fp32,pooled_exact_combined_moe_column_generated_local,729,1536,0,7,32,654.8125,659.0,461.4,878.5000000000002,0.9996545538363477,0.9983469464668567
exact_proxy_rank4_fp32,pooled_exact_combined_moe_column_generated_local,729,1536,0,8,32,650.03125,627.0,478.8,904.2,0.9995588274788585,0.9985664079682707
exact_proxy_rank4_fp32,pooled_exact_combined_moe_column_generated_local,729,1536,4,1,32,1073.78125,1066.0,961.2,1156.5,0.999556105509678,0.9988575394522464
exact_proxy_rank4_fp32,pooled_exact_combined_moe_column_generated_local,729,1536,4,2,32,981.28125,976.5,864.5,1093.8,0.9988237225279825,0.9977987321531283
exact_proxy_rank4_fp32,pooled_exact_combined_moe_column_generated_local,729,1536,4,3,32,859.15625,855.5,731.9,971.3000000000001,0.9975389165517429,0.9926636027378067
exact_proxy_rank4_fp32,pooled_exact_combined_moe_column_generated_local,729,1536,4,4,32,740.6875,749.0,667.0,820.1,0.9945009001197167,0.9878292293578346
exact_proxy_rank4_fp32,pooled_exact_combined_moe_column_generated_local,729,1536,4,5,32,695.0,712.5,576.0,768.0,0.9903474369941416,0.9799608841580605
exact_proxy_rank4_fp32,pooled_exact_combined_moe_column_generated_local,729,1536,4,6,32,584.09375,576.0,479.6,692.5,0.985835454920944,0.9734535850411952
exact_proxy_rank4_fp32,pooled_exact_combined_moe_column_generated_local,729,1536,4,7,32,493.625,484.0,385.6,580.6,0.9717135110426303,0.9443513542163378
exact_proxy_rank4_fp32,pooled_exact_combined_moe_column_generated_local,729,1536,4,8,32,401.34375,384.0,275.7,572.5,0.9496297460634304,0.8975903419555992
exact_proxy_rank4_fp32,pooled_exact_combined_moe_column_generated_local,729,1536,20,1,32,997.625,1048.0,778.4,1125.9,0.9993420100567523,0.9954556498215046
exact_proxy_rank4_fp32,pooled_exact_combined_moe_column_generated_local,729,1536,20,2,32,811.375,831.0,644.8,931.8,0.9975615295072353,0.9911809497341231
exact_proxy_rank4_fp32,pooled_exact_combined_moe_column_generated_local,729,1536,20,3,32,817.03125,838.0,715.7,924.7,0.9971218753735108,0.9873571881970657
exact_proxy_rank4_fp32,pooled_exact_combined_moe_column_generated_local,729,1536,20,4,32,734.5,749.0,645.5,827.4,0.9937576437267792,0.9861724502626728
exact_proxy_rank4_fp32,pooled_exact_combined_moe_column_generated_local,729,1536,20,5,32,688.8125,729.0,557.0,786.8000000000001,0.9920966717498192,0.975887307608588
exact_proxy_rank4_fp32,pooled_exact_combined_moe_column_generated_local,729,1536,20,6,32,639.25,653.5,488.7,747.0,0.9874940401831447,0.973251094416944
exact_proxy_rank4_fp32,pooled_exact_combined_moe_column_generated_local,729,1536,20,7,32,603.4375,576.0,530.7,698.9,0.9831319024867894,0.9684941895047091
exact_proxy_rank4_fp32,pooled_exact_combined_moe_column_generated_local,729,1536,20,8,32,536.75,576.0,384.0,662.9000000000001,0.9775200464324441,0.9500640727599828
exact_proxy_rank4_fp32,pooled_exact_combined_moe_column_generated_local,729,1536,39,1,32,917.46875,928.0,750.9,1076.7,0.9993980987992773,0.9951529305460537
exact_proxy_rank4_fp32,pooled_exact_combined_moe_column_generated_local,729,1536,39,2,32,846.15625,826.5,740.9,1008.5,0.9983105857450006,0.995682130780078
exact_proxy_rank4_fp32,pooled_exact_combined_moe_column_generated_local,729,1536,39,3,32,807.5625,777.0,701.8,927.4,0.9976340818993297,0.9928602665440626
exact_proxy_rank4_fp32,pooled_exact_combined_moe_column_generated_local,729,1536,39,4,32,753.09375,767.0,630.9,837.3000000000001,0.9951896939116958,0.9924141731517453
exact_proxy_rank4_fp32,pooled_exact_combined_moe_column_generated_local,729,1536,39,5,32,695.6875,695.0,576.0,780.7,0.9942332701198443,0.9860346033528536
exact_proxy_rank4_fp32,pooled_exact_combined_moe_column_generated_local,729,1536,39,6,32,653.875,664.0,522.3,766.1,0.9889418210816401,0.9694126432150043
exact_proxy_rank4_fp32,pooled_exact_combined_moe_column_generated_local,729,1536,39,7,32,623.125,618.5,493.7,749.0,0.9871810691929511,0.9776423405437171
exact_proxy_rank4_fp32,pooled_exact_combined_moe_column_generated_local,729,1536,39,8,32,531.96875,540.5,400.6,635.2,0.9808014716550475,0.9571138899794306
exact_proxy_rank4_fp32,pooled_exact_combined_moe_oracle,729,1536,0,1,32,801.34375,748.5,579.8,1090.1000000000001,0.9999956634734171,0.9999501892233893
exact_proxy_rank4_fp32,pooled_exact_combined_moe_oracle,729,1536,0,2,32,817.375,769.0,565.1,1108.8000000000002,0.9999927858440338,0.9998424842971791
exact_proxy_rank4_fp32,pooled_exact_combined_moe_oracle,729,1536,0,3,32,773.125,769.0,614.1,922.6,0.9999716877500016,0.9997664035202374
exact_proxy_rank4_fp32,pooled_exact_combined_moe_oracle,729,1536,0,4,32,730.09375,736.0,577.8,861.9,0.999941172526815,0.9997896402376024
exact_proxy_rank4_fp32,pooled_exact_combined_moe_oracle,729,1536,0,5,32,701.5,678.0,576.0,881.8000000000001,0.9998969111489354,0.9995048585954414
exact_proxy_rank4_fp32,pooled_exact_combined_moe_oracle,729,1536,0,6,32,704.96875,688.0,516.9,935.8000000000001,0.9998219076963281,0.9993944646079251
exact_proxy_rank4_fp32,pooled_exact_combined_moe_oracle,729,1536,0,7,32,656.84375,653.0,478.2,816.3000000000001,0.9996802165162971,0.9987181767653391
exact_proxy_rank4_fp32,pooled_exact_combined_moe_oracle,729,1536,0,8,32,644.28125,591.0,451.4,904.2,0.9996912703316434,0.9983174506124642
exact_proxy_rank4_fp32,pooled_exact_combined_moe_oracle,729,1536,4,1,32,1079.3125,1104.0,942.0,1159.8,0.9996106543317872,0.9987705165949086
exact_proxy_rank4_fp32,pooled_exact_combined_moe_oracle,729,1536,4,2,32,978.40625,976.5,864.5,1093.8,0.9988609299502916,0.9973189463545101
exact_proxy_rank4_fp32,pooled_exact_combined_moe_oracle,729,1536,4,3,32,848.0,874.0,729.0,936.5,0.9974674729701754,0.9921590691889912
exact_proxy_rank4_fp32,pooled_exact_combined_moe_oracle,729,1536,4,4,32,769.25,768.0,677.9,850.6,0.9950781360201251,0.9905927100147095
exact_proxy_rank4_fp32,pooled_exact_combined_moe_oracle,729,1536,4,5,32,688.46875,714.0,576.0,768.0,0.9918161283132114,0.9747695839495811
exact_proxy_rank4_fp32,pooled_exact_combined_moe_oracle,729,1536,4,6,32,594.6875,576.0,475.1,729.0,0.9860533075470139,0.9704024375392913
exact_proxy_rank4_fp32,pooled_exact_combined_moe_oracle,729,1536,4,7,32,471.71875,460.0,384.0,577.8,0.9698670276864119,0.9356004656277831
exact_proxy_rank4_fp32,pooled_exact_combined_moe_oracle,729,1536,4,8,32,395.78125,384.0,275.7,538.6,0.950614744641578,0.914408504997605
exact_proxy_rank4_fp32,pooled_exact_combined_moe_oracle,729,1536,20,1,32,997.59375,1017.0,842.3,1149.4,0.9990653348237508,0.9965285443538299
exact_proxy_rank4_fp32,pooled_exact_combined_moe_oracle,729,1536,20,2,32,824.59375,862.0,623.1,945.8000000000001,0.9971535257729851,0.992451443484227
exact_proxy_rank4_fp32,pooled_exact_combined_moe_oracle,729,1536,20,3,32,804.9375,779.0,713.7,926.5,0.9968750113718831,0.987144205561649
exact_proxy_rank4_fp32,pooled_exact_combined_moe_oracle,729,1536,20,4,32,732.3125,739.0,644.7,825.5,0.9924696406945248,0.9850790372797169
exact_proxy_rank4_fp32,pooled_exact_combined_moe_oracle,729,1536,20,5,32,681.65625,729.0,560.3,768.0,0.9904323458884592,0.9778830312768075
exact_proxy_rank4_fp32,pooled_exact_combined_moe_oracle,729,1536,20,6,32,636.4375,648.0,506.5,749.0,0.9870857349585123,0.9723516853099334
exact_proxy_rank4_fp32,pooled_exact_combined_moe_oracle,729,1536,20,7,32,591.90625,576.0,519.1,695.7,0.9830964130383074,0.9673132308516398
exact_proxy_rank4_fp32,pooled_exact_combined_moe_oracle,729,1536,20,8,32,558.90625,576.0,385.9,669.6,0.9786542441422149,0.9476215954947874
exact_proxy_rank4_fp32,pooled_exact_combined_moe_oracle,729,1536,39,1,32,905.0,868.0,750.9,1079.7,0.9993054419835306,0.9942349002678853
exact_proxy_rank4_fp32,pooled_exact_combined_moe_oracle,729,1536,39,2,32,847.53125,802.5,749.0,1008.5,0.9983741039604735,0.9954009851010838
exact_proxy_rank4_fp32,pooled_exact_combined_moe_oracle,729,1536,39,3,32,809.0625,784.0,729.0,927.4,0.9973863197256422,0.993234136451048
exact_proxy_rank4_fp32,pooled_exact_combined_moe_oracle,729,1536,39,4,32,764.28125,753.5,626.2,887.5,0.9949475185080228,0.9906071509424471
exact_proxy_rank4_fp32,pooled_exact_combined_moe_oracle,729,1536,39,5,32,694.71875,729.0,576.0,756.2,0.9941750743084546,0.9852678440048054
exact_proxy_rank4_fp32,pooled_exact_combined_moe_oracle,729,1536,39,6,32,656.8125,650.5,576.0,768.0,0.9883329374562845,0.970126817652427
exact_proxy_rank4_fp32,pooled_exact_combined_moe_oracle,729,1536,39,7,32,617.9375,610.5,476.4,747.0,0.9866122881264967,0.9741112022288368
exact_proxy_rank4_fp32,pooled_exact_combined_moe_oracle,729,1536,39,8,32,531.21875,547.5,385.5,643.5,0.978846489565621,0.9568136483200754
exact_proxy_rank4_fp32,pooled_router_square_column_generated,729,1536,0,1,32,797.1875,748.5,578.8,1035.5,0.9999963347152871,0.9999146786729497
exact_proxy_rank4_fp32,pooled_router_square_column_generated,729,1536,0,2,32,815.375,769.0,578.0,1113.3000000000002,0.9999927236516739,0.9998775526356134
exact_proxy_rank4_fp32,pooled_router_square_column_generated,729,1536,0,3,32,775.375,770.0,614.1,944.2,0.9999686521590697,0.9997757384192562
exact_proxy_rank4_fp32,pooled_router_square_column_generated,729,1536,0,4,32,732.34375,733.0,603.9,888.0,0.999944382580936,0.9998535144594921
exact_proxy_rank4_fp32,pooled_router_square_column_generated,729,1536,0,5,32,702.03125,678.0,576.0,881.8000000000001,0.9999015823593069,0.9995030692089006
exact_proxy_rank4_fp32,pooled_router_square_column_generated,729,1536,0,6,32,704.3125,701.5,526.0,884.5,0.9998235878726089,0.9995249455473324
exact_proxy_rank4_fp32,pooled_router_square_column_generated,729,1536,0,7,32,657.9375,652.0,461.4,879.3000000000002,0.9996921347512466,0.9982488068735632
exact_proxy_rank4_fp32,pooled_router_square_column_generated,729,1536,0,8,32,646.78125,615.0,459.0,904.2,0.9995752327117358,0.9985513886801879
exact_proxy_rank4_fp32,pooled_router_square_column_generated,729,1536,4,1,32,1067.90625,1067.5,946.5,1159.6,0.9995210191393287,0.9987411874627877
exact_proxy_rank4_fp32,pooled_router_square_column_generated,729,1536,4,2,32,980.3125,974.5,903.4,1080.6000000000001,0.9989032581038251,0.997429794786972
exact_proxy_rank4_fp32,pooled_router_square_column_generated,729,1536,4,3,32,858.46875,839.0,749.0,977.4,0.9975389165517429,0.9943145158363242
exact_proxy_rank4_fp32,pooled_router_square_column_generated,729,1536,4,4,32,753.34375,767.5,667.0,850.6,0.9955131980340608,0.9879894457660566
exact_proxy_rank4_fp32,pooled_router_square_column_generated,729,1536,4,5,32,690.34375,708.0,576.0,768.0,0.9903474369941416,0.9785278539079292
exact_proxy_rank4_fp32,pooled_router_square_column_generated,729,1536,4,6,32,587.4375,576.0,472.5,747.0,0.985835454920944,0.9714557544975925
exact_proxy_rank4_fp32,pooled_router_square_column_generated,729,1536,4,7,32,494.15625,484.0,400.5,577.9,0.9715327836297767,0.9443513542163378
exact_proxy_rank4_fp32,pooled_router_square_column_generated,729,1536,4,8,32,397.71875,384.0,261.5,541.3000000000001,0.952809805947493,0.9108327702247284
exact_proxy_rank4_fp32,pooled_router_square_column_generated,729,1536,20,1,32,999.6875,1034.5,842.3,1178.2,0.9990853517476002,0.9957709127534887
exact_proxy_rank4_fp32,pooled_router_square_column_generated,729,1536,20,2,32,827.25,870.5,707.7,934.5,0.9974963680727863,0.991908017635755
exact_proxy_rank4_fp32,pooled_router_square_column_generated,729,1536,20,3,32,815.125,817.5,749.0,926.8,0.9971218753735108,0.9889888320809342
exact_proxy_rank4_fp32,pooled_router_square_column_generated,729,1536,20,4,32,741.75,749.0,674.2,836.1,0.9942578554260519,0.9865459628010714
exact_proxy_rank4_fp32,pooled_router_square_column_generated,729,1536,20,5,32,683.53125,724.0,576.0,768.0,0.9907897867045976,0.9816718866061721
exact_proxy_rank4_fp32,pooled_router_square_column_generated,729,1536,20,6,32,624.1875,624.5,488.7,729.0,0.9871078278441896,0.9727680182246576
exact_proxy_rank4_fp32,pooled_router_square_column_generated,729,1536,20,7,32,597.125,576.0,509.0,706.2,0.9849608791444966,0.9683317855725996
exact_proxy_rank4_fp32,pooled_router_square_column_generated,729,1536,20,8,32,541.46875,563.5,385.9,634.6,0.977052727560486,0.9504426765710865
exact_proxy_rank4_fp32,pooled_router_square_column_generated,729,1536,39,1,32,923.96875,926.0,750.9,1079.7,0.999403843412855,0.9952097421731892
exact_proxy_rank4_fp32,pooled_router_square_column_generated,729,1536,39,2,32,848.1875,826.5,740.9,1008.5,0.9983936040098905,0.9956550167588941
exact_proxy_rank4_fp32,pooled_router_square_column_generated,729,1536,39,3,32,813.96875,807.5,729.1,938.8000000000001,0.9976773825977054,0.9932355563683375
exact_proxy_rank4_fp32,pooled_router_square_column_generated,729,1536,39,4,32,749.21875,753.5,640.5,838.9,0.9948472591521886,0.9924141731517453
exact_proxy_rank4_fp32,pooled_router_square_column_generated,729,1536,39,5,32,689.90625,695.0,576.0,789.2,0.9942332701198443,0.9839783205000329
exact_proxy_rank4_fp32,pooled_router_square_column_generated,729,1536,39,6,32,661.0,658.0,576.0,774.3000000000001,0.9889418210816401,0.9716281059779943
exact_proxy_rank4_fp32,pooled_router_square_column_generated,729,1536,39,7,32,616.75,612.0,448.6,766.1,0.9871810691929511,0.9747432643624022
exact_proxy_rank4_fp32,pooled_router_square_column_generated,729,1536,39,8,32,526.3125,520.0,416.9,634.9000000000001,0.9784147849506345,0.9578826209664407
exact_proxy_rank4_fp32,pooled_router_square_compressed,729,1536,0,1,32,801.21875,748.5,580.8,1090.1000000000001,0.9999964442298734,0.9999491131390809
exact_proxy_rank4_fp32,pooled_router_square_compressed,729,1536,0,2,32,816.5625,769.0,577.7,1108.8000000000002,0.9999924016076146,0.9998424842971791
exact_proxy_rank4_fp32,pooled_router_square_compressed,729,1536,0,3,32,772.78125,768.0,614.1,922.6,0.9999716877500016,0.9997664035202374
exact_proxy_rank4_fp32,pooled_router_square_compressed,729,1536,0,4,32,728.53125,733.0,576.0,861.9,0.9999272204070151,0.9998185363005588
exact_proxy_rank4_fp32,pooled_router_square_compressed,729,1536,0,5,32,701.3125,678.0,576.0,881.8000000000001,0.9998969111489354,0.9995048585954414
exact_proxy_rank4_fp32,pooled_router_square_compressed,729,1536,0,6,32,709.5625,717.5,516.9,935.8000000000001,0.9998567210219549,0.9993944646079251
exact_proxy_rank4_fp32,pooled_router_square_compressed,729,1536,0,7,32,659.34375,653.0,479.0,842.2,0.9997715469917144,0.9987181767653391
exact_proxy_rank4_fp32,pooled_router_square_compressed,729,1536,0,8,32,639.8125,577.5,451.4,904.2,0.9996459626046852,0.9983174506124642
exact_proxy_rank4_fp32,pooled_router_square_compressed,729,1536,4,1,32,1079.875,1085.0,961.2,1166.3,0.9995087079414648,0.9987512820205142
exact_proxy_rank4_fp32,pooled_router_square_compressed,729,1536,4,2,32,997.25,991.5,904.6,1106.7,0.9990846355548875,0.9973317071973702
exact_proxy_rank4_fp32,pooled_router_square_compressed,729,1536,4,3,32,848.21875,874.0,749.0,931.7,0.9974945937401778,0.992208375561202
exact_proxy_rank4_fp32,pooled_router_square_compressed,729,1536,4,4,32,760.03125,751.0,676.1,857.4,0.9950781360201251,0.9876008194628827
exact_proxy_rank4_fp32,pooled_router_square_compressed,729,1536,4,5,32,685.53125,711.5,576.0,768.0,0.9898149790236263,0.9747695839495811
exact_proxy_rank4_fp32,pooled_router_square_compressed,729,1536,4,6,32,576.34375,576.0,453.1,747.0,0.9855768340687678,0.9700497268492395
exact_proxy_rank4_fp32,pooled_router_square_compressed,729,1536,4,7,32,483.15625,479.0,384.0,584.3000000000001,0.9704472288737617,0.9416549760552969
exact_proxy_rank4_fp32,pooled_router_square_compressed,729,1536,4,8,32,397.0625,384.0,261.5,541.3000000000001,0.9553165119742163,0.9105889111108021
exact_proxy_rank4_fp32,pooled_router_square_compressed,729,1536,20,1,32,1006.15625,1026.0,842.3,1180.8000000000002,0.9990653348237508,0.9965285443538299
exact_proxy_rank4_fp32,pooled_router_square_compressed,729,1536,20,2,32,823.65625,870.5,706.4,934.5,0.9974011592744683,0.9917105611465566
exact_proxy_rank4_fp32,pooled_router_square_compressed,729,1536,20,3,32,810.8125,802.0,749.0,926.5,0.9965452546823501,0.9905932856348703
exact_proxy_rank4_fp32,pooled_router_square_compressed,729,1536,20,4,32,752.125,750.5,674.8,851.0,0.9933950908528562,0.986479105612906
exact_proxy_rank4_fp32,pooled_router_square_compressed,729,1536,20,5,32,670.125,696.5,560.3,767.2,0.9898465858852694,0.9774313270307674
exact_proxy_rank4_fp32,pooled_router_square_compressed,729,1536,20,6,32,623.90625,636.0,470.5,747.0,0.986957185660949,0.9646412635015085
exact_proxy_rank4_fp32,pooled_router_square_compressed,729,1536,20,7,32,596.75,576.0,519.1,706.2,0.9845594746121151,0.9671696667854476
exact_proxy_rank4_fp32,pooled_router_square_compressed,729,1536,20,8,32,544.5625,576.0,384.0,662.9000000000001,0.9772179854104441,0.9406975622356413
exact_proxy_rank4_fp32,pooled_router_square_compressed,729,1536,39,1,32,922.46875,907.0,750.9,1098.0,0.9994289594767609,0.994813666604074
exact_proxy_rank4_fp32,pooled_router_square_compressed,729,1536,39,2,32,846.625,815.5,740.9,1003.4,0.9981647414925043,0.9954029360433959
exact_proxy_rank4_fp32,pooled_router_square_compressed,729,1536,39,3,32,810.0625,784.0,703.8,927.4,0.9973863197256422,0.993234136451048
exact_proxy_rank4_fp32,pooled_router_square_compressed,729,1536,39,4,32,752.625,753.5,598.5,878.6000000000001,0.9947581070148794,0.9899099434275295
exact_proxy_rank4_fp32,pooled_router_square_compressed,729,1536,39,5,32,692.53125,721.5,576.0,756.2,0.994129090498296,0.9852678440048054
exact_proxy_rank4_fp32,pooled_router_square_compressed,729,1536,39,6,32,667.9375,664.0,576.0,774.7,0.9889190684433817,0.9700863523101413
exact_proxy_rank4_fp32,pooled_router_square_compressed,729,1536,39,7,32,609.5,594.0,439.6,749.0,0.9866122881264967,0.9731129313191448
exact_proxy_rank4_fp32,pooled_router_square_compressed,729,1536,39,8,32,525.15625,547.5,400.6,600.3000000000001,0.9753071771440103,0.9565331713924207
exact_proxy_rank4_fp32,uniform_per_expert,729,729,0,1,32,718.59375,729.0,724.2,729.0,0.999993348808335,0.9994842531733193
exact_proxy_rank4_fp32,uniform_per_expert,729,729,0,2,32,723.0625,729.0,724.3,729.0,0.9999650300601699,0.9979568018143502
exact_proxy_rank4_fp32,uniform_per_expert,729,729,0,3,32,728.53125,729.0,727.0,729.0,0.999898952338499,0.9991130801151514
exact_proxy_rank4_fp32,uniform_per_expert,729,729,0,4,32,728.8125,729.0,729.0,729.0,0.9999706683920289,0.9994452941830324
exact_proxy_rank4_fp32,uniform_per_expert,729,729,0,5,32,728.28125,729.0,727.0,729.0,0.9999711680271495,0.9986811613127412
exact_proxy_rank4_fp32,uniform_per_expert,729,729,0,6,32,727.28125,729.0,727.0,729.0,0.9999371549669671,0.9980708818850319
exact_proxy_rank4_fp32,uniform_per_expert,729,729,0,7,32,728.375,729.0,727.0,729.0,0.9999629404049952,0.9985238767151186
exact_proxy_rank4_fp32,uniform_per_expert,729,729,0,8,32,723.84375,729.0,727.0,729.0,0.9999686858769186,0.9980883561946519
exact_proxy_rank4_fp32,uniform_per_expert,729,729,4,1,32,728.90625,729.0,729.0,729.0,0.9947937747224417,0.9895529045026109
exact_proxy_rank4_fp32,uniform_per_expert,729,729,4,2,32,728.4375,729.0,729.0,729.0,0.9942417402370747,0.9874181989233053
exact_proxy_rank4_fp32,uniform_per_expert,729,729,4,3,32,728.875,729.0,729.0,729.0,0.9935520377591994,0.9894233270526528
exact_proxy_rank4_fp32,uniform_per_expert,729,729,4,4,32,728.5625,729.0,729.0,729.0,0.9944312853190065,0.9892483849496325
exact_proxy_rank4_fp32,uniform_per_expert,729,729,4,5,32,727.9375,729.0,724.0,729.0,0.9933497796437987,0.9887009886623442
exact_proxy_rank4_fp32,uniform_per_expert,729,729,4,6,32,729.0,729.0,729.0,729.0,0.993396509257934,0.9888163954367283
exact_proxy_rank4_fp32,uniform_per_expert,729,729,4,7,32,728.96875,729.0,729.0,729.0,0.9915466242309586,0.9875142358275532
exact_proxy_rank4_fp32,uniform_per_expert,729,729,4,8,32,728.25,729.0,729.0,729.0,0.9915997663387167,0.9870363315485147
exact_proxy_rank4_fp32,uniform_per_expert,729,729,20,1,32,728.59375,729.0,729.0,729.0,0.9921843098916342,0.9876614846693578
exact_proxy_rank4_fp32,uniform_per_expert,729,729,20,2,32,728.5,729.0,729.0,729.0,0.9951893089464783,0.986375412056789
exact_proxy_rank4_fp32,uniform_per_expert,729,729,20,3,32,728.46875,729.0,729.0,729.0,0.9934209024252199,0.9886193309442759
exact_proxy_rank4_fp32,uniform_per_expert,729,729,20,4,32,729.0,729.0,729.0,729.0,0.9920368215737845,0.9854553268012174
exact_proxy_rank4_fp32,uniform_per_expert,729,729,20,5,32,728.71875,729.0,729.0,729.0,0.9919438638692237,0.9876140876547166
exact_proxy_rank4_fp32,uniform_per_expert,729,729,20,6,32,728.96875,729.0,729.0,729.0,0.9901993065916141,0.9872879393539872
exact_proxy_rank4_fp32,uniform_per_expert,729,729,20,7,32,729.0,729.0,729.0,729.0,0.9922677240098405,0.9867391698729753
exact_proxy_rank4_fp32,uniform_per_expert,729,729,20,8,32,728.6875,729.0,729.0,729.0,0.9909841182950675,0.9863357725211677
exact_proxy_rank4_fp32,uniform_per_expert,729,729,39,1,32,728.96875,729.0,729.0,729.0,0.9973839216542154,0.9918570302442895
exact_proxy_rank4_fp32,uniform_per_expert,729,729,39,2,32,729.0,729.0,729.0,729.0,0.9967187128489251,0.9923120899902361
exact_proxy_rank4_fp32,uniform_per_expert,729,729,39,3,32,729.0,729.0,729.0,729.0,0.9957461276240371,0.991385604353164
exact_proxy_rank4_fp32,uniform_per_expert,729,729,39,4,32,728.09375,729.0,729.0,729.0,0.9943876041992747,0.9904984173663219
exact_proxy_rank4_fp32,uniform_per_expert,729,729,39,5,32,729.0,729.0,729.0,729.0,0.9937641942741386,0.9878240808393141
exact_proxy_rank4_fp32,uniform_per_expert,729,729,39,6,32,728.96875,729.0,729.0,729.0,0.99283979696641,0.9850373706597647
exact_proxy_rank4_fp32,uniform_per_expert,729,729,39,7,32,728.875,729.0,729.0,729.0,0.9939585529368333,0.9891258495559525
exact_proxy_rank4_fp32,uniform_per_expert,729,729,39,8,32,728.96875,729.0,729.0,729.0,0.9928529748594611,0.9852957711479036
exact_proxy_rank4_int4_per_row_hadamard,pooled_exact_combined_moe_column_generated_local,753,1536,0,1,32,809.5625,771.0,606.5,1039.9,0.9999983862719162,0.9999488587495529
exact_proxy_rank4_int4_per_row_hadamard,pooled_exact_combined_moe_column_generated_local,753,1536,0,2,32,830.65625,775.5,582.5,1147.7,0.9999948671461725,0.9999160691804994
exact_proxy_rank4_int4_per_row_hadamard,pooled_exact_combined_moe_column_generated_local,753,1536,0,3,32,792.71875,797.0,627.2,974.6000000000001,0.9999796372798611,0.9999000639835051
exact_proxy_rank4_int4_per_row_hadamard,pooled_exact_combined_moe_column_generated_local,753,1536,0,4,32,754.65625,756.0,610.5,907.6,0.9999545464645536,0.9998877277755458
exact_proxy_rank4_int4_per_row_hadamard,pooled_exact_combined_moe_column_generated_local,753,1536,0,5,32,724.3125,708.5,566.0,925.6,0.9999286343936917,0.9995724120590179
exact_proxy_rank4_int4_per_row_hadamard,pooled_exact_combined_moe_column_generated_local,753,1536,0,6,32,736.0,737.0,537.6,947.9000000000001,0.9998911720082992,0.9996560085697155
exact_proxy_rank4_int4_per_row_hadamard,pooled_exact_combined_moe_column_generated_local,753,1536,0,7,32,695.59375,695.5,498.6,940.0000000000002,0.9998320862400527,0.9989774858867415
exact_proxy_rank4_int4_per_row_hadamard,pooled_exact_combined_moe_column_generated_local,753,1536,0,8,32,679.96875,635.0,483.0,938.2,0.999764923244703,0.9986652694768127
exact_proxy_rank4_int4_per_row_hadamard,pooled_exact_combined_moe_column_generated_local,753,1536,4,1,32,1087.96875,1097.0,963.7,1164.2,0.9997088737398923,0.9988696888827295
exact_proxy_rank4_int4_per_row_hadamard,pooled_exact_combined_moe_column_generated_local,753,1536,4,2,32,1003.15625,999.5,938.3,1077.5,0.9991994291663463,0.9976561805832384
exact_proxy_rank4_int4_per_row_hadamard,pooled_exact_combined_moe_column_generated_local,753,1536,4,3,32,880.75,898.5,749.5,979.8000000000001,0.9980448648340503,0.9933570202804317
exact_proxy_rank4_int4_per_row_hadamard,pooled_exact_combined_moe_column_generated_local,753,1536,4,4,32,794.75,787.0,674.2,921.3000000000001,0.9967956367192161,0.9911467209385069
exact_proxy_rank4_int4_per_row_hadamard,pooled_exact_combined_moe_column_generated_local,753,1536,4,5,32,705.4375,729.0,578.4,768.0,0.9914647458572402,0.9759242027179518
exact_proxy_rank4_int4_per_row_hadamard,pooled_exact_combined_moe_column_generated_local,753,1536,4,6,32,595.6875,577.5,473.7,728.8,0.9870580568420628,0.9721280008389446
exact_proxy_rank4_int4_per_row_hadamard,pooled_exact_combined_moe_column_generated_local,753,1536,4,7,32,525.65625,516.5,384.0,636.0000000000001,0.9748807756309934,0.94435108556562
exact_proxy_rank4_int4_per_row_hadamard,pooled_exact_combined_moe_column_generated_local,753,1536,4,8,32,426.46875,407.0,291.7,576.0,0.9602861765406492,0.9173355143832014
exact_proxy_rank4_int4_per_row_hadamard,pooled_exact_combined_moe_column_generated_local,753,1536,20,1,32,1023.125,1055.0,885.5,1185.3000000000002,0.9993504375629051,0.9969681587359417
exact_proxy_rank4_int4_per_row_hadamard,pooled_exact_combined_moe_column_generated_local,753,1536,20,2,32,853.21875,884.5,747.2,976.7,0.9974939991931624,0.9924423201333803
exact_proxy_rank4_int4_per_row_hadamard,pooled_exact_combined_moe_column_generated_local,753,1536,20,3,32,846.75,839.0,768.0,935.5,0.9974199149674321,0.9907638952211063
exact_proxy_rank4_int4_per_row_hadamard,pooled_exact_combined_moe_column_generated_local,753,1536,20,4,32,755.09375,763.5,641.4,883.6,0.9931767298656384,0.9859866354754361
exact_proxy_rank4_int4_per_row_hadamard,pooled_exact_combined_moe_column_generated_local,753,1536,20,5,32,722.21875,735.5,662.1,775.2,0.9918156546823833,0.9853575136667221
exact_proxy_rank4_int4_per_row_hadamard,pooled_exact_combined_moe_column_generated_local,753,1536,20,6,32,659.90625,677.0,565.2,768.0,0.9885775498042482,0.9748263505704471
exact_proxy_rank4_int4_per_row_hadamard,pooled_exact_combined_moe_column_generated_local,753,1536,20,7,32,604.0625,578.5,495.5,710.5,0.9853600927367627,0.9728541893018054
exact_proxy_rank4_int4_per_row_hadamard,pooled_exact_combined_moe_column_generated_local,753,1536,20,8,32,556.4375,570.0,429.8,650.1,0.9808767086601351,0.947714785435177
exact_proxy_rank4_int4_per_row_hadamard,pooled_exact_combined_moe_column_generated_local,753,1536,39,1,32,950.28125,952.5,751.8,1122.7,0.9995189148587185,0.9963093017518294
exact_proxy_rank4_int4_per_row_hadamard,pooled_exact_combined_moe_column_generated_local,753,1536,39,2,32,870.09375,860.0,768.0,996.8,0.9986863143439537,0.997218780361399
exact_proxy_rank4_int4_per_row_hadamard,pooled_exact_combined_moe_column_generated_local,753,1536,39,3,32,832.40625,832.5,729.0,944.0,0.9978787429291446,0.9942868647173602
exact_proxy_rank4_int4_per_row_hadamard,pooled_exact_combined_moe_column_generated_local,753,1536,39,4,32,776.25,768.0,696.6,858.9,0.9965313499640756,0.9906992641754128
exact_proxy_rank4_int4_per_row_hadamard,pooled_exact_combined_moe_column_generated_local,753,1536,39,5,32,707.875,729.0,588.8,773.4,0.9944193957749161,0.9816298605554025
exact_proxy_rank4_int4_per_row_hadamard,pooled_exact_combined_moe_column_generated_local,753,1536,39,6,32,689.0625,729.0,576.0,775.8,0.9896082449077255,0.9738782328360281
exact_proxy_rank4_int4_per_row_hadamard,pooled_exact_combined_moe_column_generated_local,753,1536,39,7,32,636.40625,628.0,501.5,734.4,0.9904893038115434,0.9761638887121108
exact_proxy_rank4_int4_per_row_hadamard,pooled_exact_combined_moe_column_generated_local,753,1536,39,8,32,558.59375,572.0,438.8,678.0,0.9828860296716653,0.9657281651064334
exact_proxy_rank4_int4_per_row_hadamard,pooled_exact_combined_moe_oracle,753,1536,0,1,32,828.84375,749.0,606.0,1150.0,0.9999980690587935,0.9999627638710543
exact_proxy_rank4_int4_per_row_hadamard,pooled_exact_combined_moe_oracle,753,1536,0,2,32,826.46875,769.0,578.0,1137.9,0.999994827740672,0.9999146781398864
exact_proxy_rank4_int4_per_row_hadamard,pooled_exact_combined_moe_oracle,753,1536,0,3,32,796.25,811.0,593.8,958.8000000000001,0.9999797715218766,0.9999012562413957
exact_proxy_rank4_int4_per_row_hadamard,pooled_exact_combined_moe_oracle,753,1536,0,4,32,750.78125,757.5,592.7,907.6,0.9999608667854845,0.9998637076089677
exact_proxy_rank4_int4_per_row_hadamard,pooled_exact_combined_moe_oracle,753,1536,0,5,32,722.5,728.0,561.6,925.1,0.9999220847696981,0.9995018376388012
exact_proxy_rank4_int4_per_row_hadamard,pooled_exact_combined_moe_oracle,753,1536,0,6,32,733.90625,724.0,554.4,946.6000000000001,0.9998900856858575,0.9995053468888031
exact_proxy_rank4_int4_per_row_hadamard,pooled_exact_combined_moe_oracle,753,1536,0,7,32,684.46875,688.0,490.8,882.0000000000001,0.9998013795165672,0.9989702365301271
exact_proxy_rank4_int4_per_row_hadamard,pooled_exact_combined_moe_oracle,753,1536,0,8,32,677.4375,637.0,495.8,953.7,0.9997505158784183,0.9986781247462642
exact_proxy_rank4_int4_per_row_hadamard,pooled_exact_combined_moe_oracle,753,1536,4,1,32,1083.46875,1109.0,963.7,1176.3,0.9996940245074969,0.998847546516202
exact_proxy_rank4_int4_per_row_hadamard,pooled_exact_combined_moe_oracle,753,1536,4,2,32,1011.75,1006.5,938.3,1114.6,0.9991611532887541,0.9976217315207613
exact_proxy_rank4_int4_per_row_hadamard,pooled_exact_combined_moe_oracle,753,1536,4,3,32,883.59375,896.0,749.0,1035.8,0.9978492474554621,0.9933435549920995
exact_proxy_rank4_int4_per_row_hadamard,pooled_exact_combined_moe_oracle,753,1536,4,4,32,774.28125,766.5,673.0,896.9,0.994821218790447,0.991029663520554
exact_proxy_rank4_int4_per_row_hadamard,pooled_exact_combined_moe_oracle,753,1536,4,5,32,705.78125,729.0,571.5,768.0,0.9916630002324476,0.9756786551820151
exact_proxy_rank4_int4_per_row_hadamard,pooled_exact_combined_moe_oracle,753,1536,4,6,32,608.65625,577.5,469.3,734.4,0.9868859855490052,0.9726363225839211
exact_proxy_rank4_int4_per_row_hadamard,pooled_exact_combined_moe_oracle,753,1536,4,7,32,521.78125,520.5,384.0,601.2,0.9720395883631456,0.9385851261033838
exact_proxy_rank4_int4_per_row_hadamard,pooled_exact_combined_moe_oracle,753,1536,4,8,32,427.84375,407.0,291.7,554.9,0.9634374229994394,0.9205820475339634
exact_proxy_rank4_int4_per_row_hadamard,pooled_exact_combined_moe_oracle,753,1536,20,1,32,1025.03125,1049.5,847.7,1192.5,0.999288894351077,0.996889773701838
exact_proxy_rank4_int4_per_row_hadamard,pooled_exact_combined_moe_oracle,753,1536,20,2,32,834.53125,853.0,713.7,976.7,0.9971469922101857,0.9916959601535932
exact_proxy_rank4_int4_per_row_hadamard,pooled_exact_combined_moe_oracle,753,1536,20,3,32,836.8125,832.0,749.0,964.9000000000001,0.9971928552099973,0.9892159981488996
exact_proxy_rank4_int4_per_row_hadamard,pooled_exact_combined_moe_oracle,753,1536,20,4,32,759.75,766.5,654.3,885.8,0.9936744654551318,0.9854127711364782
exact_proxy_rank4_int4_per_row_hadamard,pooled_exact_combined_moe_oracle,753,1536,20,5,32,726.09375,732.0,671.0,768.0,0.9917880719112208,0.9852776861224808
exact_proxy_rank4_int4_per_row_hadamard,pooled_exact_combined_moe_oracle,753,1536,20,6,32,655.78125,687.0,542.7,766.1,0.9877279152017748,0.9737729921524725
exact_proxy_rank4_int4_per_row_hadamard,pooled_exact_combined_moe_oracle,753,1536,20,7,32,608.90625,600.0,537.6,720.1,0.9855664251666829,0.9720441379880274
exact_proxy_rank4_int4_per_row_hadamard,pooled_exact_combined_moe_oracle,753,1536,20,8,32,572.40625,576.0,410.1,729.0,0.9829390987008199,0.945554125977982
exact_proxy_rank4_int4_per_row_hadamard,pooled_exact_combined_moe_oracle,753,1536,39,1,32,947.9375,959.5,768.0,1109.2,0.9995044683526828,0.9950077907666186
exact_proxy_rank4_int4_per_row_hadamard,pooled_exact_combined_moe_oracle,753,1536,39,2,32,885.15625,895.0,749.0,999.7,0.9988730943754036,0.9970542429321813
exact_proxy_rank4_int4_per_row_hadamard,pooled_exact_combined_moe_oracle,753,1536,39,3,32,826.15625,800.5,710.1,933.0,0.9976727732691496,0.9937503082785772
exact_proxy_rank4_int4_per_row_hadamard,pooled_exact_combined_moe_oracle,753,1536,39,4,32,783.4375,768.0,729.0,893.8000000000001,0.9965778699520335,0.9932758017921175
exact_proxy_rank4_int4_per_row_hadamard,pooled_exact_combined_moe_oracle,753,1536,39,5,32,709.28125,735.5,588.8,768.0,0.9943386824935019,0.9871818815834542
exact_proxy_rank4_int4_per_row_hadamard,pooled_exact_combined_moe_oracle,753,1536,39,6,32,674.15625,673.0,576.0,773.4,0.9885742729739471,0.9739878379548191
exact_proxy_rank4_int4_per_row_hadamard,pooled_exact_combined_moe_oracle,753,1536,39,7,32,632.375,628.0,501.7,768.0,0.9903128073514358,0.975340451003894
exact_proxy_rank4_int4_per_row_hadamard,pooled_exact_combined_moe_oracle,753,1536,39,8,32,560.59375,576.0,451.6,642.6,0.9824990328248202,0.9651050221938468
exact_proxy_rank4_int4_per_row_hadamard,pooled_router_square_column_generated,753,1536,0,1,32,807.625,762.0,606.0,1039.9,0.9999980624448883,0.9999501253165342
exact_proxy_rank4_int4_per_row_hadamard,pooled_router_square_column_generated,753,1536,0,2,32,831.625,770.5,583.1,1139.6000000000001,0.9999950474110666,0.9999160691804994
exact_proxy_rank4_int4_per_row_hadamard,pooled_router_square_column_generated,753,1536,0,3,32,795.53125,791.0,626.6,969.1,0.9999820377292752,0.9999021404123994
exact_proxy_rank4_int4_per_row_hadamard,pooled_router_square_column_generated,753,1536,0,4,32,754.75,756.0,614.8,907.6,0.9999613716298072,0.9999084801053432
exact_proxy_rank4_int4_per_row_hadamard,pooled_router_square_column_generated,753,1536,0,5,32,725.0,708.5,577.5,919.3000000000001,0.9999298499864918,0.9995803832621253
exact_proxy_rank4_int4_per_row_hadamard,pooled_router_square_column_generated,753,1536,0,6,32,739.25,737.0,553.6,947.9000000000001,0.9998958610130582,0.9996389311043543
exact_proxy_rank4_int4_per_row_hadamard,pooled_router_square_column_generated,753,1536,0,7,32,690.34375,694.5,482.7,886.2,0.9998311783388587,0.9990507666910038
exact_proxy_rank4_int4_per_row_hadamard,pooled_router_square_column_generated,753,1536,0,8,32,679.34375,633.5,496.5,942.9,0.9997734245029994,0.9986646003467318
exact_proxy_rank4_int4_per_row_hadamard,pooled_router_square_column_generated,753,1536,4,1,32,1090.25,1099.5,991.2,1164.2,0.9996725532945276,0.998958434566747
exact_proxy_rank4_int4_per_row_hadamard,pooled_router_square_column_generated,753,1536,4,2,32,1006.46875,997.0,938.3,1077.5,0.9992272539740155,0.9976561805832384
exact_proxy_rank4_int4_per_row_hadamard,pooled_router_square_column_generated,753,1536,4,3,32,873.6875,883.0,749.5,982.6000000000001,0.9977463995668269,0.9937671078970417
exact_proxy_rank4_int4_per_row_hadamard,pooled_router_square_column_generated,753,1536,4,4,32,788.5,768.0,729.0,896.9,0.9967586925168406,0.98833337829858
exact_proxy_rank4_int4_per_row_hadamard,pooled_router_square_column_generated,753,1536,4,5,32,704.375,717.0,580.6,779.8,0.9911636063983013,0.9801574833393644
exact_proxy_rank4_int4_per_row_hadamard,pooled_router_square_column_generated,753,1536,4,6,32,607.71875,584.0,503.1,729.0,0.988082959616958,0.9734626570021461
exact_proxy_rank4_int4_per_row_hadamard,pooled_router_square_column_generated,753,1536,4,7,32,521.78125,516.5,398.7,598.8000000000001,0.9722016067986471,0.94435108556562
exact_proxy_rank4_int4_per_row_hadamard,pooled_router_square_column_generated,753,1536,4,8,32,428.75,413.0,291.7,573.9000000000001,0.9618285649027353,0.9208566146264429
exact_proxy_rank4_int4_per_row_hadamard,pooled_router_square_column_generated,753,1536,20,1,32,1021.15625,1049.5,844.8,1196.7,0.9992770798145733,0.9969558277116659
exact_proxy_rank4_int4_per_row_hadamard,pooled_router_square_column_generated,753,1536,20,2,32,844.03125,885.0,730.8,956.0,0.9974939991931624,0.9919389180802025
exact_proxy_rank4_int4_per_row_hadamard,pooled_router_square_column_generated,753,1536,20,3,32,844.71875,837.0,741.0,964.9000000000001,0.9970810353126935,0.9906114721460733
exact_proxy_rank4_int4_per_row_hadamard,pooled_router_square_column_generated,753,1536,20,4,32,759.28125,766.5,656.7,885.8,0.9945782217057032,0.9854289965583205
exact_proxy_rank4_int4_per_row_hadamard,pooled_router_square_column_generated,753,1536,20,5,32,706.96875,729.5,617.5,777.0,0.9897046987274818,0.9853779402105081
exact_proxy_rank4_int4_per_row_hadamard,pooled_router_square_column_generated,753,1536,20,6,32,659.0625,677.0,541.5,768.0,0.9885775498042482,0.9736261776080817
exact_proxy_rank4_int4_per_row_hadamard,pooled_router_square_column_generated,753,1536,20,7,32,610.09375,604.0,537.6,710.5,0.9855941253154583,0.9728541893018054
exact_proxy_rank4_int4_per_row_hadamard,pooled_router_square_column_generated,753,1536,20,8,32,576.9375,576.0,438.7,725.3000000000001,0.9828007713186562,0.9593686658962985
exact_proxy_rank4_int4_per_row_hadamard,pooled_router_square_column_generated,753,1536,39,1,32,946.5625,952.5,769.8,1101.2,0.9995189148587185,0.9969366390665502
exact_proxy_rank4_int4_per_row_hadamard,pooled_router_square_column_generated,753,1536,39,2,32,885.96875,880.0,768.0,999.7,0.9989200123939134,0.9971135450916278
exact_proxy_rank4_int4_per_row_hadamard,pooled_router_square_column_generated,753,1536,39,3,32,835.09375,845.5,710.1,969.2,0.9982730508236045,0.9942775629623591
exact_proxy_rank4_int4_per_row_hadamard,pooled_router_square_column_generated,753,1536,39,4,32,775.21875,768.0,680.4,893.3000000000001,0.9956907458233893,0.9921141112670011
exact_proxy_rank4_int4_per_row_hadamard,pooled_router_square_column_generated,753,1536,39,5,32,711.0625,729.0,623.3,792.8000000000001,0.9944488142268656,0.9844410458225062
exact_proxy_rank4_int4_per_row_hadamard,pooled_router_square_column_generated,753,1536,39,6,32,690.3125,729.0,576.0,785.0,0.9896082449077255,0.9800165891359947
exact_proxy_rank4_int4_per_row_hadamard,pooled_router_square_column_generated,753,1536,39,7,32,628.84375,628.0,486.1,747.0,0.9901113617649707,0.9760627414396167
exact_proxy_rank4_int4_per_row_hadamard,pooled_router_square_column_generated,753,1536,39,8,32,548.3125,545.0,447.1,631.8,0.9826160519320521,0.9587701633927433
exact_proxy_rank4_int4_per_row_hadamard,pooled_router_square_compressed,753,1536,0,1,32,829.125,773.0,606.0,1150.0,0.9999982317127742,0.9999627638710543
exact_proxy_rank4_int4_per_row_hadamard,pooled_router_square_compressed,753,1536,0,2,32,825.84375,769.0,578.0,1137.9,0.999994827740672,0.9999146781398864
exact_proxy_rank4_int4_per_row_hadamard,pooled_router_square_compressed,753,1536,0,3,32,795.625,800.5,600.9,958.8000000000001,0.9999800079923873,0.9999012562413957
exact_proxy_rank4_int4_per_row_hadamard,pooled_router_square_compressed,753,1536,0,4,32,751.9375,757.5,593.5,907.6,0.9999611079796824,0.9998763489383369
exact_proxy_rank4_int4_per_row_hadamard,pooled_router_square_compressed,753,1536,0,5,32,723.6875,724.0,577.2,948.6,0.9999237110597532,0.9994583245464497
exact_proxy_rank4_int4_per_row_hadamard,pooled_router_square_compressed,753,1536,0,6,32,734.375,724.0,552.8,946.6000000000001,0.9998975585188324,0.9995074752015004
exact_proxy_rank4_int4_per_row_hadamard,pooled_router_square_compressed,753,1536,0,7,32,686.28125,688.0,490.8,882.0000000000001,0.9998013795165672,0.998990300377528
exact_proxy_rank4_int4_per_row_hadamard,pooled_router_square_compressed,753,1536,0,8,32,674.5625,637.0,495.8,953.7,0.9997296181164308,0.9986781247462642
exact_proxy_rank4_int4_per_row_hadamard,pooled_router_square_compressed,753,1536,4,1,32,1093.65625,1117.5,980.2,1177.6000000000001,0.9997174402740696,0.998847546516202
exact_proxy_rank4_int4_per_row_hadamard,pooled_router_square_compressed,753,1536,4,2,32,1009.53125,1002.0,938.0,1112.0,0.9991753769703757,0.9976217315207613
exact_proxy_rank4_int4_per_row_hadamard,pooled_router_square_compressed,753,1536,4,3,32,876.875,890.0,749.4,1035.0,0.9978492474554621,0.9933435549920995
exact_proxy_rank4_int4_per_row_hadamard,pooled_router_square_compressed,753,1536,4,4,32,778.5,768.0,660.1,896.9,0.9952503167100126,0.9879361445745365
exact_proxy_rank4_int4_per_row_hadamard,pooled_router_square_compressed,753,1536,4,5,32,708.90625,729.0,576.0,778.8000000000001,0.9916630002324476,0.9841450650787179
exact_proxy_rank4_int4_per_row_hadamard,pooled_router_square_compressed,753,1536,4,6,32,614.125,584.0,504.5,729.0,0.9878599475648383,0.9723382195813478
exact_proxy_rank4_int4_per_row_hadamard,pooled_router_square_compressed,753,1536,4,7,32,512.53125,515.5,385.3,598.6,0.9707668811386225,0.9385851261033838
exact_proxy_rank4_int4_per_row_hadamard,pooled_router_square_compressed,753,1536,4,8,32,427.4375,413.0,291.7,551.6,0.9634374229994394,0.9205820475339634
exact_proxy_rank4_int4_per_row_hadamard,pooled_router_square_compressed,753,1536,20,1,32,1020.75,1049.5,844.8,1192.5,0.999288894351077,0.997002120348078
exact_proxy_rank4_int4_per_row_hadamard,pooled_router_square_compressed,753,1536,20,2,32,851.53125,885.0,719.1,977.7,0.9974264525212165,0.9918386697836686
exact_proxy_rank4_int4_per_row_hadamard,pooled_router_square_compressed,753,1536,20,3,32,838.34375,832.0,733.8,964.9000000000001,0.9970127406044252,0.9904166704093866
exact_proxy_rank4_int4_per_row_hadamard,pooled_router_square_compressed,753,1536,20,4,32,755.8125,749.0,648.4,885.8,0.9936744654551318,0.9850528532276313
exact_proxy_rank4_int4_per_row_hadamard,pooled_router_square_compressed,753,1536,20,5,32,708.25,729.0,580.1,768.0,0.9917880719112208,0.9837842353440578
exact_proxy_rank4_int4_per_row_hadamard,pooled_router_square_compressed,753,1536,20,6,32,657.90625,681.5,541.9,768.0,0.9884509483284918,0.9741611903027149
exact_proxy_rank4_int4_per_row_hadamard,pooled_router_square_compressed,753,1536,20,7,32,609.3125,591.5,537.6,720.1,0.9851645382150058,0.9710440385191285
exact_proxy_rank4_int4_per_row_hadamard,pooled_router_square_compressed,753,1536,20,8,32,578.6875,576.0,410.1,729.0,0.9829390987008199,0.9453046612968833
exact_proxy_rank4_int4_per_row_hadamard,pooled_router_square_compressed,753,1536,39,1,32,947.5,959.5,768.0,1101.6,0.9995301274391172,0.9950077907666186
exact_proxy_rank4_int4_per_row_hadamard,pooled_router_square_compressed,753,1536,39,2,32,884.34375,880.0,768.0,1001.8,0.9988762780954579,0.996943995603793
exact_proxy_rank4_int4_per_row_hadamard,pooled_router_square_compressed,753,1536,39,3,32,828.28125,803.0,710.1,969.2,0.997893415309538,0.9940263160949813
exact_proxy_rank4_int4_per_row_hadamard,pooled_router_square_compressed,753,1536,39,4,32,783.125,768.0,711.0,904.2,0.9962289901982387,0.9937332117894035
exact_proxy_rank4_int4_per_row_hadamard,pooled_router_square_compressed,753,1536,39,5,32,710.90625,729.0,588.8,792.8000000000001,0.9942723202717728,0.9838634041396661
exact_proxy_rank4_int4_per_row_hadamard,pooled_router_square_compressed,753,1536,39,6,32,687.0,718.5,576.0,775.8,0.9892653151468602,0.9786798851916555
exact_proxy_rank4_int4_per_row_hadamard,pooled_router_square_compressed,753,1536,39,7,32,623.40625,628.0,455.5,747.0,0.9896034681553306,0.9744988798461247
exact_proxy_rank4_int4_per_row_hadamard,pooled_router_square_compressed,753,1536,39,8,32,555.84375,576.0,451.6,631.8,0.9824990328248202,0.9651050221938468
exact_proxy_rank4_int4_per_row_hadamard,uniform_per_expert,753,753,0,1,32,732.84375,749.0,727.0,749.0,0.9999953933549,0.9995923908949848
exact_proxy_rank4_int4_per_row_hadamard,uniform_per_expert,753,753,0,2,32,739.28125,749.0,727.0,749.0,0.9999765159312493,0.9981683170337308
exact_proxy_rank4_int4_per_row_hadamard,uniform_per_expert,753,753,0,3,32,745.71875,749.0,727.0,749.0,0.999928345836945,0.9993205214760142
exact_proxy_rank4_int4_per_row_hadamard,uniform_per_expert,753,753,0,4,32,746.84375,749.0,731.0,751.9,0.9999791371868685,0.9995508430138498
exact_proxy_rank4_int4_per_row_hadamard,uniform_per_expert,753,753,0,5,32,745.28125,749.0,727.0,750.8,0.9999845964592704,0.9988353857051956
exact_proxy_rank4_int4_per_row_hadamard,uniform_per_expert,753,753,0,6,32,744.75,749.0,727.0,749.0,0.9999618801695316,0.998827230703223
exact_proxy_rank4_int4_per_row_hadamard,uniform_per_expert,753,753,0,7,32,741.1875,749.0,727.0,749.0,0.9999767738071054,0.9985465573387765
exact_proxy_rank4_int4_per_row_hadamard,uniform_per_expert,753,753,0,8,32,740.40625,749.0,727.0,749.9,0.9999824417623402,0.998639358927073
exact_proxy_rank4_int4_per_row_hadamard,uniform_per_expert,753,753,4,1,32,748.8125,749.0,749.0,749.0,0.995373322487886,0.9909944794890843
exact_proxy_rank4_int4_per_row_hadamard,uniform_per_expert,753,753,4,2,32,748.40625,749.0,749.0,749.0,0.9949137691649166,0.9885249451167711
exact_proxy_rank4_int4_per_row_hadamard,uniform_per_expert,753,753,4,3,32,749.1875,749.0,749.0,749.0,0.9942039489632628,0.9898676923247102
exact_proxy_rank4_int4_per_row_hadamard,uniform_per_expert,753,753,4,4,32,747.90625,749.0,749.0,749.0,0.994704481919297,0.9909080080682159
exact_proxy_rank4_int4_per_row_hadamard,uniform_per_expert,753,753,4,5,32,748.9375,749.0,749.0,749.0,0.9938924327532543,0.9892072469193118
exact_proxy_rank4_int4_per_row_hadamard,uniform_per_expert,753,753,4,6,32,748.78125,749.0,749.0,749.0,0.9941242457735444,0.9904533279745836
exact_proxy_rank4_int4_per_row_hadamard,uniform_per_expert,753,753,4,7,32,748.5,749.0,749.0,749.0,0.9924201439880697,0.9884936188200358
exact_proxy_rank4_int4_per_row_hadamard,uniform_per_expert,753,753,4,8,32,749.0,749.0,749.0,749.0,0.9922570292041433,0.9880337322693222
exact_proxy_rank4_int4_per_row_hadamard,uniform_per_expert,753,753,20,1,32,748.1875,749.0,749.0,749.0,0.9931995647058635,0.9892512070812184
exact_proxy_rank4_int4_per_row_hadamard,uniform_per_expert,753,753,20,2,32,749.0,749.0,749.0,749.0,0.9955861397826686,0.9876599922052132
exact_proxy_rank4_int4_per_row_hadamard,uniform_per_expert,753,753,20,3,32,749.09375,749.0,749.0,749.0,0.9938914736133949,0.9891001650929272
exact_proxy_rank4_int4_per_row_hadamard,uniform_per_expert,753,753,20,4,32,748.84375,749.0,749.0,749.0,0.9930329092613298,0.9873243166719691
exact_proxy_rank4_int4_per_row_hadamard,uniform_per_expert,753,753,20,5,32,748.625,749.0,749.0,749.0,0.9929939215919064,0.9890801647474722
exact_proxy_rank4_int4_per_row_hadamard,uniform_per_expert,753,753,20,6,32,748.15625,749.0,749.0,749.0,0.9912830687695977,0.988204977653437
exact_proxy_rank4_int4_per_row_hadamard,uniform_per_expert,753,753,20,7,32,749.03125,749.0,749.0,749.0,0.9933010601106324,0.9883143692145426
exact_proxy_rank4_int4_per_row_hadamard,uniform_per_expert,753,753,20,8,32,749.0,749.0,749.0,749.0,0.992067558132395,0.9880766244961634
exact_proxy_rank4_int4_per_row_hadamard,uniform_per_expert,753,753,39,1,32,748.90625,749.0,749.0,749.0,0.9977019551372234,0.9924995437856169
exact_proxy_rank4_int4_per_row_hadamard,uniform_per_expert,753,753,39,2,32,749.0,749.0,749.0,749.0,0.9971145386645943,0.9938534428870551
exact_proxy_rank4_int4_per_row_hadamard,uniform_per_expert,753,753,39,3,32,749.0,749.0,749.0,749.0,0.9964889517704685,0.9919191818179864
exact_proxy_rank4_int4_per_row_hadamard,uniform_per_expert,753,753,39,4,32,748.09375,749.0,748.1,749.0,0.9948997037328957,0.9917153352407567
exact_proxy_rank4_int4_per_row_hadamard,uniform_per_expert,753,753,39,5,32,749.25,749.0,749.0,749.0,0.9948980862580314,0.9891475273860552
exact_proxy_rank4_int4_per_row_hadamard,uniform_per_expert,753,753,39,6,32,748.21875,749.0,749.0,749.0,0.9935061829166831,0.9887153526462995
exact_proxy_rank4_int4_per_row_hadamard,uniform_per_expert,753,753,39,7,32,748.96875,749.0,749.0,749.0,0.99459481260605,0.9898829370638271
exact_proxy_rank4_int4_per_row_hadamard,uniform_per_expert,753,753,39,8,32,748.53125,749.0,749.0,749.0,0.9938272247797343,0.987635959412014
exact_proxy_rank4_int8_per_row,pooled_exact_combined_moe_column_generated_local,749,1536,0,1,32,808.03125,758.5,592.7,1033.6000000000001,0.9999983096308231,0.9999651594037062
exact_proxy_rank4_int8_per_row,pooled_exact_combined_moe_column_generated_local,749,1536,0,2,32,826.5,777.0,569.6,1139.9,0.9999940408649,0.9999247979149724
exact_proxy_rank4_int8_per_row,pooled_exact_combined_moe_column_generated_local,749,1536,0,3,32,793.84375,797.0,620.6,974.2,0.9999852000929289,0.9998931161802248
exact_proxy_rank4_int8_per_row,pooled_exact_combined_moe_column_generated_local,749,1536,0,4,32,747.625,753.5,609.3,908.7,0.9999652399906208,0.9998802630749478
exact_proxy_rank4_int8_per_row,pooled_exact_combined_moe_column_generated_local,749,1536,0,5,32,717.9375,706.0,575.4,901.7,0.9999179942719567,0.9994792783169696
exact_proxy_rank4_int8_per_row,pooled_exact_combined_moe_column_generated_local,749,1536,0,6,32,734.5625,740.5,549.7,931.6,0.9998983600485322,0.9995767459646019
exact_proxy_rank4_int8_per_row,pooled_exact_combined_moe_column_generated_local,749,1536,0,7,32,688.75,682.0,488.7,911.3000000000002,0.9998483594077556,0.9991078076526212
exact_proxy_rank4_int8_per_row,pooled_exact_combined_moe_column_generated_local,749,1536,0,8,32,673.9375,633.0,497.2,939.2,0.9997752057465541,0.9988652561537436
exact_proxy_rank4_int8_per_row,pooled_exact_combined_moe_column_generated_local,749,1536,4,1,32,1082.6875,1086.0,960.1,1185.2,0.9997050256573621,0.9988485371215127
exact_proxy_rank4_int8_per_row,pooled_exact_combined_moe_column_generated_local,749,1536,4,2,32,998.6875,999.0,907.2,1120.0,0.9990872130367526,0.9977266230287627
exact_proxy_rank4_int8_per_row,pooled_exact_combined_moe_column_generated_local,749,1536,4,3,32,864.1875,883.5,731.0,969.8000000000001,0.9975145171465174,0.9938389079352784
exact_proxy_rank4_int8_per_row,pooled_exact_combined_moe_column_generated_local,749,1536,4,4,32,788.46875,780.0,671.2,913.6,0.9966934525061987,0.9887781984418006
exact_proxy_rank4_int8_per_row,pooled_exact_combined_moe_column_generated_local,749,1536,4,5,32,691.125,717.5,576.0,766.7,0.9912667989993,0.9777104683985933
exact_proxy_rank4_int8_per_row,pooled_exact_combined_moe_column_generated_local,749,1536,4,6,32,604.15625,589.0,455.3,749.0,0.9880567633476562,0.970664882326145
exact_proxy_rank4_int8_per_row,pooled_exact_combined_moe_column_generated_local,749,1536,4,7,32,526.0625,523.5,417.3,634.1000000000001,0.9742710899549809,0.9457182518765673
exact_proxy_rank4_int8_per_row,pooled_exact_combined_moe_column_generated_local,749,1536,4,8,32,433.3125,399.0,288.4,576.0,0.9642619508671653,0.9197943900608657
exact_proxy_rank4_int8_per_row,pooled_exact_combined_moe_column_generated_local,749,1536,20,1,32,1013.59375,1035.0,879.3,1194.8,0.9991127972323557,0.9965713279001414
exact_proxy_rank4_int8_per_row,pooled_exact_combined_moe_column_generated_local,749,1536,20,2,32,838.84375,879.5,678.6,952.2,0.9974307873789972,0.9927349161932958
exact_proxy_rank4_int8_per_row,pooled_exact_combined_moe_column_generated_local,749,1536,20,3,32,840.84375,861.0,717.3,949.2,0.9973612414262465,0.988182618407397
exact_proxy_rank4_int8_per_row,pooled_exact_combined_moe_column_generated_local,749,1536,20,4,32,750.625,749.0,645.7,884.4000000000001,0.9932940224195375,0.9824427555972582
exact_proxy_rank4_int8_per_row,pooled_exact_combined_moe_column_generated_local,749,1536,20,5,32,723.625,743.5,583.2,796.0,0.9931336787811658,0.9845039629171175
exact_proxy_rank4_int8_per_row,pooled_exact_combined_moe_column_generated_local,749,1536,20,6,32,661.78125,683.0,552.7,768.0,0.9889901114895661,0.9745137495543836
exact_proxy_rank4_int8_per_row,pooled_exact_combined_moe_column_generated_local,749,1536,20,7,32,597.90625,586.0,501.4,712.7,0.984468481804875,0.9719316798703435
exact_proxy_rank4_int8_per_row,pooled_exact_combined_moe_column_generated_local,749,1536,20,8,32,560.78125,576.0,445.9,641.4000000000001,0.9803427833993434,0.9575565641045855
exact_proxy_rank4_int8_per_row,pooled_exact_combined_moe_column_generated_local,749,1536,39,1,32,938.625,947.0,731.1,1089.7,0.9995220396191169,0.9953981137384172
exact_proxy_rank4_int8_per_row,pooled_exact_combined_moe_column_generated_local,749,1536,39,2,32,875.59375,863.0,750.9,1014.3000000000001,0.9988438620550737,0.9967389303601057
exact_proxy_rank4_int8_per_row,pooled_exact_combined_moe_column_generated_local,749,1536,39,3,32,816.84375,810.5,713.7,937.5,0.9977794809228405,0.9934857567948752
exact_proxy_rank4_int8_per_row,pooled_exact_combined_moe_column_generated_local,749,1536,39,4,32,777.125,766.5,672.4,882.6,0.9963830482011458,0.9930256145232915
exact_proxy_rank4_int8_per_row,pooled_exact_combined_moe_column_generated_local,749,1536,39,5,32,710.125,729.0,625.2,786.0,0.9942930370389926,0.9862777377797534
exact_proxy_rank4_int8_per_row,pooled_exact_combined_moe_column_generated_local,749,1536,39,6,32,682.9375,699.0,576.4,768.0,0.9916847699059748,0.9760794476994251
exact_proxy_rank4_int8_per_row,pooled_exact_combined_moe_column_generated_local,749,1536,39,7,32,638.4375,643.5,486.8,766.1,0.9920279378754999,0.9754903295895722
exact_proxy_rank4_int8_per_row,pooled_exact_combined_moe_column_generated_local,749,1536,39,8,32,549.0,576.0,389.2,637.0,0.9833945472440591,0.9590471985365441
exact_proxy_rank4_int8_per_row,pooled_exact_combined_moe_oracle,749,1536,0,1,32,820.0,774.0,601.5,1128.6000000000001,0.9999982374632299,0.9999827216192637
exact_proxy_rank4_int8_per_row,pooled_exact_combined_moe_oracle,749,1536,0,2,32,822.34375,773.0,578.4,1138.6000000000001,0.9999936867001096,0.9999150748730854
exact_proxy_rank4_int8_per_row,pooled_exact_combined_moe_oracle,749,1536,0,3,32,792.15625,797.0,592.0,976.0000000000001,0.9999881803494063,0.999838586198803
exact_proxy_rank4_int8_per_row,pooled_exact_combined_moe_oracle,749,1536,0,4,32,748.21875,758.5,622.6,912.0,0.9999633089392004,0.9998612838983584
exact_proxy_rank4_int8_per_row,pooled_exact_combined_moe_oracle,749,1536,0,5,32,716.90625,725.5,567.0,897.5,0.9999321742509595,0.9994619046475661
exact_proxy_rank4_int8_per_row,pooled_exact_combined_moe_oracle,749,1536,0,6,32,736.3125,724.5,551.2,960.2,0.9999125944646119,0.9994924810929294
exact_proxy_rank4_int8_per_row,pooled_exact_combined_moe_oracle,749,1536,0,7,32,683.1875,679.0,485.3,880.3000000000001,0.999793431658965,0.9989313669584132
exact_proxy_rank4_int8_per_row,pooled_exact_combined_moe_oracle,749,1536,0,8,32,671.15625,639.5,497.1,950.2,0.999753265858506,0.9990082776200473
exact_proxy_rank4_int8_per_row,pooled_exact_combined_moe_oracle,749,1536,4,1,32,1087.0625,1089.0,963.7,1201.6000000000001,0.999688163615756,0.9987457109544325
exact_proxy_rank4_int8_per_row,pooled_exact_combined_moe_oracle,749,1536,4,2,32,1006.125,1000.0,877.5,1146.4,0.9992983836579736,0.9973903508316474
exact_proxy_rank4_int8_per_row,pooled_exact_combined_moe_oracle,749,1536,4,3,32,873.6875,884.0,768.0,1012.4000000000001,0.9978828316701092,0.9938658318419031
exact_proxy_rank4_int8_per_row,pooled_exact_combined_moe_oracle,749,1536,4,4,32,779.125,766.0,700.7,898.9,0.996505881207604,0.9910769490669511
exact_proxy_rank4_int8_per_row,pooled_exact_combined_moe_oracle,749,1536,4,5,32,706.40625,729.0,577.4,768.0,0.9922328081416865,0.9793012635917591
exact_proxy_rank4_int8_per_row,pooled_exact_combined_moe_oracle,749,1536,4,6,32,589.71875,576.0,446.8,729.0,0.986343516416338,0.9701053051478472
exact_proxy_rank4_int8_per_row,pooled_exact_combined_moe_oracle,749,1536,4,7,32,514.3125,520.0,384.0,602.6,0.9725677863281432,0.9412856947264107
exact_proxy_rank4_int8_per_row,pooled_exact_combined_moe_oracle,749,1536,4,8,32,430.09375,389.5,287.1,582.3000000000001,0.9591353777233679,0.9280347371864894
exact_proxy_rank4_int8_per_row,pooled_exact_combined_moe_oracle,749,1536,20,1,32,1011.96875,1042.0,839.8,1194.8,0.9992709743452446,0.9964774122872108
exact_proxy_rank4_int8_per_row,pooled_exact_combined_moe_oracle,749,1536,20,2,32,829.0,848.5,722.7,944.1,0.997397198963704,0.9925550326219422
exact_proxy_rank4_int8_per_row,pooled_exact_combined_moe_oracle,749,1536,20,3,32,836.6875,867.0,729.0,949.3000000000001,0.9973122246777124,0.9884832178859011
exact_proxy_rank4_int8_per_row,pooled_exact_combined_moe_oracle,749,1536,20,4,32,765.78125,758.5,673.3,892.6,0.9933209248185115,0.9869692591624153
exact_proxy_rank4_int8_per_row,pooled_exact_combined_moe_oracle,749,1536,20,5,32,715.78125,731.5,583.2,786.6,0.9915253056635935,0.9841716521127623
exact_proxy_rank4_int8_per_row,pooled_exact_combined_moe_oracle,749,1536,20,6,32,661.25,687.0,509.5,749.0,0.9885515274071772,0.9731055186678832
exact_proxy_rank4_int8_per_row,pooled_exact_combined_moe_oracle,749,1536,20,7,32,598.75,576.5,525.3,696.8,0.9845705048799718,0.9708995995959774
exact_proxy_rank4_int8_per_row,pooled_exact_combined_moe_oracle,749,1536,20,8,32,567.40625,576.0,445.9,703.1,0.982175998991923,0.943089394171498
exact_proxy_rank4_int8_per_row,pooled_exact_combined_moe_oracle,749,1536,39,1,32,944.0625,953.5,770.5,1115.7,0.999499218727194,0.9952435338759724
exact_proxy_rank4_int8_per_row,pooled_exact_combined_moe_oracle,749,1536,39,2,32,887.0625,911.0,750.9,1017.8,0.9988349593003327,0.9963486839579692
exact_proxy_rank4_int8_per_row,pooled_exact_combined_moe_oracle,749,1536,39,3,32,819.75,785.0,729.0,992.0000000000001,0.9975401213939952,0.9919672117970386
exact_proxy_rank4_int8_per_row,pooled_exact_combined_moe_oracle,749,1536,39,4,32,769.25,749.0,678.1,881.2,0.9952918907429473,0.9929005282922143
exact_proxy_rank4_int8_per_row,pooled_exact_combined_moe_oracle,749,1536,39,5,32,704.0625,729.0,588.3,768.0,0.9939516969828237,0.9835511901874294
exact_proxy_rank4_int8_per_row,pooled_exact_combined_moe_oracle,749,1536,39,6,32,683.8125,724.0,576.0,778.7,0.9908077757730434,0.9761967717213854
exact_proxy_rank4_int8_per_row,pooled_exact_combined_moe_oracle,749,1536,39,7,32,634.40625,639.0,465.8,749.0,0.991565551419936,0.974317161144621
exact_proxy_rank4_int8_per_row,pooled_exact_combined_moe_oracle,749,1536,39,8,32,544.4375,576.0,384.0,618.4,0.9833484208480647,0.9564760657738742
exact_proxy_rank4_int8_per_row,pooled_router_square_column_generated,749,1536,0,1,32,807.375,758.0,610.7,1034.5,0.9999980428334836,0.9999498804031597
exact_proxy_rank4_int8_per_row,pooled_router_square_column_generated,749,1536,0,2,32,827.625,775.0,583.1,1139.9,0.9999945737912901,0.9999246032948892
exact_proxy_rank4_int8_per_row,pooled_router_square_column_generated,749,1536,0,3,32,795.28125,798.0,620.6,971.7,0.9999843941165927,0.9998931161802248
exact_proxy_rank4_int8_per_row,pooled_router_square_column_generated,749,1536,0,4,32,745.5625,749.0,594.7,897.9000000000001,0.9999573904895223,0.999864066640222
exact_proxy_rank4_int8_per_row,pooled_router_square_column_generated,749,1536,0,5,32,718.75,706.0,588.5,901.7,0.9999179942719567,0.9994792783169696
exact_proxy_rank4_int8_per_row,pooled_router_square_column_generated,749,1536,0,6,32,734.0625,739.0,550.0,931.6,0.9998981805119718,0.9995617791250617
exact_proxy_rank4_int8_per_row,pooled_router_square_column_generated,749,1536,0,7,32,686.96875,682.0,485.3,911.3000000000002,0.999824971875297,0.9990937819326287
exact_proxy_rank4_int8_per_row,pooled_router_square_column_generated,749,1536,0,8,32,676.03125,639.5,495.4,939.2,0.9997464005410408,0.9988652561537436
exact_proxy_rank4_int8_per_row,pooled_router_square_column_generated,749,1536,4,1,32,1090.15625,1095.5,987.6,1153.0,0.9996548992288546,0.9988612460252877
exact_proxy_rank4_int8_per_row,pooled_router_square_column_generated,749,1536,4,2,32,1005.78125,1001.0,928.1,1120.0,0.9992273819891082,0.9975740863144869
exact_proxy_rank4_int8_per_row,pooled_router_square_column_generated,749,1536,4,3,32,867.46875,884.0,768.0,969.8000000000001,0.9976912900723409,0.9938389079352784
exact_proxy_rank4_int8_per_row,pooled_router_square_column_generated,749,1536,4,4,32,790.1875,774.5,690.0,898.6,0.9960888951277986,0.9906574264947315
exact_proxy_rank4_int8_per_row,pooled_router_square_column_generated,749,1536,4,5,32,696.125,717.5,576.0,768.0,0.9916003416761534,0.9801511263920186
exact_proxy_rank4_int8_per_row,pooled_router_square_column_generated,749,1536,4,6,32,595.1875,576.0,449.4,747.0,0.9874368718286846,0.9707818890392731
exact_proxy_rank4_int8_per_row,pooled_router_square_column_generated,749,1536,4,7,32,518.6875,510.0,429.0,603.8,0.9728704912652355,0.9457182518765673
exact_proxy_rank4_int8_per_row,pooled_router_square_column_generated,749,1536,4,8,32,425.53125,389.5,288.4,575.0,0.9639315075325724,0.9197943900608657
exact_proxy_rank4_int8_per_row,pooled_router_square_column_generated,749,1536,20,1,32,1013.65625,1046.0,841.2,1178.1000000000001,0.9993133872116102,0.9965515780241142
exact_proxy_rank4_int8_per_row,pooled_router_square_column_generated,749,1536,20,2,32,839.8125,879.5,724.3,959.4000000000001,0.9974307873789972,0.9920389106944623
exact_proxy_rank4_int8_per_row,pooled_router_square_column_generated,749,1536,20,3,32,838.84375,862.5,729.0,949.2,0.9973612414262465,0.988368593931562
exact_proxy_rank4_int8_per_row,pooled_router_square_column_generated,749,1536,20,4,32,757.375,749.0,670.2,884.4000000000001,0.9946035773157307,0.9867987108006369
exact_proxy_rank4_int8_per_row,pooled_router_square_column_generated,749,1536,20,5,32,705.375,729.0,608.5,781.5,0.9911788891250934,0.9845039629171175
exact_proxy_rank4_int8_per_row,pooled_router_square_column_generated,749,1536,20,6,32,652.25,665.5,560.7,729.0,0.9879648765445475,0.9747835400011322
exact_proxy_rank4_int8_per_row,pooled_router_square_column_generated,749,1536,20,7,32,610.84375,587.5,531.6,727.7,0.9858592452488705,0.9718905372993005
exact_proxy_rank4_int8_per_row,pooled_router_square_column_generated,749,1536,20,8,32,571.1875,576.0,466.6,673.0000000000001,0.9824990994543572,0.9605431247429823
exact_proxy_rank4_int8_per_row,pooled_router_square_column_generated,749,1536,39,1,32,934.8125,945.5,765.3,1101.4,0.999549860342492,0.9960951720307538
exact_proxy_rank4_int8_per_row,pooled_router_square_column_generated,749,1536,39,2,32,875.125,870.5,750.9,1006.4000000000001,0.9988252551188386,0.9968005131202143
exact_proxy_rank4_int8_per_row,pooled_router_square_column_generated,749,1536,39,3,32,824.71875,812.5,731.0,937.5,0.9977794809228405,0.9939819282398258
exact_proxy_rank4_int8_per_row,pooled_router_square_column_generated,749,1536,39,4,32,772.03125,745.0,676.9,881.2,0.9961168613895798,0.9930082813481705
exact_proxy_rank4_int8_per_row,pooled_router_square_column_generated,749,1536,39,5,32,710.53125,729.0,621.6,768.0,0.9945510235576205,0.9862777377797534
exact_proxy_rank4_int8_per_row,pooled_router_square_column_generated,749,1536,39,6,32,687.125,697.0,576.4,768.0,0.9917293557030418,0.9775847131419804
exact_proxy_rank4_int8_per_row,pooled_router_square_column_generated,749,1536,39,7,32,635.6875,643.5,437.0,768.0,0.9906868779807554,0.9746362278622304
exact_proxy_rank4_int8_per_row,pooled_router_square_column_generated,749,1536,39,8,32,548.75,576.0,427.9,637.0,0.9828459063836283,0.9576770101855612
exact_proxy_rank4_int8_per_row,pooled_router_square_compressed,749,1536,0,1,32,819.1875,771.5,580.8,1128.6000000000001,0.9999982374632299,0.9999492596706878
exact_proxy_rank4_int8_per_row,pooled_router_square_compressed,749,1536,0,2,32,824.03125,773.0,578.4,1138.6000000000001,0.9999936867001096,0.9999150748730854
exact_proxy_rank4_int8_per_row,pooled_router_square_compressed,749,1536,0,3,32,788.90625,797.0,592.0,964.3000000000001,0.9999872918671666,0.999838586198803
exact_proxy_rank4_int8_per_row,pooled_router_square_compressed,749,1536,0,4,32,749.5625,758.5,622.6,912.0,0.999961504026208,0.999861622449502
exact_proxy_rank4_int8_per_row,pooled_router_square_compressed,749,1536,0,5,32,717.0,725.5,567.0,897.5,0.9999342266672033,0.9994552156677393
exact_proxy_rank4_int8_per_row,pooled_router_square_compressed,749,1536,0,6,32,736.1875,739.0,548.1,960.2,0.9999125944646119,0.9996154542571468
exact_proxy_rank4_int8_per_row,pooled_router_square_compressed,749,1536,0,7,32,680.53125,679.0,485.3,880.3000000000001,0.9997922845973819,0.9989313669584132
exact_proxy_rank4_int8_per_row,pooled_router_square_compressed,749,1536,0,8,32,674.96875,639.5,497.2,950.2,0.9997642396542805,0.9990082776200473
exact_proxy_rank4_int8_per_row,pooled_router_square_compressed,749,1536,4,1,32,1093.875,1119.0,963.7,1212.4,0.999688163615756,0.9987457109544325
exact_proxy_rank4_int8_per_row,pooled_router_square_compressed,749,1536,4,2,32,1000.625,1000.0,928.1,1120.0,0.999215762602139,0.9973903508316474
exact_proxy_rank4_int8_per_row,pooled_router_square_compressed,749,1536,4,3,32,874.84375,884.0,768.0,1016.9,0.9976188119978353,0.9936003705161156
exact_proxy_rank4_int8_per_row,pooled_router_square_compressed,749,1536,4,4,32,778.125,766.0,700.7,897.7,0.9954801719081263,0.9910769490669511
exact_proxy_rank4_int8_per_row,pooled_router_square_compressed,749,1536,4,5,32,713.15625,729.0,578.3,768.0,0.9934722816067432,0.9844539162239008
exact_proxy_rank4_int8_per_row,pooled_router_square_compressed,749,1536,4,6,32,591.375,576.0,452.2,747.0,0.9864635547739427,0.9701053051478472
exact_proxy_rank4_int8_per_row,pooled_router_square_compressed,749,1536,4,7,32,513.03125,520.0,388.9,602.6,0.9719351062845757,0.9412856947264107
exact_proxy_rank4_int8_per_row,pooled_router_square_compressed,749,1536,4,8,32,422.375,384.0,288.4,576.0,0.9586945890323266,0.9280666624227836
exact_proxy_rank4_int8_per_row,pooled_router_square_compressed,749,1536,20,1,32,1015.96875,1042.0,841.2,1193.6000000000001,0.9993776676733117,0.9964774122872108
exact_proxy_rank4_int8_per_row,pooled_router_square_compressed,749,1536,20,2,32,835.0,873.5,704.9,944.1,0.9973071263437703,0.9925667307564485
exact_proxy_rank4_int8_per_row,pooled_router_square_compressed,749,1536,20,3,32,838.03125,851.0,729.3,932.8,0.9972778699429499,0.9903182363364413
exact_proxy_rank4_int8_per_row,pooled_router_square_compressed,749,1536,20,4,32,762.875,758.5,673.3,892.6,0.9946990239784261,0.986479105612906
exact_proxy_rank4_int8_per_row,pooled_router_square_compressed,749,1536,20,5,32,700.375,729.0,579.1,786.6,0.9906231262027017,0.9799995174572284
exact_proxy_rank4_int8_per_row,pooled_router_square_compressed,749,1536,20,6,32,657.71875,670.5,560.7,749.0,0.988094369210638,0.974114749437591
exact_proxy_rank4_int8_per_row,pooled_router_square_compressed,749,1536,20,7,32,605.21875,581.5,547.3,711.4000000000001,0.9855358789929964,0.9709185811357842
exact_proxy_rank4_int8_per_row,pooled_router_square_compressed,749,1536,20,8,32,573.53125,576.0,466.6,699.1000000000001,0.9811992930409047,0.9634142535536866
exact_proxy_rank4_int8_per_row,pooled_router_square_compressed,749,1536,39,1,32,940.6875,953.5,765.3,1101.4,0.999499218727194,0.9959498506507364
exact_proxy_rank4_int8_per_row,pooled_router_square_compressed,749,1536,39,2,32,884.21875,911.0,750.9,1015.2,0.9988349593003327,0.9965852482621257
exact_proxy_rank4_int8_per_row,pooled_router_square_compressed,749,1536,39,3,32,826.78125,796.5,731.0,992.0000000000001,0.997714075242351,0.9932025973539435
exact_proxy_rank4_int8_per_row,pooled_router_square_compressed,749,1536,39,4,32,759.9375,748.5,676.9,862.7,0.9946972175034907,0.9924479465886866
exact_proxy_rank4_int8_per_row,pooled_router_square_compressed,749,1536,39,5,32,710.875,729.0,618.3,793.2,0.9939516969828237,0.9835511901874294
exact_proxy_rank4_int8_per_row,pooled_router_square_compressed,749,1536,39,6,32,688.0,724.0,576.0,778.7,0.9915585283268378,0.9758891191795362
exact_proxy_rank4_int8_per_row,pooled_router_square_compressed,749,1536,39,7,32,630.5625,639.0,482.3,766.2,0.9905273047724477,0.9740807460594798
exact_proxy_rank4_int8_per_row,pooled_router_square_compressed,749,1536,39,8,32,545.5,576.0,389.2,618.0,0.9829933358226272,0.9569475679254364
exact_proxy_rank4_int8_per_row,uniform_per_expert,749,749,0,1,32,732.75,749.0,727.0,749.0,0.9999956217727414,0.9996391159547905
exact_proxy_rank4_int8_per_row,uniform_per_expert,749,749,0,2,32,739.40625,749.0,727.0,749.0,0.9999727412531249,0.9981523234332443
exact_proxy_rank4_int8_per_row,uniform_per_expert,749,749,0,3,32,745.5625,749.0,727.0,749.0,0.9999281741302513,0.9992947862537278
exact_proxy_rank4_int8_per_row,uniform_per_expert,749,749,0,4,32,746.3125,749.0,731.0,749.0,0.9999792179209797,0.9995563628306507
exact_proxy_rank4_int8_per_row,uniform_per_expert,749,749,0,5,32,744.875,749.0,727.0,749.0,0.9999843436572866,0.9988552011880195
exact_proxy_rank4_int8_per_row,uniform_per_expert,749,749,0,6,32,744.84375,749.0,727.0,749.0,0.9999621335403739,0.9988280637716351
exact_proxy_rank4_int8_per_row,uniform_per_expert,749,749,0,7,32,743.15625,749.0,727.0,749.0,0.9999787572032075,0.9988123547694633
exact_proxy_rank4_int8_per_row,uniform_per_expert,749,749,0,8,32,740.0625,749.0,727.0,749.0,0.9999822660676898,0.998639424304283
exact_proxy_rank4_int8_per_row,uniform_per_expert,749,749,4,1,32,749.0,749.0,749.0,749.0,0.9955177827358727,0.9914951589579384
exact_proxy_rank4_int8_per_row,uniform_per_expert,749,749,4,2,32,748.375,749.0,749.0,749.0,0.9948523236221257,0.9876327908768643
exact_proxy_rank4_int8_per_row,uniform_per_expert,749,749,4,3,32,748.375,749.0,749.0,749.0,0.9942465256909436,0.9902964904793485
exact_proxy_rank4_int8_per_row,uniform_per_expert,749,749,4,4,32,748.34375,749.0,749.0,749.0,0.9947482762323945,0.9908668617810413
exact_proxy_rank4_int8_per_row,uniform_per_expert,749,749,4,5,32,747.8125,749.0,749.0,749.0,0.9939989791375485,0.9893915888232494
exact_proxy_rank4_int8_per_row,uniform_per_expert,749,749,4,6,32,748.96875,749.0,749.0,749.0,0.9938699871147532,0.9903426962641129
exact_proxy_rank4_int8_per_row,uniform_per_expert,749,749,4,7,32,748.0,749.0,749.0,749.0,0.9927108241509419,0.9886598693950652
exact_proxy_rank4_int8_per_row,uniform_per_expert,749,749,4,8,32,749.0,749.0,749.0,749.0,0.9923272670006555,0.9877314505178473
exact_proxy_rank4_int8_per_row,uniform_per_expert,749,749,20,1,32,749.0,749.0,749.0,749.0,0.9931136985859468,0.9892513284802421
exact_proxy_rank4_int8_per_row,uniform_per_expert,749,749,20,2,32,748.96875,749.0,749.0,749.0,0.9957302597204193,0.988171755608895
exact_proxy_rank4_int8_per_row,uniform_per_expert,749,749,20,3,32,748.4375,749.0,749.0,749.0,0.9941419285650195,0.9891030769668224
exact_proxy_rank4_int8_per_row,uniform_per_expert,749,749,20,4,32,748.375,749.0,749.0,749.0,0.9930329041214734,0.9872614843932562
exact_proxy_rank4_int8_per_row,uniform_per_expert,749,749,20,5,32,749.0,749.0,749.0,749.0,0.9928751223189973,0.9893023353182497
exact_proxy_rank4_int8_per_row,uniform_per_expert,749,749,20,6,32,748.96875,749.0,749.0,749.0,0.991474602111231,0.9883793089580536
exact_proxy_rank4_int8_per_row,uniform_per_expert,749,749,20,7,32,748.375,749.0,749.0,749.0,0.9932797480314816,0.9887259317596542
exact_proxy_rank4_int8_per_row,uniform_per_expert,749,749,20,8,32,748.28125,749.0,749.0,749.0,0.9920919171156997,0.9880972802926352
exact_proxy_rank4_int8_per_row,uniform_per_expert,749,749,39,1,32,748.40625,749.0,749.0,749.0,0.9977345359436449,0.992893841422167
exact_proxy_rank4_int8_per_row,uniform_per_expert,749,749,39,2,32,748.6875,749.0,748.1,749.0,0.997110485351901,0.9931794293668729
exact_proxy_rank4_int8_per_row,uniform_per_expert,749,749,39,3,32,747.40625,749.0,746.3,749.0,0.9962112616108838,0.9922459991120419
exact_proxy_rank4_int8_per_row,uniform_per_expert,749,749,39,4,32,748.0625,749.0,748.1,749.0,0.9949163217410063,0.9910256567502246
exact_proxy_rank4_int8_per_row,uniform_per_expert,749,749,39,5,32,748.90625,749.0,749.0,749.0,0.9947509646284718,0.9888769288318742
exact_proxy_rank4_int8_per_row,uniform_per_expert,749,749,39,6,32,747.375,749.0,749.0,749.0,0.9937248610210623,0.9882030091060843
exact_proxy_rank4_int8_per_row,uniform_per_expert,749,749,39,7,32,748.15625,749.0,749.0,749.0,0.994531121294634,0.9901633622594882
exact_proxy_rank4_int8_per_row,uniform_per_expert,749,749,39,8,32,748.28125,749.0,749.0,749.0,0.9939188481141854,0.9869321752725189
exact_proxy_rank4_int8_plus_euclidean_tail4_int4,pooled_exact_combined_moe_column_generated_local,741,1536,0,1,32,799.875,745.0,581.2,1031.9,0.9999971103158842,0.9999512540807107
exact_proxy_rank4_int8_plus_euclidean_tail4_int4,pooled_exact_combined_moe_column_generated_local,741,1536,0,2,32,823.59375,776.5,577.7,1121.5,0.9999941488937553,0.9999400758926
exact_proxy_rank4_int8_plus_euclidean_tail4_int4,pooled_exact_combined_moe_column_generated_local,741,1536,0,3,32,782.375,790.0,624.7,964.6000000000001,0.9999743623581157,0.9998496246540745
exact_proxy_rank4_int8_plus_euclidean_tail4_int4,pooled_exact_combined_moe_column_generated_local,741,1536,0,4,32,745.4375,744.0,599.5,886.4000000000001,0.9999602404680209,0.9998391160578612
exact_proxy_rank4_int8_plus_euclidean_tail4_int4,pooled_exact_combined_moe_column_generated_local,741,1536,0,5,32,711.25,692.5,576.0,888.4,0.9999078624893547,0.9994782582574846
exact_proxy_rank4_int8_plus_euclidean_tail4_int4,pooled_exact_combined_moe_column_generated_local,741,1536,0,6,32,723.90625,739.0,545.6,932.1000000000001,0.9998952751069097,0.9995696443182666
exact_proxy_rank4_int8_plus_euclidean_tail4_int4,pooled_exact_combined_moe_column_generated_local,741,1536,0,7,32,679.71875,674.0,482.3,888.4000000000001,0.999738836779738,0.999170173276354
exact_proxy_rank4_int8_plus_euclidean_tail4_int4,pooled_exact_combined_moe_column_generated_local,741,1536,0,8,32,661.03125,627.5,458.9,900.6,0.9996559220523764,0.9984906526322439
exact_proxy_rank4_int8_plus_euclidean_tail4_int4,pooled_exact_combined_moe_column_generated_local,741,1536,4,1,32,1081.125,1100.5,955.0,1153.0,0.9996994449469971,0.9988167953845284
exact_proxy_rank4_int8_plus_euclidean_tail4_int4,pooled_exact_combined_moe_column_generated_local,741,1536,4,2,32,994.3125,1000.5,907.7,1082.5,0.9990752223308461,0.997602474845915
exact_proxy_rank4_int8_plus_euclidean_tail4_int4,pooled_exact_combined_moe_column_generated_local,741,1536,4,3,32,865.4375,872.5,749.0,990.8000000000001,0.9977320671533199,0.9943733933318835
exact_proxy_rank4_int8_plus_euclidean_tail4_int4,pooled_exact_combined_moe_column_generated_local,741,1536,4,4,32,763.96875,752.0,673.7,857.0000000000001,0.9960016116285837,0.9916889305649786
exact_proxy_rank4_int8_plus_euclidean_tail4_int4,pooled_exact_combined_moe_column_generated_local,741,1536,4,5,32,690.46875,709.0,576.0,766.1,0.9912766503375442,0.9805657541258791
exact_proxy_rank4_int8_plus_euclidean_tail4_int4,pooled_exact_combined_moe_column_generated_local,741,1536,4,6,32,603.625,577.5,451.0,729.0,0.9869269007496251,0.9738673656471138
exact_proxy_rank4_int8_plus_euclidean_tail4_int4,pooled_exact_combined_moe_column_generated_local,741,1536,4,7,32,509.5625,497.5,407.3,607.5,0.9728315091677706,0.9449930742053221
exact_proxy_rank4_int8_plus_euclidean_tail4_int4,pooled_exact_combined_moe_column_generated_local,741,1536,4,8,32,416.09375,385.5,270.5,576.0,0.9548786057838778,0.914749760774514
exact_proxy_rank4_int8_plus_euclidean_tail4_int4,pooled_exact_combined_moe_column_generated_local,741,1536,20,1,32,1006.875,1023.5,846.5,1181.1,0.9990314648328584,0.9956802135821323
exact_proxy_rank4_int8_plus_euclidean_tail4_int4,pooled_exact_combined_moe_column_generated_local,741,1536,20,2,32,833.96875,868.5,638.1,964.6,0.9973665422622614,0.9930542715826596
exact_proxy_rank4_int8_plus_euclidean_tail4_int4,pooled_exact_combined_moe_column_generated_local,741,1536,20,3,32,818.65625,845.0,715.5,919.8,0.9972835960151746,0.9883789372421814
exact_proxy_rank4_int8_plus_euclidean_tail4_int4,pooled_exact_combined_moe_column_generated_local,741,1536,20,4,32,740.90625,743.5,691.0,845.2,0.9932158397522621,0.9870330324662638
exact_proxy_rank4_int8_plus_euclidean_tail4_int4,pooled_exact_combined_moe_column_generated_local,741,1536,20,5,32,698.53125,729.0,576.0,789.7,0.9908855500334314,0.9806119051025308
exact_proxy_rank4_int8_plus_euclidean_tail4_int4,pooled_exact_combined_moe_column_generated_local,741,1536,20,6,32,650.34375,677.0,531.0,749.0,0.9876376256483983,0.9749049385320661
exact_proxy_rank4_int8_plus_euclidean_tail4_int4,pooled_exact_combined_moe_column_generated_local,741,1536,20,7,32,608.6875,600.5,515.8,700.3000000000001,0.9855401870205917,0.9707874760104656
exact_proxy_rank4_int8_plus_euclidean_tail4_int4,pooled_exact_combined_moe_column_generated_local,741,1536,20,8,32,566.875,576.0,455.2,693.0000000000001,0.980785561932453,0.9627396878309156
exact_proxy_rank4_int8_plus_euclidean_tail4_int4,pooled_exact_combined_moe_column_generated_local,741,1536,39,1,32,927.0,919.0,749.2,1089.8,0.9994928073818525,0.9954119671183153
exact_proxy_rank4_int8_plus_euclidean_tail4_int4,pooled_exact_combined_moe_column_generated_local,741,1536,39,2,32,867.0625,848.5,768.3,1012.6,0.9985724264533092,0.9969543448224136
exact_proxy_rank4_int8_plus_euclidean_tail4_int4,pooled_exact_combined_moe_column_generated_local,741,1536,39,3,32,814.78125,801.5,729.0,923.7,0.9975196457789385,0.9940497025584752
exact_proxy_rank4_int8_plus_euclidean_tail4_int4,pooled_exact_combined_moe_column_generated_local,741,1536,39,4,32,772.1875,755.5,661.3,892.9,0.9958406957630137,0.9915825555790313
exact_proxy_rank4_int8_plus_euclidean_tail4_int4,pooled_exact_combined_moe_column_generated_local,741,1536,39,5,32,700.1875,729.0,609.0,769.8,0.9939768481005598,0.9864339021906844
exact_proxy_rank4_int8_plus_euclidean_tail4_int4,pooled_exact_combined_moe_column_generated_local,741,1536,39,6,32,671.5,679.5,576.0,767.9,0.9921117784360376,0.9739480467425577
exact_proxy_rank4_int8_plus_euclidean_tail4_int4,pooled_exact_combined_moe_column_generated_local,741,1536,39,7,32,628.65625,635.0,477.7,747.6,0.9895568393153229,0.9761641064572236
exact_proxy_rank4_int8_plus_euclidean_tail4_int4,pooled_exact_combined_moe_column_generated_local,741,1536,39,8,32,543.875,567.5,416.5,664.4,0.9823151974415072,0.9588603308344466
exact_proxy_rank4_int8_plus_euclidean_tail4_int4,pooled_exact_combined_moe_oracle,741,1536,0,1,32,805.59375,763.5,601.9,1095.8000000000002,0.9999977310233306,0.9999730900132122
exact_proxy_rank4_int8_plus_euclidean_tail4_int4,pooled_exact_combined_moe_oracle,741,1536,0,2,32,823.65625,768.0,583.1,1121.7,0.9999940951892776,0.9999168102612134
exact_proxy_rank4_int8_plus_euclidean_tail4_int4,pooled_exact_combined_moe_oracle,741,1536,0,3,32,786.0,795.0,625.7,964.6000000000001,0.9999819327967014,0.9998453380273394
exact_proxy_rank4_int8_plus_euclidean_tail4_int4,pooled_exact_combined_moe_oracle,741,1536,0,4,32,745.71875,758.0,598.7,899.9000000000001,0.9999651285946277,0.9998316850659329
exact_proxy_rank4_int8_plus_euclidean_tail4_int4,pooled_exact_combined_moe_oracle,741,1536,0,5,32,706.375,691.0,552.4,888.4,0.9999033462216176,0.9994497913607062
exact_proxy_rank4_int8_plus_euclidean_tail4_int4,pooled_exact_combined_moe_oracle,741,1536,0,6,32,725.46875,710.5,545.6,932.1000000000001,0.9999052628317515,0.999496541360098
exact_proxy_rank4_int8_plus_euclidean_tail4_int4,pooled_exact_combined_moe_oracle,741,1536,0,7,32,672.5625,665.0,482.3,884.0000000000001,0.9997353203435587,0.9983857983504919
exact_proxy_rank4_int8_plus_euclidean_tail4_int4,pooled_exact_combined_moe_oracle,741,1536,0,8,32,659.5,636.0,469.5,942.0000000000001,0.9996946929934343,0.9984631562580486
exact_proxy_rank4_int8_plus_euclidean_tail4_int4,pooled_exact_combined_moe_oracle,741,1536,4,1,32,1081.0625,1091.5,973.8,1152.9,0.9996918791838381,0.9987372203220917
exact_proxy_rank4_int8_plus_euclidean_tail4_int4,pooled_exact_combined_moe_oracle,741,1536,4,2,32,1006.53125,996.0,923.8,1131.3,0.9992323176387132,0.997310994043518
exact_proxy_rank4_int8_plus_euclidean_tail4_int4,pooled_exact_combined_moe_oracle,741,1536,4,3,32,866.75,872.5,749.0,1004.6,0.9975434554114992,0.9937343551359555
exact_proxy_rank4_int8_plus_euclidean_tail4_int4,pooled_exact_combined_moe_oracle,741,1536,4,4,32,761.625,761.5,680.8,857.0000000000001,0.9959850125251309,0.9906564704061368
exact_proxy_rank4_int8_plus_euclidean_tail4_int4,pooled_exact_combined_moe_oracle,741,1536,4,5,32,708.25,722.0,576.0,768.0,0.9931294413460097,0.9805733808608754
exact_proxy_rank4_int8_plus_euclidean_tail4_int4,pooled_exact_combined_moe_oracle,741,1536,4,6,32,574.46875,576.0,449.2,679.2,0.9855741040535644,0.9716694788162589
exact_proxy_rank4_int8_plus_euclidean_tail4_int4,pooled_exact_combined_moe_oracle,741,1536,4,7,32,502.6875,500.5,384.7,584.1,0.9716262422242286,0.9396911182566758
exact_proxy_rank4_int8_plus_euclidean_tail4_int4,pooled_exact_combined_moe_oracle,741,1536,4,8,32,422.46875,384.0,285.1,576.0,0.9586395318873089,0.9178847830245361
exact_proxy_rank4_int8_plus_euclidean_tail4_int4,pooled_exact_combined_moe_oracle,741,1536,20,1,32,1014.4375,1044.0,847.2,1152.0,0.9992561987378722,0.9962880976222175
exact_proxy_rank4_int8_plus_euclidean_tail4_int4,pooled_exact_combined_moe_oracle,741,1536,20,2,32,838.15625,862.5,729.0,964.1,0.997358978438833,0.9942624682009011
exact_proxy_rank4_int8_plus_euclidean_tail4_int4,pooled_exact_combined_moe_oracle,741,1536,20,3,32,814.25,789.5,715.5,945.5,0.9972207858438399,0.9877086613638276
exact_proxy_rank4_int8_plus_euclidean_tail4_int4,pooled_exact_combined_moe_oracle,741,1536,20,4,32,746.5625,749.0,673.8,873.5000000000001,0.9939654959860391,0.9867219298931491
exact_proxy_rank4_int8_plus_euclidean_tail4_int4,pooled_exact_combined_moe_oracle,741,1536,20,5,32,706.1875,734.5,576.0,774.8,0.9927978978054823,0.979915739692293
exact_proxy_rank4_int8_plus_euclidean_tail4_int4,pooled_exact_combined_moe_oracle,741,1536,20,6,32,642.75,669.0,559.7,749.0,0.9874365714220401,0.9736259991228814
exact_proxy_rank4_int8_plus_euclidean_tail4_int4,pooled_exact_combined_moe_oracle,741,1536,20,7,32,598.0625,576.0,503.2,738.0,0.9838389985710213,0.9703339798279899
exact_proxy_rank4_int8_plus_euclidean_tail4_int4,pooled_exact_combined_moe_oracle,741,1536,20,8,32,561.65625,576.0,429.4,714.4000000000001,0.9831430016190488,0.9425390203712218
exact_proxy_rank4_int8_plus_euclidean_tail4_int4,pooled_exact_combined_moe_oracle,741,1536,39,1,32,933.84375,937.5,768.0,1089.8,0.9994922713884745,0.9944364929564414
exact_proxy_rank4_int8_plus_euclidean_tail4_int4,pooled_exact_combined_moe_oracle,741,1536,39,2,32,866.53125,862.0,768.0,997.2,0.9987119727406282,0.9963467673797185
exact_proxy_rank4_int8_plus_euclidean_tail4_int4,pooled_exact_combined_moe_oracle,741,1536,39,3,32,812.4375,771.5,729.0,923.7,0.9974759146610058,0.9922686452769826
exact_proxy_rank4_int8_plus_euclidean_tail4_int4,pooled_exact_combined_moe_oracle,741,1536,39,4,32,766.71875,749.0,692.0,882.2,0.9954829834207557,0.9928537070088325
exact_proxy_rank4_int8_plus_euclidean_tail4_int4,pooled_exact_combined_moe_oracle,741,1536,39,5,32,689.65625,729.0,576.0,768.0,0.99407837305781,0.9818601231965192
exact_proxy_rank4_int8_plus_euclidean_tail4_int4,pooled_exact_combined_moe_oracle,741,1536,39,6,32,676.34375,687.0,576.0,749.0,0.9908352125219859,0.9733221374255572
exact_proxy_rank4_int8_plus_euclidean_tail4_int4,pooled_exact_combined_moe_oracle,741,1536,39,7,32,634.8125,635.0,482.1,764.7,0.9906557460064501,0.9756714343214495
exact_proxy_rank4_int8_plus_euclidean_tail4_int4,pooled_exact_combined_moe_oracle,741,1536,39,8,32,542.78125,575.5,390.7,653.7,0.983431223833662,0.957191273184002
exact_proxy_rank4_int8_plus_euclidean_tail4_int4,pooled_router_square_column_generated,741,1536,0,1,32,799.46875,750.0,581.2,1031.9,0.9999966677126906,0.9999486854640941
exact_proxy_rank4_int8_plus_euclidean_tail4_int4,pooled_router_square_column_generated,741,1536,0,2,32,824.53125,772.5,577.7,1121.5,0.9999941488937553,0.9999218657383134
exact_proxy_rank4_int8_plus_euclidean_tail4_int4,pooled_router_square_column_generated,741,1536,0,3,32,787.28125,790.0,622.2,964.6000000000001,0.999980624186062,0.9998516197954592
exact_proxy_rank4_int8_plus_euclidean_tail4_int4,pooled_router_square_column_generated,741,1536,0,4,32,744.28125,744.0,614.4,890.8,0.9999597004315841,0.9998403900095488
exact_proxy_rank4_int8_plus_euclidean_tail4_int4,pooled_router_square_column_generated,741,1536,0,5,32,709.6875,698.0,576.0,888.4,0.9999033462216176,0.9994782582574846
exact_proxy_rank4_int8_plus_euclidean_tail4_int4,pooled_router_square_column_generated,741,1536,0,6,32,720.5625,729.0,545.6,932.1000000000001,0.9998922456169502,0.9994516255194794
exact_proxy_rank4_int8_plus_euclidean_tail4_int4,pooled_router_square_column_generated,741,1536,0,7,32,678.625,672.5,482.3,897.5000000000001,0.9997464031199682,0.999170173276354
exact_proxy_rank4_int8_plus_euclidean_tail4_int4,pooled_router_square_column_generated,741,1536,0,8,32,663.21875,627.5,469.6,900.6,0.9996946929934343,0.9984906526322439
exact_proxy_rank4_int8_plus_euclidean_tail4_int4,pooled_router_square_column_generated,741,1536,4,1,32,1087.875,1086.5,973.8,1153.0,0.9996994449469971,0.9988471605251816
exact_proxy_rank4_int8_plus_euclidean_tail4_int4,pooled_router_square_column_generated,741,1536,4,2,32,998.875,1003.5,923.8,1083.0,0.9992613852877277,0.9973706694958566
exact_proxy_rank4_int8_plus_euclidean_tail4_int4,pooled_router_square_column_generated,741,1536,4,3,32,862.1875,872.5,749.0,990.4000000000001,0.9975933008981626,0.9939571915623124
exact_proxy_rank4_int8_plus_euclidean_tail4_int4,pooled_router_square_column_generated,741,1536,4,4,32,762.6875,761.5,680.8,829.7,0.9960016116285837,0.9917984365067216
exact_proxy_rank4_int8_plus_euclidean_tail4_int4,pooled_router_square_column_generated,741,1536,4,5,32,692.4375,711.5,576.0,766.1,0.9908411363454712,0.9809306501694012
exact_proxy_rank4_int8_plus_euclidean_tail4_int4,pooled_router_square_column_generated,741,1536,4,6,32,591.28125,576.0,451.0,729.0,0.9864387786590185,0.9738673656471138
exact_proxy_rank4_int8_plus_euclidean_tail4_int4,pooled_router_square_column_generated,741,1536,4,7,32,509.03125,500.5,410.6,607.5,0.9724293091671187,0.9449930742053221
exact_proxy_rank4_int8_plus_euclidean_tail4_int4,pooled_router_square_column_generated,741,1536,4,8,32,420.75,389.5,285.1,572.5000000000001,0.9590274911747065,0.9183134837473828
exact_proxy_rank4_int8_plus_euclidean_tail4_int4,pooled_router_square_column_generated,741,1536,20,1,32,1007.71875,1030.0,846.5,1179.0,0.9990561915641331,0.9956073540777277
exact_proxy_rank4_int8_plus_euclidean_tail4_int4,pooled_router_square_column_generated,741,1536,20,2,32,839.8125,873.0,682.2,964.1,0.9973665422622614,0.991890538495059
exact_proxy_rank4_int8_plus_euclidean_tail4_int4,pooled_router_square_column_generated,741,1536,20,3,32,820.53125,815.0,731.9,931.1,0.9972997395158174,0.991023699215894
exact_proxy_rank4_int8_plus_euclidean_tail4_int4,pooled_router_square_column_generated,741,1536,20,4,32,749.84375,750.5,652.0,873.6000000000001,0.9944483423020392,0.9861504732802002
exact_proxy_rank4_int8_plus_euclidean_tail4_int4,pooled_router_square_column_generated,741,1536,20,5,32,689.53125,700.5,596.3,774.8,0.9905179257161061,0.9797819143027111
exact_proxy_rank4_int8_plus_euclidean_tail4_int4,pooled_router_square_column_generated,741,1536,20,6,32,642.75,655.0,559.8,747.0,0.9872933054717679,0.97460558152172
exact_proxy_rank4_int8_plus_euclidean_tail4_int4,pooled_router_square_column_generated,741,1536,20,7,32,610.15625,580.0,533.0,727.6,0.984898753425134,0.9713206669519225
exact_proxy_rank4_int8_plus_euclidean_tail4_int4,pooled_router_square_column_generated,741,1536,20,8,32,566.03125,576.0,453.2,678.4000000000001,0.9806049711576453,0.9622052510959804
exact_proxy_rank4_int8_plus_euclidean_tail4_int4,pooled_router_square_column_generated,741,1536,39,1,32,926.3125,918.5,757.4,1087.9,0.9994789613176396,0.9958729658933332
exact_proxy_rank4_int8_plus_euclidean_tail4_int4,pooled_router_square_column_generated,741,1536,39,2,32,867.9375,868.5,749.0,997.2,0.998743891327583,0.9969543448224136
exact_proxy_rank4_int8_plus_euclidean_tail4_int4,pooled_router_square_column_generated,741,1536,39,3,32,821.09375,802.5,730.2,923.7,0.997611249713346,0.9939239113425138
exact_proxy_rank4_int8_plus_euclidean_tail4_int4,pooled_router_square_column_generated,741,1536,39,4,32,772.28125,758.5,683.0,881.2,0.9958692469203438,0.9925447705800028
exact_proxy_rank4_int8_plus_euclidean_tail4_int4,pooled_router_square_column_generated,741,1536,39,5,32,696.09375,728.5,579.2,772.5,0.994415297373102,0.9855036723519423
exact_proxy_rank4_int8_plus_euclidean_tail4_int4,pooled_router_square_column_generated,741,1536,39,6,32,671.15625,679.5,576.0,766.9,0.9910043940896314,0.9739480467425577
exact_proxy_rank4_int8_plus_euclidean_tail4_int4,pooled_router_square_column_generated,741,1536,39,7,32,625.71875,627.0,480.2,766.1,0.9895568393153229,0.9761641064572236
exact_proxy_rank4_int8_plus_euclidean_tail4_int4,pooled_router_square_column_generated,741,1536,39,8,32,545.28125,572.5,427.3,632.1,0.9836164715503126,0.9591377989696559
exact_proxy_rank4_int8_plus_euclidean_tail4_int4,pooled_router_square_compressed,741,1536,0,1,32,805.3125,763.5,579.4,1095.8000000000002,0.9999980615052209,0.9999715710809043
exact_proxy_rank4_int8_plus_euclidean_tail4_int4,pooled_router_square_compressed,741,1536,0,2,32,824.1875,768.0,577.7,1121.7,0.9999940951892776,0.9999168102612134
exact_proxy_rank4_int8_plus_euclidean_tail4_int4,pooled_router_square_compressed,741,1536,0,3,32,788.28125,799.5,625.0,964.6000000000001,0.9999819327967014,0.9998494510168128
exact_proxy_rank4_int8_plus_euclidean_tail4_int4,pooled_router_square_compressed,741,1536,0,4,32,742.65625,744.0,596.2,899.9000000000001,0.9999651285946277,0.9998034557757837
exact_proxy_rank4_int8_plus_euclidean_tail4_int4,pooled_router_square_compressed,741,1536,0,5,32,709.71875,691.0,552.4,888.4,0.9999062891157449,0.9994497913607062
exact_proxy_rank4_int8_plus_euclidean_tail4_int4,pooled_router_square_compressed,741,1536,0,6,32,726.78125,725.0,545.6,933.8000000000001,0.9999043823277338,0.999496541360098
exact_proxy_rank4_int8_plus_euclidean_tail4_int4,pooled_router_square_compressed,741,1536,0,7,32,670.78125,665.0,482.3,884.0000000000001,0.9997353203435587,0.9982086363553713
exact_proxy_rank4_int8_plus_euclidean_tail4_int4,pooled_router_square_compressed,741,1536,0,8,32,657.96875,626.5,492.1,895.9,0.9996946929934343,0.9987839213487917
exact_proxy_rank4_int8_plus_euclidean_tail4_int4,pooled_router_square_compressed,741,1536,4,1,32,1085.96875,1093.0,973.8,1161.1,0.9996942938595066,0.9988423837251634
exact_proxy_rank4_int8_plus_euclidean_tail4_int4,pooled_router_square_compressed,741,1536,4,2,32,1002.125,996.0,923.8,1124.1,0.9992323176387132,0.997310994043518
exact_proxy_rank4_int8_plus_euclidean_tail4_int4,pooled_router_square_compressed,741,1536,4,3,32,867.78125,872.5,749.0,1004.6,0.9975434554114992,0.9939200108147672
exact_proxy_rank4_int8_plus_euclidean_tail4_int4,pooled_router_square_compressed,741,1536,4,4,32,759.875,761.5,680.8,829.7,0.9959850125251309,0.9915069652592464
exact_proxy_rank4_int8_plus_euclidean_tail4_int4,pooled_router_square_compressed,741,1536,4,5,32,705.6875,729.0,576.0,768.0,0.9931294413460097,0.9805733808608754
exact_proxy_rank4_int8_plus_euclidean_tail4_int4,pooled_router_square_compressed,741,1536,4,6,32,578.53125,576.0,449.2,729.0,0.9853071752619053,0.9716694788162589
exact_proxy_rank4_int8_plus_euclidean_tail4_int4,pooled_router_square_compressed,741,1536,4,7,32,500.21875,500.5,384.7,584.1,0.9716262422242286,0.936224901802573
exact_proxy_rank4_int8_plus_euclidean_tail4_int4,pooled_router_square_compressed,741,1536,4,8,32,423.5,397.5,285.1,576.0,0.9586395318873089,0.9213785529757132
exact_proxy_rank4_int8_plus_euclidean_tail4_int4,pooled_router_square_compressed,741,1536,20,1,32,1010.28125,1030.0,847.2,1179.0,0.9990127916145718,0.9962880976222175
exact_proxy_rank4_int8_plus_euclidean_tail4_int4,pooled_router_square_compressed,741,1536,20,2,32,840.25,873.0,714.8,964.1,0.997358978438833,0.9916671833702762
exact_proxy_rank4_int8_plus_euclidean_tail4_int4,pooled_router_square_compressed,741,1536,20,3,32,821.09375,808.0,729.1,931.1,0.9972146908824335,0.9877086613638276
exact_proxy_rank4_int8_plus_euclidean_tail4_int4,pooled_router_square_compressed,741,1536,20,4,32,746.0625,749.0,642.3,876.7,0.9938240817165664,0.9867219298931491
exact_proxy_rank4_int8_plus_euclidean_tail4_int4,pooled_router_square_compressed,741,1536,20,5,32,702.8125,729.0,620.7,768.0,0.9905597354641331,0.9853161653162876
exact_proxy_rank4_int8_plus_euclidean_tail4_int4,pooled_router_square_compressed,741,1536,20,6,32,630.78125,645.0,559.7,729.0,0.9865200360032202,0.9736259991228814
exact_proxy_rank4_int8_plus_euclidean_tail4_int4,pooled_router_square_compressed,741,1536,20,7,32,599.84375,579.0,515.8,711.1,0.9844496447885107,0.9703296608957995
exact_proxy_rank4_int8_plus_euclidean_tail4_int4,pooled_router_square_compressed,741,1536,20,8,32,573.34375,576.0,478.3,680.2,0.9818290114839228,0.9624787100354322
exact_proxy_rank4_int8_plus_euclidean_tail4_int4,pooled_router_square_compressed,741,1536,39,1,32,933.15625,937.5,757.4,1087.8,0.9994922713884745,0.995674752454857
exact_proxy_rank4_int8_plus_euclidean_tail4_int4,pooled_router_square_compressed,741,1536,39,2,32,867.6875,869.5,749.0,997.2,0.9987119727406282,0.9963467673797185
exact_proxy_rank4_int8_plus_euclidean_tail4_int4,pooled_router_square_compressed,741,1536,39,3,32,818.9375,809.5,694.8,923.7,0.9978597891518354,0.9926950050731933
exact_proxy_rank4_int8_plus_euclidean_tail4_int4,pooled_router_square_compressed,741,1536,39,4,32,763.9375,749.0,683.0,878.4000000000001,0.9954168919087567,0.9918481946521522
exact_proxy_rank4_int8_plus_euclidean_tail4_int4,pooled_router_square_compressed,741,1536,39,5,32,694.0,721.0,576.7,769.8,0.9942974715480897,0.9851926465523596
exact_proxy_rank4_int8_plus_euclidean_tail4_int4,pooled_router_square_compressed,741,1536,39,6,32,676.90625,687.0,576.0,767.8,0.9893015610779554,0.9751214391251094
exact_proxy_rank4_int8_plus_euclidean_tail4_int4,pooled_router_square_compressed,741,1536,39,7,32,632.90625,639.0,480.2,766.1,0.9895517461206815,0.9724609487094245
exact_proxy_rank4_int8_plus_euclidean_tail4_int4,pooled_router_square_compressed,741,1536,39,8,32,537.5625,565.0,390.7,632.1,0.9827334450235026,0.9573905794517011
exact_proxy_rank4_int8_plus_euclidean_tail4_int4,uniform_per_expert,741,741,0,1,32,720.21875,729.0,727.0,733.9,0.9999931067352035,0.999482910490743
exact_proxy_rank4_int8_plus_euclidean_tail4_int4,uniform_per_expert,741,741,0,2,32,724.90625,729.0,727.0,734.9,0.9999651343663645,0.9979089874999963
exact_proxy_rank4_int8_plus_euclidean_tail4_int4,uniform_per_expert,741,741,0,3,32,730.25,729.0,727.0,735.9,0.9999029011610128,0.9991457477032281
exact_proxy_rank4_int8_plus_euclidean_tail4_int4,uniform_per_expert,741,741,0,4,32,731.09375,729.0,727.2,738.9,0.9999731969096233,0.99941028097887
exact_proxy_rank4_int8_plus_euclidean_tail4_int4,uniform_per_expert,741,741,0,5,32,729.8125,729.0,727.0,734.9,0.9999692937182018,0.9986921157374719
exact_proxy_rank4_int8_plus_euclidean_tail4_int4,uniform_per_expert,741,741,0,6,32,730.09375,729.0,727.0,734.7,0.9999401220277098,0.9980418850838833
exact_proxy_rank4_int8_plus_euclidean_tail4_int4,uniform_per_expert,741,741,0,7,32,729.71875,729.0,727.0,731.9,0.9999639722850077,0.9985321629839372
exact_proxy_rank4_int8_plus_euclidean_tail4_int4,uniform_per_expert,741,741,0,8,32,724.75,729.0,727.0,733.0,0.9999710422028261,0.9980533357865421
exact_proxy_rank4_int8_plus_euclidean_tail4_int4,uniform_per_expert,741,741,4,1,32,728.90625,729.0,729.0,729.0,0.9947996430771132,0.9905265395006361
exact_proxy_rank4_int8_plus_euclidean_tail4_int4,uniform_per_expert,741,741,4,2,32,729.90625,729.0,729.0,732.9,0.9943344799865074,0.9883841646516074
exact_proxy_rank4_int8_plus_euclidean_tail4_int4,uniform_per_expert,741,741,4,3,32,729.4375,729.0,729.0,729.0,0.9938691362927621,0.9895313500333363
exact_proxy_rank4_int8_plus_euclidean_tail4_int4,uniform_per_expert,741,741,4,4,32,729.84375,729.0,729.0,729.0,0.994413721658022,0.9892003509733602
exact_proxy_rank4_int8_plus_euclidean_tail4_int4,uniform_per_expert,741,741,4,5,32,728.25,729.0,729.0,729.9,0.9933382979135306,0.9886002009048857
exact_proxy_rank4_int8_plus_euclidean_tail4_int4,uniform_per_expert,741,741,4,6,32,729.90625,729.0,729.0,733.8,0.9934333722563765,0.9890434749601689
exact_proxy_rank4_int8_plus_euclidean_tail4_int4,uniform_per_expert,741,741,4,7,32,728.875,729.0,729.0,729.0,0.9916309315066253,0.9876614157715586
exact_proxy_rank4_int8_plus_euclidean_tail4_int4,uniform_per_expert,741,741,4,8,32,728.4375,729.0,729.0,729.0,0.9916206582781637,0.9867126236446069
exact_proxy_rank4_int8_plus_euclidean_tail4_int4,uniform_per_expert,741,741,20,1,32,728.5,729.0,729.0,729.0,0.9924525332573852,0.9878490234255901
exact_proxy_rank4_int8_plus_euclidean_tail4_int4,uniform_per_expert,741,741,20,2,32,729.625,729.0,729.0,729.0,0.9950917443990963,0.9860008330015542
exact_proxy_rank4_int8_plus_euclidean_tail4_int4,uniform_per_expert,741,741,20,3,32,729.40625,729.0,729.0,730.9,0.9935094399243389,0.9891761055642201
exact_proxy_rank4_int8_plus_euclidean_tail4_int4,uniform_per_expert,741,741,20,4,32,728.71875,729.0,728.1,729.0,0.9922152763081244,0.985743917060172
exact_proxy_rank4_int8_plus_euclidean_tail4_int4,uniform_per_expert,741,741,20,5,32,728.78125,729.0,727.1,729.0,0.9918019440566495,0.9881016159424993
exact_proxy_rank4_int8_plus_euclidean_tail4_int4,uniform_per_expert,741,741,20,6,32,729.40625,729.0,729.0,729.0,0.9902187691072766,0.9872482796753089
exact_proxy_rank4_int8_plus_euclidean_tail4_int4,uniform_per_expert,741,741,20,7,32,729.1875,729.0,729.0,729.0,0.9922282895409229,0.9870491701875488
exact_proxy_rank4_int8_plus_euclidean_tail4_int4,uniform_per_expert,741,741,20,8,32,729.96875,729.0,729.0,729.9,0.9908976935166318,0.9863207946826928
exact_proxy_rank4_int8_plus_euclidean_tail4_int4,uniform_per_expert,741,741,39,1,32,728.5,729.0,729.0,729.0,0.9974179531813718,0.9918209637324982
exact_proxy_rank4_int8_plus_euclidean_tail4_int4,uniform_per_expert,741,741,39,2,32,729.375,729.0,729.0,733.8,0.9968689616004663,0.9931301140918337
exact_proxy_rank4_int8_plus_euclidean_tail4_int4,uniform_per_expert,741,741,39,3,32,730.03125,729.0,729.0,734.8,0.9958641516432072,0.991682792278384
exact_proxy_rank4_int8_plus_euclidean_tail4_int4,uniform_per_expert,741,741,39,4,32,728.0625,729.0,729.0,729.9,0.9945430083462197,0.9908269124921275
exact_proxy_rank4_int8_plus_euclidean_tail4_int4,uniform_per_expert,741,741,39,5,32,729.28125,729.0,729.0,729.0,0.9942094329739639,0.9875641396602586
exact_proxy_rank4_int8_plus_euclidean_tail4_int4,uniform_per_expert,741,741,39,6,32,729.0625,729.0,729.0,729.0,0.99292362006688,0.9864454408252751
exact_proxy_rank4_int8_plus_euclidean_tail4_int4,uniform_per_expert,741,741,39,7,32,729.09375,729.0,728.0,729.0,0.9941826172358568,0.9893127835377574
exact_proxy_rank4_int8_plus_euclidean_tail4_int4,uniform_per_expert,741,741,39,8,32,729.625,729.0,729.0,731.9,0.9932215649791651,0.9851558232197556
matrix_free_joint_rank8_int4_per_row_hadamard,pooled_equal_weight_compressed,384,1536,0,1,32,389.625,385.0,259.6,524.8,0.9953352433610809,0.9847835663740977
matrix_free_joint_rank8_int4_per_row_hadamard,pooled_equal_weight_compressed,384,1536,0,2,32,401.46875,381.5,265.5,562.7,0.9954365416633402,0.976288266206919
matrix_free_joint_rank8_int4_per_row_hadamard,pooled_equal_weight_compressed,384,1536,0,3,32,392.84375,384.0,305.2,496.3,0.9928475767803173,0.9833296838245775
matrix_free_joint_rank8_int4_per_row_hadamard,pooled_equal_weight_compressed,384,1536,0,4,32,369.75,384.0,293.1,437.1,0.9934610707307399,0.9835743149842885
matrix_free_joint_rank8_int4_per_row_hadamard,pooled_equal_weight_compressed,384,1536,0,5,32,372.375,384.0,278.7,462.7,0.9918125476900306,0.9833169490993721
matrix_free_joint_rank8_int4_per_row_hadamard,pooled_equal_weight_compressed,384,1536,0,6,32,408.84375,384.0,324.8,546.2,0.9930583290705051,0.9833130473797786
matrix_free_joint_rank8_int4_per_row_hadamard,pooled_equal_weight_compressed,384,1536,0,7,32,370.96875,360.0,266.8,471.3,0.9923392609095099,0.9798932476243117
matrix_free_joint_rank8_int4_per_row_hadamard,pooled_equal_weight_compressed,384,1536,0,8,32,362.40625,341.0,264.3,482.8,0.9904372467529019,0.9777547612538164
matrix_free_joint_rank8_int4_per_row_hadamard,pooled_equal_weight_compressed,384,1536,4,1,32,400.875,384.0,336.4,489.50000000000006,0.970308516415231,0.9361879224523629
matrix_free_joint_rank8_int4_per_row_hadamard,pooled_equal_weight_compressed,384,1536,4,2,32,393.15625,384.0,344.1,455.0,0.9671822384509399,0.9338955486594936
matrix_free_joint_rank8_int4_per_row_hadamard,pooled_equal_weight_compressed,384,1536,4,3,32,410.96875,403.5,367.9,480.5,0.9681769052887986,0.9397743486184574
matrix_free_joint_rank8_int4_per_row_hadamard,pooled_equal_weight_compressed,384,1536,4,4,32,390.0,384.0,326.0,483.70000000000005,0.9703637407741004,0.9262189404050585
matrix_free_joint_rank8_int4_per_row_hadamard,pooled_equal_weight_compressed,384,1536,4,5,32,376.53125,384.0,316.1,429.8,0.953011319121098,0.9215014080578326
matrix_free_joint_rank8_int4_per_row_hadamard,pooled_equal_weight_compressed,384,1536,4,6,32,366.4375,381.5,299.0,410.70000000000005,0.9625596775863352,0.9283864569808883
matrix_free_joint_rank8_int4_per_row_hadamard,pooled_equal_weight_compressed,384,1536,4,7,32,380.0625,384.0,316.8,453.20000000000005,0.9423585669549994,0.9143440956248446
matrix_free_joint_rank8_int4_per_row_hadamard,pooled_equal_weight_compressed,384,1536,4,8,32,349.3125,384.0,270.9,390.6,0.9430521421617125,0.9139923295826125
matrix_free_joint_rank8_int4_per_row_hadamard,pooled_equal_weight_compressed,384,1536,20,1,32,377.4375,398.5,113.8,528.8000000000001,0.9548814104352005,0.9004929360898803
matrix_free_joint_rank8_int4_per_row_hadamard,pooled_equal_weight_compressed,384,1536,20,2,32,327.25,381.5,104.1,477.1000000000001,0.9502115461435452,0.857108289678772
matrix_free_joint_rank8_int4_per_row_hadamard,pooled_equal_weight_compressed,384,1536,20,3,32,379.0625,386.0,201.0,493.20000000000005,0.9679052578357177,0.9162161551482433
matrix_free_joint_rank8_int4_per_row_hadamard,pooled_equal_weight_compressed,384,1536,20,4,32,404.1875,384.0,306.1,502.3,0.9428228634852427,0.903980439259957
matrix_free_joint_rank8_int4_per_row_hadamard,pooled_equal_weight_compressed,384,1536,20,5,32,390.6875,391.0,277.2,500.9,0.9445971714442389,0.9006209823241693
matrix_free_joint_rank8_int4_per_row_hadamard,pooled_equal_weight_compressed,384,1536,20,6,32,390.75,384.0,325.6,502.70000000000005,0.9391848806850837,0.9059505480497606
matrix_free_joint_rank8_int4_per_row_hadamard,pooled_equal_weight_compressed,384,1536,20,7,32,402.5625,384.0,326.1,470.50000000000006,0.9473392623386198,0.9258581787509906
matrix_free_joint_rank8_int4_per_row_hadamard,pooled_equal_weight_compressed,384,1536,20,8,32,393.84375,384.0,295.1,528.9000000000001,0.9501246036844606,0.9034315991787736
matrix_free_joint_rank8_int4_per_row_hadamard,pooled_equal_weight_compressed,384,1536,39,1,32,381.375,384.0,264.7,505.40000000000003,0.9848251558876524,0.9215168966019261
matrix_free_joint_rank8_int4_per_row_hadamard,pooled_equal_weight_compressed,384,1536,39,2,32,406.25,389.0,272.1,576.0,0.9777695594719781,0.9542613049786592
matrix_free_joint_rank8_int4_per_row_hadamard,pooled_equal_weight_compressed,384,1536,39,3,32,401.75,396.5,259.9,570.7000000000002,0.9759938704632136,0.9114624568163509
matrix_free_joint_rank8_int4_per_row_hadamard,pooled_equal_weight_compressed,384,1536,39,4,32,411.5625,384.0,317.0,519.0,0.9713224437021581,0.9411848741861742
matrix_free_joint_rank8_int4_per_row_hadamard,pooled_equal_weight_compressed,384,1536,39,5,32,375.375,384.0,277.7,505.70000000000005,0.9676084872223252,0.8798832366761642
matrix_free_joint_rank8_int4_per_row_hadamard,pooled_equal_weight_compressed,384,1536,39,6,32,389.28125,384.0,268.7,497.90000000000003,0.9536835159216508,0.9137003770394226
matrix_free_joint_rank8_int4_per_row_hadamard,pooled_equal_weight_compressed,384,1536,39,7,32,365.3125,373.5,278.7,513.4000000000001,0.9598639452482531,0.9126699195549498
matrix_free_joint_rank8_int4_per_row_hadamard,pooled_equal_weight_compressed,384,1536,39,8,32,336.71875,365.0,202.5,448.4000000000001,0.9392721745346734,0.8765023472150553
matrix_free_joint_rank8_int4_per_row_hadamard,pooled_equal_weight_compressed,576,1536,0,1,32,584.75,569.5,404.9,738.2,0.9994218930557567,0.9982806100329982
matrix_free_joint_rank8_int4_per_row_hadamard,pooled_equal_weight_compressed,576,1536,0,2,32,594.28125,576.0,387.7,804.2,0.9994076906454572,0.9975181013208294
matrix_free_joint_rank8_int4_per_row_hadamard,pooled_equal_weight_compressed,576,1536,0,3,32,577.03125,576.0,461.7,729.0,0.9990530892148322,0.9963997137752866
matrix_free_joint_rank8_int4_per_row_hadamard,pooled_equal_weight_compressed,576,1536,0,4,32,562.84375,569.5,480.2,650.3000000000001,0.9988800299980689,0.9978445705853239
matrix_free_joint_rank8_int4_per_row_hadamard,pooled_equal_weight_compressed,576,1536,0,5,32,562.53125,576.0,440.8,725.3000000000001,0.9986752821079641,0.9971618115128267
matrix_free_joint_rank8_int4_per_row_hadamard,pooled_equal_weight_compressed,576,1536,0,6,32,591.125,576.0,449.1,797.6000000000001,0.9992128594856159,0.9973355026090042
matrix_free_joint_rank8_int4_per_row_hadamard,pooled_equal_weight_compressed,576,1536,0,7,32,563.625,561.0,396.5,729.0,0.9991320716709402,0.9959075274666517
matrix_free_joint_rank8_int4_per_row_hadamard,pooled_equal_weight_compressed,576,1536,0,8,32,569.1875,540.5,422.5,767.1,0.9989471784546348,0.9962507111573088
matrix_free_joint_rank8_int4_per_row_hadamard,pooled_equal_weight_compressed,576,1536,4,1,32,593.71875,576.0,535.6,681.9,0.9883974787096423,0.9727806384092179
matrix_free_joint_rank8_int4_per_row_hadamard,pooled_equal_weight_compressed,576,1536,4,2,32,596.6875,576.0,521.9,690.4,0.9881190097336299,0.9686876605811634
matrix_free_joint_rank8_int4_per_row_hadamard,pooled_equal_weight_compressed,576,1536,4,3,32,588.375,576.0,522.8,666.9,0.985145916781375,0.9727586315837642
matrix_free_joint_rank8_int4_per_row_hadamard,pooled_equal_weight_compressed,576,1536,4,4,32,573.4375,576.0,498.5,648.7,0.9875674785611077,0.9705301884781594
matrix_free_joint_rank8_int4_per_row_hadamard,pooled_equal_weight_compressed,576,1536,4,5,32,590.9375,576.0,564.2,666.6000000000001,0.9846933257126502,0.9704275556734955
matrix_free_joint_rank8_int4_per_row_hadamard,pooled_equal_weight_compressed,576,1536,4,6,32,557.03125,576.0,455.0,634.8,0.9856578793875684,0.9625236626928655
matrix_free_joint_rank8_int4_per_row_hadamard,pooled_equal_weight_compressed,576,1536,4,7,32,562.34375,576.0,497.1,625.8000000000001,0.977402561860417,0.9667731714856498
matrix_free_joint_rank8_int4_per_row_hadamard,pooled_equal_weight_compressed,576,1536,4,8,32,540.75,561.0,472.1,579.6,0.9781692351974709,0.9674080663308633
matrix_free_joint_rank8_int4_per_row_hadamard,pooled_equal_weight_compressed,576,1536,20,1,32,568.03125,609.0,212.3,727.3000000000001,0.9850060388202362,0.9640682798636576
matrix_free_joint_rank8_int4_per_row_hadamard,pooled_equal_weight_compressed,576,1536,20,2,32,503.03125,563.0,261.6,659.9000000000001,0.983471198604047,0.9369809206141335
matrix_free_joint_rank8_int4_per_row_hadamard,pooled_equal_weight_compressed,576,1536,20,3,32,560.25,576.0,329.4,723.9000000000001,0.9867258228107869,0.9681481932646422
matrix_free_joint_rank8_int4_per_row_hadamard,pooled_equal_weight_compressed,576,1536,20,4,32,602.84375,593.0,544.2,724.2,0.9855342737411656,0.963262949474195
matrix_free_joint_rank8_int4_per_row_hadamard,pooled_equal_weight_compressed,576,1536,20,5,32,602.46875,582.0,519.0,709.9,0.9833699055661412,0.9717491562472103
matrix_free_joint_rank8_int4_per_row_hadamard,pooled_equal_weight_compressed,576,1536,20,6,32,588.0,584.0,461.9,727.6,0.9834370102606884,0.9686161266599879
matrix_free_joint_rank8_int4_per_row_hadamard,pooled_equal_weight_compressed,576,1536,20,7,32,583.09375,576.0,505.6,675.4000000000001,0.9825361460800532,0.9627849129546493
matrix_free_joint_rank8_int4_per_row_hadamard,pooled_equal_weight_compressed,576,1536,20,8,32,596.46875,576.0,502.8,743.0000000000001,0.9795136745775046,0.9646626289558564
matrix_free_joint_rank8_int4_per_row_hadamard,pooled_equal_weight_compressed,576,1536,39,1,32,569.5625,576.0,384.3,705.8,0.9946908535676388,0.9594775829695896
matrix_free_joint_rank8_int4_per_row_hadamard,pooled_equal_weight_compressed,576,1536,39,2,32,594.34375,579.0,480.2,729.0,0.9932195867116741,0.9850361544338971
matrix_free_joint_rank8_int4_per_row_hadamard,pooled_equal_weight_compressed,576,1536,39,3,32,597.75,576.0,470.4,745.3000000000001,0.9908335745040138,0.9786174094253214
matrix_free_joint_rank8_int4_per_row_hadamard,pooled_equal_weight_compressed,576,1536,39,4,32,614.15625,613.5,496.5,729.0,0.98960160142964,0.9782057564689404
matrix_free_joint_rank8_int4_per_row_hadamard,pooled_equal_weight_compressed,576,1536,39,5,32,564.84375,576.0,475.0,655.3000000000001,0.9855934028468375,0.9702200223708288
matrix_free_joint_rank8_int4_per_row_hadamard,pooled_equal_weight_compressed,576,1536,39,6,32,575.53125,593.5,457.3,659.9,0.9855706014367823,0.9672898552144793
matrix_free_joint_rank8_int4_per_row_hadamard,pooled_equal_weight_compressed,576,1536,39,7,32,563.375,576.0,425.3,725.3000000000001,0.98456956594856,0.9699526626846295
matrix_free_joint_rank8_int4_per_row_hadamard,pooled_equal_weight_compressed,576,1536,39,8,32,524.8125,524.0,388.4,629.1000000000001,0.9811091100294664,0.9537770150864584
matrix_free_joint_rank8_int4_per_row_hadamard,pooled_equal_weight_compressed,749,1536,0,1,32,734.71875,726.0,524.0,965.0000000000001,0.9999759344172072,0.9997963518006221
matrix_free_joint_rank8_int4_per_row_hadamard,pooled_equal_weight_compressed,749,1536,0,2,32,780.34375,733.0,550.7,1095.0,0.9999705542355929,0.9998154843779227
matrix_free_joint_rank8_int4_per_row_hadamard,pooled_equal_weight_compressed,749,1536,0,3,32,756.125,760.0,609.1,923.7,0.9999627054428435,0.9995368927669311
matrix_free_joint_rank8_int4_per_row_hadamard,pooled_equal_weight_compressed,749,1536,0,4,32,732.90625,742.0,604.1,906.3000000000001,0.9999540261614862,0.9998155431179581
matrix_free_joint_rank8_int4_per_row_hadamard,pooled_equal_weight_compressed,749,1536,0,5,32,728.9375,714.0,576.0,952.0,0.9999289053701854,0.9996302319378519
matrix_free_joint_rank8_int4_per_row_hadamard,pooled_equal_weight_compressed,749,1536,0,6,32,762.25,758.5,574.2,956.0,0.9999560626161041,0.9998081327824839
matrix_free_joint_rank8_int4_per_row_hadamard,pooled_equal_weight_compressed,749,1536,0,7,32,745.96875,729.0,547.0,974.3000000000002,0.9999344747977954,0.9996221171427874
matrix_free_joint_rank8_int4_per_row_hadamard,pooled_equal_weight_compressed,749,1536,0,8,32,749.3125,729.0,532.2,980.0,0.9999295020491548,0.9995690219727598
matrix_free_joint_rank8_int4_per_row_hadamard,pooled_equal_weight_compressed,749,1536,4,1,32,769.03125,758.5,725.4,835.5,0.9963114538533095,0.9922488670402808
matrix_free_joint_rank8_int4_per_row_hadamard,pooled_equal_weight_compressed,749,1536,4,2,32,775.90625,768.0,729.0,833.9,0.9961147006759328,0.9910564286511339
matrix_free_joint_rank8_int4_per_row_hadamard,pooled_equal_weight_compressed,749,1536,4,3,32,744.75,751.0,670.4,795.9,0.9947973929479758,0.9892337513817873
matrix_free_joint_rank8_int4_per_row_hadamard,pooled_equal_weight_compressed,749,1536,4,4,32,758.09375,755.5,721.8,791.9,0.9953798152543564,0.9915415708074066
matrix_free_joint_rank8_int4_per_row_hadamard,pooled_equal_weight_compressed,749,1536,4,5,32,757.3125,768.0,680.4,843.7,0.9938960561692417,0.9864473729225542
matrix_free_joint_rank8_int4_per_row_hadamard,pooled_equal_weight_compressed,749,1536,4,6,32,732.34375,733.5,661.3,788.3000000000001,0.993220382858954,0.9877689983495382
matrix_free_joint_rank8_int4_per_row_hadamard,pooled_equal_weight_compressed,749,1536,4,7,32,736.0625,744.0,671.1,783.3000000000001,0.991252408850146,0.9858015276991993
matrix_free_joint_rank8_int4_per_row_hadamard,pooled_equal_weight_compressed,749,1536,4,8,32,715.78125,729.0,641.1,768.4,0.9919953312588613,0.9862749692497423
matrix_free_joint_rank8_int4_per_row_hadamard,pooled_equal_weight_compressed,749,1536,20,1,32,717.15625,767.5,416.3,845.1,0.993909220980209,0.9854864346073178
matrix_free_joint_rank8_int4_per_row_hadamard,pooled_equal_weight_compressed,749,1536,20,2,32,685.0,749.0,398.6,817.6,0.9936306528515895,0.9691309016243401
matrix_free_joint_rank8_int4_per_row_hadamard,pooled_equal_weight_compressed,749,1536,20,3,32,734.84375,761.0,519.6,847.8000000000001,0.9953072437025147,0.9879321433584906
matrix_free_joint_rank8_int4_per_row_hadamard,pooled_equal_weight_compressed,749,1536,20,4,32,776.84375,768.0,710.8,872.0,0.9940908827710123,0.9862874199598572
matrix_free_joint_rank8_int4_per_row_hadamard,pooled_equal_weight_compressed,749,1536,20,5,32,768.90625,761.5,690.5,855.3000000000001,0.9936676366521013,0.9871882208400969
matrix_free_joint_rank8_int4_per_row_hadamard,pooled_equal_weight_compressed,749,1536,20,6,32,768.90625,768.0,704.7,831.6,0.9937705211332357,0.9875897923446815
matrix_free_joint_rank8_int4_per_row_hadamard,pooled_equal_weight_compressed,749,1536,20,7,32,766.6875,749.0,711.9,872.2,0.993544142783985,0.9857906877953618
matrix_free_joint_rank8_int4_per_row_hadamard,pooled_equal_weight_compressed,749,1536,20,8,32,770.90625,761.5,693.4,895.3000000000001,0.9934115860254298,0.9863010251030274
matrix_free_joint_rank8_int4_per_row_hadamard,pooled_equal_weight_compressed,749,1536,39,1,32,749.5625,765.5,583.1,837.8,0.9982420738238194,0.9891344073632398
matrix_free_joint_rank8_int4_per_row_hadamard,pooled_equal_weight_compressed,749,1536,39,2,32,767.65625,768.0,680.4,903.8000000000001,0.9976150575738675,0.9932448393348121
matrix_free_joint_rank8_int4_per_row_hadamard,pooled_equal_weight_compressed,749,1536,39,3,32,762.6875,749.0,678.5,887.4000000000001,0.9965846506303133,0.9917558675053282
matrix_free_joint_rank8_int4_per_row_hadamard,pooled_equal_weight_compressed,749,1536,39,4,32,759.53125,768.0,688.9,837.2,0.9957856370931488,0.9932867209319388
matrix_free_joint_rank8_int4_per_row_hadamard,pooled_equal_weight_compressed,749,1536,39,5,32,748.0625,757.5,680.8,792.6,0.9950753139985152,0.9875748837666042
matrix_free_joint_rank8_int4_per_row_hadamard,pooled_equal_weight_compressed,749,1536,39,6,32,767.84375,762.5,706.5,874.8000000000001,0.9942266479090738,0.9887486636472337
matrix_free_joint_rank8_int4_per_row_hadamard,pooled_equal_weight_compressed,749,1536,39,7,32,726.6875,732.0,617.4,817.9,0.9938355587575363,0.9872965209953558
matrix_free_joint_rank8_int4_per_row_hadamard,pooled_equal_weight_compressed,749,1536,39,8,32,707.5,724.5,623.2,774.3000000000001,0.9926192268829903,0.9860016821144493
matrix_free_joint_rank8_int4_per_row_hadamard,pooled_equal_weight_compressed,768,1536,0,1,32,754.28125,739.0,560.1,965.0000000000001,0.9999848844011423,0.9998251551806743
matrix_free_joint_rank8_int4_per_row_hadamard,pooled_equal_weight_compressed,768,1536,0,2,32,792.75,748.5,533.6,1109.4,0.9999722283266786,0.9998596979712829
matrix_free_joint_rank8_int4_per_row_hadamard,pooled_equal_weight_compressed,768,1536,0,3,32,772.15625,766.5,621.3,955.5000000000001,0.9999784271486476,0.9997663876542914
matrix_free_joint_rank8_int4_per_row_hadamard,pooled_equal_weight_compressed,768,1536,0,4,32,749.03125,747.5,605.3,923.6,0.9999681455377867,0.9998155898532168
matrix_free_joint_rank8_int4_per_row_hadamard,pooled_equal_weight_compressed,768,1536,0,5,32,750.53125,728.0,607.7,966.6,0.9999638432625673,0.999740472189971
matrix_free_joint_rank8_int4_per_row_hadamard,pooled_equal_weight_compressed,768,1536,0,6,32,785.6875,775.5,583.7,978.5,0.9999696612997926,0.9998470577907427
matrix_free_joint_rank8_int4_per_row_hadamard,pooled_equal_weight_compressed,768,1536,0,7,32,761.46875,749.0,547.5,976.9000000000001,0.9999690320227552,0.9996350102442132
matrix_free_joint_rank8_int4_per_row_hadamard,pooled_equal_weight_compressed,768,1536,0,8,32,776.0,749.0,555.6,1036.3,0.9999613557705316,0.999703908904954
matrix_free_joint_rank8_int4_per_row_hadamard,pooled_equal_weight_compressed,768,1536,4,1,32,789.96875,769.0,732.8,846.0,0.9966197914793287,0.993298504617396
matrix_free_joint_rank8_int4_per_row_hadamard,pooled_equal_weight_compressed,768,1536,4,2,32,790.75,779.5,729.3,855.8000000000001,0.9961147006759328,0.9926169572962642
matrix_free_joint_rank8_int4_per_row_hadamard,pooled_equal_weight_compressed,768,1536,4,3,32,775.09375,768.0,729.0,825.5,0.9950894643723895,0.9901469498734117
matrix_free_joint_rank8_int4_per_row_hadamard,pooled_equal_weight_compressed,768,1536,4,4,32,778.1875,768.0,729.0,862.2,0.9959632667927749,0.9916337827830557
matrix_free_joint_rank8_int4_per_row_hadamard,pooled_equal_weight_compressed,768,1536,4,5,32,777.75,768.0,729.0,870.8000000000001,0.9945051049576071,0.9889190423170692
matrix_free_joint_rank8_int4_per_row_hadamard,pooled_equal_weight_compressed,768,1536,4,6,32,744.59375,749.0,667.1,807.9,0.9938901095512256,0.987689794935851
matrix_free_joint_rank8_int4_per_row_hadamard,pooled_equal_weight_compressed,768,1536,4,7,32,751.8125,749.0,672.1,864.3000000000001,0.9923730332393329,0.9869199057184189
matrix_free_joint_rank8_int4_per_row_hadamard,pooled_equal_weight_compressed,768,1536,4,8,32,733.6875,729.0,670.2,799.1,0.9923839659310709,0.9858683954578861
matrix_free_joint_rank8_int4_per_row_hadamard,pooled_equal_weight_compressed,768,1536,20,1,32,750.3125,798.0,416.3,889.5,0.9946277336856018,0.9856789250441728
matrix_free_joint_rank8_int4_per_row_hadamard,pooled_equal_weight_compressed,768,1536,20,2,32,696.5,758.5,386.5,878.2,0.9944151169398123,0.9724785899958479
matrix_free_joint_rank8_int4_per_row_hadamard,pooled_equal_weight_compressed,768,1536,20,3,32,760.0625,774.5,581.7,850.9,0.995923817167564,0.9903206352876964
matrix_free_joint_rank8_int4_per_row_hadamard,pooled_equal_weight_compressed,768,1536,20,4,32,789.25,768.0,711.0,877.6,0.9938451005074086,0.9865091196734002
matrix_free_joint_rank8_int4_per_row_hadamard,pooled_equal_weight_compressed,768,1536,20,5,32,780.15625,768.0,719.1,860.5,0.9939021448687321,0.9873594937021465
matrix_free_joint_rank8_int4_per_row_hadamard,pooled_equal_weight_compressed,768,1536,20,6,32,793.09375,768.0,729.0,936.7000000000002,0.9943459211511869,0.9894900934729451
matrix_free_joint_rank8_int4_per_row_hadamard,pooled_equal_weight_compressed,768,1536,20,7,32,776.9375,760.5,729.0,872.2,0.9936545680390292,0.9880006881152087
matrix_free_joint_rank8_int4_per_row_hadamard,pooled_equal_weight_compressed,768,1536,20,8,32,793.9375,768.0,706.0,908.2,0.9948373369108968,0.9863170556596798
matrix_free_joint_rank8_int4_per_row_hadamard,pooled_equal_weight_compressed,768,1536,39,1,32,765.25,769.0,644.3,898.7,0.998284487764571,0.9891344073632398
matrix_free_joint_rank8_int4_per_row_hadamard,pooled_equal_weight_compressed,768,1536,39,2,32,777.25,768.0,688.5,905.9,0.9974841277818672,0.9938780085268617
matrix_free_joint_rank8_int4_per_row_hadamard,pooled_equal_weight_compressed,768,1536,39,3,32,780.1875,752.5,684.5,905.2,0.9970405374324653,0.9922137064377107
matrix_free_joint_rank8_int4_per_row_hadamard,pooled_equal_weight_compressed,768,1536,39,4,32,794.53125,768.0,729.0,892.1,0.9968576597391963,0.9939507518433014
matrix_free_joint_rank8_int4_per_row_hadamard,pooled_equal_weight_compressed,768,1536,39,5,32,757.0625,749.0,706.3,826.6,0.9954461009091891,0.9873225409775068
matrix_free_joint_rank8_int4_per_row_hadamard,pooled_equal_weight_compressed,768,1536,39,6,32,792.65625,773.5,706.5,891.8000000000001,0.9946480597032152,0.9886402354742246
matrix_free_joint_rank8_int4_per_row_hadamard,pooled_equal_weight_compressed,768,1536,39,7,32,753.375,749.0,658.1,865.5,0.9951928384904878,0.988834614325977
matrix_free_joint_rank8_int4_per_row_hadamard,pooled_equal_weight_compressed,768,1536,39,8,32,721.0,746.5,623.8,787.8000000000001,0.9933792386127143,0.9860299748771291
matrix_free_joint_rank8_int4_per_row_hadamard,pooled_exact_combined_moe_column_generated_local,384,1536,0,1,32,577.75,531.5,407.9,796.3000000000001,0.9992840690159295,0.9970654067915072
matrix_free_joint_rank8_int4_per_row_hadamard,pooled_exact_combined_moe_column_generated_local,384,1536,0,2,32,518.34375,499.0,369.4,741.0000000000002,0.9988421814027655,0.9924827428618672
matrix_free_joint_rank8_int4_per_row_hadamard,pooled_exact_combined_moe_column_generated_local,384,1536,0,3,32,450.3125,432.0,345.7,574.0,0.9969156235749284,0.9884034916050354
matrix_free_joint_rank8_int4_per_row_hadamard,pooled_exact_combined_moe_column_generated_local,384,1536,0,4,32,384.03125,384.0,284.4,456.6,0.9935875137374726,0.9875482623718167
matrix_free_joint_rank8_int4_per_row_hadamard,pooled_exact_combined_moe_column_generated_local,384,1536,0,5,32,345.71875,344.0,243.1,452.70000000000005,0.9873736567351024,0.9776779169839264
matrix_free_joint_rank8_int4_per_row_hadamard,pooled_exact_combined_moe_column_generated_local,384,1536,0,6,32,326.34375,322.0,225.0,448.50000000000006,0.9839878111460214,0.9573697592030974
matrix_free_joint_rank8_int4_per_row_hadamard,pooled_exact_combined_moe_column_generated_local,384,1536,0,7,32,249.34375,247.0,134.3,362.20000000000005,0.9757953953415347,0.9248632570618518
matrix_free_joint_rank8_int4_per_row_hadamard,pooled_exact_combined_moe_column_generated_local,384,1536,0,8,32,218.625,208.5,115.4,352.8,0.9653842808758584,0.9390541345061704
matrix_free_joint_rank8_int4_per_row_hadamard,pooled_exact_combined_moe_column_generated_local,384,1536,4,1,32,775.21875,768.0,639.6,888.1,0.996563874998885,0.9874687525786063
matrix_free_joint_rank8_int4_per_row_hadamard,pooled_exact_combined_moe_column_generated_local,384,1536,4,2,32,657.21875,647.5,576.0,768.0,0.9918903751509833,0.9783478145447747
matrix_free_joint_rank8_int4_per_row_hadamard,pooled_exact_combined_moe_column_generated_local,384,1536,4,3,32,504.9375,512.0,384.0,628.3000000000001,0.9804746024693867,0.9608288648718657
matrix_free_joint_rank8_int4_per_row_hadamard,pooled_exact_combined_moe_column_generated_local,384,1536,4,4,32,379.84375,384.0,253.4,498.50000000000006,0.9648149207821695,0.9164158753685462
matrix_free_joint_rank8_int4_per_row_hadamard,pooled_exact_combined_moe_column_generated_local,384,1536,4,5,32,291.09375,301.0,171.5,384.0,0.9239268898870425,0.8198392380643097
matrix_free_joint_rank8_int4_per_row_hadamard,pooled_exact_combined_moe_column_generated_local,384,1536,4,6,32,211.625,202.5,92.9,343.40000000000003,0.911212548743785,0.7933941726013846
matrix_free_joint_rank8_int4_per_row_hadamard,pooled_exact_combined_moe_column_generated_local,384,1536,4,7,32,147.21875,127.0,73.5,216.8,0.8388820337728313,0.6956297418981193
matrix_free_joint_rank8_int4_per_row_hadamard,pooled_exact_combined_moe_column_generated_local,384,1536,4,8,32,101.1875,87.0,38.5,179.90000000000003,0.7944147490213946,0.5471980567677499
matrix_free_joint_rank8_int4_per_row_hadamard,pooled_exact_combined_moe_column_generated_local,384,1536,20,1,32,716.84375,749.0,516.6,929.7,0.9931709980183572,0.9732096997339259
matrix_free_joint_rank8_int4_per_row_hadamard,pooled_exact_combined_moe_column_generated_local,384,1536,20,2,32,481.75,526.5,273.3,661.4000000000001,0.9824813591768695,0.9323081976258429
matrix_free_joint_rank8_int4_per_row_hadamard,pooled_exact_combined_moe_column_generated_local,384,1536,20,3,32,488.0625,512.5,310.5,627.1,0.977388038514521,0.9048507610040135
matrix_free_joint_rank8_int4_per_row_hadamard,pooled_exact_combined_moe_column_generated_local,384,1536,20,4,32,384.875,384.0,270.1,498.1,0.9456083320852009,0.9156324238193929
matrix_free_joint_rank8_int4_per_row_hadamard,pooled_exact_combined_moe_column_generated_local,384,1536,20,5,32,311.125,306.0,188.4,397.1,0.9295540077244988,0.8797217048091024
matrix_free_joint_rank8_int4_per_row_hadamard,pooled_exact_combined_moe_column_generated_local,384,1536,20,6,32,268.5625,277.0,101.9,384.0,0.9005988753107093,0.791539564023829
matrix_free_joint_rank8_int4_per_row_hadamard,pooled_exact_combined_moe_column_generated_local,384,1536,20,7,32,226.75,221.0,124.4,301.1,0.8916062386234556,0.795012006499503
matrix_free_joint_rank8_int4_per_row_hadamard,pooled_exact_combined_moe_column_generated_local,384,1536,20,8,32,188.34375,187.0,74.2,278.1,0.8632330023747317,0.7137163758193741
matrix_free_joint_rank8_int4_per_row_hadamard,pooled_exact_combined_moe_column_generated_local,384,1536,39,1,32,593.125,598.5,381.8,818.4000000000001,0.9950696430916528,0.9638229940985492
matrix_free_joint_rank8_int4_per_row_hadamard,pooled_exact_combined_moe_column_generated_local,384,1536,39,2,32,521.875,518.5,386.5,665.7,0.9890017022048606,0.9752056190294919
matrix_free_joint_rank8_int4_per_row_hadamard,pooled_exact_combined_moe_column_generated_local,384,1536,39,3,32,484.3125,461.0,384.9,639.5,0.98430535456812,0.9488619582555066
matrix_free_joint_rank8_int4_per_row_hadamard,pooled_exact_combined_moe_column_generated_local,384,1536,39,4,32,416.28125,422.0,234.3,585.0,0.9705738918794378,0.9337339268423612
matrix_free_joint_rank8_int4_per_row_hadamard,pooled_exact_combined_moe_column_generated_local,384,1536,39,5,32,341.59375,348.0,223.5,443.20000000000005,0.9559114072794628,0.8793423808786361
matrix_free_joint_rank8_int4_per_row_hadamard,pooled_exact_combined_moe_column_generated_local,384,1536,39,6,32,292.0625,306.5,182.2,393.90000000000003,0.9323246026748355,0.811742794684572
matrix_free_joint_rank8_int4_per_row_hadamard,pooled_exact_combined_moe_column_generated_local,384,1536,39,7,32,235.1875,235.0,108.2,368.8,0.9341026981156877,0.787705503654048
matrix_free_joint_rank8_int4_per_row_hadamard,pooled_exact_combined_moe_column_generated_local,384,1536,39,8,32,183.03125,159.0,94.0,292.3,0.8760809462453503,0.7687727838872549
matrix_free_joint_rank8_int4_per_row_hadamard,pooled_exact_combined_moe_column_generated_local,576,1536,0,1,32,706.875,644.5,501.5,981.8000000000001,0.9999632713851903,0.9993389567880673
matrix_free_joint_rank8_int4_per_row_hadamard,pooled_exact_combined_moe_column_generated_local,576,1536,0,2,32,693.75,672.0,506.7,929.2,0.9998005247714703,0.9990774510788681
matrix_free_joint_rank8_int4_per_row_hadamard,pooled_exact_combined_moe_column_generated_local,576,1536,0,3,32,641.84375,636.0,512.0,764.1000000000001,0.9996676925459006,0.9984023112894187
matrix_free_joint_rank8_int4_per_row_hadamard,pooled_exact_combined_moe_column_generated_local,576,1536,0,4,32,585.125,592.5,448.5,708.7,0.9993450359232217,0.9985197101795052
matrix_free_joint_rank8_int4_per_row_hadamard,pooled_exact_combined_moe_column_generated_local,576,1536,0,5,32,539.1875,534.5,401.4,667.9,0.9984733825915058,0.9964154363061615
matrix_free_joint_rank8_int4_per_row_hadamard,pooled_exact_combined_moe_column_generated_local,576,1536,0,6,32,526.9375,533.0,375.9,681.5,0.9981238167437454,0.9947718053008177
matrix_free_joint_rank8_int4_per_row_hadamard,pooled_exact_combined_moe_column_generated_local,576,1536,0,7,32,469.28125,455.0,337.2,576.0,0.9969983562387463,0.9874928541582381
matrix_free_joint_rank8_int4_per_row_hadamard,pooled_exact_combined_moe_column_generated_local,576,1536,0,8,32,443.4375,415.0,330.2,645.0,0.9956549723458201,0.9907396092822981
matrix_free_joint_rank8_int4_per_row_hadamard,pooled_exact_combined_moe_column_generated_local,576,1536,4,1,32,946.0625,961.5,805.2,1066.4,0.9987636604478218,0.9956389941229865
matrix_free_joint_rank8_int4_per_row_hadamard,pooled_exact_combined_moe_column_generated_local,576,1536,4,2,32,838.28125,825.5,733.2,959.3000000000001,0.9972172314582747,0.9913809196532846
matrix_free_joint_rank8_int4_per_row_hadamard,pooled_exact_combined_moe_column_generated_local,576,1536,4,3,32,708.4375,729.0,581.1,800.4000000000001,0.9935310882846999,0.9849257150748847
matrix_free_joint_rank8_int4_per_row_hadamard,pooled_exact_combined_moe_column_generated_local,576,1536,4,4,32,604.1875,596.0,474.2,729.0,0.9879168603307553,0.9721753716548207
matrix_free_joint_rank8_int4_per_row_hadamard,pooled_exact_combined_moe_column_generated_local,576,1536,4,5,32,520.15625,545.0,369.6,617.3000000000001,0.9780237262821261,0.9384504613071036
matrix_free_joint_rank8_int4_per_row_hadamard,pooled_exact_combined_moe_column_generated_local,576,1536,4,6,32,417.125,417.0,261.5,576.0,0.9676724265813316,0.9077240705883381
matrix_free_joint_rank8_int4_per_row_hadamard,pooled_exact_combined_moe_column_generated_local,576,1536,4,7,32,315.4375,304.0,240.1,397.8,0.9294642503118459,0.8710305785278462
matrix_free_joint_rank8_int4_per_row_hadamard,pooled_exact_combined_moe_column_generated_local,576,1536,4,8,32,254.40625,267.0,99.8,383.9,0.8974983943394186,0.8185212180903796
matrix_free_joint_rank8_int4_per_row_hadamard,pooled_exact_combined_moe_column_generated_local,576,1536,20,1,32,890.375,897.5,732.9,1101.3000000000002,0.9977555754546844,0.9919598637638185
matrix_free_joint_rank8_int4_per_row_hadamard,pooled_exact_combined_moe_column_generated_local,576,1536,20,2,32,668.09375,700.0,464.6,805.1,0.9939597006310458,0.975734813877248
matrix_free_joint_rank8_int4_per_row_hadamard,pooled_exact_combined_moe_column_generated_local,576,1536,20,3,32,666.34375,697.0,549.9,749.0,0.9921654503820247,0.9685575515093215
matrix_free_joint_rank8_int4_per_row_hadamard,pooled_exact_combined_moe_column_generated_local,576,1536,20,4,32,589.375,577.0,497.5,724.9000000000001,0.9832253358595435,0.964939374466299
matrix_free_joint_rank8_int4_per_row_hadamard,pooled_exact_combined_moe_column_generated_local,576,1536,20,5,32,530.6875,574.5,392.8,624.2,0.9802805289344978,0.9460080737094528
matrix_free_joint_rank8_int4_per_row_hadamard,pooled_exact_combined_moe_column_generated_local,576,1536,20,6,32,464.34375,486.0,384.0,575.9,0.9684327563589776,0.9366108733022377
matrix_free_joint_rank8_int4_per_row_hadamard,pooled_exact_combined_moe_column_generated_local,576,1536,20,7,32,429.65625,445.0,326.5,517.6,0.9613261830713784,0.9354813262327188
matrix_free_joint_rank8_int4_per_row_hadamard,pooled_exact_combined_moe_column_generated_local,576,1536,20,8,32,364.96875,384.0,224.3,490.40000000000003,0.9449988693947842,0.884026040916678
matrix_free_joint_rank8_int4_per_row_hadamard,pooled_exact_combined_moe_column_generated_local,576,1536,39,1,32,786.15625,749.5,629.9,965.9,0.99843220176712,0.9891296722639995
matrix_free_joint_rank8_int4_per_row_hadamard,pooled_exact_combined_moe_column_generated_local,576,1536,39,2,32,712.65625,715.5,578.8,889.2,0.9958188291652832,0.9924042997161585
matrix_free_joint_rank8_int4_per_row_hadamard,pooled_exact_combined_moe_column_generated_local,576,1536,39,3,32,673.9375,675.0,575.1,820.1,0.9941468171827297,0.9846695836320235
matrix_free_joint_rank8_int4_per_row_hadamard,pooled_exact_combined_moe_column_generated_local,576,1536,39,4,32,603.0,616.0,467.4,760.5000000000001,0.9890861717048282,0.9741744401579264
matrix_free_joint_rank8_int4_per_row_hadamard,pooled_exact_combined_moe_column_generated_local,576,1536,39,5,32,519.5,517.0,435.2,623.9,0.9823058899574593,0.948151403838882
matrix_free_joint_rank8_int4_per_row_hadamard,pooled_exact_combined_moe_column_generated_local,576,1536,39,6,32,504.5625,499.5,384.0,644.6,0.9712347926107323,0.9393418322796376
matrix_free_joint_rank8_int4_per_row_hadamard,pooled_exact_combined_moe_column_generated_local,576,1536,39,7,32,442.46875,442.5,286.1,571.6,0.9728622626806038,0.9387610772291002
matrix_free_joint_rank8_int4_per_row_hadamard,pooled_exact_combined_moe_column_generated_local,576,1536,39,8,32,362.03125,368.0,254.7,476.9,0.9428320576503494,0.8837006422917207
matrix_free_joint_rank8_int4_per_row_hadamard,pooled_exact_combined_moe_column_generated_local,749,1536,0,1,32,808.59375,758.5,594.8,1045.0,0.9999984208003272,0.9999549689631312
matrix_free_joint_rank8_int4_per_row_hadamard,pooled_exact_combined_moe_column_generated_local,749,1536,0,2,32,829.1875,773.5,571.5,1146.3000000000002,0.9999944731907371,0.9999278094613274
matrix_free_joint_rank8_int4_per_row_hadamard,pooled_exact_combined_moe_column_generated_local,749,1536,0,3,32,792.28125,794.5,621.3,969.5000000000001,0.9999840974840652,0.9998616509607384
matrix_free_joint_rank8_int4_per_row_hadamard,pooled_exact_combined_moe_column_generated_local,749,1536,0,4,32,752.375,744.5,609.2,923.6,0.9999697577235972,0.9998518293021283
matrix_free_joint_rank8_int4_per_row_hadamard,pooled_exact_combined_moe_column_generated_local,749,1536,0,5,32,717.6875,710.5,567.9,906.5,0.99991866549685,0.9994813305427744
matrix_free_joint_rank8_int4_per_row_hadamard,pooled_exact_combined_moe_column_generated_local,749,1536,0,6,32,729.0,737.0,544.5,931.5000000000001,0.999880638254247,0.999593497907494
matrix_free_joint_rank8_int4_per_row_hadamard,pooled_exact_combined_moe_column_generated_local,749,1536,0,7,32,687.6875,681.5,498.1,905.5000000000001,0.9998218658674985,0.9990110477104676
matrix_free_joint_rank8_int4_per_row_hadamard,pooled_exact_combined_moe_column_generated_local,749,1536,0,8,32,674.53125,627.0,477.1,946.8000000000001,0.9997591877002348,0.9988038728707166
matrix_free_joint_rank8_int4_per_row_hadamard,pooled_exact_combined_moe_column_generated_local,749,1536,4,1,32,1081.125,1087.0,939.5,1193.9,0.9996711776793374,0.998764059081932
matrix_free_joint_rank8_int4_per_row_hadamard,pooled_exact_combined_moe_column_generated_local,749,1536,4,2,32,988.40625,982.0,911.5,1093.5,0.9989496706409,0.9975039558805278
matrix_free_joint_rank8_int4_per_row_hadamard,pooled_exact_combined_moe_column_generated_local,749,1536,4,3,32,870.1875,878.5,749.8,1009.6,0.9979091591345732,0.9947058299446797
matrix_free_joint_rank8_int4_per_row_hadamard,pooled_exact_combined_moe_column_generated_local,749,1536,4,4,32,780.21875,768.0,704.1,891.9000000000001,0.9955217792677976,0.9908355052212192
matrix_free_joint_rank8_int4_per_row_hadamard,pooled_exact_combined_moe_column_generated_local,749,1536,4,5,32,704.15625,723.0,579.4,773.6,0.9907094354540539,0.9827484639975038
matrix_free_joint_rank8_int4_per_row_hadamard,pooled_exact_combined_moe_column_generated_local,749,1536,4,6,32,608.78125,589.0,527.2,728.8,0.9873098796227839,0.9741080678301599
matrix_free_joint_rank8_int4_per_row_hadamard,pooled_exact_combined_moe_column_generated_local,749,1536,4,7,32,524.03125,542.5,385.1,598.8,0.9750886691668845,0.9396557681755633
matrix_free_joint_rank8_int4_per_row_hadamard,pooled_exact_combined_moe_column_generated_local,749,1536,4,8,32,431.53125,421.5,288.2,575.8,0.9663467074382948,0.9170907477798211
matrix_free_joint_rank8_int4_per_row_hadamard,pooled_exact_combined_moe_column_generated_local,749,1536,20,1,32,1011.75,1029.0,880.6,1161.0,0.9990824397354561,0.9970408125708005
matrix_free_joint_rank8_int4_per_row_hadamard,pooled_exact_combined_moe_column_generated_local,749,1536,20,2,32,846.53125,883.0,670.6,935.0,0.9977678769124785,0.9939367757806662
matrix_free_joint_rank8_int4_per_row_hadamard,pooled_exact_combined_moe_column_generated_local,749,1536,20,3,32,840.0625,825.5,731.0,945.8000000000001,0.9969704425108527,0.9886273569069978
matrix_free_joint_rank8_int4_per_row_hadamard,pooled_exact_combined_moe_column_generated_local,749,1536,20,4,32,748.46875,749.0,672.7,847.9000000000001,0.9939890940387139,0.9850790973356025
matrix_free_joint_rank8_int4_per_row_hadamard,pooled_exact_combined_moe_column_generated_local,749,1536,20,5,32,718.28125,749.0,580.6,797.0000000000001,0.9926943323665867,0.9828365474039973
matrix_free_joint_rank8_int4_per_row_hadamard,pooled_exact_combined_moe_column_generated_local,749,1536,20,6,32,650.3125,667.5,545.3,749.0,0.9878614211302084,0.9730360659126934
matrix_free_joint_rank8_int4_per_row_hadamard,pooled_exact_combined_moe_column_generated_local,749,1536,20,7,32,598.15625,584.5,538.9,705.3000000000001,0.9852550507075779,0.9720729303979194
matrix_free_joint_rank8_int4_per_row_hadamard,pooled_exact_combined_moe_column_generated_local,749,1536,20,8,32,575.84375,576.0,485.1,660.0,0.9822460976661209,0.9672932750118491
matrix_free_joint_rank8_int4_per_row_hadamard,pooled_exact_combined_moe_column_generated_local,749,1536,39,1,32,933.375,924.0,762.1,1100.9,0.9994725675609797,0.9948246457470933
matrix_free_joint_rank8_int4_per_row_hadamard,pooled_exact_combined_moe_column_generated_local,749,1536,39,2,32,870.34375,865.0,750.9,992.4000000000001,0.9987244187229211,0.996655607986388
matrix_free_joint_rank8_int4_per_row_hadamard,pooled_exact_combined_moe_column_generated_local,749,1536,39,3,32,828.53125,816.0,708.3,959.0,0.9978815953536914,0.9932287560882187
matrix_free_joint_rank8_int4_per_row_hadamard,pooled_exact_combined_moe_column_generated_local,749,1536,39,4,32,763.125,755.5,659.6,859.7,0.9958090285077916,0.9914811889740949
matrix_free_joint_rank8_int4_per_row_hadamard,pooled_exact_combined_moe_column_generated_local,749,1536,39,5,32,715.90625,734.0,603.3,766.5,0.994335372238786,0.9859569083684733
matrix_free_joint_rank8_int4_per_row_hadamard,pooled_exact_combined_moe_column_generated_local,749,1536,39,6,32,668.875,659.5,576.0,780.6,0.988062309763775,0.9737844795080013
matrix_free_joint_rank8_int4_per_row_hadamard,pooled_exact_combined_moe_column_generated_local,749,1536,39,7,32,644.0625,621.5,500.40000000000003,767.6,0.9896310715778502,0.9776275629250107
matrix_free_joint_rank8_int4_per_row_hadamard,pooled_exact_combined_moe_column_generated_local,749,1536,39,8,32,564.28125,575.5,457.0,687.2,0.9843361460239652,0.9625735367812861
matrix_free_joint_rank8_int4_per_row_hadamard,pooled_exact_combined_moe_column_generated_local,768,1536,0,1,32,817.5,771.0,603.3,1044.8,0.9999989094260111,0.9999659550996748
matrix_free_joint_rank8_int4_per_row_hadamard,pooled_exact_combined_moe_column_generated_local,768,1536,0,2,32,841.1875,796.5,590.4,1149.0,0.9999951418401827,0.9999471215892909
matrix_free_joint_rank8_int4_per_row_hadamard,pooled_exact_combined_moe_column_generated_local,768,1536,0,3,32,803.34375,800.5,635.6,979.7,0.9999889256040763,0.9998828088674988
matrix_free_joint_rank8_int4_per_row_hadamard,pooled_exact_combined_moe_column_generated_local,768,1536,0,4,32,769.15625,764.0,615.2,929.9000000000001,0.9999696538312532,0.9998976983866559
matrix_free_joint_rank8_int4_per_row_hadamard,pooled_exact_combined_moe_column_generated_local,768,1536,0,5,32,739.03125,725.5,606.1,939.1,0.9999516900202543,0.9996417581075399
matrix_free_joint_rank8_int4_per_row_hadamard,pooled_exact_combined_moe_column_generated_local,768,1536,0,6,32,754.40625,745.0,560.5,955.2,0.9999309772789862,0.9997243353587364
matrix_free_joint_rank8_int4_per_row_hadamard,pooled_exact_combined_moe_column_generated_local,768,1536,0,7,32,714.1875,707.0,500.8,946.4000000000002,0.9998597121214243,0.9993367567992596
matrix_free_joint_rank8_int4_per_row_hadamard,pooled_exact_combined_moe_column_generated_local,768,1536,0,8,32,704.1875,676.5,514.2,955.5,0.9998183103121214,0.9992581383475644
matrix_free_joint_rank8_int4_per_row_hadamard,pooled_exact_combined_moe_column_generated_local,768,1536,4,1,32,1104.75,1103.0,978.2,1198.6,0.9996859914569947,0.999070379552399
matrix_free_joint_rank8_int4_per_row_hadamard,pooled_exact_combined_moe_column_generated_local,768,1536,4,2,32,1020.46875,1015.0,927.8,1141.7,0.9991959645243573,0.9975855559618186
matrix_free_joint_rank8_int4_per_row_hadamard,pooled_exact_combined_moe_column_generated_local,768,1536,4,3,32,877.6875,884.0,768.0,1011.3000000000001,0.9975865772128978,0.9945499313530237
matrix_free_joint_rank8_int4_per_row_hadamard,pooled_exact_combined_moe_column_generated_local,768,1536,4,4,32,796.5,787.0,715.5,884.7,0.9966283492707808,0.9917776079584802
matrix_free_joint_rank8_int4_per_row_hadamard,pooled_exact_combined_moe_column_generated_local,768,1536,4,5,32,728.84375,729.0,622.3,795.7,0.9939210160396373,0.9850693435120947
matrix_free_joint_rank8_int4_per_row_hadamard,pooled_exact_combined_moe_column_generated_local,768,1536,4,6,32,627.40625,602.5,530.6,741.6,0.9892137088148689,0.9740256679290635
matrix_free_joint_rank8_int4_per_row_hadamard,pooled_exact_combined_moe_column_generated_local,768,1536,4,7,32,543.34375,557.0,448.6,608.9,0.9784596234992531,0.94511532187559
matrix_free_joint_rank8_int4_per_row_hadamard,pooled_exact_combined_moe_column_generated_local,768,1536,4,8,32,441.34375,418.0,331.3,575.6,0.9680571440367312,0.9157656720817229
matrix_free_joint_rank8_int4_per_row_hadamard,pooled_exact_combined_moe_column_generated_local,768,1536,20,1,32,1019.4375,1029.0,855.6,1178.2,0.9990824397354561,0.997047036750189
matrix_free_joint_rank8_int4_per_row_hadamard,pooled_exact_combined_moe_column_generated_local,768,1536,20,2,32,872.59375,920.0,730.0,974.9,0.9984344189996817,0.9922539814721858
matrix_free_joint_rank8_int4_per_row_hadamard,pooled_exact_combined_moe_column_generated_local,768,1536,20,3,32,864.28125,867.5,732.9,981.9,0.9974894795109017,0.9907620722958506
matrix_free_joint_rank8_int4_per_row_hadamard,pooled_exact_combined_moe_column_generated_local,768,1536,20,4,32,770.25,749.0,677.7,879.6,0.9943198103881994,0.986284419974125
matrix_free_joint_rank8_int4_per_row_hadamard,pooled_exact_combined_moe_column_generated_local,768,1536,20,5,32,719.71875,749.0,631.1,803.0,0.9919031437997488,0.9855543171836613
matrix_free_joint_rank8_int4_per_row_hadamard,pooled_exact_combined_moe_column_generated_local,768,1536,20,6,32,684.59375,729.0,579.2,768.0,0.9899490430134498,0.9817581140987012
matrix_free_joint_rank8_int4_per_row_hadamard,pooled_exact_combined_moe_column_generated_local,768,1536,20,7,32,617.9375,601.0,529.9,729.0,0.9845717243489411,0.9708997770388791
matrix_free_joint_rank8_int4_per_row_hadamard,pooled_exact_combined_moe_column_generated_local,768,1536,20,8,32,592.09375,589.5,485.1,714.9000000000001,0.9854375567641522,0.9675182981355377
matrix_free_joint_rank8_int4_per_row_hadamard,pooled_exact_combined_moe_column_generated_local,768,1536,39,1,32,945.5625,925.5,768.0,1100.9,0.9994725675609797,0.995499759120676
matrix_free_joint_rank8_int4_per_row_hadamard,pooled_exact_combined_moe_column_generated_local,768,1536,39,2,32,885.46875,893.0,768.0,1012.9000000000001,0.9987538376605459,0.996955944978121
matrix_free_joint_rank8_int4_per_row_hadamard,pooled_exact_combined_moe_column_generated_local,768,1536,39,3,32,834.375,846.5,708.3,939.8000000000001,0.9977863102086241,0.9936684699683929
matrix_free_joint_rank8_int4_per_row_hadamard,pooled_exact_combined_moe_column_generated_local,768,1536,39,4,32,795.65625,808.0,668.0,904.6,0.996289493963423,0.9915521841028764
matrix_free_joint_rank8_int4_per_row_hadamard,pooled_exact_combined_moe_column_generated_local,768,1536,39,5,32,728.15625,741.5,643.9,780.0,0.9955036755644409,0.9866895563615439
matrix_free_joint_rank8_int4_per_row_hadamard,pooled_exact_combined_moe_column_generated_local,768,1536,39,6,32,706.375,729.0,583.6,785.6,0.9926799625867059,0.980238904249672
matrix_free_joint_rank8_int4_per_row_hadamard,pooled_exact_combined_moe_column_generated_local,768,1536,39,7,32,652.90625,650.5,497.7,765.2,0.9914774214001785,0.9782222367215057
matrix_free_joint_rank8_int4_per_row_hadamard,pooled_exact_combined_moe_column_generated_local,768,1536,39,8,32,591.3125,576.0,494.2,683.9,0.9859913852758391,0.9652888609077332
matrix_free_joint_rank8_int4_per_row_hadamard,pooled_exact_combined_moe_global_bound,749,1536,0,1,32,808.0625,758.5,594.8,1045.0,0.9999983953197666,0.9999549689631312
matrix_free_joint_rank8_int4_per_row_hadamard,pooled_exact_combined_moe_global_bound,749,1536,0,2,32,829.625,777.0,571.5,1146.3000000000002,0.9999945283834186,0.9999278094613274
matrix_free_joint_rank8_int4_per_row_hadamard,pooled_exact_combined_moe_global_bound,749,1536,0,3,32,792.8125,799.5,621.3,969.5000000000001,0.9999840974840652,0.9998616509607384
matrix_free_joint_rank8_int4_per_row_hadamard,pooled_exact_combined_moe_global_bound,749,1536,0,4,32,752.375,744.5,609.2,923.6,0.9999697577235972,0.9998518293021283
matrix_free_joint_rank8_int4_per_row_hadamard,pooled_exact_combined_moe_global_bound,749,1536,0,5,32,717.15625,710.5,567.9,906.5,0.99991866549685,0.9994813305427744
matrix_free_joint_rank8_int4_per_row_hadamard,pooled_exact_combined_moe_global_bound,749,1536,0,6,32,729.0,737.0,544.5,931.5000000000001,0.999880638254247,0.999593497907494
matrix_free_joint_rank8_int4_per_row_hadamard,pooled_exact_combined_moe_global_bound,749,1536,0,7,32,687.6875,681.5,498.1,905.5000000000001,0.9998218658674985,0.9990110477104676
matrix_free_joint_rank8_int4_per_row_hadamard,pooled_exact_combined_moe_global_bound,749,1536,0,8,32,674.53125,627.0,477.1,946.8000000000001,0.9997591877002348,0.9988038728707166
matrix_free_joint_rank8_int4_per_row_hadamard,pooled_exact_combined_moe_global_bound,749,1536,4,1,32,1081.125,1087.0,939.5,1193.9,0.9996711776793374,0.998764059081932
matrix_free_joint_rank8_int4_per_row_hadamard,pooled_exact_combined_moe_global_bound,749,1536,4,2,32,988.40625,982.0,911.5,1093.5,0.9989496706409,0.9975039558805278
matrix_free_joint_rank8_int4_per_row_hadamard,pooled_exact_combined_moe_global_bound,749,1536,4,3,32,870.1875,878.5,749.8,1009.6,0.9979091591345732,0.9947058299446797
matrix_free_joint_rank8_int4_per_row_hadamard,pooled_exact_combined_moe_global_bound,749,1536,4,4,32,780.21875,768.0,704.1,891.9000000000001,0.9955217792677976,0.9908355052212192
matrix_free_joint_rank8_int4_per_row_hadamard,pooled_exact_combined_moe_global_bound,749,1536,4,5,32,704.15625,723.0,579.4,773.6,0.9907094354540539,0.9827484639975038
matrix_free_joint_rank8_int4_per_row_hadamard,pooled_exact_combined_moe_global_bound,749,1536,4,6,32,608.78125,589.0,527.2,728.8,0.9873098796227839,0.9741080678301599
matrix_free_joint_rank8_int4_per_row_hadamard,pooled_exact_combined_moe_global_bound,749,1536,4,7,32,524.03125,542.5,385.1,598.8,0.9750886691668845,0.9396557681755633
matrix_free_joint_rank8_int4_per_row_hadamard,pooled_exact_combined_moe_global_bound,749,1536,4,8,32,431.53125,421.5,288.2,575.8,0.9663467074382948,0.9170907477798211
matrix_free_joint_rank8_int4_per_row_hadamard,pooled_exact_combined_moe_global_bound,749,1536,20,1,32,1011.75,1029.0,880.6,1161.0,0.9990824397354561,0.9970408125708005
matrix_free_joint_rank8_int4_per_row_hadamard,pooled_exact_combined_moe_global_bound,749,1536,20,2,32,846.53125,883.0,670.6,935.0,0.9977678769124785,0.9939367757806662
matrix_free_joint_rank8_int4_per_row_hadamard,pooled_exact_combined_moe_global_bound,749,1536,20,3,32,840.0625,825.5,731.0,945.8000000000001,0.9969704425108527,0.9886273569069978
matrix_free_joint_rank8_int4_per_row_hadamard,pooled_exact_combined_moe_global_bound,749,1536,20,4,32,748.46875,749.0,672.7,847.9000000000001,0.9939890940387139,0.9850790973356025
matrix_free_joint_rank8_int4_per_row_hadamard,pooled_exact_combined_moe_global_bound,749,1536,20,5,32,718.28125,749.0,580.6,797.0000000000001,0.9926943323665867,0.9828365474039973
matrix_free_joint_rank8_int4_per_row_hadamard,pooled_exact_combined_moe_global_bound,749,1536,20,6,32,650.3125,667.5,545.3,749.0,0.9878614211302084,0.9730360659126934
matrix_free_joint_rank8_int4_per_row_hadamard,pooled_exact_combined_moe_global_bound,749,1536,20,7,32,598.15625,584.5,538.9,705.3000000000001,0.9852550507075779,0.9720729303979194
matrix_free_joint_rank8_int4_per_row_hadamard,pooled_exact_combined_moe_global_bound,749,1536,20,8,32,575.84375,576.0,485.1,660.0,0.9822460976661209,0.9672932750118491
matrix_free_joint_rank8_int4_per_row_hadamard,pooled_exact_combined_moe_global_bound,749,1536,39,1,32,933.375,924.0,762.1,1100.9,0.9994725675609797,0.9948246457470933
matrix_free_joint_rank8_int4_per_row_hadamard,pooled_exact_combined_moe_global_bound,749,1536,39,2,32,870.34375,865.0,750.9,992.4000000000001,0.9987244187229211,0.996655607986388
matrix_free_joint_rank8_int4_per_row_hadamard,pooled_exact_combined_moe_global_bound,749,1536,39,3,32,828.53125,816.0,708.3,959.0,0.9978815953536914,0.9932287560882187
matrix_free_joint_rank8_int4_per_row_hadamard,pooled_exact_combined_moe_global_bound,749,1536,39,4,32,763.125,755.5,659.6,859.7,0.9958090285077916,0.9914811889740949
matrix_free_joint_rank8_int4_per_row_hadamard,pooled_exact_combined_moe_global_bound,749,1536,39,5,32,715.90625,734.0,603.3,766.5,0.994335372238786,0.9859569083684733
matrix_free_joint_rank8_int4_per_row_hadamard,pooled_exact_combined_moe_global_bound,749,1536,39,6,32,668.875,659.5,576.0,780.6,0.988062309763775,0.9737844795080013
matrix_free_joint_rank8_int4_per_row_hadamard,pooled_exact_combined_moe_global_bound,749,1536,39,7,32,644.0625,621.5,500.40000000000003,767.6,0.9896310715778502,0.9776275629250107
matrix_free_joint_rank8_int4_per_row_hadamard,pooled_exact_combined_moe_global_bound,749,1536,39,8,32,564.28125,575.5,457.0,687.2,0.9843361460239652,0.9625735367812861
matrix_free_joint_rank8_int4_per_row_hadamard,pooled_exact_combined_moe_oracle,384,1536,0,1,32,576.15625,515.5,401.6,793.1000000000001,0.9994414224296696,0.9964963858639387
matrix_free_joint_rank8_int4_per_row_hadamard,pooled_exact_combined_moe_oracle,384,1536,0,2,32,523.3125,512.5,373.2,765.5,0.9989337941933432,0.9922469937460915
matrix_free_joint_rank8_int4_per_row_hadamard,pooled_exact_combined_moe_oracle,384,1536,0,3,32,459.15625,461.5,364.6,575.8,0.996850783164703,0.9907187009025669
matrix_free_joint_rank8_int4_per_row_hadamard,pooled_exact_combined_moe_oracle,384,1536,0,4,32,383.6875,384.0,270.1,453.9,0.9934610707307399,0.9855026746927983
matrix_free_joint_rank8_int4_per_row_hadamard,pooled_exact_combined_moe_oracle,384,1536,0,5,32,338.25,340.0,237.4,440.5,0.9866220603871355,0.9752463090418784
matrix_free_joint_rank8_int4_per_row_hadamard,pooled_exact_combined_moe_oracle,384,1536,0,6,32,324.625,334.0,223.2,408.6,0.9842324401384188,0.9567275793142667
matrix_free_joint_rank8_int4_per_row_hadamard,pooled_exact_combined_moe_oracle,384,1536,0,7,32,242.875,247.0,134.3,361.50000000000006,0.9743259474452509,0.925518302432156
matrix_free_joint_rank8_int4_per_row_hadamard,pooled_exact_combined_moe_oracle,384,1536,0,8,32,218.53125,205.5,111.7,352.8,0.9640349455859412,0.924581255673573
matrix_free_joint_rank8_int4_per_row_hadamard,pooled_exact_combined_moe_oracle,384,1536,4,1,32,752.40625,749.0,582.0,896.4000000000001,0.9961067315897352,0.9875264541591616
matrix_free_joint_rank8_int4_per_row_hadamard,pooled_exact_combined_moe_oracle,384,1536,4,2,32,641.96875,614.5,548.0,768.0,0.9888734109623615,0.9764174846847575
matrix_free_joint_rank8_int4_per_row_hadamard,pooled_exact_combined_moe_oracle,384,1536,4,3,32,486.34375,454.0,384.0,584.1,0.9792208802650072,0.9433887745314936
matrix_free_joint_rank8_int4_per_row_hadamard,pooled_exact_combined_moe_oracle,384,1536,4,4,32,401.40625,384.0,299.9,529.3000000000001,0.9703021584671079,0.9262189404050585
matrix_free_joint_rank8_int4_per_row_hadamard,pooled_exact_combined_moe_oracle,384,1536,4,5,32,296.96875,302.5,165.0,384.0,0.9369095055146616,0.8224444290559731
matrix_free_joint_rank8_int4_per_row_hadamard,pooled_exact_combined_moe_oracle,384,1536,4,6,32,225.8125,226.5,114.3,374.0000000000001,0.8919869753211465,0.8241152985692701
matrix_free_joint_rank8_int4_per_row_hadamard,pooled_exact_combined_moe_oracle,384,1536,4,7,32,154.0,134.0,73.5,231.40000000000003,0.8432007904457952,0.6472503146760668
matrix_free_joint_rank8_int4_per_row_hadamard,pooled_exact_combined_moe_oracle,384,1536,4,8,32,105.75,70.5,38.1,228.30000000000004,0.7866583114188302,0.5411738313166343
matrix_free_joint_rank8_int4_per_row_hadamard,pooled_exact_combined_moe_oracle,384,1536,20,1,32,706.6875,739.0,400.8,939.0,0.9935273966236895,0.9646888033136564
matrix_free_joint_rank8_int4_per_row_hadamard,pooled_exact_combined_moe_oracle,384,1536,20,2,32,483.78125,549.0,299.3,612.7,0.9797440221762795,0.9238448493768492
matrix_free_joint_rank8_int4_per_row_hadamard,pooled_exact_combined_moe_oracle,384,1536,20,3,32,476.15625,495.0,360.9,585.0,0.9715640526240685,0.9408321522482161
matrix_free_joint_rank8_int4_per_row_hadamard,pooled_exact_combined_moe_oracle,384,1536,20,4,32,386.875,384.0,276.9,488.8,0.9477240653224192,0.8812136407936748
matrix_free_joint_rank8_int4_per_row_hadamard,pooled_exact_combined_moe_oracle,384,1536,20,5,32,307.21875,300.5,186.6,409.1,0.9321458269428542,0.8738906303481736
matrix_free_joint_rank8_int4_per_row_hadamard,pooled_exact_combined_moe_oracle,384,1536,20,6,32,278.625,267.0,156.1,384.0,0.9205787314740952,0.8309194664447844
matrix_free_joint_rank8_int4_per_row_hadamard,pooled_exact_combined_moe_oracle,384,1536,20,7,32,223.21875,206.0,117.4,352.80000000000007,0.8794010795933609,0.7868521327800412
matrix_free_joint_rank8_int4_per_row_hadamard,pooled_exact_combined_moe_oracle,384,1536,20,8,32,205.0,195.0,75.3,309.8,0.8768211030856916,0.7395770218621687
matrix_free_joint_rank8_int4_per_row_hadamard,pooled_exact_combined_moe_oracle,384,1536,39,1,32,592.21875,583.0,387.6,768.0,0.994997514763311,0.9723791562139128
matrix_free_joint_rank8_int4_per_row_hadamard,pooled_exact_combined_moe_oracle,384,1536,39,2,32,511.5,537.0,384.0,631.7,0.987369861071522,0.9713091728703548
matrix_free_joint_rank8_int4_per_row_hadamard,pooled_exact_combined_moe_oracle,384,1536,39,3,32,494.0,473.5,384.0,639.5,0.9863463599486146,0.9450003945607712
matrix_free_joint_rank8_int4_per_row_hadamard,pooled_exact_combined_moe_oracle,384,1536,39,4,32,412.3125,409.5,244.8,576.0,0.9716234085889885,0.9337283052528523
matrix_free_joint_rank8_int4_per_row_hadamard,pooled_exact_combined_moe_oracle,384,1536,39,5,32,329.65625,329.0,224.6,423.0000000000001,0.9507596366129187,0.8757627409763333
matrix_free_joint_rank8_int4_per_row_hadamard,pooled_exact_combined_moe_oracle,384,1536,39,6,32,291.0,271.5,184.9,396.6,0.9244084397933261,0.8067536359303206
matrix_free_joint_rank8_int4_per_row_hadamard,pooled_exact_combined_moe_oracle,384,1536,39,7,32,251.34375,253.5,137.5,382.50000000000006,0.9381530790681734,0.8525490863214816
matrix_free_joint_rank8_int4_per_row_hadamard,pooled_exact_combined_moe_oracle,384,1536,39,8,32,183.6875,172.0,81.0,319.1000000000001,0.8683932049585628,0.7625746776383199
matrix_free_joint_rank8_int4_per_row_hadamard,pooled_exact_combined_moe_oracle,576,1536,0,1,32,701.6875,644.0,496.2,956.4000000000001,0.9999575940873495,0.9993271727761909
matrix_free_joint_rank8_int4_per_row_hadamard,pooled_exact_combined_moe_oracle,576,1536,0,2,32,699.53125,679.0,491.4,923.8000000000001,0.9998819450339883,0.9994342858057595
matrix_free_joint_rank8_int4_per_row_hadamard,pooled_exact_combined_moe_oracle,576,1536,0,3,32,639.71875,627.5,512.0,765.1,0.9996156405841476,0.9984801175852316
matrix_free_joint_rank8_int4_per_row_hadamard,pooled_exact_combined_moe_oracle,576,1536,0,4,32,580.78125,592.0,430.5,683.0,0.9992178718878375,0.997894512326988
matrix_free_joint_rank8_int4_per_row_hadamard,pooled_exact_combined_moe_oracle,576,1536,0,5,32,539.0,554.5,403.2,666.4000000000001,0.9986398377026163,0.9964017820441704
matrix_free_joint_rank8_int4_per_row_hadamard,pooled_exact_combined_moe_oracle,576,1536,0,6,32,535.59375,517.0,385.4,724.3000000000001,0.9984069448571733,0.9937056939997356
matrix_free_joint_rank8_int4_per_row_hadamard,pooled_exact_combined_moe_oracle,576,1536,0,7,32,470.15625,459.5,290.2,576.0,0.9970702864470611,0.9873574395755609
matrix_free_joint_rank8_int4_per_row_hadamard,pooled_exact_combined_moe_oracle,576,1536,0,8,32,437.09375,415.0,299.3,623.8000000000001,0.994853246848592,0.9879078825905606
matrix_free_joint_rank8_int4_per_row_hadamard,pooled_exact_combined_moe_oracle,576,1536,4,1,32,947.71875,958.5,807.6,1071.4,0.9987368675609618,0.9966054616734823
matrix_free_joint_rank8_int4_per_row_hadamard,pooled_exact_combined_moe_oracle,576,1536,4,2,32,855.78125,854.5,749.0,989.9000000000001,0.9974282555477723,0.9914478692449701
matrix_free_joint_rank8_int4_per_row_hadamard,pooled_exact_combined_moe_oracle,576,1536,4,3,32,696.0625,729.0,576.0,768.0,0.9927115321886358,0.9850150749274338
matrix_free_joint_rank8_int4_per_row_hadamard,pooled_exact_combined_moe_oracle,576,1536,4,4,32,611.21875,576.0,504.0,747.0,0.9884045592122954,0.9717041730149205
matrix_free_joint_rank8_int4_per_row_hadamard,pooled_exact_combined_moe_oracle,576,1536,4,5,32,525.59375,571.5,374.1,617.3000000000001,0.9789710606988871,0.9319152719582715
matrix_free_joint_rank8_int4_per_row_hadamard,pooled_exact_combined_moe_oracle,576,1536,4,6,32,408.75,384.0,288.6,556.2,0.9651991410557005,0.9331959876660886
matrix_free_joint_rank8_int4_per_row_hadamard,pooled_exact_combined_moe_oracle,576,1536,4,7,32,326.71875,327.5,230.1,396.0,0.9276823641989931,0.8752991425344053
matrix_free_joint_rank8_int4_per_row_hadamard,pooled_exact_combined_moe_oracle,576,1536,4,8,32,230.15625,208.0,116.7,381.8,0.8926866550257035,0.7547900670900156
matrix_free_joint_rank8_int4_per_row_hadamard,pooled_exact_combined_moe_oracle,576,1536,20,1,32,885.375,904.5,749.0,1123.1000000000001,0.9978326233205821,0.9905012025983656
matrix_free_joint_rank8_int4_per_row_hadamard,pooled_exact_combined_moe_oracle,576,1536,20,2,32,666.65625,729.0,438.2,771.6,0.9918408473238749,0.9754637123212753
matrix_free_joint_rank8_int4_per_row_hadamard,pooled_exact_combined_moe_oracle,576,1536,20,3,32,671.15625,707.0,557.1,766.1,0.992813780109074,0.9687814627388588
matrix_free_joint_rank8_int4_per_row_hadamard,pooled_exact_combined_moe_oracle,576,1536,20,4,32,577.875,576.0,488.8,702.4000000000001,0.9852626215281675,0.9635696371298865
matrix_free_joint_rank8_int4_per_row_hadamard,pooled_exact_combined_moe_oracle,576,1536,20,5,32,530.9375,574.5,421.0,589.7,0.9737261504803029,0.9591707562013536
matrix_free_joint_rank8_int4_per_row_hadamard,pooled_exact_combined_moe_oracle,576,1536,20,6,32,466.25,482.5,341.4,576.0,0.9706879541655794,0.9266648277816786
matrix_free_joint_rank8_int4_per_row_hadamard,pooled_exact_combined_moe_oracle,576,1536,20,7,32,427.5,421.5,327.8,555.7,0.9630219088418803,0.9273659779300211
matrix_free_joint_rank8_int4_per_row_hadamard,pooled_exact_combined_moe_oracle,576,1536,20,8,32,377.59375,384.0,324.3,456.8,0.9426813236304847,0.921519915424586
matrix_free_joint_rank8_int4_per_row_hadamard,pooled_exact_combined_moe_oracle,576,1536,39,1,32,796.625,749.0,583.1,1014.8000000000001,0.9985555754818483,0.9891707706296125
matrix_free_joint_rank8_int4_per_row_hadamard,pooled_exact_combined_moe_oracle,576,1536,39,2,32,712.71875,735.0,576.0,889.2,0.9957208405399725,0.9906136902241038
matrix_free_joint_rank8_int4_per_row_hadamard,pooled_exact_combined_moe_oracle,576,1536,39,3,32,660.03125,651.0,497.40000000000003,766.1,0.9941951296268527,0.9817277063544809
matrix_free_joint_rank8_int4_per_row_hadamard,pooled_exact_combined_moe_oracle,576,1536,39,4,32,602.34375,599.5,401.3,766.1,0.9874960866667661,0.9777704097734851
matrix_free_joint_rank8_int4_per_row_hadamard,pooled_exact_combined_moe_oracle,576,1536,39,5,32,530.03125,519.0,410.0,630.4,0.9852267154037042,0.9433509886510157
matrix_free_joint_rank8_int4_per_row_hadamard,pooled_exact_combined_moe_oracle,576,1536,39,6,32,496.34375,480.0,381.3,645.9,0.9710890960247249,0.9348156106113721
matrix_free_joint_rank8_int4_per_row_hadamard,pooled_exact_combined_moe_oracle,576,1536,39,7,32,437.78125,457.5,284.1,576.0,0.9730009884217711,0.9152793578036159
matrix_free_joint_rank8_int4_per_row_hadamard,pooled_exact_combined_moe_oracle,576,1536,39,8,32,365.78125,381.0,254.7,468.40000000000003,0.9421313571715527,0.8932706140327648
matrix_free_joint_rank8_int4_per_row_hadamard,pooled_exact_combined_moe_oracle,749,1536,0,1,32,819.40625,748.5,600.7,1147.9,0.9999982318547669,0.9999568179262309
matrix_free_joint_rank8_int4_per_row_hadamard,pooled_exact_combined_moe_oracle,749,1536,0,2,32,830.625,768.0,583.8,1146.3000000000002,0.9999937755730379,0.9999367172973113
matrix_free_joint_rank8_int4_per_row_hadamard,pooled_exact_combined_moe_oracle,749,1536,0,3,32,794.71875,787.0,592.5,978.2,0.9999856203128075,0.9998575753745407
matrix_free_joint_rank8_int4_per_row_hadamard,pooled_exact_combined_moe_oracle,749,1536,0,4,32,746.0,748.0,607.4,909.9,0.9999655709489552,0.9998155898532168
matrix_free_joint_rank8_int4_per_row_hadamard,pooled_exact_combined_moe_oracle,749,1536,0,5,32,720.25,724.5,556.2,919.1,0.9999451521855424,0.9994745256184517
matrix_free_joint_rank8_int4_per_row_hadamard,pooled_exact_combined_moe_oracle,749,1536,0,6,32,727.9375,739.0,545.8,931.5000000000001,0.9998655476494469,0.9996627720046444
matrix_free_joint_rank8_int4_per_row_hadamard,pooled_exact_combined_moe_oracle,749,1536,0,7,32,680.6875,676.5,498.1,852.9,0.9998224693837181,0.9986683009363794
matrix_free_joint_rank8_int4_per_row_hadamard,pooled_exact_combined_moe_oracle,749,1536,0,8,32,670.5,628.0,502.2,946.8000000000001,0.9997061365602833,0.9988791063439748
matrix_free_joint_rank8_int4_per_row_hadamard,pooled_exact_combined_moe_oracle,749,1536,4,1,32,1083.375,1092.0,975.5,1152.0,0.9996346658055904,0.9988047998049755
matrix_free_joint_rank8_int4_per_row_hadamard,pooled_exact_combined_moe_oracle,749,1536,4,2,32,1008.3125,1000.0,917.9,1125.5,0.9991827224769858,0.9977407435144331
matrix_free_joint_rank8_int4_per_row_hadamard,pooled_exact_combined_moe_oracle,749,1536,4,3,32,870.875,875.0,750.9,1020.1,0.9975758645748773,0.9943243178769136
matrix_free_joint_rank8_int4_per_row_hadamard,pooled_exact_combined_moe_oracle,749,1536,4,4,32,766.15625,768.0,660.3,872.0,0.9953786861997158,0.9875883646035464
matrix_free_joint_rank8_int4_per_row_hadamard,pooled_exact_combined_moe_oracle,749,1536,4,5,32,716.65625,729.0,611.6,769.8,0.9930418665975502,0.9826525253472911
matrix_free_joint_rank8_int4_per_row_hadamard,pooled_exact_combined_moe_oracle,749,1536,4,6,32,604.34375,576.0,463.1,766.9,0.986587820469856,0.9720270655515324
matrix_free_joint_rank8_int4_per_row_hadamard,pooled_exact_combined_moe_oracle,749,1536,4,7,32,505.8125,497.5,395.6,605.3000000000001,0.9718813862389755,0.9385409474452951
matrix_free_joint_rank8_int4_per_row_hadamard,pooled_exact_combined_moe_oracle,749,1536,4,8,32,429.375,392.5,290.1,575.1,0.9660956775604059,0.9149618179940441
matrix_free_joint_rank8_int4_per_row_hadamard,pooled_exact_combined_moe_oracle,749,1536,20,1,32,1012.71875,1057.0,850.8,1151.8,0.9991319652675008,0.9964657741255134
matrix_free_joint_rank8_int4_per_row_hadamard,pooled_exact_combined_moe_oracle,749,1536,20,2,32,845.53125,884.0,730.9,974.2,0.9977336917190075,0.9930189097433161
matrix_free_joint_rank8_int4_per_row_hadamard,pooled_exact_combined_moe_oracle,749,1536,20,3,32,837.9375,824.5,731.0,947.9,0.9972227052200675,0.9899923477811918
matrix_free_joint_rank8_int4_per_row_hadamard,pooled_exact_combined_moe_oracle,749,1536,20,4,32,755.0,749.0,675.9,872.0,0.9936255282651076,0.9870171432746881
matrix_free_joint_rank8_int4_per_row_hadamard,pooled_exact_combined_moe_oracle,749,1536,20,5,32,706.0,735.0,576.0,768.0,0.9915473006193929,0.9825415243082251
matrix_free_joint_rank8_int4_per_row_hadamard,pooled_exact_combined_moe_oracle,749,1536,20,6,32,655.03125,686.0,562.5,749.0,0.9875580510216215,0.9773496001709863
matrix_free_joint_rank8_int4_per_row_hadamard,pooled_exact_combined_moe_oracle,749,1536,20,7,32,613.125,594.0,529.9,747.0,0.9858400178252008,0.9703075863461145
matrix_free_joint_rank8_int4_per_row_hadamard,pooled_exact_combined_moe_oracle,749,1536,20,8,32,561.96875,576.0,475.2,658.7,0.9789353701617141,0.9656080644474855
matrix_free_joint_rank8_int4_per_row_hadamard,pooled_exact_combined_moe_oracle,749,1536,39,1,32,941.875,934.5,770.0,1121.0,0.9994636641860317,0.9967605979176799
matrix_free_joint_rank8_int4_per_row_hadamard,pooled_exact_combined_moe_oracle,749,1536,39,2,32,882.65625,887.0,768.0,1004.6,0.9987048055169279,0.9950648624058939
matrix_free_joint_rank8_int4_per_row_hadamard,pooled_exact_combined_moe_oracle,749,1536,39,3,32,825.78125,811.0,729.0,993.4000000000001,0.9975788972027132,0.992679742952479
matrix_free_joint_rank8_int4_per_row_hadamard,pooled_exact_combined_moe_oracle,749,1536,39,4,32,775.375,759.0,667.1,899.9,0.9953570140860803,0.9930452417298605
matrix_free_joint_rank8_int4_per_row_hadamard,pooled_exact_combined_moe_oracle,749,1536,39,5,32,705.40625,729.0,576.2,768.0,0.9944753170824447,0.9821449070338266
matrix_free_joint_rank8_int4_per_row_hadamard,pooled_exact_combined_moe_oracle,749,1536,39,6,32,676.1875,666.0,576.0,784.8000000000001,0.9883882354981383,0.9724447076051849
matrix_free_joint_rank8_int4_per_row_hadamard,pooled_exact_combined_moe_oracle,749,1536,39,7,32,629.71875,615.0,489.9,768.0,0.988647449051993,0.9723717228899597
matrix_free_joint_rank8_int4_per_row_hadamard,pooled_exact_combined_moe_oracle,749,1536,39,8,32,549.5,572.0,433.4,616.8000000000001,0.9817709737252938,0.9554879701720757
matrix_free_joint_rank8_int4_per_row_hadamard,pooled_exact_combined_moe_oracle,768,1536,0,1,32,840.5625,758.5,602.7,1150.0,0.9999988940958939,0.9999648094247388
matrix_free_joint_rank8_int4_per_row_hadamard,pooled_exact_combined_moe_oracle,768,1536,0,2,32,838.96875,789.0,590.3,1146.3000000000002,0.9999960342821864,0.9999367172973113
matrix_free_joint_rank8_int4_per_row_hadamard,pooled_exact_combined_moe_oracle,768,1536,0,3,32,804.9375,808.5,622.3,972.5,0.9999877930039504,0.999933839392455
matrix_free_joint_rank8_int4_per_row_hadamard,pooled_exact_combined_moe_oracle,768,1536,0,4,32,764.75,768.0,638.6,923.6,0.9999764655332517,0.9998897932288194
matrix_free_joint_rank8_int4_per_row_hadamard,pooled_exact_combined_moe_oracle,768,1536,0,5,32,734.3125,728.0,568.0,939.1,0.9999414803604307,0.9996093909590982
matrix_free_joint_rank8_int4_per_row_hadamard,pooled_exact_combined_moe_oracle,768,1536,0,6,32,753.90625,748.5,574.2,956.0,0.999949936973805,0.9995828500281547
matrix_free_joint_rank8_int4_per_row_hadamard,pooled_exact_combined_moe_oracle,768,1536,0,7,32,707.8125,700.5,499.1,947.0000000000001,0.9998351116663702,0.9992539663449593
matrix_free_joint_rank8_int4_per_row_hadamard,pooled_exact_combined_moe_oracle,768,1536,0,8,32,695.46875,656.0,503.2,951.0,0.9998258637290697,0.9989521314507275
matrix_free_joint_rank8_int4_per_row_hadamard,pooled_exact_combined_moe_oracle,768,1536,4,1,32,1098.71875,1122.5,975.5,1180.4,0.9996758848210878,0.9989203633695074
matrix_free_joint_rank8_int4_per_row_hadamard,pooled_exact_combined_moe_oracle,768,1536,4,2,32,1016.5625,1012.0,927.8,1136.8,0.9992289400842117,0.9977745892157628
matrix_free_joint_rank8_int4_per_row_hadamard,pooled_exact_combined_moe_oracle,768,1536,4,3,32,885.40625,884.0,768.0,1034.5,0.9977556304337514,0.9943243178769136
matrix_free_joint_rank8_int4_per_row_hadamard,pooled_exact_combined_moe_oracle,768,1536,4,4,32,801.3125,768.0,731.0,911.6,0.9962569096879735,0.991606752228811
matrix_free_joint_rank8_int4_per_row_hadamard,pooled_exact_combined_moe_oracle,768,1536,4,5,32,718.15625,719.5,621.0,793.8000000000001,0.9926544737407089,0.985196346728633
matrix_free_joint_rank8_int4_per_row_hadamard,pooled_exact_combined_moe_oracle,768,1536,4,6,32,643.0625,647.0,530.6,766.9,0.9882488313671924,0.9743243013911829
matrix_free_joint_rank8_int4_per_row_hadamard,pooled_exact_combined_moe_oracle,768,1536,4,7,32,527.125,524.0,404.6,608.7,0.9748567985944072,0.9379580003532504
matrix_free_joint_rank8_int4_per_row_hadamard,pooled_exact_combined_moe_oracle,768,1536,4,8,32,449.84375,436.0,352.5,576.0,0.9706731480292197,0.9167133239942342
matrix_free_joint_rank8_int4_per_row_hadamard,pooled_exact_combined_moe_oracle,768,1536,20,1,32,1040.84375,1069.5,924.8,1177.2,0.9994303885095446,0.9969679803244222
matrix_free_joint_rank8_int4_per_row_hadamard,pooled_exact_combined_moe_oracle,768,1536,20,2,32,865.46875,887.5,730.0,973.0000000000001,0.9981537971257262,0.9930719431415487
matrix_free_joint_rank8_int4_per_row_hadamard,pooled_exact_combined_moe_oracle,768,1536,20,3,32,858.46875,867.5,768.0,969.6,0.9972784380666926,0.9901974616492518
matrix_free_joint_rank8_int4_per_row_hadamard,pooled_exact_combined_moe_oracle,768,1536,20,4,32,767.4375,768.0,709.0,873.9,0.9941202026451995,0.9862874199598572
matrix_free_joint_rank8_int4_per_row_hadamard,pooled_exact_combined_moe_oracle,768,1536,20,5,32,723.3125,749.0,631.1,769.8,0.9917062393557875,0.9862486269692867
matrix_free_joint_rank8_int4_per_row_hadamard,pooled_exact_combined_moe_oracle,768,1536,20,6,32,676.4375,710.0,576.0,766.4000000000001,0.9886430074412074,0.9779099261195234
matrix_free_joint_rank8_int4_per_row_hadamard,pooled_exact_combined_moe_oracle,768,1536,20,7,32,619.59375,599.5,529.9,747.0,0.9860055064258659,0.9703474683803816
matrix_free_joint_rank8_int4_per_row_hadamard,pooled_exact_combined_moe_oracle,768,1536,20,8,32,588.34375,576.0,485.1,714.8000000000001,0.9826570128902047,0.966891988831576
matrix_free_joint_rank8_int4_per_row_hadamard,pooled_exact_combined_moe_oracle,768,1536,39,1,32,946.0625,963.0,769.5,1146.9,0.9995347523616968,0.9953712579560485
matrix_free_joint_rank8_int4_per_row_hadamard,pooled_exact_combined_moe_oracle,768,1536,39,2,32,881.34375,887.0,768.0,1014.0,0.9987539493196758,0.9950655693424841
matrix_free_joint_rank8_int4_per_row_hadamard,pooled_exact_combined_moe_oracle,768,1536,39,3,32,838.90625,824.5,749.0,993.4000000000001,0.9977432523606712,0.9930740155367004
matrix_free_joint_rank8_int4_per_row_hadamard,pooled_exact_combined_moe_oracle,768,1536,39,4,32,794.0,764.5,686.5,929.8,0.9957429462590469,0.9930505997062334
matrix_free_joint_rank8_int4_per_row_hadamard,pooled_exact_combined_moe_oracle,768,1536,39,5,32,730.0625,747.5,642.1,798.9000000000001,0.9949597247452902,0.985902710638987
matrix_free_joint_rank8_int4_per_row_hadamard,pooled_exact_combined_moe_oracle,768,1536,39,6,32,712.90625,739.0,580.9,797.4,0.9921892165217492,0.984762639082086
matrix_free_joint_rank8_int4_per_row_hadamard,pooled_exact_combined_moe_oracle,768,1536,39,7,32,655.75,675.5,497.7,762.5,0.9907297678297537,0.984153993423094
matrix_free_joint_rank8_int4_per_row_hadamard,pooled_exact_combined_moe_oracle,768,1536,39,8,32,578.46875,576.0,432.5,723.8000000000001,0.986325582889424,0.9620301747719816
matrix_free_joint_rank8_int4_per_row_hadamard,pooled_router_square_column_generated,384,768,0,1,32,564.0,531.5,401.6,768.0,0.9991509240695113,0.996580015974898
matrix_free_joint_rank8_int4_per_row_hadamard,pooled_router_square_column_generated,384,768,0,2,32,519.4375,499.0,374.1,747.0,0.9985526870234813,0.9933996158528636
matrix_free_joint_rank8_int4_per_row_hadamard,pooled_router_square_column_generated,384,768,0,3,32,454.84375,443.0,362.2,570.4000000000001,0.9970795919832488,0.9904531825946692
matrix_free_joint_rank8_int4_per_row_hadamard,pooled_router_square_column_generated,384,768,0,4,32,394.59375,386.5,293.6,456.7,0.9938488598382955,0.9875482623718167
matrix_free_joint_rank8_int4_per_row_hadamard,pooled_router_square_column_generated,384,768,0,5,32,337.28125,328.0,237.4,452.70000000000005,0.9866032864605658,0.9710022280526118
matrix_free_joint_rank8_int4_per_row_hadamard,pooled_router_square_column_generated,384,768,0,6,32,331.84375,351.0,220.3,448.50000000000006,0.984874553873871,0.9680465347879849
matrix_free_joint_rank8_int4_per_row_hadamard,pooled_router_square_column_generated,384,768,0,7,32,254.25,254.5,150.0,361.50000000000006,0.9757953953415347,0.9259128927727232
matrix_free_joint_rank8_int4_per_row_hadamard,pooled_router_square_column_generated,384,768,0,8,32,214.59375,201.0,115.4,352.8,0.9657686898559608,0.9380499501997934
matrix_free_joint_rank8_int4_per_row_hadamard,pooled_router_square_column_generated,384,768,4,1,32,715.875,759.5,580.2,768.0,0.9944778444403647,0.9877260426850715
matrix_free_joint_rank8_int4_per_row_hadamard,pooled_router_square_column_generated,384,768,4,2,32,648.28125,642.0,567.0,762.6,0.9914003263139843,0.9766828950087488
matrix_free_joint_rank8_int4_per_row_hadamard,pooled_router_square_column_generated,384,768,4,3,32,516.4375,515.0,384.2,629.1000000000001,0.9816979594504833,0.9572614573383159
matrix_free_joint_rank8_int4_per_row_hadamard,pooled_router_square_column_generated,384,768,4,4,32,389.375,384.0,311.6,476.0,0.9686345756825778,0.9323258359832055
matrix_free_joint_rank8_int4_per_row_hadamard,pooled_router_square_column_generated,384,768,4,5,32,308.8125,299.0,221.2,384.0,0.9364639498299703,0.8728621821348663
matrix_free_joint_rank8_int4_per_row_hadamard,pooled_router_square_column_generated,384,768,4,6,32,237.6875,240.5,126.0,378.8,0.9131869087132869,0.8002459322571779
matrix_free_joint_rank8_int4_per_row_hadamard,pooled_router_square_column_generated,384,768,4,7,32,148.25,134.0,78.6,214.8,0.8339327776184052,0.6576798906554513
matrix_free_joint_rank8_int4_per_row_hadamard,pooled_router_square_column_generated,384,768,4,8,32,104.875,92.0,43.2,169.3,0.7743610545948478,0.6382810681043132
matrix_free_joint_rank8_int4_per_row_hadamard,pooled_router_square_column_generated,384,768,20,1,32,674.59375,749.0,519.1,768.0,0.9920658381179692,0.9739418847817267
matrix_free_joint_rank8_int4_per_row_hadamard,pooled_router_square_column_generated,384,768,20,2,32,488.0625,550.0,299.3,612.0000000000001,0.9813643313897183,0.9350616771049968
matrix_free_joint_rank8_int4_per_row_hadamard,pooled_router_square_column_generated,384,768,20,3,32,481.0625,490.0,362.7,600.4,0.9731120450636458,0.9359167062475289
matrix_free_joint_rank8_int4_per_row_hadamard,pooled_router_square_column_generated,384,768,20,4,32,385.8125,384.0,274.2,537.1,0.9450433287301518,0.8979697010928919
matrix_free_joint_rank8_int4_per_row_hadamard,pooled_router_square_column_generated,384,768,20,5,32,323.71875,313.0,265.0,397.7,0.9371745918108235,0.880795904473935
matrix_free_joint_rank8_int4_per_row_hadamard,pooled_router_square_column_generated,384,768,20,6,32,273.15625,271.5,143.5,384.0,0.8961861835617196,0.8370485427285764
matrix_free_joint_rank8_int4_per_row_hadamard,pooled_router_square_column_generated,384,768,20,7,32,243.0625,251.0,155.1,352.80000000000007,0.8982972386949977,0.795012006499503
matrix_free_joint_rank8_int4_per_row_hadamard,pooled_router_square_column_generated,384,768,20,8,32,199.75,187.0,108.6,306.9000000000001,0.8676026846238443,0.7704117964333919
matrix_free_joint_rank8_int4_per_row_hadamard,pooled_router_square_column_generated,384,768,39,1,32,587.5625,583.0,387.6,768.0,0.9956001518083928,0.9647664506486039
matrix_free_joint_rank8_int4_per_row_hadamard,pooled_router_square_column_generated,384,768,39,2,32,534.25,537.0,434.6,680.1,0.9899346746415727,0.9721497863950613
matrix_free_joint_rank8_int4_per_row_hadamard,pooled_router_square_column_generated,384,768,39,3,32,483.09375,461.5,384.0,639.5,0.9855235292785568,0.9482591909744612
matrix_free_joint_rank8_int4_per_row_hadamard,pooled_router_square_column_generated,384,768,39,4,32,409.96875,411.0,243.9,542.4000000000001,0.9663430396026201,0.9419534100787832
matrix_free_joint_rank8_int4_per_row_hadamard,pooled_router_square_column_generated,384,768,39,5,32,338.09375,338.5,233.4,431.6,0.9577470666194825,0.8785391781641528
matrix_free_joint_rank8_int4_per_row_hadamard,pooled_router_square_column_generated,384,768,39,6,32,291.75,282.0,159.7,408.0,0.9317342188340815,0.8128610510320888
matrix_free_joint_rank8_int4_per_row_hadamard,pooled_router_square_column_generated,384,768,39,7,32,239.75,235.0,142.8,368.8,0.9388938077214201,0.7843609043863217
matrix_free_joint_rank8_int4_per_row_hadamard,pooled_router_square_column_generated,384,768,39,8,32,184.25,194.5,94.5,283.00000000000006,0.8803018279858541,0.7339814260209792
matrix_free_joint_rank8_int4_per_row_hadamard,pooled_router_square_column_generated,384,1152,0,1,32,572.75,531.5,392.0,796.3000000000001,0.9992840690159295,0.9964128521874949
matrix_free_joint_rank8_int4_per_row_hadamard,pooled_router_square_column_generated,384,1152,0,2,32,524.5,499.0,374.1,747.0,0.9987251559935701,0.9933996158528636
matrix_free_joint_rank8_int4_per_row_hadamard,pooled_router_square_column_generated,384,1152,0,3,32,453.3125,441.0,362.2,570.4000000000001,0.9968097759532841,0.9904531825946692
matrix_free_joint_rank8_int4_per_row_hadamard,pooled_router_square_column_generated,384,1152,0,4,32,393.28125,386.5,289.3,456.7,0.9940700371621,0.9875482623718167
matrix_free_joint_rank8_int4_per_row_hadamard,pooled_router_square_column_generated,384,1152,0,5,32,336.28125,337.0,222.6,452.70000000000005,0.9855519304684985,0.9710022280526118
matrix_free_joint_rank8_int4_per_row_hadamard,pooled_router_square_column_generated,384,1152,0,6,32,326.625,322.0,223.2,448.50000000000006,0.9841455465834431,0.9579089112411814
matrix_free_joint_rank8_int4_per_row_hadamard,pooled_router_square_column_generated,384,1152,0,7,32,249.3125,252.0,150.0,357.7000000000001,0.9757953953415347,0.9259128927727232
matrix_free_joint_rank8_int4_per_row_hadamard,pooled_router_square_column_generated,384,1152,0,8,32,214.96875,204.0,115.4,352.8,0.9653842808758584,0.9380499501997934
matrix_free_joint_rank8_int4_per_row_hadamard,pooled_router_square_column_generated,384,1152,4,1,32,766.28125,764.5,619.8,935.3000000000001,0.9957088445587665,0.990114705180961
matrix_free_joint_rank8_int4_per_row_hadamard,pooled_router_square_column_generated,384,1152,4,2,32,646.3125,625.5,567.0,786.0,0.9914108306699567,0.9766828950087488
matrix_free_joint_rank8_int4_per_row_hadamard,pooled_router_square_column_generated,384,1152,4,3,32,504.1875,494.0,384.2,584.1,0.9804746024693867,0.9572614573383159
matrix_free_joint_rank8_int4_per_row_hadamard,pooled_router_square_column_generated,384,1152,4,4,32,387.4375,384.0,303.0,476.9,0.9698351750322822,0.9260183831175032
matrix_free_joint_rank8_int4_per_row_hadamard,pooled_router_square_column_generated,384,1152,4,5,32,293.90625,291.5,176.2,384.0,0.9364639498299703,0.8339224581466604
matrix_free_joint_rank8_int4_per_row_hadamard,pooled_router_square_column_generated,384,1152,4,6,32,226.625,218.5,125.9,373.80000000000007,0.9134504853025607,0.7933969153167643
matrix_free_joint_rank8_int4_per_row_hadamard,pooled_router_square_column_generated,384,1152,4,7,32,142.5,122.0,74.4,214.8,0.8282317715827556,0.6494557411203072
matrix_free_joint_rank8_int4_per_row_hadamard,pooled_router_square_column_generated,384,1152,4,8,32,102.875,92.0,43.8,169.3,0.7871368165444397,0.6382810681043132
matrix_free_joint_rank8_int4_per_row_hadamard,pooled_router_square_column_generated,384,1152,20,1,32,719.65625,749.0,519.1,939.0,0.9930976738027484,0.9739418847817267
matrix_free_joint_rank8_int4_per_row_hadamard,pooled_router_square_column_generated,384,1152,20,2,32,486.1875,550.0,299.3,612.8000000000001,0.9813643313897183,0.9287015374300254
matrix_free_joint_rank8_int4_per_row_hadamard,pooled_router_square_column_generated,384,1152,20,3,32,476.5625,490.0,362.7,600.5,0.9706938782970727,0.9359167062475289
matrix_free_joint_rank8_int4_per_row_hadamard,pooled_router_square_column_generated,384,1152,20,4,32,385.96875,384.0,273.3,517.9000000000001,0.9456083320852009,0.8970379152860257
matrix_free_joint_rank8_int4_per_row_hadamard,pooled_router_square_column_generated,384,1152,20,5,32,306.59375,300.5,197.0,397.7,0.9329823799118561,0.8786693095460214
matrix_free_joint_rank8_int4_per_row_hadamard,pooled_router_square_column_generated,384,1152,20,6,32,273.0,271.5,143.5,384.0,0.8961861835617196,0.8370485427285764
matrix_free_joint_rank8_int4_per_row_hadamard,pooled_router_square_column_generated,384,1152,20,7,32,225.15625,214.5,124.3,301.1,0.8863553458405057,0.795012006499503
matrix_free_joint_rank8_int4_per_row_hadamard,pooled_router_square_column_generated,384,1152,20,8,32,195.125,187.5,89.6,278.9,0.8676026846238443,0.7394749826972389
matrix_free_joint_rank8_int4_per_row_hadamard,pooled_router_square_column_generated,384,1152,39,1,32,597.0625,583.0,387.6,783.3000000000001,0.9956001518083928,0.9647664506486039
matrix_free_joint_rank8_int4_per_row_hadamard,pooled_router_square_column_generated,384,1152,39,2,32,535.1875,518.0,434.6,680.1,0.9899346746415727,0.9721497863950613
matrix_free_joint_rank8_int4_per_row_hadamard,pooled_router_square_column_generated,384,1152,39,3,32,478.90625,461.5,327.0,639.5,0.9855235292785568,0.9435933073517633
matrix_free_joint_rank8_int4_per_row_hadamard,pooled_router_square_column_generated,384,1152,39,4,32,409.53125,411.0,243.9,542.4000000000001,0.9663430396026201,0.9419534100787832
matrix_free_joint_rank8_int4_per_row_hadamard,pooled_router_square_column_generated,384,1152,39,5,32,331.96875,315.0,209.3,431.6,0.9577470666194825,0.8785391781641528
matrix_free_joint_rank8_int4_per_row_hadamard,pooled_router_square_column_generated,384,1152,39,6,32,288.5,282.0,145.3,408.0,0.9312144364365799,0.811742794684572
matrix_free_joint_rank8_int4_per_row_hadamard,pooled_router_square_column_generated,384,1152,39,7,32,242.4375,245.0,137.5,368.8,0.9388938077214201,0.8566474432053807
matrix_free_joint_rank8_int4_per_row_hadamard,pooled_router_square_column_generated,384,1152,39,8,32,185.1875,194.5,94.5,283.00000000000006,0.8803018279858541,0.7339814260209792
matrix_free_joint_rank8_int4_per_row_hadamard,pooled_router_square_column_generated,384,1536,0,1,32,572.75,531.5,392.0,796.3000000000001,0.9992840690159295,0.9964128521874949
matrix_free_joint_rank8_int4_per_row_hadamard,pooled_router_square_column_generated,384,1536,0,2,32,524.5,499.0,374.1,747.0,0.9987251559935701,0.9933996158528636
matrix_free_joint_rank8_int4_per_row_hadamard,pooled_router_square_column_generated,384,1536,0,3,32,453.3125,441.0,362.2,570.4000000000001,0.9968097759532841,0.9904531825946692
matrix_free_joint_rank8_int4_per_row_hadamard,pooled_router_square_column_generated,384,1536,0,4,32,393.28125,386.5,289.3,456.7,0.9940700371621,0.9875482623718167
matrix_free_joint_rank8_int4_per_row_hadamard,pooled_router_square_column_generated,384,1536,0,5,32,336.28125,337.0,222.6,452.70000000000005,0.9855519304684985,0.9710022280526118
matrix_free_joint_rank8_int4_per_row_hadamard,pooled_router_square_column_generated,384,1536,0,6,32,326.625,322.0,223.2,448.50000000000006,0.9841455465834431,0.9579089112411814
matrix_free_joint_rank8_int4_per_row_hadamard,pooled_router_square_column_generated,384,1536,0,7,32,249.3125,252.0,150.0,357.7000000000001,0.9757953953415347,0.9259128927727232
matrix_free_joint_rank8_int4_per_row_hadamard,pooled_router_square_column_generated,384,1536,0,8,32,214.96875,204.0,115.4,352.8,0.9653842808758584,0.9380499501997934
matrix_free_joint_rank8_int4_per_row_hadamard,pooled_router_square_column_generated,384,1536,4,1,32,765.09375,764.5,619.8,935.3000000000001,0.9957088445587665,0.990114705180961
matrix_free_joint_rank8_int4_per_row_hadamard,pooled_router_square_column_generated,384,1536,4,2,32,646.3125,625.5,567.0,786.0,0.9914108306699567,0.9766828950087488
matrix_free_joint_rank8_int4_per_row_hadamard,pooled_router_square_column_generated,384,1536,4,3,32,504.1875,494.0,384.2,584.1,0.9804746024693867,0.9572614573383159
matrix_free_joint_rank8_int4_per_row_hadamard,pooled_router_square_column_generated,384,1536,4,4,32,387.4375,384.0,303.0,476.9,0.9698351750322822,0.9260183831175032
matrix_free_joint_rank8_int4_per_row_hadamard,pooled_router_square_column_generated,384,1536,4,5,32,293.90625,291.5,176.2,384.0,0.9364639498299703,0.8339224581466604
matrix_free_joint_rank8_int4_per_row_hadamard,pooled_router_square_column_generated,384,1536,4,6,32,226.625,218.5,125.9,373.80000000000007,0.9134504853025607,0.7933969153167643
matrix_free_joint_rank8_int4_per_row_hadamard,pooled_router_square_column_generated,384,1536,4,7,32,143.65625,122.0,78.6,214.8,0.8282317715827556,0.6555093969806929
matrix_free_joint_rank8_int4_per_row_hadamard,pooled_router_square_column_generated,384,1536,4,8,32,102.875,92.0,43.8,169.3,0.7871368165444397,0.6382810681043132
matrix_free_joint_rank8_int4_per_row_hadamard,pooled_router_square_column_generated,384,1536,20,1,32,719.65625,749.0,519.1,939.0,0.9930976738027484,0.9739418847817267
matrix_free_joint_rank8_int4_per_row_hadamard,pooled_router_square_column_generated,384,1536,20,2,32,486.1875,550.0,299.3,612.8000000000001,0.9813643313897183,0.9287015374300254
matrix_free_joint_rank8_int4_per_row_hadamard,pooled_router_square_column_generated,384,1536,20,3,32,476.5625,490.0,362.7,600.5,0.9706938782970727,0.9359167062475289
matrix_free_joint_rank8_int4_per_row_hadamard,pooled_router_square_column_generated,384,1536,20,4,32,385.96875,384.0,273.3,517.9000000000001,0.9456083320852009,0.8970379152860257
matrix_free_joint_rank8_int4_per_row_hadamard,pooled_router_square_column_generated,384,1536,20,5,32,306.59375,300.5,197.0,397.7,0.9329823799118561,0.8786693095460214
matrix_free_joint_rank8_int4_per_row_hadamard,pooled_router_square_column_generated,384,1536,20,6,32,273.0,271.5,143.5,384.0,0.8961861835617196,0.8370485427285764
matrix_free_joint_rank8_int4_per_row_hadamard,pooled_router_square_column_generated,384,1536,20,7,32,225.15625,214.5,124.3,301.1,0.8863553458405057,0.795012006499503
matrix_free_joint_rank8_int4_per_row_hadamard,pooled_router_square_column_generated,384,1536,20,8,32,195.125,187.5,89.6,278.9,0.8676026846238443,0.7394749826972389
matrix_free_joint_rank8_int4_per_row_hadamard,pooled_router_square_column_generated,384,1536,39,1,32,597.0625,583.0,387.6,783.3000000000001,0.9956001518083928,0.9647664506486039
matrix_free_joint_rank8_int4_per_row_hadamard,pooled_router_square_column_generated,384,1536,39,2,32,535.1875,518.0,434.6,680.1,0.9899346746415727,0.9721497863950613
matrix_free_joint_rank8_int4_per_row_hadamard,pooled_router_square_column_generated,384,1536,39,3,32,478.90625,461.5,327.0,639.5,0.9855235292785568,0.9435933073517633
matrix_free_joint_rank8_int4_per_row_hadamard,pooled_router_square_column_generated,384,1536,39,4,32,409.53125,411.0,243.9,542.4000000000001,0.9663430396026201,0.9419534100787832
matrix_free_joint_rank8_int4_per_row_hadamard,pooled_router_square_column_generated,384,1536,39,5,32,331.96875,315.0,209.3,431.6,0.9577470666194825,0.8785391781641528
matrix_free_joint_rank8_int4_per_row_hadamard,pooled_router_square_column_generated,384,1536,39,6,32,288.5,282.0,145.3,408.0,0.9312144364365799,0.811742794684572
matrix_free_joint_rank8_int4_per_row_hadamard,pooled_router_square_column_generated,384,1536,39,7,32,242.4375,245.0,137.5,368.8,0.9388938077214201,0.8566474432053807
matrix_free_joint_rank8_int4_per_row_hadamard,pooled_router_square_column_generated,384,1536,39,8,32,185.1875,194.5,94.5,283.00000000000006,0.8803018279858541,0.7339814260209792
matrix_free_joint_rank8_int4_per_row_hadamard,pooled_router_square_column_generated,576,768,0,1,32,659.8125,651.0,518.0,768.0,0.9998686717336812,0.9995615985641053
matrix_free_joint_rank8_int4_per_row_hadamard,pooled_router_square_column_generated,576,768,0,2,32,656.90625,679.0,476.9,768.0,0.9997484482455707,0.9985421094853001
matrix_free_joint_rank8_int4_per_row_hadamard,pooled_router_square_column_generated,576,768,0,3,32,650.625,652.0,512.0,768.0,0.9997062381858539,0.9988885888553531
matrix_free_joint_rank8_int4_per_row_hadamard,pooled_router_square_column_generated,576,768,0,4,32,596.59375,616.5,484.3,729.0,0.9994881923622759,0.9982338311639813
matrix_free_joint_rank8_int4_per_row_hadamard,pooled_router_square_column_generated,576,768,0,5,32,552.5625,539.0,423.1,683.3000000000001,0.9988189040545504,0.9969390049708967
matrix_free_joint_rank8_int4_per_row_hadamard,pooled_router_square_column_generated,576,768,0,6,32,551.0625,561.0,410.0,727.8000000000001,0.9986292486922683,0.9964601462678261
matrix_free_joint_rank8_int4_per_row_hadamard,pooled_router_square_column_generated,576,768,0,7,32,482.59375,480.0,339.7,627.3000000000001,0.9975157234043532,0.990636395924649
matrix_free_joint_rank8_int4_per_row_hadamard,pooled_router_square_column_generated,576,768,0,8,32,456.4375,434.0,336.5,645.0,0.9967530042562196,0.991100016344606
matrix_free_joint_rank8_int4_per_row_hadamard,pooled_router_square_column_generated,576,768,4,1,32,765.5625,768.0,761.7,768.0,0.9960870716868961,0.992157137857147
matrix_free_joint_rank8_int4_per_row_hadamard,pooled_router_square_column_generated,576,768,4,2,32,762.96875,768.0,749.6,768.0,0.9957225911011562,0.9902747877662924
matrix_free_joint_rank8_int4_per_row_hadamard,pooled_router_square_column_generated,576,768,4,3,32,723.1875,749.0,644.1,768.0,0.9939837484609917,0.9856960991348542
matrix_free_joint_rank8_int4_per_row_hadamard,pooled_router_square_column_generated,576,768,4,4,32,650.875,649.5,576.0,749.0,0.9914249056148066,0.9827201846369059
matrix_free_joint_rank8_int4_per_row_hadamard,pooled_router_square_column_generated,576,768,4,5,32,554.40625,576.0,446.4,634.0,0.9859417250363295,0.9528074897924457
matrix_free_joint_rank8_int4_per_row_hadamard,pooled_router_square_column_generated,576,768,4,6,32,465.78125,455.0,384.0,576.0,0.972867180712462,0.9421938250498375
matrix_free_joint_rank8_int4_per_row_hadamard,pooled_router_square_column_generated,576,768,4,7,32,378.375,384.0,312.3,454.3,0.9434525602849173,0.9144230853137986
matrix_free_joint_rank8_int4_per_row_hadamard,pooled_router_square_column_generated,576,768,4,8,32,304.21875,295.5,170.6,384.0,0.9321121235528409,0.8687508125249588
matrix_free_joint_rank8_int4_per_row_hadamard,pooled_router_square_column_generated,576,768,20,1,32,735.9375,768.0,698.2,768.0,0.9936767325049369,0.988188404412322
matrix_free_joint_rank8_int4_per_row_hadamard,pooled_router_square_column_generated,576,768,20,2,32,685.0,739.0,533.1,768.0,0.9938914021431974,0.9759797153214793
matrix_free_joint_rank8_int4_per_row_hadamard,pooled_router_square_column_generated,576,768,20,3,32,678.46875,723.0,557.1,768.0,0.9932037654856497,0.9702657419118308
matrix_free_joint_rank8_int4_per_row_hadamard,pooled_router_square_column_generated,576,768,20,4,32,601.15625,620.0,497.9,725.5000000000001,0.9859161981022406,0.9649969149381813
matrix_free_joint_rank8_int4_per_row_hadamard,pooled_router_square_column_generated,576,768,20,5,32,547.75,576.0,467.0,631.6,0.980111822337351,0.961755120228022
matrix_free_joint_rank8_int4_per_row_hadamard,pooled_router_square_column_generated,576,768,20,6,32,497.25,508.5,417.5,576.0,0.9710520279202415,0.9549011025587222
matrix_free_joint_rank8_int4_per_row_hadamard,pooled_router_square_column_generated,576,768,20,7,32,460.0,447.5,375.0,576.0,0.9695412982860956,0.9354418308075704
matrix_free_joint_rank8_int4_per_row_hadamard,pooled_router_square_column_generated,576,768,20,8,32,399.03125,384.0,298.8,518.5,0.950989153344094,0.9116166218926972
matrix_free_joint_rank8_int4_per_row_hadamard,pooled_router_square_column_generated,576,768,39,1,32,722.59375,762.0,583.1,768.0,0.9978955693570043,0.989169915919534
matrix_free_joint_rank8_int4_per_row_hadamard,pooled_router_square_column_generated,576,768,39,2,32,698.03125,729.0,578.8,768.0,0.995876998920758,0.9929975288695826
matrix_free_joint_rank8_int4_per_row_hadamard,pooled_router_square_column_generated,576,768,39,3,32,670.46875,678.0,575.1,768.0,0.9948121354925624,0.9862012152096641
matrix_free_joint_rank8_int4_per_row_hadamard,pooled_router_square_column_generated,576,768,39,4,32,623.4375,624.0,520.5,729.0,0.9902494690536365,0.9838285097088153
matrix_free_joint_rank8_int4_per_row_hadamard,pooled_router_square_column_generated,576,768,39,5,32,543.5,546.0,452.7,627.7,0.9861724771661238,0.9651822992997401
matrix_free_joint_rank8_int4_per_row_hadamard,pooled_router_square_column_generated,576,768,39,6,32,518.15625,526.0,384.0,629.3000000000001,0.9807234942681468,0.9403642536338966
matrix_free_joint_rank8_int4_per_row_hadamard,pooled_router_square_column_generated,576,768,39,7,32,455.53125,460.0,329.1,576.0,0.9732795350946215,0.9418207607375144
matrix_free_joint_rank8_int4_per_row_hadamard,pooled_router_square_column_generated,576,768,39,8,32,374.25,382.0,262.9,465.50000000000006,0.9478940893005918,0.8960701865045013
matrix_free_joint_rank8_int4_per_row_hadamard,pooled_router_square_column_generated,576,1152,0,1,32,706.3125,651.0,509.7,965.5,0.999920306913678,0.9993536002595051
matrix_free_joint_rank8_int4_per_row_hadamard,pooled_router_square_column_generated,576,1152,0,2,32,698.375,681.0,493.1,947.2,0.9998549742738615,0.9993017649782798
matrix_free_joint_rank8_int4_per_row_hadamard,pooled_router_square_column_generated,576,1152,0,3,32,642.0625,639.5,478.7,764.1000000000001,0.9996454959491696,0.9984023112894187
matrix_free_joint_rank8_int4_per_row_hadamard,pooled_router_square_column_generated,576,1152,0,4,32,584.59375,590.5,448.7,671.7,0.9992440902546027,0.997984294773853
matrix_free_joint_rank8_int4_per_row_hadamard,pooled_router_square_column_generated,576,1152,0,5,32,539.625,523.5,426.4,676.1,0.998698167482176,0.9962957664884199
matrix_free_joint_rank8_int4_per_row_hadamard,pooled_router_square_column_generated,576,1152,0,6,32,527.46875,530.5,386.6,675.8000000000001,0.9981238167437454,0.9954387537107988
matrix_free_joint_rank8_int4_per_row_hadamard,pooled_router_square_column_generated,576,1152,0,7,32,468.9375,452.5,337.2,576.0,0.9971304128909173,0.990636395924649
matrix_free_joint_rank8_int4_per_row_hadamard,pooled_router_square_column_generated,576,1152,0,8,32,439.5625,421.5,330.2,645.0,0.9953191877117554,0.9907396092822981
matrix_free_joint_rank8_int4_per_row_hadamard,pooled_router_square_column_generated,576,1152,4,1,32,944.46875,969.0,805.6,1037.3,0.9988580894994762,0.9967207532637122
matrix_free_joint_rank8_int4_per_row_hadamard,pooled_router_square_column_generated,576,1152,4,2,32,840.84375,829.5,742.7,943.4,0.9972410769841045,0.9918026096383674
matrix_free_joint_rank8_int4_per_row_hadamard,pooled_router_square_column_generated,576,1152,4,3,32,708.3125,729.0,581.1,802.9,0.9930449963433725,0.9848200509503334
matrix_free_joint_rank8_int4_per_row_hadamard,pooled_router_square_column_generated,576,1152,4,4,32,605.34375,578.0,486.8,726.2,0.988341322892005,0.9721753716548207
matrix_free_joint_rank8_int4_per_row_hadamard,pooled_router_square_column_generated,576,1152,4,5,32,513.34375,533.5,369.8,609.7,0.9734224138356259,0.9395773267692767
matrix_free_joint_rank8_int4_per_row_hadamard,pooled_router_square_column_generated,576,1152,4,6,32,415.8125,395.0,288.6,574.3000000000001,0.9666771919217017,0.9342928654929482
matrix_free_joint_rank8_int4_per_row_hadamard,pooled_router_square_column_generated,576,1152,4,7,32,327.15625,315.0,241.4,410.9,0.938574086196222,0.8804714348426913
matrix_free_joint_rank8_int4_per_row_hadamard,pooled_router_square_column_generated,576,1152,4,8,32,249.03125,254.0,134.8,369.3,0.8976074034765538,0.8219709544389183
matrix_free_joint_rank8_int4_per_row_hadamard,pooled_router_square_column_generated,576,1152,20,1,32,870.75,897.0,732.8,1056.6000000000001,0.9975421572874821,0.98829154059679
matrix_free_joint_rank8_int4_per_row_hadamard,pooled_router_square_column_generated,576,1152,20,2,32,682.375,729.0,512.0,778.3000000000001,0.9936604563674536,0.9757556135193677
matrix_free_joint_rank8_int4_per_row_hadamard,pooled_router_square_column_generated,576,1152,20,3,32,666.96875,701.5,557.1,768.0,0.9933373749079664,0.9702657419118308
matrix_free_joint_rank8_int4_per_row_hadamard,pooled_router_square_column_generated,576,1152,20,4,32,579.625,576.0,496.7,687.1,0.9850292454859779,0.964755275418925
matrix_free_joint_rank8_int4_per_row_hadamard,pooled_router_square_column_generated,576,1152,20,5,32,522.5,565.0,414.4,585.1,0.9740651799298408,0.9537571851924977
matrix_free_joint_rank8_int4_per_row_hadamard,pooled_router_square_column_generated,576,1152,20,6,32,469.5625,492.5,342.6,567.2,0.9684327563589776,0.9366108733022377
matrix_free_joint_rank8_int4_per_row_hadamard,pooled_router_square_column_generated,576,1152,20,7,32,435.78125,422.0,373.1,540.0000000000001,0.9651125023118661,0.9320853719121586
matrix_free_joint_rank8_int4_per_row_hadamard,pooled_router_square_column_generated,576,1152,20,8,32,377.78125,384.0,275.4,490.8,0.9442762620010051,0.8949357083493983
matrix_free_joint_rank8_int4_per_row_hadamard,pooled_router_square_column_generated,576,1152,39,1,32,787.65625,757.5,583.1,965.9,0.9984505329759381,0.989169915919534
matrix_free_joint_rank8_int4_per_row_hadamard,pooled_router_square_column_generated,576,1152,39,2,32,715.75,702.5,591.4,889.2,0.9960620731764096,0.992416625648226
matrix_free_joint_rank8_int4_per_row_hadamard,pooled_router_square_column_generated,576,1152,39,3,32,672.375,675.0,547.8,792.2,0.994001962025665,0.9846695836320235
matrix_free_joint_rank8_int4_per_row_hadamard,pooled_router_square_column_generated,576,1152,39,4,32,607.5625,616.0,473.3,729.0,0.988680959171975,0.9797608816519401
matrix_free_joint_rank8_int4_per_row_hadamard,pooled_router_square_column_generated,576,1152,39,5,32,528.5625,518.0,435.2,627.7,0.9857128922724153,0.944195302060213
matrix_free_joint_rank8_int4_per_row_hadamard,pooled_router_square_column_generated,576,1152,39,6,32,494.875,494.5,363.0,608.3000000000001,0.9701067543032491,0.9357768225805575
matrix_free_joint_rank8_int4_per_row_hadamard,pooled_router_square_column_generated,576,1152,39,7,32,433.125,422.5,286.1,576.0,0.9729813990901934,0.9389131639042233
matrix_free_joint_rank8_int4_per_row_hadamard,pooled_router_square_column_generated,576,1152,39,8,32,365.15625,379.0,241.4,468.6,0.9420324575552657,0.8836933104622493
matrix_free_joint_rank8_int4_per_row_hadamard,pooled_router_square_column_generated,576,1536,0,1,32,706.3125,651.0,509.7,965.5,0.999920306913678,0.9993536002595051
matrix_free_joint_rank8_int4_per_row_hadamard,pooled_router_square_column_generated,576,1536,0,2,32,698.375,681.0,493.1,947.2,0.9998549742738615,0.9993017649782798
matrix_free_joint_rank8_int4_per_row_hadamard,pooled_router_square_column_generated,576,1536,0,3,32,642.0625,639.5,478.7,764.1000000000001,0.9996454959491696,0.9984023112894187
matrix_free_joint_rank8_int4_per_row_hadamard,pooled_router_square_column_generated,576,1536,0,4,32,584.59375,590.5,448.7,671.7,0.9992440902546027,0.997984294773853
matrix_free_joint_rank8_int4_per_row_hadamard,pooled_router_square_column_generated,576,1536,0,5,32,539.625,523.5,426.4,676.1,0.998698167482176,0.9962957664884199
matrix_free_joint_rank8_int4_per_row_hadamard,pooled_router_square_column_generated,576,1536,0,6,32,527.46875,530.5,386.6,675.8000000000001,0.9981238167437454,0.9954387537107988
matrix_free_joint_rank8_int4_per_row_hadamard,pooled_router_square_column_generated,576,1536,0,7,32,468.9375,452.5,337.2,576.0,0.9971304128909173,0.990636395924649
matrix_free_joint_rank8_int4_per_row_hadamard,pooled_router_square_column_generated,576,1536,0,8,32,439.5625,421.5,330.2,645.0,0.9953191877117554,0.9907396092822981
matrix_free_joint_rank8_int4_per_row_hadamard,pooled_router_square_column_generated,576,1536,4,1,32,947.15625,969.0,805.6,1037.3,0.9988580894994762,0.9967207532637122
matrix_free_joint_rank8_int4_per_row_hadamard,pooled_router_square_column_generated,576,1536,4,2,32,840.84375,829.5,742.7,943.4,0.9972410769841045,0.9918026096383674
matrix_free_joint_rank8_int4_per_row_hadamard,pooled_router_square_column_generated,576,1536,4,3,32,705.53125,729.0,581.1,802.9,0.9923129441455851,0.9848200509503334
matrix_free_joint_rank8_int4_per_row_hadamard,pooled_router_square_column_generated,576,1536,4,4,32,605.34375,578.0,486.8,726.2,0.988341322892005,0.9721753716548207
matrix_free_joint_rank8_int4_per_row_hadamard,pooled_router_square_column_generated,576,1536,4,5,32,513.34375,533.5,369.8,609.7,0.9734224138356259,0.9395773267692767
matrix_free_joint_rank8_int4_per_row_hadamard,pooled_router_square_column_generated,576,1536,4,6,32,415.8125,395.0,288.6,574.3000000000001,0.9666771919217017,0.9342928654929482
matrix_free_joint_rank8_int4_per_row_hadamard,pooled_router_square_column_generated,576,1536,4,7,32,327.15625,315.0,241.4,410.9,0.938574086196222,0.8804714348426913
matrix_free_joint_rank8_int4_per_row_hadamard,pooled_router_square_column_generated,576,1536,4,8,32,249.03125,254.0,134.8,369.3,0.8976074034765538,0.8219709544389183
matrix_free_joint_rank8_int4_per_row_hadamard,pooled_router_square_column_generated,576,1536,20,1,32,871.40625,897.0,732.8,1056.6000000000001,0.9975421572874821,0.98829154059679
matrix_free_joint_rank8_int4_per_row_hadamard,pooled_router_square_column_generated,576,1536,20,2,32,682.4375,729.0,512.0,778.3000000000001,0.9936604563674536,0.9757556135193677
matrix_free_joint_rank8_int4_per_row_hadamard,pooled_router_square_column_generated,576,1536,20,3,32,665.75,701.5,557.1,766.9,0.9933373749079664,0.9702657419118308
matrix_free_joint_rank8_int4_per_row_hadamard,pooled_router_square_column_generated,576,1536,20,4,32,580.25,576.0,496.7,687.1,0.9850292454859779,0.964755275418925
matrix_free_joint_rank8_int4_per_row_hadamard,pooled_router_square_column_generated,576,1536,20,5,32,522.34375,565.0,412.6,585.1,0.9740651799298408,0.9537571851924977
matrix_free_joint_rank8_int4_per_row_hadamard,pooled_router_square_column_generated,576,1536,20,6,32,469.5625,492.5,342.6,567.2,0.9684327563589776,0.9366108733022377
matrix_free_joint_rank8_int4_per_row_hadamard,pooled_router_square_column_generated,576,1536,20,7,32,435.78125,422.0,373.1,540.0000000000001,0.9651125023118661,0.9320853719121586
matrix_free_joint_rank8_int4_per_row_hadamard,pooled_router_square_column_generated,576,1536,20,8,32,377.78125,384.0,275.4,490.8,0.9442762620010051,0.8949357083493983
matrix_free_joint_rank8_int4_per_row_hadamard,pooled_router_square_column_generated,576,1536,39,1,32,787.65625,757.5,583.1,965.9,0.9984505329759381,0.989169915919534
matrix_free_joint_rank8_int4_per_row_hadamard,pooled_router_square_column_generated,576,1536,39,2,32,715.75,702.5,591.4,889.2,0.9960620731764096,0.992416625648226
matrix_free_joint_rank8_int4_per_row_hadamard,pooled_router_square_column_generated,576,1536,39,3,32,672.375,675.0,547.8,792.2,0.994001962025665,0.9846695836320235
matrix_free_joint_rank8_int4_per_row_hadamard,pooled_router_square_column_generated,576,1536,39,4,32,607.5625,616.0,473.3,729.0,0.988680959171975,0.9797608816519401
matrix_free_joint_rank8_int4_per_row_hadamard,pooled_router_square_column_generated,576,1536,39,5,32,528.5625,518.0,435.2,627.7,0.9857128922724153,0.944195302060213
matrix_free_joint_rank8_int4_per_row_hadamard,pooled_router_square_column_generated,576,1536,39,6,32,494.875,494.5,363.0,608.3000000000001,0.9701067543032491,0.9357768225805575
matrix_free_joint_rank8_int4_per_row_hadamard,pooled_router_square_column_generated,576,1536,39,7,32,433.125,422.5,286.1,576.0,0.9729813990901934,0.9389131639042233
matrix_free_joint_rank8_int4_per_row_hadamard,pooled_router_square_column_generated,576,1536,39,8,32,365.15625,379.0,241.4,468.6,0.9420324575552657,0.8836933104622493
matrix_free_joint_rank8_int4_per_row_hadamard,pooled_router_square_column_generated,749,768,0,1,32,729.6875,768.0,644.2,768.0,0.9999970908165985,0.9997051602356348
matrix_free_joint_rank8_int4_per_row_hadamard,pooled_router_square_column_generated,749,768,0,2,32,740.46875,768.0,645.2,768.0,0.9999861312518259,0.9985724662021005
matrix_free_joint_rank8_int4_per_row_hadamard,pooled_router_square_column_generated,749,768,0,3,32,748.0625,768.0,664.9,768.0,0.9999478115868718,0.999473160915424
matrix_free_joint_rank8_int4_per_row_hadamard,pooled_router_square_column_generated,749,768,0,4,32,752.84375,768.0,687.4,768.0,0.9999810816771779,0.999673558719832
matrix_free_joint_rank8_int4_per_row_hadamard,pooled_router_square_column_generated,749,768,0,5,32,746.125,768.0,667.5,768.0,0.9999906198862885,0.9992581933647398
matrix_free_joint_rank8_int4_per_row_hadamard,pooled_router_square_column_generated,749,768,0,6,32,743.875,768.0,680.0,768.0,0.9999722365015835,0.9991015919795047
matrix_free_joint_rank8_int4_per_row_hadamard,pooled_router_square_column_generated,749,768,0,7,32,736.375,768.0,642.0,768.0,0.9999845400217081,0.998738237885488
matrix_free_joint_rank8_int4_per_row_hadamard,pooled_router_square_column_generated,749,768,0,8,32,732.8125,768.0,628.0,768.0,0.9999701935344449,0.9988604264232581
matrix_free_joint_rank8_int4_per_row_hadamard,pooled_router_square_column_generated,749,768,4,1,32,767.46875,768.0,768.0,768.0,0.9960870716868961,0.992157137857147
matrix_free_joint_rank8_int4_per_row_hadamard,pooled_router_square_column_generated,749,768,4,2,32,768.0,768.0,768.0,768.0,0.9956747948340791,0.9902747877662924
matrix_free_joint_rank8_int4_per_row_hadamard,pooled_router_square_column_generated,749,768,4,3,32,768.0,768.0,768.0,768.0,0.9948790996192203,0.9917929952846899
matrix_free_joint_rank8_int4_per_row_hadamard,pooled_router_square_column_generated,749,768,4,4,32,767.375,768.0,768.0,768.0,0.9955961082453664,0.9924539307333681
matrix_free_joint_rank8_int4_per_row_hadamard,pooled_router_square_column_generated,749,768,4,5,32,764.34375,768.0,768.0,768.0,0.9942295454307126,0.9907420455677558
matrix_free_joint_rank8_int4_per_row_hadamard,pooled_router_square_column_generated,749,768,4,6,32,751.25,768.0,715.1,768.0,0.9942109752418871,0.9906590111072272
matrix_free_joint_rank8_int4_per_row_hadamard,pooled_router_square_column_generated,749,768,4,7,32,735.75,749.0,672.1,768.0,0.9923928994767981,0.9861657754694743
matrix_free_joint_rank8_int4_per_row_hadamard,pooled_router_square_column_generated,749,768,4,8,32,659.15625,650.5,578.8,729.0,0.9872663392772296,0.9818271739946978
matrix_free_joint_rank8_int4_per_row_hadamard,pooled_router_square_column_generated,749,768,20,1,32,766.78125,768.0,768.0,768.0,0.9940963851052114,0.9904923802558804
matrix_free_joint_rank8_int4_per_row_hadamard,pooled_router_square_column_generated,749,768,20,2,32,764.9375,768.0,767.1,768.0,0.9962468486427161,0.9891409298842108
matrix_free_joint_rank8_int4_per_row_hadamard,pooled_router_square_column_generated,749,768,20,3,32,765.53125,768.0,767.1,768.0,0.9948288431379402,0.9907373962680612
matrix_free_joint_rank8_int4_per_row_hadamard,pooled_router_square_column_generated,749,768,20,4,32,759.5625,768.0,749.0,768.0,0.9935212510778866,0.9896074707498912
matrix_free_joint_rank8_int4_per_row_hadamard,pooled_router_square_column_generated,749,768,20,5,32,753.90625,768.0,729.0,768.0,0.9936617966094623,0.9903861724702334
matrix_free_joint_rank8_int4_per_row_hadamard,pooled_router_square_column_generated,749,768,20,6,32,742.15625,752.0,696.6,768.0,0.9920926598298203,0.9886109344128228
matrix_free_joint_rank8_int4_per_row_hadamard,pooled_router_square_column_generated,749,768,20,7,32,738.84375,746.0,694.7,768.0,0.992806380977763,0.9868862530818658
matrix_free_joint_rank8_int4_per_row_hadamard,pooled_router_square_column_generated,749,768,20,8,32,692.53125,692.5,613.3,759.8000000000001,0.9892085534771681,0.9799452363304539
matrix_free_joint_rank8_int4_per_row_hadamard,pooled_router_square_column_generated,749,768,39,1,32,768.0,768.0,768.0,768.0,0.997986680684482,0.993458068622626
matrix_free_joint_rank8_int4_per_row_hadamard,pooled_router_square_column_generated,749,768,39,2,32,766.78125,768.0,768.0,768.0,0.9975364647790634,0.9944029486016107
matrix_free_joint_rank8_int4_per_row_hadamard,pooled_router_square_column_generated,749,768,39,3,32,764.5,768.0,768.0,768.0,0.9968849606195767,0.9933996757009962
matrix_free_joint_rank8_int4_per_row_hadamard,pooled_router_square_column_generated,749,768,39,4,32,763.375,768.0,750.2,768.0,0.9957759221161162,0.9934312768219792
matrix_free_joint_rank8_int4_per_row_hadamard,pooled_router_square_column_generated,749,768,39,5,32,760.125,768.0,749.0,768.0,0.995474514827553,0.9905120048393828
matrix_free_joint_rank8_int4_per_row_hadamard,pooled_router_square_column_generated,749,768,39,6,32,748.65625,768.0,709.7,768.0,0.9942626311825178,0.9880674657891483
matrix_free_joint_rank8_int4_per_row_hadamard,pooled_router_square_column_generated,749,768,39,7,32,730.71875,742.0,668.2,768.0,0.994574421776486,0.9881361114767269
matrix_free_joint_rank8_int4_per_row_hadamard,pooled_router_square_column_generated,749,768,39,8,32,683.3125,681.5,604.1,766.1,0.989943102007341,0.9868146359225368
matrix_free_joint_rank8_int4_per_row_hadamard,pooled_router_square_column_generated,749,1152,0,1,32,809.6875,763.0,602.0,1044.8,0.9999984914504476,0.9999571637924767
matrix_free_joint_rank8_int4_per_row_hadamard,pooled_router_square_column_generated,749,1152,0,2,32,817.90625,771.5,584.6,1123.8000000000002,0.9999906545425912,0.9999362900564411
matrix_free_joint_rank8_int4_per_row_hadamard,pooled_router_square_column_generated,749,1152,0,3,32,792.875,794.5,621.8,971.9000000000001,0.9999846640054955,0.9998477982565627
matrix_free_joint_rank8_int4_per_row_hadamard,pooled_router_square_column_generated,749,1152,0,4,32,752.3125,755.5,612.8,914.6,0.9999665334173199,0.9998730039331264
matrix_free_joint_rank8_int4_per_row_hadamard,pooled_router_square_column_generated,749,1152,0,5,32,723.3125,707.0,569.1,907.6,0.9999413246327722,0.9994796074706861
matrix_free_joint_rank8_int4_per_row_hadamard,pooled_router_square_column_generated,749,1152,0,6,32,732.6875,739.0,543.9,931.5000000000001,0.9998798322706917,0.9996587918179483
matrix_free_joint_rank8_int4_per_row_hadamard,pooled_router_square_column_generated,749,1152,0,7,32,689.5,685.0,494.4,898.3000000000001,0.9998241724786758,0.9990110477104676
matrix_free_joint_rank8_int4_per_row_hadamard,pooled_router_square_column_generated,749,1152,0,8,32,673.15625,646.5,477.1,909.9,0.9997218995420631,0.9988035094174414
matrix_free_joint_rank8_int4_per_row_hadamard,pooled_router_square_column_generated,749,1152,4,1,32,1074.03125,1098.0,958.4,1152.0,0.9995869818472589,0.9988107756813727
matrix_free_joint_rank8_int4_per_row_hadamard,pooled_router_square_column_generated,749,1152,4,2,32,1004.96875,998.5,921.5,1120.2,0.9991949679662518,0.9975039558805278
matrix_free_joint_rank8_int4_per_row_hadamard,pooled_router_square_column_generated,749,1152,4,3,32,871.75,888.0,768.0,1005.0000000000001,0.9975865772128978,0.9945569485793841
matrix_free_joint_rank8_int4_per_row_hadamard,pooled_router_square_column_generated,749,1152,4,4,32,776.8125,768.0,676.2,872.0,0.9956354470961817,0.9908555952716557
matrix_free_joint_rank8_int4_per_row_hadamard,pooled_router_square_column_generated,749,1152,4,5,32,698.03125,723.0,580.1,769.8,0.9916484352216257,0.977886774383925
matrix_free_joint_rank8_int4_per_row_hadamard,pooled_router_square_column_generated,749,1152,4,6,32,613.09375,599.0,530.6,727.9,0.9876586183999143,0.9758310839752457
matrix_free_joint_rank8_int4_per_row_hadamard,pooled_router_square_column_generated,749,1152,4,7,32,521.875,514.0,434.3,602.6,0.9750886691668845,0.9417664715049275
matrix_free_joint_rank8_int4_per_row_hadamard,pooled_router_square_column_generated,749,1152,4,8,32,428.78125,392.5,290.1,572.4000000000001,0.9659823510615266,0.9205902795133879
matrix_free_joint_rank8_int4_per_row_hadamard,pooled_router_square_column_generated,749,1152,20,1,32,1004.4375,1040.5,821.1,1152.0,0.999106568025204,0.9966675367120975
matrix_free_joint_rank8_int4_per_row_hadamard,pooled_router_square_column_generated,749,1152,20,2,32,840.09375,883.0,687.5,935.9,0.9976126308580998,0.9930486793297318
matrix_free_joint_rank8_int4_per_row_hadamard,pooled_router_square_column_generated,749,1152,20,3,32,841.09375,856.0,729.9,945.7,0.9972423511276328,0.9885977936436123
matrix_free_joint_rank8_int4_per_row_hadamard,pooled_router_square_column_generated,749,1152,20,4,32,756.125,749.0,705.4,856.7,0.9939890940387139,0.9862749812640652
matrix_free_joint_rank8_int4_per_row_hadamard,pooled_router_square_column_generated,749,1152,20,5,32,703.125,729.0,587.2,800.7,0.9918302627710696,0.9818965289733551
matrix_free_joint_rank8_int4_per_row_hadamard,pooled_router_square_column_generated,749,1152,20,6,32,665.125,679.0,576.0,766.4000000000001,0.9883019952728773,0.9788398157021413
matrix_free_joint_rank8_int4_per_row_hadamard,pooled_router_square_column_generated,749,1152,20,7,32,603.21875,603.0,509.2,709.7,0.9854565776963586,0.9694844020366064
matrix_free_joint_rank8_int4_per_row_hadamard,pooled_router_square_column_generated,749,1152,20,8,32,577.03125,576.0,474.1,680.8,0.98254621532695,0.9661969913205517
matrix_free_joint_rank8_int4_per_row_hadamard,pooled_router_square_column_generated,749,1152,39,1,32,922.78125,920.5,752.0,1071.6,0.9994491591554053,0.9963196679469237
matrix_free_joint_rank8_int4_per_row_hadamard,pooled_router_square_column_generated,749,1152,39,2,32,878.15625,865.0,768.0,1004.6,0.9987538376605459,0.9966297279128714
matrix_free_joint_rank8_int4_per_row_hadamard,pooled_router_square_column_generated,749,1152,39,3,32,832.90625,832.0,731.0,959.0,0.9978815953536914,0.9939624332144464
matrix_free_joint_rank8_int4_per_row_hadamard,pooled_router_square_column_generated,749,1152,39,4,32,772.40625,764.5,659.8,874.5,0.9958246943213225,0.9925761505690637
matrix_free_joint_rank8_int4_per_row_hadamard,pooled_router_square_column_generated,749,1152,39,5,32,710.25,719.0,603.9,801.0,0.9945308440302156,0.9841184631198125
matrix_free_joint_rank8_int4_per_row_hadamard,pooled_router_square_column_generated,749,1152,39,6,32,682.125,679.5,576.0,791.4,0.989026809817453,0.9765042851121497
matrix_free_joint_rank8_int4_per_row_hadamard,pooled_router_square_column_generated,749,1152,39,7,32,639.0625,641.5,497.7,755.1,0.9908305432861455,0.9768890157211619
matrix_free_joint_rank8_int4_per_row_hadamard,pooled_router_square_column_generated,749,1152,39,8,32,552.09375,575.5,427.6,657.6000000000001,0.9823572832601251,0.9625735367812861
matrix_free_joint_rank8_int4_per_row_hadamard,pooled_router_square_column_generated,749,1536,0,1,32,808.0625,763.0,594.8,1044.8,0.9999985336072931,0.9999423319055695
matrix_free_joint_rank8_int4_per_row_hadamard,pooled_router_square_column_generated,749,1536,0,2,32,832.21875,771.5,584.6,1119.3,0.9999948871961237,0.9999392949637897
matrix_free_joint_rank8_int4_per_row_hadamard,pooled_router_square_column_generated,749,1536,0,3,32,792.03125,794.5,621.8,971.9000000000001,0.9999844208609396,0.9998626607656748
matrix_free_joint_rank8_int4_per_row_hadamard,pooled_router_square_column_generated,749,1536,0,4,32,751.0625,755.5,608.4,914.6,0.9999625635036704,0.9998730039331264
matrix_free_joint_rank8_int4_per_row_hadamard,pooled_router_square_column_generated,749,1536,0,5,32,721.0625,695.5,569.1,907.6,0.9999264006827235,0.9994813305427744
matrix_free_joint_rank8_int4_per_row_hadamard,pooled_router_square_column_generated,749,1536,0,6,32,730.84375,721.0,545.3,931.5000000000001,0.999880638254247,0.9996587918179483
matrix_free_joint_rank8_int4_per_row_hadamard,pooled_router_square_column_generated,749,1536,0,7,32,686.8125,680.5,494.4,898.3000000000001,0.9998218658674985,0.9990110477104676
matrix_free_joint_rank8_int4_per_row_hadamard,pooled_router_square_column_generated,749,1536,0,8,32,669.3125,627.0,477.1,909.9,0.9997025253611922,0.9988035094174414
matrix_free_joint_rank8_int4_per_row_hadamard,pooled_router_square_column_generated,749,1536,4,1,32,1081.21875,1087.0,958.4,1154.8,0.9996169775444437,0.9988107756813727
matrix_free_joint_rank8_int4_per_row_hadamard,pooled_router_square_column_generated,749,1536,4,2,32,1005.46875,1000.0,921.5,1120.2,0.9991949679662518,0.9975039558805278
matrix_free_joint_rank8_int4_per_row_hadamard,pooled_router_square_column_generated,749,1536,4,3,32,866.75,884.0,768.0,941.4,0.9975865772128978,0.99471284717104
matrix_free_joint_rank8_int4_per_row_hadamard,pooled_router_square_column_generated,749,1536,4,4,32,776.71875,768.0,676.2,872.0,0.9956354470961817,0.9908479959111581
matrix_free_joint_rank8_int4_per_row_hadamard,pooled_router_square_column_generated,749,1536,4,5,32,699.28125,723.0,579.4,769.8,0.9916484352216257,0.980517256755875
matrix_free_joint_rank8_int4_per_row_hadamard,pooled_router_square_column_generated,749,1536,4,6,32,613.125,599.0,529.1,727.9,0.9877715987845204,0.9741080678301599
matrix_free_joint_rank8_int4_per_row_hadamard,pooled_router_square_column_generated,749,1536,4,7,32,519.90625,514.0,423.2,598.8,0.9750886691668845,0.9395004514976619
matrix_free_joint_rank8_int4_per_row_hadamard,pooled_router_square_column_generated,749,1536,4,8,32,426.90625,392.5,290.1,572.4000000000001,0.9652197830930151,0.9205902795133879
matrix_free_joint_rank8_int4_per_row_hadamard,pooled_router_square_column_generated,749,1536,20,1,32,1013.09375,1040.5,821.1,1183.6,0.999106568025204,0.9966675367120975
matrix_free_joint_rank8_int4_per_row_hadamard,pooled_router_square_column_generated,749,1536,20,2,32,836.96875,870.5,730.9,935.0,0.9976126308580998,0.9930486793297318
matrix_free_joint_rank8_int4_per_row_hadamard,pooled_router_square_column_generated,749,1536,20,3,32,841.09375,856.0,729.9,945.7,0.9972423511276328,0.9885977936436123
matrix_free_joint_rank8_int4_per_row_hadamard,pooled_router_square_column_generated,749,1536,20,4,32,753.8125,749.0,673.9,856.7,0.9939890940387139,0.9862749812640652
matrix_free_joint_rank8_int4_per_row_hadamard,pooled_router_square_column_generated,749,1536,20,5,32,706.875,729.0,600.4,770.7,0.9920286814223549,0.9818965289733551
matrix_free_joint_rank8_int4_per_row_hadamard,pooled_router_square_column_generated,749,1536,20,6,32,662.25,675.0,579.2,766.4000000000001,0.9878614211302084,0.9788398157021413
matrix_free_joint_rank8_int4_per_row_hadamard,pooled_router_square_column_generated,749,1536,20,7,32,603.21875,603.0,509.2,709.7,0.9854565776963586,0.9694844020366064
matrix_free_joint_rank8_int4_per_row_hadamard,pooled_router_square_column_generated,749,1536,20,8,32,573.03125,576.0,474.1,680.8,0.98254621532695,0.9626686655904683
matrix_free_joint_rank8_int4_per_row_hadamard,pooled_router_square_column_generated,749,1536,39,1,32,925.4375,920.5,752.0,1071.6,0.9994491591554053,0.9963196679469237
matrix_free_joint_rank8_int4_per_row_hadamard,pooled_router_square_column_generated,749,1536,39,2,32,879.71875,865.0,768.0,1014.0,0.9987538376605459,0.9966297279128714
matrix_free_joint_rank8_int4_per_row_hadamard,pooled_router_square_column_generated,749,1536,39,3,32,828.375,829.5,731.0,959.0,0.9978815953536914,0.9932023586332753
matrix_free_joint_rank8_int4_per_row_hadamard,pooled_router_square_column_generated,749,1536,39,4,32,772.5,757.5,659.8,874.5,0.9954976180950013,0.9933533300534655
matrix_free_joint_rank8_int4_per_row_hadamard,pooled_router_square_column_generated,749,1536,39,5,32,710.25,719.0,603.9,801.0,0.9945308440302156,0.9841184631198125
matrix_free_joint_rank8_int4_per_row_hadamard,pooled_router_square_column_generated,749,1536,39,6,32,682.125,679.5,576.0,791.4,0.989026809817453,0.9765042851121497
matrix_free_joint_rank8_int4_per_row_hadamard,pooled_router_square_column_generated,749,1536,39,7,32,639.0625,641.5,497.7,755.1,0.9908305432861455,0.9768890157211619
matrix_free_joint_rank8_int4_per_row_hadamard,pooled_router_square_column_generated,749,1536,39,8,32,552.09375,575.5,427.6,657.6000000000001,0.9823572832601251,0.9625735367812861
matrix_free_joint_rank8_int4_per_row_hadamard,pooled_router_square_column_generated,768,768,0,1,32,736.28125,768.0,665.6,768.0,0.9999975537083587,0.9997051602356348
matrix_free_joint_rank8_int4_per_row_hadamard,pooled_router_square_column_generated,768,768,0,2,32,743.53125,768.0,649.3,768.0,0.9999861312518259,0.9985724662021005
matrix_free_joint_rank8_int4_per_row_hadamard,pooled_router_square_column_generated,768,768,0,3,32,749.40625,768.0,702.7,768.0,0.9999478115868718,0.999473160915424
matrix_free_joint_rank8_int4_per_row_hadamard,pooled_router_square_column_generated,768,768,0,4,32,759.09375,768.0,757.0,768.0,0.9999904962726391,0.999673558719832
matrix_free_joint_rank8_int4_per_row_hadamard,pooled_router_square_column_generated,768,768,0,5,32,749.5625,768.0,675.6,768.0,0.9999918133905608,0.9992581933647398
matrix_free_joint_rank8_int4_per_row_hadamard,pooled_router_square_column_generated,768,768,0,6,32,747.0,768.0,680.2,768.0,0.9999771833645756,0.9991015919795047
matrix_free_joint_rank8_int4_per_row_hadamard,pooled_router_square_column_generated,768,768,0,7,32,741.375,768.0,644.0,768.0,0.9999882784788618,0.998738237885488
matrix_free_joint_rank8_int4_per_row_hadamard,pooled_router_square_column_generated,768,768,0,8,32,743.5,768.0,673.1,768.0,0.9999906727000205,0.9988604264232581
matrix_free_joint_rank8_int4_per_row_hadamard,pooled_router_square_column_generated,768,768,4,1,32,767.46875,768.0,768.0,768.0,0.9960870716868961,0.992157137857147
matrix_free_joint_rank8_int4_per_row_hadamard,pooled_router_square_column_generated,768,768,4,2,32,768.0,768.0,768.0,768.0,0.9956747948340791,0.9902747877662924
matrix_free_joint_rank8_int4_per_row_hadamard,pooled_router_square_column_generated,768,768,4,3,32,768.0,768.0,768.0,768.0,0.9948790996192203,0.991435544909176
matrix_free_joint_rank8_int4_per_row_hadamard,pooled_router_square_column_generated,768,768,4,4,32,767.96875,768.0,768.0,768.0,0.9955961082453664,0.9924539307333681
matrix_free_joint_rank8_int4_per_row_hadamard,pooled_router_square_column_generated,768,768,4,5,32,768.0,768.0,768.0,768.0,0.9945653918148694,0.9910690394690711
matrix_free_joint_rank8_int4_per_row_hadamard,pooled_router_square_column_generated,768,768,4,6,32,768.0,768.0,768.0,768.0,0.9947042807745858,0.9917713695901113
matrix_free_joint_rank8_int4_per_row_hadamard,pooled_router_square_column_generated,768,768,4,7,32,768.0,768.0,768.0,768.0,0.9932749756098412,0.9897129240953965
matrix_free_joint_rank8_int4_per_row_hadamard,pooled_router_square_column_generated,768,768,4,8,32,767.875,768.0,768.0,768.0,0.9932088833081014,0.9898172094941394
matrix_free_joint_rank8_int4_per_row_hadamard,pooled_router_square_column_generated,768,768,20,1,32,768.0,768.0,768.0,768.0,0.9940963851052114,0.9904923802558804
matrix_free_joint_rank8_int4_per_row_hadamard,pooled_router_square_column_generated,768,768,20,2,32,767.96875,768.0,768.0,768.0,0.9962468486427161,0.9891409298842108
matrix_free_joint_rank8_int4_per_row_hadamard,pooled_router_square_column_generated,768,768,20,3,32,768.0,768.0,768.0,768.0,0.994846089308832,0.9907373962680612
matrix_free_joint_rank8_int4_per_row_hadamard,pooled_router_square_column_generated,768,768,20,4,32,768.0,768.0,768.0,768.0,0.9937104434908135,0.9896074707498912
matrix_free_joint_rank8_int4_per_row_hadamard,pooled_router_square_column_generated,768,768,20,5,32,768.0,768.0,768.0,768.0,0.9940346304361247,0.9909443497229722
matrix_free_joint_rank8_int4_per_row_hadamard,pooled_router_square_column_generated,768,768,20,6,32,767.5,768.0,768.0,768.0,0.9925332323707271,0.9900048206225879
matrix_free_joint_rank8_int4_per_row_hadamard,pooled_router_square_column_generated,768,768,20,7,32,768.0,768.0,768.0,768.0,0.9941383465845324,0.9901573646464131
matrix_free_joint_rank8_int4_per_row_hadamard,pooled_router_square_column_generated,768,768,20,8,32,767.53125,768.0,768.0,768.0,0.9930567342895926,0.9888123116250346
matrix_free_joint_rank8_int4_per_row_hadamard,pooled_router_square_column_generated,768,768,39,1,32,768.0,768.0,768.0,768.0,0.997986680684482,0.993458068622626
matrix_free_joint_rank8_int4_per_row_hadamard,pooled_router_square_column_generated,768,768,39,2,32,768.0,768.0,768.0,768.0,0.9975364647790634,0.9944029486016107
matrix_free_joint_rank8_int4_per_row_hadamard,pooled_router_square_column_generated,768,768,39,3,32,768.0,768.0,768.0,768.0,0.9968559922443658,0.993488436350726
matrix_free_joint_rank8_int4_per_row_hadamard,pooled_router_square_column_generated,768,768,39,4,32,768.0,768.0,768.0,768.0,0.9958187348143704,0.9934630382691191
matrix_free_joint_rank8_int4_per_row_hadamard,pooled_router_square_column_generated,768,768,39,5,32,768.0,768.0,768.0,768.0,0.9956431631290654,0.9905065978456006
matrix_free_joint_rank8_int4_per_row_hadamard,pooled_router_square_column_generated,768,768,39,6,32,768.0,768.0,768.0,768.0,0.9944415678843144,0.9906696061302428
matrix_free_joint_rank8_int4_per_row_hadamard,pooled_router_square_column_generated,768,768,39,7,32,767.8125,768.0,768.0,768.0,0.9954379040949609,0.9911624534829067
matrix_free_joint_rank8_int4_per_row_hadamard,pooled_router_square_column_generated,768,768,39,8,32,767.84375,768.0,768.0,768.0,0.9948499402505333,0.9884488693296241
matrix_free_joint_rank8_int4_per_row_hadamard,pooled_router_square_column_generated,768,1152,0,1,32,818.53125,789.5,612.3,1044.8,0.9999991419209261,0.9999574914734969
matrix_free_joint_rank8_int4_per_row_hadamard,pooled_router_square_column_generated,768,1152,0,2,32,828.1875,789.0,590.3,1149.0,0.9999945584802363,0.9999365019553723
matrix_free_joint_rank8_int4_per_row_hadamard,pooled_router_square_column_generated,768,1152,0,3,32,806.40625,810.5,633.8,979.7,0.9999916209400526,0.999886428944352
matrix_free_joint_rank8_int4_per_row_hadamard,pooled_router_square_column_generated,768,1152,0,4,32,770.34375,768.0,637.7,930.2,0.9999804177894311,0.9998945624328568
matrix_free_joint_rank8_int4_per_row_hadamard,pooled_router_square_column_generated,768,1152,0,5,32,744.96875,739.0,602.5,945.5,0.999958954311214,0.9997385510495338
matrix_free_joint_rank8_int4_per_row_hadamard,pooled_router_square_column_generated,768,1152,0,6,32,758.09375,745.0,566.1,955.2,0.9999361140800838,0.9996899321183356
matrix_free_joint_rank8_int4_per_row_hadamard,pooled_router_square_column_generated,768,1152,0,7,32,711.09375,707.0,500.8,934.7000000000002,0.9998673225902657,0.9992546824373141
matrix_free_joint_rank8_int4_per_row_hadamard,pooled_router_square_column_generated,768,1152,0,8,32,705.84375,692.0,503.2,955.5,0.9998344386133049,0.9992787657393233
matrix_free_joint_rank8_int4_per_row_hadamard,pooled_router_square_column_generated,768,1152,4,1,32,1088.125,1122.5,978.2,1152.0,0.999630103078741,0.9988427730220334
matrix_free_joint_rank8_int4_per_row_hadamard,pooled_router_square_column_generated,768,1152,4,2,32,1018.65625,1000.0,935.7,1125.5,0.9991949679662518,0.9983348148775799
matrix_free_joint_rank8_int4_per_row_hadamard,pooled_router_square_column_generated,768,1152,4,3,32,894.6875,888.0,769.3,1022.8,0.9977818170672335,0.99471284717104
matrix_free_joint_rank8_int4_per_row_hadamard,pooled_router_square_column_generated,768,1152,4,4,32,797.75,787.0,729.1,893.1,0.9960566766823824,0.9918954277682754
matrix_free_joint_rank8_int4_per_row_hadamard,pooled_router_square_column_generated,768,1152,4,5,32,716.75,719.5,619.4,794.7,0.9921986529087441,0.9831229558456785
matrix_free_joint_rank8_int4_per_row_hadamard,pooled_router_square_column_generated,768,1152,4,6,32,627.25,614.5,530.4,757.1,0.987872912284842,0.9720549556015998
matrix_free_joint_rank8_int4_per_row_hadamard,pooled_router_square_column_generated,768,1152,4,7,32,539.1875,534.0,434.5,654.9000000000001,0.9757773164534864,0.9450338906367292
matrix_free_joint_rank8_int4_per_row_hadamard,pooled_router_square_column_generated,768,1152,4,8,32,458.625,470.5,352.4,576.0,0.9714163466469873,0.9306507272788712
matrix_free_joint_rank8_int4_per_row_hadamard,pooled_router_square_column_generated,768,1152,20,1,32,1016.75,1057.0,855.6,1152.0,0.9992339494069039,0.997047036750189
matrix_free_joint_rank8_int4_per_row_hadamard,pooled_router_square_column_generated,768,1152,20,2,32,865.1875,907.5,730.0,955.5,0.998220602791696,0.9930868134616616
matrix_free_joint_rank8_int4_per_row_hadamard,pooled_router_square_column_generated,768,1152,20,3,32,857.875,864.0,768.0,981.9,0.9972723789883262,0.9909034626125011
matrix_free_joint_rank8_int4_per_row_hadamard,pooled_router_square_column_generated,768,1152,20,4,32,769.71875,765.0,709.0,873.9,0.9943198103881994,0.9865223956720383
matrix_free_joint_rank8_int4_per_row_hadamard,pooled_router_square_column_generated,768,1152,20,5,32,727.03125,749.0,644.1,803.4,0.9923985034126044,0.986178087709524
matrix_free_joint_rank8_int4_per_row_hadamard,pooled_router_square_column_generated,768,1152,20,6,32,674.46875,684.0,579.2,768.0,0.9888208703699486,0.9817581140987012
matrix_free_joint_rank8_int4_per_row_hadamard,pooled_router_square_column_generated,768,1152,20,7,32,635.875,634.0,541.8,729.0,0.9876126596947138,0.9716955914744962
matrix_free_joint_rank8_int4_per_row_hadamard,pooled_router_square_column_generated,768,1152,20,8,32,594.9375,580.5,485.1,691.4,0.9841337077411103,0.9673462788407008
matrix_free_joint_rank8_int4_per_row_hadamard,pooled_router_square_column_generated,768,1152,39,1,32,945.90625,934.5,768.0,1110.9,0.9994958555386859,0.9957369163217026
matrix_free_joint_rank8_int4_per_row_hadamard,pooled_router_square_column_generated,768,1152,39,2,32,887.625,872.0,768.8,1014.0,0.9987949454850262,0.9969744133457586
matrix_free_joint_rank8_int4_per_row_hadamard,pooled_router_square_column_generated,768,1152,39,3,32,844.34375,846.5,749.0,945.5,0.9986728718653759,0.994457382609617
matrix_free_joint_rank8_int4_per_row_hadamard,pooled_router_square_column_generated,768,1152,39,4,32,789.3125,768.0,688.1,904.6,0.996143234169031,0.9934131003621849
matrix_free_joint_rank8_int4_per_row_hadamard,pooled_router_square_column_generated,768,1152,39,5,32,740.46875,749.0,642.1,822.7,0.9955524298330397,0.9867105964486254
matrix_free_joint_rank8_int4_per_row_hadamard,pooled_router_square_column_generated,768,1152,39,6,32,704.40625,711.5,599.8,797.4,0.9925265880436577,0.9808556126893664
matrix_free_joint_rank8_int4_per_row_hadamard,pooled_router_square_column_generated,768,1152,39,7,32,650.53125,649.5,497.7,763.4,0.9914851826921833,0.9776003844213437
matrix_free_joint_rank8_int4_per_row_hadamard,pooled_router_square_column_generated,768,1152,39,8,32,579.6875,576.0,432.5,671.4,0.9842722838632476,0.9690729449303526
matrix_free_joint_rank8_int4_per_row_hadamard,pooled_router_square_column_generated,768,1536,0,1,32,817.53125,789.5,603.3,1044.8,0.9999991419209261,0.9999571637924767
matrix_free_joint_rank8_int4_per_row_hadamard,pooled_router_square_column_generated,768,1536,0,2,32,842.78125,789.0,590.4,1149.0,0.9999963998576045,0.9999415533357031
matrix_free_joint_rank8_int4_per_row_hadamard,pooled_router_square_column_generated,768,1536,0,3,32,804.03125,804.0,633.8,979.7,0.9999886042328079,0.9998829537840873
matrix_free_joint_rank8_int4_per_row_hadamard,pooled_router_square_column_generated,768,1536,0,4,32,768.0625,767.0,615.2,930.2,0.9999702469639653,0.9998945624328568
matrix_free_joint_rank8_int4_per_row_hadamard,pooled_router_square_column_generated,768,1536,0,5,32,742.5,722.5,602.5,945.5,0.9999516900202543,0.9997151171777462
matrix_free_joint_rank8_int4_per_row_hadamard,pooled_router_square_column_generated,768,1536,0,6,32,754.71875,729.0,566.1,955.2,0.9999361140800838,0.9996899321183356
matrix_free_joint_rank8_int4_per_row_hadamard,pooled_router_square_column_generated,768,1536,0,7,32,710.375,707.0,500.8,934.7000000000002,0.9998597121214243,0.9992546824373141
matrix_free_joint_rank8_int4_per_row_hadamard,pooled_router_square_column_generated,768,1536,0,8,32,703.40625,676.5,503.2,955.5,0.9998344386133049,0.9992617184816325
matrix_free_joint_rank8_int4_per_row_hadamard,pooled_router_square_column_generated,768,1536,4,1,32,1098.125,1109.0,978.2,1180.3,0.9996604776421603,0.9988269720998653
matrix_free_joint_rank8_int4_per_row_hadamard,pooled_router_square_column_generated,768,1536,4,2,32,1017.84375,1000.0,935.7,1125.5,0.9991949679662518,0.9976576442583421
matrix_free_joint_rank8_int4_per_row_hadamard,pooled_router_square_column_generated,768,1536,4,3,32,895.3125,894.0,769.3,1020.9,0.9977818170672335,0.99471284717104
matrix_free_joint_rank8_int4_per_row_hadamard,pooled_router_square_column_generated,768,1536,4,4,32,791.875,787.0,699.4,893.1,0.9960566766823824,0.9918348765091599
matrix_free_joint_rank8_int4_per_row_hadamard,pooled_router_square_column_generated,768,1536,4,5,32,721.96875,725.0,642.2,795.7,0.9921986529087441,0.9839900285854514
matrix_free_joint_rank8_int4_per_row_hadamard,pooled_router_square_column_generated,768,1536,4,6,32,632.9375,627.5,534.2,757.1,0.9892980839821874,0.9740256679290635
matrix_free_joint_rank8_int4_per_row_hadamard,pooled_router_square_column_generated,768,1536,4,7,32,533.96875,524.0,434.3,633.3000000000001,0.975324550856864,0.9450338906367292
matrix_free_joint_rank8_int4_per_row_hadamard,pooled_router_square_column_generated,768,1536,4,8,32,449.46875,459.5,297.1,571.8,0.969946527518744,0.9306507272788712
matrix_free_joint_rank8_int4_per_row_hadamard,pooled_router_square_column_generated,768,1536,20,1,32,1027.09375,1057.0,855.6,1186.3,0.9992339494069039,0.997047036750189
matrix_free_joint_rank8_int4_per_row_hadamard,pooled_router_square_column_generated,768,1536,20,2,32,866.90625,907.5,730.0,955.5,0.9984344189996817,0.9930868134616616
matrix_free_joint_rank8_int4_per_row_hadamard,pooled_router_square_column_generated,768,1536,20,3,32,857.125,864.0,741.0,981.9,0.9972723789883262,0.9908535131989336
matrix_free_joint_rank8_int4_per_row_hadamard,pooled_router_square_column_generated,768,1536,20,4,32,771.21875,765.0,709.0,879.3000000000001,0.9943198103881994,0.9865223956720383
matrix_free_joint_rank8_int4_per_row_hadamard,pooled_router_square_column_generated,768,1536,20,5,32,724.875,749.0,644.1,797.6,0.9923985034126044,0.986178087709524
matrix_free_joint_rank8_int4_per_row_hadamard,pooled_router_square_column_generated,768,1536,20,6,32,674.03125,684.0,579.2,768.0,0.9888208703699486,0.9817581140987012
matrix_free_joint_rank8_int4_per_row_hadamard,pooled_router_square_column_generated,768,1536,20,7,32,627.59375,632.5,538.1,729.0,0.9869375217028135,0.9716955914744962
matrix_free_joint_rank8_int4_per_row_hadamard,pooled_router_square_column_generated,768,1536,20,8,32,592.40625,580.5,485.1,691.4,0.9841337077411103,0.9673462788407008
matrix_free_joint_rank8_int4_per_row_hadamard,pooled_router_square_column_generated,768,1536,39,1,32,947.71875,934.5,768.0,1146.9,0.9994958555386859,0.9957369163217026
matrix_free_joint_rank8_int4_per_row_hadamard,pooled_router_square_column_generated,768,1536,39,2,32,886.0625,872.0,768.8,1004.6,0.9987949454850262,0.9969744133457586
matrix_free_joint_rank8_int4_per_row_hadamard,pooled_router_square_column_generated,768,1536,39,3,32,846.78125,846.5,749.0,945.5,0.9986728718653759,0.994457382609617
matrix_free_joint_rank8_int4_per_row_hadamard,pooled_router_square_column_generated,768,1536,39,4,32,787.3125,766.0,687.8,904.6,0.996143234169031,0.9925763056781918
matrix_free_joint_rank8_int4_per_row_hadamard,pooled_router_square_column_generated,768,1536,39,5,32,740.125,749.0,642.1,822.7,0.9955524298330397,0.9867105964486254
matrix_free_joint_rank8_int4_per_row_hadamard,pooled_router_square_column_generated,768,1536,39,6,32,703.6875,709.0,599.8,797.4,0.9924683439030656,0.9808556126893664
matrix_free_joint_rank8_int4_per_row_hadamard,pooled_router_square_column_generated,768,1536,39,7,32,651.15625,649.5,497.7,763.4,0.991561067855038,0.9776003844213437
matrix_free_joint_rank8_int4_per_row_hadamard,pooled_router_square_column_generated,768,1536,39,8,32,579.6875,576.0,432.5,671.4,0.9842722838632476,0.9690729449303526
matrix_free_joint_rank8_int4_per_row_hadamard,pooled_router_square_compressed,384,768,0,1,32,568.25,542.5,392.0,768.0,0.9992898041362022,0.996429352795762
matrix_free_joint_rank8_int4_per_row_hadamard,pooled_router_square_compressed,384,768,0,2,32,514.5625,491.5,373.0,749.0,0.9985052776179149,0.9922469937460915
matrix_free_joint_rank8_int4_per_row_hadamard,pooled_router_square_compressed,384,768,0,3,32,466.8125,476.0,362.2,583.2,0.9973449543103707,0.9904769774410779
matrix_free_joint_rank8_int4_per_row_hadamard,pooled_router_square_compressed,384,768,0,4,32,386.4375,384.0,306.3,456.7,0.9935303393075787,0.9839194015159404
matrix_free_joint_rank8_int4_per_row_hadamard,pooled_router_square_compressed,384,768,0,5,32,339.78125,337.0,237.4,452.70000000000005,0.9866220603871355,0.9732010393642889
matrix_free_joint_rank8_int4_per_row_hadamard,pooled_router_square_compressed,384,768,0,6,32,324.34375,334.0,223.2,408.6,0.9845139964647871,0.95389636158153
matrix_free_joint_rank8_int4_per_row_hadamard,pooled_router_square_compressed,384,768,0,7,32,249.75,249.5,148.2,361.50000000000006,0.9755874547546748,0.9244863941775434
matrix_free_joint_rank8_int4_per_row_hadamard,pooled_router_square_compressed,384,768,0,8,32,216.6875,202.0,111.7,352.8,0.9640349455859412,0.924581255673573
matrix_free_joint_rank8_int4_per_row_hadamard,pooled_router_square_compressed,384,768,4,1,32,718.3125,753.5,582.0,768.0,0.9940545432080254,0.9875264541591616
matrix_free_joint_rank8_int4_per_row_hadamard,pooled_router_square_compressed,384,768,4,2,32,640.25,625.5,567.0,748.2,0.9906121735852964,0.9764174846847575
matrix_free_joint_rank8_int4_per_row_hadamard,pooled_router_square_compressed,384,768,4,3,32,506.96875,508.0,384.0,629.1000000000001,0.9793575193503087,0.9433887745314936
matrix_free_joint_rank8_int4_per_row_hadamard,pooled_router_square_compressed,384,768,4,4,32,403.5,384.0,297.4,503.1,0.9704931235980946,0.9171314379067856
matrix_free_joint_rank8_int4_per_row_hadamard,pooled_router_square_compressed,384,768,4,5,32,299.5,302.5,184.2,384.0,0.9392686967453922,0.8224444290559731
matrix_free_joint_rank8_int4_per_row_hadamard,pooled_router_square_compressed,384,768,4,6,32,237.96875,234.5,140.4,383.5,0.9093105202426025,0.8058085906924195
matrix_free_joint_rank8_int4_per_row_hadamard,pooled_router_square_compressed,384,768,4,7,32,145.75,129.0,78.6,207.90000000000003,0.8328616925925338,0.6524317442694851
matrix_free_joint_rank8_int4_per_row_hadamard,pooled_router_square_compressed,384,768,4,8,32,114.65625,96.5,43.7,211.20000000000005,0.8087459500920555,0.6180089802002289
matrix_free_joint_rank8_int4_per_row_hadamard,pooled_router_square_compressed,384,768,20,1,32,663.96875,749.0,471.7,768.0,0.9918860453911663,0.9705380836951499
matrix_free_joint_rank8_int4_per_row_hadamard,pooled_router_square_compressed,384,768,20,2,32,493.71875,549.0,305.4,612.7,0.9805043151052912,0.9341353478122786
matrix_free_joint_rank8_int4_per_row_hadamard,pooled_router_square_compressed,384,768,20,3,32,488.6875,490.0,345.8,636.5,0.9723219747689411,0.9353183777851654
matrix_free_joint_rank8_int4_per_row_hadamard,pooled_router_square_compressed,384,768,20,4,32,392.6875,384.0,295.1,517.0000000000001,0.9472508554643015,0.911591733529491
matrix_free_joint_rank8_int4_per_row_hadamard,pooled_router_square_compressed,384,768,20,5,32,321.46875,330.0,234.4,394.7,0.9389195182310965,0.8765466559264349
matrix_free_joint_rank8_int4_per_row_hadamard,pooled_router_square_compressed,384,768,20,6,32,287.125,314.0,156.1,384.0,0.9205787314740952,0.8309194664447844
matrix_free_joint_rank8_int4_per_row_hadamard,pooled_router_square_compressed,384,768,20,7,32,223.25,206.0,117.4,329.9000000000001,0.8794010795933609,0.7865406304225088
matrix_free_joint_rank8_int4_per_row_hadamard,pooled_router_square_compressed,384,768,20,8,32,196.5,191.0,92.4,294.3,0.8768211030856916,0.7633160521923379
matrix_free_joint_rank8_int4_per_row_hadamard,pooled_router_square_compressed,384,768,39,1,32,585.59375,576.0,384.0,767.9,0.9953598823252567,0.9636325888186651
matrix_free_joint_rank8_int4_per_row_hadamard,pooled_router_square_compressed,384,768,39,2,32,515.1875,537.0,377.7,642.5,0.987369861071522,0.9713091728703548
matrix_free_joint_rank8_int4_per_row_hadamard,pooled_router_square_compressed,384,768,39,3,32,489.5,461.5,384.0,624.2,0.9869107138548169,0.9581802399415101
matrix_free_joint_rank8_int4_per_row_hadamard,pooled_router_square_compressed,384,768,39,4,32,421.25,419.0,315.1,576.0,0.9706678239015953,0.94294169174156
matrix_free_joint_rank8_int4_per_row_hadamard,pooled_router_square_compressed,384,768,39,5,32,326.71875,333.5,224.6,387.0,0.9475320884229095,0.870661185453399
matrix_free_joint_rank8_int4_per_row_hadamard,pooled_router_square_compressed,384,768,39,6,32,299.34375,282.5,193.6,407.90000000000003,0.9266426849361356,0.831795365559613
matrix_free_joint_rank8_int4_per_row_hadamard,pooled_router_square_compressed,384,768,39,7,32,246.71875,245.0,137.5,384.0,0.9381530790681734,0.8525490863214816
matrix_free_joint_rank8_int4_per_row_hadamard,pooled_router_square_compressed,384,768,39,8,32,181.0,179.5,82.3,290.50000000000006,0.8723367539245811,0.7500242892618371
matrix_free_joint_rank8_int4_per_row_hadamard,pooled_router_square_compressed,384,1152,0,1,32,577.90625,542.5,392.0,795.0000000000001,0.9994414224296696,0.996429352795762
matrix_free_joint_rank8_int4_per_row_hadamard,pooled_router_square_compressed,384,1152,0,2,32,527.1875,499.0,373.0,749.0,0.9988623599786413,0.9922469937460915
matrix_free_joint_rank8_int4_per_row_hadamard,pooled_router_square_compressed,384,1152,0,3,32,457.25,432.0,362.2,583.0,0.9970968785338901,0.9904769774410779
matrix_free_joint_rank8_int4_per_row_hadamard,pooled_router_square_compressed,384,1152,0,4,32,381.03125,384.0,289.3,456.7,0.9934610707307399,0.9839194015159404
matrix_free_joint_rank8_int4_per_row_hadamard,pooled_router_square_compressed,384,1152,0,5,32,337.9375,337.0,237.4,452.70000000000005,0.9866220603871355,0.9732010393642889
matrix_free_joint_rank8_int4_per_row_hadamard,pooled_router_square_compressed,384,1152,0,6,32,324.1875,334.0,223.2,408.6,0.9842324401384188,0.9567275793142667
matrix_free_joint_rank8_int4_per_row_hadamard,pooled_router_square_compressed,384,1152,0,7,32,244.28125,243.0,137.8,381.90000000000003,0.9755874547546748,0.9244863941775434
matrix_free_joint_rank8_int4_per_row_hadamard,pooled_router_square_compressed,384,1152,0,8,32,217.40625,202.0,111.7,352.8,0.9640349455859412,0.924581255673573
matrix_free_joint_rank8_int4_per_row_hadamard,pooled_router_square_compressed,384,1152,4,1,32,764.84375,755.0,582.0,936.7,0.995924447425004,0.9875264541591616
matrix_free_joint_rank8_int4_per_row_hadamard,pooled_router_square_compressed,384,1152,4,2,32,641.1875,625.5,567.0,768.0,0.9905183122523575,0.9764174846847575
matrix_free_joint_rank8_int4_per_row_hadamard,pooled_router_square_compressed,384,1152,4,3,32,502.34375,493.0,384.0,629.1000000000001,0.9793575193503087,0.9433887745314936
matrix_free_joint_rank8_int4_per_row_hadamard,pooled_router_square_compressed,384,1152,4,4,32,393.09375,384.0,285.6,503.1,0.9703021584671079,0.9157134016806763
matrix_free_joint_rank8_int4_per_row_hadamard,pooled_router_square_compressed,384,1152,4,5,32,286.75,291.5,165.0,383.3,0.9369095055146616,0.8224444290559731
matrix_free_joint_rank8_int4_per_row_hadamard,pooled_router_square_compressed,384,1152,4,6,32,228.96875,234.5,82.80000000000001,374.0000000000001,0.8919869753211465,0.8058085906924195
matrix_free_joint_rank8_int4_per_row_hadamard,pooled_router_square_compressed,384,1152,4,7,32,144.5,129.0,74.4,207.90000000000003,0.8239857105898122,0.6442726348293343
matrix_free_joint_rank8_int4_per_row_hadamard,pooled_router_square_compressed,384,1152,4,8,32,104.3125,86.5,38.5,211.00000000000006,0.7817833258567088,0.6167723948466143
matrix_free_joint_rank8_int4_per_row_hadamard,pooled_router_square_compressed,384,1152,20,1,32,709.25,749.0,471.7,939.0,0.9928100978601058,0.9705380836951499
matrix_free_joint_rank8_int4_per_row_hadamard,pooled_router_square_compressed,384,1152,20,2,32,490.78125,551.0,299.3,612.7,0.9828896634744215,0.9263818809015604
matrix_free_joint_rank8_int4_per_row_hadamard,pooled_router_square_compressed,384,1152,20,3,32,471.5,490.0,345.6,585.0,0.9715254567045257,0.9353183777851654
matrix_free_joint_rank8_int4_per_row_hadamard,pooled_router_square_compressed,384,1152,20,4,32,392.84375,384.0,295.1,517.0000000000001,0.9477240653224192,0.911591733529491
matrix_free_joint_rank8_int4_per_row_hadamard,pooled_router_square_compressed,384,1152,20,5,32,311.09375,312.5,196.0,394.7,0.935476171463415,0.8738906303481736
matrix_free_joint_rank8_int4_per_row_hadamard,pooled_router_square_compressed,384,1152,20,6,32,278.0625,271.5,156.1,384.0,0.9189644086823606,0.8309194664447844
matrix_free_joint_rank8_int4_per_row_hadamard,pooled_router_square_compressed,384,1152,20,7,32,226.9375,223.0,117.4,329.9000000000001,0.8809361379524072,0.7865406304225088
matrix_free_joint_rank8_int4_per_row_hadamard,pooled_router_square_compressed,384,1152,20,8,32,186.21875,182.0,75.3,277.20000000000005,0.8748237388700273,0.7395770218621687
matrix_free_joint_rank8_int4_per_row_hadamard,pooled_router_square_compressed,384,1152,39,1,32,595.28125,576.0,384.0,768.0,0.9955039398922354,0.9636325888186651
matrix_free_joint_rank8_int4_per_row_hadamard,pooled_router_square_compressed,384,1152,39,2,32,511.5625,537.0,377.7,631.7,0.987369861071522,0.9713091728703548
matrix_free_joint_rank8_int4_per_row_hadamard,pooled_router_square_compressed,384,1152,39,3,32,491.34375,461.5,384.0,624.2,0.9869107138548169,0.9585659489008299
matrix_free_joint_rank8_int4_per_row_hadamard,pooled_router_square_compressed,384,1152,39,4,32,419.1875,419.0,315.1,576.0,0.9706678239015953,0.94294169174156
matrix_free_joint_rank8_int4_per_row_hadamard,pooled_router_square_compressed,384,1152,39,5,32,326.71875,333.5,224.6,387.0,0.9475320884229095,0.870661185453399
matrix_free_joint_rank8_int4_per_row_hadamard,pooled_router_square_compressed,384,1152,39,6,32,299.5,282.5,193.6,407.90000000000003,0.9266426849361356,0.831795365559613
matrix_free_joint_rank8_int4_per_row_hadamard,pooled_router_square_compressed,384,1152,39,7,32,246.71875,245.0,137.5,384.0,0.9381530790681734,0.8525490863214816
matrix_free_joint_rank8_int4_per_row_hadamard,pooled_router_square_compressed,384,1152,39,8,32,174.3125,162.5,82.3,289.30000000000007,0.8723367539245811,0.7500242892618371
matrix_free_joint_rank8_int4_per_row_hadamard,pooled_router_square_compressed,384,1536,0,1,32,577.90625,542.5,392.0,795.0000000000001,0.9994414224296696,0.996429352795762
matrix_free_joint_rank8_int4_per_row_hadamard,pooled_router_square_compressed,384,1536,0,2,32,527.1875,499.0,373.0,749.0,0.9988623599786413,0.9922469937460915
matrix_free_joint_rank8_int4_per_row_hadamard,pooled_router_square_compressed,384,1536,0,3,32,457.25,432.0,362.2,583.0,0.9970968785338901,0.9904769774410779
matrix_free_joint_rank8_int4_per_row_hadamard,pooled_router_square_compressed,384,1536,0,4,32,381.03125,384.0,289.3,456.7,0.9934610707307399,0.9839194015159404
matrix_free_joint_rank8_int4_per_row_hadamard,pooled_router_square_compressed,384,1536,0,5,32,337.9375,337.0,237.4,452.70000000000005,0.9866220603871355,0.9732010393642889
matrix_free_joint_rank8_int4_per_row_hadamard,pooled_router_square_compressed,384,1536,0,6,32,324.1875,334.0,223.2,408.6,0.9842324401384188,0.9567275793142667
matrix_free_joint_rank8_int4_per_row_hadamard,pooled_router_square_compressed,384,1536,0,7,32,244.28125,243.0,137.8,381.90000000000003,0.9755874547546748,0.9244863941775434
matrix_free_joint_rank8_int4_per_row_hadamard,pooled_router_square_compressed,384,1536,0,8,32,217.40625,202.0,111.7,352.8,0.9640349455859412,0.924581255673573
matrix_free_joint_rank8_int4_per_row_hadamard,pooled_router_square_compressed,384,1536,4,1,32,764.9375,755.0,582.0,936.7,0.995924447425004,0.9875264541591616
matrix_free_joint_rank8_int4_per_row_hadamard,pooled_router_square_compressed,384,1536,4,2,32,641.1875,625.5,567.0,768.0,0.9905183122523575,0.9764174846847575
matrix_free_joint_rank8_int4_per_row_hadamard,pooled_router_square_compressed,384,1536,4,3,32,502.34375,493.0,384.0,629.1000000000001,0.9793575193503087,0.9433887745314936
matrix_free_joint_rank8_int4_per_row_hadamard,pooled_router_square_compressed,384,1536,4,4,32,393.09375,384.0,285.6,503.1,0.9703021584671079,0.9157134016806763
matrix_free_joint_rank8_int4_per_row_hadamard,pooled_router_square_compressed,384,1536,4,5,32,286.75,291.5,165.0,383.3,0.9369095055146616,0.8224444290559731
matrix_free_joint_rank8_int4_per_row_hadamard,pooled_router_square_compressed,384,1536,4,6,32,228.96875,234.5,82.80000000000001,374.0000000000001,0.8919869753211465,0.8058085906924195
matrix_free_joint_rank8_int4_per_row_hadamard,pooled_router_square_compressed,384,1536,4,7,32,144.5,129.0,74.4,207.90000000000003,0.8239857105898122,0.6442726348293343
matrix_free_joint_rank8_int4_per_row_hadamard,pooled_router_square_compressed,384,1536,4,8,32,104.3125,86.5,38.5,211.00000000000006,0.7817833258567088,0.6167723948466143
matrix_free_joint_rank8_int4_per_row_hadamard,pooled_router_square_compressed,384,1536,20,1,32,709.25,749.0,471.7,939.0,0.9928100978601058,0.9705380836951499
matrix_free_joint_rank8_int4_per_row_hadamard,pooled_router_square_compressed,384,1536,20,2,32,490.78125,551.0,299.3,612.7,0.9828896634744215,0.9263818809015604
matrix_free_joint_rank8_int4_per_row_hadamard,pooled_router_square_compressed,384,1536,20,3,32,471.5,490.0,345.6,585.0,0.9715254567045257,0.9353183777851654
matrix_free_joint_rank8_int4_per_row_hadamard,pooled_router_square_compressed,384,1536,20,4,32,392.84375,384.0,295.1,517.0000000000001,0.9477240653224192,0.911591733529491
matrix_free_joint_rank8_int4_per_row_hadamard,pooled_router_square_compressed,384,1536,20,5,32,311.09375,312.5,196.0,394.7,0.935476171463415,0.8738906303481736
matrix_free_joint_rank8_int4_per_row_hadamard,pooled_router_square_compressed,384,1536,20,6,32,278.0625,271.5,156.1,384.0,0.9189644086823606,0.8309194664447844
matrix_free_joint_rank8_int4_per_row_hadamard,pooled_router_square_compressed,384,1536,20,7,32,226.9375,223.0,117.4,329.9000000000001,0.8809361379524072,0.7865406304225088
matrix_free_joint_rank8_int4_per_row_hadamard,pooled_router_square_compressed,384,1536,20,8,32,186.21875,182.0,75.3,277.20000000000005,0.8748237388700273,0.7395770218621687
matrix_free_joint_rank8_int4_per_row_hadamard,pooled_router_square_compressed,384,1536,39,1,32,595.28125,576.0,384.0,768.0,0.9955039398922354,0.9636325888186651
matrix_free_joint_rank8_int4_per_row_hadamard,pooled_router_square_compressed,384,1536,39,2,32,511.5625,537.0,377.7,631.7,0.987369861071522,0.9713091728703548
matrix_free_joint_rank8_int4_per_row_hadamard,pooled_router_square_compressed,384,1536,39,3,32,491.34375,461.5,384.0,624.2,0.9869107138548169,0.9585659489008299
matrix_free_joint_rank8_int4_per_row_hadamard,pooled_router_square_compressed,384,1536,39,4,32,419.1875,419.0,315.1,576.0,0.9706678239015953,0.94294169174156
matrix_free_joint_rank8_int4_per_row_hadamard,pooled_router_square_compressed,384,1536,39,5,32,326.71875,333.5,224.6,387.0,0.9475320884229095,0.870661185453399
matrix_free_joint_rank8_int4_per_row_hadamard,pooled_router_square_compressed,384,1536,39,6,32,299.5,282.5,193.6,407.90000000000003,0.9266426849361356,0.831795365559613
matrix_free_joint_rank8_int4_per_row_hadamard,pooled_router_square_compressed,384,1536,39,7,32,246.71875,245.0,137.5,384.0,0.9381530790681734,0.8525490863214816
matrix_free_joint_rank8_int4_per_row_hadamard,pooled_router_square_compressed,384,1536,39,8,32,174.3125,162.5,82.3,289.30000000000007,0.8723367539245811,0.7500242892618371
matrix_free_joint_rank8_int4_per_row_hadamard,pooled_router_square_compressed,576,768,0,1,32,660.65625,647.0,541.3,768.0,0.9998667209083605,0.9995847571963101
matrix_free_joint_rank8_int4_per_row_hadamard,pooled_router_square_compressed,576,768,0,2,32,663.65625,687.5,494.5,768.0,0.9997840617025678,0.9984712289768829
matrix_free_joint_rank8_int4_per_row_hadamard,pooled_router_square_compressed,576,768,0,3,32,648.21875,660.0,512.0,768.0,0.9997111215199173,0.9982875132207887
matrix_free_joint_rank8_int4_per_row_hadamard,pooled_router_square_compressed,576,768,0,4,32,596.0,612.0,480.2,725.8000000000001,0.9994590446733814,0.9979153944148157
matrix_free_joint_rank8_int4_per_row_hadamard,pooled_router_square_compressed,576,768,0,5,32,547.65625,544.5,430.9,666.4000000000001,0.9986942661764763,0.99681681356168
matrix_free_joint_rank8_int4_per_row_hadamard,pooled_router_square_compressed,576,768,0,6,32,555.75,563.0,410.0,747.0,0.9984069448571733,0.9961254002244415
matrix_free_joint_rank8_int4_per_row_hadamard,pooled_router_square_compressed,576,768,0,7,32,484.625,480.0,384.0,621.9000000000001,0.9975804526465599,0.9905285498858355
matrix_free_joint_rank8_int4_per_row_hadamard,pooled_router_square_compressed,576,768,0,8,32,448.6875,421.5,299.3,623.8000000000001,0.9960450781399135,0.989778175783996
matrix_free_joint_rank8_int4_per_row_hadamard,pooled_router_square_compressed,576,768,4,1,32,763.875,768.0,749.0,768.0,0.9960789565154449,0.9919223860550943
matrix_free_joint_rank8_int4_per_row_hadamard,pooled_router_square_compressed,576,768,4,2,32,757.34375,768.0,730.3,768.0,0.9951635186577656,0.9899821192265037
matrix_free_joint_rank8_int4_per_row_hadamard,pooled_router_square_compressed,576,768,4,3,32,720.65625,749.0,621.8,768.0,0.9937320647994707,0.984716385056308
matrix_free_joint_rank8_int4_per_row_hadamard,pooled_router_square_compressed,576,768,4,4,32,659.65625,670.0,576.0,766.1,0.9923302736741282,0.9832843621633182
matrix_free_joint_rank8_int4_per_row_hadamard,pooled_router_square_compressed,576,768,4,5,32,571.875,576.0,489.2,653.1000000000001,0.9844327899773537,0.9583663096880555
matrix_free_joint_rank8_int4_per_row_hadamard,pooled_router_square_compressed,576,768,4,6,32,452.25,439.0,360.3,574.3000000000001,0.9700810666443038,0.9381848312359535
matrix_free_joint_rank8_int4_per_row_hadamard,pooled_router_square_compressed,576,768,4,7,32,378.625,384.0,312.3,463.1,0.9417218878357044,0.9143440956248446
matrix_free_joint_rank8_int4_per_row_hadamard,pooled_router_square_compressed,576,768,4,8,32,299.4375,303.0,166.0,384.0,0.9315924072346675,0.8650645790421773
matrix_free_joint_rank8_int4_per_row_hadamard,pooled_router_square_compressed,576,768,20,1,32,731.53125,768.0,608.0,768.0,0.9935837499373779,0.9873894909109519
matrix_free_joint_rank8_int4_per_row_hadamard,pooled_router_square_compressed,576,768,20,2,32,683.90625,739.0,549.3,768.0,0.9937322135020688,0.9757162993294629
matrix_free_joint_rank8_int4_per_row_hadamard,pooled_router_square_compressed,576,768,20,3,32,675.4375,707.5,557.1,768.0,0.9932129933272852,0.9687814627388588
matrix_free_joint_rank8_int4_per_row_hadamard,pooled_router_square_compressed,576,768,20,4,32,606.9375,611.5,498.3,729.9,0.9859088158267666,0.9681911374941321
matrix_free_joint_rank8_int4_per_row_hadamard,pooled_router_square_compressed,576,768,20,5,32,550.9375,576.0,449.0,631.6,0.9737261504803029,0.9659562788948466
matrix_free_joint_rank8_int4_per_row_hadamard,pooled_router_square_compressed,576,768,20,6,32,504.5,527.0,388.7,576.0,0.9712068273254131,0.9535373599870882
matrix_free_joint_rank8_int4_per_row_hadamard,pooled_router_square_compressed,576,768,20,7,32,459.375,446.0,384.0,576.0,0.9689371621083858,0.935561046816455
matrix_free_joint_rank8_int4_per_row_hadamard,pooled_router_square_compressed,576,768,20,8,32,391.65625,384.0,298.8,488.6000000000001,0.9426813236304847,0.921519915424586
matrix_free_joint_rank8_int4_per_row_hadamard,pooled_router_square_compressed,576,768,39,1,32,719.96875,749.0,583.1,768.0,0.9975732021864961,0.9891707706296125
matrix_free_joint_rank8_int4_per_row_hadamard,pooled_router_square_compressed,576,768,39,2,32,693.1875,729.0,578.8,768.0,0.9956578900751534,0.9926561694258802
matrix_free_joint_rank8_int4_per_row_hadamard,pooled_router_square_compressed,576,768,39,3,32,675.1875,690.5,578.7,768.0,0.9943110289558188,0.9860415444262476
matrix_free_joint_rank8_int4_per_row_hadamard,pooled_router_square_compressed,576,768,39,4,32,624.875,623.0,535.9,747.0,0.9897331167095433,0.9833475944556693
matrix_free_joint_rank8_int4_per_row_hadamard,pooled_router_square_compressed,576,768,39,5,32,544.53125,565.0,452.7,627.7,0.9854894823084632,0.9696518004278437
matrix_free_joint_rank8_int4_per_row_hadamard,pooled_router_square_compressed,576,768,39,6,32,513.15625,521.0,384.0,635.4,0.9795992196645172,0.9350072430099344
matrix_free_joint_rank8_int4_per_row_hadamard,pooled_router_square_compressed,576,768,39,7,32,464.0625,463.5,339.8,576.0,0.9730009884217711,0.9406777763229596
matrix_free_joint_rank8_int4_per_row_hadamard,pooled_router_square_compressed,576,768,39,8,32,368.59375,384.0,242.1,461.90000000000003,0.9436854477137204,0.8919642231156714
matrix_free_joint_rank8_int4_per_row_hadamard,pooled_router_square_compressed,576,1152,0,1,32,700.0,646.5,496.2,941.8,0.9999452943381142,0.9993271727761909
matrix_free_joint_rank8_int4_per_row_hadamard,pooled_router_square_compressed,576,1152,0,2,32,707.8125,679.0,491.4,993.1000000000001,0.9998491479550893,0.9994511394653923
matrix_free_joint_rank8_int4_per_row_hadamard,pooled_router_square_compressed,576,1152,0,3,32,638.40625,630.0,512.0,765.4000000000001,0.9996156405841476,0.998165011945478
matrix_free_joint_rank8_int4_per_row_hadamard,pooled_router_square_compressed,576,1152,0,4,32,579.5625,582.0,430.5,725.8000000000001,0.9993225792696216,0.997894512326988
matrix_free_joint_rank8_int4_per_row_hadamard,pooled_router_square_compressed,576,1152,0,5,32,541.40625,554.5,423.7,676.1,0.9986820811482511,0.9964017820441704
matrix_free_joint_rank8_int4_per_row_hadamard,pooled_router_square_compressed,576,1152,0,6,32,537.21875,540.0,399.2,681.5,0.9982140015102934,0.9948750048068646
matrix_free_joint_rank8_int4_per_row_hadamard,pooled_router_square_compressed,576,1152,0,7,32,467.3125,454.5,338.8,576.0,0.9970702864470611,0.9874460306092974
matrix_free_joint_rank8_int4_per_row_hadamard,pooled_router_square_compressed,576,1152,0,8,32,433.65625,405.5,299.3,623.8000000000001,0.9949752315206828,0.9879078825905606
matrix_free_joint_rank8_int4_per_row_hadamard,pooled_router_square_compressed,576,1152,4,1,32,935.4375,958.5,771.7,1047.0,0.998705607838493,0.9965190349359411
matrix_free_joint_rank8_int4_per_row_hadamard,pooled_router_square_compressed,576,1152,4,2,32,848.84375,839.0,749.0,991.6,0.9974282555477723,0.991416867106693
matrix_free_joint_rank8_int4_per_row_hadamard,pooled_router_square_compressed,576,1152,4,3,32,700.03125,729.0,576.1,768.0,0.9936383618788045,0.9846922311351988
matrix_free_joint_rank8_int4_per_row_hadamard,pooled_router_square_compressed,576,1152,4,4,32,615.8125,581.5,486.8,735.3000000000001,0.9901195987839797,0.9705301884781594
matrix_free_joint_rank8_int4_per_row_hadamard,pooled_router_square_compressed,576,1152,4,5,32,530.1875,553.5,369.8,616.3000000000001,0.9755166770521633,0.9384927352551218
matrix_free_joint_rank8_int4_per_row_hadamard,pooled_router_square_compressed,576,1152,4,6,32,416.90625,395.0,288.6,574.3000000000001,0.9664193068544578,0.9331959876660886
matrix_free_joint_rank8_int4_per_row_hadamard,pooled_router_square_compressed,576,1152,4,7,32,328.75,325.5,245.5,410.9,0.9360698535366195,0.8773769054613032
matrix_free_joint_rank8_int4_per_row_hadamard,pooled_router_square_compressed,576,1152,4,8,32,227.34375,208.0,123.0,353.3,0.8926866550257035,0.7547900670900156
matrix_free_joint_rank8_int4_per_row_hadamard,pooled_router_square_compressed,576,1152,20,1,32,877.625,907.0,611.3000000000001,1114.1,0.9978862275844314,0.9889008258951797
matrix_free_joint_rank8_int4_per_row_hadamard,pooled_router_square_compressed,576,1152,20,2,32,672.0625,729.0,531.8,768.0,0.9932045122821803,0.9754637123212753
matrix_free_joint_rank8_int4_per_row_hadamard,pooled_router_square_compressed,576,1152,20,3,32,673.625,706.5,557.1,768.0,0.992813780109074,0.9687814627388588
matrix_free_joint_rank8_int4_per_row_hadamard,pooled_router_square_compressed,576,1152,20,4,32,573.0625,576.0,462.7,726.5,0.9849231246303685,0.9623161869714552
matrix_free_joint_rank8_int4_per_row_hadamard,pooled_router_square_compressed,576,1152,20,5,32,519.65625,565.0,412.6,595.1,0.9736207589524664,0.9591707562013536
matrix_free_joint_rank8_int4_per_row_hadamard,pooled_router_square_compressed,576,1152,20,6,32,466.6875,482.5,342.6,575.2,0.9706879541655794,0.9343790234664978
matrix_free_joint_rank8_int4_per_row_hadamard,pooled_router_square_compressed,576,1152,20,7,32,438.15625,424.5,373.1,572.8000000000001,0.9668857586985324,0.9300282086335236
matrix_free_joint_rank8_int4_per_row_hadamard,pooled_router_square_compressed,576,1152,20,8,32,383.625,384.0,324.3,457.1,0.9426813236304847,0.921519915424586
matrix_free_joint_rank8_int4_per_row_hadamard,pooled_router_square_compressed,576,1152,39,1,32,790.625,749.0,583.1,1002.9000000000001,0.9984162431544101,0.9891707706296125
matrix_free_joint_rank8_int4_per_row_hadamard,pooled_router_square_compressed,576,1152,39,2,32,716.375,729.0,578.8,889.2,0.9957901702470203,0.9926279891662055
matrix_free_joint_rank8_int4_per_row_hadamard,pooled_router_square_compressed,576,1152,39,3,32,667.8125,679.0,497.40000000000003,791.4000000000001,0.9943059632793946,0.9819128895124375
matrix_free_joint_rank8_int4_per_row_hadamard,pooled_router_square_compressed,576,1152,39,4,32,605.96875,602.0,450.8,747.0,0.9874960866667661,0.9793021022206033
matrix_free_joint_rank8_int4_per_row_hadamard,pooled_router_square_compressed,576,1152,39,5,32,531.0,531.0,444.6,627.7,0.9852267154037042,0.9432617595449615
matrix_free_joint_rank8_int4_per_row_hadamard,pooled_router_square_compressed,576,1152,39,6,32,489.625,480.0,363.0,613.5,0.9710890960247249,0.9348156106113721
matrix_free_joint_rank8_int4_per_row_hadamard,pooled_router_square_compressed,576,1152,39,7,32,442.9375,463.5,287.0,576.0,0.9730009884217711,0.937626861938331
matrix_free_joint_rank8_int4_per_row_hadamard,pooled_router_square_compressed,576,1152,39,8,32,358.4375,379.0,241.4,461.90000000000003,0.9391596976961676,0.8809365797655998
matrix_free_joint_rank8_int4_per_row_hadamard,pooled_router_square_compressed,576,1536,0,1,32,700.0,646.5,496.2,941.8,0.9999452943381142,0.9993271727761909
matrix_free_joint_rank8_int4_per_row_hadamard,pooled_router_square_compressed,576,1536,0,2,32,707.8125,679.0,491.4,993.1000000000001,0.9998491479550893,0.9994511394653923
matrix_free_joint_rank8_int4_per_row_hadamard,pooled_router_square_compressed,576,1536,0,3,32,638.40625,630.0,512.0,765.4000000000001,0.9996156405841476,0.998165011945478
matrix_free_joint_rank8_int4_per_row_hadamard,pooled_router_square_compressed,576,1536,0,4,32,579.5625,582.0,430.5,725.8000000000001,0.9993225792696216,0.997894512326988
matrix_free_joint_rank8_int4_per_row_hadamard,pooled_router_square_compressed,576,1536,0,5,32,541.40625,554.5,423.7,676.1,0.9986820811482511,0.9964017820441704
matrix_free_joint_rank8_int4_per_row_hadamard,pooled_router_square_compressed,576,1536,0,6,32,537.21875,540.0,399.2,681.5,0.9982140015102934,0.9948750048068646
matrix_free_joint_rank8_int4_per_row_hadamard,pooled_router_square_compressed,576,1536,0,7,32,467.3125,454.5,338.8,576.0,0.9970702864470611,0.9874460306092974
matrix_free_joint_rank8_int4_per_row_hadamard,pooled_router_square_compressed,576,1536,0,8,32,433.65625,405.5,299.3,623.8000000000001,0.9949752315206828,0.9879078825905606
matrix_free_joint_rank8_int4_per_row_hadamard,pooled_router_square_compressed,576,1536,4,1,32,938.125,958.5,771.7,1047.0,0.998705607838493,0.9965190349359411
matrix_free_joint_rank8_int4_per_row_hadamard,pooled_router_square_compressed,576,1536,4,2,32,848.84375,839.0,749.0,991.6,0.9974282555477723,0.991416867106693
matrix_free_joint_rank8_int4_per_row_hadamard,pooled_router_square_compressed,576,1536,4,3,32,697.25,729.0,576.1,768.0,0.9927115321886358,0.9846922311351988
matrix_free_joint_rank8_int4_per_row_hadamard,pooled_router_square_compressed,576,1536,4,4,32,615.8125,581.5,486.8,735.3000000000001,0.9901195987839797,0.9705301884781594
matrix_free_joint_rank8_int4_per_row_hadamard,pooled_router_square_compressed,576,1536,4,5,32,530.1875,553.5,369.8,616.3000000000001,0.9755166770521633,0.9384927352551218
matrix_free_joint_rank8_int4_per_row_hadamard,pooled_router_square_compressed,576,1536,4,6,32,416.90625,395.0,288.6,574.3000000000001,0.9664193068544578,0.9331959876660886
matrix_free_joint_rank8_int4_per_row_hadamard,pooled_router_square_compressed,576,1536,4,7,32,328.75,325.5,245.5,410.9,0.9360698535366195,0.8773769054613032
matrix_free_joint_rank8_int4_per_row_hadamard,pooled_router_square_compressed,576,1536,4,8,32,227.34375,208.0,123.0,353.3,0.8926866550257035,0.7547900670900156
matrix_free_joint_rank8_int4_per_row_hadamard,pooled_router_square_compressed,576,1536,20,1,32,880.25,907.0,611.3000000000001,1114.1,0.9978862275844314,0.9889008258951797
matrix_free_joint_rank8_int4_per_row_hadamard,pooled_router_square_compressed,576,1536,20,2,32,672.0625,729.0,531.8,768.0,0.9932045122821803,0.9754637123212753
matrix_free_joint_rank8_int4_per_row_hadamard,pooled_router_square_compressed,576,1536,20,3,32,672.40625,706.5,557.1,768.0,0.992813780109074,0.9687814627388588
matrix_free_joint_rank8_int4_per_row_hadamard,pooled_router_square_compressed,576,1536,20,4,32,576.65625,576.0,479.8,726.5,0.9849231246303685,0.9635696371298865
matrix_free_joint_rank8_int4_per_row_hadamard,pooled_router_square_compressed,576,1536,20,5,32,514.75,565.0,395.8,595.1,0.973428788274817,0.9506534371795295
matrix_free_joint_rank8_int4_per_row_hadamard,pooled_router_square_compressed,576,1536,20,6,32,466.6875,482.5,342.6,575.2,0.9706879541655794,0.9343790234664978
matrix_free_joint_rank8_int4_per_row_hadamard,pooled_router_square_compressed,576,1536,20,7,32,438.15625,424.5,373.1,572.8000000000001,0.9668857586985324,0.9300282086335236
matrix_free_joint_rank8_int4_per_row_hadamard,pooled_router_square_compressed,576,1536,20,8,32,383.625,384.0,324.3,457.1,0.9426813236304847,0.921519915424586
matrix_free_joint_rank8_int4_per_row_hadamard,pooled_router_square_compressed,576,1536,39,1,32,790.625,749.0,583.1,1002.9000000000001,0.9984162431544101,0.9891707706296125
matrix_free_joint_rank8_int4_per_row_hadamard,pooled_router_square_compressed,576,1536,39,2,32,716.375,729.0,578.8,889.2,0.9957901702470203,0.9926279891662055
matrix_free_joint_rank8_int4_per_row_hadamard,pooled_router_square_compressed,576,1536,39,3,32,667.8125,679.0,497.40000000000003,791.4000000000001,0.9943059632793946,0.9819128895124375
matrix_free_joint_rank8_int4_per_row_hadamard,pooled_router_square_compressed,576,1536,39,4,32,605.96875,602.0,450.8,747.0,0.9874960866667661,0.9793021022206033
matrix_free_joint_rank8_int4_per_row_hadamard,pooled_router_square_compressed,576,1536,39,5,32,531.0,531.0,444.6,627.7,0.9852267154037042,0.9432617595449615
matrix_free_joint_rank8_int4_per_row_hadamard,pooled_router_square_compressed,576,1536,39,6,32,489.625,480.0,363.0,613.5,0.9710890960247249,0.9348156106113721
matrix_free_joint_rank8_int4_per_row_hadamard,pooled_router_square_compressed,576,1536,39,7,32,442.9375,463.5,287.0,576.0,0.9730009884217711,0.937626861938331
matrix_free_joint_rank8_int4_per_row_hadamard,pooled_router_square_compressed,576,1536,39,8,32,358.4375,379.0,241.4,461.90000000000003,0.9391596976961676,0.8809365797655998
matrix_free_joint_rank8_int4_per_row_hadamard,pooled_router_square_compressed,749,768,0,1,32,738.90625,768.0,702.7,768.0,0.9999970787718911,0.9996826522168117
matrix_free_joint_rank8_int4_per_row_hadamard,pooled_router_square_compressed,749,768,0,2,32,744.78125,768.0,646.9,768.0,0.999985857691232,0.9984872636986432
matrix_free_joint_rank8_int4_per_row_hadamard,pooled_router_square_compressed,749,768,0,3,32,753.78125,768.0,727.0,768.0,0.9999463212798596,0.9994549687298135
matrix_free_joint_rank8_int4_per_row_hadamard,pooled_router_square_compressed,749,768,0,4,32,754.0625,768.0,727.0,768.0,0.9999806275985331,0.9996531235069044
matrix_free_joint_rank8_int4_per_row_hadamard,pooled_router_square_compressed,749,768,0,5,32,751.9375,768.0,727.0,768.0,0.9999905949755792,0.9992141513874245
matrix_free_joint_rank8_int4_per_row_hadamard,pooled_router_square_compressed,749,768,0,6,32,748.9375,768.0,727.0,768.0,0.9999771589202227,0.9990457859179445
matrix_free_joint_rank8_int4_per_row_hadamard,pooled_router_square_compressed,749,768,0,7,32,735.375,768.0,640.8,768.0,0.9999838461385028,0.9987593118761963
matrix_free_joint_rank8_int4_per_row_hadamard,pooled_router_square_compressed,749,768,0,8,32,732.96875,766.0,617.2,768.0,0.9999665088531468,0.9988487516540957
matrix_free_joint_rank8_int4_per_row_hadamard,pooled_router_square_compressed,749,768,4,1,32,766.875,768.0,768.0,768.0,0.9960789565154449,0.9919223860550943
matrix_free_joint_rank8_int4_per_row_hadamard,pooled_router_square_compressed,749,768,4,2,32,766.1875,768.0,768.0,768.0,0.9953579713446433,0.9899821192265037
matrix_free_joint_rank8_int4_per_row_hadamard,pooled_router_square_compressed,749,768,4,3,32,765.1875,768.0,768.0,768.0,0.994718412585547,0.9910811581035366
matrix_free_joint_rank8_int4_per_row_hadamard,pooled_router_square_compressed,749,768,4,4,32,764.8125,768.0,750.3,768.0,0.9954492729506715,0.9916765300165093
matrix_free_joint_rank8_int4_per_row_hadamard,pooled_router_square_compressed,749,768,4,5,32,762.125,768.0,749.0,768.0,0.9943166169481468,0.9906736090214373
matrix_free_joint_rank8_int4_per_row_hadamard,pooled_router_square_compressed,749,768,4,6,32,749.03125,761.5,717.3,768.0,0.9941230770542303,0.9903694429759903
matrix_free_joint_rank8_int4_per_row_hadamard,pooled_router_square_compressed,749,768,4,7,32,734.25,749.0,671.1,768.0,0.9927038807362807,0.986005538951904
matrix_free_joint_rank8_int4_per_row_hadamard,pooled_router_square_compressed,749,768,4,8,32,671.0,676.0,577.3,731.7,0.9876118545995447,0.9828674116706844
matrix_free_joint_rank8_int4_per_row_hadamard,pooled_router_square_compressed,749,768,20,1,32,766.75,768.0,768.0,768.0,0.9938808682205247,0.9900527805229392
matrix_free_joint_rank8_int4_per_row_hadamard,pooled_router_square_compressed,749,768,20,2,32,764.5,768.0,759.3,768.0,0.9960908954927085,0.9888641582331078
matrix_free_joint_rank8_int4_per_row_hadamard,pooled_router_square_compressed,749,768,20,3,32,763.53125,768.0,754.2,768.0,0.9945294761482282,0.9902104299549941
matrix_free_joint_rank8_int4_per_row_hadamard,pooled_router_square_compressed,749,768,20,4,32,763.78125,768.0,749.0,768.0,0.9935526758848547,0.9887009408260969
matrix_free_joint_rank8_int4_per_row_hadamard,pooled_router_square_compressed,749,768,20,5,32,751.34375,763.5,729.0,768.0,0.9931476021489629,0.9898163442663158
matrix_free_joint_rank8_int4_per_row_hadamard,pooled_router_square_compressed,749,768,20,6,32,741.28125,749.0,704.0,768.0,0.9918265859013045,0.9874907713869318
matrix_free_joint_rank8_int4_per_row_hadamard,pooled_router_square_compressed,749,768,20,7,32,729.375,729.0,687.7,768.0,0.9925898756302645,0.9861108019211149
matrix_free_joint_rank8_int4_per_row_hadamard,pooled_router_square_compressed,749,768,20,8,32,704.34375,723.0,636.6,749.0,0.9902153492713103,0.9848356328501252
matrix_free_joint_rank8_int4_per_row_hadamard,pooled_router_square_compressed,749,768,39,1,32,765.4375,768.0,750.6,768.0,0.9978851684464503,0.993087803271325
matrix_free_joint_rank8_int4_per_row_hadamard,pooled_router_square_compressed,749,768,39,2,32,764.25,768.0,768.0,768.0,0.9974015399557623,0.9942935733591352
matrix_free_joint_rank8_int4_per_row_hadamard,pooled_router_square_compressed,749,768,39,3,32,761.71875,768.0,749.3,768.0,0.9966362476308273,0.9929648937472636
matrix_free_joint_rank8_int4_per_row_hadamard,pooled_router_square_compressed,749,768,39,4,32,758.125,768.0,740.2,768.0,0.9953907019618558,0.9920875780036844
matrix_free_joint_rank8_int4_per_row_hadamard,pooled_router_square_compressed,749,768,39,5,32,757.875,768.0,749.0,768.0,0.995222424752621,0.9875872352161353
matrix_free_joint_rank8_int4_per_row_hadamard,pooled_router_square_compressed,749,768,39,6,32,749.90625,768.0,720.9,768.0,0.99405238358984,0.9875004088906126
matrix_free_joint_rank8_int4_per_row_hadamard,pooled_router_square_compressed,749,768,39,7,32,727.40625,736.5,633.8,768.0,0.9940267214333518,0.9891591367936632
matrix_free_joint_rank8_int4_per_row_hadamard,pooled_router_square_compressed,749,768,39,8,32,698.625,710.0,625.6,759.8000000000001,0.9919748422612513,0.9860299748771291
matrix_free_joint_rank8_int4_per_row_hadamard,pooled_router_square_compressed,749,1152,0,1,32,819.96875,758.5,583.6,1147.9,0.9999982318547669,0.9999423319055695
matrix_free_joint_rank8_int4_per_row_hadamard,pooled_router_square_compressed,749,1152,0,2,32,817.59375,773.0,589.2,1146.3000000000002,0.9999924838409089,0.9999359240080371
matrix_free_joint_rank8_int4_per_row_hadamard,pooled_router_square_compressed,749,1152,0,3,32,792.34375,787.0,611.4,971.0000000000001,0.9999846764981133,0.9998575753745407
matrix_free_joint_rank8_int4_per_row_hadamard,pooled_router_square_compressed,749,1152,0,4,32,745.5625,749.0,608.4,909.9,0.9999644891831319,0.9998155431179581
matrix_free_joint_rank8_int4_per_row_hadamard,pooled_router_square_compressed,749,1152,0,5,32,723.84375,724.5,574.2,919.1,0.9999468413772743,0.9994765918014632
matrix_free_joint_rank8_int4_per_row_hadamard,pooled_router_square_compressed,749,1152,0,6,32,733.5,749.0,545.3,931.5000000000001,0.9998946877628496,0.9996627720046444
matrix_free_joint_rank8_int4_per_row_hadamard,pooled_router_square_compressed,749,1152,0,7,32,683.0625,676.5,498.1,852.9,0.9998054332813879,0.9986683009363794
matrix_free_joint_rank8_int4_per_row_hadamard,pooled_router_square_compressed,749,1152,0,8,32,674.375,636.0,502.2,946.8000000000001,0.9997362743916712,0.9988791063439748
matrix_free_joint_rank8_int4_per_row_hadamard,pooled_router_square_compressed,749,1152,4,1,32,1073.875,1084.5,975.5,1152.0,0.9995382702629052,0.9988047998049755
matrix_free_joint_rank8_int4_per_row_hadamard,pooled_router_square_compressed,749,1152,4,2,32,1004.65625,998.5,935.7,1120.2,0.9991802760241035,0.9977407435144331
matrix_free_joint_rank8_int4_per_row_hadamard,pooled_router_square_compressed,749,1152,4,3,32,877.3125,865.5,768.0,1022.8,0.9975758645748773,0.9937194329827569
matrix_free_joint_rank8_int4_per_row_hadamard,pooled_router_square_compressed,749,1152,4,4,32,773.59375,768.0,697.9,862.8,0.9955510820974756,0.9917327114327499
matrix_free_joint_rank8_int4_per_row_hadamard,pooled_router_square_compressed,749,1152,4,5,32,722.6875,729.0,619.4,773.6,0.9922367866044183,0.9851792216765619
matrix_free_joint_rank8_int4_per_row_hadamard,pooled_router_square_compressed,749,1152,4,6,32,606.53125,576.0,533.2,726.3000000000001,0.9873507635144139,0.9703702855293678
matrix_free_joint_rank8_int4_per_row_hadamard,pooled_router_square_compressed,749,1152,4,7,32,509.40625,498.5,384.0,602.6,0.9713508954416121,0.9383772190778152
matrix_free_joint_rank8_int4_per_row_hadamard,pooled_router_square_compressed,749,1152,4,8,32,419.9375,392.5,290.1,538.9,0.9649850667195912,0.9164225398725465
matrix_free_joint_rank8_int4_per_row_hadamard,pooled_router_square_compressed,749,1152,20,1,32,996.21875,1040.5,818.3,1152.0,0.999068535528465,0.996438331640814
matrix_free_joint_rank8_int4_per_row_hadamard,pooled_router_square_compressed,749,1152,20,2,32,837.46875,877.5,695.7,973.0000000000001,0.9971252702405202,0.9930189097433161
matrix_free_joint_rank8_int4_per_row_hadamard,pooled_router_square_compressed,749,1152,20,3,32,840.8125,839.5,713.7,947.9,0.9972368594365935,0.9873273779365933
matrix_free_joint_rank8_int4_per_row_hadamard,pooled_router_square_compressed,749,1152,20,4,32,754.125,749.0,652.4,872.0,0.9938982485201481,0.9862874199598572
matrix_free_joint_rank8_int4_per_row_hadamard,pooled_router_square_compressed,749,1152,20,5,32,712.6875,729.0,600.4,780.6,0.9916373996746755,0.9839207672913116
matrix_free_joint_rank8_int4_per_row_hadamard,pooled_router_square_compressed,749,1152,20,6,32,663.84375,686.0,576.0,768.0,0.9875580510216215,0.9780058717356992
matrix_free_joint_rank8_int4_per_row_hadamard,pooled_router_square_compressed,749,1152,20,7,32,611.53125,597.5,529.9,719.0,0.9861534691018159,0.9703474683803816
matrix_free_joint_rank8_int4_per_row_hadamard,pooled_router_square_compressed,749,1152,20,8,32,572.3125,576.0,485.1,677.2,0.9789353701617141,0.9666904748446157
matrix_free_joint_rank8_int4_per_row_hadamard,pooled_router_square_compressed,749,1152,39,1,32,938.96875,963.0,764.6,1072.9,0.999482433238517,0.9961168815557508
matrix_free_joint_rank8_int4_per_row_hadamard,pooled_router_square_compressed,749,1152,39,2,32,882.03125,879.0,768.0,1014.0,0.9987048055169279,0.9959435737803743
matrix_free_joint_rank8_int4_per_row_hadamard,pooled_router_square_compressed,749,1152,39,3,32,827.21875,811.0,731.0,959.0,0.9975788972027132,0.9933339064073761
matrix_free_joint_rank8_int4_per_row_hadamard,pooled_router_square_compressed,749,1152,39,4,32,773.8125,755.5,668.9,899.9,0.9953545002739637,0.9930452417298605
matrix_free_joint_rank8_int4_per_row_hadamard,pooled_router_square_compressed,749,1152,39,5,32,701.3125,729.0,576.2,768.0,0.9945060943849592,0.9745055447283347
matrix_free_joint_rank8_int4_per_row_hadamard,pooled_router_square_compressed,749,1152,39,6,32,681.28125,687.5,576.0,785.6,0.9884312489533453,0.9748912964037175
matrix_free_joint_rank8_int4_per_row_hadamard,pooled_router_square_compressed,749,1152,39,7,32,635.53125,641.5,497.7,755.1,0.9905963286159555,0.9761208868899774
matrix_free_joint_rank8_int4_per_row_hadamard,pooled_router_square_compressed,749,1152,39,8,32,547.25,575.0,418.0,657.6000000000001,0.9820992501375335,0.9554879701720757
matrix_free_joint_rank8_int4_per_row_hadamard,pooled_router_square_compressed,749,1536,0,1,32,819.71875,758.5,583.6,1147.9,0.9999982318547669,0.9999493230214219
matrix_free_joint_rank8_int4_per_row_hadamard,pooled_router_square_compressed,749,1536,0,2,32,831.125,773.0,589.2,1146.3000000000002,0.9999937817094577,0.9999367172973113
matrix_free_joint_rank8_int4_per_row_hadamard,pooled_router_square_compressed,749,1536,0,3,32,790.9375,787.0,611.4,971.0000000000001,0.9999846764981133,0.9998575753745407
matrix_free_joint_rank8_int4_per_row_hadamard,pooled_router_square_compressed,749,1536,0,4,32,745.5625,749.0,608.4,909.9,0.9999644891831319,0.9998155431179581
matrix_free_joint_rank8_int4_per_row_hadamard,pooled_router_square_compressed,749,1536,0,5,32,722.4375,724.5,566.1,919.1,0.999940222771976,0.9994765918014632
matrix_free_joint_rank8_int4_per_row_hadamard,pooled_router_square_compressed,749,1536,0,6,32,728.75,721.0,545.3,931.5000000000001,0.9998901377916909,0.9996627720046444
matrix_free_joint_rank8_int4_per_row_hadamard,pooled_router_square_compressed,749,1536,0,7,32,681.03125,676.5,498.1,852.9,0.9998054332813879,0.9986683009363794
matrix_free_joint_rank8_int4_per_row_hadamard,pooled_router_square_compressed,749,1536,0,8,32,670.53125,628.0,502.2,946.8000000000001,0.9997066784937638,0.9988791063439748
matrix_free_joint_rank8_int4_per_row_hadamard,pooled_router_square_compressed,749,1536,4,1,32,1085.53125,1084.5,975.5,1189.9,0.9995859257815427,0.9988047998049755
matrix_free_joint_rank8_int4_per_row_hadamard,pooled_router_square_compressed,749,1536,4,2,32,1004.65625,998.5,935.7,1120.2,0.9991802760241035,0.9977407435144331
matrix_free_joint_rank8_int4_per_row_hadamard,pooled_router_square_compressed,749,1536,4,3,32,877.3125,865.5,768.0,1022.8,0.9975758645748773,0.9937194329827569
matrix_free_joint_rank8_int4_per_row_hadamard,pooled_router_square_compressed,749,1536,4,4,32,770.6875,768.0,697.9,862.1,0.9952631713223281,0.9909313919638396
matrix_free_joint_rank8_int4_per_row_hadamard,pooled_router_square_compressed,749,1536,4,5,32,717.5625,729.0,613.1,769.8,0.9922367866044183,0.9846866666838133
matrix_free_joint_rank8_int4_per_row_hadamard,pooled_router_square_compressed,749,1536,4,6,32,604.375,576.0,527.3,744.3000000000001,0.9873507635144139,0.9699621981267613
matrix_free_joint_rank8_int4_per_row_hadamard,pooled_router_square_compressed,749,1536,4,7,32,505.375,497.5,386.0,598.8,0.9710704719548513,0.9383772190778152
matrix_free_joint_rank8_int4_per_row_hadamard,pooled_router_square_compressed,749,1536,4,8,32,422.78125,392.5,290.1,556.2,0.9649850667195912,0.9164225398725465
matrix_free_joint_rank8_int4_per_row_hadamard,pooled_router_square_compressed,749,1536,20,1,32,1004.9375,1040.5,818.3,1186.3,0.999068535528465,0.996438331640814
matrix_free_joint_rank8_int4_per_row_hadamard,pooled_router_square_compressed,749,1536,20,2,32,837.375,867.5,730.9,973.0000000000001,0.9971252702405202,0.9930189097433161
matrix_free_joint_rank8_int4_per_row_hadamard,pooled_router_square_compressed,749,1536,20,3,32,840.8125,839.5,713.7,947.9,0.9972368594365935,0.9873273779365933
matrix_free_joint_rank8_int4_per_row_hadamard,pooled_router_square_compressed,749,1536,20,4,32,756.0625,749.0,673.9,872.0,0.9938982485201481,0.9862874199598572
matrix_free_joint_rank8_int4_per_row_hadamard,pooled_router_square_compressed,749,1536,20,5,32,710.71875,729.0,600.4,768.0,0.9916373996746755,0.9851655222706092
matrix_free_joint_rank8_int4_per_row_hadamard,pooled_router_square_compressed,749,1536,20,6,32,659.34375,681.0,577.6,766.1,0.987398095384934,0.9780058717356992
matrix_free_joint_rank8_int4_per_row_hadamard,pooled_router_square_compressed,749,1536,20,7,32,611.53125,597.5,529.9,719.0,0.9861534691018159,0.9703474683803816
matrix_free_joint_rank8_int4_per_row_hadamard,pooled_router_square_compressed,749,1536,20,8,32,568.3125,576.0,485.1,677.2,0.9789353701617141,0.9656080644474855
matrix_free_joint_rank8_int4_per_row_hadamard,pooled_router_square_compressed,749,1536,39,1,32,940.09375,963.0,764.6,1072.9,0.999482433238517,0.9961168815557508
matrix_free_joint_rank8_int4_per_row_hadamard,pooled_router_square_compressed,749,1536,39,2,32,882.03125,879.0,768.0,1014.0,0.9987048055169279,0.9959435737803743
matrix_free_joint_rank8_int4_per_row_hadamard,pooled_router_square_compressed,749,1536,39,3,32,827.21875,811.0,731.0,959.0,0.9975788972027132,0.9933339064073761
matrix_free_joint_rank8_int4_per_row_hadamard,pooled_router_square_compressed,749,1536,39,4,32,772.59375,751.5,668.9,899.9,0.9953545002739637,0.9930233941921087
matrix_free_joint_rank8_int4_per_row_hadamard,pooled_router_square_compressed,749,1536,39,5,32,701.3125,729.0,576.2,768.0,0.9945060943849592,0.9745055447283347
matrix_free_joint_rank8_int4_per_row_hadamard,pooled_router_square_compressed,749,1536,39,6,32,681.28125,687.5,576.0,785.6,0.9884312489533453,0.9748912964037175
matrix_free_joint_rank8_int4_per_row_hadamard,pooled_router_square_compressed,749,1536,39,7,32,635.53125,641.5,497.7,755.1,0.9905963286159555,0.9761208868899774
matrix_free_joint_rank8_int4_per_row_hadamard,pooled_router_square_compressed,749,1536,39,8,32,547.25,575.0,418.0,657.6000000000001,0.9820992501375335,0.9554879701720757
matrix_free_joint_rank8_int4_per_row_hadamard,pooled_router_square_compressed,768,768,0,1,32,745.15625,768.0,727.0,768.0,0.9999975416636515,0.9996826522168117
matrix_free_joint_rank8_int4_per_row_hadamard,pooled_router_square_compressed,768,768,0,2,32,754.09375,768.0,727.0,768.0,0.999985857691232,0.9984872636986432
matrix_free_joint_rank8_int4_per_row_hadamard,pooled_router_square_compressed,768,768,0,3,32,760.90625,768.0,727.0,768.0,0.9999463212798596,0.9994549687298135
matrix_free_joint_rank8_int4_per_row_hadamard,pooled_router_square_compressed,768,768,0,4,32,763.8125,768.0,761.5,768.0,0.9999906976909638,0.9996531235069044
matrix_free_joint_rank8_int4_per_row_hadamard,pooled_router_square_compressed,768,768,0,5,32,760.0,768.0,727.0,768.0,0.9999917884798516,0.9992141513874245
matrix_free_joint_rank8_int4_per_row_hadamard,pooled_router_square_compressed,768,768,0,6,32,759.125,768.0,727.0,768.0,0.9999771589202227,0.9990457859179445
matrix_free_joint_rank8_int4_per_row_hadamard,pooled_router_square_compressed,768,768,0,7,32,756.34375,768.0,727.0,768.0,0.9999883926600929,0.9987593118761963
matrix_free_joint_rank8_int4_per_row_hadamard,pooled_router_square_compressed,768,768,0,8,32,754.375,768.0,727.0,768.0,0.9999904915987008,0.9988487516540957
matrix_free_joint_rank8_int4_per_row_hadamard,pooled_router_square_compressed,768,768,4,1,32,766.875,768.0,768.0,768.0,0.9960789565154449,0.9919223860550943
matrix_free_joint_rank8_int4_per_row_hadamard,pooled_router_square_compressed,768,768,4,2,32,766.1875,768.0,768.0,768.0,0.9953579713446433,0.9899821192265037
matrix_free_joint_rank8_int4_per_row_hadamard,pooled_router_square_compressed,768,768,4,3,32,767.40625,768.0,768.0,768.0,0.994718412585547,0.9910811581035366
matrix_free_joint_rank8_int4_per_row_hadamard,pooled_router_square_compressed,768,768,4,4,32,767.21875,768.0,768.0,768.0,0.9954492729506715,0.9916765300165093
matrix_free_joint_rank8_int4_per_row_hadamard,pooled_router_square_compressed,768,768,4,5,32,768.0,768.0,768.0,768.0,0.9943166169481468,0.9906975743735765
matrix_free_joint_rank8_int4_per_row_hadamard,pooled_router_square_compressed,768,768,4,6,32,767.59375,768.0,768.0,768.0,0.9944320051245965,0.9914087904563937
matrix_free_joint_rank8_int4_per_row_hadamard,pooled_router_square_compressed,768,768,4,7,32,766.59375,768.0,767.1,768.0,0.9931205752742716,0.9893157173860083
matrix_free_joint_rank8_int4_per_row_hadamard,pooled_router_square_compressed,768,768,4,8,32,767.59375,768.0,768.0,768.0,0.99270202904279,0.9895233024878354
matrix_free_joint_rank8_int4_per_row_hadamard,pooled_router_square_compressed,768,768,20,1,32,767.96875,768.0,768.0,768.0,0.9938808682205247,0.9900527805229392
matrix_free_joint_rank8_int4_per_row_hadamard,pooled_router_square_compressed,768,768,20,2,32,767.8125,768.0,768.0,768.0,0.9960908954927085,0.9888641582331078
matrix_free_joint_rank8_int4_per_row_hadamard,pooled_router_square_compressed,768,768,20,3,32,767.15625,768.0,768.0,768.0,0.9945294761482282,0.9902104299549941
matrix_free_joint_rank8_int4_per_row_hadamard,pooled_router_square_compressed,768,768,20,4,32,768.0,768.0,768.0,768.0,0.9935526758848547,0.9887009408260969
matrix_free_joint_rank8_int4_per_row_hadamard,pooled_router_square_compressed,768,768,20,5,32,767.3125,768.0,767.1,768.0,0.9939927927015535,0.9902496493741644
matrix_free_joint_rank8_int4_per_row_hadamard,pooled_router_square_compressed,768,768,20,6,32,767.5,768.0,768.0,768.0,0.9923103994879258,0.9900286739277665
matrix_free_joint_rank8_int4_per_row_hadamard,pooled_router_square_compressed,768,768,20,7,32,767.53125,768.0,768.0,768.0,0.9940385633783021,0.9897749608355078
matrix_free_joint_rank8_int4_per_row_hadamard,pooled_router_square_compressed,768,768,20,8,32,766.9375,768.0,768.0,768.0,0.992743145199289,0.9886472575721118
matrix_free_joint_rank8_int4_per_row_hadamard,pooled_router_square_compressed,768,768,39,1,32,766.625,768.0,766.1,768.0,0.9978851684464503,0.993087803271325
matrix_free_joint_rank8_int4_per_row_hadamard,pooled_router_square_compressed,768,768,39,2,32,765.46875,768.0,768.0,768.0,0.9974015399557623,0.9942935733591352
matrix_free_joint_rank8_int4_per_row_hadamard,pooled_router_square_compressed,768,768,39,3,32,767.875,768.0,768.0,768.0,0.9966688509387458,0.9929648937472636
matrix_free_joint_rank8_int4_per_row_hadamard,pooled_router_square_compressed,768,768,39,4,32,766.75,768.0,768.0,768.0,0.9954285396252655,0.9921500773010833
matrix_free_joint_rank8_int4_per_row_hadamard,pooled_router_square_compressed,768,768,39,5,32,767.34375,768.0,768.0,768.0,0.9952533626547454,0.989998372361262
matrix_free_joint_rank8_int4_per_row_hadamard,pooled_router_square_compressed,768,768,39,6,32,768.0,768.0,768.0,768.0,0.9941623124327471,0.9905309107702052
matrix_free_joint_rank8_int4_per_row_hadamard,pooled_router_square_compressed,768,768,39,7,32,767.8125,768.0,768.0,768.0,0.9952522372270043,0.9910346335023388
matrix_free_joint_rank8_int4_per_row_hadamard,pooled_router_square_compressed,768,768,39,8,32,766.96875,768.0,766.2,768.0,0.9946238868036662,0.9882558252819047
matrix_free_joint_rank8_int4_per_row_hadamard,pooled_router_square_compressed,768,1152,0,1,32,841.59375,758.5,602.7,1150.0,0.9999990053191998,0.9999648094247388
matrix_free_joint_rank8_int4_per_row_hadamard,pooled_router_square_compressed,768,1152,0,2,32,826.65625,789.0,590.3,1146.3000000000002,0.9999960342821864,0.9999366174668091
matrix_free_joint_rank8_int4_per_row_hadamard,pooled_router_square_compressed,768,1152,0,3,32,803.4375,811.0,622.3,972.5,0.9999894880734302,0.9998632496744949
matrix_free_joint_rank8_int4_per_row_hadamard,pooled_router_square_compressed,768,1152,0,4,32,765.75,769.0,621.7,923.6,0.9999750791057236,0.9998915916116925
matrix_free_joint_rank8_int4_per_row_hadamard,pooled_router_square_compressed,768,1152,0,5,32,737.09375,728.5,577.9,939.1,0.9999582745800913,0.9996093909590982
matrix_free_joint_rank8_int4_per_row_hadamard,pooled_router_square_compressed,768,1152,0,6,32,755.65625,749.0,574.2,955.2,0.999949936973805,0.9996666826650069
matrix_free_joint_rank8_int4_per_row_hadamard,pooled_router_square_compressed,768,1152,0,7,32,712.875,719.5,499.1,947.9000000000002,0.999849342415674,0.9993879490975641
matrix_free_joint_rank8_int4_per_row_hadamard,pooled_router_square_compressed,768,1152,0,8,32,699.125,686.0,503.2,951.0,0.9998258637290697,0.9992804584330035
matrix_free_joint_rank8_int4_per_row_hadamard,pooled_router_square_compressed,768,1152,4,1,32,1087.3125,1122.5,975.5,1152.0,0.9995970622994947,0.9989203633695074
matrix_free_joint_rank8_int4_per_row_hadamard,pooled_router_square_compressed,768,1152,4,2,32,1018.28125,1000.0,935.7,1136.8,0.9992097624085382,0.9974762075234221
matrix_free_joint_rank8_int4_per_row_hadamard,pooled_router_square_compressed,768,1152,4,3,32,902.5,894.0,776.6,1034.7,0.9978994887527299,0.9940323259273857
matrix_free_joint_rank8_int4_per_row_hadamard,pooled_router_square_compressed,768,1152,4,4,32,804.59375,768.0,745.4,910.2,0.9962758157876173,0.991606752228811
matrix_free_joint_rank8_int4_per_row_hadamard,pooled_router_square_compressed,768,1152,4,5,32,725.46875,726.5,622.0,804.1,0.9937384361496711,0.9852403117895725
matrix_free_joint_rank8_int4_per_row_hadamard,pooled_router_square_compressed,768,1152,4,6,32,635.25,637.0,564.3,749.0,0.9876130006384568,0.9765972182075975
matrix_free_joint_rank8_int4_per_row_hadamard,pooled_router_square_compressed,768,1152,4,7,32,520.71875,505.0,404.6,608.7,0.9736553806887756,0.9385409474452951
matrix_free_joint_rank8_int4_per_row_hadamard,pooled_router_square_compressed,768,1152,4,8,32,445.90625,390.5,352.4,576.0,0.9695085644247383,0.9159410834716492
matrix_free_joint_rank8_int4_per_row_hadamard,pooled_router_square_compressed,768,1152,20,1,32,1021.8125,1069.5,924.4,1152.0,0.9995062445458847,0.9969679803244222
matrix_free_joint_rank8_int4_per_row_hadamard,pooled_router_square_compressed,768,1152,20,2,32,864.875,893.0,730.0,973.0000000000001,0.9983947953062061,0.9930719431415487
matrix_free_joint_rank8_int4_per_row_hadamard,pooled_router_square_compressed,768,1152,20,3,32,862.5625,875.5,768.0,969.6,0.9972784380666926,0.9901784675682025
matrix_free_joint_rank8_int4_per_row_hadamard,pooled_router_square_compressed,768,1152,20,4,32,774.5,768.0,709.0,873.9,0.9941202026451995,0.9865038314377366
matrix_free_joint_rank8_int4_per_row_hadamard,pooled_router_square_compressed,768,1152,20,5,32,723.5625,749.0,633.3,780.9,0.9916056371764097,0.9862486269692867
matrix_free_joint_rank8_int4_per_row_hadamard,pooled_router_square_compressed,768,1152,20,6,32,678.0,697.5,579.2,768.0,0.9885683853445699,0.9810735286587309
matrix_free_joint_rank8_int4_per_row_hadamard,pooled_router_square_compressed,768,1152,20,7,32,618.53125,596.5,540.7,729.0,0.9864403628771238,0.9695223142855518
matrix_free_joint_rank8_int4_per_row_hadamard,pooled_router_square_compressed,768,1152,20,8,32,596.75,576.0,485.1,715.4000000000001,0.98521230904175,0.9666904748446157
matrix_free_joint_rank8_int4_per_row_hadamard,pooled_router_square_compressed,768,1152,39,1,32,945.0625,963.0,768.0,1131.6000000000001,0.999482433238517,0.9952872645372455
matrix_free_joint_rank8_int4_per_row_hadamard,pooled_router_square_compressed,768,1152,39,2,32,886.375,887.0,768.0,1014.0,0.9987575082542788,0.9959435737803743
matrix_free_joint_rank8_int4_per_row_hadamard,pooled_router_square_compressed,768,1152,39,3,32,847.09375,835.5,749.0,959.0,0.9986597307551741,0.9933798514263049
matrix_free_joint_rank8_int4_per_row_hadamard,pooled_router_square_compressed,768,1152,39,4,32,791.90625,786.5,668.9,907.7,0.9960260855092662,0.9936866946324434
matrix_free_joint_rank8_int4_per_row_hadamard,pooled_router_square_compressed,768,1152,39,5,32,733.5625,749.0,617.6,807.4,0.9953841577169209,0.9864309836932542
matrix_free_joint_rank8_int4_per_row_hadamard,pooled_router_square_compressed,768,1152,39,6,32,713.34375,739.0,591.6,791.4,0.9920367079158507,0.9821807995902851
matrix_free_joint_rank8_int4_per_row_hadamard,pooled_router_square_compressed,768,1152,39,7,32,647.96875,652.0,497.7,757.1,0.9915694033735802,0.9767911962221392
matrix_free_joint_rank8_int4_per_row_hadamard,pooled_router_square_compressed,768,1152,39,8,32,574.46875,576.0,432.5,685.8,0.9839693080611939,0.9582762573715131
matrix_free_joint_rank8_int4_per_row_hadamard,pooled_router_square_compressed,768,1536,0,1,32,840.09375,758.5,585.6,1150.0,0.9999990011664643,0.9999551553008129
matrix_free_joint_rank8_int4_per_row_hadamard,pooled_router_square_compressed,768,1536,0,2,32,841.6875,789.0,590.3,1146.3000000000002,0.9999967561196877,0.9999462002097893
matrix_free_joint_rank8_int4_per_row_hadamard,pooled_router_square_compressed,768,1536,0,3,32,801.96875,808.5,622.3,972.5,0.9999877930039504,0.9998632496744949
matrix_free_joint_rank8_int4_per_row_hadamard,pooled_router_square_compressed,768,1536,0,4,32,765.125,769.0,621.7,923.6,0.9999719678438446,0.9998915916116925
matrix_free_joint_rank8_int4_per_row_hadamard,pooled_router_square_compressed,768,1536,0,5,32,735.625,728.5,568.0,939.1,0.9999543712564578,0.9996093909590982
matrix_free_joint_rank8_int4_per_row_hadamard,pooled_router_square_compressed,768,1536,0,6,32,751.84375,731.5,574.2,955.2,0.999949936973805,0.9995828500281547
matrix_free_joint_rank8_int4_per_row_hadamard,pooled_router_square_compressed,768,1536,0,7,32,710.34375,706.5,499.1,947.9000000000002,0.9998351116663702,0.9993288360674304
matrix_free_joint_rank8_int4_per_row_hadamard,pooled_router_square_compressed,768,1536,0,8,32,695.40625,656.0,503.2,951.0,0.9998258637290697,0.9989521314507275
matrix_free_joint_rank8_int4_per_row_hadamard,pooled_router_square_compressed,768,1536,4,1,32,1105.28125,1123.0,975.5,1221.6000000000001,0.9996595281581274,0.9989203633695074
matrix_free_joint_rank8_int4_per_row_hadamard,pooled_router_square_compressed,768,1536,4,2,32,1018.59375,1000.0,935.7,1150.6000000000001,0.9992097624085382,0.9974762075234221
matrix_free_joint_rank8_int4_per_row_hadamard,pooled_router_square_compressed,768,1536,4,3,32,899.0625,894.0,776.6,1034.5,0.9977556304337514,0.9940323259273857
matrix_free_joint_rank8_int4_per_row_hadamard,pooled_router_square_compressed,768,1536,4,4,32,803.875,768.0,745.4,910.2,0.9962758157876173,0.991606752228811
matrix_free_joint_rank8_int4_per_row_hadamard,pooled_router_square_compressed,768,1536,4,5,32,723.78125,729.0,622.0,793.8000000000001,0.9937384361496711,0.9852403117895725
matrix_free_joint_rank8_int4_per_row_hadamard,pooled_router_square_compressed,768,1536,4,6,32,634.0,637.0,538.7,749.0,0.9876130006384568,0.9743243013911829
matrix_free_joint_rank8_int4_per_row_hadamard,pooled_router_square_compressed,768,1536,4,7,32,520.71875,505.0,404.6,608.7,0.9736553806887756,0.9385409474452951
matrix_free_joint_rank8_int4_per_row_hadamard,pooled_router_square_compressed,768,1536,4,8,32,435.25,390.5,297.1,575.4,0.9663902617600053,0.9159410834716492
matrix_free_joint_rank8_int4_per_row_hadamard,pooled_router_square_compressed,768,1536,20,1,32,1034.875,1069.5,924.4,1186.3,0.9995062445458847,0.9969679803244222
matrix_free_joint_rank8_int4_per_row_hadamard,pooled_router_square_compressed,768,1536,20,2,32,863.9375,893.0,730.0,973.0000000000001,0.9983947953062061,0.9930719431415487
matrix_free_joint_rank8_int4_per_row_hadamard,pooled_router_square_compressed,768,1536,20,3,32,861.625,875.5,741.0,969.6,0.9972784380666926,0.9901417660053577
matrix_free_joint_rank8_int4_per_row_hadamard,pooled_router_square_compressed,768,1536,20,4,32,771.8125,768.0,709.0,873.9,0.9941202026451995,0.9865038314377366
matrix_free_joint_rank8_int4_per_row_hadamard,pooled_router_square_compressed,768,1536,20,5,32,723.5625,749.0,633.3,780.9,0.9916056371764097,0.9862486269692867
matrix_free_joint_rank8_int4_per_row_hadamard,pooled_router_square_compressed,768,1536,20,6,32,678.0,697.5,579.2,768.0,0.9885683853445699,0.9810735286587309
matrix_free_joint_rank8_int4_per_row_hadamard,pooled_router_square_compressed,768,1536,20,7,32,612.40625,596.5,529.9,729.0,0.9860055064258659,0.9695223142855518
matrix_free_joint_rank8_int4_per_row_hadamard,pooled_router_square_compressed,768,1536,20,8,32,594.21875,576.0,485.1,715.4000000000001,0.98521230904175,0.9666904748446157
matrix_free_joint_rank8_int4_per_row_hadamard,pooled_router_square_compressed,768,1536,39,1,32,950.4375,963.0,768.0,1152.0,0.9995347523616968,0.9952872645372455
matrix_free_joint_rank8_int4_per_row_hadamard,pooled_router_square_compressed,768,1536,39,2,32,886.375,887.0,768.0,1014.0,0.9987575082542788,0.9959435737803743
matrix_free_joint_rank8_int4_per_row_hadamard,pooled_router_square_compressed,768,1536,39,3,32,847.09375,835.5,749.0,959.0,0.9986597307551741,0.9933798514263049
matrix_free_joint_rank8_int4_per_row_hadamard,pooled_router_square_compressed,768,1536,39,4,32,786.78125,764.5,668.9,907.7,0.9953570140860803,0.9933197255452476
matrix_free_joint_rank8_int4_per_row_hadamard,pooled_router_square_compressed,768,1536,39,5,32,733.5625,749.0,617.6,807.4,0.9953841577169209,0.9864309836932542
matrix_free_joint_rank8_int4_per_row_hadamard,pooled_router_square_compressed,768,1536,39,6,32,714.09375,749.0,578.1,791.4,0.9927127809668742,0.9821807995902851
matrix_free_joint_rank8_int4_per_row_hadamard,pooled_router_square_compressed,768,1536,39,7,32,647.34375,652.0,497.7,757.1,0.991455070851826,0.9767911962221392
matrix_free_joint_rank8_int4_per_row_hadamard,pooled_router_square_compressed,768,1536,39,8,32,574.46875,576.0,432.5,685.8,0.9839693080611939,0.9582762573715131
matrix_free_joint_rank8_int4_per_row_hadamard,uniform_per_expert,384,384,0,1,32,383.46875,384.0,384.0,384.0,0.9963785060531779,0.98849430074696
matrix_free_joint_rank8_int4_per_row_hadamard,uniform_per_expert,384,384,0,2,32,382.78125,384.0,384.0,384.0,0.9940585028354607,0.9803092058821001
matrix_free_joint_rank8_int4_per_row_hadamard,uniform_per_expert,384,384,0,3,32,383.0625,384.0,384.0,384.0,0.9923051664136112,0.980800474983606
matrix_free_joint_rank8_int4_per_row_hadamard,uniform_per_expert,384,384,0,4,32,383.125,384.0,384.0,384.0,0.9933271813161795,0.9847870028405448
matrix_free_joint_rank8_int4_per_row_hadamard,uniform_per_expert,384,384,0,5,32,384.0,384.0,384.0,384.0,0.9933855586092857,0.9841390562198895
matrix_free_joint_rank8_int4_per_row_hadamard,uniform_per_expert,384,384,0,6,32,383.90625,384.0,384.0,384.0,0.9923374379725938,0.9802749660867343
matrix_free_joint_rank8_int4_per_row_hadamard,uniform_per_expert,384,384,0,7,32,384.0,384.0,384.0,384.0,0.9928185694594951,0.9746075265224774
matrix_free_joint_rank8_int4_per_row_hadamard,uniform_per_expert,384,384,0,8,32,383.59375,384.0,384.0,384.0,0.9936347124317506,0.9788519690946417
matrix_free_joint_rank8_int4_per_row_hadamard,uniform_per_expert,384,384,4,1,32,383.4375,384.0,384.0,384.0,0.9654982767591778,0.9371952636121086
matrix_free_joint_rank8_int4_per_row_hadamard,uniform_per_expert,384,384,4,2,32,383.4375,384.0,384.0,384.0,0.961990061538434,0.9201988936945942
matrix_free_joint_rank8_int4_per_row_hadamard,uniform_per_expert,384,384,4,3,32,383.96875,384.0,384.0,384.0,0.9579996235695414,0.929316631998416
matrix_free_joint_rank8_int4_per_row_hadamard,uniform_per_expert,384,384,4,4,32,383.59375,384.0,383.1,384.0,0.9625850191555302,0.9388689336889684
matrix_free_joint_rank8_int4_per_row_hadamard,uniform_per_expert,384,384,4,5,32,384.0,384.0,384.0,384.0,0.9559149976755683,0.9265364538473166
matrix_free_joint_rank8_int4_per_row_hadamard,uniform_per_expert,384,384,4,6,32,382.875,384.0,384.0,384.0,0.9610368359154551,0.9374968269949119
matrix_free_joint_rank8_int4_per_row_hadamard,uniform_per_expert,384,384,4,7,32,384.0,384.0,384.0,384.0,0.9467904721521843,0.9120806796018555
matrix_free_joint_rank8_int4_per_row_hadamard,uniform_per_expert,384,384,4,8,32,383.9375,384.0,384.0,384.0,0.9472279670836483,0.9166854210033105
matrix_free_joint_rank8_int4_per_row_hadamard,uniform_per_expert,384,384,20,1,32,384.0,384.0,384.0,384.0,0.9484953746886753,0.9265610070766719
matrix_free_joint_rank8_int4_per_row_hadamard,uniform_per_expert,384,384,20,2,32,383.84375,384.0,384.0,384.0,0.9689478692077313,0.9233144584305744
matrix_free_joint_rank8_int4_per_row_hadamard,uniform_per_expert,384,384,20,3,32,383.9375,384.0,384.0,384.0,0.9557057341288959,0.9320941461637442
matrix_free_joint_rank8_int4_per_row_hadamard,uniform_per_expert,384,384,20,4,32,383.53125,384.0,384.0,384.0,0.9458911341827453,0.9184791673608299
matrix_free_joint_rank8_int4_per_row_hadamard,uniform_per_expert,384,384,20,5,32,383.96875,384.0,384.0,384.0,0.9462048070991,0.9198874287062809
matrix_free_joint_rank8_int4_per_row_hadamard,uniform_per_expert,384,384,20,6,32,383.40625,384.0,384.0,384.0,0.9387799564068948,0.925482376881682
matrix_free_joint_rank8_int4_per_row_hadamard,uniform_per_expert,384,384,20,7,32,384.0,384.0,384.0,384.0,0.9512128611734506,0.9111411541168773
matrix_free_joint_rank8_int4_per_row_hadamard,uniform_per_expert,384,384,20,8,32,383.9375,384.0,384.0,384.0,0.9458491213311817,0.9139084033443869
matrix_free_joint_rank8_int4_per_row_hadamard,uniform_per_expert,384,384,39,1,32,382.40625,384.0,379.1,384.0,0.9818974329176489,0.9420304246053116
matrix_free_joint_rank8_int4_per_row_hadamard,uniform_per_expert,384,384,39,2,32,383.59375,384.0,384.0,384.0,0.9761675224182078,0.9541852801923358
matrix_free_joint_rank8_int4_per_row_hadamard,uniform_per_expert,384,384,39,3,32,383.59375,384.0,384.0,384.0,0.9718905868386644,0.9437253750315147
matrix_free_joint_rank8_int4_per_row_hadamard,uniform_per_expert,384,384,39,4,32,383.5625,384.0,384.0,384.0,0.9651150347815427,0.940375383136148
matrix_free_joint_rank8_int4_per_row_hadamard,uniform_per_expert,384,384,39,5,32,383.78125,384.0,384.0,384.0,0.9628074163907023,0.9190144299702786
matrix_free_joint_rank8_int4_per_row_hadamard,uniform_per_expert,384,384,39,6,32,383.90625,384.0,384.0,384.0,0.9542613871766545,0.9142676578818519
matrix_free_joint_rank8_int4_per_row_hadamard,uniform_per_expert,384,384,39,7,32,383.875,384.0,384.0,384.0,0.959610156966433,0.933933488172622
matrix_free_joint_rank8_int4_per_row_hadamard,uniform_per_expert,384,384,39,8,32,382.75,384.0,380.4,384.0,0.9538982924303404,0.907640679320353
matrix_free_joint_rank8_int4_per_row_hadamard,uniform_per_expert,576,576,0,1,32,575.84375,576.0,576.0,576.0,0.9996702601690562,0.9976395979997805
matrix_free_joint_rank8_int4_per_row_hadamard,uniform_per_expert,576,576,0,2,32,575.71875,576.0,576.0,576.0,0.9993472807950329,0.9940710166978642
matrix_free_joint_rank8_int4_per_row_hadamard,uniform_per_expert,576,576,0,3,32,575.9375,576.0,576.0,576.0,0.998911399469933,0.996089132090181
matrix_free_joint_rank8_int4_per_row_hadamard,uniform_per_expert,576,576,0,4,32,574.40625,576.0,576.0,576.0,0.9993835548460221,0.9973881548582342
matrix_free_joint_rank8_int4_per_row_hadamard,uniform_per_expert,576,576,0,5,32,574.9375,576.0,576.0,576.0,0.9992434156105819,0.9961305566706613
matrix_free_joint_rank8_int4_per_row_hadamard,uniform_per_expert,576,576,0,6,32,575.78125,576.0,576.0,576.0,0.9991976385864174,0.9953713354149512
matrix_free_joint_rank8_int4_per_row_hadamard,uniform_per_expert,576,576,0,7,32,576.0,576.0,576.0,576.0,0.9992797454375144,0.9952937689318379
matrix_free_joint_rank8_int4_per_row_hadamard,uniform_per_expert,576,576,0,8,32,575.65625,576.0,576.0,576.0,0.999369438346766,0.9944587804261186
matrix_free_joint_rank8_int4_per_row_hadamard,uniform_per_expert,576,576,4,1,32,575.21875,576.0,576.0,576.0,0.9879844318886417,0.9772344874760942
matrix_free_joint_rank8_int4_per_row_hadamard,uniform_per_expert,576,576,4,2,32,575.8125,576.0,576.0,576.0,0.986478488028309,0.9689848888912891
matrix_free_joint_rank8_int4_per_row_hadamard,uniform_per_expert,576,576,4,3,32,575.34375,576.0,576.0,576.0,0.9851514488725921,0.9751792423629044
matrix_free_joint_rank8_int4_per_row_hadamard,uniform_per_expert,576,576,4,4,32,576.0,576.0,576.0,576.0,0.9860841498551643,0.9762316669575767
matrix_free_joint_rank8_int4_per_row_hadamard,uniform_per_expert,576,576,4,5,32,575.46875,576.0,576.0,576.0,0.9841905598772396,0.9728199989060238
matrix_free_joint_rank8_int4_per_row_hadamard,uniform_per_expert,576,576,4,6,32,576.0,576.0,576.0,576.0,0.9850314137851643,0.9734981575772959
matrix_free_joint_rank8_int4_per_row_hadamard,uniform_per_expert,576,576,4,7,32,575.9375,576.0,576.0,576.0,0.9806420886811558,0.9682154938793842
matrix_free_joint_rank8_int4_per_row_hadamard,uniform_per_expert,576,576,4,8,32,575.875,576.0,576.0,576.0,0.9804826693014002,0.9709626494964672
matrix_free_joint_rank8_int4_per_row_hadamard,uniform_per_expert,576,576,20,1,32,575.59375,576.0,576.0,576.0,0.980586233280377,0.9711793122200602
matrix_free_joint_rank8_int4_per_row_hadamard,uniform_per_expert,576,576,20,2,32,575.1875,576.0,576.0,576.0,0.9876584146449447,0.9701077197983651
matrix_free_joint_rank8_int4_per_row_hadamard,uniform_per_expert,576,576,20,3,32,575.9375,576.0,576.0,576.0,0.9832507552171786,0.9700925961508807
matrix_free_joint_rank8_int4_per_row_hadamard,uniform_per_expert,576,576,20,4,32,575.53125,576.0,576.0,576.0,0.9798041459071125,0.9676483157026898
matrix_free_joint_rank8_int4_per_row_hadamard,uniform_per_expert,576,576,20,5,32,575.90625,576.0,576.0,576.0,0.9806409245800812,0.9688692578598223
matrix_free_joint_rank8_int4_per_row_hadamard,uniform_per_expert,576,576,20,6,32,575.28125,576.0,576.0,576.0,0.9754335765795377,0.9717634108911289
matrix_free_joint_rank8_int4_per_row_hadamard,uniform_per_expert,576,576,20,7,32,576.0,576.0,576.0,576.0,0.9809662488905309,0.9695223142855518
matrix_free_joint_rank8_int4_per_row_hadamard,uniform_per_expert,576,576,20,8,32,575.4375,576.0,576.0,576.0,0.9794454745607183,0.9674784105815142
matrix_free_joint_rank8_int4_per_row_hadamard,uniform_per_expert,576,576,39,1,32,575.34375,576.0,576.0,576.0,0.9935564089480873,0.9800900126642871
matrix_free_joint_rank8_int4_per_row_hadamard,uniform_per_expert,576,576,39,2,32,574.78125,576.0,576.0,576.0,0.9917348957616869,0.983546314430179
matrix_free_joint_rank8_int4_per_row_hadamard,uniform_per_expert,576,576,39,3,32,574.71875,576.0,576.0,576.0,0.9895852241033511,0.9772874065453729
matrix_free_joint_rank8_int4_per_row_hadamard,uniform_per_expert,576,576,39,4,32,575.46875,576.0,576.0,576.0,0.9868844982385587,0.9783705526088834
matrix_free_joint_rank8_int4_per_row_hadamard,uniform_per_expert,576,576,39,5,32,576.0,576.0,576.0,576.0,0.9856857654221919,0.9718767912668469
matrix_free_joint_rank8_int4_per_row_hadamard,uniform_per_expert,576,576,39,6,32,575.90625,576.0,576.0,576.0,0.9824063926634701,0.9697587398858954
matrix_free_joint_rank8_int4_per_row_hadamard,uniform_per_expert,576,576,39,7,32,575.5625,576.0,576.0,576.0,0.9855698797022564,0.976291175822683
matrix_free_joint_rank8_int4_per_row_hadamard,uniform_per_expert,576,576,39,8,32,575.6875,576.0,575.1,576.0,0.9833889848322371,0.9651240528876353
matrix_free_joint_rank8_int4_per_row_hadamard,uniform_per_expert,749,749,0,1,32,732.8125,749.0,727.0,749.0,0.9999954931338344,0.9996391610558584
matrix_free_joint_rank8_int4_per_row_hadamard,uniform_per_expert,749,749,0,2,32,739.0625,749.0,727.0,749.0,0.9999724574667577,0.9982697709134177
matrix_free_joint_rank8_int4_per_row_hadamard,uniform_per_expert,749,749,0,3,32,745.34375,749.0,727.0,749.0,0.9999287427406733,0.999293737364991
matrix_free_joint_rank8_int4_per_row_hadamard,uniform_per_expert,749,749,0,4,32,746.8125,749.0,746.2,749.0,0.999980168230659,0.9995675338602923
matrix_free_joint_rank8_int4_per_row_hadamard,uniform_per_expert,749,749,0,5,32,744.8125,749.0,727.0,749.0,0.9999841830851635,0.9989621290793981
matrix_free_joint_rank8_int4_per_row_hadamard,uniform_per_expert,749,749,0,6,32,744.625,749.0,727.0,749.0,0.9999606420571863,0.9987834795540917
matrix_free_joint_rank8_int4_per_row_hadamard,uniform_per_expert,749,749,0,7,32,742.6875,749.0,727.0,749.0,0.9999778196243515,0.9986849886149447
matrix_free_joint_rank8_int4_per_row_hadamard,uniform_per_expert,749,749,0,8,32,739.78125,749.0,727.0,749.0,0.9999827549064624,0.998673241266952
matrix_free_joint_rank8_int4_per_row_hadamard,uniform_per_expert,749,749,4,1,32,749.0,749.0,749.0,749.0,0.9955871830226157,0.9910466892016866
matrix_free_joint_rank8_int4_per_row_hadamard,uniform_per_expert,749,749,4,2,32,747.375,749.0,742.0,749.0,0.9950092472135215,0.9884230556781047
matrix_free_joint_rank8_int4_per_row_hadamard,uniform_per_expert,749,749,4,3,32,747.34375,749.0,749.0,749.0,0.9941239761567532,0.9898039867239042
matrix_free_joint_rank8_int4_per_row_hadamard,uniform_per_expert,749,749,4,4,32,749.0,749.0,749.0,749.0,0.9948229900711856,0.9906857892377655
matrix_free_joint_rank8_int4_per_row_hadamard,uniform_per_expert,749,749,4,5,32,748.25,749.0,749.0,749.0,0.9938318997842028,0.989329344503436
matrix_free_joint_rank8_int4_per_row_hadamard,uniform_per_expert,749,749,4,6,32,748.03125,749.0,749.0,749.0,0.9939314869854443,0.9903498738875602
matrix_free_joint_rank8_int4_per_row_hadamard,uniform_per_expert,749,749,4,7,32,748.03125,749.0,749.0,749.0,0.9925635378311143,0.9882145679013876
matrix_free_joint_rank8_int4_per_row_hadamard,uniform_per_expert,749,749,4,8,32,749.0,749.0,749.0,749.0,0.9921419158402909,0.9883440830482414
matrix_free_joint_rank8_int4_per_row_hadamard,uniform_per_expert,749,749,20,1,32,748.96875,749.0,749.0,749.0,0.9930171534824981,0.9891922907009838
matrix_free_joint_rank8_int4_per_row_hadamard,uniform_per_expert,749,749,20,2,32,748.9375,749.0,749.0,749.0,0.9956686149424894,0.9878058161245488
matrix_free_joint_rank8_int4_per_row_hadamard,uniform_per_expert,749,749,20,3,32,748.59375,749.0,749.0,749.0,0.993872104836015,0.9891362012666826
matrix_free_joint_rank8_int4_per_row_hadamard,uniform_per_expert,749,749,20,4,32,748.96875,749.0,749.0,749.0,0.9930008089507067,0.9865479780571804
matrix_free_joint_rank8_int4_per_row_hadamard,uniform_per_expert,749,749,20,5,32,749.0,749.0,749.0,749.0,0.9928821315204868,0.9894271877920658
matrix_free_joint_rank8_int4_per_row_hadamard,uniform_per_expert,749,749,20,6,32,749.0,749.0,749.0,749.0,0.9912098510133225,0.9884959596884378
matrix_free_joint_rank8_int4_per_row_hadamard,uniform_per_expert,749,749,20,7,32,747.53125,749.0,744.2,749.0,0.9933208304904808,0.9882073839261667
matrix_free_joint_rank8_int4_per_row_hadamard,uniform_per_expert,749,749,20,8,32,748.9375,749.0,749.0,749.0,0.9920364871608849,0.987631331949449
matrix_free_joint_rank8_int4_per_row_hadamard,uniform_per_expert,749,749,39,1,32,748.78125,749.0,749.0,749.0,0.9976316517677806,0.9925961025818647
matrix_free_joint_rank8_int4_per_row_hadamard,uniform_per_expert,749,749,39,2,32,747.65625,749.0,749.0,749.0,0.9971336905317703,0.9935406299420837
matrix_free_joint_rank8_int4_per_row_hadamard,uniform_per_expert,749,749,39,3,32,748.1875,749.0,749.0,749.0,0.996370319334608,0.9919583640815713
matrix_free_joint_rank8_int4_per_row_hadamard,uniform_per_expert,749,749,39,4,32,748.5,749.0,749.0,749.0,0.9949550932465192,0.9918050215915447
matrix_free_joint_rank8_int4_per_row_hadamard,uniform_per_expert,749,749,39,5,32,748.75,749.0,749.0,749.0,0.9948038536886307,0.9887579293117317
matrix_free_joint_rank8_int4_per_row_hadamard,uniform_per_expert,749,749,39,6,32,749.0,749.0,749.0,749.0,0.9936913510597607,0.9887970879665493
matrix_free_joint_rank8_int4_per_row_hadamard,uniform_per_expert,749,749,39,7,32,748.90625,749.0,749.0,749.0,0.9947459187762442,0.9898545940816783
matrix_free_joint_rank8_int4_per_row_hadamard,uniform_per_expert,749,749,39,8,32,748.5,749.0,749.0,749.0,0.9938623677393346,0.9867857128355576
matrix_free_joint_rank8_int4_per_row_hadamard,uniform_per_expert,768,768,0,1,32,745.15625,768.0,727.0,768.0,0.9999975416636515,0.9996826522168117
matrix_free_joint_rank8_int4_per_row_hadamard,uniform_per_expert,768,768,0,2,32,754.09375,768.0,727.0,768.0,0.999985857691232,0.9984872636986432
matrix_free_joint_rank8_int4_per_row_hadamard,uniform_per_expert,768,768,0,3,32,760.90625,768.0,727.0,768.0,0.9999463212798596,0.9994549687298135
matrix_free_joint_rank8_int4_per_row_hadamard,uniform_per_expert,768,768,0,4,32,763.8125,768.0,761.5,768.0,0.9999906976909638,0.9996531235069044
matrix_free_joint_rank8_int4_per_row_hadamard,uniform_per_expert,768,768,0,5,32,760.0,768.0,727.0,768.0,0.9999917884798516,0.9992141513874245
matrix_free_joint_rank8_int4_per_row_hadamard,uniform_per_expert,768,768,0,6,32,759.125,768.0,727.0,768.0,0.9999771589202227,0.9990457859179445
matrix_free_joint_rank8_int4_per_row_hadamard,uniform_per_expert,768,768,0,7,32,756.34375,768.0,727.0,768.0,0.9999883926600929,0.9987593118761963
matrix_free_joint_rank8_int4_per_row_hadamard,uniform_per_expert,768,768,0,8,32,754.375,768.0,727.0,768.0,0.9999904915987008,0.9988487516540957
matrix_free_joint_rank8_int4_per_row_hadamard,uniform_per_expert,768,768,4,1,32,766.875,768.0,768.0,768.0,0.9960789565154449,0.9919223860550943
matrix_free_joint_rank8_int4_per_row_hadamard,uniform_per_expert,768,768,4,2,32,766.1875,768.0,768.0,768.0,0.9953579713446433,0.9899821192265037
matrix_free_joint_rank8_int4_per_row_hadamard,uniform_per_expert,768,768,4,3,32,767.40625,768.0,768.0,768.0,0.994718412585547,0.9910811581035366
matrix_free_joint_rank8_int4_per_row_hadamard,uniform_per_expert,768,768,4,4,32,767.21875,768.0,768.0,768.0,0.9954492729506715,0.9916765300165093
matrix_free_joint_rank8_int4_per_row_hadamard,uniform_per_expert,768,768,4,5,32,768.0,768.0,768.0,768.0,0.9943166169481468,0.9906975743735765
matrix_free_joint_rank8_int4_per_row_hadamard,uniform_per_expert,768,768,4,6,32,767.59375,768.0,768.0,768.0,0.9944320051245965,0.9914087904563937
matrix_free_joint_rank8_int4_per_row_hadamard,uniform_per_expert,768,768,4,7,32,766.59375,768.0,767.1,768.0,0.9931205752742716,0.9893157173860083
matrix_free_joint_rank8_int4_per_row_hadamard,uniform_per_expert,768,768,4,8,32,767.59375,768.0,768.0,768.0,0.99270202904279,0.9895233024878354
matrix_free_joint_rank8_int4_per_row_hadamard,uniform_per_expert,768,768,20,1,32,767.96875,768.0,768.0,768.0,0.9938808682205247,0.9900527805229392
matrix_free_joint_rank8_int4_per_row_hadamard,uniform_per_expert,768,768,20,2,32,767.8125,768.0,768.0,768.0,0.9960908954927085,0.9888641582331078
matrix_free_joint_rank8_int4_per_row_hadamard,uniform_per_expert,768,768,20,3,32,767.15625,768.0,768.0,768.0,0.9945294761482282,0.9902104299549941
matrix_free_joint_rank8_int4_per_row_hadamard,uniform_per_expert,768,768,20,4,32,768.0,768.0,768.0,768.0,0.9935526758848547,0.9887009408260969
matrix_free_joint_rank8_int4_per_row_hadamard,uniform_per_expert,768,768,20,5,32,767.3125,768.0,767.1,768.0,0.9939927927015535,0.9902496493741644
matrix_free_joint_rank8_int4_per_row_hadamard,uniform_per_expert,768,768,20,6,32,767.5,768.0,768.0,768.0,0.9923103994879258,0.9900286739277665
matrix_free_joint_rank8_int4_per_row_hadamard,uniform_per_expert,768,768,20,7,32,767.53125,768.0,768.0,768.0,0.9940385633783021,0.9897749608355078
matrix_free_joint_rank8_int4_per_row_hadamard,uniform_per_expert,768,768,20,8,32,766.9375,768.0,768.0,768.0,0.992743145199289,0.9886472575721118
matrix_free_joint_rank8_int4_per_row_hadamard,uniform_per_expert,768,768,39,1,32,766.625,768.0,766.1,768.0,0.9978851684464503,0.993087803271325
matrix_free_joint_rank8_int4_per_row_hadamard,uniform_per_expert,768,768,39,2,32,765.46875,768.0,768.0,768.0,0.9974015399557623,0.9942935733591352
matrix_free_joint_rank8_int4_per_row_hadamard,uniform_per_expert,768,768,39,3,32,767.875,768.0,768.0,768.0,0.9966688509387458,0.9929648937472636
matrix_free_joint_rank8_int4_per_row_hadamard,uniform_per_expert,768,768,39,4,32,766.75,768.0,768.0,768.0,0.9954285396252655,0.9921500773010833
matrix_free_joint_rank8_int4_per_row_hadamard,uniform_per_expert,768,768,39,5,32,767.34375,768.0,768.0,768.0,0.9952533626547454,0.989998372361262
matrix_free_joint_rank8_int4_per_row_hadamard,uniform_per_expert,768,768,39,6,32,768.0,768.0,768.0,768.0,0.9941623124327471,0.9905309107702052
matrix_free_joint_rank8_int4_per_row_hadamard,uniform_per_expert,768,768,39,7,32,767.8125,768.0,768.0,768.0,0.9952522372270043,0.9910346335023388
matrix_free_joint_rank8_int4_per_row_hadamard,uniform_per_expert,768,768,39,8,32,766.96875,768.0,766.2,768.0,0.9946238868036662,0.9882558252819047
