injection_mode,route_mode,injection_layer,mean_budget_pages_per_expert,charged_bpw,alpha,requests,sequence_tokens,hidden_mse,rmsnorm_normalized_mse,cosine_distance,router_logit_kl,route_membership_change_fraction,router_mass_churn
post_xplus_bf16_delta,live,0,384,0.5234781901041666,1.0,3,44,0.0001780233128175465,0.0017695073733648792,0.0007190218192629015,0.0002535567380919703,0.13636363636363635,0.016833437082585688
post_xplus_bf16_delta,live,0,576,0.7734781901041666,1.0,3,44,0.00015716428354876783,0.0014147389579212918,0.000634088551404591,0.00020928310700640007,0.11363636363636363,0.014729634052669804
post_xplus_bf16_delta,live,0,749,0.9987386067708334,1.0,3,44,0.00021045255460514701,0.0018783963077580784,0.0008530922933917551,0.0002558398254488408,0.09090909090909091,0.013279128003313673
post_xplus_bf16_delta,live,0,768,1.0234781901041665,1.0,3,44,0.000133553172291427,0.0012378096777177577,0.0005419863850679441,0.00019333868553664537,0.09090909090909091,0.014492442227292636
post_xplus_bf16_delta,live,1,384,0.5234781901041666,1.0,3,44,0.0001444260686119298,0.0012369292317096117,0.0005848802868066868,0.0002092448513824909,0.09090909090909091,0.014030041068292325
post_xplus_bf16_delta,live,1,576,0.7734781901041666,1.0,3,44,0.00017785803078657574,0.0015787322761964073,0.000720417235937031,0.00024401119885649462,0.13636363636363635,0.019510917585633638
post_xplus_bf16_delta,live,1,749,0.9987386067708334,1.0,3,44,0.0001676251431878096,0.001434226356314392,0.0006773846958542662,0.0002245034087866498,0.20454545454545456,0.02066801895936474
post_xplus_bf16_delta,live,1,768,1.0234781901041665,1.0,3,44,0.0001692359423993201,0.0015631185802529174,0.0006836866549652654,0.0002247431115454194,0.11363636363636363,0.015044430449790853
post_xplus_bf16_delta,live,4,384,0.5234781901041666,1.0,3,44,0.00017188493596749637,0.0017448322413281365,0.0006969828470071968,0.0002632819994609886,0.13636363636363635,0.018570066067700286
post_xplus_bf16_delta,live,4,576,0.7734781901041666,1.0,3,44,0.00017813262799845378,0.0016813541809527633,0.0007192348876455282,0.0002311129398313132,0.11363636363636363,0.01665823437321223
post_xplus_bf16_delta,live,4,749,0.9987386067708334,1.0,3,44,0.0001871446492833167,0.00172220828927942,0.0007618391166579803,0.00022780705837439737,0.11363636363636363,0.015356539447349321
post_xplus_bf16_delta,live,4,768,1.0234781901041665,1.0,3,44,0.00014714776975275547,0.001371506265629363,0.0005935838839540626,0.0002047625791962962,0.06818181818181818,0.010831510445893526
post_xplus_bf16_delta,live,6,384,0.5234781901041666,1.0,3,44,0.000142084998238736,0.0012760548261264157,0.0005721201322420751,0.00020360666393258643,0.18181818181818182,0.020775134670839898
post_xplus_bf16_delta,live,6,576,0.7734781901041666,1.0,3,44,0.0002129115847021074,0.0018602620758942777,0.0008586829010086435,0.0002451192139082958,0.13636363636363635,0.016431687037910828
post_xplus_bf16_delta,live,6,749,0.9987386067708334,1.0,3,44,0.00013980490799460975,0.001251056728105365,0.0005645220461843434,0.00018646680072747007,0.11363636363636363,0.01318214255138362
post_xplus_bf16_delta,live,6,768,1.0234781901041665,1.0,3,44,0.0001989785805666212,0.0016966414556841185,0.0008027138014304551,0.00023561720133274033,0.13636363636363635,0.016066456397127928
post_xplus_bf16_delta,live,12,384,0.5234781901041666,1.0,3,44,0.0001586809344112019,0.0013624423830231986,0.0006353966560403864,0.00020443532931411422,0.11363636363636363,0.01372570556644696
post_xplus_bf16_delta,live,12,576,0.7734781901041666,1.0,3,44,0.0001221998151534494,0.00102359624178186,0.0004949239650611049,0.00018245362801885153,0.09090909090909091,0.01421563508587596
post_xplus_bf16_delta,live,12,749,0.9987386067708334,1.0,3,44,0.0001028375722569308,0.0009155894444574465,0.0004155695215008344,0.00016712277780471255,0.11363636363636363,0.012831925439378845
post_xplus_bf16_delta,live,12,768,1.0234781901041665,1.0,3,44,0.0001192868390040241,0.0010483398829605082,0.0004820346665180578,0.000169854554221414,0.13636363636363635,0.016718964079369132
post_xplus_bf16_delta,live,23,384,0.5234781901041666,1.0,3,44,0.00011017904191280469,0.0010131607351777908,0.0004454517730203606,0.00017767485773817544,0.11363636363636363,0.013853595689649563
post_xplus_bf16_delta,live,23,576,0.7734781901041666,1.0,3,44,7.89827592846202e-05,0.0006861708191357799,0.0003196848306743746,0.00014591192329826717,0.13636363636363635,0.015556033327631353
post_xplus_bf16_delta,live,23,749,0.9987386067708334,1.0,3,44,9.941864678094961e-05,0.0009425298492978889,0.00040207467821409067,0.00015817111533990898,0.09090909090909091,0.011725879015807657
post_xplus_bf16_delta,live,23,768,1.0234781901041665,1.0,3,44,8.427920501090243e-05,0.0007809316412751386,0.00034175239778694804,0.00015338017779865001,0.13636363636363635,0.014659637825524707
post_xplus_bf16_delta,live,39,384,0.5234781901041666,1.0,3,44,1.3912526584740222e-05,0.00012523712647596102,5.572161714047861e-05,0.0,0.0,0.0
post_xplus_bf16_delta,live,39,576,0.7734781901041666,1.0,3,44,4.8763500063543255e-06,4.426911483321555e-05,1.9732063763458736e-05,0.0,0.0,0.0
post_xplus_bf16_delta,live,39,749,0.9987386067708334,1.0,3,44,1.774575913087263e-06,1.6200646245264937e-05,7.210499538990899e-06,0.0,0.0,0.0
post_xplus_bf16_delta,live,39,768,1.0234781901041665,1.0,3,44,1.5728945068264778e-06,1.4414284039669067e-05,6.391557927690951e-06,0.0,0.0,0.0
post_xplus_fp32_once,live,0,384,0.5234781901041666,1.0,3,44,0.0001398753646293988,0.0013576761835577364,0.0005676065548348128,0.00021786426962337206,0.09090909090909091,0.013138878882678428
post_xplus_fp32_once,live,0,576,0.7734781901041666,1.0,3,44,0.00018978761320909143,0.0017207420256647211,0.0007649946954977414,0.00023701428126169906,0.11363636363636363,0.015309314064199157
post_xplus_fp32_once,live,0,749,0.9987386067708334,1.0,3,44,0.0001532144686031891,0.0012914296795846505,0.0006183952443974354,0.00020703697351531406,0.11363636363636363,0.014625899762348182
post_xplus_fp32_once,live,0,768,1.0234781901041665,1.0,3,44,0.00018063729652340044,0.0016688657943842561,0.0007252205552752713,0.00023294747305349094,0.09090909090909091,0.015107007800288204
post_xplus_fp32_once,live,1,384,0.5234781901041666,1.0,3,44,0.00018016720896890155,0.0016618484809222533,0.0007291599384943701,0.00023595858556118472,0.11363636363636363,0.014445374823089193
post_xplus_fp32_once,live,1,576,0.7734781901041666,1.0,3,44,0.00016294427083287454,0.001465376964173402,0.000659607187584568,0.0002342806665962461,0.18181818181818182,0.021983361908534952
post_xplus_fp32_once,live,1,749,0.9987386067708334,1.0,3,44,0.00018270723496078227,0.0016673198677678751,0.0007405927110931839,0.0002444846065136152,0.11363636363636363,0.014357899516943811
post_xplus_fp32_once,live,1,768,1.0234781901041665,1.0,3,44,0.0001528039259219647,0.0013728023415113865,0.000617308106956442,0.00021871518064404133,0.13636363636363635,0.01897417243208555
post_xplus_fp32_once,live,4,384,0.5234781901041666,1.0,3,44,0.00018834673559292077,0.0017999456517881485,0.0007604571534971465,0.00025411365203095726,0.09090909090909091,0.016357681861021083
post_xplus_fp32_once,live,4,576,0.7734781901041666,1.0,3,44,0.0001815801066465445,0.0016775005177331848,0.0007349220021732934,0.00023165135359251958,0.11363636363636363,0.015091533764888204
post_xplus_fp32_once,live,4,749,0.9987386067708334,1.0,3,44,0.00018879762274857305,0.0017846033055160684,0.0007674636864070307,0.0002466541435868995,0.1590909090909091,0.018269429528889304
post_xplus_fp32_once,live,4,768,1.0234781901041665,1.0,3,44,0.0001803740558211137,0.0016954454933492118,0.0007324645181935647,0.00023020493786957228,0.13636363636363635,0.01701308340517348
post_xplus_fp32_once,live,6,384,0.5234781901041666,1.0,3,44,0.00015395803700228456,0.0013824402129021605,0.0006196518839944649,0.0002200769612549871,0.11363636363636363,0.016565176595705413
post_xplus_fp32_once,live,6,576,0.7734781901041666,1.0,3,44,0.0001841341710463563,0.0016488721465392866,0.000741941842722504,0.0002320327365933496,0.11363636363636363,0.01486714948957264
post_xplus_fp32_once,live,6,749,0.9987386067708334,1.0,3,44,0.00017555215718477837,0.001559678563600811,0.0007035855966044517,0.00021239990825500752,0.09090909090909091,0.011912538629918347
post_xplus_fp32_once,live,6,768,1.0234781901041665,1.0,3,44,0.0001673914104184281,0.0014611494863599895,0.0006772674353332029,0.00020835006489775397,0.11363636363636363,0.014174778379621307
post_xplus_fp32_once,live,12,384,0.5234781901041666,1.0,3,44,0.00014001078405230643,0.0011768257993185036,0.0005598334182313254,0.00019394493187350272,0.06818181818181818,0.010782337173347352
post_xplus_fp32_once,live,12,576,0.7734781901041666,1.0,3,44,0.00014771276807514576,0.0013951316560052982,0.0005969395993834175,0.00020949713296531547,0.13636363636363635,0.015556342684839502
post_xplus_fp32_once,live,12,749,0.9987386067708334,1.0,3,44,9.691847726274587e-05,0.0008399005200175744,0.0003904012547585878,0.00016514651727427598,0.09090909090909091,0.011715644076809657
post_xplus_fp32_once,live,12,768,1.0234781901041665,1.0,3,44,0.00013002225346461026,0.0011958424896444267,0.000525346810819043,0.00018637214353550005,0.09090909090909091,0.012391546136293972
post_xplus_fp32_once,live,23,384,0.5234781901041666,1.0,3,44,9.806763327446788e-05,0.0008910416087851966,0.0003933172498766816,0.00016814070576782534,0.045454545454545456,0.00938097399696753
post_xplus_fp32_once,live,23,576,0.7734781901041666,1.0,3,44,8.6110602707508e-05,0.0007662719148373746,0.0003479546009010197,0.000144590674124288,0.09090909090909091,0.011484458842124371
post_xplus_fp32_once,live,23,749,0.9987386067708334,1.0,3,44,8.767493804513875e-05,0.0008004647770141039,0.0003555678943876938,0.0001527059006596184,0.06818181818181818,0.012137719826862287
post_xplus_fp32_once,live,23,768,1.0234781901041665,1.0,3,44,8.457825795331205e-05,0.0007629822935555819,0.00034186269053521827,0.00014933353467249102,0.09090909090909091,0.012309129284353744
post_xplus_fp32_once,live,39,384,0.5234781901041666,1.0,3,44,1.3914118438948183e-05,0.00012525246102282163,5.5726269767312914e-05,0.0,0.0,0.0
post_xplus_fp32_once,live,39,576,0.7734781901041666,1.0,3,44,4.876305823986159e-06,4.42603602866609e-05,1.973100875427014e-05,0.0,0.0,0.0
post_xplus_fp32_once,live,39,749,0.9987386067708334,1.0,3,44,1.7759124036943783e-06,1.6210913850585457e-05,7.215969388760992e-06,0.0,0.0,0.0
post_xplus_fp32_once,live,39,768,1.0234781901041665,1.0,3,44,1.5723395905104549e-06,1.4412683624568231e-05,6.389242548512162e-06,0.0,0.0,0.0
pre_residual_routed_replacement,frozen_set_live_weights,0,384,0.5234781901041666,0.125,3,44,2.2918685733553833e-05,0.0002456134184059679,9.341215575195153e-05,0.0001090621964050677,0.1590909090909091,0.016511129901909213
pre_residual_routed_replacement,frozen_set_live_weights,0,384,0.5234781901041666,0.25,3,44,2.2903138523650508e-05,0.0002539154982390308,9.321683333357841e-05,0.00011058316337836305,0.09090909090909091,0.013134531829142038
pre_residual_routed_replacement,frozen_set_live_weights,0,384,0.5234781901041666,0.5,3,44,1.8639237422038686e-05,0.0001693522840807638,7.523014877495385e-05,0.00010003414964716093,0.13636363636363635,0.014118562933342897
pre_residual_routed_replacement,frozen_set_live_weights,0,384,0.5234781901041666,1.0,3,44,2.0665746428217734e-05,0.00020136919134328566,8.33305984812445e-05,0.00010339362174371266,0.18181818181818182,0.019379277302204876
pre_residual_routed_replacement,frozen_set_live_weights,0,384,0.5234781901041666,2.0,3,44,2.0585662187241642e-05,0.000193225613047528,8.300713697825308e-05,0.00010724508067385844,0.13636363636363635,0.014414922865689996
pre_residual_routed_replacement,frozen_set_live_weights,0,384,0.5234781901041666,4.0,3,44,2.1400118819640696e-05,0.0002012968131311947,8.618514110932497e-05,0.00010213371257573371,0.09090909090909091,0.010149080210587996
pre_residual_routed_replacement,frozen_set_live_weights,0,576,0.7734781901041666,0.125,3,44,1.9701980399779792e-05,0.00019177711248497838,7.94517762590021e-05,0.00010346354245911227,0.1590909090909091,0.017761808953825196
pre_residual_routed_replacement,frozen_set_live_weights,0,576,0.7734781901041666,0.25,3,44,1.9540786455122955e-05,0.0001816092759936611,7.932347007008118e-05,0.00010061579595318522,0.11363636363636363,0.012300082093258584
pre_residual_routed_replacement,frozen_set_live_weights,0,576,0.7734781901041666,0.5,3,44,2.12184073068949e-05,0.00021164113937646769,8.6275157002968e-05,0.00010832521188804237,0.11363636363636363,0.014902918024443197
pre_residual_routed_replacement,frozen_set_live_weights,0,576,0.7734781901041666,1.0,3,44,1.9164553986105272e-05,0.0001861788602585487,7.742666891463241e-05,0.00010375165472558916,0.06818181818181818,0.009390506643746237
pre_residual_routed_replacement,frozen_set_live_weights,0,576,0.7734781901041666,2.0,3,44,2.3447296572695368e-05,0.00024688737412089886,9.543690151926758e-05,0.00011212732085151626,0.09090909090909091,0.012293281913967143
pre_residual_routed_replacement,frozen_set_live_weights,0,576,0.7734781901041666,4.0,3,44,2.0389419375987927e-05,0.00019184557059314736,8.251907839749616e-05,0.00010943992602917577,0.1590909090909091,0.015705424804650155
pre_residual_routed_replacement,frozen_set_live_weights,0,749,0.9987386067708334,0.125,3,44,2.0272881037251203e-05,0.00019860528538825518,8.225214922782438e-05,0.00010280952246204408,0.09090909090909091,0.010936323264513647
pre_residual_routed_replacement,frozen_set_live_weights,0,749,0.9987386067708334,0.25,3,44,2.271033306639419e-05,0.0002492867320590061,9.20622902576097e-05,0.00011232301503154016,0.1590909090909091,0.016090315955205544
pre_residual_routed_replacement,frozen_set_live_weights,0,749,0.9987386067708334,0.5,3,44,2.2654954524238168e-05,0.00021618690290950928,9.191999051367957e-05,0.00010483957793299206,0.13636363636363635,0.015949312877422586
pre_residual_routed_replacement,frozen_set_live_weights,0,749,0.9987386067708334,1.0,3,44,1.9957789605517075e-05,0.00020041408189977255,8.09899548942026e-05,0.00010079650403155903,0.045454545454545456,0.008170662535555462
pre_residual_routed_replacement,frozen_set_live_weights,0,749,0.9987386067708334,2.0,3,44,2.019736852141498e-05,0.00019681557068519857,8.214579498389754e-05,0.00010619952532135143,0.11363636363636363,0.013123975691611616
pre_residual_routed_replacement,frozen_set_live_weights,0,749,0.9987386067708334,4.0,3,44,1.833941797454744e-05,0.000163735371910915,7.41819839009243e-05,0.00010231321801184657,0.11363636363636363,0.012455321559627962
pre_residual_routed_replacement,frozen_set_live_weights,0,768,1.0234781901041665,0.125,3,44,2.1273996064895652e-05,0.00020992601734773014,8.594171850778457e-05,0.00010352586632344363,0.13636363636363635,0.014663294004190907
pre_residual_routed_replacement,frozen_set_live_weights,0,768,1.0234781901041665,0.25,3,44,1.880905258841184e-05,0.0001623516226196382,7.582610912578522e-05,0.00010122777593175462,0.11363636363636363,0.012163345396795392
pre_residual_routed_replacement,frozen_set_live_weights,0,768,1.0234781901041665,0.5,3,44,1.7206321564473953e-05,0.00015469392373959745,6.958737815330892e-05,9.422149696530524e-05,0.13636363636363635,0.01367049288738524
pre_residual_routed_replacement,frozen_set_live_weights,0,768,1.0234781901041665,1.0,3,44,2.1890497540058814e-05,0.00023668811730490495,8.884848158324294e-05,0.00011107285706425229,0.13636363636363635,0.016528102399306906
pre_residual_routed_replacement,frozen_set_live_weights,0,768,1.0234781901041665,2.0,3,44,2.2404674519355634e-05,0.0002262678834850658,9.111367170092593e-05,0.00010753687289750013,0.11363636363636363,0.013277791475595813
pre_residual_routed_replacement,frozen_set_live_weights,0,768,1.0234781901041665,4.0,3,44,2.056059199679277e-05,0.00018983502461849907,8.286430720063429e-05,0.00010671183882442324,0.11363636363636363,0.012811078348047606
pre_residual_routed_replacement,frozen_set_live_weights,1,384,0.5234781901041666,0.125,3,44,1.979522476554378e-05,0.00018729704110231475,7.998697111642372e-05,0.00010206776152498586,0.13636363636363635,0.01421440628410129
pre_residual_routed_replacement,frozen_set_live_weights,1,384,0.5234781901041666,0.25,3,44,2.2586548619136177e-05,0.00024463298612437514,9.212282276857553e-05,0.00011671226111723354,0.18181818181818182,0.018055348458556966
pre_residual_routed_replacement,frozen_set_live_weights,1,384,0.5234781901041666,0.5,3,44,1.993483489699925e-05,0.0001962235887164913,8.103590022111433e-05,0.00010176328048703264,0.13636363636363635,0.014065628407640297
pre_residual_routed_replacement,frozen_set_live_weights,1,384,0.5234781901041666,1.0,3,44,2.000869510900636e-05,0.00019191578069703856,8.124012419260074e-05,0.00010060981154454448,0.13636363636363635,0.013983697200491444
pre_residual_routed_replacement,frozen_set_live_weights,1,384,0.5234781901041666,2.0,3,44,2.1757012273259203e-05,0.0002051634835624549,8.83404501356887e-05,0.00010457559157417904,0.11363636363636363,0.011893615759250775
pre_residual_routed_replacement,frozen_set_live_weights,1,384,0.5234781901041666,4.0,3,44,2.838825263169879e-05,0.00024370669590013198,0.00011498868956007591,0.00011144830433261498,0.045454545454545456,0.00802117044900243
pre_residual_routed_replacement,frozen_set_live_weights,1,576,0.7734781901041666,0.125,3,44,2.320348072970546e-05,0.0002457467022429696,9.434524969629214e-05,0.0001129014398113591,0.09090909090909091,0.010839324279165358
pre_residual_routed_replacement,frozen_set_live_weights,1,576,0.7734781901041666,0.25,3,44,1.821250448715132e-05,0.00015972859677132535,7.366575165118375e-05,9.981597792676788e-05,0.11363636363636363,0.011896023354737715
pre_residual_routed_replacement,frozen_set_live_weights,1,576,0.7734781901041666,0.5,3,44,2.152568692343431e-05,0.00021789872484949296,8.694801455004382e-05,0.00010905010699889593,0.09090909090909091,0.012950971444609678
pre_residual_routed_replacement,frozen_set_live_weights,1,576,0.7734781901041666,1.0,3,44,2.042166357344141e-05,0.00020038884216817812,8.235769153146096e-05,0.0001057669620638016,0.13636363636363635,0.014173758192133219
pre_residual_routed_replacement,frozen_set_live_weights,1,576,0.7734781901041666,2.0,3,44,2.0045628415036017e-05,0.00018865489794646272,8.123603769129673e-05,0.0001050573862789811,0.11363636363636363,0.011931505666763608
pre_residual_routed_replacement,frozen_set_live_weights,1,576,0.7734781901041666,4.0,3,44,2.2067376009586454e-05,0.00019508118334318324,8.949231821563981e-05,0.00010661656300321384,0.11363636363636363,0.013062311613671855
pre_residual_routed_replacement,frozen_set_live_weights,1,749,0.9987386067708334,0.125,3,44,2.0552904025805674e-05,0.00020284304429611023,8.294489189822593e-05,0.00010632382157464387,0.13636363636363635,0.013297731782430412
pre_residual_routed_replacement,frozen_set_live_weights,1,749,0.9987386067708334,0.25,3,44,2.338356022267941e-05,0.00025521992574592094,9.494243045708854e-05,0.00011280519130112293,0.1590909090909091,0.018182639573620176
pre_residual_routed_replacement,frozen_set_live_weights,1,749,0.9987386067708334,0.5,3,44,2.08936579998532e-05,0.00021234527319124755,8.446234496619682e-05,0.00010394110927418702,0.09090909090909091,0.011333812305473345
pre_residual_routed_replacement,frozen_set_live_weights,1,749,0.9987386067708334,1.0,3,44,2.2629007498215454e-05,0.0002526085775198823,9.146575562209284e-05,0.00011238784914709073,0.13636363636363635,0.014127208812403223
pre_residual_routed_replacement,frozen_set_live_weights,1,749,0.9987386067708334,2.0,3,44,1.7748753621886365e-05,0.00015871103596614607,7.199644021013696e-05,9.948087796670502e-05,0.11363636363636363,0.014265815730621407
pre_residual_routed_replacement,frozen_set_live_weights,1,749,0.9987386067708334,4.0,3,44,2.115056499912333e-05,0.0002060185626856575,8.557570543371584e-05,0.00010413487050184868,0.1590909090909091,0.01638325922666929
pre_residual_routed_replacement,frozen_set_live_weights,1,768,1.0234781901041665,0.125,3,44,2.1397675156591006e-05,0.0002154233980796876,8.689728887215339e-05,0.00010505235404821667,0.13636363636363635,0.014164586240798254
pre_residual_routed_replacement,frozen_set_live_weights,1,768,1.0234781901041665,0.25,3,44,2.0089465020977183e-05,0.00019770191726970434,8.150531092624374e-05,0.00010713713093464866,0.11363636363636363,0.014772016261957555
pre_residual_routed_replacement,frozen_set_live_weights,1,768,1.0234781901041665,0.5,3,44,2.0386442106324797e-05,0.00020301528648764277,8.279924959603532e-05,0.00010379156001102144,0.11363636363636363,0.012488448866670011
pre_residual_routed_replacement,frozen_set_live_weights,1,768,1.0234781901041665,1.0,3,44,1.8997720507679166e-05,0.00017295272387866822,7.692200666424186e-05,0.00010154453414163953,0.11363636363636363,0.014241771412879132
pre_residual_routed_replacement,frozen_set_live_weights,1,768,1.0234781901041665,2.0,3,44,1.7976193223422467e-05,0.00015778944948568506,7.226294301122689e-05,0.00010150146568273954,0.09090909090909091,0.010667834301907403
pre_residual_routed_replacement,frozen_set_live_weights,1,768,1.0234781901041665,4.0,3,44,2.2909173085591565e-05,0.00022906078708336052,9.279122021929094e-05,0.00010452225433056145,0.11363636363636363,0.012656072011955755
pre_residual_routed_replacement,frozen_set_live_weights,4,384,0.5234781901041666,0.125,3,44,1.7893120749916264e-05,0.0001579561042603341,7.250469321883183e-05,9.647655190696936e-05,0.09090909090909091,0.010739773220587017
pre_residual_routed_replacement,frozen_set_live_weights,4,384,0.5234781901041666,0.25,3,44,1.855320817350565e-05,0.00017180721843170838,7.46122870477736e-05,9.990171268204599e-05,0.11363636363636363,0.012679550193875077
pre_residual_routed_replacement,frozen_set_live_weights,4,384,0.5234781901041666,0.5,3,44,1.9912546385760585e-05,0.0002071522857882975,8.068341483716268e-05,0.00010258972627874894,0.1590909090909091,0.01521384315930182
pre_residual_routed_replacement,frozen_set_live_weights,4,384,0.5234781901041666,1.0,3,44,2.25117391814613e-05,0.00021562010563433328,9.091637834344645e-05,9.922464642192805e-05,0.11363636363636363,0.012520451211871534
pre_residual_routed_replacement,frozen_set_live_weights,4,384,0.5234781901041666,2.0,3,44,2.92360881169109e-05,0.00027461576818832987,0.000118744198437914,0.00010805317065334556,0.1590909090909091,0.016332720940150057
pre_residual_routed_replacement,frozen_set_live_weights,4,384,0.5234781901041666,4.0,3,44,5.0342210512739754e-05,0.00046234954478805335,0.0002052873405065961,0.00013526014486814526,0.11363636363636363,0.013714898869021967
pre_residual_routed_replacement,frozen_set_live_weights,4,576,0.7734781901041666,0.125,3,44,1.8403838417022847e-05,0.00016208629109764507,7.423234606744726e-05,0.0001013527253285584,0.09090909090909091,0.01103050589540106
pre_residual_routed_replacement,frozen_set_live_weights,4,576,0.7734781901041666,0.25,3,44,1.839885725406599e-05,0.00016224016387120788,7.462971410864373e-05,9.78580152692123e-05,0.11363636363636363,0.013371930347567867
pre_residual_routed_replacement,frozen_set_live_weights,4,576,0.7734781901041666,0.5,3,44,1.936992927395212e-05,0.00018383716161240622,7.819256821597897e-05,9.712083127026804e-05,0.13636363636363635,0.013740573959209594
pre_residual_routed_replacement,frozen_set_live_weights,4,576,0.7734781901041666,1.0,3,44,2.070464609845017e-05,0.00020504777385506757,8.407802368681772e-05,0.00010386357497722179,0.11363636363636363,0.012829003005527147
pre_residual_routed_replacement,frozen_set_live_weights,4,576,0.7734781901041666,2.0,3,44,2.0238314272608644e-05,0.00017926563520858353,8.172047256875662e-05,9.939730140984855e-05,0.13636363636363635,0.014421731167226025
pre_residual_routed_replacement,frozen_set_live_weights,4,576,0.7734781901041666,4.0,3,44,2.6176537669574497e-05,0.00025901409133982634,0.00010660365849951306,0.00011155099300783422,0.11363636363636363,0.014799069264008242
pre_residual_routed_replacement,frozen_set_live_weights,4,749,0.9987386067708334,0.125,3,44,2.0648409307387862e-05,0.00020204861528902657,8.397918234801465e-05,0.00010312931826369076,0.13636363636363635,0.01402473336142996
pre_residual_routed_replacement,frozen_set_live_weights,4,749,0.9987386067708334,0.25,3,44,1.817187603592174e-05,0.0001656518566697349,7.334402850735096e-05,0.00010093371197885314,0.13636363636363635,0.014513999384680842
pre_residual_routed_replacement,frozen_set_live_weights,4,749,0.9987386067708334,0.5,3,44,2.272593076730283e-05,0.00023783287122579417,9.204918234158436e-05,0.00011380124489478787,0.1590909090909091,0.015618143751126197
pre_residual_routed_replacement,frozen_set_live_weights,4,749,0.9987386067708334,1.0,3,44,1.997404444089377e-05,0.00019759436319649094,8.077286650560633e-05,0.00010546287030093231,0.1590909090909091,0.016237775208013935
pre_residual_routed_replacement,frozen_set_live_weights,4,749,0.9987386067708334,2.0,3,44,2.3010198113772937e-05,0.000260814658858723,9.366326899083606e-05,0.00011558792898556056,0.11363636363636363,0.012735249547667294
pre_residual_routed_replacement,frozen_set_live_weights,4,749,0.9987386067708334,4.0,3,44,2.087675887516773e-05,0.00019239813961052015,8.432180753845109e-05,0.00010150030997740483,0.11363636363636363,0.011981270858557231
pre_residual_routed_replacement,frozen_set_live_weights,4,768,1.0234781901041665,0.125,3,44,1.8446324779895143e-05,0.00017914494493963834,7.48554543572992e-05,0.00010354864583662564,0.13636363636363635,0.014227401302232667
pre_residual_routed_replacement,frozen_set_live_weights,4,768,1.0234781901041665,0.25,3,44,2.0434509219119885e-05,0.00020665855010231762,8.203652898973079e-05,0.00010425631740324701,0.11363636363636363,0.012029908964005026
pre_residual_routed_replacement,frozen_set_live_weights,4,768,1.0234781901041665,0.5,3,44,1.9148896135654716e-05,0.00019294180530519026,7.781040620739235e-05,0.00010267171306954019,0.13636363636363635,0.013950601960534771
pre_residual_routed_replacement,frozen_set_live_weights,4,768,1.0234781901041665,1.0,3,44,2.1021272702496802e-05,0.00021325709110394463,8.503259474849039e-05,0.00010788456469856991,0.1590909090909091,0.01769814291386104
pre_residual_routed_replacement,frozen_set_live_weights,4,768,1.0234781901041665,2.0,3,44,1.9902232767518317e-05,0.00019293618584939186,8.072716040915326e-05,9.982370845482127e-05,0.1590909090909091,0.01827687345323993
pre_residual_routed_replacement,frozen_set_live_weights,4,768,1.0234781901041665,4.0,3,44,2.395166727999574e-05,0.00023584005558531802,9.68177553277085e-05,0.00010524747830706039,0.045454545454545456,0.007706810900793459
pre_residual_routed_replacement,frozen_set_live_weights,6,384,0.5234781901041666,0.125,3,44,1.7434136881630284e-05,0.00015681384839977272,7.036950311101691e-05,9.593145047239764e-05,0.13636363636363635,0.013957368976908933
pre_residual_routed_replacement,frozen_set_live_weights,6,384,0.5234781901041666,0.25,3,44,1.7205787897141405e-05,0.00015058466171537734,6.972159782697466e-05,9.582519521289192e-05,0.11363636363636363,0.012173831765852345
pre_residual_routed_replacement,frozen_set_live_weights,6,384,0.5234781901041666,0.5,3,44,1.8745255808674052e-05,0.0001582067199313447,7.590040212435903e-05,9.561051611718667e-05,0.11363636363636363,0.012743949657490273
pre_residual_routed_replacement,frozen_set_live_weights,6,384,0.5234781901041666,1.0,3,44,2.0947381394555784e-05,0.00019942134818933853,8.520729600658164e-05,0.0001045865735978209,0.18181818181818182,0.018257209331679725
pre_residual_routed_replacement,frozen_set_live_weights,6,384,0.5234781901041666,2.0,3,44,3.098112231792914e-05,0.0002632199432054304,0.0001255852613623169,0.00010948706751788679,0.13636363636363635,0.015131354063176379
pre_residual_routed_replacement,frozen_set_live_weights,6,384,0.5234781901041666,4.0,3,44,7.14853967477583e-05,0.0005696298949025102,0.0002888385307446057,0.00014273111130978024,0.20454545454545456,0.022783171782901065
pre_residual_routed_replacement,frozen_set_live_weights,6,576,0.7734781901041666,0.125,3,44,1.6724826759235096e-05,0.00013980311450819248,6.7414761354051e-05,9.825523780973741e-05,0.13636363636363635,0.014460844673013435
pre_residual_routed_replacement,frozen_set_live_weights,6,576,0.7734781901041666,0.25,3,44,1.641518321868964e-05,0.0001428878048385738,6.644152376410069e-05,9.296849338876795e-05,0.09090909090909091,0.010276766414594555
pre_residual_routed_replacement,frozen_set_live_weights,6,576,0.7734781901041666,0.5,3,44,1.7362434737771597e-05,0.0001500965562427892,7.045813834303956e-05,9.809984888158175e-05,0.09090909090909091,0.010859913178231517
pre_residual_routed_replacement,frozen_set_live_weights,6,576,0.7734781901041666,1.0,3,44,1.7960861744144424e-05,0.0001607672755608456,7.273272153864156e-05,0.00010137948799478924,0.11363636363636363,0.012901064845959202
pre_residual_routed_replacement,frozen_set_live_weights,6,576,0.7734781901041666,2.0,3,44,2.0331686672844544e-05,0.00017324381727229791,8.256435007703263e-05,9.765322365310151e-05,0.09090909090909091,0.011041287931603609
pre_residual_routed_replacement,frozen_set_live_weights,6,576,0.7734781901041666,4.0,3,44,2.9666097162817096e-05,0.0002540778348246529,0.00012016796184748228,0.00011435722614207927,0.13636363636363635,0.015367693034188536
pre_residual_routed_replacement,frozen_set_live_weights,6,749,0.9987386067708334,0.125,3,44,1.767762794005731e-05,0.00015305465181570348,7.13615760000755e-05,0.00010060239972801602,0.09090909090909091,0.01087575655227675
pre_residual_routed_replacement,frozen_set_live_weights,6,749,0.9987386067708334,0.25,3,44,1.664638009205274e-05,0.0001430859362708661,6.729672396607852e-05,9.13041159302968e-05,0.11363636363636363,0.012783883916546768
pre_residual_routed_replacement,frozen_set_live_weights,6,749,0.9987386067708334,0.5,3,44,1.7761998332911265e-05,0.00016127185338335839,7.200730308667464e-05,9.570614283013474e-05,0.13636363636363635,0.014299755676872984
pre_residual_routed_replacement,frozen_set_live_weights,6,749,0.9987386067708334,1.0,3,44,1.7739123674945486e-05,0.00015865171020820203,7.164299032242057e-05,9.79897565742484e-05,0.18181818181818182,0.017598737114818668
pre_residual_routed_replacement,frozen_set_live_weights,6,749,0.9987386067708334,2.0,3,44,1.9724565323609898e-05,0.00018733166307013686,7.981483163811068e-05,0.00010501979667651326,0.11363636363636363,0.014414795097449463
pre_residual_routed_replacement,frozen_set_live_weights,6,749,0.9987386067708334,4.0,3,44,2.230807604839604e-05,0.00019242031193759024,8.836856624919176e-05,0.00010467848065246339,0.11363636363636363,0.014790312048890563
pre_residual_routed_replacement,frozen_set_live_weights,6,768,1.0234781901041665,0.125,3,44,1.8356049010166814e-05,0.0001624359687025727,7.422184723304692e-05,9.61528331084796e-05,0.13636363636363635,0.013360416025641047
pre_residual_routed_replacement,frozen_set_live_weights,6,768,1.0234781901041665,0.25,3,44,1.8486378639760336e-05,0.0001807188662336127,7.498940364073706e-05,0.00010075130714945799,0.13636363636363635,0.014347449504644434
pre_residual_routed_replacement,frozen_set_live_weights,6,768,1.0234781901041665,0.5,3,44,1.6138428915982413e-05,0.00013771817925136795,6.51798358052796e-05,9.74886760711793e-05,0.13636363636363635,0.014075409335139916
pre_residual_routed_replacement,frozen_set_live_weights,6,768,1.0234781901041665,1.0,3,44,1.8809356305382607e-05,0.00018116100531432244,7.643108606955859e-05,0.00010061690941695137,0.13636363636363635,0.015086957956864403
pre_residual_routed_replacement,frozen_set_live_weights,6,768,1.0234781901041665,2.0,3,44,1.8856422095516542e-05,0.00016641744184056395,7.63919446455324e-05,9.406615868694052e-05,0.11363636363636363,0.0123200235223215
pre_residual_routed_replacement,frozen_set_live_weights,6,768,1.0234781901041665,4.0,3,44,1.9859190980494905e-05,0.00017118675635796496,8.03005547293991e-05,0.00010139466177666508,0.11363636363636363,0.015023683120548185
pre_residual_routed_replacement,frozen_set_live_weights,12,384,0.5234781901041666,0.125,3,44,1.627481113721594e-05,0.00014093947518312077,6.584848473003608e-05,9.577532376759619e-05,0.09090909090909091,0.010214427434185193
pre_residual_routed_replacement,frozen_set_live_weights,12,384,0.5234781901041666,0.25,3,44,1.4734054423890733e-05,0.00012602591648303103,5.980180866895829e-05,9.620646803085742e-05,0.1590909090909091,0.015624508799743015
pre_residual_routed_replacement,frozen_set_live_weights,12,384,0.5234781901041666,0.5,3,44,1.6371328195480768e-05,0.00014036057088725364,6.632410184043651e-05,9.885419064746926e-05,0.06818181818181818,0.009273260966466738
pre_residual_routed_replacement,frozen_set_live_weights,12,384,0.5234781901041666,1.0,3,44,1.7594400555315754e-05,0.00015228323440041254,7.114310049598857e-05,9.81138935945503e-05,0.11363636363636363,0.01286552263437399
pre_residual_routed_replacement,frozen_set_live_weights,12,384,0.5234781901041666,2.0,3,44,2.3717916101097877e-05,0.0002012259899187656,9.564616982131331e-05,0.00010714229201789315,0.13636363636363635,0.01411000394162205
pre_residual_routed_replacement,frozen_set_live_weights,12,384,0.5234781901041666,4.0,3,44,4.381750965362389e-05,0.0003623892805896155,0.0001759276638630857,0.00013166176269202942,0.13636363636363635,0.017153226925534285
pre_residual_routed_replacement,frozen_set_live_weights,12,576,0.7734781901041666,0.125,3,44,1.6246286675554572e-05,0.00014424194581703537,6.596436182145327e-05,9.641060299471825e-05,0.11363636363636363,0.01247277938942156
pre_residual_routed_replacement,frozen_set_live_weights,12,576,0.7734781901041666,0.25,3,44,1.6120769575164477e-05,0.00013746404587687046,6.535324366546439e-05,9.353181903770602e-05,0.11363636363636363,0.012283959302982699
pre_residual_routed_replacement,frozen_set_live_weights,12,576,0.7734781901041666,0.5,3,44,1.578594560152686e-05,0.00013798148817887872,6.412056029211152e-05,9.646938368394631e-05,0.13636363636363635,0.01405847673472798
pre_residual_routed_replacement,frozen_set_live_weights,12,576,0.7734781901041666,1.0,3,44,1.690921985445212e-05,0.00014713558778056376,6.861153093381836e-05,9.663499582364979e-05,0.11363636363636363,0.01388345934565875
pre_residual_routed_replacement,frozen_set_live_weights,12,576,0.7734781901041666,2.0,3,44,1.8074536313861245e-05,0.00015294362905986282,7.310362963060131e-05,9.752656186543607e-05,0.13636363636363635,0.01652564380295007
pre_residual_routed_replacement,frozen_set_live_weights,12,576,0.7734781901041666,4.0,3,44,2.6087795282075437e-05,0.00021939707469219858,0.00010544093731039302,0.00010927756505543352,0.1590909090909091,0.01638867842874472
pre_residual_routed_replacement,frozen_set_live_weights,12,749,0.9987386067708334,0.125,3,44,1.676691069137219e-05,0.00014219737746616474,6.790768956023052e-05,0.00010013715765882048,0.09090909090909091,0.01133446917544092
pre_residual_routed_replacement,frozen_set_live_weights,12,749,0.9987386067708334,0.25,3,44,1.5972417708615634e-05,0.0001310654052063917,6.431547218756595e-05,9.373259269783732e-05,0.13636363636363635,0.013928845976755422
pre_residual_routed_replacement,frozen_set_live_weights,12,749,0.9987386067708334,0.5,3,44,1.583077599320859e-05,0.00013100815556849136,6.395758040132634e-05,9.452689635614614e-05,0.11363636363636363,0.012695211207388134
pre_residual_routed_replacement,frozen_set_live_weights,12,749,0.9987386067708334,1.0,3,44,1.624900061032845e-05,0.00013553794250737255,6.579659154340697e-05,9.558938694364958e-05,0.11363636363636363,0.012634445425342896
pre_residual_routed_replacement,frozen_set_live_weights,12,749,0.9987386067708334,2.0,3,44,1.762367654123409e-05,0.0001492483898495767,7.124366561845038e-05,0.00010321112277325108,0.13636363636363635,0.014463431618226595
pre_residual_routed_replacement,frozen_set_live_weights,12,749,0.9987386067708334,4.0,3,44,1.9693621314073344e-05,0.0001736826569787423,7.966553282819215e-05,0.0001016347240864528,0.13636363636363635,0.014232690207283514
pre_residual_routed_replacement,frozen_set_live_weights,12,768,1.0234781901041665,0.125,3,44,1.4909054990978762e-05,0.00012687536294787806,6.030700094677483e-05,9.009214261160326e-05,0.045454545454545456,0.006684460352726338
pre_residual_routed_replacement,frozen_set_live_weights,12,768,1.0234781901041665,0.25,3,44,1.5972549714536978e-05,0.000138507601799126,6.476196162264166e-05,9.605773810636943e-05,0.09090909090909091,0.011032171146189195
pre_residual_routed_replacement,frozen_set_live_weights,12,768,1.0234781901041665,0.5,3,44,1.6815111277682345e-05,0.00014332217428775768,6.784325239028721e-05,9.494708121177572e-05,0.11363636363636363,0.012199542872116607
pre_residual_routed_replacement,frozen_set_live_weights,12,768,1.0234781901041665,1.0,3,44,1.6235859282625658e-05,0.00013801601413338576,6.572089284187762e-05,9.952580809719542e-05,0.09090909090909091,0.011239695985666638
pre_residual_routed_replacement,frozen_set_live_weights,12,768,1.0234781901041665,2.0,3,44,1.8044848768671397e-05,0.00016652265752236663,7.329789217832106e-05,0.00010017130247017936,0.13636363636363635,0.014205558348911478
pre_residual_routed_replacement,frozen_set_live_weights,12,768,1.0234781901041665,4.0,3,44,2.032516698655875e-05,0.00017272040038681215,8.260040367250032e-05,0.00010270514470577125,0.1590909090909091,0.017441764891611963
pre_residual_routed_replacement,frozen_set_live_weights,23,384,0.5234781901041666,0.125,3,44,1.3492077701212937e-05,0.00010977471658489184,5.4634833140445894e-05,9.120972065336579e-05,0.13636363636363635,0.013901976411922569
pre_residual_routed_replacement,frozen_set_live_weights,23,384,0.5234781901041666,0.25,3,44,1.2872981409889855e-05,0.0001091714758348326,5.2280793485442e-05,8.808175879078453e-05,0.09090909090909091,0.010464837360848217
pre_residual_routed_replacement,frozen_set_live_weights,23,384,0.5234781901041666,0.5,3,44,1.3671869693739195e-05,0.00011627027334225867,5.544560093050982e-05,8.920450474516718e-05,0.09090909090909091,0.010893391986077848
pre_residual_routed_replacement,frozen_set_live_weights,23,384,0.5234781901041666,1.0,3,44,1.6264029831993618e-05,0.0001414894138912948,6.606582073138337e-05,9.429651412865631e-05,0.09090909090909091,0.01086015845248105
pre_residual_routed_replacement,frozen_set_live_weights,23,384,0.5234781901041666,2.0,3,44,2.547049216613831e-05,0.0002446712643946318,0.00010348404370643206,0.00010916638423320598,0.13636363636363635,0.014682601691327284
pre_residual_routed_replacement,frozen_set_live_weights,23,384,0.5234781901041666,4.0,3,44,5.118541792000068e-05,0.00046311730620278007,0.00020724770866687649,0.00013670845117445834,0.09090909090909091,0.011352747866181062
pre_residual_routed_replacement,frozen_set_live_weights,23,576,0.7734781901041666,0.125,3,44,1.392198015020602e-05,0.00012039422037757684,5.657763223537474e-05,8.965025270049245e-05,0.13636363636363635,0.013513319676836
pre_residual_routed_replacement,frozen_set_live_weights,23,576,0.7734781901041666,0.25,3,44,1.329320247123178e-05,0.00011116989643306461,5.354094722972234e-05,9.413589020356798e-05,0.13636363636363635,0.01594656192893237
pre_residual_routed_replacement,frozen_set_live_weights,23,576,0.7734781901041666,0.5,3,44,1.3718691862023165e-05,0.00011708358995791908,5.57160350079749e-05,9.1104527368439e-05,0.13636363636363635,0.01660551785289268
pre_residual_routed_replacement,frozen_set_live_weights,23,576,0.7734781901041666,1.0,3,44,1.3952286195717534e-05,0.00012042090331945964,5.645564035057883e-05,9.30024195968879e-05,0.09090909090909091,0.010879112733233847
pre_residual_routed_replacement,frozen_set_live_weights,23,576,0.7734781901041666,2.0,3,44,1.7284730445639568e-05,0.00015097196777534374,7.008178437896795e-05,9.771335089071155e-05,0.11363636363636363,0.012732713651864081
pre_residual_routed_replacement,frozen_set_live_weights,23,576,0.7734781901041666,4.0,3,44,2.671764850571311e-05,0.0002399719514820928,0.00010829214428497764,0.00010927181401325587,0.1590909090909091,0.016449728010072277
pre_residual_routed_replacement,frozen_set_live_weights,23,749,0.9987386067708334,0.125,3,44,1.3856384570813548e-05,0.00011577505629140158,5.621612535782043e-05,9.08956612326043e-05,0.06818181818181818,0.00864749705683585
pre_residual_routed_replacement,frozen_set_live_weights,23,749,0.9987386067708334,0.25,3,44,1.3187125668294316e-05,0.00011212988515419926,5.347622930511205e-05,9.077234449579842e-05,0.11363636363636363,0.012316836663027388
pre_residual_routed_replacement,frozen_set_live_weights,23,749,0.9987386067708334,0.5,3,44,1.369335293526836e-05,0.00011600837752880882,5.5451422445095874e-05,9.052027454493489e-05,0.09090909090909091,0.010035884665972196
pre_residual_routed_replacement,frozen_set_live_weights,23,749,0.9987386067708334,1.0,3,44,1.3916291749829021e-05,0.00011682475868417128,5.64321071876428e-05,8.705949105230951e-05,0.11363636363636363,0.012701265603652544
pre_residual_routed_replacement,frozen_set_live_weights,23,749,0.9987386067708334,2.0,3,44,1.4514292959430266e-05,0.00012423895073034868,5.8900087683028124e-05,9.113410565835901e-05,0.13636363636363635,0.014018915991695097
pre_residual_routed_replacement,frozen_set_live_weights,23,749,0.9987386067708334,4.0,3,44,1.8120648310183572e-05,0.00016059290394075264,7.357842719882772e-05,9.564544322389182e-05,0.06818181818181818,0.011872069492557062
pre_residual_routed_replacement,frozen_set_live_weights,23,768,1.0234781901041665,0.125,3,44,1.311962110086349e-05,0.00011006298900914378,5.304570438360604e-05,9.184958854793997e-05,0.1590909090909091,0.015366569321103685
pre_residual_routed_replacement,frozen_set_live_weights,23,768,1.0234781901041665,0.25,3,44,1.3568055292461684e-05,0.00011230489448083291,5.497504160523444e-05,9.268387989649049e-05,0.13636363636363635,0.014027082985911866
pre_residual_routed_replacement,frozen_set_live_weights,23,768,1.0234781901041665,0.5,3,44,1.258885792377772e-05,0.00010712315785189513,5.106583422409802e-05,8.582805155360395e-05,0.11363636363636363,0.01229538907344795
pre_residual_routed_replacement,frozen_set_live_weights,23,768,1.0234781901041665,1.0,3,44,1.3736037350947134e-05,0.00011825698216722968,5.5679949091394255e-05,9.250599143947163e-05,0.11363636363636363,0.012396816397739463
pre_residual_routed_replacement,frozen_set_live_weights,23,768,1.0234781901041665,2.0,3,44,1.4695291450938054e-05,0.0001272704974678838,5.959574438178415e-05,8.965597695029183e-05,0.1590909090909091,0.01583127932393609
pre_residual_routed_replacement,frozen_set_live_weights,23,768,1.0234781901041665,4.0,3,44,1.7827288411870707e-05,0.00015468999791461713,7.222892878630286e-05,9.542832522908786e-05,0.11363636363636363,0.012384590105176096
pre_residual_routed_replacement,frozen_set_live_weights,39,384,0.5234781901041666,0.125,3,44,5.192716593685728e-07,4.531149718007445e-06,2.0956409702389443e-06,0.0,0.0,0.0
pre_residual_routed_replacement,frozen_set_live_weights,39,384,0.5234781901041666,0.25,3,44,1.345340427343961e-06,1.1630323327426751e-05,5.392589359526356e-06,0.0,0.0,0.0
pre_residual_routed_replacement,frozen_set_live_weights,39,384,0.5234781901041666,0.5,3,44,4.083904651059294e-06,3.6025697892553434e-05,1.6336470497646527e-05,0.0,0.0,0.0
pre_residual_routed_replacement,frozen_set_live_weights,39,384,0.5234781901041666,1.0,3,44,1.4381495263519769e-05,0.00012905547383798314,5.7633304730769774e-05,0.0,0.0,0.0
pre_residual_routed_replacement,frozen_set_live_weights,39,384,0.5234781901041666,2.0,3,44,5.5329053594732613e-05,0.0004999072690545654,0.00022210821958844456,0.0,0.0,0.0
pre_residual_routed_replacement,frozen_set_live_weights,39,384,0.5234781901041666,4.0,3,44,0.00021956708205421322,0.0019957440280188097,0.0008844683541556007,0.0,0.0,0.0
pre_residual_routed_replacement,frozen_set_live_weights,39,576,0.7734781901041666,0.125,3,44,2.476986963015096e-07,2.176463988865683e-06,1.00463380774508e-06,0.0,0.0,0.0
pre_residual_routed_replacement,frozen_set_live_weights,39,576,0.7734781901041666,0.25,3,44,6.159871115003894e-07,5.388191413803025e-06,2.4912871843857882e-06,0.0,0.0,0.0
pre_residual_routed_replacement,frozen_set_live_weights,39,576,0.7734781901041666,0.5,3,44,1.6954636419667808e-06,1.487855736902896e-05,6.837124303761165e-06,0.0,0.0,0.0
pre_residual_routed_replacement,frozen_set_live_weights,39,576,0.7734781901041666,1.0,3,44,5.392208529222196e-06,4.8111268750647334e-05,2.1757906728355053e-05,0.0,0.0,0.0
pre_residual_routed_replacement,frozen_set_live_weights,39,576,0.7734781901041666,2.0,3,44,1.9699067058292545e-05,0.00017795110183294047,7.960805540734912e-05,0.0,0.0,0.0
pre_residual_routed_replacement,frozen_set_live_weights,39,576,0.7734781901041666,4.0,3,44,7.668121604030954e-05,0.0006951917146443236,0.0003102233346196283,0.0,0.0,0.0
pre_residual_routed_replacement,frozen_set_live_weights,39,749,0.9987386067708334,0.125,3,44,1.2400934953663265e-07,1.0798832117624535e-06,5.041948224835593e-07,0.0,0.0,0.0
pre_residual_routed_replacement,frozen_set_live_weights,39,749,0.9987386067708334,0.25,3,44,3.149606663558044e-07,2.7759499979979267e-06,1.277016233013956e-06,0.0,0.0,0.0
pre_residual_routed_replacement,frozen_set_live_weights,39,749,0.9987386067708334,0.5,3,44,7.774959997032159e-07,6.827801825368951e-06,3.153102461343129e-06,0.0,0.0,0.0
pre_residual_routed_replacement,frozen_set_live_weights,39,749,0.9987386067708334,1.0,3,44,2.203092386501091e-06,1.9489435593815174e-05,8.934000774194686e-06,0.0,0.0,0.0
pre_residual_routed_replacement,frozen_set_live_weights,39,749,0.9987386067708334,2.0,3,44,7.4010179906219324e-06,6.684185039984124e-05,3.0030449207869468e-05,0.0,0.0,0.0
pre_residual_routed_replacement,frozen_set_live_weights,39,749,0.9987386067708334,4.0,3,44,2.772672119859139e-05,0.0002529897966843514,0.00011260129806760852,0.0,0.0,0.0
pre_residual_routed_replacement,frozen_set_live_weights,39,768,1.0234781901041665,0.125,3,44,1.1002255591434236e-07,9.67533695551043e-07,4.472613115046421e-07,0.0,0.0,0.0
pre_residual_routed_replacement,frozen_set_live_weights,39,768,1.0234781901041665,0.25,3,44,2.7475569601294453e-07,2.4473297947354975e-06,1.1150342426879956e-06,0.0,0.0,0.0
pre_residual_routed_replacement,frozen_set_live_weights,39,768,1.0234781901041665,0.5,3,44,7.150495741373416e-07,6.278322241171051e-06,2.900777012807756e-06,0.0,0.0,0.0
pre_residual_routed_replacement,frozen_set_live_weights,39,768,1.0234781901041665,1.0,3,44,2.0039546279352036e-06,1.771442522484007e-05,8.124349794663699e-06,0.0,0.0,0.0
pre_residual_routed_replacement,frozen_set_live_weights,39,768,1.0234781901041665,2.0,3,44,6.57728332695032e-06,5.9566904644525826e-05,2.6688137244715053e-05,0.0,0.0,0.0
pre_residual_routed_replacement,frozen_set_live_weights,39,768,1.0234781901041665,4.0,3,44,2.4655119961959247e-05,0.0002250919469918061,0.00010010942652638466,0.0,0.0,0.0
pre_residual_routed_replacement,fully_frozen,0,384,0.5234781901041666,0.125,3,44,1.6779433519399266e-05,0.0001548492766222902,6.832547525927676e-05,0.00010120702190839155,0.13636363636363635,0.01446674310165534
pre_residual_routed_replacement,fully_frozen,0,384,0.5234781901041666,0.25,3,44,1.507866704225142e-05,0.00013353581029640674,6.077930961746621e-05,9.483091176489873e-05,0.13636363636363635,0.013082549612873591
pre_residual_routed_replacement,fully_frozen,0,384,0.5234781901041666,0.5,3,44,1.5543625757820998e-05,0.00014293598900055876,6.282990834949824e-05,9.673463977954235e-05,0.11363636363636363,0.012350520604507725
pre_residual_routed_replacement,fully_frozen,0,384,0.5234781901041666,1.0,3,44,1.6332105192614936e-05,0.0001527434071157833,6.600497854552826e-05,9.680514669744397e-05,0.06818181818181818,0.010866030815290847
pre_residual_routed_replacement,fully_frozen,0,384,0.5234781901041666,2.0,3,44,1.4566577747969363e-05,0.00012727128319707105,5.86986612691389e-05,9.420846968078773e-05,0.13636363636363635,0.013688020048219047
pre_residual_routed_replacement,fully_frozen,0,384,0.5234781901041666,4.0,3,44,1.959575264074622e-05,0.00019939843728436024,7.885225840711436e-05,0.00010421978783299382,0.11363636363636363,0.012787282441350674
pre_residual_routed_replacement,fully_frozen,0,576,0.7734781901041666,0.125,3,44,1.6303861481245267e-05,0.00015151066692469653,6.605294930936423e-05,9.489066563881854e-05,0.1590909090909091,0.01536800549576258
pre_residual_routed_replacement,fully_frozen,0,576,0.7734781901041666,0.25,3,44,1.6605368253279224e-05,0.00015755619068897911,6.742821815493672e-05,9.926766695123283e-05,0.11363636363636363,0.012413846835892696
pre_residual_routed_replacement,fully_frozen,0,576,0.7734781901041666,0.5,3,44,1.761398300976163e-05,0.00016908185540328137,7.125662948403495e-05,0.00010517755196316554,0.11363636363636363,0.012807576838082509
pre_residual_routed_replacement,fully_frozen,0,576,0.7734781901041666,1.0,3,44,1.523803169851073e-05,0.00013810078122427816,6.153842602872984e-05,9.549350608759169e-05,0.045454545454545456,0.007196410067767717
pre_residual_routed_replacement,fully_frozen,0,576,0.7734781901041666,2.0,3,44,1.5564221053471723e-05,0.00014489967304288332,6.308280215694154e-05,9.966415812982885e-05,0.13636363636363635,0.014352725667624244
pre_residual_routed_replacement,fully_frozen,0,576,0.7734781901041666,4.0,3,44,1.6129698842348716e-05,0.00014784370923606266,6.536217882586888e-05,0.00010245403894111961,0.13636363636363635,0.014315051712470349
pre_residual_routed_replacement,fully_frozen,0,749,0.9987386067708334,0.125,3,44,1.572027378994211e-05,0.00014058141885566687,6.376277660308742e-05,9.875982345788284e-05,0.11363636363636363,0.014824244714141909
pre_residual_routed_replacement,fully_frozen,0,749,0.9987386067708334,0.25,3,44,1.416596045993918e-05,0.00012325542664433709,5.7448755435267716e-05,9.143875517430802e-05,0.045454545454545456,0.006584613299176223
pre_residual_routed_replacement,fully_frozen,0,749,0.9987386067708334,0.5,3,44,1.612823195852219e-05,0.00013771204701490297,6.536573906620627e-05,9.823849202900015e-05,0.11363636363636363,0.012840830019668443
pre_residual_routed_replacement,fully_frozen,0,749,0.9987386067708334,1.0,3,44,1.725062683923604e-05,0.0001620093911665725,7.006665756777542e-05,9.962621639292507e-05,0.09090909090909091,0.010281665284461535
pre_residual_routed_replacement,fully_frozen,0,749,0.9987386067708334,2.0,3,44,1.5363419128727234e-05,0.00013605812088269152,6.22801338882292e-05,9.548865821080382e-05,0.13636363636363635,0.013480208143701555
pre_residual_routed_replacement,fully_frozen,0,749,0.9987386067708334,4.0,3,44,1.589145669165439e-05,0.00014392897702081287,6.442158584724582e-05,9.77190964260628e-05,0.13636363636363635,0.013960343923320634
pre_residual_routed_replacement,fully_frozen,0,768,1.0234781901041665,0.125,3,44,1.5720162113294382e-05,0.0001543028168583883,6.382985884378911e-05,0.00010195426982077894,0.13636363636363635,0.01613185692805218
pre_residual_routed_replacement,fully_frozen,0,768,1.0234781901041665,0.25,3,44,1.693759248475792e-05,0.00016867034664421498,6.865418647822056e-05,0.00010499349271005548,0.13636363636363635,0.014120786240601601
pre_residual_routed_replacement,fully_frozen,0,768,1.0234781901041665,0.5,3,44,1.7303932819149022e-05,0.00016213828053150526,6.997232888958623e-05,9.926139483489733e-05,0.11363636363636363,0.012413046055495475
pre_residual_routed_replacement,fully_frozen,0,768,1.0234781901041665,1.0,3,44,1.6154687123368852e-05,0.00014610727697958814,6.542557541731002e-05,9.346172577453341e-05,0.11363636363636363,0.012238277213554022
pre_residual_routed_replacement,fully_frozen,0,768,1.0234781901041665,2.0,3,44,1.5774956389562206e-05,0.00014758398353285603,6.40381341960367e-05,9.57694183947567e-05,0.1590909090909091,0.015585142093087362
pre_residual_routed_replacement,fully_frozen,0,768,1.0234781901041665,4.0,3,44,1.6906109781121938e-05,0.00016188795075415427,6.791387010948724e-05,0.00010269654233904076,0.13636363636363635,0.01616827639964497
pre_residual_routed_replacement,fully_frozen,1,384,0.5234781901041666,0.125,3,44,1.5975074069403533e-05,0.00015501424482357282,6.476627396414828e-05,0.00010066105817118322,0.11363636363636363,0.01209796510856816
pre_residual_routed_replacement,fully_frozen,1,384,0.5234781901041666,0.25,3,44,1.663412644926542e-05,0.00014615936020754186,6.756905201952217e-05,9.855154857228844e-05,0.11363636363636363,0.012632799649479222
pre_residual_routed_replacement,fully_frozen,1,384,0.5234781901041666,0.5,3,44,1.4667998837839233e-05,0.00012700521293958358,5.940740195893705e-05,9.470852650999987e-05,0.1590909090909091,0.01473358699367265
pre_residual_routed_replacement,fully_frozen,1,384,0.5234781901041666,1.0,3,44,1.547657825281848e-05,0.00013486559896538504,6.258077974851723e-05,9.455675105330815e-05,0.13636363636363635,0.013948725594337968
pre_residual_routed_replacement,fully_frozen,1,384,0.5234781901041666,2.0,3,44,1.6614949009346507e-05,0.00014939046953385882,6.71785895345258e-05,9.665618156412028e-05,0.09090909090909091,0.009866079851833121
pre_residual_routed_replacement,fully_frozen,1,384,0.5234781901041666,4.0,3,44,2.5016706442474142e-05,0.00022867466619061344,0.0001017194467622788,0.0001135324095999531,0.06818181818181818,0.010111993217462574
pre_residual_routed_replacement,fully_frozen,1,576,0.7734781901041666,0.125,3,44,1.3868731695832924e-05,0.0001230713602705386,5.610353907384543e-05,9.206388481865319e-05,0.11363636363636363,0.011505323548936021
pre_residual_routed_replacement,fully_frozen,1,576,0.7734781901041666,0.25,3,44,1.730158805137514e-05,0.00016926496545540933,7.027322971391152e-05,0.00010170711973574922,0.13636363636363635,0.016249387222616585
pre_residual_routed_replacement,fully_frozen,1,576,0.7734781901041666,0.5,3,44,1.541022270856729e-05,0.00014312742843694459,6.245659580790667e-05,9.768071395279933e-05,0.13636363636363635,0.014072248989721071
pre_residual_routed_replacement,fully_frozen,1,576,0.7734781901041666,1.0,3,44,1.678978290765475e-05,0.00015887664275915925,6.799929806327901e-05,0.00010542836653189377,0.13636363636363635,0.01414457481838433
pre_residual_routed_replacement,fully_frozen,1,576,0.7734781901041666,2.0,3,44,1.6737320097800794e-05,0.0001505626521659551,6.704333540557853e-05,0.000100014924611486,0.1590909090909091,0.015844153080993257
pre_residual_routed_replacement,fully_frozen,1,576,0.7734781901041666,4.0,3,44,1.8361329650092145e-05,0.0001686994603080006,7.459909266920912e-05,0.00010518428089775589,0.11363636363636363,0.012719244162105426
pre_residual_routed_replacement,fully_frozen,1,749,0.9987386067708334,0.125,3,44,1.6818596861867263e-05,0.0001614418731353753,6.827804626293025e-05,9.94116985258885e-05,0.13636363636363635,0.013650547503175008
pre_residual_routed_replacement,fully_frozen,1,749,0.9987386067708334,0.25,3,44,1.607082021915961e-05,0.00013918690176430116,6.512312347968381e-05,9.77908917090689e-05,0.11363636363636363,0.012732932352152043
pre_residual_routed_replacement,fully_frozen,1,749,0.9987386067708334,0.5,3,44,1.4813415655335792e-05,0.00013555972084680024,5.996034895981338e-05,9.333854711760007e-05,0.11363636363636363,0.01347833310084202
pre_residual_routed_replacement,fully_frozen,1,749,0.9987386067708334,1.0,3,44,1.76133132521789e-05,0.0001624983019502509,7.058345264146504e-05,0.00010186727958669115,0.13636363636363635,0.013705867556657165
pre_residual_routed_replacement,fully_frozen,1,749,0.9987386067708334,2.0,3,44,1.656767563738206e-05,0.00015785733168616298,6.708412030726171e-05,9.62327869914494e-05,0.09090909090909091,0.009779394562819836
pre_residual_routed_replacement,fully_frozen,1,749,0.9987386067708334,4.0,3,44,1.9619014226050652e-05,0.00020609448831102894,7.982754997278397e-05,0.00010592671991871229,0.09090909090909091,0.009993010040035456
pre_residual_routed_replacement,fully_frozen,1,768,1.0234781901041665,0.125,3,44,1.5343586496705733e-05,0.00013553754937038016,6.19262006055852e-05,9.404404797569401e-05,0.11363636363636363,0.011980395412786655
pre_residual_routed_replacement,fully_frozen,1,768,1.0234781901041665,0.25,3,44,1.6117305658657312e-05,0.00015387508204598257,6.511782642972353e-05,0.00010070498857403907,0.13636363636363635,0.013597677761808417
pre_residual_routed_replacement,fully_frozen,1,768,1.0234781901041665,0.5,3,44,1.6895849339252063e-05,0.00017386994184981624,6.85950178841609e-05,9.76016127685378e-05,0.09090909090909091,0.010498963523165495
pre_residual_routed_replacement,fully_frozen,1,768,1.0234781901041665,1.0,3,44,1.5434766994040025e-05,0.00013750472707401587,6.200168490042517e-05,0.00010058501260828426,0.1590909090909091,0.01745680616451364
pre_residual_routed_replacement,fully_frozen,1,768,1.0234781901041665,2.0,3,44,1.5174873993989928e-05,0.000132474749593286,6.158416179542391e-05,9.25491044213269e-05,0.11363636363636363,0.011878674124407977
pre_residual_routed_replacement,fully_frozen,1,768,1.0234781901041665,4.0,3,44,1.6909096013958706e-05,0.00014549016198167148,6.825317080569074e-05,9.811329758515553e-05,0.11363636363636363,0.012415411612352436
pre_residual_routed_replacement,fully_frozen,4,384,0.5234781901041666,0.125,3,44,1.5767528860909476e-05,0.0001432083835371156,6.382407362871192e-05,9.698318168672911e-05,0.13636363636363635,0.015122232819870551
pre_residual_routed_replacement,fully_frozen,4,384,0.5234781901041666,0.25,3,44,1.58401502687866e-05,0.00014289469210783046,6.306396081755639e-05,9.483756528050048e-05,0.1590909090909091,0.015693942266844466
pre_residual_routed_replacement,fully_frozen,4,384,0.5234781901041666,0.5,3,44,1.7308893689005345e-05,0.00016923826816607872,7.001034107741292e-05,9.82917669691349e-05,0.13636363636363635,0.013961414730292538
pre_residual_routed_replacement,fully_frozen,4,384,0.5234781901041666,1.0,3,44,1.9226851533589567e-05,0.0001801617119251266,7.766606787214878e-05,0.00010006806047531705,0.11363636363636363,0.012919625300302178
pre_residual_routed_replacement,fully_frozen,4,384,0.5234781901041666,2.0,3,44,2.154884951850859e-05,0.00020334466132371394,8.780705569011197e-05,0.00010304025081946261,0.11363636363636363,0.012217435240694718
pre_residual_routed_replacement,fully_frozen,4,384,0.5234781901041666,4.0,3,44,3.473097046935436e-05,0.0003205436134579164,0.00014028798266126706,0.0001165907612591208,0.09090909090909091,0.013898670482923536
pre_residual_routed_replacement,fully_frozen,4,576,0.7734781901041666,0.125,3,44,1.6531951230676483e-05,0.00015474182226407694,6.707056917157339e-05,0.00010009721749768497,0.09090909090909091,0.010360981952169113
pre_residual_routed_replacement,fully_frozen,4,576,0.7734781901041666,0.25,3,44,1.6278000214016558e-05,0.00015155936119139461,6.564248233414949e-05,9.871522601197463e-05,0.11363636363636363,0.012410815492646216
pre_residual_routed_replacement,fully_frozen,4,576,0.7734781901041666,0.5,3,44,1.5929650928114825e-05,0.0001496907072364232,6.448720129132143e-05,9.903205954259168e-05,0.13636363636363635,0.013375570344430422
pre_residual_routed_replacement,fully_frozen,4,576,0.7734781901041666,1.0,3,44,1.6036650309429618e-05,0.00015549656769904495,6.511660724005512e-05,0.00010141304684512051,0.09090909090909091,0.011180778216999395
pre_residual_routed_replacement,fully_frozen,4,576,0.7734781901041666,2.0,3,44,1.637135418067456e-05,0.0001490675114016781,6.63456794250142e-05,9.839124931489562e-05,0.13636363636363635,0.015915291913149623
pre_residual_routed_replacement,fully_frozen,4,576,0.7734781901041666,4.0,3,44,2.1758301792053977e-05,0.00021217971038850055,8.830288650111717e-05,0.00010676053945358947,0.11363636363636363,0.011665208869434597
pre_residual_routed_replacement,fully_frozen,4,749,0.9987386067708334,0.125,3,44,1.6851664913598473e-05,0.0001659161190435188,6.839260995367893e-05,9.939512867314825e-05,0.09090909090909091,0.011603221504604477
pre_residual_routed_replacement,fully_frozen,4,749,0.9987386067708334,0.25,3,44,1.6394232752438917e-05,0.00015444043811978412,6.639066996998556e-05,9.814949006716565e-05,0.11363636363636363,0.012719058510524921
pre_residual_routed_replacement,fully_frozen,4,749,0.9987386067708334,0.5,3,44,1.5162120248455516e-05,0.00013560566602910447,6.140359186093428e-05,9.620706971767476e-05,0.11363636363636363,0.012520502569141827
pre_residual_routed_replacement,fully_frozen,4,749,0.9987386067708334,1.0,3,44,1.723600353319522e-05,0.0001706551490028186,6.974797004046846e-05,9.733933632607781e-05,0.1590909090909091,0.01547801300303528
pre_residual_routed_replacement,fully_frozen,4,749,0.9987386067708334,2.0,3,44,1.626512819412214e-05,0.00016195410389682866,6.607677099618433e-05,0.00010173371476723329,0.13636363636363635,0.014244527723412413
pre_residual_routed_replacement,fully_frozen,4,749,0.9987386067708334,4.0,3,44,1.7030667263187834e-05,0.00014657025061393588,6.883968832304485e-05,9.547398355610548e-05,0.045454545454545456,0.007308790230006642
pre_residual_routed_replacement,fully_frozen,4,768,1.0234781901041665,0.125,3,44,1.671855718076255e-05,0.00016531397861079726,6.791186101351936e-05,9.86912002573161e-05,0.09090909090909091,0.010140926714494385
pre_residual_routed_replacement,fully_frozen,4,768,1.0234781901041665,0.25,3,44,1.7093468947848578e-05,0.00017274246549492178,6.94533284246583e-05,9.86188805357863e-05,0.06818181818181818,0.008461497314904098
pre_residual_routed_replacement,fully_frozen,4,768,1.0234781901041665,0.5,3,44,1.6392767690831533e-05,0.00015975171748719904,6.658842291173972e-05,0.00010001255843112376,0.06818181818181818,0.009029285711600872
pre_residual_routed_replacement,fully_frozen,4,768,1.0234781901041665,1.0,3,44,1.6735197016776677e-05,0.00016311410462775027,6.803540914202241e-05,0.00010064948161218093,0.11363636363636363,0.01237024554051402
pre_residual_routed_replacement,fully_frozen,4,768,1.0234781901041665,2.0,3,44,1.66123055605735e-05,0.0001662568777028451,6.717076997913119e-05,9.78241581195386e-05,0.1590909090909091,0.016239834753626434
pre_residual_routed_replacement,fully_frozen,4,768,1.0234781901041665,4.0,3,44,1.82342930941104e-05,0.00017992969720244227,7.400332060875344e-05,0.00010014452495637742,0.09090909090909091,0.010520419581460773
pre_residual_routed_replacement,fully_frozen,6,384,0.5234781901041666,0.125,3,44,1.3813836935903303e-05,0.00012223969995276055,5.5639477128804904e-05,8.848789350970464e-05,0.11363636363636363,0.011044498430026408
pre_residual_routed_replacement,fully_frozen,6,384,0.5234781901041666,0.25,3,44,1.438860456914881e-05,0.00012866952086905127,5.822548377727847e-05,9.190370370950121e-05,0.11363636363636363,0.01176153975778254
pre_residual_routed_replacement,fully_frozen,6,384,0.5234781901041666,0.5,3,44,1.4406558971235096e-05,0.00013069120906703815,5.8433498770420576e-05,9.643650238945561e-05,0.045454545454545456,0.006688451608680946
pre_residual_routed_replacement,fully_frozen,6,384,0.5234781901041666,1.0,3,44,1.566136679219777e-05,0.0001356816475741785,6.350454093632814e-05,9.891503408085092e-05,0.11363636363636363,0.01261813328879899
pre_residual_routed_replacement,fully_frozen,6,384,0.5234781901041666,2.0,3,44,2.2505303785568355e-05,0.00020271939443641874,9.096434642928319e-05,0.00010764747048941665,0.13636363636363635,0.013945574104278097
pre_residual_routed_replacement,fully_frozen,6,384,0.5234781901041666,4.0,3,44,3.9837166420268616e-05,0.0003389471144559929,0.00016157729199069032,0.00012411661875536765,0.11363636363636363,0.013570328871023211
pre_residual_routed_replacement,fully_frozen,6,576,0.7734781901041666,0.125,3,44,1.3974055657425568e-05,0.00012686702493644938,5.662862545795107e-05,9.145200166274227e-05,0.13636363636363635,0.013905449870096736
pre_residual_routed_replacement,fully_frozen,6,576,0.7734781901041666,0.25,3,44,1.487836054407539e-05,0.0001302975278765906,6.015818045383577e-05,9.355317425963182e-05,0.13636363636363635,0.013872291293492245
pre_residual_routed_replacement,fully_frozen,6,576,0.7734781901041666,0.5,3,44,1.5197530661804525e-05,0.00013750820444353732,6.144993198151094e-05,0.00010061773979443828,0.11363636363636363,0.011696944473374328
pre_residual_routed_replacement,fully_frozen,6,576,0.7734781901041666,1.0,3,44,1.4516341633105414e-05,0.00012894692516650505,5.858863765746806e-05,9.297326964823067e-05,0.13636363636363635,0.013895594644527637
pre_residual_routed_replacement,fully_frozen,6,576,0.7734781901041666,2.0,3,44,1.821225610724882e-05,0.0001682712833241214,7.386598667027955e-05,0.00010590768513941588,0.09090909090909091,0.011488704921719677
pre_residual_routed_replacement,fully_frozen,6,576,0.7734781901041666,4.0,3,44,2.1950879236307877e-05,0.00018371759401084286,8.897136379402351e-05,0.00010107388632128106,0.11363636363636363,0.012941911875480954
pre_residual_routed_replacement,fully_frozen,6,749,0.9987386067708334,0.125,3,44,1.3342874989451627e-05,0.00011491449764073541,5.415651015748661e-05,9.44999632039424e-05,0.06818181818181818,0.008997825125947385
pre_residual_routed_replacement,fully_frozen,6,749,0.9987386067708334,0.25,3,44,1.4577558306169438e-05,0.00012693924492757707,5.900851415217466e-05,9.583465419678473e-05,0.13636363636363635,0.013859212088165512
pre_residual_routed_replacement,fully_frozen,6,749,0.9987386067708334,0.5,3,44,1.4908983471622667e-05,0.00013292874484954756,6.031313938926147e-05,9.290890693042505e-05,0.11363636363636363,0.014698648017333156
pre_residual_routed_replacement,fully_frozen,6,749,0.9987386067708334,1.0,3,44,1.5083621336357696e-05,0.000131411435676977,6.099413272193553e-05,9.56060829761477e-05,0.13636363636363635,0.015983104748531218
pre_residual_routed_replacement,fully_frozen,6,749,0.9987386067708334,2.0,3,44,1.528280414607831e-05,0.00013164966179057014,6.135252881426952e-05,9.400433587114671e-05,0.11363636363636363,0.011862357720458806
pre_residual_routed_replacement,fully_frozen,6,749,0.9987386067708334,4.0,3,44,1.8348976167007177e-05,0.00016359541890040934,7.39233609209532e-05,0.00010022389700454771,0.1590909090909091,0.015609127585890793
pre_residual_routed_replacement,fully_frozen,6,768,1.0234781901041665,0.125,3,44,1.3596333686068233e-05,0.00012221622011052868,5.491329297621639e-05,9.149662705123931e-05,0.09090909090909091,0.010498421149521563
pre_residual_routed_replacement,fully_frozen,6,768,1.0234781901041665,0.25,3,44,1.4846789208630442e-05,0.00013125864087964185,5.998202929679614e-05,9.618613786550537e-05,0.11363636363636363,0.01421484689798837
pre_residual_routed_replacement,fully_frozen,6,768,1.0234781901041665,0.5,3,44,1.6438409840285377e-05,0.00015725713446810297,6.646253398598115e-05,0.00010023964298553659,0.13636363636363635,0.013949462986157742
pre_residual_routed_replacement,fully_frozen,6,768,1.0234781901041665,1.0,3,44,1.455463372417915e-05,0.0001298053235187895,5.891683857002884e-05,9.203321292884296e-05,0.09090909090909091,0.009571880991833924
pre_residual_routed_replacement,fully_frozen,6,768,1.0234781901041665,2.0,3,44,1.6020568531096366e-05,0.0001492800813475683,6.485450865024874e-05,9.629881381127128e-05,0.13636363636363635,0.013259861056292293
pre_residual_routed_replacement,fully_frozen,6,768,1.0234781901041665,4.0,3,44,1.673801930285828e-05,0.00014797640000893753,6.74039059483832e-05,9.980446776245307e-05,0.09090909090909091,0.009783536021206614
pre_residual_routed_replacement,fully_frozen,12,384,0.5234781901041666,0.125,3,44,1.350660768844653e-05,0.00011636565557789831,5.458638415577578e-05,9.149385108050277e-05,0.11363636363636363,0.011735046420395301
pre_residual_routed_replacement,fully_frozen,12,384,0.5234781901041666,0.25,3,44,1.2752806280890251e-05,0.00010810091632243202,5.166203224554996e-05,8.574182769122324e-05,0.11363636363636363,0.012317615053918256
pre_residual_routed_replacement,fully_frozen,12,384,0.5234781901041666,0.5,3,44,1.3937795728224955e-05,0.00012088868503080243,5.6451430931028524e-05,9.63841597878852e-05,0.11363636363636363,0.012755499546780447
pre_residual_routed_replacement,fully_frozen,12,384,0.5234781901041666,1.0,3,44,1.5159351195589723e-05,0.00013055882257385494,6.135521242737651e-05,9.362283916046847e-05,0.13636363636363635,0.015207041104684694
pre_residual_routed_replacement,fully_frozen,12,384,0.5234781901041666,2.0,3,44,2.049723434021706e-05,0.00017338645561007247,8.295022450199863e-05,0.0001067338017337482,0.11363636363636363,0.015401544060986538
pre_residual_routed_replacement,fully_frozen,12,384,0.5234781901041666,4.0,3,44,3.682364845500078e-05,0.0003127220594375118,0.00014886413599592268,0.00012613333756708502,0.11363636363636363,0.013396558790550945
pre_residual_routed_replacement,fully_frozen,12,576,0.7734781901041666,0.125,3,44,1.3424768753302693e-05,0.00011531627782594002,5.447629787062743e-05,9.325013320950335e-05,0.13636363636363635,0.013083220388484402
pre_residual_routed_replacement,fully_frozen,12,576,0.7734781901041666,0.25,3,44,1.4637712829632868e-05,0.00012407658545171473,5.911404951926143e-05,9.179721499927331e-05,0.11363636363636363,0.013407106839792808
pre_residual_routed_replacement,fully_frozen,12,576,0.7734781901041666,0.5,3,44,1.3666997897520229e-05,0.0001161530709447283,5.5380931589120314e-05,9.035377000244248e-05,0.13636363636363635,0.013865899341190828
pre_residual_routed_replacement,fully_frozen,12,576,0.7734781901041666,1.0,3,44,1.4294052616295714e-05,0.00011982280514466268,5.797045620679771e-05,8.892138080446875e-05,0.1590909090909091,0.015326324035036705
pre_residual_routed_replacement,fully_frozen,12,576,0.7734781901041666,2.0,3,44,1.5492532916348203e-05,0.00012968154478358013,6.245131526314007e-05,0.00010159496856750813,0.1590909090909091,0.01628690563942944
pre_residual_routed_replacement,fully_frozen,12,576,0.7734781901041666,4.0,3,44,2.2663205798649372e-05,0.00018719137685518577,9.106310463360715e-05,0.00010840141951643737,0.11363636363636363,0.012618821919790212
pre_residual_routed_replacement,fully_frozen,12,749,0.9987386067708334,0.125,3,44,1.3236167471962869e-05,0.00011146913486570104,5.3497865496596944e-05,8.854320287610988e-05,0.11363636363636363,0.013808364048850878
pre_residual_routed_replacement,fully_frozen,12,749,0.9987386067708334,0.25,3,44,1.298781711511765e-05,0.00011129572613297955,5.256964542548809e-05,8.920733033552512e-05,0.1590909090909091,0.01547290515124679
pre_residual_routed_replacement,fully_frozen,12,749,0.9987386067708334,0.5,3,44,1.3886033455373143e-05,0.00011480238427675353,5.625353125914884e-05,9.440434643163399e-05,0.09090909090909091,0.010188825080460344
pre_residual_routed_replacement,fully_frozen,12,749,0.9987386067708334,1.0,3,44,1.3271324289379747e-05,0.00011139160854714358,5.3668646538044465e-05,8.909939756219713e-05,0.1590909090909091,0.015092191473539301
pre_residual_routed_replacement,fully_frozen,12,749,0.9987386067708334,2.0,3,44,1.4799857266015435e-05,0.0001254280326710583,5.983002322826841e-05,9.436256733395395e-05,0.09090909090909091,0.010349464947853677
pre_residual_routed_replacement,fully_frozen,12,749,0.9987386067708334,4.0,3,44,1.6004254178560792e-05,0.00013888656997517273,6.485869058657627e-05,9.923089053312937e-05,0.1590909090909091,0.015509300824241208
pre_residual_routed_replacement,fully_frozen,12,768,1.0234781901041665,0.125,3,44,1.2921406729240267e-05,0.0001099807792703245,5.236380752934361e-05,9.074986743597638e-05,0.11363636363636363,0.012032488876018384
pre_residual_routed_replacement,fully_frozen,12,768,1.0234781901041665,0.25,3,44,1.3317002265528737e-05,0.00011505560466032863,5.3858703929684804e-05,9.109522666324826e-05,0.1590909090909091,0.01502401133029198
pre_residual_routed_replacement,fully_frozen,12,768,1.0234781901041665,0.5,3,44,1.350946174999928e-05,0.00011586390746355117,5.467377807164755e-05,8.83398974742039e-05,0.11363636363636363,0.012045185104188288
pre_residual_routed_replacement,fully_frozen,12,768,1.0234781901041665,1.0,3,44,1.3801849775063602e-05,0.00011641848301033653,5.577183693007566e-05,9.560838134476932e-05,0.11363636363636363,0.014168540290305297
pre_residual_routed_replacement,fully_frozen,12,768,1.0234781901041665,2.0,3,44,1.4663498327329513e-05,0.00012421029241861578,5.9425421011076324e-05,9.425886931661411e-05,0.13636363636363635,0.01611266926608409
pre_residual_routed_replacement,fully_frozen,12,768,1.0234781901041665,4.0,3,44,1.6147453207437934e-05,0.0001380178221222054,6.540453567715033e-05,9.481012992983246e-05,0.09090909090909091,0.010064347491639895
pre_residual_routed_replacement,fully_frozen,23,384,0.5234781901041666,0.125,3,44,1.1716993310787158e-05,9.689338484640374e-05,4.751264323256525e-05,8.946808166525772e-05,0.1590909090909091,0.016223718905722884
pre_residual_routed_replacement,fully_frozen,23,384,0.5234781901041666,0.25,3,44,1.146357499496017e-05,9.557996357770892e-05,4.6483484091081554e-05,9.108402384271044e-05,0.11363636363636363,0.012876031947695104
pre_residual_routed_replacement,fully_frozen,23,384,0.5234781901041666,0.5,3,44,1.200758312465537e-05,0.00010105627013381681,4.86811779969479e-05,9.014200034612778e-05,0.13636363636363635,0.01418730650676352
pre_residual_routed_replacement,fully_frozen,23,384,0.5234781901041666,1.0,3,44,1.3494154299823178e-05,0.00011493804617137196,5.4764660884841874e-05,9.081493227681299e-05,0.11363636363636363,0.012223194264116348
pre_residual_routed_replacement,fully_frozen,23,384,0.5234781901041666,2.0,3,44,2.138852724959344e-05,0.00018561403410233962,8.660514855483985e-05,0.0001015569129309803,0.11363636363636363,0.012146501437669134
pre_residual_routed_replacement,fully_frozen,23,384,0.5234781901041666,4.0,3,44,4.648123199176139e-05,0.000414788685196254,0.0001882174867982488,0.00012914445381999488,0.11363636363636363,0.012728885460418171
pre_residual_routed_replacement,fully_frozen,23,576,0.7734781901041666,0.125,3,44,1.1642476633514063e-05,9.596128182377131e-05,4.7223072353151524e-05,8.821033167293214e-05,0.11363636363636363,0.01244434431268665
pre_residual_routed_replacement,fully_frozen,23,576,0.7734781901041666,0.25,3,44,1.1479383404248852e-05,9.573109519075096e-05,4.661159713222189e-05,8.702606532689766e-05,0.11363636363636363,0.012375427149243416
pre_residual_routed_replacement,fully_frozen,23,576,0.7734781901041666,0.5,3,44,1.206486086922289e-05,0.00010106501904860056,4.8845275488325976e-05,8.960202645075291e-05,0.06818181818181818,0.009229062528095362
pre_residual_routed_replacement,fully_frozen,23,576,0.7734781901041666,1.0,3,44,1.2580244543869412e-05,0.00010529884991778545,5.089818361275503e-05,9.046933852220981e-05,0.11363636363636363,0.01213603872019123
pre_residual_routed_replacement,fully_frozen,23,576,0.7734781901041666,2.0,3,44,1.582848864245534e-05,0.00013586480092988513,6.433766121332921e-05,9.535779603191694e-05,0.06818181818181818,0.008743608743322558
pre_residual_routed_replacement,fully_frozen,23,576,0.7734781901041666,4.0,3,44,2.4754887559455792e-05,0.0002204220679291885,9.887669216325123e-05,0.00010563055540932838,0.18181818181818182,0.019077456898342927
pre_residual_routed_replacement,fully_frozen,23,749,0.9987386067708334,0.125,3,44,1.1585508452392126e-05,9.589953504681006e-05,4.6711505922730264e-05,8.81974589016211e-05,0.13636363636363635,0.013884649848574189
pre_residual_routed_replacement,fully_frozen,23,749,0.9987386067708334,0.25,3,44,1.1290561627287264e-05,9.23043664164856e-05,4.579225286014601e-05,8.567012062914689e-05,0.09090909090909091,0.010699348279507996
pre_residual_routed_replacement,fully_frozen,23,749,0.9987386067708334,0.5,3,44,1.156024381740198e-05,9.464660947556798e-05,4.688241259200663e-05,8.753841990382776e-05,0.13636363636363635,0.013155613231037882
pre_residual_routed_replacement,fully_frozen,23,749,0.9987386067708334,1.0,3,44,1.1797917135357817e-05,0.00010007575043988916,4.771072899871877e-05,9.020003098771952e-05,0.11363636363636363,0.01189978613885197
pre_residual_routed_replacement,fully_frozen,23,749,0.9987386067708334,2.0,3,44,1.2374849699302683e-05,0.00010625976811463508,5.010859457211954e-05,9.115472711587752e-05,0.13636363636363635,0.013870482599552173
pre_residual_routed_replacement,fully_frozen,23,749,0.9987386067708334,4.0,3,44,1.6116804124005117e-05,0.00013955875925377063,6.531898136191201e-05,9.27276694765568e-05,0.09090909090909091,0.010732852879953125
pre_residual_routed_replacement,fully_frozen,23,768,1.0234781901041665,0.125,3,44,1.1080709129564845e-05,9.354674639409622e-05,4.4993510855651456e-05,8.684264099903836e-05,0.06818181818181818,0.009213110289484698
pre_residual_routed_replacement,fully_frozen,23,768,1.0234781901041665,0.25,3,44,1.1175947708931165e-05,9.32919111292551e-05,4.523782065085635e-05,8.739687012304587e-05,0.13636363636363635,0.014042349101654252
pre_residual_routed_replacement,fully_frozen,23,768,1.0234781901041665,0.5,3,44,1.1195798466897857e-05,9.408722651338656e-05,4.526518425687631e-05,9.126311897460973e-05,0.13636363636363635,0.013954759751119565
pre_residual_routed_replacement,fully_frozen,23,768,1.0234781901041665,1.0,3,44,1.1390372959981091e-05,9.667458893808126e-05,4.5883441702633156e-05,8.700752488940679e-05,0.11363636363636363,0.011742668645277189
pre_residual_routed_replacement,fully_frozen,23,768,1.0234781901041665,2.0,3,44,1.2799886143000094e-05,0.00010835212105913297,5.196364170441013e-05,9.089624785579802e-05,0.11363636363636363,0.014251156304060226
pre_residual_routed_replacement,fully_frozen,23,768,1.0234781901041665,4.0,3,44,1.5944303607346395e-05,0.0001372474795251607,6.445835306095124e-05,9.51204873164944e-05,0.11363636363636363,0.012196680638363459
pre_residual_routed_replacement,fully_frozen,39,384,0.5234781901041666,0.125,3,44,5.192716593685728e-07,4.531149718007445e-06,2.0956409702389443e-06,0.0,0.0,0.0
pre_residual_routed_replacement,fully_frozen,39,384,0.5234781901041666,0.25,3,44,1.345340427343961e-06,1.1630323327426751e-05,5.392589359526356e-06,0.0,0.0,0.0
pre_residual_routed_replacement,fully_frozen,39,384,0.5234781901041666,0.5,3,44,4.083904651059294e-06,3.6025697892553434e-05,1.6336470497646527e-05,0.0,0.0,0.0
pre_residual_routed_replacement,fully_frozen,39,384,0.5234781901041666,1.0,3,44,1.4381495263519769e-05,0.00012905547383798314,5.7633304730769774e-05,0.0,0.0,0.0
pre_residual_routed_replacement,fully_frozen,39,384,0.5234781901041666,2.0,3,44,5.5329053594732613e-05,0.0004999072690545654,0.00022210821958844456,0.0,0.0,0.0
pre_residual_routed_replacement,fully_frozen,39,384,0.5234781901041666,4.0,3,44,0.00021956708205421322,0.0019957440280188097,0.0008844683541556007,0.0,0.0,0.0
pre_residual_routed_replacement,fully_frozen,39,576,0.7734781901041666,0.125,3,44,2.476986963015096e-07,2.176463988865683e-06,1.00463380774508e-06,0.0,0.0,0.0
pre_residual_routed_replacement,fully_frozen,39,576,0.7734781901041666,0.25,3,44,6.159871115003894e-07,5.388191413803025e-06,2.4912871843857882e-06,0.0,0.0,0.0
pre_residual_routed_replacement,fully_frozen,39,576,0.7734781901041666,0.5,3,44,1.6954636419667808e-06,1.487855736902896e-05,6.837124303761165e-06,0.0,0.0,0.0
pre_residual_routed_replacement,fully_frozen,39,576,0.7734781901041666,1.0,3,44,5.392208529222196e-06,4.8111268750647334e-05,2.1757906728355053e-05,0.0,0.0,0.0
pre_residual_routed_replacement,fully_frozen,39,576,0.7734781901041666,2.0,3,44,1.9699067058292545e-05,0.00017795110183294047,7.960805540734912e-05,0.0,0.0,0.0
pre_residual_routed_replacement,fully_frozen,39,576,0.7734781901041666,4.0,3,44,7.668121604030954e-05,0.0006951917146443236,0.0003102233346196283,0.0,0.0,0.0
pre_residual_routed_replacement,fully_frozen,39,749,0.9987386067708334,0.125,3,44,1.2400934953663265e-07,1.0798832117624535e-06,5.041948224835593e-07,0.0,0.0,0.0
pre_residual_routed_replacement,fully_frozen,39,749,0.9987386067708334,0.25,3,44,3.149606663558044e-07,2.7759499979979267e-06,1.277016233013956e-06,0.0,0.0,0.0
pre_residual_routed_replacement,fully_frozen,39,749,0.9987386067708334,0.5,3,44,7.774959997032159e-07,6.827801825368951e-06,3.153102461343129e-06,0.0,0.0,0.0
pre_residual_routed_replacement,fully_frozen,39,749,0.9987386067708334,1.0,3,44,2.203092386501091e-06,1.9489435593815174e-05,8.934000774194686e-06,0.0,0.0,0.0
pre_residual_routed_replacement,fully_frozen,39,749,0.9987386067708334,2.0,3,44,7.4010179906219324e-06,6.684185039984124e-05,3.0030449207869468e-05,0.0,0.0,0.0
pre_residual_routed_replacement,fully_frozen,39,749,0.9987386067708334,4.0,3,44,2.772672119859139e-05,0.0002529897966843514,0.00011260129806760852,0.0,0.0,0.0
pre_residual_routed_replacement,fully_frozen,39,768,1.0234781901041665,0.125,3,44,1.1002255591434236e-07,9.67533695551043e-07,4.472613115046421e-07,0.0,0.0,0.0
pre_residual_routed_replacement,fully_frozen,39,768,1.0234781901041665,0.25,3,44,2.7475569601294453e-07,2.4473297947354975e-06,1.1150342426879956e-06,0.0,0.0,0.0
pre_residual_routed_replacement,fully_frozen,39,768,1.0234781901041665,0.5,3,44,7.150495741373416e-07,6.278322241171051e-06,2.900777012807756e-06,0.0,0.0,0.0
pre_residual_routed_replacement,fully_frozen,39,768,1.0234781901041665,1.0,3,44,2.0039546279352036e-06,1.771442522484007e-05,8.124349794663699e-06,0.0,0.0,0.0
pre_residual_routed_replacement,fully_frozen,39,768,1.0234781901041665,2.0,3,44,6.57728332695032e-06,5.9566904644525826e-05,2.6688137244715053e-05,0.0,0.0,0.0
pre_residual_routed_replacement,fully_frozen,39,768,1.0234781901041665,4.0,3,44,2.4655119961959247e-05,0.0002250919469918061,0.00010010942652638466,0.0,0.0,0.0
pre_residual_routed_replacement,live,0,384,0.5234781901041666,0.125,3,44,0.00019631985712335748,0.0018139843980521592,0.000795653551327501,0.00025323462845971783,0.11363636363636363,0.01716970169374591
pre_residual_routed_replacement,live,0,384,0.5234781901041666,0.25,3,44,0.00016414834517904225,0.001495693429145143,0.0006634832388565003,0.00021393179308852887,0.13636363636363635,0.015547341876036585
pre_residual_routed_replacement,live,0,384,0.5234781901041666,0.5,3,44,0.0001574134461567279,0.0014505857252325753,0.0006383277493201379,0.00022063726503822608,0.11363636363636363,0.016091792638158676
pre_residual_routed_replacement,live,0,384,0.5234781901041666,1.0,3,44,0.00018530883815515153,0.001724295106463519,0.0007506652261540843,0.00023846774966624457,0.06818181818181818,0.011428682510528797
pre_residual_routed_replacement,live,0,384,0.5234781901041666,2.0,3,44,0.00016998742443325392,0.0015092058788167102,0.0006719467129027182,0.00022811741046136968,0.1590909090909091,0.017540263243782904
pre_residual_routed_replacement,live,0,384,0.5234781901041666,4.0,3,44,0.0001833111918498079,0.0017738619435208817,0.0007401493163812576,0.0002620176583493426,0.13636363636363635,0.016812550543602145
pre_residual_routed_replacement,live,0,576,0.7734781901041666,0.125,3,44,0.00017403734052446782,0.0015995927086114232,0.0007032451615860691,0.000243112753569832,0.09090909090909091,0.01346667215872585
pre_residual_routed_replacement,live,0,576,0.7734781901041666,0.25,3,44,0.0001381544634646368,0.0012467806452800664,0.0005582346692907474,0.00020244079364619097,0.13636363636363635,0.015244387852496887
pre_residual_routed_replacement,live,0,576,0.7734781901041666,0.5,3,44,0.00015312763113425635,0.001399732626865816,0.0006200180884929654,0.00021119093757396922,0.09090909090909091,0.012408295553361388
pre_residual_routed_replacement,live,0,576,0.7734781901041666,1.0,3,44,0.00016483479842318874,0.0016384322572363787,0.0006710677883665538,0.0002309482533841392,0.18181818181818182,0.01900285054791699
pre_residual_routed_replacement,live,0,576,0.7734781901041666,2.0,3,44,0.00017412665031522258,0.001464914297297202,0.0007035569626482153,0.0002313847515823098,0.11363636363636363,0.0148938260538903
pre_residual_routed_replacement,live,0,576,0.7734781901041666,4.0,3,44,0.00013823349328586946,0.0012620875675191123,0.0005556934561683793,0.0002161125384252161,0.13636363636363635,0.01776981046660966
pre_residual_routed_replacement,live,0,749,0.9987386067708334,0.125,3,44,0.0001870503896690614,0.0017756109587989356,0.0007572229394155649,0.00024762151887719653,0.11363636363636363,0.016089180254697317
pre_residual_routed_replacement,live,0,749,0.9987386067708334,0.25,3,44,0.00013452606738569145,0.0012445078827462098,0.0005429629147054481,0.00022342071840501584,0.09090909090909091,0.01263299698810248
pre_residual_routed_replacement,live,0,749,0.9987386067708334,0.5,3,44,0.00015340310936938874,0.0013778746897973385,0.0006200689340825148,0.0002203299061466141,0.11363636363636363,0.01613883429461559
pre_residual_routed_replacement,live,0,749,0.9987386067708334,1.0,3,44,0.00016212259531946736,0.0014744304155286589,0.000655430073492202,0.00021900750865481172,0.18181818181818182,0.021763178423215554
pre_residual_routed_replacement,live,0,749,0.9987386067708334,2.0,3,44,0.00018022929897266624,0.0017191181248922564,0.0007297141605672186,0.0002335501110188885,0.13636363636363635,0.018379677962833085
pre_residual_routed_replacement,live,0,749,0.9987386067708334,4.0,3,44,0.00016660340796257535,0.0015403288367001266,0.000670364200867559,0.0002216008338598316,0.11363636363636363,0.014969561627845523
pre_residual_routed_replacement,live,0,768,1.0234781901041665,0.125,3,44,0.00016679145848415416,0.0014454615232228707,0.0006757389327992333,0.0002212053174991714,0.11363636363636363,0.01721782758399042
pre_residual_routed_replacement,live,0,768,1.0234781901041665,0.25,3,44,0.0001513460034533151,0.0013586246240465823,0.0006142582535370917,0.0002155161289093206,0.13636363636363635,0.018247553820472818
pre_residual_routed_replacement,live,0,768,1.0234781901041665,0.5,3,44,0.0001684275802528067,0.0014909926374807125,0.000679810565564588,0.000241364716716329,0.11363636363636363,0.017441887853432227
pre_residual_routed_replacement,live,0,768,1.0234781901041665,1.0,3,44,0.00017204819002617197,0.0015393175189015666,0.000694361867315701,0.0002259388110322568,0.1590909090909091,0.017606637055653504
pre_residual_routed_replacement,live,0,768,1.0234781901041665,2.0,3,44,0.0001854170801064728,0.0017962913386256967,0.000752821583393164,0.000239819620753206,0.18181818181818182,0.020178447511960074
pre_residual_routed_replacement,live,0,768,1.0234781901041665,4.0,3,44,0.00018666352565849758,0.0017629423353692408,0.0007546463661956725,0.00023955118378263834,0.13636363636363635,0.017189878550372368
pre_residual_routed_replacement,live,1,384,0.5234781901041666,0.125,3,44,0.0001657002009077308,0.0015862338689324393,0.0006719081803561379,0.0002204092056873275,0.13636363636363635,0.017847223087196145
pre_residual_routed_replacement,live,1,384,0.5234781901041666,0.25,3,44,0.00015092432212523735,0.0013993070529038957,0.000610675658756191,0.00022432230093256565,0.09090909090909091,0.01245239001870581
pre_residual_routed_replacement,live,1,384,0.5234781901041666,0.5,3,44,0.00013477381248043358,0.0012034964750217822,0.0005472070267947549,0.00020388279207685664,0.11363636363636363,0.01650259418487779
pre_residual_routed_replacement,live,1,384,0.5234781901041666,1.0,3,44,0.0001784026698833879,0.001601818703699137,0.0007178223838863059,0.0002331448192307086,0.06818181818181818,0.01179205891595411
pre_residual_routed_replacement,live,1,384,0.5234781901041666,2.0,3,44,0.0001662228465545726,0.0014875431650809095,0.000675942157324936,0.00021465181415928207,0.13636363636363635,0.0162407528958623
pre_residual_routed_replacement,live,1,384,0.5234781901041666,4.0,3,44,0.00021916975615064095,0.002126951401873501,0.0008949097306697689,0.0002791221793458136,0.18181818181818182,0.02251587416152766
pre_residual_routed_replacement,live,1,576,0.7734781901041666,0.125,3,44,0.0001622294874876347,0.0015056756140679822,0.0006559297949989298,0.00021352094791906405,0.09090909090909091,0.01272683231819857
pre_residual_routed_replacement,live,1,576,0.7734781901041666,0.25,3,44,0.00018416162633756855,0.0017443749983795025,0.0007469864461370717,0.0002452419623338986,0.11363636363636363,0.015130959195313208
pre_residual_routed_replacement,live,1,576,0.7734781901041666,0.5,3,44,0.00015430079440906493,0.001402311262824784,0.0006208225582813638,0.00021395481594536748,0.11363636363636363,0.014510845593152787
pre_residual_routed_replacement,live,1,576,0.7734781901041666,1.0,3,44,0.0001736303730288052,0.0016767561358482896,0.0007016100317411365,0.0002628757829247974,0.11363636363636363,0.017536297115701472
pre_residual_routed_replacement,live,1,576,0.7734781901041666,2.0,3,44,0.00017144512871296186,0.0016797713899740672,0.0006932745351500821,0.0002377503720818302,0.11363636363636363,0.014082408754397719
pre_residual_routed_replacement,live,1,576,0.7734781901041666,4.0,3,44,0.0001895236181067875,0.0017760747789422999,0.0007667758103297325,0.00024080818531829534,0.06818181818181818,0.01190519441264886
pre_residual_routed_replacement,live,1,749,0.9987386067708334,0.125,3,44,0.00017374661911162548,0.0016049101994505786,0.0007058207340643532,0.00024600705930729894,0.13636363636363635,0.018026026071323
pre_residual_routed_replacement,live,1,749,0.9987386067708334,0.25,3,44,0.00017877296173971692,0.0017434682031662165,0.0007239022167801353,0.00022681156669576466,0.20454545454545456,0.023650167746530313
pre_residual_routed_replacement,live,1,749,0.9987386067708334,0.5,3,44,0.00015827696023507087,0.0014820799221360913,0.0006412852875083217,0.00022821117401888123,0.11363636363636363,0.01615057867000175
pre_residual_routed_replacement,live,1,749,0.9987386067708334,1.0,3,44,0.00017597151438570273,0.0017419043638542033,0.0007135196085452882,0.00026572571097368804,0.11363636363636363,0.015184254213239795
pre_residual_routed_replacement,live,1,749,0.9987386067708334,2.0,3,44,0.00020653333790350686,0.0017413556437261822,0.00084056439848464,0.00024510836469099156,0.09090909090909091,0.014825592901664525
pre_residual_routed_replacement,live,1,749,0.9987386067708334,4.0,3,44,0.0001911963500834769,0.0017300509895398517,0.0007719992219915368,0.0002505588453627291,0.13636363636363635,0.01796454975120625
pre_residual_routed_replacement,live,1,768,1.0234781901041665,0.125,3,44,0.00018663361179123555,0.001712270593257712,0.0007545498584463048,0.00024585689970489416,0.11363636363636363,0.01593888475424862
pre_residual_routed_replacement,live,1,768,1.0234781901041665,0.25,3,44,0.0001697207495732817,0.0015667438629559695,0.0006862325243808455,0.00022539820353550797,0.1590909090909091,0.01881028632643442
pre_residual_routed_replacement,live,1,768,1.0234781901041665,0.5,3,44,0.00020067583449190352,0.0019195451145571445,0.0008079797177919588,0.00026272509635159473,0.13636363636363635,0.018722243027046236
pre_residual_routed_replacement,live,1,768,1.0234781901041665,1.0,3,44,0.00018651860571594625,0.0016159884677844972,0.0007487659742643986,0.0002452406190472105,0.13636363636363635,0.01760184748780254
pre_residual_routed_replacement,live,1,768,1.0234781901041665,2.0,3,44,0.00017168649698750085,0.0015368648565036091,0.0006907370903871441,0.00022741532114226539,0.13636363636363635,0.015506773359377862
pre_residual_routed_replacement,live,1,768,1.0234781901041665,4.0,3,44,0.00021220269310230253,0.0019569756778758073,0.0008508903414830848,0.0002618467875449119,0.1590909090909091,0.01927885307298064
pre_residual_routed_replacement,live,4,384,0.5234781901041666,0.125,3,44,0.00012330206979785626,0.001058960019387566,0.0004994210201920827,0.00018956242555670763,0.13636363636363635,0.018004536691449868
pre_residual_routed_replacement,live,4,384,0.5234781901041666,0.25,3,44,0.00017494591592088165,0.0015677753739593416,0.0007100345775330878,0.00022681647294489559,0.09090909090909091,0.012690269870360782
pre_residual_routed_replacement,live,4,384,0.5234781901041666,0.5,3,44,0.00016509567799777807,0.0016009574036088174,0.0006690051558417186,0.00022937773327711588,0.18181818181818182,0.022170319743108645
pre_residual_routed_replacement,live,4,384,0.5234781901041666,1.0,3,44,0.00018212619799194064,0.0017839692567243543,0.0007399383418665785,0.00024472281466336856,0.1590909090909091,0.01908952415603483
pre_residual_routed_replacement,live,4,384,0.5234781901041666,2.0,3,44,0.00019003717855332008,0.001870193034993556,0.0007676270211941026,0.0002486430582321114,0.11363636363636363,0.017391109951265464
pre_residual_routed_replacement,live,4,384,0.5234781901041666,4.0,3,44,0.00028598543842341746,0.0025992775807759864,0.0011396179639178187,0.00031812470627181846,0.11363636363636363,0.01661032788886341
pre_residual_routed_replacement,live,4,576,0.7734781901041666,0.125,3,44,0.00017424360433696248,0.0015245743856647739,0.0007024296170146988,0.00021663793817794998,0.06818181818181818,0.011792634146945404
pre_residual_routed_replacement,live,4,576,0.7734781901041666,0.25,3,44,0.00015121142118087764,0.0013442023688953525,0.0006108171410703002,0.0002095127390869374,0.13636363636363635,0.01745409437351397
pre_residual_routed_replacement,live,4,576,0.7734781901041666,0.5,3,44,0.00020431235942843594,0.0017782144880896472,0.0008195043802247468,0.0002377159995525468,0.13636363636363635,0.016160507235679935
pre_residual_routed_replacement,live,4,576,0.7734781901041666,1.0,3,44,0.00018647970675544912,0.0017777781656960598,0.0007489782798560713,0.00024232078347013222,0.11363636363636363,0.014538449936064474
pre_residual_routed_replacement,live,4,576,0.7734781901041666,2.0,3,44,0.00014102995789047864,0.0012974994142911248,0.0005707126619770701,0.00019625255700796222,0.13636363636363635,0.015277657229749497
pre_residual_routed_replacement,live,4,576,0.7734781901041666,4.0,3,44,0.0002173904729319402,0.002014587347316732,0.000879638569512824,0.0002724837505019395,0.11363636363636363,0.015479198237295122
pre_residual_routed_replacement,live,4,749,0.9987386067708334,0.125,3,44,0.00019618740388306253,0.0018155196201149622,0.0007879961983702222,0.000252642301247679,0.13636363636363635,0.01645403651328651
pre_residual_routed_replacement,live,4,749,0.9987386067708334,0.25,3,44,0.00013542062551540437,0.001226074324620939,0.0005477052546451048,0.00020251118082243697,0.09090909090909091,0.012747723163593828
pre_residual_routed_replacement,live,4,749,0.9987386067708334,0.5,3,44,0.00018384437288690688,0.0017947378883372972,0.0007440716655934543,0.00026578032678390546,0.18181818181818182,0.022104998247544194
pre_residual_routed_replacement,live,4,749,0.9987386067708334,1.0,3,44,0.00018219281602165955,0.0017368506247585382,0.0007400828429896558,0.00023602693458056633,0.1590909090909091,0.01989756341103308
pre_residual_routed_replacement,live,4,749,0.9987386067708334,2.0,3,44,0.00020511728709235203,0.0017707039644767378,0.0008235241077369075,0.00024149066574469344,0.1590909090909091,0.019668720227967448
pre_residual_routed_replacement,live,4,749,0.9987386067708334,4.0,3,44,0.00015685304763608926,0.0014522388016743263,0.000636144553404118,0.0002133832607259723,0.11363636363636363,0.014468571643369151
pre_residual_routed_replacement,live,4,768,1.0234781901041665,0.125,3,44,0.0001686120826269127,0.0014881116307818311,0.0006754598971350576,0.00021659238639582125,0.06818181818181818,0.010307392320640842
pre_residual_routed_replacement,live,4,768,1.0234781901041665,0.25,3,44,0.00017452507016393136,0.0016245239220385615,0.0007054183146317732,0.0002364772370381632,0.11363636363636363,0.015880007064580134
pre_residual_routed_replacement,live,4,768,1.0234781901041665,0.5,3,44,0.00016762385742843188,0.001610632965782466,0.0006814386176415883,0.0002174194333196451,0.13636363636363635,0.01879176097333796
pre_residual_routed_replacement,live,4,768,1.0234781901041665,1.0,3,44,0.00018648514000832702,0.0017537950579922378,0.0007555152897039245,0.0002519168873308437,0.13636363636363635,0.018641897109342567
pre_residual_routed_replacement,live,4,768,1.0234781901041665,2.0,3,44,0.00017111915816123903,0.0017118929052709403,0.0006926444705024878,0.00023324980198113646,0.11363636363636363,0.015140206960455267
pre_residual_routed_replacement,live,4,768,1.0234781901041665,4.0,3,44,0.00019451858434329304,0.0017838694694992019,0.0007869039205456628,0.0002507404313863631,0.11363636363636363,0.016298447477070984
pre_residual_routed_replacement,live,6,384,0.5234781901041666,0.125,3,44,0.0001549865853937924,0.0013449651578564862,0.000625291647368308,0.00021123036182866772,0.11363636363636363,0.01432981603353532
pre_residual_routed_replacement,live,6,384,0.5234781901041666,0.25,3,44,0.0001333785686690383,0.001176744136993286,0.0005381323547861568,0.000183156519801639,0.13636363636363635,0.017282156524523105
pre_residual_routed_replacement,live,6,384,0.5234781901041666,0.5,3,44,0.0001430284781142952,0.0012684983082270327,0.0005798641622151334,0.0002054463616065971,0.18181818181818182,0.021834138462763195
pre_residual_routed_replacement,live,6,384,0.5234781901041666,1.0,3,44,0.00014830237325856967,0.0014111853595257728,0.0005992380708560199,0.0002166899054230888,0.11363636363636363,0.013689643719296742
pre_residual_routed_replacement,live,6,384,0.5234781901041666,2.0,3,44,0.00017534899225779554,0.0015390261443026033,0.0006993442491325386,0.0002257518273123753,0.1590909090909091,0.01761161810954228
pre_residual_routed_replacement,live,6,384,0.5234781901041666,4.0,3,44,0.00029657914881847154,0.0027519030831622614,0.001198536092191131,0.00034573974585062303,0.13636363636363635,0.018529974211799607
pre_residual_routed_replacement,live,6,576,0.7734781901041666,0.125,3,44,0.00014767588757600626,0.0012905191974505027,0.000597190821893379,0.00019738972160411464,0.13636363636363635,0.015448766876347648
pre_residual_routed_replacement,live,6,576,0.7734781901041666,0.25,3,44,0.00013095856343170453,0.0012009487850557913,0.0005300764207408367,0.00019414267194064886,0.11363636363636363,0.014765717193332488
pre_residual_routed_replacement,live,6,576,0.7734781901041666,0.5,3,44,0.00012885672059972174,0.0011285111353499105,0.0005196814892179708,0.00018650403619434615,0.11363636363636363,0.014204027123812772
pre_residual_routed_replacement,live,6,576,0.7734781901041666,1.0,3,44,0.00018356800768838286,0.0015634547757478157,0.0007424504934841001,0.00021295355026122403,0.1590909090909091,0.017081479282912104
pre_residual_routed_replacement,live,6,576,0.7734781901041666,2.0,3,44,0.00019211671531396942,0.0015838137508194553,0.0007780724235907567,0.00022248435951755256,0.09090909090909091,0.013578948339917246
pre_residual_routed_replacement,live,6,576,0.7734781901041666,4.0,3,44,0.00023603052507972032,0.001987910103428187,0.0009511960615282624,0.0002812889973502783,0.1590909090909091,0.01888153791547963
pre_residual_routed_replacement,live,6,749,0.9987386067708334,0.125,3,44,0.00013351195963454384,0.001101321846032621,0.0005403263359098732,0.00018735972147126352,0.13636363636363635,0.015148325566078731
pre_residual_routed_replacement,live,6,749,0.9987386067708334,0.25,3,44,0.00014752498054287406,0.0013378977570398444,0.0005956309304465164,0.0002076438460638909,0.18181818181818182,0.01911050288665423
pre_residual_routed_replacement,live,6,749,0.9987386067708334,0.5,3,44,0.00016835280246028296,0.0014902453059133778,0.0006766721924353448,0.000213125413436028,0.1590909090909091,0.017559383891727412
pre_residual_routed_replacement,live,6,749,0.9987386067708334,1.0,3,44,0.00017727799902189645,0.0015405041521867563,0.0007110934773512378,0.00022291894838647128,0.13636363636363635,0.018003900061333893
pre_residual_routed_replacement,live,6,749,0.9987386067708334,2.0,3,44,0.00019602169010113357,0.0018458568557127959,0.0007944284014660533,0.00025195214573230524,0.09090909090909091,0.012778869664544206
pre_residual_routed_replacement,live,6,749,0.9987386067708334,4.0,3,44,0.0001434183890916591,0.001282825942403242,0.0005747714960462311,0.0001964048295469851,0.13636363636363635,0.016979297058693662
pre_residual_routed_replacement,live,6,768,1.0234781901041665,0.125,3,44,0.00016106002575048834,0.0014275141535371703,0.0006460113984570142,0.00020810458608912404,0.11363636363636363,0.014131606582906657
pre_residual_routed_replacement,live,6,768,1.0234781901041665,0.25,3,44,0.0001466899905412075,0.0013175956064356382,0.0005892931823398537,0.00020183524269942082,0.09090909090909091,0.014722475290919695
pre_residual_routed_replacement,live,6,768,1.0234781901041665,0.5,3,44,0.00012653356447148408,0.0010579229980045637,0.000510113629616035,0.0001835769593997205,0.09090909090909091,0.014501130868912032
pre_residual_routed_replacement,live,6,768,1.0234781901041665,1.0,3,44,0.0001907759757380425,0.0016990037541512277,0.0007671142517246821,0.0002345583725644234,0.11363636363636363,0.015126550084456928
pre_residual_routed_replacement,live,6,768,1.0234781901041665,2.0,3,44,0.0001768167348979494,0.0015363670871508819,0.0007126967945523936,0.00021265778613406103,0.11363636363636363,0.015265632332675949
pre_residual_routed_replacement,live,6,768,1.0234781901041665,4.0,3,44,0.0002072983213727236,0.0017955594395766973,0.000842310659118525,0.00023264688730524705,0.1590909090909091,0.017884936396984928
pre_residual_routed_replacement,live,12,384,0.5234781901041666,0.125,3,44,0.00012196580367303382,0.0010110360254284255,0.0004914533342319934,0.00017388887795228108,0.1590909090909091,0.018596076176701046
pre_residual_routed_replacement,live,12,384,0.5234781901041666,0.25,3,44,0.00010847266638788514,0.0008973376821794682,0.0004369759040966799,0.00016769574101322605,0.06818181818181818,0.012121783800938224
pre_residual_routed_replacement,live,12,384,0.5234781901041666,0.5,3,44,0.00016938192975792597,0.0014995952478464596,0.0006825480609143064,0.00021918299662318917,0.11363636363636363,0.014130154657078437
pre_residual_routed_replacement,live,12,384,0.5234781901041666,1.0,3,44,0.0001616425679122296,0.0014564302759737815,0.0006521391139996416,0.00022041157411978465,0.09090909090909091,0.012477650483469072
pre_residual_routed_replacement,live,12,384,0.5234781901041666,2.0,3,44,0.00015898510786627185,0.001488277387148769,0.0006415032242945277,0.00022115647721745264,0.045454545454545456,0.009623913669075264
pre_residual_routed_replacement,live,12,384,0.5234781901041666,4.0,3,44,0.000209816007590937,0.0018393889764268716,0.0008514483716918915,0.00026234210299805566,0.13636363636363635,0.016357858828786112
pre_residual_routed_replacement,live,12,576,0.7734781901041666,0.125,3,44,0.00011386209529201159,0.0010041979629848855,0.00045916355066245987,0.00017658515139314294,0.13636363636363635,0.01661830776955042
pre_residual_routed_replacement,live,12,576,0.7734781901041666,0.25,3,44,0.00011093523243229956,0.0009830085206670143,0.000447141886894431,0.00018150184088385445,0.09090909090909091,0.01164051004962645
pre_residual_routed_replacement,live,12,576,0.7734781901041666,0.5,3,44,0.00015505017237739014,0.0012863710990072994,0.0006286223367140358,0.00019313515501278672,0.11363636363636363,0.014062506075668123
pre_residual_routed_replacement,live,12,576,0.7734781901041666,1.0,3,44,9.703476124203999e-05,0.000853096025044777,0.0003913012899119409,0.0001621873821402224,0.13636363636363635,0.014831690637245947
pre_residual_routed_replacement,live,12,576,0.7734781901041666,2.0,3,44,0.00013134574016827503,0.0011040448675720843,0.0005292335272795611,0.00019480738552806484,0.13636363636363635,0.016711445828771956
pre_residual_routed_replacement,live,12,576,0.7734781901041666,4.0,3,44,0.00018120282056990143,0.001630549179374513,0.000733707051441099,0.00024262173398385638,0.1590909090909091,0.020250830041716274
pre_residual_routed_replacement,live,12,749,0.9987386067708334,0.125,3,44,0.00011684564046535425,0.001034782837758808,0.00047000976281918257,0.00018054113210725937,0.13636363636363635,0.014489940547401065
pre_residual_routed_replacement,live,12,749,0.9987386067708334,0.25,3,44,0.00011768888682375042,0.0010829211027552957,0.0004785616833946122,0.0001778204515722941,0.11363636363636363,0.013961344922869505
pre_residual_routed_replacement,live,12,749,0.9987386067708334,0.5,3,44,0.00013866517014093915,0.001126143441490135,0.0005601171401573669,0.00018701314691778372,0.18181818181818182,0.017978157332732836
pre_residual_routed_replacement,live,12,749,0.9987386067708334,1.0,3,44,0.00011089249019588269,0.0009048974478117058,0.000448001616549474,0.00017316464832621252,0.11363636363636363,0.013493243225891134
pre_residual_routed_replacement,live,12,749,0.9987386067708334,2.0,3,44,0.00015292517328837428,0.0014010208594225698,0.0006183735493222067,0.00020966237753521736,0.1590909090909091,0.017555349426650893
pre_residual_routed_replacement,live,12,749,0.9987386067708334,4.0,3,44,0.00011196271000554506,0.0009313314100574183,0.00045033338551071653,0.0001809183452981351,0.13636363636363635,0.016762389161315394
pre_residual_routed_replacement,live,12,768,1.0234781901041665,0.125,3,44,0.00012160353509280888,0.00104281929574672,0.0004883395875303998,0.00017562251366345913,0.18181818181818182,0.018440942306758402
pre_residual_routed_replacement,live,12,768,1.0234781901041665,0.25,3,44,0.00012762850350740834,0.0011425701819789578,0.0005165253820251463,0.00017653384401883105,0.18181818181818182,0.018346493788284277
pre_residual_routed_replacement,live,12,768,1.0234781901041665,0.5,3,44,0.0001241019621509374,0.001070988314068141,0.0004991044338346427,0.00018567203372685332,0.1590909090909091,0.018807788349492836
pre_residual_routed_replacement,live,12,768,1.0234781901041665,1.0,3,44,0.00011188354874424145,0.0009226344216384237,0.0004511790436307188,0.00017639781338451958,0.11363636363636363,0.013554557964542807
pre_residual_routed_replacement,live,12,768,1.0234781901041665,2.0,3,44,0.00013881715871829928,0.0011832930741675243,0.0005608392395796843,0.0001835923827758053,0.1590909090909091,0.016592966475701926
pre_residual_routed_replacement,live,12,768,1.0234781901041665,4.0,3,44,0.00014555469634946019,0.0013362029274079526,0.0005859247074990218,0.0002073610668354692,0.11363636363636363,0.014229062246923774
pre_residual_routed_replacement,live,23,384,0.5234781901041666,0.125,3,44,7.585622663503438e-05,0.0006891108359317564,0.0003057790511798971,0.00014452160381141332,0.06818181818181818,0.009861290816527037
pre_residual_routed_replacement,live,23,384,0.5234781901041666,0.25,3,44,8.626075365534483e-05,0.0007942227341956001,0.00034779966696392564,0.00015060338451680728,0.11363636363636363,0.013375951120413494
pre_residual_routed_replacement,live,23,384,0.5234781901041666,0.5,3,44,0.0001099476363244569,0.0009875581026143677,0.0004436345079273828,0.00017072899273241186,0.09090909090909091,0.012343947627002548
pre_residual_routed_replacement,live,23,384,0.5234781901041666,1.0,3,44,8.283476263283195e-05,0.0007402707209318346,0.00033316347010772795,0.00014739497106333566,0.11363636363636363,0.012879593558132592
pre_residual_routed_replacement,live,23,384,0.5234781901041666,2.0,3,44,0.0001234912117834855,0.0012230587233606404,0.0005000053101984633,0.00019099485596840566,0.06818181818181818,0.010840899726232967
pre_residual_routed_replacement,live,23,384,0.5234781901041666,4.0,3,44,0.0001656794110570817,0.0014765095276556054,0.0006709007358818222,0.0002239126794293119,0.06818181818181818,0.011084676531329269
pre_residual_routed_replacement,live,23,576,0.7734781901041666,0.125,3,44,8.97571349892959e-05,0.0008087306261441822,0.00036186063598640415,0.00014460168176476496,0.06818181818181818,0.009940347751232054
pre_residual_routed_replacement,live,23,576,0.7734781901041666,0.25,3,44,6.507571024433838e-05,0.0006182014018535403,0.00026375192104722986,0.0001389488903431271,0.09090909090909091,0.010991251598910056
pre_residual_routed_replacement,live,23,576,0.7734781901041666,0.5,3,44,7.244835728476511e-05,0.0006414275644394551,0.00029311680406238216,0.00013560503250892284,0.06818181818181818,0.009962951975918156
pre_residual_routed_replacement,live,23,576,0.7734781901041666,1.0,3,44,8.931057536446215e-05,0.0007674256834635311,0.0003589615906567948,0.00014911004402186624,0.06818181818181818,0.009503039963132797
pre_residual_routed_replacement,live,23,576,0.7734781901041666,2.0,3,44,8.688698550878888e-05,0.0007544210533573546,0.0003489034257071477,0.0001499879715217511,0.11363636363636363,0.014803523632673232
pre_residual_routed_replacement,live,23,576,0.7734781901041666,4.0,3,44,9.99148886881523e-05,0.0009220331625698544,0.0004045043476904698,0.00016136836942120029,0.13636363636363635,0.014912270130382821
pre_residual_routed_replacement,live,23,749,0.9987386067708334,0.125,3,44,7.694230129376675e-05,0.0006864181649094035,0.00030986849000553716,0.0001445608173783556,0.11363636363636363,0.013562820357369353
pre_residual_routed_replacement,live,23,749,0.9987386067708334,0.25,3,44,9.499350881014834e-05,0.0008187467797583201,0.000383353770006241,0.00015523000445664267,0.13636363636363635,0.014924288039149828
pre_residual_routed_replacement,live,23,749,0.9987386067708334,0.5,3,44,9.6871134373218e-05,0.0009034221152411357,0.0003938399657330989,0.00015811035225599446,0.1590909090909091,0.0167646761805751
pre_residual_routed_replacement,live,23,749,0.9987386067708334,1.0,3,44,8.55984747338632e-05,0.0007720448873030481,0.0003471112224010884,0.00015075583638381963,0.1590909090909091,0.016128805480646893
pre_residual_routed_replacement,live,23,749,0.9987386067708334,2.0,3,44,0.00011342374820732071,0.001040148470064501,0.00045977082090081274,0.00017611354177583617,0.18181818181818182,0.01780699615204504
pre_residual_routed_replacement,live,23,749,0.9987386067708334,4.0,3,44,0.00010377269204943993,0.0009172075752566057,0.0004182493666285753,0.00015951613267315383,0.09090909090909091,0.01424787953228397
pre_residual_routed_replacement,live,23,768,1.0234781901041665,0.125,3,44,9.313750507544682e-05,0.0008041001767698078,0.0003730569218860048,0.00014934435440544627,0.11363636363636363,0.012856249985575536
pre_residual_routed_replacement,live,23,768,1.0234781901041665,0.25,3,44,8.560171796096421e-05,0.0007625766207217378,0.00034607464158467605,0.0001379894151870218,0.09090909090909091,0.011668049818135856
pre_residual_routed_replacement,live,23,768,1.0234781901041665,0.5,3,44,8.484942119159975e-05,0.0007576755830737112,0.00034383527845264166,0.000144134405409203,0.09090909090909091,0.01218748289849936
pre_residual_routed_replacement,live,23,768,1.0234781901041665,1.0,3,44,8.127513054422376e-05,0.0007409767476919057,0.00032948621746998905,0.00014869846253869645,0.11363636363636363,0.013393996934179387
pre_residual_routed_replacement,live,23,768,1.0234781901041665,2.0,3,44,9.012446253884512e-05,0.0008335215541226678,0.0003660079906934354,0.00015541570606307503,0.022727272727272728,0.00695939151113491
pre_residual_routed_replacement,live,23,768,1.0234781901041665,4.0,3,44,9.193021763581106e-05,0.0008685493183998124,0.00037195614743149285,0.00016146092954797686,0.045454545454545456,0.009130398807441402
pre_residual_routed_replacement,live,39,384,0.5234781901041666,0.125,3,44,5.192716593685728e-07,4.531149718007445e-06,2.0956409702389443e-06,0.0,0.0,0.0
pre_residual_routed_replacement,live,39,384,0.5234781901041666,0.25,3,44,1.345340427343961e-06,1.1630323327426751e-05,5.392589359526356e-06,0.0,0.0,0.0
pre_residual_routed_replacement,live,39,384,0.5234781901041666,0.5,3,44,4.083904651059294e-06,3.6025697892553434e-05,1.6336470497646527e-05,0.0,0.0,0.0
pre_residual_routed_replacement,live,39,384,0.5234781901041666,1.0,3,44,1.4381495263519769e-05,0.00012905547383798314,5.7633304730769774e-05,0.0,0.0,0.0
pre_residual_routed_replacement,live,39,384,0.5234781901041666,2.0,3,44,5.5329053594732613e-05,0.0004999072690545654,0.00022210821958844456,0.0,0.0,0.0
pre_residual_routed_replacement,live,39,384,0.5234781901041666,4.0,3,44,0.00021956708205421322,0.0019957440280188097,0.0008844683541556007,0.0,0.0,0.0
pre_residual_routed_replacement,live,39,576,0.7734781901041666,0.125,3,44,2.476986963015096e-07,2.176463988865683e-06,1.00463380774508e-06,0.0,0.0,0.0
pre_residual_routed_replacement,live,39,576,0.7734781901041666,0.25,3,44,6.159871115003894e-07,5.388191413803025e-06,2.4912871843857882e-06,0.0,0.0,0.0
pre_residual_routed_replacement,live,39,576,0.7734781901041666,0.5,3,44,1.6954636419667808e-06,1.487855736902896e-05,6.837124303761165e-06,0.0,0.0,0.0
pre_residual_routed_replacement,live,39,576,0.7734781901041666,1.0,3,44,5.392208529222196e-06,4.8111268750647334e-05,2.1757906728355053e-05,0.0,0.0,0.0
pre_residual_routed_replacement,live,39,576,0.7734781901041666,2.0,3,44,1.9699067058292545e-05,0.00017795110183294047,7.960805540734912e-05,0.0,0.0,0.0
pre_residual_routed_replacement,live,39,576,0.7734781901041666,4.0,3,44,7.668121604030954e-05,0.0006951917146443236,0.0003102233346196283,0.0,0.0,0.0
pre_residual_routed_replacement,live,39,749,0.9987386067708334,0.125,3,44,1.2400934953663265e-07,1.0798832117624535e-06,5.041948224835593e-07,0.0,0.0,0.0
pre_residual_routed_replacement,live,39,749,0.9987386067708334,0.25,3,44,3.149606663558044e-07,2.7759499979979267e-06,1.277016233013956e-06,0.0,0.0,0.0
pre_residual_routed_replacement,live,39,749,0.9987386067708334,0.5,3,44,7.774959997032159e-07,6.827801825368951e-06,3.153102461343129e-06,0.0,0.0,0.0
pre_residual_routed_replacement,live,39,749,0.9987386067708334,1.0,3,44,2.203092386501091e-06,1.9489435593815174e-05,8.934000774194686e-06,0.0,0.0,0.0
pre_residual_routed_replacement,live,39,749,0.9987386067708334,2.0,3,44,7.4010179906219324e-06,6.684185039984124e-05,3.0030449207869468e-05,0.0,0.0,0.0
pre_residual_routed_replacement,live,39,749,0.9987386067708334,4.0,3,44,2.772672119859139e-05,0.0002529897966843514,0.00011260129806760852,0.0,0.0,0.0
pre_residual_routed_replacement,live,39,768,1.0234781901041665,0.125,3,44,1.1002255591434236e-07,9.67533695551043e-07,4.472613115046421e-07,0.0,0.0,0.0
pre_residual_routed_replacement,live,39,768,1.0234781901041665,0.25,3,44,2.7475569601294453e-07,2.4473297947354975e-06,1.1150342426879956e-06,0.0,0.0,0.0
pre_residual_routed_replacement,live,39,768,1.0234781901041665,0.5,3,44,7.150495741373416e-07,6.278322241171051e-06,2.900777012807756e-06,0.0,0.0,0.0
pre_residual_routed_replacement,live,39,768,1.0234781901041665,1.0,3,44,2.0039546279352036e-06,1.771442522484007e-05,8.124349794663699e-06,0.0,0.0,0.0
pre_residual_routed_replacement,live,39,768,1.0234781901041665,2.0,3,44,6.57728332695032e-06,5.9566904644525826e-05,2.6688137244715053e-05,0.0,0.0,0.0
pre_residual_routed_replacement,live,39,768,1.0234781901041665,4.0,3,44,2.4655119961959247e-05,0.0002250919469918061,0.00010010942652638466,0.0,0.0,0.0
