injection_mode,route_mode,injection_layer,mean_budget_pages_per_expert,charged_bpw,alpha,requests,label_tokens,intended_delta_energy,realized_layer_error_energy,layer_output_unchanged_fraction,first_route_membership_crossing_fraction,first_route_membership_distance_median,final_router_mass_churn,delta_nll,ppl_ratio,logit_kl,top1_agreement
post_xplus_bf16_delta,live,0,384,0.5234781901041666,1.0,3,41,4.466996231859737e-05,4.5847091112515966e-05,0.3974408214728932,1.0,2.0,0.016838728885868993,0.014327123099456412,1.014430248234547,0.0031478528116369404,0.975609756097561
post_xplus_bf16_delta,live,0,576,0.7734781901041666,1.0,3,41,6.220031691365662e-06,6.560862194763831e-06,0.567796462144309,1.0,1.0,0.014726641762753184,-0.0005493515410571937,0.9994507993248732,0.0023472842795112113,1.0
post_xplus_bf16_delta,live,0,749,0.9987386067708334,1.0,3,41,5.668071780622763e-07,5.004803725253719e-07,0.8336367532564297,1.0,2.0,0.013294859925979187,-0.010054118814582208,0.9899962548756138,0.0028146378624447177,0.975609756097561
post_xplus_bf16_delta,live,0,768,1.0234781901041665,1.0,3,41,4.085047189241406e-07,3.5118360386600404e-07,0.8607298010658517,1.0,2.0,0.014510949299868807,0.009780516556846135,1.0098285021225226,0.002376401225424499,1.0
post_xplus_bf16_delta,live,1,384,0.5234781901041666,1.0,3,41,0.0004558713228720567,0.00045822481134804894,0.3241929617876407,1.0,1.0,0.014012838232527162,-0.011805144498967583,0.9882642628296971,0.0019070209130419102,1.0
post_xplus_bf16_delta,live,1,576,0.7734781901041666,1.0,3,41,0.0001570053193316364,0.000158832244017575,0.35802541688653067,1.0,1.0,0.019568617092847306,0.00494946943689157,1.0049617382938376,0.0025740910470876386,1.0
post_xplus_bf16_delta,live,1,749,0.9987386067708334,1.0,3,41,5.61244708675503e-05,5.791358500772283e-05,0.40993904652932495,1.0,1.0,0.020687284582393228,0.0030070029350318037,1.003011528503353,0.002235316118360421,1.0
post_xplus_bf16_delta,live,1,768,1.0234781901041665,1.0,3,41,5.00421483979062e-05,5.148301637504325e-05,0.4160085481282247,1.0,1.0,0.015018199421129166,0.00903187090199106,1.0090727813211036,0.0029535230812183077,1.0
post_xplus_bf16_delta,live,4,384,0.5234781901041666,1.0,3,41,0.001286601771500365,0.0012938983968647625,0.32257924416871875,1.0,1.0,0.018582058877737426,0.0056184785306921375,1.0056342917827932,0.002431373210651257,1.0
post_xplus_bf16_delta,live,4,576,0.7734781901041666,1.0,3,41,0.0004440638685789863,0.0004484605036002749,0.35552569706041864,1.0,1.0,0.016654362815026667,0.010791151363940201,1.0108495858404267,0.002598619489720659,1.0
post_xplus_bf16_delta,live,4,749,0.9987386067708334,1.0,3,41,0.00016185694462150828,0.00016546555454983756,0.40630916478560813,1.0,1.0,0.015379970240513768,-0.0021500099414186297,0.9978522996744266,0.0029254045709689253,0.975609756097561
post_xplus_bf16_delta,live,4,768,1.0234781901041665,1.0,3,41,0.00014410953322435062,0.00014833620641289166,0.41308416637351475,1.0,1.0,0.010818294087018645,0.006837598178348527,1.0068610279233916,0.001963641624372246,1.0
post_xplus_bf16_delta,live,6,384,0.5234781901041666,1.0,3,41,0.0016175608903892381,0.0016257841876856627,0.3477682699331125,1.0,1.0,0.02076454202892127,0.011887263867387362,1.0119581981814987,0.001877405066381037,1.0
post_xplus_bf16_delta,live,6,576,0.7734781901041666,1.0,3,41,0.0005589690470901307,0.0005659393760153609,0.3880680621005805,1.0,1.0,0.016453156547189648,0.0028183166808524443,1.0028222918688783,0.002760506421988306,1.0
post_xplus_bf16_delta,live,6,749,0.9987386067708334,1.0,3,41,0.00020482917062402425,0.00020990620323713827,0.4423655096630218,1.0,1.0,0.013177734134733424,0.009660960786555536,1.0097077785148358,0.0019935629797814174,0.975609756097561
post_xplus_bf16_delta,live,6,768,1.0234781901041665,1.0,3,41,0.00018036138850230103,0.00018527400987473406,0.44851223466693046,1.0,1.0,0.016054622936791618,-0.009885507836285308,0.9901631931860791,0.0019538182541288278,1.0
post_xplus_bf16_delta,live,12,384,0.5234781901041666,1.0,3,41,0.0025040800603062445,0.002519038960774263,0.36580813982249644,1.0,1.0,0.013701752420641571,0.01691644443928986,1.0170603377280274,0.002545410029617797,1.0
post_xplus_bf16_delta,live,12,576,0.7734781901041666,1.0,3,41,0.0008890808991978643,0.0009003062482805379,0.4084981206210425,1.0,1.0,0.014222386772580262,-0.011444938918627518,0.9886203052524032,0.0013473537140920346,1.0
post_xplus_bf16_delta,live,12,749,0.9987386067708334,1.0,3,41,0.00032541883387868204,0.00033339315836570263,0.46366735939087905,1.0,3.0,0.012833077398888901,0.001960767124620016,1.0019626906854913,0.00135767544016019,1.0
post_xplus_bf16_delta,live,12,768,1.0234781901041665,1.0,3,41,0.0002889488651932126,0.0002966915594552064,0.4706331082475864,1.0,1.0,0.016724130844340625,0.005467644886264375,1.0054826197365134,0.0017874349566835744,0.975609756097561
post_xplus_bf16_delta,live,23,384,0.5234781901041666,1.0,3,41,0.0037511249506139055,0.0037790913774652162,0.3821260587061249,1.0,1.0,0.01386838854534707,0.0024886947340347584,1.0024917941053708,0.0017747751091975442,1.0
post_xplus_bf16_delta,live,23,576,0.7734781901041666,1.0,3,41,0.0013486735851218896,0.0013691482155171748,0.42588960171640483,1.0,2.0,0.01555448427240173,-0.004214618525663348,0.9957942505147461,0.0017039494710327497,1.0
post_xplus_bf16_delta,live,23,749,0.9987386067708334,1.0,3,41,0.0004937865266464774,0.000509763477910913,0.48390176950804203,1.0,1.0,0.01173786380316109,0.0020971165419754567,1.0020993170288277,0.0014793740493474004,1.0
post_xplus_bf16_delta,live,23,768,1.0234781901041665,1.0,3,41,0.00043615933230440305,0.0004523803699794871,0.49216608616469276,1.0,1.0,0.01466055132147283,0.007070772923204866,1.0070958298605606,0.0018487955351030782,1.0
post_xplus_bf16_delta,live,39,384,0.5234781901041666,1.0,3,41,0.03852142206872671,0.039131207968073456,0.35427982790757895,0.0,,0.0,0.0027949400011244413,1.0027988494873408,0.0005521104245451107,1.0
post_xplus_bf16_delta,live,39,576,0.7734781901041666,1.0,3,41,0.013364118292475243,0.013723152221907432,0.41026323520071145,0.0,,0.0,0.0008597285689192681,1.000860098241457,0.00026599873462242,1.0
post_xplus_bf16_delta,live,39,749,0.9987386067708334,1.0,3,41,0.004749501652699079,0.0049927126946523,0.48574552744757465,0.0,,0.0,-0.0006715081105044046,0.9993287173006089,0.00011611454732528832,1.0
post_xplus_bf16_delta,live,39,768,1.0234781901041665,1.0,3,41,0.004203365416893292,0.004424180604501985,0.49435293115325984,0.0,,0.0,-0.001619432285242084,0.9983818782876643,0.00015206975817754165,1.0
post_xplus_fp32_once,live,0,384,0.5234781901041666,1.0,3,41,4.466996231859737e-05,4.584136108350189e-05,0.3971738966798096,1.0,1.0,0.01314573207643608,0.004520295547755351,1.0045305274950076,0.002105663909761706,1.0
post_xplus_fp32_once,live,0,576,0.7734781901041666,1.0,3,41,6.220031691365662e-06,6.564264682615975e-06,0.5675410000513016,1.0,2.0,0.015311588891243205,0.0030133847984532666,1.0030179296063635,0.0025500936686537567,1.0
post_xplus_fp32_once,live,0,749,0.9987386067708334,1.0,3,41,5.668071780622763e-07,4.997184413384293e-07,0.833459270350854,1.0,2.0,0.014653124776344666,-0.006296704253917414,0.9937230784446008,0.0027337422659744494,1.0
post_xplus_fp32_once,live,0,768,1.0234781901041665,1.0,3,41,4.085047189241406e-07,3.5222401998749534e-07,0.8604299004932282,1.0,2.0,0.015087561091696091,0.0025289120694389814,1.0025321124648374,0.0027826816427319067,1.0
post_xplus_fp32_once,live,1,384,0.5234781901041666,1.0,3,41,0.0004558713228720567,0.00045816364720817484,0.32417095248739447,1.0,1.0,0.014422073541528324,0.011867871954419644,1.0119385745664629,0.0026027681420065386,1.0
post_xplus_fp32_once,live,1,576,0.7734781901041666,1.0,3,41,0.0001570053193316364,0.00015885631805878157,0.3579040756368726,1.0,1.0,0.0219846328407133,0.0046348900844158086,1.0046456478013202,0.0021916219550486694,1.0
post_xplus_fp32_once,live,1,749,0.9987386067708334,1.0,3,41,5.61244708675503e-05,5.795183299292932e-05,0.4096944745739524,1.0,1.0,0.014361519069803642,0.00222056690666068,1.002223034191273,0.0029174788879046936,0.975609756097561
post_xplus_fp32_once,live,1,768,1.0234781901041665,1.0,3,41,5.00421483979062e-05,5.148141897642605e-05,0.4158638234284612,1.0,1.0,0.01897491434644191,0.011337214207771867,1.0114017239772974,0.0018372739685882317,1.0
post_xplus_fp32_once,live,4,384,0.5234781901041666,1.0,3,41,0.001286601771500365,0.0012935357151033495,0.3224797442676575,1.0,1.0,0.016400104861016902,0.006266718572942132,1.0062863955356334,0.0037000877461819607,0.975609756097561
post_xplus_fp32_once,live,4,576,0.7734781901041666,1.0,3,41,0.0004440638685789863,0.0004484971459151723,0.3553041421151892,1.0,2.0,0.015086626772781019,0.00913565557670871,1.0091775130461593,0.0025864736124672724,1.0
post_xplus_fp32_once,live,4,749,0.9987386067708334,1.0,3,41,0.00016185694462150828,0.00016550098351388065,0.40610964586020565,1.0,1.0,0.018238261635265485,0.006639523391947984,1.0066616138904487,0.002920121346469836,1.0
post_xplus_fp32_once,live,4,768,1.0234781901041665,1.0,3,41,0.00014410953322435062,0.00014829612583448873,0.41298395267794324,1.0,1.0,0.017026236804334835,0.01018830462958749,1.0102403821153692,0.0027817423377971343,0.975609756097561
post_xplus_fp32_once,live,6,384,0.5234781901041666,1.0,3,41,0.0016175608903892381,0.0016262851462885723,0.3476243315524351,1.0,1.0,0.016568602223429135,0.0021205980316132845,1.0021228480898277,0.0028750758807521972,1.0
post_xplus_fp32_once,live,6,576,0.7734781901041666,1.0,3,41,0.0005589690470901307,0.000566066708213815,0.3878119091155605,1.0,1.0,0.01486632279305946,-0.007057339078939967,0.9929675054586992,0.0024776528131697133,1.0
post_xplus_fp32_once,live,6,749,0.9987386067708334,1.0,3,41,0.00020482917062402425,0.00020990877280435043,0.4421423362746248,1.0,1.0,0.011897607406701203,0.01592587606682974,1.0160533687427435,0.002170855454081072,1.0
post_xplus_fp32_once,live,6,768,1.0234781901041665,1.0,3,41,0.00018036138850230103,0.0001853224962325733,0.4482125287655371,1.0,1.0,0.014172542549744713,0.0015166344301473511,1.0015177851017874,0.0023754692174424797,1.0
post_xplus_fp32_once,live,12,384,0.5234781901041666,1.0,3,41,0.0025040800603062445,0.002518345503002741,0.36570802537108155,1.0,1.0,0.010786099474152412,-0.0025541304221580485,0.9974491285937076,0.002294288932382369,1.0
post_xplus_fp32_once,live,12,576,0.7734781901041666,1.0,3,41,0.0008890808991978643,0.0009007851379970577,0.40836460669388097,1.0,1.0,0.015558506152904274,-0.007517202423800818,0.9925109810777605,0.0023090587347598663,1.0
post_xplus_fp32_once,live,12,749,0.9987386067708334,1.0,3,41,0.00032541883387868204,0.00033351737279212386,0.46355647313140047,1.0,3.0,0.011717553567671934,0.0027506692902538776,1.0027544558520898,0.0014310111796270277,1.0
post_xplus_fp32_once,live,12,768,1.0234781901041665,1.0,3,41,0.0002889488651932126,0.0002969556901532053,0.47038863553637034,1.0,1.0,0.012402956488368522,0.0007700893210689664,1.0007703859159802,0.0021957508625071237,1.0
post_xplus_fp32_once,live,23,384,0.5234781901041666,1.0,3,41,0.0037511249506139055,0.0037781321043995654,0.38199259821812465,1.0,1.0,0.009400073403755666,-0.003840346130351032,0.9961670185681692,0.0018053746858287304,1.0
post_xplus_fp32_once,live,23,576,0.7734781901041666,1.0,3,41,0.0013486735851218896,0.0013694221398127464,0.4258007743792507,1.0,2.0,0.011487187304273224,-0.0010809212780790519,0.9989196627068928,0.0018411197803302765,1.0
post_xplus_fp32_once,live,23,749,0.9987386067708334,1.0,3,41,0.0004937865266464774,0.0005102429061667008,0.4837358905346114,1.0,2.0,0.01214639725053923,0.0038225255837939206,1.00382984075255,0.0022949775048456385,1.0
post_xplus_fp32_once,live,23,768,1.0234781901041665,1.0,3,41,0.00043615933230440305,0.000452303885304258,0.49198825972165217,1.0,1.0,0.012335408911855457,0.009491328013087323,1.0095365135104635,0.0015159178732656398,1.0
post_xplus_fp32_once,live,39,384,0.5234781901041666,1.0,3,41,0.03852142206872671,0.03913557242832441,0.3541798356028182,0.0,,0.0,0.004295542440518392,1.004304781507145,0.0005503148241503719,1.0
post_xplus_fp32_once,live,39,576,0.7734781901041666,1.0,3,41,0.013364118292475243,0.013722988412694398,0.4100086777563614,0.0,,0.0,0.0006885380248399703,1.0006887751215594,0.00025686922604565773,1.0
post_xplus_fp32_once,live,39,749,0.9987386067708334,1.0,3,41,0.004749501652699079,0.0049964316637123056,0.4855567307081574,0.0,,0.0,-0.0018171369494113568,0.9981845130443622,0.00012345418443334785,1.0
post_xplus_fp32_once,live,39,768,1.0234781901041665,1.0,3,41,0.004203365416893292,0.004422627636026251,0.49404201066218145,0.0,,0.0,-0.001612430864097859,0.9983888684041273,0.00014992267211401766,1.0
pre_residual_routed_replacement,frozen_set_live_weights,0,384,0.5234781901041666,0.125,3,41,4.466996231859737e-05,1.856233556593181e-06,0.8061303344497537,1.0,1.0,0.016517097087982553,0.00021476186324212646,1.000214784926222,0.000716641109889219,1.0
pre_residual_routed_replacement,frozen_set_live_weights,0,384,0.5234781901041666,0.25,3,41,4.466996231859737e-05,5.007180184625989e-06,0.6713199045301751,1.0,1.0,0.013153746569080535,-0.008530424721162935,0.9915058561148579,0.0007888540000608894,1.0
pre_residual_routed_replacement,frozen_set_live_weights,0,384,0.5234781901041666,0.5,3,41,4.466996231859737e-05,1.4576771173071145e-05,0.5338090411121209,1.0,1.0,0.01411926645358069,0.00013278298070348656,1.0001327917967537,0.0006865113178876641,1.0
pre_residual_routed_replacement,frozen_set_live_weights,0,384,0.5234781901041666,1.0,3,41,4.466996231859737e-05,4.8962428956430506e-05,0.4249101000625391,1.0,1.0,0.019372125644697924,-0.0018854865327586623,0.9981162898803309,0.0007171988332224994,1.0
pre_residual_routed_replacement,frozen_set_live_weights,0,384,0.5234781901041666,2.0,3,41,4.466996231859737e-05,0.00018306491995232312,0.35359888703022396,1.0,1.0,0.014415628047716402,0.003185261937058189,1.0031903402743754,0.0006594301468153752,1.0
pre_residual_routed_replacement,frozen_set_live_weights,0,384,0.5234781901041666,4.0,3,41,4.466996231859737e-05,0.0007204545974200342,0.3143649351156973,1.0,1.0,0.010159641393529284,-0.001847877462399772,0.9981538288120011,0.0006907555087757606,1.0
pre_residual_routed_replacement,frozen_set_live_weights,0,576,0.7734781901041666,0.125,3,41,6.220031691365662e-06,3.1699811149457944e-07,0.9416602501502404,1.0,2.0,0.01776793056477636,-0.00023310232444958366,0.9997669248417864,0.0008868513534993783,1.0
pre_residual_routed_replacement,frozen_set_live_weights,0,576,0.7734781901041666,0.25,3,41,6.220031691365662e-06,1.056131487931672e-06,0.8643512165196021,1.0,2.0,0.012292166749587961,0.00889512705356453,1.0089348062594787,0.0006802040958524142,1.0
pre_residual_routed_replacement,frozen_set_live_weights,0,576,0.7734781901041666,0.5,3,41,6.220031691365662e-06,3.1817506517857027e-06,0.7436129590881996,1.0,2.0,0.014919367127132299,0.0044133321398163875,1.0044230852327056,0.000844605692904616,1.0
pre_residual_routed_replacement,frozen_set_live_weights,0,576,0.7734781901041666,1.0,3,41,6.220031691365662e-06,9.607577178255141e-06,0.6040240184600238,1.0,2.0,0.009391846178208443,-0.0001260829357758622,0.9998739250123434,0.0006650156666473801,1.0
pre_residual_routed_replacement,frozen_set_live_weights,0,576,0.7734781901041666,2.0,3,41,6.220031691365662e-06,2.9088121631642692e-05,0.4794430005692034,1.0,1.0,0.012258169051813306,0.00540565433011673,1.0054202912416281,0.0008090987727729555,1.0
pre_residual_routed_replacement,frozen_set_live_weights,0,576,0.7734781901041666,4.0,3,41,6.220031691365662e-06,0.00010480637655657519,0.3879878537367104,1.0,2.0,0.015687709961343693,-0.006371987432068714,0.9936482706289735,0.0007930253100004447,1.0
pre_residual_routed_replacement,frozen_set_live_weights,0,749,0.9987386067708334,0.125,3,41,5.668071780622763e-07,3.1153138638207746e-08,0.9922409315270286,1.0,3.0,0.010942534229544136,0.0020166447344333012,1.0020186795300159,0.0007186672425510618,1.0
pre_residual_routed_replacement,frozen_set_live_weights,0,749,0.9987386067708334,0.25,3,41,5.668071780622763e-07,1.1964930483523455e-07,0.9762988235445005,1.0,3.0,0.01609467427141495,-0.0007128922561794044,0.999287361791132,0.0007964017801267086,1.0
pre_residual_routed_replacement,frozen_set_live_weights,0,749,0.9987386067708334,0.5,3,41,5.668071780622763e-07,4.4512526060514604e-07,0.9379454077743902,1.0,2.0,0.01593104619929402,-0.0021247797632777073,0.9978774759833058,0.0008095702810014504,1.0
pre_residual_routed_replacement,frozen_set_live_weights,0,749,0.9987386067708334,1.0,3,41,5.668071780622763e-07,1.2952572653761527e-06,0.8665509556143489,1.0,2.0,0.008187430343906569,-0.0012503988033966697,0.9987503826194565,0.000830883417644171,1.0
pre_residual_routed_replacement,frozen_set_live_weights,0,749,0.9987386067708334,2.0,3,41,5.668071780622763e-07,3.854141558618057e-06,0.7597019522394368,1.0,2.0,0.013112539077359224,-0.0008257975134699895,0.9991745433634585,0.0006400887191335864,1.0
pre_residual_routed_replacement,frozen_set_live_weights,0,749,0.9987386067708334,4.0,3,41,5.668071780622763e-07,1.1506311609639589e-05,0.6347090367453779,1.0,2.0,0.01246646692413398,0.0027556327149002974,1.002759432960622,0.0006483479240126599,1.0
pre_residual_routed_replacement,frozen_set_live_weights,0,768,1.0234781901041665,0.125,3,41,4.085047189241406e-07,2.359695985821599e-08,0.9941470033455969,1.0,2.0,0.014693086287908552,-0.0019865089296278605,0.9980154628733517,0.0009149103554031254,1.0
pre_residual_routed_replacement,frozen_set_live_weights,0,768,1.0234781901041665,0.25,3,41,4.085047189241406e-07,9.2671394548634e-08,0.9816455032320004,1.0,1.0,0.012135981742439244,-0.0029473964428536623,0.9970569428657742,0.0007945602504083845,1.0
pre_residual_routed_replacement,frozen_set_live_weights,0,768,1.0234781901041665,0.5,3,41,4.085047189241406e-07,3.373182007622034e-07,0.9512755240702196,1.0,2.0,0.013670382025455311,-0.0014389131637185723,0.9985621215754683,0.0006339186640317475,1.0
pre_residual_routed_replacement,frozen_set_live_weights,0,768,1.0234781901041665,1.0,3,41,4.085047189241406e-07,9.918252195382986e-07,0.8916257360862746,1.0,2.0,0.016545807395794546,-0.0003603528271037907,0.9996397120921781,0.000729829365981596,1.0
pre_residual_routed_replacement,frozen_set_live_weights,0,768,1.0234781901041665,2.0,3,41,4.085047189241406e-07,2.910075929545982e-06,0.796616060544432,1.0,2.0,0.01327873375399054,0.0007215660023101954,1.0007218263936841,0.00065042435170179,1.0
pre_residual_routed_replacement,frozen_set_live_weights,0,768,1.0234781901041665,4.0,3,41,4.085047189241406e-07,8.524787720678147e-06,0.679322953310663,1.0,2.0,0.012825986493601706,0.006790695416230182,1.0068138044675767,0.000677129614887715,1.0
pre_residual_routed_replacement,frozen_set_live_weights,1,384,0.5234781901041666,0.125,3,41,0.0004558713228720567,1.2243939807972167e-05,0.60253382164512,1.0,1.0,0.014217570587318536,0.0003755585387479711,1.0003756290696852,0.0007039679651492155,1.0
pre_residual_routed_replacement,frozen_set_live_weights,1,384,0.5234781901041666,0.25,3,41,0.0004558713228720567,3.532077279148439e-05,0.47654628884874334,1.0,2.0,0.01805784768334044,0.0007587106310262176,1.0007589985247418,0.0008169444375284307,1.0
pre_residual_routed_replacement,frozen_set_live_weights,1,384,0.5234781901041666,0.5,3,41,0.0004558713228720567,0.00012192819873577328,0.3870903392073659,1.0,1.0,0.014065266189095977,-0.003280379474019945,0.9967249950922483,0.000687241164042351,1.0
pre_residual_routed_replacement,frozen_set_live_weights,1,384,0.5234781901041666,1.0,3,41,0.0004558713228720567,0.0004651220272533855,0.3333071557785139,1.0,1.0,0.013986127392189799,-0.00504481658945548,0.9949678871261389,0.0007865520585800082,1.0
pre_residual_routed_replacement,frozen_set_live_weights,1,384,0.5234781901041666,2.0,3,41,0.0004558713228720567,0.001835285224156426,0.3035691176003557,1.0,1.0,0.011881095777762384,-0.0025983324139039993,0.9974050403299602,0.000713028170415599,1.0
pre_residual_routed_replacement,frozen_set_live_weights,1,384,0.5234781901041666,4.0,3,41,0.0004558713228720567,0.007304340849737315,0.28831760771502696,1.0,1.0,0.00801761744268283,-0.005640602275479605,0.9943752760530623,0.0009880197505131901,1.0
pre_residual_routed_replacement,frozen_set_live_weights,1,576,0.7734781901041666,0.125,3,41,0.0001570053193316364,6.2133315544902e-06,0.7096623423697428,1.0,1.0,0.010827856381266867,-0.0067386240276412325,0.9932840295859618,0.0007639929989107085,1.0
pre_residual_routed_replacement,frozen_set_live_weights,1,576,0.7734781901041666,0.25,3,41,0.0001570053193316364,1.5350599247575187e-05,0.5697544081200653,1.0,1.0,0.01187104086784241,-0.00032878337392482657,0.9996712706694056,0.0007133437153449958,1.0
pre_residual_routed_replacement,frozen_set_live_weights,1,576,0.7734781901041666,0.5,3,41,0.0001570053193316364,4.6046626140409255e-05,0.4517876620886101,1.0,1.0,0.012958483585189305,-0.00454538596563771,0.9954649286672369,0.0007966931029622932,1.0
pre_residual_routed_replacement,frozen_set_live_weights,1,576,0.7734781901041666,1.0,3,41,0.0001570053193316364,0.00016529252714219924,0.37064562827963765,1.0,1.0,0.014174038800076496,0.003560159014448364,1.003566503907928,0.0006845261133616908,1.0
pre_residual_routed_replacement,frozen_set_live_weights,1,576,0.7734781901041666,2.0,3,41,0.0001570053193316364,0.0006371484257588585,0.32427681164863786,1.0,1.0,0.011926213265801601,-0.002859652462689155,0.9971444324486778,0.0007296872508826598,1.0
pre_residual_routed_replacement,frozen_set_live_weights,1,576,0.7734781901041666,4.0,3,41,0.0001570053193316364,0.0025223008567295297,0.29870822279061127,1.0,1.0,0.013060822701519707,-0.00014168836028200638,0.9998583216770397,0.0007357671187885308,1.0
pre_residual_routed_replacement,frozen_set_live_weights,1,749,0.9987386067708334,0.125,3,41,5.61244708675503e-05,2.9071607061130402e-06,0.8061548324880785,1.0,1.0,0.013272421943355782,-0.010025138238534603,0.9900249459531051,0.0009119941797338543,1.0
pre_residual_routed_replacement,frozen_set_live_weights,1,749,0.9987386067708334,0.25,3,41,5.61244708675503e-05,7.1521620374458774e-06,0.6717574681991186,1.0,1.0,0.018199898632327138,-0.004570274636349511,0.995440153176738,0.0008179806643546174,1.0
pre_residual_routed_replacement,frozen_set_live_weights,1,749,0.9987386067708334,0.5,3,41,5.61244708675503e-05,1.942100405621193e-05,0.5362235483786253,1.0,1.0,0.011336953121147832,0.0022880975152907396,1.0022907172080668,0.0008145201375042858,1.0
pre_residual_routed_replacement,frozen_set_live_weights,1,749,0.9987386067708334,1.0,3,41,5.61244708675503e-05,6.30440826499814e-05,0.42906544526119844,1.0,1.0,0.01412877475919506,0.006756877894104133,1.0067797570951695,0.0008458111697976944,1.0
pre_residual_routed_replacement,frozen_set_live_weights,1,749,0.9987386067708334,2.0,3,41,5.61244708675503e-05,0.00023301213496439583,0.3570727493257505,1.0,1.0,0.014272880440010722,0.0013245606218285266,1.0013254382396921,0.0006769051605876168,1.0
pre_residual_routed_replacement,frozen_set_live_weights,1,749,0.9987386067708334,4.0,3,41,5.61244708675503e-05,0.0009071624764125347,0.3169020012813184,1.0,1.0,0.016414090187788482,-0.01222351325759263,0.9878508904139454,0.0008767751027816778,1.0
pre_residual_routed_replacement,frozen_set_live_weights,1,768,1.0234781901041665,0.125,3,41,5.00421483979062e-05,2.615293055476344e-06,0.8168895728592578,1.0,1.0,0.014155347822249687,-0.0032501005883082486,0.9967551752713696,0.0008964646252904685,1.0
pre_residual_routed_replacement,frozen_set_live_weights,1,768,1.0234781901041665,0.25,3,41,5.00421483979062e-05,6.67397530791773e-06,0.6833727561659632,1.0,1.0,0.014788845159011988,0.0005616738673569461,1.0005618316356604,0.0006602943111850101,1.0
pre_residual_routed_replacement,frozen_set_live_weights,1,768,1.0234781901041665,0.5,3,41,5.00421483979062e-05,1.7718203315204477e-05,0.5477106434319301,1.0,1.0,0.01247679488515743,-0.004594825728535095,0.9954157143337735,0.0005293551780594706,1.0
pre_residual_routed_replacement,frozen_set_live_weights,1,768,1.0234781901041665,1.0,3,41,5.00421483979062e-05,5.6953521244124335e-05,0.43552283501162836,1.0,2.0,0.014235081339103874,-0.004734443732446163,0.9952767460801373,0.0007256261861988313,1.0
pre_residual_routed_replacement,frozen_set_live_weights,1,768,1.0234781901041665,2.0,3,41,5.00421483979062e-05,0.0002077207013806244,0.3607759076107137,1.0,1.0,0.010671544623896358,-0.0027887751561954774,0.9972151098649178,0.0006092308302715095,1.0
pre_residual_routed_replacement,frozen_set_live_weights,1,768,1.0234781901041665,4.0,3,41,5.00421483979062e-05,0.0008109894544118351,0.31855615325984993,1.0,1.0,0.012668737800334425,-0.0037438904466157896,0.9962631091732277,0.0005747150701618745,1.0
pre_residual_routed_replacement,frozen_set_live_weights,4,384,0.5234781901041666,0.125,3,41,0.001286601771500365,3.158363256244704e-05,0.5960749241469278,1.0,2.0,0.01072945365322196,0.0003121523097310746,1.000312201034333,0.0006243509206596291,1.0
pre_residual_routed_replacement,frozen_set_live_weights,4,384,0.5234781901041666,0.25,3,41,0.001286601771500365,9.784799568846473e-05,0.4704086026972424,1.0,3.0,0.012680764343169686,-0.0005567313307467593,0.9994434236153847,0.000668398494429466,1.0
pre_residual_routed_replacement,frozen_set_live_weights,4,384,0.5234781901041666,0.5,3,41,0.001286601771500365,0.00034161517844594544,0.38247338653430857,1.0,1.0,0.015201434132640485,0.008110094628959869,1.0081430705320222,0.000735142921990107,1.0
pre_residual_routed_replacement,frozen_set_live_weights,4,384,0.5234781901041666,1.0,3,41,0.001286601771500365,0.0013086052504922884,0.33150283212285997,1.0,1.0,0.012516233073183189,-0.00035694406944586094,0.9996431196275095,0.0007603485496426714,1.0
pre_residual_routed_replacement,frozen_set_live_weights,4,384,0.5234781901041666,2.0,3,41,0.001286601771500365,0.005174624148981734,0.3030138694472131,1.0,1.0,0.016344754578351932,0.008954049123501038,1.008994256538144,0.0010732607934027022,1.0
pre_residual_routed_replacement,frozen_set_live_weights,4,384,0.5234781901041666,4.0,3,41,0.001286601771500365,0.020617675697799258,0.28781208851845885,1.0,1.0,0.013729906059398812,0.00974494207361011,1.0097925786343862,0.001146079998421767,1.0
pre_residual_routed_replacement,frozen_set_live_weights,4,576,0.7734781901041666,0.125,3,41,0.0004440638685789863,1.4904842221566477e-05,0.7010377770591483,1.0,2.0,0.01103930917128366,0.0018318438256529372,1.001833522676528,0.0006502236594252088,1.0
pre_residual_routed_replacement,frozen_set_live_weights,4,576,0.7734781901041666,0.25,3,41,0.0004440638685789863,3.96656663987067e-05,0.5638836887495603,1.0,3.0,0.013361089529136002,0.0015058236338416685,1.0015069579555411,0.0007230611389118318,1.0
pre_residual_routed_replacement,frozen_set_live_weights,4,576,0.7734781901041666,0.5,3,41,0.0004440638685789863,0.0001286549359408073,0.4466786492534397,1.0,2.0,0.013719461176413593,-0.0041573858274394975,0.9958512441375128,0.0006851497922686474,1.0
pre_residual_routed_replacement,frozen_set_live_weights,4,576,0.7734781901041666,1.0,3,41,0.0004440638685789863,0.0004643657436106862,0.3681471490054819,1.0,1.0,0.012842753170922127,0.0008948943963830467,1.000895294933844,0.0008264865441556449,1.0
pre_residual_routed_replacement,frozen_set_live_weights,4,576,0.7734781901041666,2.0,3,41,0.0004440638685789863,0.0017969050045585975,0.32236949164394735,1.0,1.0,0.0144287801594737,-0.0034170891846044367,0.9965887424203809,0.0007373026284070201,1.0
pre_residual_routed_replacement,frozen_set_live_weights,4,576,0.7734781901041666,4.0,3,41,0.0004440638685789863,0.007135021182420706,0.2977300838353561,1.0,1.0,0.01479317247747438,-0.004875421265974137,0.9951364443092284,0.000819927123025611,1.0
pre_residual_routed_replacement,frozen_set_live_weights,4,749,0.9987386067708334,0.125,3,41,0.00016185694462150828,7.299182523992172e-06,0.7985123186427553,1.0,2.0,0.014010979388048477,-0.0049364709727817094,0.995075693375502,0.0007097335274887802,1.0
pre_residual_routed_replacement,frozen_set_live_weights,4,749,0.9987386067708334,0.25,3,41,0.00016185694462150828,1.9410107384057042e-05,0.663312172188917,1.0,1.0,0.014514457821033411,0.001500431488630422,1.0015015576991533,0.0007256223372840242,1.0
pre_residual_routed_replacement,frozen_set_live_weights,4,749,0.9987386067708334,0.5,3,41,0.00016185694462150828,5.375831557376672e-05,0.528980091469522,1.0,1.0,0.015605551149440114,0.002012284433779083,1.002014310436837,0.00069979885002805,1.0
pre_residual_routed_replacement,frozen_set_live_weights,4,749,0.9987386067708334,1.0,3,41,0.00016185694462150828,0.00018108879540511353,0.42304037069066597,1.0,1.0,0.016251491048533635,-0.00033892619613101884,0.9996611312328639,0.0006620716380028631,1.0
pre_residual_routed_replacement,frozen_set_live_weights,4,749,0.9987386067708334,2.0,3,41,0.00016185694462150828,0.0006685011844345801,0.35431375414077154,1.0,1.0,0.012726787065072942,-0.0027602367353329665,0.9972435692155042,0.0008371183338167803,1.0
pre_residual_routed_replacement,frozen_set_live_weights,4,749,0.9987386067708334,4.0,3,41,0.00016185694462150828,0.002613883130570261,0.31428506265512623,1.0,1.0,0.01196748611572635,-0.0013520587943042688,0.9986488548253851,0.0008692988195691903,1.0
pre_residual_routed_replacement,frozen_set_live_weights,4,768,1.0234781901041665,0.125,3,41,0.00014410953322435062,6.877605526458801e-06,0.8097387909069145,1.0,2.0,0.014205467300908842,-0.00014217551581292403,0.9998578345906467,0.0007497236935383897,1.0
pre_residual_routed_replacement,frozen_set_live_weights,4,768,1.0234781901041665,0.25,3,41,0.00014410953322435062,1.780063791179933e-05,0.674497584091864,1.0,2.0,0.011995215920653939,0.00041627125644655563,1.0004163579093492,0.000892181470510139,1.0
pre_residual_routed_replacement,frozen_set_live_weights,4,768,1.0234781901041665,0.5,3,41,0.00014410953322435062,4.875057585092617e-05,0.5407269313828956,1.0,1.0,0.01395265147427003,-0.007814229726549656,0.992216221996017,0.0009055741170868579,1.0
pre_residual_routed_replacement,frozen_set_live_weights,4,768,1.0234781901041665,1.0,3,41,0.00014410953322435062,0.00016253855733641643,0.4310536721559374,1.0,1.0,0.017689948633849092,-0.0048890961732318255,0.9951228360036901,0.0006258127129506108,1.0
pre_residual_routed_replacement,frozen_set_live_weights,4,768,1.0234781901041665,2.0,3,41,0.00014410953322435062,0.0005970012708449703,0.35902194273031973,1.0,1.0,0.018296799304735788,-0.0037288871519523033,0.9962780565143464,0.0007310335069993021,1.0
pre_residual_routed_replacement,frozen_set_live_weights,4,768,1.0234781901041665,4.0,3,41,0.00014410953322435062,0.002327551910713689,0.3173767929601997,1.0,1.0,0.007703574284211317,0.003158421150768822,1.0031634142182044,0.000726375245887146,1.0
pre_residual_routed_replacement,frozen_set_live_weights,6,384,0.5234781901041666,0.125,3,41,0.0016175608903892381,4.1419276299525717e-05,0.6249076227757094,1.0,1.0,0.013957460382019534,0.000784270337305337,1.0007845779577003,0.0005555188831754306,1.0
pre_residual_routed_replacement,frozen_set_live_weights,6,384,0.5234781901041666,0.25,3,41,0.0016175608903892381,0.00012367011017150334,0.5051112381945259,1.0,1.0,0.012172814693613825,-0.0030700104523904525,0.996934697210941,0.0006320977961432551,1.0
pre_residual_routed_replacement,frozen_set_live_weights,6,384,0.5234781901041666,0.5,3,41,0.0016175608903892381,0.00043108321826463387,0.4139800395571939,1.0,1.0,0.012747010471801509,-0.0035126675793283784,0.9964934946200688,0.0006557193805601138,1.0
pre_residual_routed_replacement,frozen_set_live_weights,6,384,0.5234781901041666,1.0,3,41,0.0016175608903892381,0.001649793505902779,0.35404598195527476,1.0,1.0,0.018256542292820508,0.000520012050298954,1.0005201472800045,0.0006527618392023985,1.0
pre_residual_routed_replacement,frozen_set_live_weights,6,384,0.5234781901041666,2.0,3,41,0.0016175608903892381,0.006502188899955271,0.3170483673267472,1.0,1.0,0.015132420638635196,0.0007952354502900436,1.0007955517338352,0.0010323056539726847,1.0
pre_residual_routed_replacement,frozen_set_live_weights,6,384,0.5234781901041666,4.0,3,41,0.0016175608903892381,0.025922088636918455,0.29574512818069887,1.0,1.0,0.0227970902625865,-0.014048813146248342,0.9860494109139983,0.0016571584708900398,1.0
pre_residual_routed_replacement,frozen_set_live_weights,6,576,0.7734781901041666,0.125,3,41,0.0005589690470901307,2.0472674036873872e-05,0.725072249745935,1.0,1.0,0.014470187247925736,-0.006313977658495062,0.9937059136120766,0.0006479720578419322,1.0
pre_residual_routed_replacement,frozen_set_live_weights,6,576,0.7734781901041666,0.25,3,41,0.0005589690470901307,5.2493945651739566e-05,0.5938721161174954,1.0,1.0,0.010252592181382364,0.004672557480882524,1.0046834908999656,0.0006200034857797381,1.0
pre_residual_routed_replacement,frozen_set_live_weights,6,576,0.7734781901041666,0.5,3,41,0.0005589690470901307,0.00016099770864383298,0.48140845856419046,1.0,1.0,0.010868656903627583,0.010292244218772994,1.0103453915428886,0.0007806616347310698,1.0
pre_residual_routed_replacement,frozen_set_live_weights,6,576,0.7734781901041666,1.0,3,41,0.0005589690470901307,0.000590258638638238,0.39744499736163225,1.0,2.0,0.012890967339348755,0.0015681157961706443,1.0015693459326604,0.00069044246350306,1.0
pre_residual_routed_replacement,frozen_set_live_weights,6,576,0.7734781901041666,2.0,3,41,0.0005589690470901307,0.0022685954939970225,0.34309729790225335,1.0,1.0,0.011026828645903193,-0.0011413608018493449,0.9988592903026521,0.0007702698185306409,1.0
pre_residual_routed_replacement,frozen_set_live_weights,6,576,0.7734781901041666,4.0,3,41,0.0005589690470901307,0.008979914662145419,0.3102259232149488,1.0,1.0,0.015393564774452003,-0.009259886244356686,0.9907828544757992,0.0010026626936587612,1.0
pre_residual_routed_replacement,frozen_set_live_weights,6,749,0.9987386067708334,0.125,3,41,0.00020482917062402425,9.321537073075232e-06,0.8158299773540103,1.0,1.0,0.010873919232526423,0.0017547916839840071,1.0017563322318928,0.0006797055561284248,1.0
pre_residual_routed_replacement,frozen_set_live_weights,6,749,0.9987386067708334,0.25,3,41,0.00020482917062402425,2.4280952232745842e-05,0.6897447577709701,1.0,2.0,0.012799748691385945,-0.004785061199055445,0.9952263689676673,0.0006029319990139716,1.0
pre_residual_routed_replacement,frozen_set_live_weights,6,749,0.9987386067708334,0.5,3,41,0.00020482917062402425,6.990110415048043e-05,0.5596265152292449,1.0,1.0,0.014299292899908939,0.0019760131095454053,1.0019779667100182,0.0007433618893823148,1.0
pre_residual_routed_replacement,frozen_set_live_weights,6,749,0.9987386067708334,1.0,3,41,0.00020482917062402425,0.00022748598457192622,0.4540489211091405,1.0,1.0,0.017612040133855134,-0.0019757044508044758,0.9980262459685385,0.000766483836670099,1.0
pre_residual_routed_replacement,frozen_set_live_weights,6,749,0.9987386067708334,2.0,3,41,0.00020482917062402425,0.0008474283442058623,0.37890841810311127,1.0,1.0,0.014409568372641323,-0.002407429378050426,0.9975954661559907,0.0008075944931381395,1.0
pre_residual_routed_replacement,frozen_set_live_weights,6,749,0.9987386067708334,4.0,3,41,0.00020482917062402425,0.003317723507194677,0.3325488349957493,1.0,1.0,0.01478875295636141,0.002157694973788498,1.0021600244727364,0.0009653201107391972,1.0
pre_residual_routed_replacement,frozen_set_live_weights,6,768,1.0234781901041665,0.125,3,41,0.00018036138850230103,8.492914095024896e-06,0.8269700537628498,1.0,1.0,0.01336165206499763,0.0018954794861782921,1.0018972770429841,0.0006425818858467688,1.0
pre_residual_routed_replacement,frozen_set_live_weights,6,768,1.0234781901041665,0.25,3,41,0.00018036138850230103,2.221449626070219e-05,0.7008355594561054,1.0,1.0,0.014347312468630316,-0.005671843696004565,0.9943442108421666,0.0007301699303295826,1.0
pre_residual_routed_replacement,frozen_set_live_weights,6,768,1.0234781901041665,0.5,3,41,0.00018036138850230103,6.218189045401108e-05,0.5717813478700067,1.0,1.0,0.014075290390829612,-0.005059255400016275,0.9949535210770172,0.0006915052193769609,1.0
pre_residual_routed_replacement,frozen_set_live_weights,6,768,1.0234781901041665,1.0,3,41,0.00018036138850230103,0.00020420164319329666,0.4614145971969786,1.0,1.0,0.015105915310134263,-0.0005211965517027554,0.9994789392476262,0.0007196435587260925,1.0
pre_residual_routed_replacement,frozen_set_live_weights,6,768,1.0234781901041665,2.0,3,41,0.00018036138850230103,0.0007502157156942903,0.38496678145398494,1.0,1.0,0.012317503676738952,-0.0003695573578241091,0.9996305109200851,0.0006706787560812333,1.0
pre_residual_routed_replacement,frozen_set_live_weights,6,768,1.0234781901041665,4.0,3,41,0.00018036138850230103,0.0029217222454800684,0.3357612729147123,1.0,1.0,0.015040707363939327,-0.0005437086325782789,0.9994564391501755,0.0006974184649247277,1.0
pre_residual_routed_replacement,frozen_set_live_weights,12,384,0.5234781901041666,0.125,3,41,0.0025040800603062445,6.577165782351843e-05,0.632255950221574,1.0,1.0,0.010191010247588688,-0.006460695595127181,0.993560129825622,0.000601325394159811,1.0
pre_residual_routed_replacement,frozen_set_live_weights,12,384,0.5234781901041666,0.25,3,41,0.0025040800603062445,0.000190713766183031,0.5163286868746091,1.0,2.0,0.015628833948261145,-0.004523827373685645,0.9954863897207709,0.0006174552049376262,1.0
pre_residual_routed_replacement,frozen_set_live_weights,12,384,0.5234781901041666,0.5,3,41,0.0025040800603062445,0.0006697798870646227,0.4272712979486691,1.0,1.0,0.009263565017022694,-0.0038881284347678396,0.9961194205496186,0.0006071634997740316,1.0
pre_residual_routed_replacement,frozen_set_live_weights,12,384,0.5234781901041666,1.0,3,41,0.0025040800603062445,0.0025597967097239754,0.36693349603267666,1.0,1.0,0.012881619250504298,0.004029062402929519,1.004037189986701,0.0007821025194113658,1.0
pre_residual_routed_replacement,frozen_set_live_weights,12,384,0.5234781901041666,2.0,3,41,0.0025040800603062445,0.010085074736611485,0.32802328619083215,1.0,1.0,0.014106632708609108,-0.003895262355973329,0.9961123143375088,0.0007887733794997166,1.0
pre_residual_routed_replacement,frozen_set_live_weights,12,384,0.5234781901041666,4.0,3,41,0.0025040800603062445,0.04013595144933371,0.3037856072765205,1.0,1.0,0.017136482388378647,0.0027143562850909663,1.0027180434854825,0.0012061139429319762,1.0
pre_residual_routed_replacement,frozen_set_live_weights,12,576,0.7734781901041666,0.125,3,41,0.0008890808991978643,3.2084470480527184e-05,0.7262123017254436,1.0,4.0,0.01246590260888829,-0.0019875585437667703,0.9980144153427608,0.0006865873554463152,1.0
pre_residual_routed_replacement,frozen_set_live_weights,12,576,0.7734781901041666,0.25,3,41,0.0008890808991978643,8.421195507764165e-05,0.602528317411517,1.0,2.0,0.012273235956493824,-0.008568913023259822,0.9914676954723107,0.0006863458699463125,1.0
pre_residual_routed_replacement,frozen_set_live_weights,12,576,0.7734781901041666,0.5,3,41,0.0008890808991978643,0.00026034161329366486,0.4926169561847737,1.0,1.0,0.014061217992234882,-0.00912385863090895,0.9909176374698352,0.0006440293628369556,1.0
pre_residual_routed_replacement,frozen_set_live_weights,12,576,0.7734781901041666,1.0,3,41,0.0008890808991978643,0.0009388481241656086,0.410338824894221,1.0,1.0,0.013870076243458587,-0.004331843382829123,0.9956775255176323,0.0005717249023722626,1.0
pre_residual_routed_replacement,frozen_set_live_weights,12,576,0.7734781901041666,2.0,3,41,0.0008890808991978643,0.003614141110758413,0.3564865980691057,1.0,1.0,0.016531835552275578,-0.006926273723226707,0.9930976576270477,0.0006320137748183765,1.0
pre_residual_routed_replacement,frozen_set_live_weights,12,576,0.7734781901041666,4.0,3,41,0.0008890808991978643,0.014291060250915146,0.32202534726293774,1.0,1.0,0.01637946240468817,-0.007996619206441818,0.9920352686978372,0.0009122426657038881,1.0
pre_residual_routed_replacement,frozen_set_live_weights,12,749,0.9987386067708334,0.125,3,41,0.00032541883387868204,1.872481594305466e-05,0.8131070917736671,1.0,3.0,0.011323232418963507,-0.006300955965579179,0.9937188534295813,0.0006682024086929087,1.0
pre_residual_routed_replacement,frozen_set_live_weights,12,749,0.9987386067708334,0.25,3,41,0.00032541883387868204,4.421639291652988e-05,0.6934001223604107,1.0,1.0,0.013906254350867592,-0.0002637940033786877,0.9997362407872001,0.0006645589810991156,1.0
pre_residual_routed_replacement,frozen_set_live_weights,12,749,0.9987386067708334,0.5,3,41,0.00032541883387868204,0.00011528307123395725,0.5698181343197897,1.0,1.0,0.012708090090749354,-0.004961782419947226,0.995050506888418,0.0006515729372801761,1.0
pre_residual_routed_replacement,frozen_set_live_weights,12,749,0.9987386067708334,1.0,3,41,0.00032541883387868204,0.00037087933542728833,0.46669167619410573,1.0,2.0,0.012629190156560418,0.005415144694851111,1.0054298330921811,0.0007120980598289848,1.0
pre_residual_routed_replacement,frozen_set_live_weights,12,749,0.9987386067708334,2.0,3,41,0.00032541883387868204,0.0013561231231016733,0.3920687810863235,1.0,1.0,0.01446384184422571,0.007371269468871926,1.0073985041526015,0.0006485443983172984,1.0
pre_residual_routed_replacement,frozen_set_live_weights,12,749,0.9987386067708334,4.0,3,41,0.00032541883387868204,0.0052676634936919976,0.345022516208861,1.0,1.0,0.014232531322386681,0.004617167048747774,1.004627842588452,0.0006804989243669486,1.0
pre_residual_routed_replacement,frozen_set_live_weights,12,768,1.0234781901041665,0.125,3,41,0.0002889488651932126,1.5388567070364857e-05,0.8224772135416666,1.0,3.0,0.006671942862761277,-0.005648310848604163,0.9943676108680775,0.0004893151983093793,1.0
pre_residual_routed_replacement,frozen_set_live_weights,12,768,1.0234781901041665,0.25,3,41,0.0002889488651932126,3.795902725059374e-05,0.7035125369798996,1.0,3.0,0.011018076751896633,-0.009710731249863328,0.9903362656530518,0.000712554978862065,1.0
pre_residual_routed_replacement,frozen_set_live_weights,12,768,1.0234781901041665,0.5,3,41,0.0002889488651932126,0.00010381124660703717,0.5797916262055874,1.0,1.0,0.012195838708764178,-0.007051355067439883,0.9929734474054493,0.0006005651475385931,1.0
pre_residual_routed_replacement,frozen_set_live_weights,12,768,1.0234781901041665,1.0,3,41,0.0002889488651932126,0.0003307800734008853,0.4754675621237883,1.0,1.0,0.011250506693218922,0.0023618111138867153,1.0023646023868094,0.0005444013208652384,1.0
pre_residual_routed_replacement,frozen_set_live_weights,12,768,1.0234781901041665,2.0,3,41,0.0002889488651932126,0.0012084834455452535,0.3981841182171963,1.0,1.0,0.014206720208631422,7.614915735457343e-05,1.0000761520567754,0.0006354180956863733,1.0
pre_residual_routed_replacement,frozen_set_live_weights,12,768,1.0234781901041665,4.0,3,41,0.0002889488651932126,0.004691346985383842,0.3478516083049953,1.0,1.0,0.017433010993495382,0.0022652674156110365,1.0022678350722867,0.0007085740508182178,1.0
pre_residual_routed_replacement,frozen_set_live_weights,23,384,0.5234781901041666,0.125,3,41,0.0037511249506139055,0.00011404101454119125,0.6510049425116772,1.0,2.0,0.013917080096485774,-0.0008180200036426248,0.9991823144835086,0.0006548420925250781,1.0
pre_residual_routed_replacement,frozen_set_live_weights,23,384,0.5234781901041666,0.25,3,41,0.0037511249506139055,0.0003105883990250186,0.5345168809729715,1.0,3.0,0.010473999205220207,-0.004858572327240383,0.9951532114434641,0.0005745504946009453,1.0
pre_residual_routed_replacement,frozen_set_live_weights,23,384,0.5234781901041666,0.5,3,41,0.0037511249506139055,0.0010271745007627768,0.4435970533035784,1.0,1.0,0.010894311363016405,0.0023126231493037783,1.0023152993248166,0.0005829136266192093,1.0
pre_residual_routed_replacement,frozen_set_live_weights,23,384,0.5234781901041666,1.0,3,41,0.0037511249506139055,0.00386920613563525,0.38020303140512623,1.0,1.0,0.010863154658682223,0.0010200998278595715,1.001020620306654,0.0006768323879464391,1.0
pre_residual_routed_replacement,frozen_set_live_weights,23,384,0.5234781901041666,2.0,3,41,0.0037511249506139055,0.015130499792538657,0.33820704209051555,1.0,1.0,0.014694593620213766,-0.008430758112134583,0.9916046810660607,0.000767152410722003,1.0
pre_residual_routed_replacement,frozen_set_live_weights,23,384,0.5234781901041666,4.0,3,41,0.0037511249506139055,0.060172154498933476,0.31173661394817076,1.0,1.0,0.011357288700535071,-0.004334772081355614,0.9956746094826006,0.0011293224544893729,1.0
pre_residual_routed_replacement,frozen_set_live_weights,23,576,0.7734781901041666,0.125,3,41,0.0013486735851218896,6.119246512362083e-05,0.7421065358537074,1.0,3.0,0.01351387958522503,-0.0022484720444037177,0.9977540538753555,0.0006325263592006152,1.0
pre_residual_routed_replacement,frozen_set_live_weights,23,576,0.7734781901041666,0.25,3,41,0.0013486735851218896,0.00014910603407318674,0.6205584117514854,1.0,1.0,0.015951520504245587,0.003581424672434348,1.0035878456368883,0.0005730049052479887,1.0
pre_residual_routed_replacement,frozen_set_live_weights,23,576,0.7734781901041666,0.5,3,41,0.0013486735851218896,0.0004203890399469259,0.5091919556045771,1.0,2.0,0.01662385748146465,-0.0030499731710646964,0.9969546732720648,0.0005925882788401348,1.0
pre_residual_routed_replacement,frozen_set_live_weights,23,576,0.7734781901041666,1.0,3,41,0.0013486735851218896,0.0014445696151133254,0.4240424923780488,1.0,2.0,0.010889791248632956,-0.0035891995656963634,0.9964172339117517,0.0005628614222523728,1.0
pre_residual_routed_replacement,frozen_set_live_weights,23,576,0.7734781901041666,2.0,3,41,0.0013486735851218896,0.0055155466640119995,0.36678018671337553,1.0,1.0,0.01274531578527336,-0.003825726989131474,0.9961815817809425,0.0006422338092488711,1.0
pre_residual_routed_replacement,frozen_set_live_weights,23,576,0.7734781901041666,4.0,3,41,0.0013486735851218896,0.02172441684717855,0.32957754510875936,1.0,1.0,0.016455936276884447,-0.006620254131165303,0.9934016114726557,0.0008698177901864969,1.0
pre_residual_routed_replacement,frozen_set_live_weights,23,749,0.9987386067708334,0.125,3,41,0.0004937865266464774,3.506725433054585e-05,0.8213065790936229,1.0,3.0,0.008654880256336605,-0.0032233990457512206,0.9967817905274337,0.0006005353363626305,1.0
pre_residual_routed_replacement,frozen_set_live_weights,23,749,0.9987386067708334,0.25,3,41,0.0004937865266464774,7.63927924770539e-05,0.7083863182616577,1.0,2.0,0.012322685604046393,0.0013678506735188664,1.0013687866079422,0.0005905370434811387,1.0
pre_residual_routed_replacement,frozen_set_live_weights,23,749,0.9987386067708334,0.5,3,41,0.0004937865266464774,0.00018936580282783594,0.5884146265121755,1.0,2.0,0.010034796830113754,-0.0011944966396892475,0.9988062164874509,0.0005189232987475533,1.0
pre_residual_routed_replacement,frozen_set_live_weights,23,749,0.9987386067708334,1.0,3,41,0.0004937865266464774,0.0005932769100270704,0.4827257796926302,1.0,1.0,0.012714970913001136,-0.002727658770607685,0.9972760579105294,0.0006990617774277006,1.0
pre_residual_routed_replacement,frozen_set_live_weights,23,749,0.9987386067708334,2.0,3,41,0.0004937865266464774,0.0020974103017001085,0.40514298105627544,1.0,1.0,0.014034992061558803,-0.0005949715262979954,0.9994052054341633,0.0007671274828466977,1.0
pre_residual_routed_replacement,frozen_set_live_weights,23,749,0.9987386067708334,4.0,3,41,0.0004937865266464774,0.008047526372089837,0.3535600482112844,1.0,1.0,0.011894089658533212,-0.0035451014162239027,0.9964611750367237,0.0007292329858905563,1.0
pre_residual_routed_replacement,frozen_set_live_weights,23,768,1.0234781901041665,0.125,3,41,0.00043615933230440305,3.0278442797525047e-05,0.8313195434341288,1.0,1.0,0.01535206569858516,-0.0010833156780812895,0.9989172708965136,0.0004376560368363257,1.0
pre_residual_routed_replacement,frozen_set_live_weights,23,768,1.0234781901041665,0.25,3,41,0.00043615933230440305,6.84564748114434e-05,0.7184933088062853,1.0,2.0,0.01402832793588711,-0.0030310053704557392,0.9969735834888656,0.0006415253577509414,1.0
pre_residual_routed_replacement,frozen_set_live_weights,23,768,1.0234781901041665,0.5,3,41,0.00043615933230440305,0.00017069585707119692,0.599682880566223,1.0,1.0,0.012303898663329786,-0.000960824163276862,0.9990396372804589,0.0006441541989243753,1.0
pre_residual_routed_replacement,frozen_set_live_weights,23,768,1.0234781901041665,1.0,3,41,0.00043615933230440305,0.0005271564429830736,0.49250545919202426,1.0,1.0,0.01240697179785932,0.0010249542187685053,1.0010254796638476,0.0006030376357864973,1.0
pre_residual_routed_replacement,frozen_set_live_weights,23,768,1.0234781901041665,2.0,3,41,0.00043615933230440305,0.0018674574498749393,0.4126112145286116,1.0,1.0,0.015846723181030538,-0.010089998632544147,0.9899607346274397,0.0005968416689689531,1.0
pre_residual_routed_replacement,frozen_set_live_weights,23,768,1.0234781901041665,4.0,3,41,0.00043615933230440305,0.0071293057933580015,0.3601524100145599,1.0,1.0,0.01237648085279762,-0.00900392296577453,0.9910364909630224,0.0006045886228799568,1.0
pre_residual_routed_replacement,frozen_set_live_weights,39,384,0.5234781901041666,0.125,3,41,0.03852142206872671,0.001460069308400586,0.7129849222170106,0.0,,0.0,0.001525985879118807,1.0015271507880399,0.00016530600166393214,1.0
pre_residual_routed_replacement,frozen_set_live_weights,39,384,0.5234781901041666,0.25,3,41,0.03852142206872671,0.003782744774270007,0.5752958277451239,0.0,,0.0,0.0021698899804790863,1.00217224589546,0.0002554931546711112,1.0
pre_residual_routed_replacement,frozen_set_live_weights,39,384,0.5234781901041666,0.5,3,41,0.03852142206872671,0.01148517573420447,0.45714925130208334,0.0,,0.0,0.0027683182993508935,1.002772153630777,0.000316557686090978,1.0
pre_residual_routed_replacement,frozen_set_live_weights,39,384,0.5234781901041666,1.0,3,41,0.03852142206872671,0.040449431381029674,0.3746860869158947,0.0,,0.0,0.0073066085538490335,1.0073333669494684,0.000566635739735337,1.0
pre_residual_routed_replacement,frozen_set_live_weights,39,384,0.5234781901041666,2.0,3,41,0.03852142206872671,0.1556415225084732,0.32406102431573447,0.0,,0.0,0.01105151253371963,1.0111128060857457,0.0012718420963337572,1.0
pre_residual_routed_replacement,frozen_set_live_weights,39,384,0.5234781901041666,4.0,3,41,0.03852142206872671,0.6176091710602691,0.29793425578486554,0.0,,0.0,0.022921035512919668,1.0231857410199248,0.004397193078102611,0.9512195121951219
pre_residual_routed_replacement,frozen_set_live_weights,39,576,0.7734781901041666,0.125,3,41,0.013364118292475243,0.0006972049193244287,0.806049843621746,0.0,,0.0,-0.0016698664030725613,0.9983315270480958,8.158527905242923e-05,1.0
pre_residual_routed_replacement,frozen_set_live_weights,39,576,0.7734781901041666,0.25,3,41,0.013364118292475243,0.001733093220579851,0.67922190749101,0.0,,0.0,-0.0001347594221588193,0.9998652496574842,5.314787777053654e-05,1.0
pre_residual_routed_replacement,frozen_set_live_weights,39,576,0.7734781901041666,0.5,3,41,0.013364118292475243,0.00476949975897057,0.5451471439669324,0.0,,0.0,-0.0014169828403477875,0.9985840206058259,0.0001420776072908711,1.0
pre_residual_routed_replacement,frozen_set_live_weights,39,576,0.7734781901041666,1.0,3,41,0.013364118292475243,0.015170315162850723,0.43408899742637,0.0,,0.0,0.0005332826985779591,1.0005334249190763,0.0003164878869535972,1.0
pre_residual_routed_replacement,frozen_set_live_weights,39,576,0.7734781901041666,2.0,3,41,0.013364118292475243,0.055432596320495645,0.3608213728856415,0.0,,0.0,-0.0012668842882074666,0.998733917870909,0.000566412506967438,1.0
pre_residual_routed_replacement,frozen_set_live_weights,39,576,0.7734781901041666,4.0,3,41,0.013364118292475243,0.21577817838534394,0.3178852665789654,0.0,,0.0,0.006906297354692206,1.0069302008227359,0.0013914000109463008,1.0
pre_residual_routed_replacement,frozen_set_live_weights,39,749,0.9987386067708334,0.125,3,41,0.004749501652699079,0.0003489483218032501,0.881227112770677,0.0,,0.0,-0.001366848443622524,0.9986340852682487,6.951011682211293e-05,1.0
pre_residual_routed_replacement,frozen_set_live_weights,39,749,0.9987386067708334,0.25,3,41,0.004749501652699079,0.0008863299190877832,0.7755161192358995,0.0,,0.0,-0.0014437592995708137,0.9985572824194959,8.833529328192689e-05,1.0
pre_residual_routed_replacement,frozen_set_live_weights,39,749,0.9987386067708334,0.5,3,41,0.004749501652699079,0.0021878751536142447,0.6434043669566428,0.0,,0.0,-0.003103266286200566,0.9969015438676051,0.00011415568372086718,1.0
pre_residual_routed_replacement,frozen_set_live_weights,39,749,0.9987386067708334,1.0,3,41,0.004749501652699079,0.006198554092065513,0.5144167443824753,0.0,,0.0,-0.0007937374459235085,0.9992065774803146,0.00013383406185854736,1.0
pre_residual_routed_replacement,frozen_set_live_weights,39,749,0.9987386067708334,2.0,3,41,0.004749501652699079,0.02082341860854862,0.41360134294138917,0.0,,0.0,-0.0009273429392786742,0.9990730869103019,0.0003193733531094459,1.0
pre_residual_routed_replacement,frozen_set_live_weights,39,749,0.9987386067708334,4.0,3,41,0.004749501652699079,0.07801298171421893,0.34887835017735697,0.0,,0.0,-0.0005611819552697305,0.9994389754778727,0.0007524891151131693,1.0
pre_residual_routed_replacement,frozen_set_live_weights,39,768,1.0234781901041665,0.125,3,41,0.004203365416893292,0.00030943270736901916,0.8897241989622421,0.0,,0.0,-0.00157265202434093,0.9984285839448526,6.703692307247974e-05,1.0
pre_residual_routed_replacement,frozen_set_live_weights,39,768,1.0234781901041665,0.25,3,41,0.004203365416893292,0.0007732146226468037,0.7867766971361495,0.0,,0.0,0.0014243015123656057,1.0014253163115008,0.00010802743889844793,1.0
pre_residual_routed_replacement,frozen_set_live_weights,39,768,1.0234781901041665,0.5,3,41,0.004203365416893292,0.002011901798398935,0.655420452449529,0.0,,0.0,-0.00029502559831116643,0.9997050179174611,7.429582193900848e-05,1.0
pre_residual_routed_replacement,frozen_set_live_weights,39,768,1.0234781901041665,1.0,3,41,0.004203365416893292,0.005637487434728075,0.5230715715266377,0.0,,0.0,0.00028423150554411126,1.0002842719031457,0.00018143175191156856,1.0
pre_residual_routed_replacement,frozen_set_live_weights,39,768,1.0234781901041665,2.0,3,41,0.004203365416893292,0.01850479055966642,0.41907193659245034,0.0,,0.0,-0.0009333968184464404,0.9990670386608617,0.00023920942360837946,1.0
pre_residual_routed_replacement,frozen_set_live_weights,39,768,1.0234781901041665,4.0,3,41,0.004203365416893292,0.06935849570685926,0.35038741101616244,0.0,,0.0,-0.006979866015501531,0.9930444366732518,0.0006445840966740416,1.0
pre_residual_routed_replacement,fully_frozen,0,384,0.5234781901041666,0.125,3,41,4.466996231859737e-05,1.856233556593181e-06,0.8061303344497537,1.0,1.0,0.01447021372575009,0.005173884178307141,1.005187291830292,0.0007531718730937711,1.0
pre_residual_routed_replacement,fully_frozen,0,384,0.5234781901041666,0.25,3,41,4.466996231859737e-05,5.007180184625989e-06,0.6713199045301751,1.0,1.0,0.01306589428300214,-0.0033201472594338722,0.9966853583346651,0.0007247145939285768,1.0
pre_residual_routed_replacement,fully_frozen,0,384,0.5234781901041666,0.5,3,41,4.466996231859737e-05,1.4576771173071145e-05,0.5338090411121209,1.0,1.0,0.012338310676614023,0.0003622181497116664,1.000362283758627,0.0005934355082487016,1.0
pre_residual_routed_replacement,fully_frozen,0,384,0.5234781901041666,1.0,3,41,4.466996231859737e-05,4.8962428956430506e-05,0.4249101000625391,1.0,1.0,0.01085905896100005,0.004728937085633827,1.0047401361548862,0.000596666271222001,1.0
pre_residual_routed_replacement,fully_frozen,0,384,0.5234781901041666,2.0,3,41,4.466996231859737e-05,0.00018306491995232312,0.35359888703022396,1.0,1.0,0.01367091422283719,-0.002827182532789533,0.9971768101841478,0.0005871208668023926,1.0
pre_residual_routed_replacement,fully_frozen,0,384,0.5234781901041666,4.0,3,41,4.466996231859737e-05,0.0007204545974200342,0.3143649351156973,1.0,1.0,0.012786166585460241,0.0017570205024274607,1.0017585649673701,0.0007670895930433283,1.0
pre_residual_routed_replacement,fully_frozen,0,576,0.7734781901041666,0.125,3,41,6.220031691365662e-06,3.1699811149457944e-07,0.9416602501502404,1.0,2.0,0.015355500968086052,-0.00039349901898376753,0.9996065783916012,0.0005848928038415366,1.0
pre_residual_routed_replacement,fully_frozen,0,576,0.7734781901041666,0.25,3,41,6.220031691365662e-06,1.056131487931672e-06,0.8643512165196021,1.0,3.0,0.01240381422863382,0.007857886969793258,1.0078888411887397,0.000689663841063489,1.0
pre_residual_routed_replacement,fully_frozen,0,576,0.7734781901041666,0.5,3,41,6.220031691365662e-06,3.1817506517857027e-06,0.7436129590881996,1.0,2.0,0.012797071187093608,0.004097233829408011,1.0041056389672858,0.0007165836947926848,1.0
pre_residual_routed_replacement,fully_frozen,0,576,0.7734781901041666,1.0,3,41,6.220031691365662e-06,9.607577178255141e-06,0.6040240184600238,1.0,2.0,0.007207872709811387,0.009115979561352027,1.009157656649263,0.0006147856121956406,1.0
pre_residual_routed_replacement,fully_frozen,0,576,0.7734781901041666,2.0,3,41,6.220031691365662e-06,2.9088121631642692e-05,0.4794430005692034,1.0,1.0,0.01435698066423073,-0.003070659325678345,0.9969340503268561,0.0005607399475100291,1.0
pre_residual_routed_replacement,fully_frozen,0,576,0.7734781901041666,4.0,3,41,6.220031691365662e-06,0.00010480637655657519,0.3879878537367104,1.0,2.0,0.014317161550984295,0.00047993890716200595,1.0004800540962664,0.0006237647938402021,1.0
pre_residual_routed_replacement,fully_frozen,0,749,0.9987386067708334,0.125,3,41,5.668071780622763e-07,3.1153138638207746e-08,0.9922409315270286,1.0,3.0,0.014839933494597977,0.0007928712727897703,1.0007931856783063,0.0006651046059983447,1.0
pre_residual_routed_replacement,fully_frozen,0,749,0.9987386067708334,0.25,3,41,5.668071780622763e-07,1.1964930483523455e-07,0.9762988235445005,1.0,2.0,0.006554105067132848,-0.0032056389013703345,0.9967994936731543,0.0006815295059016097,1.0
pre_residual_routed_replacement,fully_frozen,0,749,0.9987386067708334,0.5,3,41,5.668071780622763e-07,4.4512526060514604e-07,0.9379454077743902,1.0,2.0,0.012870259868751482,-0.0014144113535754564,0.9985865884547275,0.0006657049210899758,1.0
pre_residual_routed_replacement,fully_frozen,0,749,0.9987386067708334,1.0,3,41,5.668071780622763e-07,1.2952572653761527e-06,0.8665509556143489,1.0,2.0,0.010277088898969706,-0.003105306959900008,0.9968995095189194,0.0008809390764019046,1.0
pre_residual_routed_replacement,fully_frozen,0,749,0.9987386067708334,2.0,3,41,5.668071780622763e-07,3.854141558618057e-06,0.7597019522394368,1.0,2.0,0.013480512779181242,0.000556146447723315,1.0005563011258323,0.0006622690479812821,1.0
pre_residual_routed_replacement,fully_frozen,0,749,0.9987386067708334,4.0,3,41,5.668071780622763e-07,1.1506311609639589e-05,0.6347090367453779,1.0,2.0,0.013959601493204443,0.0018780395959640498,1.001879804216829,0.0006235124535774847,1.0
pre_residual_routed_replacement,fully_frozen,0,768,1.0234781901041665,0.125,3,41,4.085047189241406e-07,2.359695985821599e-08,0.9941470033455969,1.0,2.0,0.01613463231048433,0.0019323951184655138,1.0019342633971362,0.0006675946662297228,1.0
pre_residual_routed_replacement,fully_frozen,0,768,1.0234781901041665,0.25,3,41,4.085047189241406e-07,9.2671394548634e-08,0.9816455032320004,1.0,1.0,0.014119443675311334,-0.0025201634913414425,0.9974830094546628,0.000739348013515557,1.0
pre_residual_routed_replacement,fully_frozen,0,768,1.0234781901041665,0.5,3,41,4.085047189241406e-07,3.373182007622034e-07,0.9512755240702196,1.0,2.0,0.012400691925208878,0.006880310473035955,1.0069040341867672,0.0006805223149833001,1.0
pre_residual_routed_replacement,fully_frozen,0,768,1.0234781901041665,1.0,3,41,4.085047189241406e-07,9.918252195382986e-07,0.8916257360862746,1.0,2.0,0.012230022133370195,-0.0014572165888992311,0.9985438446356536,0.0007568958477079732,1.0
pre_residual_routed_replacement,fully_frozen,0,768,1.0234781901041665,2.0,3,41,4.085047189241406e-07,2.910075929545982e-06,0.796616060544432,1.0,3.0,0.015573941888757143,-0.005653062569242416,0.9943628859222047,0.0008098974410816047,1.0
pre_residual_routed_replacement,fully_frozen,0,768,1.0234781901041665,4.0,3,41,4.085047189241406e-07,8.524787720678147e-06,0.679322953310663,1.0,2.0,0.016172722280838693,-0.0005544106944498226,0.9994457429627616,0.000697145554373677,1.0
pre_residual_routed_replacement,fully_frozen,1,384,0.5234781901041666,0.125,3,41,0.0004558713228720567,1.2243939807972167e-05,0.60253382164512,1.0,1.0,0.012097143533463124,0.004829898660819553,1.0048415814226355,0.0005838210532623442,1.0
pre_residual_routed_replacement,fully_frozen,1,384,0.5234781901041666,0.25,3,41,0.0004558713228720567,3.532077279148439e-05,0.47654628884874334,1.0,2.0,0.012645409885793888,-0.0016900267011601465,0.9983114005897987,0.0007047930931885164,1.0
pre_residual_routed_replacement,fully_frozen,1,384,0.5234781901041666,0.5,3,41,0.0004558713228720567,0.00012192819873577328,0.3870903392073659,1.0,1.0,0.014720728234629835,-0.002981754356972847,0.9970226866574485,0.0004982365259407894,1.0
pre_residual_routed_replacement,fully_frozen,1,384,0.5234781901041666,1.0,3,41,0.0004558713228720567,0.0004651220272533855,0.3333071557785139,1.0,1.0,0.013947629478700402,0.0008954833102358848,1.0008958843751221,0.000539884623693772,1.0
pre_residual_routed_replacement,fully_frozen,1,384,0.5234781901041666,2.0,3,41,0.0004558713228720567,0.001835285224156426,0.3035691176003557,1.0,1.0,0.00984204599430078,0.0024232469010919445,1.002426185336903,0.0007419846229598623,1.0
pre_residual_routed_replacement,fully_frozen,1,384,0.5234781901041666,4.0,3,41,0.0004558713228720567,0.007304340849737315,0.28831760771502696,1.0,1.0,0.010112681160781694,-0.004587535631762645,0.9954229710371109,0.0007716919093767727,1.0
pre_residual_routed_replacement,fully_frozen,1,576,0.7734781901041666,0.125,3,41,0.0001570053193316364,6.2133315544902e-06,0.7096623423697428,1.0,1.0,0.011476680668944425,0.0007690524758549656,1.000769348272533,0.00048499988304238483,1.0
pre_residual_routed_replacement,fully_frozen,1,576,0.7734781901041666,0.25,3,41,0.0001570053193316364,1.5350599247575187e-05,0.5697544081200653,1.0,1.0,0.01625541239649234,-0.0027626167002705484,0.9972411958135995,0.0006725987614547369,1.0
pre_residual_routed_replacement,fully_frozen,1,576,0.7734781901041666,0.5,3,41,0.0001570053193316364,4.6046626140409255e-05,0.4517876620886101,1.0,1.0,0.014071539678321775,0.004174353299086255,1.0041830780476557,0.0006980535050032777,1.0
pre_residual_routed_replacement,fully_frozen,1,576,0.7734781901041666,1.0,3,41,0.0001570053193316364,0.00016529252714219924,0.37064562827963765,1.0,1.0,0.014144969358460562,0.000658968369491081,1.0006591855368465,0.0006663677560325189,1.0
pre_residual_routed_replacement,fully_frozen,1,576,0.7734781901041666,2.0,3,41,0.0001570053193316364,0.0006371484257588585,0.32427681164863786,1.0,1.0,0.01584527485091282,0.004506591803506679,1.00451676175989,0.0007678020817741818,1.0
pre_residual_routed_replacement,fully_frozen,1,576,0.7734781901041666,4.0,3,41,0.0001570053193316364,0.0025223008567295297,0.29870822279061127,1.0,1.0,0.012733240117025691,-0.0003134419574127287,0.9996866071603856,0.0006486315885612048,1.0
pre_residual_routed_replacement,fully_frozen,1,749,0.9987386067708334,0.125,3,41,5.61244708675503e-05,2.9071607061130402e-06,0.8061548324880785,1.0,1.0,0.013653873927332714,-0.0026658732430916406,0.9973376770414123,0.0008394294601110175,1.0
pre_residual_routed_replacement,fully_frozen,1,749,0.9987386067708334,0.25,3,41,5.61244708675503e-05,7.1521620374458774e-06,0.6717574681991186,1.0,1.0,0.012723897829405162,-0.0023733119395021006,0.9976295021386103,0.0005929734762372923,1.0
pre_residual_routed_replacement,fully_frozen,1,749,0.9987386067708334,0.5,3,41,5.61244708675503e-05,1.942100405621193e-05,0.5362235483786253,1.0,1.0,0.013462179004592928,-0.007822223100373098,0.9922082908725391,0.0007240666567394481,1.0
pre_residual_routed_replacement,fully_frozen,1,749,0.9987386067708334,1.0,3,41,5.61244708675503e-05,6.30440826499814e-05,0.42906544526119844,1.0,1.0,0.013706371725960969,0.0020010823875426047,1.0020030858890712,0.0007276586877616179,1.0
pre_residual_routed_replacement,fully_frozen,1,749,0.9987386067708334,2.0,3,41,5.61244708675503e-05,0.00023301213496439583,0.3570727493257505,1.0,1.0,0.009761871088896944,-0.001790443759272186,0.9982111581289825,0.0007448233462534696,1.0
pre_residual_routed_replacement,fully_frozen,1,749,0.9987386067708334,4.0,3,41,5.61244708675503e-05,0.0009071624764125347,0.3169020012813184,1.0,1.0,0.009975760455417912,-0.0035692025374416837,0.9964371594945572,0.0007050406051902335,1.0
pre_residual_routed_replacement,fully_frozen,1,768,1.0234781901041665,0.125,3,41,5.00421483979062e-05,2.615293055476344e-06,0.8168895728592578,1.0,1.0,0.011979087127670238,-0.0031824664988851707,0.9968225921798417,0.0006361836119888449,1.0
pre_residual_routed_replacement,fully_frozen,1,768,1.0234781901041665,0.25,3,41,5.00421483979062e-05,6.67397530791773e-06,0.6833727561659632,1.0,1.0,0.013571341042503876,0.0011390554660931234,1.0011397044361514,0.0006818940183135846,1.0
pre_residual_routed_replacement,fully_frozen,1,768,1.0234781901041665,0.5,3,41,5.00421483979062e-05,1.7718203315204477e-05,0.5477106434319301,1.0,1.0,0.010497959765378134,-0.002785800252925584,0.9972180764878217,0.0005719853839565091,1.0
pre_residual_routed_replacement,fully_frozen,1,768,1.0234781901041665,1.0,3,41,5.00421483979062e-05,5.6953521244124335e-05,0.43552283501162836,1.0,2.0,0.01746126528624856,0.005675655175624333,1.0056917922214514,0.0007815398871399209,1.0
pre_residual_routed_replacement,fully_frozen,1,768,1.0234781901041665,2.0,3,41,5.00421483979062e-05,0.0002077207013806244,0.3607759076107137,1.0,1.0,0.011863706612845203,-0.0008411457154303448,0.999159207948459,0.0004873430505064119,1.0
pre_residual_routed_replacement,fully_frozen,1,768,1.0234781901041665,4.0,3,41,5.00421483979062e-05,0.0008109894544118351,0.31855615325984993,1.0,1.0,0.012412212627774062,0.00024256302454231585,1.0002425924453315,0.0006307390851528461,1.0
pre_residual_routed_replacement,fully_frozen,4,384,0.5234781901041666,0.125,3,41,0.001286601771500365,3.158363256244704e-05,0.5960749241469278,1.0,2.0,0.01514871347083606,-0.00473601183929526,0.9952751853810787,0.0006651984197739171,1.0
pre_residual_routed_replacement,fully_frozen,4,384,0.5234781901041666,0.25,3,41,0.001286601771500365,9.784799568846473e-05,0.4704086026972424,1.0,2.0,0.01569731107958679,-0.005161735185573512,0.9948515636779132,0.0006952712119491385,1.0
pre_residual_routed_replacement,fully_frozen,4,384,0.5234781901041666,0.5,3,41,0.001286601771500365,0.00034161517844594544,0.38247338653430857,1.0,1.0,0.013963242280670675,0.00402474815693609,1.0040328583326208,0.000682270027611733,1.0
pre_residual_routed_replacement,fully_frozen,4,384,0.5234781901041666,1.0,3,41,0.001286601771500365,0.0013086052504922884,0.33150283212285997,1.0,1.0,0.012933384031947524,-0.0023428508191309116,0.9976598915138057,0.0007140030883865852,1.0
pre_residual_routed_replacement,fully_frozen,4,384,0.5234781901041666,2.0,3,41,0.001286601771500365,0.005174624148981734,0.3030138694472131,1.0,1.0,0.012198519474328475,0.004919374473872755,1.0049314944625842,0.0007057057942502954,1.0
pre_residual_routed_replacement,fully_frozen,4,384,0.5234781901041666,4.0,3,41,0.001286601771500365,0.020617675697799258,0.28781208851845885,1.0,1.0,0.013911322322339145,-0.001555543696455673,0.9984456655345549,0.001092089508123107,1.0
pre_residual_routed_replacement,fully_frozen,4,576,0.7734781901041666,0.125,3,41,0.0004440638685789863,1.4904842221566477e-05,0.7010377770591483,1.0,2.0,0.01033758977481189,0.00031764331757500313,1.0003176937715557,0.0007518242960499121,1.0
pre_residual_routed_replacement,fully_frozen,4,576,0.7734781901041666,0.25,3,41,0.0004440638685789863,3.96656663987067e-05,0.5638836887495603,1.0,3.0,0.012400852598053597,-0.0053632987734041375,0.9946510580353766,0.000594912273476601,1.0
pre_residual_routed_replacement,fully_frozen,4,576,0.7734781901041666,0.5,3,41,0.0004440638685789863,0.0001286549359408073,0.4466786492534397,1.0,2.0,0.013355607831705486,0.00301438131992483,1.0030189291357647,0.0007040800196119823,1.0
pre_residual_routed_replacement,fully_frozen,4,576,0.7734781901041666,1.0,3,41,0.0004440638685789863,0.0004643657436106862,0.3681471490054819,1.0,1.0,0.011194635798676777,-0.00386731515538503,0.9961401532771744,0.0004885409119030771,1.0
pre_residual_routed_replacement,fully_frozen,4,576,0.7734781901041666,2.0,3,41,0.0004440638685789863,0.0017969050045585975,0.32236949164394735,1.0,1.0,0.015919213968474902,0.0014975746902860859,1.0014986966152482,0.0006198408165350791,1.0
pre_residual_routed_replacement,fully_frozen,4,576,0.7734781901041666,4.0,3,41,0.0004440638685789863,0.007135021182420706,0.2977300838353561,1.0,1.0,0.01163604135448599,0.004126556613648196,1.0041350825719735,0.0008825076135454846,1.0
pre_residual_routed_replacement,fully_frozen,4,749,0.9987386067708334,0.125,3,41,0.00016185694462150828,7.299182523992172e-06,0.7985123186427553,1.0,2.0,0.011586368595182563,-0.0017248975741903216,0.9982765892066593,0.0005958969482037593,1.0
pre_residual_routed_replacement,fully_frozen,4,749,0.9987386067708334,0.25,3,41,0.00016185694462150828,1.9410107384057042e-05,0.663312172188917,1.0,1.0,0.012716662035099479,0.0008986985169542029,1.0008991024674672,0.0006059357864011878,1.0
pre_residual_routed_replacement,fully_frozen,4,749,0.9987386067708334,0.5,3,41,0.00016185694462150828,5.375831557376672e-05,0.528980091469522,1.0,1.0,0.012510330217513596,0.0015685934696471357,1.0015698243558862,0.0005597549583233883,1.0
pre_residual_routed_replacement,fully_frozen,4,749,0.9987386067708334,1.0,3,41,0.00016185694462150828,0.00018108879540511353,0.42304037069066597,1.0,1.0,0.015481477558854519,-0.004051658742007495,0.9959565381531958,0.0005772896499692529,1.0
pre_residual_routed_replacement,fully_frozen,4,749,0.9987386067708334,2.0,3,41,0.00016185694462150828,0.0006685011844345801,0.35431375414077154,1.0,1.0,0.014270237909904416,0.004840496223114364,1.0048522303503173,0.0006582696057365379,1.0
pre_residual_routed_replacement,fully_frozen,4,749,0.9987386067708334,4.0,3,41,0.00016185694462150828,0.002613883130570261,0.31428506265512623,1.0,1.0,0.007295404096821295,-0.0006397863108240642,0.9993604183087977,0.0007201659712257882,1.0
pre_residual_routed_replacement,fully_frozen,4,768,1.0234781901041665,0.125,3,41,0.00014410953322435062,6.877605526458801e-06,0.8097387909069145,1.0,2.0,0.010119424976982943,-8.538470493248366e-05,0.9999146189402377,0.0008628276039427869,1.0
pre_residual_routed_replacement,fully_frozen,4,768,1.0234781901041665,0.25,3,41,0.00014410953322435062,1.780063791179933e-05,0.674497584091864,1.0,2.0,0.008447682147020023,-0.00011357407943925168,0.9998864323698523,0.0008818736940575853,1.0
pre_residual_routed_replacement,fully_frozen,4,768,1.0234781901041665,0.5,3,41,0.00014410953322435062,4.875057585092617e-05,0.5407269313828956,1.0,1.0,0.009017555367911406,0.0035303209768721604,1.0035365598996115,0.000806920722754715,1.0
pre_residual_routed_replacement,fully_frozen,4,768,1.0234781901041665,1.0,3,41,0.00014410953322435062,0.00016253855733641643,0.4310536721559374,1.0,1.0,0.012360907935743948,-0.002409990388677624,0.9975929113066717,0.0007108895047593784,1.0
pre_residual_routed_replacement,fully_frozen,4,768,1.0234781901041665,2.0,3,41,0.00014410953322435062,0.0005970012708449703,0.35902194273031973,1.0,1.0,0.016255499668349903,-0.001383650572875023,0.9986173062302343,0.0008178383725093208,1.0
pre_residual_routed_replacement,fully_frozen,4,768,1.0234781901041665,4.0,3,41,0.00014410953322435062,0.002327551910713689,0.3173767929601997,1.0,1.0,0.010507525091207488,-0.005219895607202453,0.9947937043740885,0.0007325750129806822,1.0
pre_residual_routed_replacement,fully_frozen,6,384,0.5234781901041666,0.125,3,41,0.0016175608903892381,4.1419276299525717e-05,0.6249076227757094,1.0,1.0,0.011031725571513107,0.0038437636518156826,1.0038511603853832,0.000597769775045992,1.0
pre_residual_routed_replacement,fully_frozen,6,384,0.5234781901041666,0.25,3,41,0.0016175608903892381,0.00012367011017150334,0.5051112381945259,1.0,1.0,0.01174729272837535,-0.0027937747890387932,0.9972101241679661,0.0007098734463825031,1.0
pre_residual_routed_replacement,fully_frozen,6,384,0.5234781901041666,0.5,3,41,0.0016175608903892381,0.00043108321826463387,0.4139800395571939,1.0,1.0,0.006676854578746368,-0.0011321387180424976,0.9988685019092135,0.0007286685566053596,1.0
pre_residual_routed_replacement,fully_frozen,6,384,0.5234781901041666,1.0,3,41,0.0016175608903892381,0.001649793505902779,0.35404598195527476,1.0,1.0,0.012614446746623341,-0.0022083618022790833,0.9977940748346571,0.0006326621110435995,1.0
pre_residual_routed_replacement,fully_frozen,6,384,0.5234781901041666,2.0,3,41,0.0016175608903892381,0.006502188899955271,0.3170483673267472,1.0,1.0,0.01393793945486997,-0.005408152802183928,0.9946064449287398,0.0009254013486180891,1.0
pre_residual_routed_replacement,fully_frozen,6,384,0.5234781901041666,4.0,3,41,0.0016175608903892381,0.025922088636918455,0.29574512818069887,1.0,1.0,0.013560888141552865,-0.002403652489290439,0.9975992339702092,0.0011735647908458857,1.0
pre_residual_routed_replacement,fully_frozen,6,576,0.7734781901041666,0.125,3,41,0.0005589690470901307,2.0472674036873872e-05,0.725072249745935,1.0,1.0,0.013905997002315438,0.004620919220048375,1.0046316121312828,0.0005605868740205288,1.0
pre_residual_routed_replacement,fully_frozen,6,576,0.7734781901041666,0.25,3,41,0.0005589690470901307,5.2493945651739566e-05,0.5938721161174954,1.0,1.0,0.01387299108137057,0.0014205631120417317,1.0014215725897717,0.0007260311340878798,1.0
pre_residual_routed_replacement,fully_frozen,6,576,0.7734781901041666,0.5,3,41,0.0005589690470901307,0.00016099770864383298,0.48140845856419046,1.0,1.0,0.01168387368214628,-0.0047135453074898135,0.9952975460138682,0.0007195177375618669,1.0
pre_residual_routed_replacement,fully_frozen,6,576,0.7734781901041666,1.0,3,41,0.0005589690470901307,0.000590258638638238,0.39744499736163225,1.0,2.0,0.013894707551208363,-0.002221618061244803,0.9977808479056767,0.0005127857884989806,1.0
pre_residual_routed_replacement,fully_frozen,6,576,0.7734781901041666,2.0,3,41,0.0005589690470901307,0.0022685954939970225,0.34309729790225335,1.0,1.0,0.011486699539635948,0.0007781157226268411,1.0007784185332012,0.000700132995682605,1.0
pre_residual_routed_replacement,fully_frozen,6,576,0.7734781901041666,4.0,3,41,0.0005589690470901307,0.008979914662145419,0.3102259232149488,1.0,1.0,0.012954838918072137,0.0017438147657204647,1.0017453360948658,0.0007629060521044154,1.0
pre_residual_routed_replacement,fully_frozen,6,749,0.9987386067708334,0.125,3,41,0.00020482917062402425,9.321537073075232e-06,0.8158299773540103,1.0,1.0,0.008994636607146268,-0.0023062417376702557,0.9976964155945967,0.0005327951091002719,1.0
pre_residual_routed_replacement,fully_frozen,6,749,0.9987386067708334,0.25,3,41,0.00020482917062402425,2.4280952232745842e-05,0.6897447577709701,1.0,2.0,0.013858843227468597,-0.00016950741239466955,0.9998305069531751,0.0006313273043890029,1.0
pre_residual_routed_replacement,fully_frozen,6,749,0.9987386067708334,0.5,3,41,0.00020482917062402425,6.990110415048043e-05,0.5596265152292449,1.0,1.0,0.01469920090619176,-0.0017755884556777258,0.9982259869689311,0.0006339229132668973,1.0
pre_residual_routed_replacement,fully_frozen,6,749,0.9987386067708334,1.0,3,41,0.00020482917062402425,0.00022748598457192622,0.4540489211091405,1.0,1.0,0.015985811882197356,0.001550237726134436,1.0015514399658103,0.0006669221486712984,1.0
pre_residual_routed_replacement,fully_frozen,6,749,0.9987386067708334,2.0,3,41,0.00020482917062402425,0.0008474283442058623,0.37890841810311127,1.0,1.0,0.011854061668930306,0.0009373430592393557,1.000937782502537,0.0006148999838423536,1.0
pre_residual_routed_replacement,fully_frozen,6,749,0.9987386067708334,4.0,3,41,0.00020482917062402425,0.003317723507194677,0.3325488349957493,1.0,1.0,0.015598359906903381,-0.0016147204191877243,0.9983865825404288,0.0007968349214051128,1.0
pre_residual_routed_replacement,fully_frozen,6,768,1.0234781901041665,0.125,3,41,0.00018036138850230103,8.492914095024896e-06,0.8269700537628498,1.0,1.0,0.010485278526114684,0.00296643143786334,1.0029708356494549,0.00056484634891378,1.0
pre_residual_routed_replacement,fully_frozen,6,768,1.0234781901041665,0.25,3,41,0.00018036138850230103,2.221449626070219e-05,0.7008355594561054,1.0,1.0,0.014234328802068272,-0.0037876976361287747,0.9962194666423347,0.000684547299458418,1.0
pre_residual_routed_replacement,fully_frozen,6,768,1.0234781901041665,0.5,3,41,0.00018036138850230103,6.218189045401108e-05,0.5717813478700067,1.0,1.0,0.013950237225701038,0.00392697324113664,1.003934693903525,0.0007755016799168598,1.0
pre_residual_routed_replacement,fully_frozen,6,768,1.0234781901041665,1.0,3,41,0.00018036138850230103,0.00020420164319329666,0.4614145971969786,1.0,1.0,0.00955545000871357,0.001240750168759653,1.0012415202176967,0.0006013466792128745,1.0
pre_residual_routed_replacement,fully_frozen,6,768,1.0234781901041665,2.0,3,41,0.00018036138850230103,0.0007502157156942903,0.38496678145398494,1.0,1.0,0.01324598986827651,-0.000551697846743043,0.9994484543105311,0.0006975739604898461,1.0
pre_residual_routed_replacement,fully_frozen,6,768,1.0234781901041665,4.0,3,41,0.00018036138850230103,0.0029217222454800684,0.3357612729147123,1.0,1.0,0.009746190795666505,0.00025203758051535024,1.0002520693446548,0.0006194586405009611,1.0
pre_residual_routed_replacement,fully_frozen,12,384,0.5234781901041666,0.125,3,41,0.0025040800603062445,6.577165782351843e-05,0.632255950221574,1.0,1.0,0.011734104658315151,0.008048090077457494,1.0080805630109793,0.0007283634468723547,1.0
pre_residual_routed_replacement,fully_frozen,12,384,0.5234781901041666,0.25,3,41,0.0025040800603062445,0.000190713766183031,0.5163286868746091,1.0,2.0,0.012327449608885172,0.001196407200004644,1.0011971231806052,0.0005847681294332953,1.0
pre_residual_routed_replacement,fully_frozen,12,384,0.5234781901041666,0.5,3,41,0.0025040800603062445,0.0006697798870646227,0.4272712979486691,1.0,1.0,0.012768759848516036,-0.005745017806254295,0.9942714532512748,0.0005382025831800607,1.0
pre_residual_routed_replacement,fully_frozen,12,384,0.5234781901041666,1.0,3,41,0.0025040800603062445,0.0025597967097239754,0.36693349603267666,1.0,1.0,0.015197364094722542,0.0020315398751431352,1.0020336048503984,0.0006618339034208988,1.0
pre_residual_routed_replacement,fully_frozen,12,384,0.5234781901041666,2.0,3,41,0.0025040800603062445,0.010085074736611485,0.32802328619083215,1.0,1.0,0.015417702124644146,-0.000929037767473296,0.9990713936545006,0.0007881317798862926,1.0
pre_residual_routed_replacement,fully_frozen,12,384,0.5234781901041666,4.0,3,41,0.0025040800603062445,0.04013595144933371,0.3037856072765205,1.0,1.0,0.013359148871458539,0.0035060699973680355,1.0035122234501583,0.0011617334333345077,1.0
pre_residual_routed_replacement,fully_frozen,12,576,0.7734781901041666,0.125,3,41,0.0008890808991978643,3.2084470480527184e-05,0.7262123017254436,1.0,3.0,0.013056081426025835,0.0015524372525480582,1.00155364290708,0.0006592243303042265,1.0
pre_residual_routed_replacement,fully_frozen,12,576,0.7734781901041666,0.25,3,41,0.0008890808991978643,8.421195507764165e-05,0.602528317411517,1.0,2.0,0.013395294619302247,0.0005188905864668894,1.0005190252334752,0.0005068524542044577,1.0
pre_residual_routed_replacement,fully_frozen,12,576,0.7734781901041666,0.5,3,41,0.0008890808991978643,0.00026034161329366486,0.4926169561847737,1.0,1.0,0.013866291304806178,-0.0024216640698196713,0.9975812657930887,0.0007324886372079011,1.0
pre_residual_routed_replacement,fully_frozen,12,576,0.7734781901041666,1.0,3,41,0.0008890808991978643,0.0009388481241656086,0.410338824894221,1.0,1.0,0.015329648672094342,-0.004518579538462618,0.9954916138830187,0.0006799141906895632,1.0
pre_residual_routed_replacement,fully_frozen,12,576,0.7734781901041666,2.0,3,41,0.0008890808991978643,0.003614141110758413,0.3564865980691057,1.0,1.0,0.016299912837042532,0.002405418359233458,1.0024083136990107,0.0006241064216810854,1.0
pre_residual_routed_replacement,fully_frozen,12,576,0.7734781901041666,4.0,3,41,0.0008890808991978643,0.014291060250915146,0.32202534726293774,1.0,1.0,0.012616929751303897,0.0010713414286173577,1.0010719155198433,0.0009633137175058036,0.975609756097561
pre_residual_routed_replacement,fully_frozen,12,749,0.9987386067708334,0.125,3,41,0.00032541883387868204,1.872481594305466e-05,0.8131070917736671,1.0,3.0,0.01380253104128341,0.0029240981670644365,1.0029283775121682,0.0005739789711620708,1.0
pre_residual_routed_replacement,fully_frozen,12,749,0.9987386067708334,0.25,3,41,0.00032541883387868204,4.421639291652988e-05,0.6934001223604107,1.0,1.0,0.015474680885706209,0.001583715965104421,1.0015849707055302,0.000590814972432161,1.0
pre_residual_routed_replacement,fully_frozen,12,749,0.9987386067708334,0.5,3,41,0.00032541883387868204,0.00011528307123395725,0.5698181343197897,1.0,1.0,0.010171741724140263,0.0024216945538844178,1.002424629224621,0.0006447332997488553,1.0
pre_residual_routed_replacement,fully_frozen,12,749,0.9987386067708334,1.0,3,41,0.00032541883387868204,0.00037087933542728833,0.46669167619410573,1.0,2.0,0.015077950362988101,0.009224658581663417,1.0092673368745892,0.0006281333027398552,1.0
pre_residual_routed_replacement,fully_frozen,12,749,0.9987386067708334,2.0,3,41,0.00032541883387868204,0.0013561231231016733,0.3920687810863235,1.0,1.0,0.010326952603937154,0.0018179436201063031,1.0018195970814239,0.0006135618257439886,1.0
pre_residual_routed_replacement,fully_frozen,12,749,0.9987386067708334,4.0,3,41,0.00032541883387868204,0.0052676634936919976,0.345022516208861,1.0,1.0,0.015493899976299864,-0.005722841637614468,0.9942935026271803,0.0006175198661677002,1.0
pre_residual_routed_replacement,fully_frozen,12,768,1.0234781901041665,0.125,3,41,0.0002889488651932126,1.5388567070364857e-05,0.8224772135416666,1.0,2.0,0.01202705593708172,0.0018510189507043862,1.0018527331437872,0.0006661546849018249,1.0
pre_residual_routed_replacement,fully_frozen,12,768,1.0234781901041665,0.25,3,41,0.0002889488651932126,3.795902725059374e-05,0.7035125369798996,1.0,3.0,0.015013103923614116,-0.002968094789707114,0.997036305648917,0.0006766827761598151,1.0
pre_residual_routed_replacement,fully_frozen,12,768,1.0234781901041665,0.5,3,41,0.0002889488651932126,0.00010381124660703717,0.5797916262055874,1.0,1.0,0.01204123661875799,-0.0025245101503958978,0.9974786737455311,0.0006123882443362248,1.0
pre_residual_routed_replacement,fully_frozen,12,768,1.0234781901041665,1.0,3,41,0.0002889488651932126,0.0003307800734008853,0.4754675621237883,1.0,1.0,0.014167828289844187,-0.0050800837868560066,0.9949327980160073,0.0005471661283056896,1.0
pre_residual_routed_replacement,fully_frozen,12,768,1.0234781901041665,2.0,3,41,0.0002889488651932126,0.0012084834455452535,0.3981841182171963,1.0,1.0,0.016115260528588072,0.003783906551304886,1.0037910745638776,0.0006738281567220299,1.0
pre_residual_routed_replacement,fully_frozen,12,768,1.0234781901041665,4.0,3,41,0.0002889488651932126,0.004691346985383842,0.3478516083049953,1.0,1.0,0.010041662646240042,0.004351678921277386,1.0043611612256529,0.0006686729241474514,1.0
pre_residual_routed_replacement,fully_frozen,23,384,0.5234781901041666,0.125,3,41,0.0037511249506139055,0.00011404101454119125,0.6510049425116772,1.0,3.0,0.016239096286219983,-0.002668934183068875,0.9973346242553179,0.000575985886079317,1.0
pre_residual_routed_replacement,fully_frozen,23,384,0.5234781901041666,0.25,3,41,0.0037511249506139055,0.0003105883990250186,0.5345168809729715,1.0,2.0,0.012889835244464394,0.0015702249173223232,1.0015714583659805,0.0005880292668541582,1.0
pre_residual_routed_replacement,fully_frozen,23,384,0.5234781901041666,0.5,3,41,0.0037511249506139055,0.0010271745007627768,0.4435970533035784,1.0,1.0,0.014202153409031975,-0.0028138872206452583,0.9971900680492358,0.0006747753879624213,1.0
pre_residual_routed_replacement,fully_frozen,23,384,0.5234781901041666,1.0,3,41,0.0037511249506139055,0.00386920613563525,0.38020303140512623,1.0,1.0,0.012236299750422711,0.0029698558357009364,1.0029742702264963,0.0007013548544313137,1.0
pre_residual_routed_replacement,fully_frozen,23,384,0.5234781901041666,2.0,3,41,0.0037511249506139055,0.015130499792538657,0.33820704209051555,1.0,1.0,0.012156514876355742,0.00010269670339919224,1.0001027019768862,0.0006673606951114249,1.0
pre_residual_routed_replacement,fully_frozen,23,384,0.5234781901041666,4.0,3,41,0.0037511249506139055,0.060172154498933476,0.31173661394817076,1.0,1.0,0.012720752059803305,-0.006155581333962553,0.9938633254428576,0.0009529002454634918,1.0
pre_residual_routed_replacement,fully_frozen,23,576,0.7734781901041666,0.125,3,41,0.0013486735851218896,6.119246512362083e-05,0.7421065358537074,1.0,3.0,0.012457340807853347,-0.004939184826835235,0.9950729928889623,0.0006314908968159592,1.0
pre_residual_routed_replacement,fully_frozen,23,576,0.7734781901041666,0.25,3,41,0.0013486735851218896,0.00014910603407318674,0.6205584117514854,1.0,1.0,0.012366372700093746,0.005224132096286114,1.005237801667882,0.0006420004921021985,1.0
pre_residual_routed_replacement,fully_frozen,23,576,0.7734781901041666,0.5,3,41,0.0013486735851218896,0.0004203890399469259,0.5091919556045771,1.0,3.0,0.009235190919494226,-0.00417113511877267,0.9958375519827616,0.000524868754991203,1.0
pre_residual_routed_replacement,fully_frozen,23,576,0.7734781901041666,1.0,3,41,0.0013486735851218896,0.0014445696151133254,0.4240424923780488,1.0,2.0,0.01215020271330678,0.0006219474930089718,1.000622140942454,0.0006561317557195877,1.0
pre_residual_routed_replacement,fully_frozen,23,576,0.7734781901041666,2.0,3,41,0.0013486735851218896,0.0055155466640119995,0.36678018671337553,1.0,1.0,0.008739532035571384,0.001049130760003358,1.0010496812901883,0.000511694586295412,1.0
pre_residual_routed_replacement,fully_frozen,23,576,0.7734781901041666,4.0,3,41,0.0013486735851218896,0.02172441684717855,0.32957754510875936,1.0,1.0,0.019077278959670242,-0.0013007429772190467,0.9987001026222517,0.0008632882557606928,1.0
pre_residual_routed_replacement,fully_frozen,23,749,0.9987386067708334,0.125,3,41,0.0004937865266464774,3.506725433054585e-05,0.8213065790936229,1.0,4.0,0.013884186266123227,0.00012147961148669348,1.0001214869904336,0.0005890643935395293,1.0
pre_residual_routed_replacement,fully_frozen,23,749,0.9987386067708334,0.25,3,41,0.0004937865266464774,7.63927924770539e-05,0.7083863182616577,1.0,2.0,0.010726881726879153,-0.002179208166793782,0.9978231645834381,0.000732519841593913,1.0
pre_residual_routed_replacement,fully_frozen,23,749,0.9987386067708334,0.5,3,41,0.0004937865266464774,0.00018936580282783594,0.5884146265121755,1.0,2.0,0.013146438343916966,-0.005274888449677319,0.9947389993448152,0.0006149269664252389,1.0
pre_residual_routed_replacement,fully_frozen,23,749,0.9987386067708334,1.0,3,41,0.0004937865266464774,0.0005932769100270704,0.4827257796926302,1.0,1.0,0.011901118560028599,-0.003914696282063134,0.9960929561525181,0.0004775142730678953,1.0
pre_residual_routed_replacement,fully_frozen,23,749,0.9987386067708334,2.0,3,41,0.0004937865266464774,0.0020974103017001085,0.40514298105627544,1.0,1.0,0.013870307990542969,-0.004057104444250505,0.99595111448521,0.0005917410297133308,1.0
pre_residual_routed_replacement,fully_frozen,23,749,0.9987386067708334,4.0,3,41,0.0004937865266464774,0.008047526372089837,0.3535600482112844,1.0,1.0,0.010738018622765338,-0.0015145241465754423,0.9984866221663407,0.0007684906418278162,1.0
pre_residual_routed_replacement,fully_frozen,23,768,1.0234781901041665,0.125,3,41,0.00043615933230440305,3.0278442797525047e-05,0.8313195434341288,1.0,1.0,0.009221746717868502,-0.006677600640907283,0.9933446449908957,0.0005327296295905374,1.0
pre_residual_routed_replacement,fully_frozen,23,768,1.0234781901041665,0.25,3,41,0.00043615933230440305,6.84564748114434e-05,0.7184933088062853,1.0,2.0,0.01404242358135902,0.004163936612477601,1.0041726178417145,0.0005601580132893514,1.0
pre_residual_routed_replacement,fully_frozen,23,768,1.0234781901041665,0.5,3,41,0.00043615933230440305,0.00017069585707119692,0.599682880566223,1.0,1.0,0.013955459652248339,-0.001166137679651864,0.9988345419946685,0.0005152202713250543,1.0
pre_residual_routed_replacement,fully_frozen,23,768,1.0234781901041665,1.0,3,41,0.00043615933230440305,0.0005271564429830736,0.49250545919202426,1.0,1.0,0.011754525532967264,-0.004025249542590645,0.9959828409153384,0.0005016510644000305,1.0
pre_residual_routed_replacement,fully_frozen,23,768,1.0234781901041665,2.0,3,41,0.00043615933230440305,0.0018674574498749393,0.4126112145286116,1.0,1.0,0.014243726569611757,-0.0014492326919275703,0.9985518169386559,0.0005899718404612061,1.0
pre_residual_routed_replacement,fully_frozen,23,768,1.0234781901041665,4.0,3,41,0.00043615933230440305,0.0071293057933580015,0.3601524100145599,1.0,1.0,0.012190938813307918,-0.006680133796699555,0.9933421286973416,0.0006163631970685304,1.0
pre_residual_routed_replacement,fully_frozen,39,384,0.5234781901041666,0.125,3,41,0.03852142206872671,0.001460069308400586,0.7129849222170106,0.0,,0.0,0.001525985879118807,1.0015271507880399,0.00016530600166393214,1.0
pre_residual_routed_replacement,fully_frozen,39,384,0.5234781901041666,0.25,3,41,0.03852142206872671,0.003782744774270007,0.5752958277451239,0.0,,0.0,0.0021698899804790863,1.00217224589546,0.0002554931546711112,1.0
pre_residual_routed_replacement,fully_frozen,39,384,0.5234781901041666,0.5,3,41,0.03852142206872671,0.01148517573420447,0.45714925130208334,0.0,,0.0,0.0027683182993508935,1.002772153630777,0.000316557686090978,1.0
pre_residual_routed_replacement,fully_frozen,39,384,0.5234781901041666,1.0,3,41,0.03852142206872671,0.040449431381029674,0.3746860869158947,0.0,,0.0,0.0073066085538490335,1.0073333669494684,0.000566635739735337,1.0
pre_residual_routed_replacement,fully_frozen,39,384,0.5234781901041666,2.0,3,41,0.03852142206872671,0.1556415225084732,0.32406102431573447,0.0,,0.0,0.01105151253371963,1.0111128060857457,0.0012718420963337572,1.0
pre_residual_routed_replacement,fully_frozen,39,384,0.5234781901041666,4.0,3,41,0.03852142206872671,0.6176091710602691,0.29793425578486554,0.0,,0.0,0.022921035512919668,1.0231857410199248,0.004397193078102611,0.9512195121951219
pre_residual_routed_replacement,fully_frozen,39,576,0.7734781901041666,0.125,3,41,0.013364118292475243,0.0006972049193244287,0.806049843621746,0.0,,0.0,-0.0016698664030725613,0.9983315270480958,8.158527905242923e-05,1.0
pre_residual_routed_replacement,fully_frozen,39,576,0.7734781901041666,0.25,3,41,0.013364118292475243,0.001733093220579851,0.67922190749101,0.0,,0.0,-0.0001347594221588193,0.9998652496574842,5.314787777053654e-05,1.0
pre_residual_routed_replacement,fully_frozen,39,576,0.7734781901041666,0.5,3,41,0.013364118292475243,0.00476949975897057,0.5451471439669324,0.0,,0.0,-0.0014169828403477875,0.9985840206058259,0.0001420776072908711,1.0
pre_residual_routed_replacement,fully_frozen,39,576,0.7734781901041666,1.0,3,41,0.013364118292475243,0.015170315162850723,0.43408899742637,0.0,,0.0,0.0005332826985779591,1.0005334249190763,0.0003164878869535972,1.0
pre_residual_routed_replacement,fully_frozen,39,576,0.7734781901041666,2.0,3,41,0.013364118292475243,0.055432596320495645,0.3608213728856415,0.0,,0.0,-0.0012668842882074666,0.998733917870909,0.000566412506967438,1.0
pre_residual_routed_replacement,fully_frozen,39,576,0.7734781901041666,4.0,3,41,0.013364118292475243,0.21577817838534394,0.3178852665789654,0.0,,0.0,0.006906297354692206,1.0069302008227359,0.0013914000109463008,1.0
pre_residual_routed_replacement,fully_frozen,39,749,0.9987386067708334,0.125,3,41,0.004749501652699079,0.0003489483218032501,0.881227112770677,0.0,,0.0,-0.001366848443622524,0.9986340852682487,6.951011682211293e-05,1.0
pre_residual_routed_replacement,fully_frozen,39,749,0.9987386067708334,0.25,3,41,0.004749501652699079,0.0008863299190877832,0.7755161192358995,0.0,,0.0,-0.0014437592995708137,0.9985572824194959,8.833529328192689e-05,1.0
pre_residual_routed_replacement,fully_frozen,39,749,0.9987386067708334,0.5,3,41,0.004749501652699079,0.0021878751536142447,0.6434043669566428,0.0,,0.0,-0.003103266286200566,0.9969015438676051,0.00011415568372086718,1.0
pre_residual_routed_replacement,fully_frozen,39,749,0.9987386067708334,1.0,3,41,0.004749501652699079,0.006198554092065513,0.5144167443824753,0.0,,0.0,-0.0007937374459235085,0.9992065774803146,0.00013383406185854736,1.0
pre_residual_routed_replacement,fully_frozen,39,749,0.9987386067708334,2.0,3,41,0.004749501652699079,0.02082341860854862,0.41360134294138917,0.0,,0.0,-0.0009273429392786742,0.9990730869103019,0.0003193733531094459,1.0
pre_residual_routed_replacement,fully_frozen,39,749,0.9987386067708334,4.0,3,41,0.004749501652699079,0.07801298171421893,0.34887835017735697,0.0,,0.0,-0.0005611819552697305,0.9994389754778727,0.0007524891151131693,1.0
pre_residual_routed_replacement,fully_frozen,39,768,1.0234781901041665,0.125,3,41,0.004203365416893292,0.00030943270736901916,0.8897241989622421,0.0,,0.0,-0.00157265202434093,0.9984285839448526,6.703692307247974e-05,1.0
pre_residual_routed_replacement,fully_frozen,39,768,1.0234781901041665,0.25,3,41,0.004203365416893292,0.0007732146226468037,0.7867766971361495,0.0,,0.0,0.0014243015123656057,1.0014253163115008,0.00010802743889844793,1.0
pre_residual_routed_replacement,fully_frozen,39,768,1.0234781901041665,0.5,3,41,0.004203365416893292,0.002011901798398935,0.655420452449529,0.0,,0.0,-0.00029502559831116643,0.9997050179174611,7.429582193900848e-05,1.0
pre_residual_routed_replacement,fully_frozen,39,768,1.0234781901041665,1.0,3,41,0.004203365416893292,0.005637487434728075,0.5230715715266377,0.0,,0.0,0.00028423150554411126,1.0002842719031457,0.00018143175191156856,1.0
pre_residual_routed_replacement,fully_frozen,39,768,1.0234781901041665,2.0,3,41,0.004203365416893292,0.01850479055966642,0.41907193659245034,0.0,,0.0,-0.0009333968184464404,0.9990670386608617,0.00023920942360837946,1.0
pre_residual_routed_replacement,fully_frozen,39,768,1.0234781901041665,4.0,3,41,0.004203365416893292,0.06935849570685926,0.35038741101616244,0.0,,0.0,-0.006979866015501531,0.9930444366732518,0.0006445840966740416,1.0
pre_residual_routed_replacement,live,0,384,0.5234781901041666,0.125,3,41,4.466996231859737e-05,1.856233556593181e-06,0.8061303344497537,1.0,1.0,0.017145540754365855,0.020691288541484037,1.020906837346134,0.0022469677687469523,1.0
pre_residual_routed_replacement,live,0,384,0.5234781901041666,0.25,3,41,4.466996231859737e-05,5.007180184625989e-06,0.6713199045301751,1.0,1.0,0.015536128732076398,0.007804518280687758,1.007835052917839,0.002582535422203077,1.0
pre_residual_routed_replacement,live,0,384,0.5234781901041666,0.5,3,41,4.466996231859737e-05,1.4576771173071145e-05,0.5338090411121209,1.0,1.0,0.01611198366021921,-0.01011095254443379,0.98993999129476,0.0017886596115091855,1.0
pre_residual_routed_replacement,live,0,384,0.5234781901041666,1.0,3,41,4.466996231859737e-05,4.8962428956430506e-05,0.4249101000625391,1.0,1.0,0.011438161332352897,0.006266010553767786,1.0062856830658227,0.002480178703775205,0.975609756097561
pre_residual_routed_replacement,live,0,384,0.5234781901041666,2.0,3,41,4.466996231859737e-05,0.00018306491995232312,0.35359888703022396,1.0,1.0,0.017580322015658668,0.011528248401655958,1.011594954746585,0.002785611112378129,1.0
pre_residual_routed_replacement,live,0,384,0.5234781901041666,4.0,3,41,4.466996231859737e-05,0.0007204545974200342,0.3143649351156973,1.0,1.0,0.01681444789517622,-0.0018873768142131484,0.9981144031614019,0.0022387200330265867,1.0
pre_residual_routed_replacement,live,0,576,0.7734781901041666,0.125,3,41,6.220031691365662e-06,3.1699811149457944e-07,0.9416602501502404,1.0,2.0,0.013506480294509685,0.01094777984781957,1.011007926078459,0.0028866264608804,0.975609756097561
pre_residual_routed_replacement,live,0,576,0.7734781901041666,0.25,3,41,6.220031691365662e-06,1.056131487931672e-06,0.8643512165196021,1.0,2.0,0.015264273484516228,0.01159165982416545,1.0116591034555278,0.0020909328755916957,1.0
pre_residual_routed_replacement,live,0,576,0.7734781901041666,0.5,3,41,6.220031691365662e-06,3.1817506517857027e-06,0.7436129590881996,1.0,2.0,0.012411817460942994,0.009102591371314625,1.0091441459452204,0.002585642298723381,1.0
pre_residual_routed_replacement,live,0,576,0.7734781901041666,1.0,3,41,6.220031691365662e-06,9.607577178255141e-06,0.6040240184600238,1.0,2.0,0.018999735771879828,-0.003221076028611964,0.9967841060713066,0.002503772010280937,1.0
pre_residual_routed_replacement,live,0,576,0.7734781901041666,2.0,3,41,6.220031691365662e-06,2.9088121631642692e-05,0.4794430005692034,1.0,1.0,0.014901983341795025,-0.0005635866441677741,0.9994365721409538,0.002476573870944329,1.0
pre_residual_routed_replacement,live,0,576,0.7734781901041666,4.0,3,41,6.220031691365662e-06,0.00010480637655657519,0.3879878537367104,1.0,2.0,0.017790100541902137,0.010398648624054678,1.010452902463121,0.002093985282726673,1.0
pre_residual_routed_replacement,live,0,749,0.9987386067708334,0.125,3,41,5.668071780622763e-07,3.1153138638207746e-08,0.9922409315270286,1.0,3.0,0.016111830889236477,0.006872446573137342,1.0068961160253687,0.0026833292727702525,1.0
pre_residual_routed_replacement,live,0,749,0.9987386067708334,0.25,3,41,5.668071780622763e-07,1.1964930483523455e-07,0.9762988235445005,1.0,3.0,0.012631815049444738,-0.005613900544868214,0.9944018279482992,0.001658827712000523,1.0
pre_residual_routed_replacement,live,0,749,0.9987386067708334,0.5,3,41,5.668071780622763e-07,4.4512526060514604e-07,0.9379454077743902,1.0,2.0,0.01614464416623712,-0.003601205684763707,0.9964052708796156,0.00218477415171578,1.0
pre_residual_routed_replacement,live,0,749,0.9987386067708334,1.0,3,41,5.668071780622763e-07,1.2952572653761527e-06,0.8665509556143489,1.0,2.0,0.021785879207209678,0.011733194918243046,1.011802298855258,0.002012703772905891,1.0
pre_residual_routed_replacement,live,0,749,0.9987386067708334,2.0,3,41,5.668071780622763e-07,3.854141558618057e-06,0.7597019522394368,1.0,2.0,0.01838927934030543,0.010228525786115293,1.0102810159690736,0.0027656211853610657,1.0
pre_residual_routed_replacement,live,0,749,0.9987386067708334,4.0,3,41,5.668071780622763e-07,1.1506311609639589e-05,0.6347090367453779,1.0,2.0,0.014980581345989147,0.020824330749809352,1.0210426700818123,0.003129607896077696,1.0
pre_residual_routed_replacement,live,0,768,1.0234781901041665,0.125,3,41,4.085047189241406e-07,2.359695985821599e-08,0.9941470033455969,1.0,2.0,0.01724263463260579,-0.006641539713249431,0.9933804665661538,0.0019268758770323705,1.0
pre_residual_routed_replacement,live,0,768,1.0234781901041665,0.25,3,41,4.085047189241406e-07,9.2671394548634e-08,0.9816455032320004,1.0,1.0,0.018250391481801975,-0.0016918257202565717,0.9983096046101403,0.0023815708537681954,1.0
pre_residual_routed_replacement,live,0,768,1.0234781901041665,0.5,3,41,4.085047189241406e-07,3.373182007622034e-07,0.9512755240702196,1.0,2.0,0.017488046918754187,-0.008360489447734595,0.9916743622507852,0.0017872056642440728,1.0
pre_residual_routed_replacement,live,0,768,1.0234781901041665,1.0,3,41,4.085047189241406e-07,9.918252195382986e-07,0.8916257360862746,1.0,2.0,0.01759459058306591,0.006492185581113297,1.006513305497992,0.0025738525230232213,1.0
pre_residual_routed_replacement,live,0,768,1.0234781901041665,2.0,3,41,4.085047189241406e-07,2.910075929545982e-06,0.796616060544432,1.0,2.0,0.02019485784661482,0.0030008151884184323,1.003005322141366,0.002561865841805409,0.975609756097561
pre_residual_routed_replacement,live,0,768,1.0234781901041665,4.0,3,41,4.085047189241406e-07,8.524787720678147e-06,0.679322953310663,1.0,2.0,0.01720486087073226,0.004788672791351609,1.0048001568086524,0.002626580565908988,0.975609756097561
pre_residual_routed_replacement,live,1,384,0.5234781901041666,0.125,3,41,0.0004558713228720567,1.2243939807972167e-05,0.60253382164512,1.0,1.0,0.01786893826232281,0.002923585153240278,1.002927862996178,0.0022547182450582473,1.0
pre_residual_routed_replacement,live,1,384,0.5234781901041666,0.25,3,41,0.0004558713228720567,3.532077279148439e-05,0.47654628884874334,1.0,2.0,0.0124370131703908,0.016733245424086933,1.0168740303419397,0.0021158724004323023,1.0
pre_residual_routed_replacement,live,1,384,0.5234781901041666,0.5,3,41,0.0004558713228720567,0.00012192819873577328,0.3870903392073659,1.0,1.0,0.016515056210033845,0.004291021528696924,1.0043002411440491,0.0016346736648170579,1.0
pre_residual_routed_replacement,live,1,384,0.5234781901041666,1.0,3,41,0.0004558713228720567,0.0004651220272533855,0.3333071557785139,1.0,1.0,0.011816683458877366,0.012327225729705106,1.0124035191498963,0.002721420388045693,1.0
pre_residual_routed_replacement,live,1,384,0.5234781901041666,2.0,3,41,0.0004558713228720567,0.001835285224156426,0.3035691176003557,1.0,1.0,0.016247016419203775,-0.0038473407349149595,0.9961600507981632,0.0030574108256659566,1.0
pre_residual_routed_replacement,live,1,384,0.5234781901041666,4.0,3,41,0.0004558713228720567,0.007304340849737315,0.28831760771502696,1.0,1.0,0.02252735829559341,-0.01621641298597072,0.9839143651673093,0.0025616369767501946,1.0
pre_residual_routed_replacement,live,1,576,0.7734781901041666,0.125,3,41,0.0001570053193316364,6.2133315544902e-06,0.7096623423697428,1.0,1.0,0.012730791406735354,0.006323806643271325,1.0063438441239518,0.0027722905395581687,1.0
pre_residual_routed_replacement,live,1,576,0.7734781901041666,0.25,3,41,0.0001570053193316364,1.5350599247575187e-05,0.5697544081200653,1.0,1.0,0.015146480161004892,0.014393805237494822,1.014497894867776,0.002127961650553718,1.0
pre_residual_routed_replacement,live,1,576,0.7734781901041666,0.5,3,41,0.0001570053193316364,4.6046626140409255e-05,0.4517876620886101,1.0,1.0,0.014505235370266262,0.01713419447874196,1.0172818267704415,0.002592424249722527,1.0
pre_residual_routed_replacement,live,1,576,0.7734781901041666,1.0,3,41,0.0001570053193316364,0.00016529252714219924,0.37064562827963765,1.0,1.0,0.017564374061108005,-0.004533334927229144,0.9954769251256115,0.002533348995044916,1.0
pre_residual_routed_replacement,live,1,576,0.7734781901041666,2.0,3,41,0.0001570053193316364,0.0006371484257588585,0.32427681164863786,1.0,1.0,0.01405723671669051,0.011387191665677511,1.0114522725275168,0.0029221305597348767,1.0
pre_residual_routed_replacement,live,1,576,0.7734781901041666,4.0,3,41,0.0001570053193316364,0.0025223008567295297,0.29870822279061127,1.0,1.0,0.011932288940182936,-0.003495978199459086,0.9965101256173179,0.002644901753527778,1.0
pre_residual_routed_replacement,live,1,749,0.9987386067708334,0.125,3,41,5.61244708675503e-05,2.9071607061130402e-06,0.8061548324880785,1.0,1.0,0.01800682492027585,0.01043828420650731,1.010492953146162,0.0023450767362227037,1.0
pre_residual_routed_replacement,live,1,749,0.9987386067708334,0.25,3,41,5.61244708675503e-05,7.1521620374458774e-06,0.6717574681991186,1.0,1.0,0.02363672730106285,0.00463505242094104,1.0046458108920169,0.0032821264685159736,0.975609756097561
pre_residual_routed_replacement,live,1,749,0.9987386067708334,0.5,3,41,5.61244708675503e-05,1.942100405621193e-05,0.5362235483786253,1.0,1.0,0.01616726840159516,0.013477448347710962,1.0135686785440556,0.002017758172688309,1.0
pre_residual_routed_replacement,live,1,749,0.9987386067708334,1.0,3,41,5.61244708675503e-05,6.30440826499814e-05,0.42906544526119844,1.0,1.0,0.01519197016657158,-0.008348990871353677,0.991685765159743,0.0026944083086753255,0.975609756097561
pre_residual_routed_replacement,live,1,749,0.9987386067708334,2.0,3,41,5.61244708675503e-05,0.00023301213496439583,0.3570727493257505,1.0,1.0,0.01481212166230232,-0.01958550737890861,0.9806050426367708,0.002483021233439384,1.0
pre_residual_routed_replacement,live,1,749,0.9987386067708334,4.0,3,41,5.61244708675503e-05,0.0009071624764125347,0.3169020012813184,1.0,1.0,0.01795485097944264,-0.014153971576086014,0.985945724958026,0.0022485231343896983,1.0
pre_residual_routed_replacement,live,1,768,1.0234781901041665,0.125,3,41,5.00421483979062e-05,2.615293055476344e-06,0.8168895728592578,1.0,1.0,0.015978285570175374,-0.001619328391958341,0.9983819820128415,0.00226804494817061,1.0
pre_residual_routed_replacement,live,1,768,1.0234781901041665,0.25,3,41,5.00421483979062e-05,6.67397530791773e-06,0.6833727561659632,1.0,1.0,0.018828439767764618,0.0070762160110923586,1.0071013115865923,0.0023144385447613275,1.0
pre_residual_routed_replacement,live,1,768,1.0234781901041665,0.5,3,41,5.00421483979062e-05,1.7718203315204477e-05,0.5477106434319301,1.0,1.0,0.01874782163327675,0.019635395811444068,1.019829438147623,0.00357284211095407,0.975609756097561
pre_residual_routed_replacement,live,1,768,1.0234781901041665,1.0,3,41,5.00421483979062e-05,5.6953521244124335e-05,0.43552283501162836,1.0,2.0,0.017608106537338315,-0.011001953531737949,0.9890583466166106,0.0029585010525912995,0.9512195121951219
pre_residual_routed_replacement,live,1,768,1.0234781901041665,2.0,3,41,5.00421483979062e-05,0.0002077207013806244,0.3607759076107137,1.0,1.0,0.01549473208922425,-0.0024287585678008008,0.9975741884799176,0.002735110307094341,1.0
pre_residual_routed_replacement,live,1,768,1.0234781901041665,4.0,3,41,5.00421483979062e-05,0.0008109894544118351,0.31855615325984993,1.0,1.0,0.01926769821343289,0.006341939363524934,1.006362092040798,0.0027371527359428163,1.0
pre_residual_routed_replacement,live,4,384,0.5234781901041666,0.125,3,41,0.001286601771500365,3.158363256244704e-05,0.5960749241469278,1.0,2.0,0.018013669206421508,0.005353711912108512,1.0053680686368824,0.0014636997086928925,1.0
pre_residual_routed_replacement,live,4,384,0.5234781901041666,0.25,3,41,0.001286601771500365,9.784799568846473e-05,0.4704086026972424,1.0,3.0,0.01268254431710828,0.0003104623325752213,1.000310510530993,0.0029201940344184595,0.975609756097561
pre_residual_routed_replacement,live,4,384,0.5234781901041666,0.5,3,41,0.001286601771500365,0.00034161517844594544,0.38247338653430857,1.0,1.0,0.022176373826463158,0.008248305264490878,1.0082824162558155,0.0037671851607953225,0.975609756097561
pre_residual_routed_replacement,live,4,384,0.5234781901041666,1.0,3,41,0.001286601771500365,0.0013086052504922884,0.33150283212285997,1.0,1.0,0.01910772853506292,0.0037173200230513678,1.0037242378263684,0.0034344854726891323,0.975609756097561
pre_residual_routed_replacement,live,4,384,0.5234781901041666,2.0,3,41,0.001286601771500365,0.005174624148981734,0.3030138694472131,1.0,1.0,0.017407801668409478,0.0064548633303454,1.0064757408570058,0.0034299408041275434,1.0
pre_residual_routed_replacement,live,4,384,0.5234781901041666,4.0,3,41,0.001286601771500365,0.020617675697799258,0.28781208851845885,1.0,1.0,0.016623142990269513,0.013033835170568395,1.0131191458390023,0.005555534949003303,0.9512195121951219
pre_residual_routed_replacement,live,4,576,0.7734781901041666,0.125,3,41,0.0004440638685789863,1.4904842221566477e-05,0.7010377770591483,1.0,2.0,0.011794857102862297,0.006764891482771141,1.0067878250463476,0.0023037958288460057,1.0
pre_residual_routed_replacement,live,4,576,0.7734781901041666,0.25,3,41,0.0004440638685789863,3.96656663987067e-05,0.5638836887495603,1.0,2.0,0.01745654897264622,0.007076247607997787,1.0071013434078777,0.0021742600889152583,1.0
pre_residual_routed_replacement,live,4,576,0.7734781901041666,0.5,3,41,0.0004440638685789863,0.0001286549359408073,0.4466786492534397,1.0,2.0,0.01617599819304978,-0.007939611974387842,0.9920918234946065,0.00231345142193184,0.975609756097561
pre_residual_routed_replacement,live,4,576,0.7734781901041666,1.0,3,41,0.0004440638685789863,0.0004643657436106862,0.3681471490054819,1.0,1.0,0.014539603311060379,0.007422935509946103,1.0074505537896827,0.002830421404309731,1.0
pre_residual_routed_replacement,live,4,576,0.7734781901041666,2.0,3,41,0.0004440638685789863,0.0017969050045585975,0.32236949164394735,1.0,1.0,0.015280648375116793,0.004479683731561285,1.0044897325142483,0.0020202194722189226,0.975609756097561
pre_residual_routed_replacement,live,4,576,0.7734781901041666,4.0,3,41,0.0004440638685789863,0.007135021182420706,0.2977300838353561,1.0,1.0,0.015472539957522359,-0.006047052298853352,0.9939711943239453,0.002371816958313174,1.0
pre_residual_routed_replacement,live,4,749,0.9987386067708334,0.125,3,41,0.00016185694462150828,7.299182523992172e-06,0.7985123186427553,1.0,2.0,0.016450413582948433,-0.007816151374393563,0.9922143153076853,0.0022242867604857124,1.0
pre_residual_routed_replacement,live,4,749,0.9987386067708334,0.25,3,41,0.00016185694462150828,1.9410107384057042e-05,0.663312172188917,1.0,1.0,0.012759902423374457,0.005336070145173054,1.0053503323241815,0.0020226357801297126,1.0
pre_residual_routed_replacement,live,4,749,0.9987386067708334,0.5,3,41,0.00016185694462150828,5.375831557376672e-05,0.528980091469522,1.0,1.0,0.022119926647781674,0.01142745040654152,1.0114929931421275,0.002304233587605263,1.0
pre_residual_routed_replacement,live,4,749,0.9987386067708334,1.0,3,41,0.00016185694462150828,0.00018108879540511353,0.42304037069066597,1.0,1.0,0.019888355106632602,0.010005362576773882,1.0100555835702576,0.0031811458434174334,1.0
pre_residual_routed_replacement,live,4,749,0.9987386067708334,2.0,3,41,0.00016185694462150828,0.0006685011844345801,0.35431375414077154,1.0,1.0,0.019666315985366695,-0.006077248941746443,0.9939411801839096,0.003123510479761484,1.0
pre_residual_routed_replacement,live,4,749,0.9987386067708334,4.0,3,41,0.00016185694462150828,0.002613883130570261,0.31428506265512623,1.0,1.0,0.014465584047447704,0.00783804929906807,1.0078688472200983,0.002976498753110599,1.0
pre_residual_routed_replacement,live,4,768,1.0234781901041665,0.125,3,41,0.00014410953322435062,6.877605526458801e-06,0.8097387909069145,1.0,2.0,0.01028385298223952,-0.0005697135396689425,0.9994304487162751,0.0021558489408420134,1.0
pre_residual_routed_replacement,live,4,768,1.0234781901041665,0.25,3,41,0.00014410953322435062,1.780063791179933e-05,0.674497584091864,1.0,2.0,0.015904177348475566,0.0023237681932969404,1.0023264702351726,0.0029414375263492145,1.0
pre_residual_routed_replacement,live,4,768,1.0234781901041665,0.5,3,41,0.00014410953322435062,4.875057585092617e-05,0.5407269313828956,1.0,1.0,0.018807452808981755,0.010005232156909922,1.0100554518389544,0.0032195105627487093,0.975609756097561
pre_residual_routed_replacement,live,4,768,1.0234781901041665,1.0,3,41,0.00014410953322435062,0.00016253855733641643,0.4310536721559374,1.0,1.0,0.018621190390558044,0.011184642881716984,1.0112474248462069,0.0023399968124466525,1.0
pre_residual_routed_replacement,live,4,768,1.0234781901041665,2.0,3,41,0.00014410953322435062,0.0005970012708449703,0.35902194273031973,1.0,1.0,0.01515645736223157,0.008664618130057486,1.008702264585894,0.003400213551637005,0.975609756097561
pre_residual_routed_replacement,live,4,768,1.0234781901041665,4.0,3,41,0.00014410953322435062,0.002327551910713689,0.3173767929601997,1.0,1.0,0.016290751531939596,0.006472591110622521,1.0064935835959496,0.0029319133843838953,1.0
pre_residual_routed_replacement,live,6,384,0.5234781901041666,0.125,3,41,0.0016175608903892381,4.1419276299525717e-05,0.6249076227757094,1.0,1.0,0.0143432205444019,0.0001870739929393334,1.00018709149237,0.0019893429426132373,1.0
pre_residual_routed_replacement,live,6,384,0.5234781901041666,0.25,3,41,0.0016175608903892381,0.00012367011017150334,0.5051112381945259,1.0,1.0,0.017272372092699197,0.003094005848403772,1.0030987972247398,0.001854011820167326,0.975609756097561
pre_residual_routed_replacement,live,6,384,0.5234781901041666,0.5,3,41,0.0016175608903892381,0.00043108321826463387,0.4139800395571939,1.0,1.0,0.021838053994880535,0.01205179595439796,1.012124711473827,0.0017208053156350872,1.0
pre_residual_routed_replacement,live,6,384,0.5234781901041666,1.0,3,41,0.0016175608903892381,0.001649793505902779,0.35404598195527476,1.0,1.0,0.013685488647778955,0.001288904585363985,1.001289735579865,0.0025044659074997715,1.0
pre_residual_routed_replacement,live,6,384,0.5234781901041666,2.0,3,41,0.0016175608903892381,0.006502188899955271,0.3170483673267472,1.0,1.0,0.01761514048739556,0.011259999275989712,1.0113236316771608,0.0028535663967714483,1.0
pre_residual_routed_replacement,live,6,384,0.5234781901041666,4.0,3,41,0.0016175608903892381,0.025922088636918455,0.29574512818069887,1.0,1.0,0.01856073157200479,0.007437356299484217,1.0074650821268438,0.0048963001156117165,0.975609756097561
pre_residual_routed_replacement,live,6,576,0.7734781901041666,0.125,3,41,0.0005589690470901307,2.0472674036873872e-05,0.725072249745935,1.0,1.0,0.015426069931070844,0.0008014266987532809,1.000801747926938,0.0018051583124704083,1.0
pre_residual_routed_replacement,live,6,576,0.7734781901041666,0.25,3,41,0.0005589690470901307,5.2493945651739566e-05,0.5938721161174954,1.0,1.0,0.014791272853791457,0.0031182965957278507,1.0031231635401012,0.0020010978922298996,1.0
pre_residual_routed_replacement,live,6,576,0.7734781901041666,0.5,3,41,0.0005589690470901307,0.00016099770864383298,0.48140845856419046,1.0,1.0,0.014217359670391965,0.0018547442272589586,1.0018564653292368,0.0016061853702928153,1.0
pre_residual_routed_replacement,live,6,576,0.7734781901041666,1.0,3,41,0.0005589690470901307,0.000590258638638238,0.39744499736163225,1.0,2.0,0.017050082768675062,0.008990363402498407,1.0090308981023846,0.0017487888296607898,1.0
pre_residual_routed_replacement,live,6,576,0.7734781901041666,2.0,3,41,0.0005589690470901307,0.0022685954939970225,0.34309729790225335,1.0,1.0,0.013593246571021447,-0.011266255988367694,0.9887969706085318,0.002493650755832075,0.975609756097561
pre_residual_routed_replacement,live,6,576,0.7734781901041666,4.0,3,41,0.0005589690470901307,0.008979914662145419,0.3102259232149488,1.0,1.0,0.018910058509106376,-0.027796055082623457,0.972586700690279,0.0033928685833989913,1.0
pre_residual_routed_replacement,live,6,749,0.9987386067708334,0.125,3,41,0.00020482917062402425,9.321537073075232e-06,0.8158299773540103,1.0,1.0,0.015147705160179801,0.006831677704868472,1.006855066847024,0.0015884885093226224,1.0
pre_residual_routed_replacement,live,6,749,0.9987386067708334,0.25,3,41,0.00020482917062402425,2.4280952232745842e-05,0.6897447577709701,1.0,2.0,0.019129356420321767,0.009498566406869916,1.0095438209597332,0.002484699175783413,0.975609756097561
pre_residual_routed_replacement,live,6,749,0.9987386067708334,0.5,3,41,0.00020482917062402425,6.990110415048043e-05,0.5596265152292449,1.0,1.0,0.01754158223073117,0.0023713813578188562,1.0023741953064664,0.0020916842300445345,1.0
pre_residual_routed_replacement,live,6,749,0.9987386067708334,1.0,3,41,0.00020482917062402425,0.00022748598457192622,0.4540489211091405,1.0,1.0,0.017982604461096913,-0.0029775170766907512,0.9970269113309701,0.0020810376677785625,1.0
pre_residual_routed_replacement,live,6,749,0.9987386067708334,2.0,3,41,0.00020482917062402425,0.0008474283442058623,0.37890841810311127,1.0,1.0,0.012746042357443857,-0.002966453499542263,0.9970379420761424,0.0034552607803513833,1.0
pre_residual_routed_replacement,live,6,749,0.9987386067708334,4.0,3,41,0.00020482917062402425,0.003317723507194677,0.3325488349957493,1.0,1.0,0.017003618259760794,-0.0028795125431164475,0.9971246292766988,0.001543527214189959,1.0
pre_residual_routed_replacement,live,6,768,1.0234781901041665,0.125,3,41,0.00018036138850230103,8.492914095024896e-06,0.8269700537628498,1.0,1.0,0.014128512870838852,-0.0014380705920079156,0.9985629629360178,0.002242952558796193,1.0
pre_residual_routed_replacement,live,6,768,1.0234781901041665,0.25,3,41,0.00018036138850230103,2.221449626070219e-05,0.7008355594561054,1.0,1.0,0.014756243899711587,0.00610243868975385,1.0061210965021454,0.002260499951630907,1.0
pre_residual_routed_replacement,live,6,768,1.0234781901041665,0.5,3,41,0.00018036138850230103,6.218189045401108e-05,0.5717813478700067,1.0,1.0,0.014517030150824757,-0.0010204364559817617,0.9989800840122486,0.001903599262177993,1.0
pre_residual_routed_replacement,live,6,768,1.0234781901041665,1.0,3,41,0.00018036138850230103,0.00020420164319329666,0.4614145971969786,1.0,1.0,0.015149181699424783,0.004085834880912006,1.004094193284057,0.0023721363835140508,1.0
pre_residual_routed_replacement,live,6,768,1.0234781901041665,2.0,3,41,0.00018036138850230103,0.0007502157156942903,0.38496678145398494,1.0,1.0,0.01525826316584997,-0.006750619629114626,0.9932721146180568,0.0021266836724717444,0.975609756097561
pre_residual_routed_replacement,live,6,768,1.0234781901041665,4.0,3,41,0.00018036138850230103,0.0029217222454800684,0.3357612729147123,1.0,1.0,0.017871727211372385,0.014948109853394082,1.015060391616591,0.003018802152922335,1.0
pre_residual_routed_replacement,live,12,384,0.5234781901041666,0.125,3,41,0.0025040800603062445,6.577165782351843e-05,0.632255950221574,1.0,1.0,0.01860393206984807,0.015888470556607834,1.0160153634588809,0.00223529265075319,0.975609756097561
pre_residual_routed_replacement,live,12,384,0.5234781901041666,0.25,3,41,0.0025040800603062445,0.000190713766183031,0.5163286868746091,1.0,2.0,0.012114303832943688,0.008084258076306198,1.0081170239269768,0.0019491106434396939,1.0
pre_residual_routed_replacement,live,12,384,0.5234781901041666,0.5,3,41,0.0025040800603062445,0.0006697798870646227,0.4272712979486691,1.0,1.0,0.01413426625039512,0.008249767518324689,1.0082838906217222,0.002189153496019136,1.0
pre_residual_routed_replacement,live,12,384,0.5234781901041666,1.0,3,41,0.0025040800603062445,0.0025597967097239754,0.36693349603267666,1.0,1.0,0.0124405272745083,0.006766517764598481,1.0067894623684228,0.0025434223098075295,1.0
pre_residual_routed_replacement,live,12,384,0.5234781901041666,2.0,3,41,0.0025040800603062445,0.010085074736611485,0.32802328619083215,1.0,1.0,0.009611799651267008,0.014058249002446717,1.0141575308825324,0.002599436843266013,1.0
pre_residual_routed_replacement,live,12,384,0.5234781901041666,4.0,3,41,0.0025040800603062445,0.04013595144933371,0.3037856072765205,1.0,1.0,0.01630722630457018,0.0005728478382453724,1.0005730119469032,0.002889317067479332,1.0
pre_residual_routed_replacement,live,12,576,0.7734781901041666,0.125,3,41,0.0008890808991978643,3.2084470480527184e-05,0.7262123017254436,1.0,4.0,0.01664125171914721,0.0015064529497326444,1.001507588219983,0.0018181425327425428,1.0
pre_residual_routed_replacement,live,12,576,0.7734781901041666,0.25,3,41,0.0008890808991978643,8.421195507764165e-05,0.602528317411517,1.0,2.0,0.011653217308986705,-0.0060906909793316645,0.9939278196790046,0.0018801206156667176,1.0
pre_residual_routed_replacement,live,12,576,0.7734781901041666,0.5,3,41,0.0008890808991978643,0.00026034161329366486,0.4926169561847737,1.0,1.0,0.01407629876313126,0.008477161110036187,1.0085131939871452,0.0016132540340630566,1.0
pre_residual_routed_replacement,live,12,576,0.7734781901041666,1.0,3,41,0.0008890808991978643,0.0009388481241656086,0.410338824894221,1.0,1.0,0.014849632178636055,-0.0038311844774000813,0.9961761451464818,0.0011953950665366505,1.0
pre_residual_routed_replacement,live,12,576,0.7734781901041666,2.0,3,41,0.0008890808991978643,0.003614141110758413,0.3564865980691057,1.0,1.0,0.01667844103434879,0.00949684694227588,1.0095420850863692,0.0017862558984971817,1.0
pre_residual_routed_replacement,live,12,576,0.7734781901041666,4.0,3,41,0.0008890808991978643,0.014291060250915146,0.32202534726293774,1.0,1.0,0.020227473456060678,0.005631364685158788,1.0056472506251086,0.002265269189131239,1.0
pre_residual_routed_replacement,live,12,749,0.9987386067708334,0.125,3,41,0.00032541883387868204,1.872481594305466e-05,0.8131070917736671,1.0,3.0,0.014473932255231838,-0.0024087133615003295,0.9975941852607448,0.0018913181313470076,1.0
pre_residual_routed_replacement,live,12,749,0.9987386067708334,0.25,3,41,0.00032541883387868204,4.421639291652988e-05,0.6934001223604107,1.0,1.0,0.013960531283055608,-0.0053564858964749934,0.9946578344937059,0.0013298248815523195,1.0
pre_residual_routed_replacement,live,12,749,0.9987386067708334,0.5,3,41,0.00032541883387868204,0.00011528307123395725,0.5698181343197897,1.0,1.0,0.01794753071954588,0.00348869040860803,1.0034947829719538,0.001431558141994325,1.0
pre_residual_routed_replacement,live,12,749,0.9987386067708334,1.0,3,41,0.00032541883387868204,0.00037087933542728833,0.46669167619410573,1.0,2.0,0.013502995595764651,-0.006114593274688824,0.9939040628066179,0.001476779420135972,1.0
pre_residual_routed_replacement,live,12,749,0.9987386067708334,2.0,3,41,0.00032541883387868204,0.0013561231231016733,0.3920687810863235,1.0,1.0,0.017557119539724084,0.0075425382559450105,1.0075710548483592,0.002198934377560406,1.0
pre_residual_routed_replacement,live,12,749,0.9987386067708334,4.0,3,41,0.00032541883387868204,0.0052676634936919976,0.345022516208861,1.0,1.0,0.016768483257398735,-0.001036015630023513,0.9989645208488864,0.002217092811125255,1.0
pre_residual_routed_replacement,live,12,768,1.0234781901041665,0.125,3,41,0.0002889488651932126,1.5388567070364857e-05,0.8224772135416666,1.0,3.0,0.018429368210092185,0.007131078080902636,1.0071565647646927,0.00164600281660022,1.0
pre_residual_routed_replacement,live,12,768,1.0234781901041665,0.25,3,41,0.0002889488651932126,3.795902725059374e-05,0.7035125369798996,1.0,3.0,0.018332218855919607,-3.858538376399233e-06,0.9999961414690678,0.002404050998826455,1.0
pre_residual_routed_replacement,live,12,768,1.0234781901041665,0.5,3,41,0.0002889488651932126,0.00010381124660703717,0.5797916262055874,1.0,1.0,0.01879160108713373,0.009739089987944795,1.009786669259003,0.001839905670068716,0.975609756097561
pre_residual_routed_replacement,live,12,768,1.0234781901041665,1.0,3,41,0.0002889488651932126,0.0003307800734008853,0.4754675621237883,1.0,1.0,0.013551130102717893,0.005862836402157335,1.00588005646385,0.0013889070253188186,1.0
pre_residual_routed_replacement,live,12,768,1.0234781901041665,2.0,3,41,0.0002889488651932126,0.0012084834455452535,0.3981841182171963,1.0,1.0,0.01656451820444557,-0.007670652949204776,0.9923586914310069,0.0016881791959853876,1.0
pre_residual_routed_replacement,live,12,768,1.0234781901041665,4.0,3,41,0.0002889488651932126,0.004691346985383842,0.3478516083049953,1.0,1.0,0.01422373951718641,-0.0009639202813998048,0.9990365441405208,0.002233080290084802,0.975609756097561
pre_residual_routed_replacement,live,23,384,0.5234781901041666,0.125,3,41,0.0037511249506139055,0.00011404101454119125,0.6510049425116772,1.0,2.0,0.009870178040912097,-0.00032495772125221346,0.9996750950717894,0.001365356912685412,1.0
pre_residual_routed_replacement,live,23,384,0.5234781901041666,0.25,3,41,0.0037511249506139055,0.0003105883990250186,0.5345168809729715,1.0,4.0,0.01336741483854407,-0.005386010849825682,0.9946284677010714,0.0014723350210138636,1.0
pre_residual_routed_replacement,live,23,384,0.5234781901041666,0.5,3,41,0.0037511249506139055,0.0010271745007627768,0.4435970533035784,1.0,1.0,0.012356950703592967,-0.007116203644428916,0.9929090565782466,0.0017728370563658818,1.0
pre_residual_routed_replacement,live,23,384,0.5234781901041666,1.0,3,41,0.0037511249506139055,0.00386920613563525,0.38020303140512623,1.0,1.0,0.012882862509404763,-0.016388096069847192,0.9837454582144752,0.0015067997955864267,1.0
pre_residual_routed_replacement,live,23,384,0.5234781901041666,2.0,3,41,0.0037511249506139055,0.015130499792538657,0.33820704209051555,1.0,1.0,0.010855078453181509,-0.0019179703021752637,0.9980838678275176,0.0022694877086537044,1.0
pre_residual_routed_replacement,live,23,384,0.5234781901041666,4.0,3,41,0.0037511249506139055,0.060172154498933476,0.31173661394817076,1.0,1.0,0.01111143980185723,-0.014069442357899298,0.9860290697018146,0.002443845263767849,1.0
pre_residual_routed_replacement,live,23,576,0.7734781901041666,0.125,3,41,0.0013486735851218896,6.119246512362083e-05,0.7421065358537074,1.0,3.0,0.009927855614487347,0.0030115404470643418,1.0030160796905578,0.0017966853709351048,1.0
pre_residual_routed_replacement,live,23,576,0.7734781901041666,0.25,3,41,0.0013486735851218896,0.00014910603407318674,0.6205584117514854,1.0,1.0,0.01096604213431171,0.003705128526002138,1.0037120009998775,0.0010558376959065748,1.0
pre_residual_routed_replacement,live,23,576,0.7734781901041666,0.5,3,41,0.0013486735851218896,0.0004203890399469259,0.5091919556045771,1.0,2.0,0.009981887028934414,0.007944093891362327,1.0079757319282603,0.0014466985873801404,1.0
pre_residual_routed_replacement,live,23,576,0.7734781901041666,1.0,3,41,0.0013486735851218896,0.0014445696151133254,0.4240424923780488,1.0,2.0,0.009526167301684636,-0.0023886208115784994,0.9976142296730849,0.00123390065775497,1.0
pre_residual_routed_replacement,live,23,576,0.7734781901041666,2.0,3,41,0.0013486735851218896,0.0055155466640119995,0.36678018671337553,1.0,1.0,0.014805984232653538,-1.0807726511811626e-05,0.9999891923318914,0.00111517861082756,1.0
pre_residual_routed_replacement,live,23,576,0.7734781901041666,4.0,3,41,0.0013486735851218896,0.02172441684717855,0.32957754510875936,1.0,1.0,0.014911937219173596,-0.00536566941143118,0.9946487000805497,0.0013075212877411617,1.0
pre_residual_routed_replacement,live,23,749,0.9987386067708334,0.125,3,41,0.0004937865266464774,3.506725433054585e-05,0.8213065790936229,1.0,3.0,0.0135649222339521,0.008956145181650329,1.0089963714509944,0.0013511386425026095,1.0
pre_residual_routed_replacement,live,23,749,0.9987386067708334,0.25,3,41,0.0004937865266464774,7.63927924770539e-05,0.7083863182616577,1.0,2.0,0.014920893386249377,0.00026662637761211655,1.000266661925584,0.001624202322090804,1.0
pre_residual_routed_replacement,live,23,749,0.9987386067708334,0.5,3,41,0.0004937865266464774,0.00018936580282783594,0.5884146265121755,1.0,2.0,0.01676835014495108,9.020584659073688e-05,1.0000902099152604,0.0015999764061942914,1.0
pre_residual_routed_replacement,live,23,749,0.9987386067708334,1.0,3,41,0.0004937865266464774,0.0005932769100270704,0.4827257796926302,1.0,1.0,0.01613384373184877,0.0020978487896045795,1.0021000508139455,0.0016060701659430647,1.0
pre_residual_routed_replacement,live,23,749,0.9987386067708334,2.0,3,41,0.0004937865266464774,0.0020974103017001085,0.40514298105627544,1.0,1.0,0.01779704079734175,0.008609776686358022,1.0086469474142918,0.0020382609799794007,1.0
pre_residual_routed_replacement,live,23,749,0.9987386067708334,4.0,3,41,0.0004937865266464774,0.008047526372089837,0.3535600482112844,1.0,1.0,0.014255991773276359,0.003003314834098685,1.0030078293024203,0.0018581894003384845,1.0
pre_residual_routed_replacement,live,23,768,1.0234781901041665,0.125,3,41,0.00043615933230440305,3.0278442797525047e-05,0.8313195434341288,1.0,1.0,0.012835679376468026,0.0016532877819889998,1.0016546552157173,0.0009140375697666433,1.0
pre_residual_routed_replacement,live,23,768,1.0234781901041665,0.25,3,41,0.00043615933230440305,6.84564748114434e-05,0.7184933088062853,1.0,2.0,0.011704187197320824,0.0019768367379373866,1.0019787919678596,0.001705532430243695,1.0
pre_residual_routed_replacement,live,23,768,1.0234781901041665,0.5,3,41,0.00043615933230440305,0.00017069585707119692,0.599682880566223,1.0,1.0,0.012197903230315502,-0.0027233227479976268,0.99728038213144,0.001884755284030371,1.0
pre_residual_routed_replacement,live,23,768,1.0234781901041665,1.0,3,41,0.00043615933230440305,0.0005271564429830736,0.49250545919202426,1.0,1.0,0.013410222695012778,5.126581231035401e-05,1.0000512671264246,0.002048095900267274,1.0
pre_residual_routed_replacement,live,23,768,1.0234781901041665,2.0,3,41,0.00043615933230440305,0.0018674574498749393,0.4126112145286116,1.0,1.0,0.00697177869848083,-0.0058865681632670015,0.9941307237324913,0.0015977679130858666,1.0
pre_residual_routed_replacement,live,23,768,1.0234781901041665,4.0,3,41,0.00043615933230440305,0.0071293057933580015,0.3601524100145599,1.0,1.0,0.009129118917985103,-0.006604252960407607,0.9934175071886465,0.0010843290872686682,1.0
pre_residual_routed_replacement,live,39,384,0.5234781901041666,0.125,3,41,0.03852142206872671,0.001460069308400586,0.7129849222170106,0.0,,0.0,0.001525985879118807,1.0015271507880399,0.00016530600166393214,1.0
pre_residual_routed_replacement,live,39,384,0.5234781901041666,0.25,3,41,0.03852142206872671,0.003782744774270007,0.5752958277451239,0.0,,0.0,0.0021698899804790863,1.00217224589546,0.0002554931546711112,1.0
pre_residual_routed_replacement,live,39,384,0.5234781901041666,0.5,3,41,0.03852142206872671,0.01148517573420447,0.45714925130208334,0.0,,0.0,0.0027683182993508935,1.002772153630777,0.000316557686090978,1.0
pre_residual_routed_replacement,live,39,384,0.5234781901041666,1.0,3,41,0.03852142206872671,0.040449431381029674,0.3746860869158947,0.0,,0.0,0.0073066085538490335,1.0073333669494684,0.000566635739735337,1.0
pre_residual_routed_replacement,live,39,384,0.5234781901041666,2.0,3,41,0.03852142206872671,0.1556415225084732,0.32406102431573447,0.0,,0.0,0.01105151253371963,1.0111128060857457,0.0012718420963337572,1.0
pre_residual_routed_replacement,live,39,384,0.5234781901041666,4.0,3,41,0.03852142206872671,0.6176091710602691,0.29793425578486554,0.0,,0.0,0.022921035512919668,1.0231857410199248,0.004397193078102611,0.9512195121951219
pre_residual_routed_replacement,live,39,576,0.7734781901041666,0.125,3,41,0.013364118292475243,0.0006972049193244287,0.806049843621746,0.0,,0.0,-0.0016698664030725613,0.9983315270480958,8.158527905242923e-05,1.0
pre_residual_routed_replacement,live,39,576,0.7734781901041666,0.25,3,41,0.013364118292475243,0.001733093220579851,0.67922190749101,0.0,,0.0,-0.0001347594221588193,0.9998652496574842,5.314787777053654e-05,1.0
pre_residual_routed_replacement,live,39,576,0.7734781901041666,0.5,3,41,0.013364118292475243,0.00476949975897057,0.5451471439669324,0.0,,0.0,-0.0014169828403477875,0.9985840206058259,0.0001420776072908711,1.0
pre_residual_routed_replacement,live,39,576,0.7734781901041666,1.0,3,41,0.013364118292475243,0.015170315162850723,0.43408899742637,0.0,,0.0,0.0005332826985779591,1.0005334249190763,0.0003164878869535972,1.0
pre_residual_routed_replacement,live,39,576,0.7734781901041666,2.0,3,41,0.013364118292475243,0.055432596320495645,0.3608213728856415,0.0,,0.0,-0.0012668842882074666,0.998733917870909,0.000566412506967438,1.0
pre_residual_routed_replacement,live,39,576,0.7734781901041666,4.0,3,41,0.013364118292475243,0.21577817838534394,0.3178852665789654,0.0,,0.0,0.006906297354692206,1.0069302008227359,0.0013914000109463008,1.0
pre_residual_routed_replacement,live,39,749,0.9987386067708334,0.125,3,41,0.004749501652699079,0.0003489483218032501,0.881227112770677,0.0,,0.0,-0.001366848443622524,0.9986340852682487,6.951011682211293e-05,1.0
pre_residual_routed_replacement,live,39,749,0.9987386067708334,0.25,3,41,0.004749501652699079,0.0008863299190877832,0.7755161192358995,0.0,,0.0,-0.0014437592995708137,0.9985572824194959,8.833529328192689e-05,1.0
pre_residual_routed_replacement,live,39,749,0.9987386067708334,0.5,3,41,0.004749501652699079,0.0021878751536142447,0.6434043669566428,0.0,,0.0,-0.003103266286200566,0.9969015438676051,0.00011415568372086718,1.0
pre_residual_routed_replacement,live,39,749,0.9987386067708334,1.0,3,41,0.004749501652699079,0.006198554092065513,0.5144167443824753,0.0,,0.0,-0.0007937374459235085,0.9992065774803146,0.00013383406185854736,1.0
pre_residual_routed_replacement,live,39,749,0.9987386067708334,2.0,3,41,0.004749501652699079,0.02082341860854862,0.41360134294138917,0.0,,0.0,-0.0009273429392786742,0.9990730869103019,0.0003193733531094459,1.0
pre_residual_routed_replacement,live,39,749,0.9987386067708334,4.0,3,41,0.004749501652699079,0.07801298171421893,0.34887835017735697,0.0,,0.0,-0.0005611819552697305,0.9994389754778727,0.0007524891151131693,1.0
pre_residual_routed_replacement,live,39,768,1.0234781901041665,0.125,3,41,0.004203365416893292,0.00030943270736901916,0.8897241989622421,0.0,,0.0,-0.00157265202434093,0.9984285839448526,6.703692307247974e-05,1.0
pre_residual_routed_replacement,live,39,768,1.0234781901041665,0.25,3,41,0.004203365416893292,0.0007732146226468037,0.7867766971361495,0.0,,0.0,0.0014243015123656057,1.0014253163115008,0.00010802743889844793,1.0
pre_residual_routed_replacement,live,39,768,1.0234781901041665,0.5,3,41,0.004203365416893292,0.002011901798398935,0.655420452449529,0.0,,0.0,-0.00029502559831116643,0.9997050179174611,7.429582193900848e-05,1.0
pre_residual_routed_replacement,live,39,768,1.0234781901041665,1.0,3,41,0.004203365416893292,0.005637487434728075,0.5230715715266377,0.0,,0.0,0.00028423150554411126,1.0002842719031457,0.00018143175191156856,1.0
pre_residual_routed_replacement,live,39,768,1.0234781901041665,2.0,3,41,0.004203365416893292,0.01850479055966642,0.41907193659245034,0.0,,0.0,-0.0009333968184464404,0.9990670386608617,0.00023920942360837946,1.0
pre_residual_routed_replacement,live,39,768,1.0234781901041665,4.0,3,41,0.004203365416893292,0.06935849570685926,0.35038741101616244,0.0,,0.0,-0.006979866015501531,0.9930444366732518,0.0006445840966740416,1.0
