source_run_mode,capture_source,evaluation_split,layer,projection,selection_category,selection_regime,score_method,shortlist_size,refresh_block,physical_budget_bpw,n,p10_exact_gain_retained_matched_fetched_pages,median_exact_gain_retained_matched_fetched_pages,p90_exact_gain_retained_matched_fetched_pages,median_fetched_pages,median_logical_actions,median_logical_bytes,p90_candidate_overfetch
pilot,exact_checkpoint,test,0,gate,h0_oracle,h0_oracle_full_target_residual,abs_activation,64,1,0.25,1,0.4831190361435203,0.4831190361435203,0.4831190361435203,60.0,224.0,14336.0,0.9375
pilot,exact_checkpoint,test,0,gate,h0_oracle,h0_oracle_full_target_residual,abs_activation,64,1,0.5,1,0.4831190361435203,0.4831190361435203,0.4831190361435203,60.0,224.0,14336.0,0.46875
pilot,exact_checkpoint,test,0,gate,h0_oracle,h0_oracle_full_target_residual,abs_activation,64,1,0.75,1,0.4831190361435203,0.4831190361435203,0.4831190361435203,60.0,224.0,14336.0,0.3125
pilot,exact_checkpoint,test,0,gate,h0_oracle,h0_oracle_full_target_residual,abs_activation,64,1,1.0,1,0.4831190361435203,0.4831190361435203,0.4831190361435203,60.0,224.0,14336.0,0.234375
pilot,exact_checkpoint,test,0,gate,h0_oracle,h0_oracle_full_target_residual,abs_activation,128,1,0.25,1,0.5577648632316268,0.5577648632316268,0.5577648632316268,116.0,588.0,37632.0,1.8125
pilot,exact_checkpoint,test,0,gate,h0_oracle,h0_oracle_full_target_residual,abs_activation,128,1,0.5,1,0.5577648632316268,0.5577648632316268,0.5577648632316268,116.0,588.0,37632.0,0.90625
pilot,exact_checkpoint,test,0,gate,h0_oracle,h0_oracle_full_target_residual,abs_activation,128,1,0.75,1,0.5577648632316268,0.5577648632316268,0.5577648632316268,116.0,588.0,37632.0,0.6041666666666666
pilot,exact_checkpoint,test,0,gate,h0_oracle,h0_oracle_full_target_residual,abs_activation,128,1,1.0,1,0.5577648632316268,0.5577648632316268,0.5577648632316268,116.0,588.0,37632.0,0.453125
pilot,exact_checkpoint,test,0,gate,h0_oracle,h0_oracle_full_target_residual,abs_activation,256,1,0.25,1,0.7151321474294499,0.7151321474294499,0.7151321474294499,210.0,1126.0,72064.0,3.28125
pilot,exact_checkpoint,test,0,gate,h0_oracle,h0_oracle_full_target_residual,abs_activation,256,1,0.5,1,0.7151321474294499,0.7151321474294499,0.7151321474294499,210.0,1126.0,72064.0,1.640625
pilot,exact_checkpoint,test,0,gate,h0_oracle,h0_oracle_full_target_residual,abs_activation,256,1,0.75,1,0.7151321474294499,0.7151321474294499,0.7151321474294499,210.0,1126.0,72064.0,1.09375
pilot,exact_checkpoint,test,0,gate,h0_oracle,h0_oracle_full_target_residual,abs_activation,256,1,1.0,1,0.7151321474294499,0.7151321474294499,0.7151321474294499,210.0,1126.0,72064.0,0.8203125
pilot,exact_checkpoint,test,0,gate,h0_oracle,h0_oracle_full_target_residual,abs_activation,384,1,0.25,1,0.8660919435501921,0.8660919435501921,0.8660919435501921,288.0,1274.0,81536.0,4.5
pilot,exact_checkpoint,test,0,gate,h0_oracle,h0_oracle_full_target_residual,abs_activation,384,1,0.5,1,0.8660919435501921,0.8660919435501921,0.8660919435501921,288.0,1274.0,81536.0,2.25
pilot,exact_checkpoint,test,0,gate,h0_oracle,h0_oracle_full_target_residual,abs_activation,384,1,0.75,1,0.8660919435501921,0.8660919435501921,0.8660919435501921,288.0,1274.0,81536.0,1.5
pilot,exact_checkpoint,test,0,gate,h0_oracle,h0_oracle_full_target_residual,abs_activation,384,1,1.0,1,0.8660919435501921,0.8660919435501921,0.8660919435501921,288.0,1274.0,81536.0,1.125
pilot,exact_checkpoint,test,0,gate,h0_oracle,h0_oracle_full_target_residual,abs_activation,512,1,0.25,1,0.9175706924938558,0.9175706924938558,0.9175706924938558,349.0,1545.0,98880.0,5.453125
pilot,exact_checkpoint,test,0,gate,h0_oracle,h0_oracle_full_target_residual,abs_activation,512,1,0.5,1,0.9175706924938558,0.9175706924938558,0.9175706924938558,349.0,1545.0,98880.0,2.7265625
pilot,exact_checkpoint,test,0,gate,h0_oracle,h0_oracle_full_target_residual,abs_activation,512,1,0.75,1,0.9175706924938558,0.9175706924938558,0.9175706924938558,349.0,1545.0,98880.0,1.8177083333333333
pilot,exact_checkpoint,test,0,gate,h0_oracle,h0_oracle_full_target_residual,abs_activation,512,1,1.0,1,0.9175706924938558,0.9175706924938558,0.9175706924938558,349.0,1545.0,98880.0,1.36328125
pilot,exact_checkpoint,test,0,gate,h0_oracle,h0_oracle_full_target_residual,abs_activation,768,1,0.25,1,0.9077868345624681,0.9077868345624681,0.9077868345624681,442.0,1741.0,111424.0,6.90625
pilot,exact_checkpoint,test,0,gate,h0_oracle,h0_oracle_full_target_residual,abs_activation,768,1,0.5,1,0.9077868345624681,0.9077868345624681,0.9077868345624681,442.0,1741.0,111424.0,3.453125
pilot,exact_checkpoint,test,0,gate,h0_oracle,h0_oracle_full_target_residual,abs_activation,768,1,0.75,1,0.9077868345624681,0.9077868345624681,0.9077868345624681,442.0,1741.0,111424.0,2.3020833333333335
pilot,exact_checkpoint,test,0,gate,h0_oracle,h0_oracle_full_target_residual,abs_activation,768,1,1.0,1,0.9077868345624681,0.9077868345624681,0.9077868345624681,442.0,1741.0,111424.0,1.7265625
pilot,exact_checkpoint,test,0,gate,h0_oracle,h0_oracle_full_target_residual,abs_activation,1024,1,0.25,1,0.9235455814391654,0.9235455814391654,0.9235455814391654,479.0,1565.0,100160.0,7.484375
pilot,exact_checkpoint,test,0,gate,h0_oracle,h0_oracle_full_target_residual,abs_activation,1024,1,0.5,1,0.9235455814391654,0.9235455814391654,0.9235455814391654,479.0,1565.0,100160.0,3.7421875
pilot,exact_checkpoint,test,0,gate,h0_oracle,h0_oracle_full_target_residual,abs_activation,1024,1,0.75,1,0.9235455814391654,0.9235455814391654,0.9235455814391654,479.0,1565.0,100160.0,2.4947916666666665
pilot,exact_checkpoint,test,0,gate,h0_oracle,h0_oracle_full_target_residual,abs_activation,1024,1,1.0,1,0.9235455814391654,0.9235455814391654,0.9235455814391654,479.0,1565.0,100160.0,1.87109375
pilot,exact_checkpoint,test,0,gate,h0_oracle,h0_oracle_full_target_residual,activation_weighted_delta_norm,64,1,0.25,1,0.5581208867739021,0.5581208867739021,0.5581208867739021,59.0,265.0,16960.0,0.921875
pilot,exact_checkpoint,test,0,gate,h0_oracle,h0_oracle_full_target_residual,activation_weighted_delta_norm,64,1,0.5,1,0.5581208867739021,0.5581208867739021,0.5581208867739021,59.0,265.0,16960.0,0.4609375
pilot,exact_checkpoint,test,0,gate,h0_oracle,h0_oracle_full_target_residual,activation_weighted_delta_norm,64,1,0.75,1,0.5581208867739021,0.5581208867739021,0.5581208867739021,59.0,265.0,16960.0,0.3072916666666667
pilot,exact_checkpoint,test,0,gate,h0_oracle,h0_oracle_full_target_residual,activation_weighted_delta_norm,64,1,1.0,1,0.5581208867739021,0.5581208867739021,0.5581208867739021,59.0,265.0,16960.0,0.23046875
pilot,exact_checkpoint,test,0,gate,h0_oracle,h0_oracle_full_target_residual,activation_weighted_delta_norm,128,1,0.25,1,0.6086133257199379,0.6086133257199379,0.6086133257199379,117.0,460.0,29440.0,1.828125
pilot,exact_checkpoint,test,0,gate,h0_oracle,h0_oracle_full_target_residual,activation_weighted_delta_norm,128,1,0.5,1,0.6086133257199379,0.6086133257199379,0.6086133257199379,117.0,460.0,29440.0,0.9140625
pilot,exact_checkpoint,test,0,gate,h0_oracle,h0_oracle_full_target_residual,activation_weighted_delta_norm,128,1,0.75,1,0.6086133257199379,0.6086133257199379,0.6086133257199379,117.0,460.0,29440.0,0.609375
pilot,exact_checkpoint,test,0,gate,h0_oracle,h0_oracle_full_target_residual,activation_weighted_delta_norm,128,1,1.0,1,0.6086133257199379,0.6086133257199379,0.6086133257199379,117.0,460.0,29440.0,0.45703125
pilot,exact_checkpoint,test,0,gate,h0_oracle,h0_oracle_full_target_residual,activation_weighted_delta_norm,256,1,0.25,1,0.7829391012974598,0.7829391012974598,0.7829391012974598,206.0,1029.0,65856.0,3.21875
pilot,exact_checkpoint,test,0,gate,h0_oracle,h0_oracle_full_target_residual,activation_weighted_delta_norm,256,1,0.5,1,0.7829391012974598,0.7829391012974598,0.7829391012974598,206.0,1029.0,65856.0,1.609375
pilot,exact_checkpoint,test,0,gate,h0_oracle,h0_oracle_full_target_residual,activation_weighted_delta_norm,256,1,0.75,1,0.7829391012974598,0.7829391012974598,0.7829391012974598,206.0,1029.0,65856.0,1.0729166666666667
pilot,exact_checkpoint,test,0,gate,h0_oracle,h0_oracle_full_target_residual,activation_weighted_delta_norm,256,1,1.0,1,0.7829391012974598,0.7829391012974598,0.7829391012974598,206.0,1029.0,65856.0,0.8046875
pilot,exact_checkpoint,test,0,gate,h0_oracle,h0_oracle_full_target_residual,activation_weighted_delta_norm,384,1,0.25,1,0.8822269599720877,0.8822269599720877,0.8822269599720877,286.0,1269.0,81216.0,4.46875
pilot,exact_checkpoint,test,0,gate,h0_oracle,h0_oracle_full_target_residual,activation_weighted_delta_norm,384,1,0.5,1,0.8822269599720877,0.8822269599720877,0.8822269599720877,286.0,1269.0,81216.0,2.234375
pilot,exact_checkpoint,test,0,gate,h0_oracle,h0_oracle_full_target_residual,activation_weighted_delta_norm,384,1,0.75,1,0.8822269599720877,0.8822269599720877,0.8822269599720877,286.0,1269.0,81216.0,1.4895833333333333
pilot,exact_checkpoint,test,0,gate,h0_oracle,h0_oracle_full_target_residual,activation_weighted_delta_norm,384,1,1.0,1,0.8822269599720877,0.8822269599720877,0.8822269599720877,286.0,1269.0,81216.0,1.1171875
pilot,exact_checkpoint,test,0,gate,h0_oracle,h0_oracle_full_target_residual,activation_weighted_delta_norm,512,1,0.25,1,0.9144569918902423,0.9144569918902423,0.9144569918902423,350.0,1671.0,106944.0,5.46875
pilot,exact_checkpoint,test,0,gate,h0_oracle,h0_oracle_full_target_residual,activation_weighted_delta_norm,512,1,0.5,1,0.9144569918902423,0.9144569918902423,0.9144569918902423,350.0,1671.0,106944.0,2.734375
pilot,exact_checkpoint,test,0,gate,h0_oracle,h0_oracle_full_target_residual,activation_weighted_delta_norm,512,1,0.75,1,0.9144569918902423,0.9144569918902423,0.9144569918902423,350.0,1671.0,106944.0,1.8229166666666667
pilot,exact_checkpoint,test,0,gate,h0_oracle,h0_oracle_full_target_residual,activation_weighted_delta_norm,512,1,1.0,1,0.9144569918902423,0.9144569918902423,0.9144569918902423,350.0,1671.0,106944.0,1.3671875
pilot,exact_checkpoint,test,0,gate,h0_oracle,h0_oracle_full_target_residual,activation_weighted_delta_norm,768,1,0.25,1,0.9150702585055275,0.9150702585055275,0.9150702585055275,441.0,1459.0,93376.0,6.890625
pilot,exact_checkpoint,test,0,gate,h0_oracle,h0_oracle_full_target_residual,activation_weighted_delta_norm,768,1,0.5,1,0.9150702585055275,0.9150702585055275,0.9150702585055275,441.0,1459.0,93376.0,3.4453125
pilot,exact_checkpoint,test,0,gate,h0_oracle,h0_oracle_full_target_residual,activation_weighted_delta_norm,768,1,0.75,1,0.9150702585055275,0.9150702585055275,0.9150702585055275,441.0,1459.0,93376.0,2.296875
pilot,exact_checkpoint,test,0,gate,h0_oracle,h0_oracle_full_target_residual,activation_weighted_delta_norm,768,1,1.0,1,0.9150702585055275,0.9150702585055275,0.9150702585055275,441.0,1459.0,93376.0,1.72265625
pilot,exact_checkpoint,test,0,gate,h0_oracle,h0_oracle_full_target_residual,activation_weighted_delta_norm,1024,1,0.25,1,0.8919396658001029,0.8919396658001029,0.8919396658001029,480.0,1369.0,87616.0,7.5
pilot,exact_checkpoint,test,0,gate,h0_oracle,h0_oracle_full_target_residual,activation_weighted_delta_norm,1024,1,0.5,1,0.8919396658001029,0.8919396658001029,0.8919396658001029,480.0,1369.0,87616.0,3.75
pilot,exact_checkpoint,test,0,gate,h0_oracle,h0_oracle_full_target_residual,activation_weighted_delta_norm,1024,1,0.75,1,0.8919396658001029,0.8919396658001029,0.8919396658001029,480.0,1369.0,87616.0,2.5
pilot,exact_checkpoint,test,0,gate,h0_oracle,h0_oracle_full_target_residual,activation_weighted_delta_norm,1024,1,1.0,1,0.8919396658001029,0.8919396658001029,0.8919396658001029,480.0,1369.0,87616.0,1.875
pilot,exact_checkpoint,test,0,gate,h0_oracle,h0_oracle_full_target_residual,future_proxy_weighted,64,1,0.25,1,0.5614066139361814,0.5614066139361814,0.5614066139361814,61.0,260.0,16640.0,0.953125
pilot,exact_checkpoint,test,0,gate,h0_oracle,h0_oracle_full_target_residual,future_proxy_weighted,64,1,0.5,1,0.5614066139361814,0.5614066139361814,0.5614066139361814,61.0,260.0,16640.0,0.4765625
pilot,exact_checkpoint,test,0,gate,h0_oracle,h0_oracle_full_target_residual,future_proxy_weighted,64,1,0.75,1,0.5614066139361814,0.5614066139361814,0.5614066139361814,61.0,260.0,16640.0,0.3177083333333333
pilot,exact_checkpoint,test,0,gate,h0_oracle,h0_oracle_full_target_residual,future_proxy_weighted,64,1,1.0,1,0.5614066139361814,0.5614066139361814,0.5614066139361814,61.0,260.0,16640.0,0.23828125
pilot,exact_checkpoint,test,0,gate,h0_oracle,h0_oracle_full_target_residual,future_proxy_weighted,128,1,0.25,1,0.5387062539682536,0.5387062539682536,0.5387062539682536,118.0,520.0,33280.0,1.84375
pilot,exact_checkpoint,test,0,gate,h0_oracle,h0_oracle_full_target_residual,future_proxy_weighted,128,1,0.5,1,0.5387062539682536,0.5387062539682536,0.5387062539682536,118.0,520.0,33280.0,0.921875
pilot,exact_checkpoint,test,0,gate,h0_oracle,h0_oracle_full_target_residual,future_proxy_weighted,128,1,0.75,1,0.5387062539682536,0.5387062539682536,0.5387062539682536,118.0,520.0,33280.0,0.6145833333333334
pilot,exact_checkpoint,test,0,gate,h0_oracle,h0_oracle_full_target_residual,future_proxy_weighted,128,1,1.0,1,0.5387062539682536,0.5387062539682536,0.5387062539682536,118.0,520.0,33280.0,0.4609375
pilot,exact_checkpoint,test,0,gate,h0_oracle,h0_oracle_full_target_residual,future_proxy_weighted,256,1,0.25,1,0.6555129423521532,0.6555129423521532,0.6555129423521532,213.0,1141.0,73024.0,3.328125
pilot,exact_checkpoint,test,0,gate,h0_oracle,h0_oracle_full_target_residual,future_proxy_weighted,256,1,0.5,1,0.6555129423521532,0.6555129423521532,0.6555129423521532,213.0,1141.0,73024.0,1.6640625
pilot,exact_checkpoint,test,0,gate,h0_oracle,h0_oracle_full_target_residual,future_proxy_weighted,256,1,0.75,1,0.6555129423521532,0.6555129423521532,0.6555129423521532,213.0,1141.0,73024.0,1.109375
pilot,exact_checkpoint,test,0,gate,h0_oracle,h0_oracle_full_target_residual,future_proxy_weighted,256,1,1.0,1,0.6555129423521532,0.6555129423521532,0.6555129423521532,213.0,1141.0,73024.0,0.83203125
pilot,exact_checkpoint,test,0,gate,h0_oracle,h0_oracle_full_target_residual,future_proxy_weighted,384,1,0.25,1,0.8379619236549454,0.8379619236549454,0.8379619236549454,284.0,1358.0,86912.0,4.4375
pilot,exact_checkpoint,test,0,gate,h0_oracle,h0_oracle_full_target_residual,future_proxy_weighted,384,1,0.5,1,0.8379619236549454,0.8379619236549454,0.8379619236549454,284.0,1358.0,86912.0,2.21875
pilot,exact_checkpoint,test,0,gate,h0_oracle,h0_oracle_full_target_residual,future_proxy_weighted,384,1,0.75,1,0.8379619236549454,0.8379619236549454,0.8379619236549454,284.0,1358.0,86912.0,1.4791666666666667
pilot,exact_checkpoint,test,0,gate,h0_oracle,h0_oracle_full_target_residual,future_proxy_weighted,384,1,1.0,1,0.8379619236549454,0.8379619236549454,0.8379619236549454,284.0,1358.0,86912.0,1.109375
pilot,exact_checkpoint,test,0,gate,h0_oracle,h0_oracle_full_target_residual,future_proxy_weighted,512,1,0.25,1,0.9004296502270775,0.9004296502270775,0.9004296502270775,350.0,1325.0,84800.0,5.46875
pilot,exact_checkpoint,test,0,gate,h0_oracle,h0_oracle_full_target_residual,future_proxy_weighted,512,1,0.5,1,0.9004296502270775,0.9004296502270775,0.9004296502270775,350.0,1325.0,84800.0,2.734375
pilot,exact_checkpoint,test,0,gate,h0_oracle,h0_oracle_full_target_residual,future_proxy_weighted,512,1,0.75,1,0.9004296502270775,0.9004296502270775,0.9004296502270775,350.0,1325.0,84800.0,1.8229166666666667
pilot,exact_checkpoint,test,0,gate,h0_oracle,h0_oracle_full_target_residual,future_proxy_weighted,512,1,1.0,1,0.9004296502270775,0.9004296502270775,0.9004296502270775,350.0,1325.0,84800.0,1.3671875
pilot,exact_checkpoint,test,0,gate,h0_oracle,h0_oracle_full_target_residual,future_proxy_weighted,768,1,0.25,1,0.9279518561310526,0.9279518561310526,0.9279518561310526,436.0,1099.0,70336.0,6.8125
pilot,exact_checkpoint,test,0,gate,h0_oracle,h0_oracle_full_target_residual,future_proxy_weighted,768,1,0.5,1,0.9279518561310526,0.9279518561310526,0.9279518561310526,436.0,1099.0,70336.0,3.40625
pilot,exact_checkpoint,test,0,gate,h0_oracle,h0_oracle_full_target_residual,future_proxy_weighted,768,1,0.75,1,0.9279518561310526,0.9279518561310526,0.9279518561310526,436.0,1099.0,70336.0,2.2708333333333335
pilot,exact_checkpoint,test,0,gate,h0_oracle,h0_oracle_full_target_residual,future_proxy_weighted,768,1,1.0,1,0.9279518561310526,0.9279518561310526,0.9279518561310526,436.0,1099.0,70336.0,1.703125
pilot,exact_checkpoint,test,0,gate,h0_oracle,h0_oracle_full_target_residual,future_proxy_weighted,1024,1,0.25,1,0.9803869681128143,0.9803869681128143,0.9803869681128143,482.0,1489.0,95296.0,7.53125
pilot,exact_checkpoint,test,0,gate,h0_oracle,h0_oracle_full_target_residual,future_proxy_weighted,1024,1,0.5,1,0.9803869681128143,0.9803869681128143,0.9803869681128143,482.0,1489.0,95296.0,3.765625
pilot,exact_checkpoint,test,0,gate,h0_oracle,h0_oracle_full_target_residual,future_proxy_weighted,1024,1,0.75,1,0.9803869681128143,0.9803869681128143,0.9803869681128143,482.0,1489.0,95296.0,2.5104166666666665
pilot,exact_checkpoint,test,0,gate,h0_oracle,h0_oracle_full_target_residual,future_proxy_weighted,1024,1,1.0,1,0.9803869681128143,0.9803869681128143,0.9803869681128143,482.0,1489.0,95296.0,1.8828125
pilot,exact_checkpoint,test,0,up,h0_oracle,h0_oracle_full_target_residual,abs_activation,64,1,0.25,1,0.6846585513686915,0.6846585513686915,0.6846585513686915,60.0,262.0,16768.0,0.9375
pilot,exact_checkpoint,test,0,up,h0_oracle,h0_oracle_full_target_residual,abs_activation,64,1,0.5,1,0.6846585513686915,0.6846585513686915,0.6846585513686915,60.0,262.0,16768.0,0.46875
pilot,exact_checkpoint,test,0,up,h0_oracle,h0_oracle_full_target_residual,abs_activation,64,1,0.75,1,0.6846585513686915,0.6846585513686915,0.6846585513686915,60.0,262.0,16768.0,0.3125
pilot,exact_checkpoint,test,0,up,h0_oracle,h0_oracle_full_target_residual,abs_activation,64,1,1.0,1,0.6846585513686915,0.6846585513686915,0.6846585513686915,60.0,262.0,16768.0,0.234375
pilot,exact_checkpoint,test,0,up,h0_oracle,h0_oracle_full_target_residual,abs_activation,128,1,0.25,1,0.685228879171854,0.685228879171854,0.685228879171854,116.0,568.0,36352.0,1.8125
pilot,exact_checkpoint,test,0,up,h0_oracle,h0_oracle_full_target_residual,abs_activation,128,1,0.5,1,0.685228879171854,0.685228879171854,0.685228879171854,116.0,568.0,36352.0,0.90625
pilot,exact_checkpoint,test,0,up,h0_oracle,h0_oracle_full_target_residual,abs_activation,128,1,0.75,1,0.685228879171854,0.685228879171854,0.685228879171854,116.0,568.0,36352.0,0.6041666666666666
pilot,exact_checkpoint,test,0,up,h0_oracle,h0_oracle_full_target_residual,abs_activation,128,1,1.0,1,0.685228879171854,0.685228879171854,0.685228879171854,116.0,568.0,36352.0,0.453125
pilot,exact_checkpoint,test,0,up,h0_oracle,h0_oracle_full_target_residual,abs_activation,256,1,0.25,1,0.8291800757584585,0.8291800757584585,0.8291800757584585,210.0,968.0,61952.0,3.28125
pilot,exact_checkpoint,test,0,up,h0_oracle,h0_oracle_full_target_residual,abs_activation,256,1,0.5,1,0.8291800757584585,0.8291800757584585,0.8291800757584585,210.0,968.0,61952.0,1.640625
pilot,exact_checkpoint,test,0,up,h0_oracle,h0_oracle_full_target_residual,abs_activation,256,1,0.75,1,0.8291800757584585,0.8291800757584585,0.8291800757584585,210.0,968.0,61952.0,1.09375
pilot,exact_checkpoint,test,0,up,h0_oracle,h0_oracle_full_target_residual,abs_activation,256,1,1.0,1,0.8291800757584585,0.8291800757584585,0.8291800757584585,210.0,968.0,61952.0,0.8203125
pilot,exact_checkpoint,test,0,up,h0_oracle,h0_oracle_full_target_residual,abs_activation,384,1,0.25,1,0.9215007768873624,0.9215007768873624,0.9215007768873624,288.0,1251.0,80064.0,4.5
pilot,exact_checkpoint,test,0,up,h0_oracle,h0_oracle_full_target_residual,abs_activation,384,1,0.5,1,0.9215007768873624,0.9215007768873624,0.9215007768873624,288.0,1251.0,80064.0,2.25
pilot,exact_checkpoint,test,0,up,h0_oracle,h0_oracle_full_target_residual,abs_activation,384,1,0.75,1,0.9215007768873624,0.9215007768873624,0.9215007768873624,288.0,1251.0,80064.0,1.5
pilot,exact_checkpoint,test,0,up,h0_oracle,h0_oracle_full_target_residual,abs_activation,384,1,1.0,1,0.9215007768873624,0.9215007768873624,0.9215007768873624,288.0,1251.0,80064.0,1.125
pilot,exact_checkpoint,test,0,up,h0_oracle,h0_oracle_full_target_residual,abs_activation,512,1,0.25,1,0.9608991655341631,0.9608991655341631,0.9608991655341631,349.0,1008.0,64512.0,5.453125
pilot,exact_checkpoint,test,0,up,h0_oracle,h0_oracle_full_target_residual,abs_activation,512,1,0.5,1,0.9608991655341631,0.9608991655341631,0.9608991655341631,349.0,1008.0,64512.0,2.7265625
pilot,exact_checkpoint,test,0,up,h0_oracle,h0_oracle_full_target_residual,abs_activation,512,1,0.75,1,0.9608991655341631,0.9608991655341631,0.9608991655341631,349.0,1008.0,64512.0,1.8177083333333333
pilot,exact_checkpoint,test,0,up,h0_oracle,h0_oracle_full_target_residual,abs_activation,512,1,1.0,1,0.9608991655341631,0.9608991655341631,0.9608991655341631,349.0,1008.0,64512.0,1.36328125
pilot,exact_checkpoint,test,0,up,h0_oracle,h0_oracle_full_target_residual,abs_activation,768,1,0.25,1,0.9850658090952014,0.9850658090952014,0.9850658090952014,442.0,1146.0,73344.0,6.90625
pilot,exact_checkpoint,test,0,up,h0_oracle,h0_oracle_full_target_residual,abs_activation,768,1,0.5,1,0.9850658090952014,0.9850658090952014,0.9850658090952014,442.0,1146.0,73344.0,3.453125
pilot,exact_checkpoint,test,0,up,h0_oracle,h0_oracle_full_target_residual,abs_activation,768,1,0.75,1,0.9850658090952014,0.9850658090952014,0.9850658090952014,442.0,1146.0,73344.0,2.3020833333333335
pilot,exact_checkpoint,test,0,up,h0_oracle,h0_oracle_full_target_residual,abs_activation,768,1,1.0,1,0.9850658090952014,0.9850658090952014,0.9850658090952014,442.0,1146.0,73344.0,1.7265625
pilot,exact_checkpoint,test,0,up,h0_oracle,h0_oracle_full_target_residual,abs_activation,1024,1,0.25,1,1.0053287417049954,1.0053287417049954,1.0053287417049954,479.0,1360.0,87040.0,7.484375
pilot,exact_checkpoint,test,0,up,h0_oracle,h0_oracle_full_target_residual,abs_activation,1024,1,0.5,1,1.0053287417049954,1.0053287417049954,1.0053287417049954,479.0,1360.0,87040.0,3.7421875
pilot,exact_checkpoint,test,0,up,h0_oracle,h0_oracle_full_target_residual,abs_activation,1024,1,0.75,1,1.0053287417049954,1.0053287417049954,1.0053287417049954,479.0,1360.0,87040.0,2.4947916666666665
pilot,exact_checkpoint,test,0,up,h0_oracle,h0_oracle_full_target_residual,abs_activation,1024,1,1.0,1,1.0053287417049954,1.0053287417049954,1.0053287417049954,479.0,1360.0,87040.0,1.87109375
pilot,exact_checkpoint,test,0,up,h0_oracle,h0_oracle_full_target_residual,activation_weighted_delta_norm,64,1,0.25,1,0.6509741725074512,0.6509741725074512,0.6509741725074512,61.0,243.0,15552.0,0.953125
pilot,exact_checkpoint,test,0,up,h0_oracle,h0_oracle_full_target_residual,activation_weighted_delta_norm,64,1,0.5,1,0.6509741725074512,0.6509741725074512,0.6509741725074512,61.0,243.0,15552.0,0.4765625
pilot,exact_checkpoint,test,0,up,h0_oracle,h0_oracle_full_target_residual,activation_weighted_delta_norm,64,1,0.75,1,0.6509741725074512,0.6509741725074512,0.6509741725074512,61.0,243.0,15552.0,0.3177083333333333
pilot,exact_checkpoint,test,0,up,h0_oracle,h0_oracle_full_target_residual,activation_weighted_delta_norm,64,1,1.0,1,0.6509741725074512,0.6509741725074512,0.6509741725074512,61.0,243.0,15552.0,0.23828125
pilot,exact_checkpoint,test,0,up,h0_oracle,h0_oracle_full_target_residual,activation_weighted_delta_norm,128,1,0.25,1,0.7168227644323858,0.7168227644323858,0.7168227644323858,119.0,530.0,33920.0,1.859375
pilot,exact_checkpoint,test,0,up,h0_oracle,h0_oracle_full_target_residual,activation_weighted_delta_norm,128,1,0.5,1,0.7168227644323858,0.7168227644323858,0.7168227644323858,119.0,530.0,33920.0,0.9296875
pilot,exact_checkpoint,test,0,up,h0_oracle,h0_oracle_full_target_residual,activation_weighted_delta_norm,128,1,0.75,1,0.7168227644323858,0.7168227644323858,0.7168227644323858,119.0,530.0,33920.0,0.6197916666666666
pilot,exact_checkpoint,test,0,up,h0_oracle,h0_oracle_full_target_residual,activation_weighted_delta_norm,128,1,1.0,1,0.7168227644323858,0.7168227644323858,0.7168227644323858,119.0,530.0,33920.0,0.46484375
pilot,exact_checkpoint,test,0,up,h0_oracle,h0_oracle_full_target_residual,activation_weighted_delta_norm,256,1,0.25,1,0.8436359929200353,0.8436359929200353,0.8436359929200353,210.0,848.0,54272.0,3.28125
pilot,exact_checkpoint,test,0,up,h0_oracle,h0_oracle_full_target_residual,activation_weighted_delta_norm,256,1,0.5,1,0.8436359929200353,0.8436359929200353,0.8436359929200353,210.0,848.0,54272.0,1.640625
pilot,exact_checkpoint,test,0,up,h0_oracle,h0_oracle_full_target_residual,activation_weighted_delta_norm,256,1,0.75,1,0.8436359929200353,0.8436359929200353,0.8436359929200353,210.0,848.0,54272.0,1.09375
pilot,exact_checkpoint,test,0,up,h0_oracle,h0_oracle_full_target_residual,activation_weighted_delta_norm,256,1,1.0,1,0.8436359929200353,0.8436359929200353,0.8436359929200353,210.0,848.0,54272.0,0.8203125
pilot,exact_checkpoint,test,0,up,h0_oracle,h0_oracle_full_target_residual,activation_weighted_delta_norm,384,1,0.25,1,0.912910331558022,0.912910331558022,0.912910331558022,287.0,1486.0,95104.0,4.484375
pilot,exact_checkpoint,test,0,up,h0_oracle,h0_oracle_full_target_residual,activation_weighted_delta_norm,384,1,0.5,1,0.912910331558022,0.912910331558022,0.912910331558022,287.0,1486.0,95104.0,2.2421875
pilot,exact_checkpoint,test,0,up,h0_oracle,h0_oracle_full_target_residual,activation_weighted_delta_norm,384,1,0.75,1,0.912910331558022,0.912910331558022,0.912910331558022,287.0,1486.0,95104.0,1.4947916666666667
pilot,exact_checkpoint,test,0,up,h0_oracle,h0_oracle_full_target_residual,activation_weighted_delta_norm,384,1,1.0,1,0.912910331558022,0.912910331558022,0.912910331558022,287.0,1486.0,95104.0,1.12109375
pilot,exact_checkpoint,test,0,up,h0_oracle,h0_oracle_full_target_residual,activation_weighted_delta_norm,512,1,0.25,1,0.9572436665076277,0.9572436665076277,0.9572436665076277,346.0,1015.0,64960.0,5.40625
pilot,exact_checkpoint,test,0,up,h0_oracle,h0_oracle_full_target_residual,activation_weighted_delta_norm,512,1,0.5,1,0.9572436665076277,0.9572436665076277,0.9572436665076277,346.0,1015.0,64960.0,2.703125
pilot,exact_checkpoint,test,0,up,h0_oracle,h0_oracle_full_target_residual,activation_weighted_delta_norm,512,1,0.75,1,0.9572436665076277,0.9572436665076277,0.9572436665076277,346.0,1015.0,64960.0,1.8020833333333333
pilot,exact_checkpoint,test,0,up,h0_oracle,h0_oracle_full_target_residual,activation_weighted_delta_norm,512,1,1.0,1,0.9572436665076277,0.9572436665076277,0.9572436665076277,346.0,1015.0,64960.0,1.3515625
pilot,exact_checkpoint,test,0,up,h0_oracle,h0_oracle_full_target_residual,activation_weighted_delta_norm,768,1,0.25,1,0.955256144515271,0.955256144515271,0.955256144515271,438.0,1151.0,73664.0,6.84375
pilot,exact_checkpoint,test,0,up,h0_oracle,h0_oracle_full_target_residual,activation_weighted_delta_norm,768,1,0.5,1,0.955256144515271,0.955256144515271,0.955256144515271,438.0,1151.0,73664.0,3.421875
pilot,exact_checkpoint,test,0,up,h0_oracle,h0_oracle_full_target_residual,activation_weighted_delta_norm,768,1,0.75,1,0.955256144515271,0.955256144515271,0.955256144515271,438.0,1151.0,73664.0,2.28125
pilot,exact_checkpoint,test,0,up,h0_oracle,h0_oracle_full_target_residual,activation_weighted_delta_norm,768,1,1.0,1,0.955256144515271,0.955256144515271,0.955256144515271,438.0,1151.0,73664.0,1.7109375
pilot,exact_checkpoint,test,0,up,h0_oracle,h0_oracle_full_target_residual,activation_weighted_delta_norm,1024,1,0.25,1,0.9295460085785948,0.9295460085785948,0.9295460085785948,479.0,1350.0,86400.0,7.484375
pilot,exact_checkpoint,test,0,up,h0_oracle,h0_oracle_full_target_residual,activation_weighted_delta_norm,1024,1,0.5,1,0.9295460085785948,0.9295460085785948,0.9295460085785948,479.0,1350.0,86400.0,3.7421875
pilot,exact_checkpoint,test,0,up,h0_oracle,h0_oracle_full_target_residual,activation_weighted_delta_norm,1024,1,0.75,1,0.9295460085785948,0.9295460085785948,0.9295460085785948,479.0,1350.0,86400.0,2.4947916666666665
pilot,exact_checkpoint,test,0,up,h0_oracle,h0_oracle_full_target_residual,activation_weighted_delta_norm,1024,1,1.0,1,0.9295460085785948,0.9295460085785948,0.9295460085785948,479.0,1350.0,86400.0,1.87109375
pilot,exact_checkpoint,test,0,up,h0_oracle,h0_oracle_full_target_residual,future_proxy_weighted,64,1,0.25,1,0.5916203206053893,0.5916203206053893,0.5916203206053893,59.0,262.0,16768.0,0.921875
pilot,exact_checkpoint,test,0,up,h0_oracle,h0_oracle_full_target_residual,future_proxy_weighted,64,1,0.5,1,0.5916203206053893,0.5916203206053893,0.5916203206053893,59.0,262.0,16768.0,0.4609375
pilot,exact_checkpoint,test,0,up,h0_oracle,h0_oracle_full_target_residual,future_proxy_weighted,64,1,0.75,1,0.5916203206053893,0.5916203206053893,0.5916203206053893,59.0,262.0,16768.0,0.3072916666666667
pilot,exact_checkpoint,test,0,up,h0_oracle,h0_oracle_full_target_residual,future_proxy_weighted,64,1,1.0,1,0.5916203206053893,0.5916203206053893,0.5916203206053893,59.0,262.0,16768.0,0.23046875
pilot,exact_checkpoint,test,0,up,h0_oracle,h0_oracle_full_target_residual,future_proxy_weighted,128,1,0.25,1,0.6623085121356479,0.6623085121356479,0.6623085121356479,116.0,431.0,27584.0,1.8125
pilot,exact_checkpoint,test,0,up,h0_oracle,h0_oracle_full_target_residual,future_proxy_weighted,128,1,0.5,1,0.6623085121356479,0.6623085121356479,0.6623085121356479,116.0,431.0,27584.0,0.90625
pilot,exact_checkpoint,test,0,up,h0_oracle,h0_oracle_full_target_residual,future_proxy_weighted,128,1,0.75,1,0.6623085121356479,0.6623085121356479,0.6623085121356479,116.0,431.0,27584.0,0.6041666666666666
pilot,exact_checkpoint,test,0,up,h0_oracle,h0_oracle_full_target_residual,future_proxy_weighted,128,1,1.0,1,0.6623085121356479,0.6623085121356479,0.6623085121356479,116.0,431.0,27584.0,0.453125
pilot,exact_checkpoint,test,0,up,h0_oracle,h0_oracle_full_target_residual,future_proxy_weighted,256,1,0.25,1,0.8593236051360376,0.8593236051360376,0.8593236051360376,213.0,871.0,55744.0,3.328125
pilot,exact_checkpoint,test,0,up,h0_oracle,h0_oracle_full_target_residual,future_proxy_weighted,256,1,0.5,1,0.8593236051360376,0.8593236051360376,0.8593236051360376,213.0,871.0,55744.0,1.6640625
pilot,exact_checkpoint,test,0,up,h0_oracle,h0_oracle_full_target_residual,future_proxy_weighted,256,1,0.75,1,0.8593236051360376,0.8593236051360376,0.8593236051360376,213.0,871.0,55744.0,1.109375
pilot,exact_checkpoint,test,0,up,h0_oracle,h0_oracle_full_target_residual,future_proxy_weighted,256,1,1.0,1,0.8593236051360376,0.8593236051360376,0.8593236051360376,213.0,871.0,55744.0,0.83203125
pilot,exact_checkpoint,test,0,up,h0_oracle,h0_oracle_full_target_residual,future_proxy_weighted,384,1,0.25,1,0.9282216032965963,0.9282216032965963,0.9282216032965963,291.0,1108.0,70912.0,4.546875
pilot,exact_checkpoint,test,0,up,h0_oracle,h0_oracle_full_target_residual,future_proxy_weighted,384,1,0.5,1,0.9282216032965963,0.9282216032965963,0.9282216032965963,291.0,1108.0,70912.0,2.2734375
pilot,exact_checkpoint,test,0,up,h0_oracle,h0_oracle_full_target_residual,future_proxy_weighted,384,1,0.75,1,0.9282216032965963,0.9282216032965963,0.9282216032965963,291.0,1108.0,70912.0,1.515625
pilot,exact_checkpoint,test,0,up,h0_oracle,h0_oracle_full_target_residual,future_proxy_weighted,384,1,1.0,1,0.9282216032965963,0.9282216032965963,0.9282216032965963,291.0,1108.0,70912.0,1.13671875
pilot,exact_checkpoint,test,0,up,h0_oracle,h0_oracle_full_target_residual,future_proxy_weighted,512,1,0.25,1,0.9334432749252617,0.9334432749252617,0.9334432749252617,357.0,1389.0,88896.0,5.578125
pilot,exact_checkpoint,test,0,up,h0_oracle,h0_oracle_full_target_residual,future_proxy_weighted,512,1,0.5,1,0.9334432749252617,0.9334432749252617,0.9334432749252617,357.0,1389.0,88896.0,2.7890625
pilot,exact_checkpoint,test,0,up,h0_oracle,h0_oracle_full_target_residual,future_proxy_weighted,512,1,0.75,1,0.9334432749252617,0.9334432749252617,0.9334432749252617,357.0,1389.0,88896.0,1.859375
pilot,exact_checkpoint,test,0,up,h0_oracle,h0_oracle_full_target_residual,future_proxy_weighted,512,1,1.0,1,0.9334432749252617,0.9334432749252617,0.9334432749252617,357.0,1389.0,88896.0,1.39453125
pilot,exact_checkpoint,test,0,up,h0_oracle,h0_oracle_full_target_residual,future_proxy_weighted,768,1,0.25,1,0.967276098836256,0.967276098836256,0.967276098836256,437.0,1210.0,77440.0,6.828125
pilot,exact_checkpoint,test,0,up,h0_oracle,h0_oracle_full_target_residual,future_proxy_weighted,768,1,0.5,1,0.967276098836256,0.967276098836256,0.967276098836256,437.0,1210.0,77440.0,3.4140625
pilot,exact_checkpoint,test,0,up,h0_oracle,h0_oracle_full_target_residual,future_proxy_weighted,768,1,0.75,1,0.967276098836256,0.967276098836256,0.967276098836256,437.0,1210.0,77440.0,2.2760416666666665
pilot,exact_checkpoint,test,0,up,h0_oracle,h0_oracle_full_target_residual,future_proxy_weighted,768,1,1.0,1,0.967276098836256,0.967276098836256,0.967276098836256,437.0,1210.0,77440.0,1.70703125
pilot,exact_checkpoint,test,0,up,h0_oracle,h0_oracle_full_target_residual,future_proxy_weighted,1024,1,0.25,1,1.0087245936155775,1.0087245936155775,1.0087245936155775,481.0,1094.0,70016.0,7.515625
pilot,exact_checkpoint,test,0,up,h0_oracle,h0_oracle_full_target_residual,future_proxy_weighted,1024,1,0.5,1,1.0087245936155775,1.0087245936155775,1.0087245936155775,481.0,1094.0,70016.0,3.7578125
pilot,exact_checkpoint,test,0,up,h0_oracle,h0_oracle_full_target_residual,future_proxy_weighted,1024,1,0.75,1,1.0087245936155775,1.0087245936155775,1.0087245936155775,481.0,1094.0,70016.0,2.5052083333333335
pilot,exact_checkpoint,test,0,up,h0_oracle,h0_oracle_full_target_residual,future_proxy_weighted,1024,1,1.0,1,1.0087245936155775,1.0087245936155775,1.0087245936155775,481.0,1094.0,70016.0,1.87890625
pilot,exact_checkpoint,test,4,gate,h0_oracle,h0_oracle_full_target_residual,abs_activation,64,1,0.25,1,0.47454430936931097,0.47454430936931097,0.47454430936931097,62.0,432.0,27648.0,0.96875
pilot,exact_checkpoint,test,4,gate,h0_oracle,h0_oracle_full_target_residual,abs_activation,64,1,0.5,1,0.47454430936931097,0.47454430936931097,0.47454430936931097,62.0,432.0,27648.0,0.484375
pilot,exact_checkpoint,test,4,gate,h0_oracle,h0_oracle_full_target_residual,abs_activation,64,1,0.75,1,0.47454430936931097,0.47454430936931097,0.47454430936931097,62.0,432.0,27648.0,0.3229166666666667
pilot,exact_checkpoint,test,4,gate,h0_oracle,h0_oracle_full_target_residual,abs_activation,64,1,1.0,1,0.47454430936931097,0.47454430936931097,0.47454430936931097,62.0,432.0,27648.0,0.2421875
pilot,exact_checkpoint,test,4,gate,h0_oracle,h0_oracle_full_target_residual,abs_activation,128,1,0.25,1,0.5734581303446974,0.5734581303446974,0.5734581303446974,121.0,664.0,42496.0,1.890625
pilot,exact_checkpoint,test,4,gate,h0_oracle,h0_oracle_full_target_residual,abs_activation,128,1,0.5,1,0.5734581303446974,0.5734581303446974,0.5734581303446974,121.0,664.0,42496.0,0.9453125
pilot,exact_checkpoint,test,4,gate,h0_oracle,h0_oracle_full_target_residual,abs_activation,128,1,0.75,1,0.5734581303446974,0.5734581303446974,0.5734581303446974,121.0,664.0,42496.0,0.6302083333333334
pilot,exact_checkpoint,test,4,gate,h0_oracle,h0_oracle_full_target_residual,abs_activation,128,1,1.0,1,0.5734581303446974,0.5734581303446974,0.5734581303446974,121.0,664.0,42496.0,0.47265625
pilot,exact_checkpoint,test,4,gate,h0_oracle,h0_oracle_full_target_residual,abs_activation,256,1,0.25,1,0.7759843596127648,0.7759843596127648,0.7759843596127648,218.0,1292.0,82688.0,3.40625
pilot,exact_checkpoint,test,4,gate,h0_oracle,h0_oracle_full_target_residual,abs_activation,256,1,0.5,1,0.7759843596127648,0.7759843596127648,0.7759843596127648,218.0,1292.0,82688.0,1.703125
pilot,exact_checkpoint,test,4,gate,h0_oracle,h0_oracle_full_target_residual,abs_activation,256,1,0.75,1,0.7759843596127648,0.7759843596127648,0.7759843596127648,218.0,1292.0,82688.0,1.1354166666666667
pilot,exact_checkpoint,test,4,gate,h0_oracle,h0_oracle_full_target_residual,abs_activation,256,1,1.0,1,0.7759843596127648,0.7759843596127648,0.7759843596127648,218.0,1292.0,82688.0,0.8515625
pilot,exact_checkpoint,test,4,gate,h0_oracle,h0_oracle_full_target_residual,abs_activation,384,1,0.25,1,0.6124589285958328,0.6124589285958328,0.6124589285958328,293.0,1453.0,92992.0,4.578125
pilot,exact_checkpoint,test,4,gate,h0_oracle,h0_oracle_full_target_residual,abs_activation,384,1,0.5,1,0.6124589285958328,0.6124589285958328,0.6124589285958328,293.0,1453.0,92992.0,2.2890625
pilot,exact_checkpoint,test,4,gate,h0_oracle,h0_oracle_full_target_residual,abs_activation,384,1,0.75,1,0.6124589285958328,0.6124589285958328,0.6124589285958328,293.0,1453.0,92992.0,1.5260416666666667
pilot,exact_checkpoint,test,4,gate,h0_oracle,h0_oracle_full_target_residual,abs_activation,384,1,1.0,1,0.6124589285958328,0.6124589285958328,0.6124589285958328,293.0,1453.0,92992.0,1.14453125
pilot,exact_checkpoint,test,4,gate,h0_oracle,h0_oracle_full_target_residual,abs_activation,512,1,0.25,1,0.7242594644514728,0.7242594644514728,0.7242594644514728,349.0,1778.0,113792.0,5.453125
pilot,exact_checkpoint,test,4,gate,h0_oracle,h0_oracle_full_target_residual,abs_activation,512,1,0.5,1,0.7242594644514728,0.7242594644514728,0.7242594644514728,349.0,1778.0,113792.0,2.7265625
pilot,exact_checkpoint,test,4,gate,h0_oracle,h0_oracle_full_target_residual,abs_activation,512,1,0.75,1,0.7242594644514728,0.7242594644514728,0.7242594644514728,349.0,1778.0,113792.0,1.8177083333333333
pilot,exact_checkpoint,test,4,gate,h0_oracle,h0_oracle_full_target_residual,abs_activation,512,1,1.0,1,0.7242594644514728,0.7242594644514728,0.7242594644514728,349.0,1778.0,113792.0,1.36328125
pilot,exact_checkpoint,test,4,gate,h0_oracle,h0_oracle_full_target_residual,abs_activation,768,1,0.25,1,-0.3477273139741809,-0.3477273139741809,-0.3477273139741809,437.0,3479.0,222656.0,6.828125
pilot,exact_checkpoint,test,4,gate,h0_oracle,h0_oracle_full_target_residual,abs_activation,768,1,0.5,1,-0.3477273139741809,-0.3477273139741809,-0.3477273139741809,437.0,3479.0,222656.0,3.4140625
pilot,exact_checkpoint,test,4,gate,h0_oracle,h0_oracle_full_target_residual,abs_activation,768,1,0.75,1,-0.3477273139741809,-0.3477273139741809,-0.3477273139741809,437.0,3479.0,222656.0,2.2760416666666665
pilot,exact_checkpoint,test,4,gate,h0_oracle,h0_oracle_full_target_residual,abs_activation,768,1,1.0,1,-0.3477273139741809,-0.3477273139741809,-0.3477273139741809,437.0,3479.0,222656.0,1.70703125
pilot,exact_checkpoint,test,4,gate,h0_oracle,h0_oracle_full_target_residual,abs_activation,1024,1,0.25,1,0.0,0.0,0.0,481.0,3848.0,246272.0,7.515625
pilot,exact_checkpoint,test,4,gate,h0_oracle,h0_oracle_full_target_residual,abs_activation,1024,1,0.5,1,0.0,0.0,0.0,481.0,3848.0,246272.0,3.7578125
pilot,exact_checkpoint,test,4,gate,h0_oracle,h0_oracle_full_target_residual,abs_activation,1024,1,0.75,1,0.0,0.0,0.0,481.0,3848.0,246272.0,2.5052083333333335
pilot,exact_checkpoint,test,4,gate,h0_oracle,h0_oracle_full_target_residual,abs_activation,1024,1,1.0,1,0.0,0.0,0.0,481.0,3848.0,246272.0,1.87890625
pilot,exact_checkpoint,test,4,gate,h0_oracle,h0_oracle_full_target_residual,activation_weighted_delta_norm,64,1,0.25,1,0.6314321827011163,0.6314321827011163,0.6314321827011163,62.0,395.0,25280.0,0.96875
pilot,exact_checkpoint,test,4,gate,h0_oracle,h0_oracle_full_target_residual,activation_weighted_delta_norm,64,1,0.5,1,0.6314321827011163,0.6314321827011163,0.6314321827011163,62.0,395.0,25280.0,0.484375
pilot,exact_checkpoint,test,4,gate,h0_oracle,h0_oracle_full_target_residual,activation_weighted_delta_norm,64,1,0.75,1,0.6314321827011163,0.6314321827011163,0.6314321827011163,62.0,395.0,25280.0,0.3229166666666667
pilot,exact_checkpoint,test,4,gate,h0_oracle,h0_oracle_full_target_residual,activation_weighted_delta_norm,64,1,1.0,1,0.6314321827011163,0.6314321827011163,0.6314321827011163,62.0,395.0,25280.0,0.2421875
pilot,exact_checkpoint,test,4,gate,h0_oracle,h0_oracle_full_target_residual,activation_weighted_delta_norm,128,1,0.25,1,0.6347569406885899,0.6347569406885899,0.6347569406885899,121.0,648.0,41472.0,1.890625
pilot,exact_checkpoint,test,4,gate,h0_oracle,h0_oracle_full_target_residual,activation_weighted_delta_norm,128,1,0.5,1,0.6347569406885899,0.6347569406885899,0.6347569406885899,121.0,648.0,41472.0,0.9453125
pilot,exact_checkpoint,test,4,gate,h0_oracle,h0_oracle_full_target_residual,activation_weighted_delta_norm,128,1,0.75,1,0.6347569406885899,0.6347569406885899,0.6347569406885899,121.0,648.0,41472.0,0.6302083333333334
pilot,exact_checkpoint,test,4,gate,h0_oracle,h0_oracle_full_target_residual,activation_weighted_delta_norm,128,1,1.0,1,0.6347569406885899,0.6347569406885899,0.6347569406885899,121.0,648.0,41472.0,0.47265625
pilot,exact_checkpoint,test,4,gate,h0_oracle,h0_oracle_full_target_residual,activation_weighted_delta_norm,256,1,0.25,1,0.6948394267229087,0.6948394267229087,0.6948394267229087,218.0,1263.0,80832.0,3.40625
pilot,exact_checkpoint,test,4,gate,h0_oracle,h0_oracle_full_target_residual,activation_weighted_delta_norm,256,1,0.5,1,0.6948394267229087,0.6948394267229087,0.6948394267229087,218.0,1263.0,80832.0,1.703125
pilot,exact_checkpoint,test,4,gate,h0_oracle,h0_oracle_full_target_residual,activation_weighted_delta_norm,256,1,0.75,1,0.6948394267229087,0.6948394267229087,0.6948394267229087,218.0,1263.0,80832.0,1.1354166666666667
pilot,exact_checkpoint,test,4,gate,h0_oracle,h0_oracle_full_target_residual,activation_weighted_delta_norm,256,1,1.0,1,0.6948394267229087,0.6948394267229087,0.6948394267229087,218.0,1263.0,80832.0,0.8515625
pilot,exact_checkpoint,test,4,gate,h0_oracle,h0_oracle_full_target_residual,activation_weighted_delta_norm,384,1,0.25,1,0.6151726211938139,0.6151726211938139,0.6151726211938139,294.0,1375.0,88000.0,4.59375
pilot,exact_checkpoint,test,4,gate,h0_oracle,h0_oracle_full_target_residual,activation_weighted_delta_norm,384,1,0.5,1,0.6151726211938139,0.6151726211938139,0.6151726211938139,294.0,1375.0,88000.0,2.296875
pilot,exact_checkpoint,test,4,gate,h0_oracle,h0_oracle_full_target_residual,activation_weighted_delta_norm,384,1,0.75,1,0.6151726211938139,0.6151726211938139,0.6151726211938139,294.0,1375.0,88000.0,1.53125
pilot,exact_checkpoint,test,4,gate,h0_oracle,h0_oracle_full_target_residual,activation_weighted_delta_norm,384,1,1.0,1,0.6151726211938139,0.6151726211938139,0.6151726211938139,294.0,1375.0,88000.0,1.1484375
pilot,exact_checkpoint,test,4,gate,h0_oracle,h0_oracle_full_target_residual,activation_weighted_delta_norm,512,1,0.25,1,0.733263224933072,0.733263224933072,0.733263224933072,351.0,1981.0,126784.0,5.484375
pilot,exact_checkpoint,test,4,gate,h0_oracle,h0_oracle_full_target_residual,activation_weighted_delta_norm,512,1,0.5,1,0.733263224933072,0.733263224933072,0.733263224933072,351.0,1981.0,126784.0,2.7421875
pilot,exact_checkpoint,test,4,gate,h0_oracle,h0_oracle_full_target_residual,activation_weighted_delta_norm,512,1,0.75,1,0.733263224933072,0.733263224933072,0.733263224933072,351.0,1981.0,126784.0,1.828125
pilot,exact_checkpoint,test,4,gate,h0_oracle,h0_oracle_full_target_residual,activation_weighted_delta_norm,512,1,1.0,1,0.733263224933072,0.733263224933072,0.733263224933072,351.0,1981.0,126784.0,1.37109375
pilot,exact_checkpoint,test,4,gate,h0_oracle,h0_oracle_full_target_residual,activation_weighted_delta_norm,768,1,0.25,1,0.3128343077442073,0.3128343077442073,0.3128343077442073,436.0,3469.0,222016.0,6.8125
pilot,exact_checkpoint,test,4,gate,h0_oracle,h0_oracle_full_target_residual,activation_weighted_delta_norm,768,1,0.5,1,0.3128343077442073,0.3128343077442073,0.3128343077442073,436.0,3469.0,222016.0,3.40625
pilot,exact_checkpoint,test,4,gate,h0_oracle,h0_oracle_full_target_residual,activation_weighted_delta_norm,768,1,0.75,1,0.3128343077442073,0.3128343077442073,0.3128343077442073,436.0,3469.0,222016.0,2.2708333333333335
pilot,exact_checkpoint,test,4,gate,h0_oracle,h0_oracle_full_target_residual,activation_weighted_delta_norm,768,1,1.0,1,0.3128343077442073,0.3128343077442073,0.3128343077442073,436.0,3469.0,222016.0,1.703125
pilot,exact_checkpoint,test,4,gate,h0_oracle,h0_oracle_full_target_residual,activation_weighted_delta_norm,1024,1,0.25,1,0.0,0.0,0.0,480.0,3835.0,245440.0,7.5
pilot,exact_checkpoint,test,4,gate,h0_oracle,h0_oracle_full_target_residual,activation_weighted_delta_norm,1024,1,0.5,1,0.0,0.0,0.0,480.0,3835.0,245440.0,3.75
pilot,exact_checkpoint,test,4,gate,h0_oracle,h0_oracle_full_target_residual,activation_weighted_delta_norm,1024,1,0.75,1,0.0,0.0,0.0,480.0,3835.0,245440.0,2.5
pilot,exact_checkpoint,test,4,gate,h0_oracle,h0_oracle_full_target_residual,activation_weighted_delta_norm,1024,1,1.0,1,0.0,0.0,0.0,480.0,3835.0,245440.0,1.875
pilot,exact_checkpoint,test,4,gate,h0_oracle,h0_oracle_full_target_residual,future_proxy_weighted,64,1,0.25,1,0.24467203486103514,0.24467203486103514,0.24467203486103514,63.0,313.0,20032.0,0.984375
pilot,exact_checkpoint,test,4,gate,h0_oracle,h0_oracle_full_target_residual,future_proxy_weighted,64,1,0.5,1,0.24467203486103514,0.24467203486103514,0.24467203486103514,63.0,313.0,20032.0,0.4921875
pilot,exact_checkpoint,test,4,gate,h0_oracle,h0_oracle_full_target_residual,future_proxy_weighted,64,1,0.75,1,0.24467203486103514,0.24467203486103514,0.24467203486103514,63.0,313.0,20032.0,0.328125
pilot,exact_checkpoint,test,4,gate,h0_oracle,h0_oracle_full_target_residual,future_proxy_weighted,64,1,1.0,1,0.24467203486103514,0.24467203486103514,0.24467203486103514,63.0,313.0,20032.0,0.24609375
pilot,exact_checkpoint,test,4,gate,h0_oracle,h0_oracle_full_target_residual,future_proxy_weighted,128,1,0.25,1,0.49901335217848153,0.49901335217848153,0.49901335217848153,120.0,808.0,51712.0,1.875
pilot,exact_checkpoint,test,4,gate,h0_oracle,h0_oracle_full_target_residual,future_proxy_weighted,128,1,0.5,1,0.49901335217848153,0.49901335217848153,0.49901335217848153,120.0,808.0,51712.0,0.9375
pilot,exact_checkpoint,test,4,gate,h0_oracle,h0_oracle_full_target_residual,future_proxy_weighted,128,1,0.75,1,0.49901335217848153,0.49901335217848153,0.49901335217848153,120.0,808.0,51712.0,0.625
pilot,exact_checkpoint,test,4,gate,h0_oracle,h0_oracle_full_target_residual,future_proxy_weighted,128,1,1.0,1,0.49901335217848153,0.49901335217848153,0.49901335217848153,120.0,808.0,51712.0,0.46875
pilot,exact_checkpoint,test,4,gate,h0_oracle,h0_oracle_full_target_residual,future_proxy_weighted,256,1,0.25,1,0.6413711299091323,0.6413711299091323,0.6413711299091323,219.0,1312.0,83968.0,3.421875
pilot,exact_checkpoint,test,4,gate,h0_oracle,h0_oracle_full_target_residual,future_proxy_weighted,256,1,0.5,1,0.6413711299091323,0.6413711299091323,0.6413711299091323,219.0,1312.0,83968.0,1.7109375
pilot,exact_checkpoint,test,4,gate,h0_oracle,h0_oracle_full_target_residual,future_proxy_weighted,256,1,0.75,1,0.6413711299091323,0.6413711299091323,0.6413711299091323,219.0,1312.0,83968.0,1.140625
pilot,exact_checkpoint,test,4,gate,h0_oracle,h0_oracle_full_target_residual,future_proxy_weighted,256,1,1.0,1,0.6413711299091323,0.6413711299091323,0.6413711299091323,219.0,1312.0,83968.0,0.85546875
pilot,exact_checkpoint,test,4,gate,h0_oracle,h0_oracle_full_target_residual,future_proxy_weighted,384,1,0.25,1,0.5333313974951635,0.5333313974951635,0.5333313974951635,285.0,1558.0,99712.0,4.453125
pilot,exact_checkpoint,test,4,gate,h0_oracle,h0_oracle_full_target_residual,future_proxy_weighted,384,1,0.5,1,0.5333313974951635,0.5333313974951635,0.5333313974951635,285.0,1558.0,99712.0,2.2265625
pilot,exact_checkpoint,test,4,gate,h0_oracle,h0_oracle_full_target_residual,future_proxy_weighted,384,1,0.75,1,0.5333313974951635,0.5333313974951635,0.5333313974951635,285.0,1558.0,99712.0,1.484375
pilot,exact_checkpoint,test,4,gate,h0_oracle,h0_oracle_full_target_residual,future_proxy_weighted,384,1,1.0,1,0.5333313974951635,0.5333313974951635,0.5333313974951635,285.0,1558.0,99712.0,1.11328125
pilot,exact_checkpoint,test,4,gate,h0_oracle,h0_oracle_full_target_residual,future_proxy_weighted,512,1,0.25,1,0.8264985499687466,0.8264985499687466,0.8264985499687466,351.0,1557.0,99648.0,5.484375
pilot,exact_checkpoint,test,4,gate,h0_oracle,h0_oracle_full_target_residual,future_proxy_weighted,512,1,0.5,1,0.8264985499687466,0.8264985499687466,0.8264985499687466,351.0,1557.0,99648.0,2.7421875
pilot,exact_checkpoint,test,4,gate,h0_oracle,h0_oracle_full_target_residual,future_proxy_weighted,512,1,0.75,1,0.8264985499687466,0.8264985499687466,0.8264985499687466,351.0,1557.0,99648.0,1.828125
pilot,exact_checkpoint,test,4,gate,h0_oracle,h0_oracle_full_target_residual,future_proxy_weighted,512,1,1.0,1,0.8264985499687466,0.8264985499687466,0.8264985499687466,351.0,1557.0,99648.0,1.37109375
pilot,exact_checkpoint,test,4,gate,h0_oracle,h0_oracle_full_target_residual,future_proxy_weighted,768,1,0.25,1,0.5865050771177549,0.5865050771177549,0.5865050771177549,433.0,3455.0,221120.0,6.765625
pilot,exact_checkpoint,test,4,gate,h0_oracle,h0_oracle_full_target_residual,future_proxy_weighted,768,1,0.5,1,0.5865050771177549,0.5865050771177549,0.5865050771177549,433.0,3455.0,221120.0,3.3828125
pilot,exact_checkpoint,test,4,gate,h0_oracle,h0_oracle_full_target_residual,future_proxy_weighted,768,1,0.75,1,0.5865050771177549,0.5865050771177549,0.5865050771177549,433.0,3455.0,221120.0,2.2552083333333335
pilot,exact_checkpoint,test,4,gate,h0_oracle,h0_oracle_full_target_residual,future_proxy_weighted,768,1,1.0,1,0.5865050771177549,0.5865050771177549,0.5865050771177549,433.0,3455.0,221120.0,1.69140625
pilot,exact_checkpoint,test,4,gate,h0_oracle,h0_oracle_full_target_residual,future_proxy_weighted,1024,1,0.25,1,0.0,0.0,0.0,479.0,3830.0,245120.0,7.484375
pilot,exact_checkpoint,test,4,gate,h0_oracle,h0_oracle_full_target_residual,future_proxy_weighted,1024,1,0.5,1,0.0,0.0,0.0,479.0,3830.0,245120.0,3.7421875
pilot,exact_checkpoint,test,4,gate,h0_oracle,h0_oracle_full_target_residual,future_proxy_weighted,1024,1,0.75,1,0.0,0.0,0.0,479.0,3830.0,245120.0,2.4947916666666665
pilot,exact_checkpoint,test,4,gate,h0_oracle,h0_oracle_full_target_residual,future_proxy_weighted,1024,1,1.0,1,0.0,0.0,0.0,479.0,3830.0,245120.0,1.87109375
pilot,exact_checkpoint,test,4,up,h0_oracle,h0_oracle_full_target_residual,abs_activation,64,1,0.25,1,0.4905576130450319,0.4905576130450319,0.4905576130450319,62.0,282.0,18048.0,0.96875
pilot,exact_checkpoint,test,4,up,h0_oracle,h0_oracle_full_target_residual,abs_activation,64,1,0.5,1,0.4905576130450319,0.4905576130450319,0.4905576130450319,62.0,282.0,18048.0,0.484375
pilot,exact_checkpoint,test,4,up,h0_oracle,h0_oracle_full_target_residual,abs_activation,64,1,0.75,1,0.4905576130450319,0.4905576130450319,0.4905576130450319,62.0,282.0,18048.0,0.3229166666666667
pilot,exact_checkpoint,test,4,up,h0_oracle,h0_oracle_full_target_residual,abs_activation,64,1,1.0,1,0.4905576130450319,0.4905576130450319,0.4905576130450319,62.0,282.0,18048.0,0.2421875
pilot,exact_checkpoint,test,4,up,h0_oracle,h0_oracle_full_target_residual,abs_activation,128,1,0.25,1,0.4890649624305784,0.4890649624305784,0.4890649624305784,121.0,648.0,41472.0,1.890625
pilot,exact_checkpoint,test,4,up,h0_oracle,h0_oracle_full_target_residual,abs_activation,128,1,0.5,1,0.4890649624305784,0.4890649624305784,0.4890649624305784,121.0,648.0,41472.0,0.9453125
pilot,exact_checkpoint,test,4,up,h0_oracle,h0_oracle_full_target_residual,abs_activation,128,1,0.75,1,0.4890649624305784,0.4890649624305784,0.4890649624305784,121.0,648.0,41472.0,0.6302083333333334
pilot,exact_checkpoint,test,4,up,h0_oracle,h0_oracle_full_target_residual,abs_activation,128,1,1.0,1,0.4890649624305784,0.4890649624305784,0.4890649624305784,121.0,648.0,41472.0,0.47265625
pilot,exact_checkpoint,test,4,up,h0_oracle,h0_oracle_full_target_residual,abs_activation,256,1,0.25,1,0.7733739707631738,0.7733739707631738,0.7733739707631738,218.0,1072.0,68608.0,3.40625
pilot,exact_checkpoint,test,4,up,h0_oracle,h0_oracle_full_target_residual,abs_activation,256,1,0.5,1,0.7733739707631738,0.7733739707631738,0.7733739707631738,218.0,1072.0,68608.0,1.703125
pilot,exact_checkpoint,test,4,up,h0_oracle,h0_oracle_full_target_residual,abs_activation,256,1,0.75,1,0.7733739707631738,0.7733739707631738,0.7733739707631738,218.0,1072.0,68608.0,1.1354166666666667
pilot,exact_checkpoint,test,4,up,h0_oracle,h0_oracle_full_target_residual,abs_activation,256,1,1.0,1,0.7733739707631738,0.7733739707631738,0.7733739707631738,218.0,1072.0,68608.0,0.8515625
pilot,exact_checkpoint,test,4,up,h0_oracle,h0_oracle_full_target_residual,abs_activation,384,1,0.25,1,0.85965397520502,0.85965397520502,0.85965397520502,293.0,1395.0,89280.0,4.578125
pilot,exact_checkpoint,test,4,up,h0_oracle,h0_oracle_full_target_residual,abs_activation,384,1,0.5,1,0.85965397520502,0.85965397520502,0.85965397520502,293.0,1395.0,89280.0,2.2890625
pilot,exact_checkpoint,test,4,up,h0_oracle,h0_oracle_full_target_residual,abs_activation,384,1,0.75,1,0.85965397520502,0.85965397520502,0.85965397520502,293.0,1395.0,89280.0,1.5260416666666667
pilot,exact_checkpoint,test,4,up,h0_oracle,h0_oracle_full_target_residual,abs_activation,384,1,1.0,1,0.85965397520502,0.85965397520502,0.85965397520502,293.0,1395.0,89280.0,1.14453125
pilot,exact_checkpoint,test,4,up,h0_oracle,h0_oracle_full_target_residual,abs_activation,512,1,0.25,1,0.8156626965442534,0.8156626965442534,0.8156626965442534,349.0,1388.0,88832.0,5.453125
pilot,exact_checkpoint,test,4,up,h0_oracle,h0_oracle_full_target_residual,abs_activation,512,1,0.5,1,0.8156626965442534,0.8156626965442534,0.8156626965442534,349.0,1388.0,88832.0,2.7265625
pilot,exact_checkpoint,test,4,up,h0_oracle,h0_oracle_full_target_residual,abs_activation,512,1,0.75,1,0.8156626965442534,0.8156626965442534,0.8156626965442534,349.0,1388.0,88832.0,1.8177083333333333
pilot,exact_checkpoint,test,4,up,h0_oracle,h0_oracle_full_target_residual,abs_activation,512,1,1.0,1,0.8156626965442534,0.8156626965442534,0.8156626965442534,349.0,1388.0,88832.0,1.36328125
pilot,exact_checkpoint,test,4,up,h0_oracle,h0_oracle_full_target_residual,abs_activation,768,1,0.25,1,0.8787079600091682,0.8787079600091682,0.8787079600091682,437.0,1874.0,119936.0,6.828125
pilot,exact_checkpoint,test,4,up,h0_oracle,h0_oracle_full_target_residual,abs_activation,768,1,0.5,1,0.8787079600091682,0.8787079600091682,0.8787079600091682,437.0,1874.0,119936.0,3.4140625
pilot,exact_checkpoint,test,4,up,h0_oracle,h0_oracle_full_target_residual,abs_activation,768,1,0.75,1,0.8787079600091682,0.8787079600091682,0.8787079600091682,437.0,1874.0,119936.0,2.2760416666666665
pilot,exact_checkpoint,test,4,up,h0_oracle,h0_oracle_full_target_residual,abs_activation,768,1,1.0,1,0.8787079600091682,0.8787079600091682,0.8787079600091682,437.0,1874.0,119936.0,1.70703125
pilot,exact_checkpoint,test,4,up,h0_oracle,h0_oracle_full_target_residual,abs_activation,1024,1,0.25,1,0.0,0.0,0.0,481.0,3841.0,245824.0,7.515625
pilot,exact_checkpoint,test,4,up,h0_oracle,h0_oracle_full_target_residual,abs_activation,1024,1,0.5,1,0.0,0.0,0.0,481.0,3841.0,245824.0,3.7578125
pilot,exact_checkpoint,test,4,up,h0_oracle,h0_oracle_full_target_residual,abs_activation,1024,1,0.75,1,0.0,0.0,0.0,481.0,3841.0,245824.0,2.5052083333333335
pilot,exact_checkpoint,test,4,up,h0_oracle,h0_oracle_full_target_residual,abs_activation,1024,1,1.0,1,0.0,0.0,0.0,481.0,3841.0,245824.0,1.87890625
pilot,exact_checkpoint,test,4,up,h0_oracle,h0_oracle_full_target_residual,activation_weighted_delta_norm,64,1,0.25,1,0.49558247038840464,0.49558247038840464,0.49558247038840464,61.0,287.0,18368.0,0.953125
pilot,exact_checkpoint,test,4,up,h0_oracle,h0_oracle_full_target_residual,activation_weighted_delta_norm,64,1,0.5,1,0.49558247038840464,0.49558247038840464,0.49558247038840464,61.0,287.0,18368.0,0.4765625
pilot,exact_checkpoint,test,4,up,h0_oracle,h0_oracle_full_target_residual,activation_weighted_delta_norm,64,1,0.75,1,0.49558247038840464,0.49558247038840464,0.49558247038840464,61.0,287.0,18368.0,0.3177083333333333
pilot,exact_checkpoint,test,4,up,h0_oracle,h0_oracle_full_target_residual,activation_weighted_delta_norm,64,1,1.0,1,0.49558247038840464,0.49558247038840464,0.49558247038840464,61.0,287.0,18368.0,0.23828125
pilot,exact_checkpoint,test,4,up,h0_oracle,h0_oracle_full_target_residual,activation_weighted_delta_norm,128,1,0.25,1,0.5761480078921636,0.5761480078921636,0.5761480078921636,120.0,620.0,39680.0,1.875
pilot,exact_checkpoint,test,4,up,h0_oracle,h0_oracle_full_target_residual,activation_weighted_delta_norm,128,1,0.5,1,0.5761480078921636,0.5761480078921636,0.5761480078921636,120.0,620.0,39680.0,0.9375
pilot,exact_checkpoint,test,4,up,h0_oracle,h0_oracle_full_target_residual,activation_weighted_delta_norm,128,1,0.75,1,0.5761480078921636,0.5761480078921636,0.5761480078921636,120.0,620.0,39680.0,0.625
pilot,exact_checkpoint,test,4,up,h0_oracle,h0_oracle_full_target_residual,activation_weighted_delta_norm,128,1,1.0,1,0.5761480078921636,0.5761480078921636,0.5761480078921636,120.0,620.0,39680.0,0.46875
pilot,exact_checkpoint,test,4,up,h0_oracle,h0_oracle_full_target_residual,activation_weighted_delta_norm,256,1,0.25,1,0.7799591379270049,0.7799591379270049,0.7799591379270049,218.0,1022.0,65408.0,3.40625
pilot,exact_checkpoint,test,4,up,h0_oracle,h0_oracle_full_target_residual,activation_weighted_delta_norm,256,1,0.5,1,0.7799591379270049,0.7799591379270049,0.7799591379270049,218.0,1022.0,65408.0,1.703125
pilot,exact_checkpoint,test,4,up,h0_oracle,h0_oracle_full_target_residual,activation_weighted_delta_norm,256,1,0.75,1,0.7799591379270049,0.7799591379270049,0.7799591379270049,218.0,1022.0,65408.0,1.1354166666666667
pilot,exact_checkpoint,test,4,up,h0_oracle,h0_oracle_full_target_residual,activation_weighted_delta_norm,256,1,1.0,1,0.7799591379270049,0.7799591379270049,0.7799591379270049,218.0,1022.0,65408.0,0.8515625
pilot,exact_checkpoint,test,4,up,h0_oracle,h0_oracle_full_target_residual,activation_weighted_delta_norm,384,1,0.25,1,0.8734491600759225,0.8734491600759225,0.8734491600759225,296.0,1258.0,80512.0,4.625
pilot,exact_checkpoint,test,4,up,h0_oracle,h0_oracle_full_target_residual,activation_weighted_delta_norm,384,1,0.5,1,0.8734491600759225,0.8734491600759225,0.8734491600759225,296.0,1258.0,80512.0,2.3125
pilot,exact_checkpoint,test,4,up,h0_oracle,h0_oracle_full_target_residual,activation_weighted_delta_norm,384,1,0.75,1,0.8734491600759225,0.8734491600759225,0.8734491600759225,296.0,1258.0,80512.0,1.5416666666666667
pilot,exact_checkpoint,test,4,up,h0_oracle,h0_oracle_full_target_residual,activation_weighted_delta_norm,384,1,1.0,1,0.8734491600759225,0.8734491600759225,0.8734491600759225,296.0,1258.0,80512.0,1.15625
pilot,exact_checkpoint,test,4,up,h0_oracle,h0_oracle_full_target_residual,activation_weighted_delta_norm,512,1,0.25,1,0.8749015517533881,0.8749015517533881,0.8749015517533881,350.0,1522.0,97408.0,5.46875
pilot,exact_checkpoint,test,4,up,h0_oracle,h0_oracle_full_target_residual,activation_weighted_delta_norm,512,1,0.5,1,0.8749015517533881,0.8749015517533881,0.8749015517533881,350.0,1522.0,97408.0,2.734375
pilot,exact_checkpoint,test,4,up,h0_oracle,h0_oracle_full_target_residual,activation_weighted_delta_norm,512,1,0.75,1,0.8749015517533881,0.8749015517533881,0.8749015517533881,350.0,1522.0,97408.0,1.8229166666666667
pilot,exact_checkpoint,test,4,up,h0_oracle,h0_oracle_full_target_residual,activation_weighted_delta_norm,512,1,1.0,1,0.8749015517533881,0.8749015517533881,0.8749015517533881,350.0,1522.0,97408.0,1.3671875
pilot,exact_checkpoint,test,4,up,h0_oracle,h0_oracle_full_target_residual,activation_weighted_delta_norm,768,1,0.25,1,0.6800347751910633,0.6800347751910633,0.6800347751910633,435.0,1836.0,117504.0,6.796875
pilot,exact_checkpoint,test,4,up,h0_oracle,h0_oracle_full_target_residual,activation_weighted_delta_norm,768,1,0.5,1,0.6800347751910633,0.6800347751910633,0.6800347751910633,435.0,1836.0,117504.0,3.3984375
pilot,exact_checkpoint,test,4,up,h0_oracle,h0_oracle_full_target_residual,activation_weighted_delta_norm,768,1,0.75,1,0.6800347751910633,0.6800347751910633,0.6800347751910633,435.0,1836.0,117504.0,2.265625
pilot,exact_checkpoint,test,4,up,h0_oracle,h0_oracle_full_target_residual,activation_weighted_delta_norm,768,1,1.0,1,0.6800347751910633,0.6800347751910633,0.6800347751910633,435.0,1836.0,117504.0,1.69921875
pilot,exact_checkpoint,test,4,up,h0_oracle,h0_oracle_full_target_residual,activation_weighted_delta_norm,1024,1,0.25,1,0.0,0.0,0.0,483.0,3860.0,247040.0,7.546875
pilot,exact_checkpoint,test,4,up,h0_oracle,h0_oracle_full_target_residual,activation_weighted_delta_norm,1024,1,0.5,1,0.0,0.0,0.0,483.0,3860.0,247040.0,3.7734375
pilot,exact_checkpoint,test,4,up,h0_oracle,h0_oracle_full_target_residual,activation_weighted_delta_norm,1024,1,0.75,1,0.0,0.0,0.0,483.0,3860.0,247040.0,2.515625
pilot,exact_checkpoint,test,4,up,h0_oracle,h0_oracle_full_target_residual,activation_weighted_delta_norm,1024,1,1.0,1,0.0,0.0,0.0,483.0,3860.0,247040.0,1.88671875
pilot,exact_checkpoint,test,4,up,h0_oracle,h0_oracle_full_target_residual,future_proxy_weighted,64,1,0.25,1,0.3756972491325217,0.3756972491325217,0.3756972491325217,59.0,276.0,17664.0,0.921875
pilot,exact_checkpoint,test,4,up,h0_oracle,h0_oracle_full_target_residual,future_proxy_weighted,64,1,0.5,1,0.3756972491325217,0.3756972491325217,0.3756972491325217,59.0,276.0,17664.0,0.4609375
pilot,exact_checkpoint,test,4,up,h0_oracle,h0_oracle_full_target_residual,future_proxy_weighted,64,1,0.75,1,0.3756972491325217,0.3756972491325217,0.3756972491325217,59.0,276.0,17664.0,0.3072916666666667
pilot,exact_checkpoint,test,4,up,h0_oracle,h0_oracle_full_target_residual,future_proxy_weighted,64,1,1.0,1,0.3756972491325217,0.3756972491325217,0.3756972491325217,59.0,276.0,17664.0,0.23046875
pilot,exact_checkpoint,test,4,up,h0_oracle,h0_oracle_full_target_residual,future_proxy_weighted,128,1,0.25,1,0.6004235044867038,0.6004235044867038,0.6004235044867038,120.0,646.0,41344.0,1.875
pilot,exact_checkpoint,test,4,up,h0_oracle,h0_oracle_full_target_residual,future_proxy_weighted,128,1,0.5,1,0.6004235044867038,0.6004235044867038,0.6004235044867038,120.0,646.0,41344.0,0.9375
pilot,exact_checkpoint,test,4,up,h0_oracle,h0_oracle_full_target_residual,future_proxy_weighted,128,1,0.75,1,0.6004235044867038,0.6004235044867038,0.6004235044867038,120.0,646.0,41344.0,0.625
pilot,exact_checkpoint,test,4,up,h0_oracle,h0_oracle_full_target_residual,future_proxy_weighted,128,1,1.0,1,0.6004235044867038,0.6004235044867038,0.6004235044867038,120.0,646.0,41344.0,0.46875
pilot,exact_checkpoint,test,4,up,h0_oracle,h0_oracle_full_target_residual,future_proxy_weighted,256,1,0.25,1,0.7114366360609723,0.7114366360609723,0.7114366360609723,215.0,1093.0,69952.0,3.359375
pilot,exact_checkpoint,test,4,up,h0_oracle,h0_oracle_full_target_residual,future_proxy_weighted,256,1,0.5,1,0.7114366360609723,0.7114366360609723,0.7114366360609723,215.0,1093.0,69952.0,1.6796875
pilot,exact_checkpoint,test,4,up,h0_oracle,h0_oracle_full_target_residual,future_proxy_weighted,256,1,0.75,1,0.7114366360609723,0.7114366360609723,0.7114366360609723,215.0,1093.0,69952.0,1.1197916666666667
pilot,exact_checkpoint,test,4,up,h0_oracle,h0_oracle_full_target_residual,future_proxy_weighted,256,1,1.0,1,0.7114366360609723,0.7114366360609723,0.7114366360609723,215.0,1093.0,69952.0,0.83984375
pilot,exact_checkpoint,test,4,up,h0_oracle,h0_oracle_full_target_residual,future_proxy_weighted,384,1,0.25,1,0.8264943737699202,0.8264943737699202,0.8264943737699202,284.0,1566.0,100224.0,4.4375
pilot,exact_checkpoint,test,4,up,h0_oracle,h0_oracle_full_target_residual,future_proxy_weighted,384,1,0.5,1,0.8264943737699202,0.8264943737699202,0.8264943737699202,284.0,1566.0,100224.0,2.21875
pilot,exact_checkpoint,test,4,up,h0_oracle,h0_oracle_full_target_residual,future_proxy_weighted,384,1,0.75,1,0.8264943737699202,0.8264943737699202,0.8264943737699202,284.0,1566.0,100224.0,1.4791666666666667
pilot,exact_checkpoint,test,4,up,h0_oracle,h0_oracle_full_target_residual,future_proxy_weighted,384,1,1.0,1,0.8264943737699202,0.8264943737699202,0.8264943737699202,284.0,1566.0,100224.0,1.109375
pilot,exact_checkpoint,test,4,up,h0_oracle,h0_oracle_full_target_residual,future_proxy_weighted,512,1,0.25,1,0.8127377579683368,0.8127377579683368,0.8127377579683368,347.0,1585.0,101440.0,5.421875
pilot,exact_checkpoint,test,4,up,h0_oracle,h0_oracle_full_target_residual,future_proxy_weighted,512,1,0.5,1,0.8127377579683368,0.8127377579683368,0.8127377579683368,347.0,1585.0,101440.0,2.7109375
pilot,exact_checkpoint,test,4,up,h0_oracle,h0_oracle_full_target_residual,future_proxy_weighted,512,1,0.75,1,0.8127377579683368,0.8127377579683368,0.8127377579683368,347.0,1585.0,101440.0,1.8072916666666667
pilot,exact_checkpoint,test,4,up,h0_oracle,h0_oracle_full_target_residual,future_proxy_weighted,512,1,1.0,1,0.8127377579683368,0.8127377579683368,0.8127377579683368,347.0,1585.0,101440.0,1.35546875
pilot,exact_checkpoint,test,4,up,h0_oracle,h0_oracle_full_target_residual,future_proxy_weighted,768,1,0.25,1,0.6629274321445777,0.6629274321445777,0.6629274321445777,431.0,2008.0,128512.0,6.734375
pilot,exact_checkpoint,test,4,up,h0_oracle,h0_oracle_full_target_residual,future_proxy_weighted,768,1,0.5,1,0.6629274321445777,0.6629274321445777,0.6629274321445777,431.0,2008.0,128512.0,3.3671875
pilot,exact_checkpoint,test,4,up,h0_oracle,h0_oracle_full_target_residual,future_proxy_weighted,768,1,0.75,1,0.6629274321445777,0.6629274321445777,0.6629274321445777,431.0,2008.0,128512.0,2.2447916666666665
pilot,exact_checkpoint,test,4,up,h0_oracle,h0_oracle_full_target_residual,future_proxy_weighted,768,1,1.0,1,0.6629274321445777,0.6629274321445777,0.6629274321445777,431.0,2008.0,128512.0,1.68359375
pilot,exact_checkpoint,test,4,up,h0_oracle,h0_oracle_full_target_residual,future_proxy_weighted,1024,1,0.25,1,0.0,0.0,0.0,483.0,3861.0,247104.0,7.546875
pilot,exact_checkpoint,test,4,up,h0_oracle,h0_oracle_full_target_residual,future_proxy_weighted,1024,1,0.5,1,0.0,0.0,0.0,483.0,3861.0,247104.0,3.7734375
pilot,exact_checkpoint,test,4,up,h0_oracle,h0_oracle_full_target_residual,future_proxy_weighted,1024,1,0.75,1,0.0,0.0,0.0,483.0,3861.0,247104.0,2.515625
pilot,exact_checkpoint,test,4,up,h0_oracle,h0_oracle_full_target_residual,future_proxy_weighted,1024,1,1.0,1,0.0,0.0,0.0,483.0,3861.0,247104.0,1.88671875
pilot,exact_checkpoint,test,20,gate,h0_oracle,h0_oracle_full_target_residual,abs_activation,64,1,0.25,1,0.5795681690141586,0.5795681690141586,0.5795681690141586,59.0,291.0,18624.0,0.921875
pilot,exact_checkpoint,test,20,gate,h0_oracle,h0_oracle_full_target_residual,abs_activation,64,1,0.5,1,0.5795681690141586,0.5795681690141586,0.5795681690141586,59.0,291.0,18624.0,0.4609375
pilot,exact_checkpoint,test,20,gate,h0_oracle,h0_oracle_full_target_residual,abs_activation,64,1,0.75,1,0.5795681690141586,0.5795681690141586,0.5795681690141586,59.0,291.0,18624.0,0.3072916666666667
pilot,exact_checkpoint,test,20,gate,h0_oracle,h0_oracle_full_target_residual,abs_activation,64,1,1.0,1,0.5795681690141586,0.5795681690141586,0.5795681690141586,59.0,291.0,18624.0,0.23046875
pilot,exact_checkpoint,test,20,gate,h0_oracle,h0_oracle_full_target_residual,abs_activation,128,1,0.25,1,0.6573760162187878,0.6573760162187878,0.6573760162187878,116.0,608.0,38912.0,1.8125
pilot,exact_checkpoint,test,20,gate,h0_oracle,h0_oracle_full_target_residual,abs_activation,128,1,0.5,1,0.6573760162187878,0.6573760162187878,0.6573760162187878,116.0,608.0,38912.0,0.90625
pilot,exact_checkpoint,test,20,gate,h0_oracle,h0_oracle_full_target_residual,abs_activation,128,1,0.75,1,0.6573760162187878,0.6573760162187878,0.6573760162187878,116.0,608.0,38912.0,0.6041666666666666
pilot,exact_checkpoint,test,20,gate,h0_oracle,h0_oracle_full_target_residual,abs_activation,128,1,1.0,1,0.6573760162187878,0.6573760162187878,0.6573760162187878,116.0,608.0,38912.0,0.453125
pilot,exact_checkpoint,test,20,gate,h0_oracle,h0_oracle_full_target_residual,abs_activation,256,1,0.25,1,0.7863072666634251,0.7863072666634251,0.7863072666634251,218.0,1206.0,77184.0,3.40625
pilot,exact_checkpoint,test,20,gate,h0_oracle,h0_oracle_full_target_residual,abs_activation,256,1,0.5,1,0.7863072666634251,0.7863072666634251,0.7863072666634251,218.0,1206.0,77184.0,1.703125
pilot,exact_checkpoint,test,20,gate,h0_oracle,h0_oracle_full_target_residual,abs_activation,256,1,0.75,1,0.7863072666634251,0.7863072666634251,0.7863072666634251,218.0,1206.0,77184.0,1.1354166666666667
pilot,exact_checkpoint,test,20,gate,h0_oracle,h0_oracle_full_target_residual,abs_activation,256,1,1.0,1,0.7863072666634251,0.7863072666634251,0.7863072666634251,218.0,1206.0,77184.0,0.8515625
pilot,exact_checkpoint,test,20,gate,h0_oracle,h0_oracle_full_target_residual,abs_activation,384,1,0.25,1,0.7942585546978957,0.7942585546978957,0.7942585546978957,288.0,1133.0,72512.0,4.5
pilot,exact_checkpoint,test,20,gate,h0_oracle,h0_oracle_full_target_residual,abs_activation,384,1,0.5,1,0.7942585546978957,0.7942585546978957,0.7942585546978957,288.0,1133.0,72512.0,2.25
pilot,exact_checkpoint,test,20,gate,h0_oracle,h0_oracle_full_target_residual,abs_activation,384,1,0.75,1,0.7942585546978957,0.7942585546978957,0.7942585546978957,288.0,1133.0,72512.0,1.5
pilot,exact_checkpoint,test,20,gate,h0_oracle,h0_oracle_full_target_residual,abs_activation,384,1,1.0,1,0.7942585546978957,0.7942585546978957,0.7942585546978957,288.0,1133.0,72512.0,1.125
pilot,exact_checkpoint,test,20,gate,h0_oracle,h0_oracle_full_target_residual,abs_activation,512,1,0.25,1,0.7898041216567273,0.7898041216567273,0.7898041216567273,351.0,1690.0,108160.0,5.484375
pilot,exact_checkpoint,test,20,gate,h0_oracle,h0_oracle_full_target_residual,abs_activation,512,1,0.5,1,0.7898041216567273,0.7898041216567273,0.7898041216567273,351.0,1690.0,108160.0,2.7421875
pilot,exact_checkpoint,test,20,gate,h0_oracle,h0_oracle_full_target_residual,abs_activation,512,1,0.75,1,0.7898041216567273,0.7898041216567273,0.7898041216567273,351.0,1690.0,108160.0,1.828125
pilot,exact_checkpoint,test,20,gate,h0_oracle,h0_oracle_full_target_residual,abs_activation,512,1,1.0,1,0.7898041216567273,0.7898041216567273,0.7898041216567273,351.0,1690.0,108160.0,1.37109375
pilot,exact_checkpoint,test,20,gate,h0_oracle,h0_oracle_full_target_residual,abs_activation,768,1,0.25,1,0.8262054514121479,0.8262054514121479,0.8262054514121479,438.0,1535.0,98240.0,6.84375
pilot,exact_checkpoint,test,20,gate,h0_oracle,h0_oracle_full_target_residual,abs_activation,768,1,0.5,1,0.8262054514121479,0.8262054514121479,0.8262054514121479,438.0,1535.0,98240.0,3.421875
pilot,exact_checkpoint,test,20,gate,h0_oracle,h0_oracle_full_target_residual,abs_activation,768,1,0.75,1,0.8262054514121479,0.8262054514121479,0.8262054514121479,438.0,1535.0,98240.0,2.28125
pilot,exact_checkpoint,test,20,gate,h0_oracle,h0_oracle_full_target_residual,abs_activation,768,1,1.0,1,0.8262054514121479,0.8262054514121479,0.8262054514121479,438.0,1535.0,98240.0,1.7109375
pilot,exact_checkpoint,test,20,gate,h0_oracle,h0_oracle_full_target_residual,abs_activation,1024,1,0.25,1,0.0,0.0,0.0,480.0,3838.0,245632.0,7.5
pilot,exact_checkpoint,test,20,gate,h0_oracle,h0_oracle_full_target_residual,abs_activation,1024,1,0.5,1,0.0,0.0,0.0,480.0,3838.0,245632.0,3.75
pilot,exact_checkpoint,test,20,gate,h0_oracle,h0_oracle_full_target_residual,abs_activation,1024,1,0.75,1,0.0,0.0,0.0,480.0,3838.0,245632.0,2.5
pilot,exact_checkpoint,test,20,gate,h0_oracle,h0_oracle_full_target_residual,abs_activation,1024,1,1.0,1,0.0,0.0,0.0,480.0,3838.0,245632.0,1.875
pilot,exact_checkpoint,test,20,gate,h0_oracle,h0_oracle_full_target_residual,activation_weighted_delta_norm,64,1,0.25,1,0.587084574762349,0.587084574762349,0.587084574762349,60.0,288.0,18432.0,0.9375
pilot,exact_checkpoint,test,20,gate,h0_oracle,h0_oracle_full_target_residual,activation_weighted_delta_norm,64,1,0.5,1,0.587084574762349,0.587084574762349,0.587084574762349,60.0,288.0,18432.0,0.46875
pilot,exact_checkpoint,test,20,gate,h0_oracle,h0_oracle_full_target_residual,activation_weighted_delta_norm,64,1,0.75,1,0.587084574762349,0.587084574762349,0.587084574762349,60.0,288.0,18432.0,0.3125
pilot,exact_checkpoint,test,20,gate,h0_oracle,h0_oracle_full_target_residual,activation_weighted_delta_norm,64,1,1.0,1,0.587084574762349,0.587084574762349,0.587084574762349,60.0,288.0,18432.0,0.234375
pilot,exact_checkpoint,test,20,gate,h0_oracle,h0_oracle_full_target_residual,activation_weighted_delta_norm,128,1,0.25,1,0.6347667084642372,0.6347667084642372,0.6347667084642372,116.0,587.0,37568.0,1.8125
pilot,exact_checkpoint,test,20,gate,h0_oracle,h0_oracle_full_target_residual,activation_weighted_delta_norm,128,1,0.5,1,0.6347667084642372,0.6347667084642372,0.6347667084642372,116.0,587.0,37568.0,0.90625
pilot,exact_checkpoint,test,20,gate,h0_oracle,h0_oracle_full_target_residual,activation_weighted_delta_norm,128,1,0.75,1,0.6347667084642372,0.6347667084642372,0.6347667084642372,116.0,587.0,37568.0,0.6041666666666666
pilot,exact_checkpoint,test,20,gate,h0_oracle,h0_oracle_full_target_residual,activation_weighted_delta_norm,128,1,1.0,1,0.6347667084642372,0.6347667084642372,0.6347667084642372,116.0,587.0,37568.0,0.453125
pilot,exact_checkpoint,test,20,gate,h0_oracle,h0_oracle_full_target_residual,activation_weighted_delta_norm,256,1,0.25,1,0.7563673357378554,0.7563673357378554,0.7563673357378554,219.0,1039.0,66496.0,3.421875
pilot,exact_checkpoint,test,20,gate,h0_oracle,h0_oracle_full_target_residual,activation_weighted_delta_norm,256,1,0.5,1,0.7563673357378554,0.7563673357378554,0.7563673357378554,219.0,1039.0,66496.0,1.7109375
pilot,exact_checkpoint,test,20,gate,h0_oracle,h0_oracle_full_target_residual,activation_weighted_delta_norm,256,1,0.75,1,0.7563673357378554,0.7563673357378554,0.7563673357378554,219.0,1039.0,66496.0,1.140625
pilot,exact_checkpoint,test,20,gate,h0_oracle,h0_oracle_full_target_residual,activation_weighted_delta_norm,256,1,1.0,1,0.7563673357378554,0.7563673357378554,0.7563673357378554,219.0,1039.0,66496.0,0.85546875
pilot,exact_checkpoint,test,20,gate,h0_oracle,h0_oracle_full_target_residual,activation_weighted_delta_norm,384,1,0.25,1,0.7391076857076866,0.7391076857076866,0.7391076857076866,287.0,1226.0,78464.0,4.484375
pilot,exact_checkpoint,test,20,gate,h0_oracle,h0_oracle_full_target_residual,activation_weighted_delta_norm,384,1,0.5,1,0.7391076857076866,0.7391076857076866,0.7391076857076866,287.0,1226.0,78464.0,2.2421875
pilot,exact_checkpoint,test,20,gate,h0_oracle,h0_oracle_full_target_residual,activation_weighted_delta_norm,384,1,0.75,1,0.7391076857076866,0.7391076857076866,0.7391076857076866,287.0,1226.0,78464.0,1.4947916666666667
pilot,exact_checkpoint,test,20,gate,h0_oracle,h0_oracle_full_target_residual,activation_weighted_delta_norm,384,1,1.0,1,0.7391076857076866,0.7391076857076866,0.7391076857076866,287.0,1226.0,78464.0,1.12109375
pilot,exact_checkpoint,test,20,gate,h0_oracle,h0_oracle_full_target_residual,activation_weighted_delta_norm,512,1,0.25,1,0.8163692471654833,0.8163692471654833,0.8163692471654833,349.0,1731.0,110784.0,5.453125
pilot,exact_checkpoint,test,20,gate,h0_oracle,h0_oracle_full_target_residual,activation_weighted_delta_norm,512,1,0.5,1,0.8163692471654833,0.8163692471654833,0.8163692471654833,349.0,1731.0,110784.0,2.7265625
pilot,exact_checkpoint,test,20,gate,h0_oracle,h0_oracle_full_target_residual,activation_weighted_delta_norm,512,1,0.75,1,0.8163692471654833,0.8163692471654833,0.8163692471654833,349.0,1731.0,110784.0,1.8177083333333333
pilot,exact_checkpoint,test,20,gate,h0_oracle,h0_oracle_full_target_residual,activation_weighted_delta_norm,512,1,1.0,1,0.8163692471654833,0.8163692471654833,0.8163692471654833,349.0,1731.0,110784.0,1.36328125
pilot,exact_checkpoint,test,20,gate,h0_oracle,h0_oracle_full_target_residual,activation_weighted_delta_norm,768,1,0.25,1,0.61590466306481,0.61590466306481,0.61590466306481,436.0,1760.0,112640.0,6.8125
pilot,exact_checkpoint,test,20,gate,h0_oracle,h0_oracle_full_target_residual,activation_weighted_delta_norm,768,1,0.5,1,0.61590466306481,0.61590466306481,0.61590466306481,436.0,1760.0,112640.0,3.40625
pilot,exact_checkpoint,test,20,gate,h0_oracle,h0_oracle_full_target_residual,activation_weighted_delta_norm,768,1,0.75,1,0.61590466306481,0.61590466306481,0.61590466306481,436.0,1760.0,112640.0,2.2708333333333335
pilot,exact_checkpoint,test,20,gate,h0_oracle,h0_oracle_full_target_residual,activation_weighted_delta_norm,768,1,1.0,1,0.61590466306481,0.61590466306481,0.61590466306481,436.0,1760.0,112640.0,1.703125
pilot,exact_checkpoint,test,20,gate,h0_oracle,h0_oracle_full_target_residual,activation_weighted_delta_norm,1024,1,0.25,1,0.0,0.0,0.0,482.0,3855.0,246720.0,7.53125
pilot,exact_checkpoint,test,20,gate,h0_oracle,h0_oracle_full_target_residual,activation_weighted_delta_norm,1024,1,0.5,1,0.0,0.0,0.0,482.0,3855.0,246720.0,3.765625
pilot,exact_checkpoint,test,20,gate,h0_oracle,h0_oracle_full_target_residual,activation_weighted_delta_norm,1024,1,0.75,1,0.0,0.0,0.0,482.0,3855.0,246720.0,2.5104166666666665
pilot,exact_checkpoint,test,20,gate,h0_oracle,h0_oracle_full_target_residual,activation_weighted_delta_norm,1024,1,1.0,1,0.0,0.0,0.0,482.0,3855.0,246720.0,1.8828125
pilot,exact_checkpoint,test,20,gate,h0_oracle,h0_oracle_full_target_residual,future_proxy_weighted,64,1,0.25,1,0.5656990852407211,0.5656990852407211,0.5656990852407211,60.0,304.0,19456.0,0.9375
pilot,exact_checkpoint,test,20,gate,h0_oracle,h0_oracle_full_target_residual,future_proxy_weighted,64,1,0.5,1,0.5656990852407211,0.5656990852407211,0.5656990852407211,60.0,304.0,19456.0,0.46875
pilot,exact_checkpoint,test,20,gate,h0_oracle,h0_oracle_full_target_residual,future_proxy_weighted,64,1,0.75,1,0.5656990852407211,0.5656990852407211,0.5656990852407211,60.0,304.0,19456.0,0.3125
pilot,exact_checkpoint,test,20,gate,h0_oracle,h0_oracle_full_target_residual,future_proxy_weighted,64,1,1.0,1,0.5656990852407211,0.5656990852407211,0.5656990852407211,60.0,304.0,19456.0,0.234375
pilot,exact_checkpoint,test,20,gate,h0_oracle,h0_oracle_full_target_residual,future_proxy_weighted,128,1,0.25,1,0.577515149003427,0.577515149003427,0.577515149003427,118.0,606.0,38784.0,1.84375
pilot,exact_checkpoint,test,20,gate,h0_oracle,h0_oracle_full_target_residual,future_proxy_weighted,128,1,0.5,1,0.577515149003427,0.577515149003427,0.577515149003427,118.0,606.0,38784.0,0.921875
pilot,exact_checkpoint,test,20,gate,h0_oracle,h0_oracle_full_target_residual,future_proxy_weighted,128,1,0.75,1,0.577515149003427,0.577515149003427,0.577515149003427,118.0,606.0,38784.0,0.6145833333333334
pilot,exact_checkpoint,test,20,gate,h0_oracle,h0_oracle_full_target_residual,future_proxy_weighted,128,1,1.0,1,0.577515149003427,0.577515149003427,0.577515149003427,118.0,606.0,38784.0,0.4609375
pilot,exact_checkpoint,test,20,gate,h0_oracle,h0_oracle_full_target_residual,future_proxy_weighted,256,1,0.25,1,0.7654977480655368,0.7654977480655368,0.7654977480655368,216.0,887.0,56768.0,3.375
pilot,exact_checkpoint,test,20,gate,h0_oracle,h0_oracle_full_target_residual,future_proxy_weighted,256,1,0.5,1,0.7654977480655368,0.7654977480655368,0.7654977480655368,216.0,887.0,56768.0,1.6875
pilot,exact_checkpoint,test,20,gate,h0_oracle,h0_oracle_full_target_residual,future_proxy_weighted,256,1,0.75,1,0.7654977480655368,0.7654977480655368,0.7654977480655368,216.0,887.0,56768.0,1.125
pilot,exact_checkpoint,test,20,gate,h0_oracle,h0_oracle_full_target_residual,future_proxy_weighted,256,1,1.0,1,0.7654977480655368,0.7654977480655368,0.7654977480655368,216.0,887.0,56768.0,0.84375
pilot,exact_checkpoint,test,20,gate,h0_oracle,h0_oracle_full_target_residual,future_proxy_weighted,384,1,0.25,1,0.7836337867567029,0.7836337867567029,0.7836337867567029,294.0,1321.0,84544.0,4.59375
pilot,exact_checkpoint,test,20,gate,h0_oracle,h0_oracle_full_target_residual,future_proxy_weighted,384,1,0.5,1,0.7836337867567029,0.7836337867567029,0.7836337867567029,294.0,1321.0,84544.0,2.296875
pilot,exact_checkpoint,test,20,gate,h0_oracle,h0_oracle_full_target_residual,future_proxy_weighted,384,1,0.75,1,0.7836337867567029,0.7836337867567029,0.7836337867567029,294.0,1321.0,84544.0,1.53125
pilot,exact_checkpoint,test,20,gate,h0_oracle,h0_oracle_full_target_residual,future_proxy_weighted,384,1,1.0,1,0.7836337867567029,0.7836337867567029,0.7836337867567029,294.0,1321.0,84544.0,1.1484375
pilot,exact_checkpoint,test,20,gate,h0_oracle,h0_oracle_full_target_residual,future_proxy_weighted,512,1,0.25,1,0.789880134797021,0.789880134797021,0.789880134797021,350.0,1766.0,113024.0,5.46875
pilot,exact_checkpoint,test,20,gate,h0_oracle,h0_oracle_full_target_residual,future_proxy_weighted,512,1,0.5,1,0.789880134797021,0.789880134797021,0.789880134797021,350.0,1766.0,113024.0,2.734375
pilot,exact_checkpoint,test,20,gate,h0_oracle,h0_oracle_full_target_residual,future_proxy_weighted,512,1,0.75,1,0.789880134797021,0.789880134797021,0.789880134797021,350.0,1766.0,113024.0,1.8229166666666667
pilot,exact_checkpoint,test,20,gate,h0_oracle,h0_oracle_full_target_residual,future_proxy_weighted,512,1,1.0,1,0.789880134797021,0.789880134797021,0.789880134797021,350.0,1766.0,113024.0,1.3671875
pilot,exact_checkpoint,test,20,gate,h0_oracle,h0_oracle_full_target_residual,future_proxy_weighted,768,1,0.25,1,0.7301262494817993,0.7301262494817993,0.7301262494817993,433.0,2028.0,129792.0,6.765625
pilot,exact_checkpoint,test,20,gate,h0_oracle,h0_oracle_full_target_residual,future_proxy_weighted,768,1,0.5,1,0.7301262494817993,0.7301262494817993,0.7301262494817993,433.0,2028.0,129792.0,3.3828125
pilot,exact_checkpoint,test,20,gate,h0_oracle,h0_oracle_full_target_residual,future_proxy_weighted,768,1,0.75,1,0.7301262494817993,0.7301262494817993,0.7301262494817993,433.0,2028.0,129792.0,2.2552083333333335
pilot,exact_checkpoint,test,20,gate,h0_oracle,h0_oracle_full_target_residual,future_proxy_weighted,768,1,1.0,1,0.7301262494817993,0.7301262494817993,0.7301262494817993,433.0,2028.0,129792.0,1.69140625
pilot,exact_checkpoint,test,20,gate,h0_oracle,h0_oracle_full_target_residual,future_proxy_weighted,1024,1,0.25,1,0.0,0.0,0.0,483.0,3864.0,247296.0,7.546875
pilot,exact_checkpoint,test,20,gate,h0_oracle,h0_oracle_full_target_residual,future_proxy_weighted,1024,1,0.5,1,0.0,0.0,0.0,483.0,3864.0,247296.0,3.7734375
pilot,exact_checkpoint,test,20,gate,h0_oracle,h0_oracle_full_target_residual,future_proxy_weighted,1024,1,0.75,1,0.0,0.0,0.0,483.0,3864.0,247296.0,2.515625
pilot,exact_checkpoint,test,20,gate,h0_oracle,h0_oracle_full_target_residual,future_proxy_weighted,1024,1,1.0,1,0.0,0.0,0.0,483.0,3864.0,247296.0,1.88671875
pilot,exact_checkpoint,test,20,up,h0_oracle,h0_oracle_full_target_residual,abs_activation,64,1,0.25,1,0.31873641802074976,0.31873641802074976,0.31873641802074976,59.0,250.0,16000.0,0.921875
pilot,exact_checkpoint,test,20,up,h0_oracle,h0_oracle_full_target_residual,abs_activation,64,1,0.5,1,0.31873641802074976,0.31873641802074976,0.31873641802074976,59.0,250.0,16000.0,0.4609375
pilot,exact_checkpoint,test,20,up,h0_oracle,h0_oracle_full_target_residual,abs_activation,64,1,0.75,1,0.31873641802074976,0.31873641802074976,0.31873641802074976,59.0,250.0,16000.0,0.3072916666666667
pilot,exact_checkpoint,test,20,up,h0_oracle,h0_oracle_full_target_residual,abs_activation,64,1,1.0,1,0.31873641802074976,0.31873641802074976,0.31873641802074976,59.0,250.0,16000.0,0.23046875
pilot,exact_checkpoint,test,20,up,h0_oracle,h0_oracle_full_target_residual,abs_activation,128,1,0.25,1,0.5183131437447851,0.5183131437447851,0.5183131437447851,116.0,543.0,34752.0,1.8125
pilot,exact_checkpoint,test,20,up,h0_oracle,h0_oracle_full_target_residual,abs_activation,128,1,0.5,1,0.5183131437447851,0.5183131437447851,0.5183131437447851,116.0,543.0,34752.0,0.90625
pilot,exact_checkpoint,test,20,up,h0_oracle,h0_oracle_full_target_residual,abs_activation,128,1,0.75,1,0.5183131437447851,0.5183131437447851,0.5183131437447851,116.0,543.0,34752.0,0.6041666666666666
pilot,exact_checkpoint,test,20,up,h0_oracle,h0_oracle_full_target_residual,abs_activation,128,1,1.0,1,0.5183131437447851,0.5183131437447851,0.5183131437447851,116.0,543.0,34752.0,0.453125
pilot,exact_checkpoint,test,20,up,h0_oracle,h0_oracle_full_target_residual,abs_activation,256,1,0.25,1,0.7453954012558891,0.7453954012558891,0.7453954012558891,218.0,1135.0,72640.0,3.40625
pilot,exact_checkpoint,test,20,up,h0_oracle,h0_oracle_full_target_residual,abs_activation,256,1,0.5,1,0.7453954012558891,0.7453954012558891,0.7453954012558891,218.0,1135.0,72640.0,1.703125
pilot,exact_checkpoint,test,20,up,h0_oracle,h0_oracle_full_target_residual,abs_activation,256,1,0.75,1,0.7453954012558891,0.7453954012558891,0.7453954012558891,218.0,1135.0,72640.0,1.1354166666666667
pilot,exact_checkpoint,test,20,up,h0_oracle,h0_oracle_full_target_residual,abs_activation,256,1,1.0,1,0.7453954012558891,0.7453954012558891,0.7453954012558891,218.0,1135.0,72640.0,0.8515625
pilot,exact_checkpoint,test,20,up,h0_oracle,h0_oracle_full_target_residual,abs_activation,384,1,0.25,1,0.8350101711433455,0.8350101711433455,0.8350101711433455,288.0,1377.0,88128.0,4.5
pilot,exact_checkpoint,test,20,up,h0_oracle,h0_oracle_full_target_residual,abs_activation,384,1,0.5,1,0.8350101711433455,0.8350101711433455,0.8350101711433455,288.0,1377.0,88128.0,2.25
pilot,exact_checkpoint,test,20,up,h0_oracle,h0_oracle_full_target_residual,abs_activation,384,1,0.75,1,0.8350101711433455,0.8350101711433455,0.8350101711433455,288.0,1377.0,88128.0,1.5
pilot,exact_checkpoint,test,20,up,h0_oracle,h0_oracle_full_target_residual,abs_activation,384,1,1.0,1,0.8350101711433455,0.8350101711433455,0.8350101711433455,288.0,1377.0,88128.0,1.125
pilot,exact_checkpoint,test,20,up,h0_oracle,h0_oracle_full_target_residual,abs_activation,512,1,0.25,1,0.7781018782377027,0.7781018782377027,0.7781018782377027,351.0,1714.0,109696.0,5.484375
pilot,exact_checkpoint,test,20,up,h0_oracle,h0_oracle_full_target_residual,abs_activation,512,1,0.5,1,0.7781018782377027,0.7781018782377027,0.7781018782377027,351.0,1714.0,109696.0,2.7421875
pilot,exact_checkpoint,test,20,up,h0_oracle,h0_oracle_full_target_residual,abs_activation,512,1,0.75,1,0.7781018782377027,0.7781018782377027,0.7781018782377027,351.0,1714.0,109696.0,1.828125
pilot,exact_checkpoint,test,20,up,h0_oracle,h0_oracle_full_target_residual,abs_activation,512,1,1.0,1,0.7781018782377027,0.7781018782377027,0.7781018782377027,351.0,1714.0,109696.0,1.37109375
pilot,exact_checkpoint,test,20,up,h0_oracle,h0_oracle_full_target_residual,abs_activation,768,1,0.25,1,0.6905820246316212,0.6905820246316212,0.6905820246316212,438.0,1793.0,114752.0,6.84375
pilot,exact_checkpoint,test,20,up,h0_oracle,h0_oracle_full_target_residual,abs_activation,768,1,0.5,1,0.6905820246316212,0.6905820246316212,0.6905820246316212,438.0,1793.0,114752.0,3.421875
pilot,exact_checkpoint,test,20,up,h0_oracle,h0_oracle_full_target_residual,abs_activation,768,1,0.75,1,0.6905820246316212,0.6905820246316212,0.6905820246316212,438.0,1793.0,114752.0,2.28125
pilot,exact_checkpoint,test,20,up,h0_oracle,h0_oracle_full_target_residual,abs_activation,768,1,1.0,1,0.6905820246316212,0.6905820246316212,0.6905820246316212,438.0,1793.0,114752.0,1.7109375
pilot,exact_checkpoint,test,20,up,h0_oracle,h0_oracle_full_target_residual,abs_activation,1024,1,0.25,1,0.0,0.0,0.0,480.0,3831.0,245184.0,7.5
pilot,exact_checkpoint,test,20,up,h0_oracle,h0_oracle_full_target_residual,abs_activation,1024,1,0.5,1,0.0,0.0,0.0,480.0,3831.0,245184.0,3.75
pilot,exact_checkpoint,test,20,up,h0_oracle,h0_oracle_full_target_residual,abs_activation,1024,1,0.75,1,0.0,0.0,0.0,480.0,3831.0,245184.0,2.5
pilot,exact_checkpoint,test,20,up,h0_oracle,h0_oracle_full_target_residual,abs_activation,1024,1,1.0,1,0.0,0.0,0.0,480.0,3831.0,245184.0,1.875
pilot,exact_checkpoint,test,20,up,h0_oracle,h0_oracle_full_target_residual,activation_weighted_delta_norm,64,1,0.25,1,0.4003699877486746,0.4003699877486746,0.4003699877486746,60.0,258.0,16512.0,0.9375
pilot,exact_checkpoint,test,20,up,h0_oracle,h0_oracle_full_target_residual,activation_weighted_delta_norm,64,1,0.5,1,0.4003699877486746,0.4003699877486746,0.4003699877486746,60.0,258.0,16512.0,0.46875
pilot,exact_checkpoint,test,20,up,h0_oracle,h0_oracle_full_target_residual,activation_weighted_delta_norm,64,1,0.75,1,0.4003699877486746,0.4003699877486746,0.4003699877486746,60.0,258.0,16512.0,0.3125
pilot,exact_checkpoint,test,20,up,h0_oracle,h0_oracle_full_target_residual,activation_weighted_delta_norm,64,1,1.0,1,0.4003699877486746,0.4003699877486746,0.4003699877486746,60.0,258.0,16512.0,0.234375
pilot,exact_checkpoint,test,20,up,h0_oracle,h0_oracle_full_target_residual,activation_weighted_delta_norm,128,1,0.25,1,0.6222110831741058,0.6222110831741058,0.6222110831741058,118.0,542.0,34688.0,1.84375
pilot,exact_checkpoint,test,20,up,h0_oracle,h0_oracle_full_target_residual,activation_weighted_delta_norm,128,1,0.5,1,0.6222110831741058,0.6222110831741058,0.6222110831741058,118.0,542.0,34688.0,0.921875
pilot,exact_checkpoint,test,20,up,h0_oracle,h0_oracle_full_target_residual,activation_weighted_delta_norm,128,1,0.75,1,0.6222110831741058,0.6222110831741058,0.6222110831741058,118.0,542.0,34688.0,0.6145833333333334
pilot,exact_checkpoint,test,20,up,h0_oracle,h0_oracle_full_target_residual,activation_weighted_delta_norm,128,1,1.0,1,0.6222110831741058,0.6222110831741058,0.6222110831741058,118.0,542.0,34688.0,0.4609375
pilot,exact_checkpoint,test,20,up,h0_oracle,h0_oracle_full_target_residual,activation_weighted_delta_norm,256,1,0.25,1,0.7760288080478916,0.7760288080478916,0.7760288080478916,220.0,1055.0,67520.0,3.4375
pilot,exact_checkpoint,test,20,up,h0_oracle,h0_oracle_full_target_residual,activation_weighted_delta_norm,256,1,0.5,1,0.7760288080478916,0.7760288080478916,0.7760288080478916,220.0,1055.0,67520.0,1.71875
pilot,exact_checkpoint,test,20,up,h0_oracle,h0_oracle_full_target_residual,activation_weighted_delta_norm,256,1,0.75,1,0.7760288080478916,0.7760288080478916,0.7760288080478916,220.0,1055.0,67520.0,1.1458333333333333
pilot,exact_checkpoint,test,20,up,h0_oracle,h0_oracle_full_target_residual,activation_weighted_delta_norm,256,1,1.0,1,0.7760288080478916,0.7760288080478916,0.7760288080478916,220.0,1055.0,67520.0,0.859375
pilot,exact_checkpoint,test,20,up,h0_oracle,h0_oracle_full_target_residual,activation_weighted_delta_norm,384,1,0.25,1,0.8335057796489459,0.8335057796489459,0.8335057796489459,289.0,1420.0,90880.0,4.515625
pilot,exact_checkpoint,test,20,up,h0_oracle,h0_oracle_full_target_residual,activation_weighted_delta_norm,384,1,0.5,1,0.8335057796489459,0.8335057796489459,0.8335057796489459,289.0,1420.0,90880.0,2.2578125
pilot,exact_checkpoint,test,20,up,h0_oracle,h0_oracle_full_target_residual,activation_weighted_delta_norm,384,1,0.75,1,0.8335057796489459,0.8335057796489459,0.8335057796489459,289.0,1420.0,90880.0,1.5052083333333333
pilot,exact_checkpoint,test,20,up,h0_oracle,h0_oracle_full_target_residual,activation_weighted_delta_norm,384,1,1.0,1,0.8335057796489459,0.8335057796489459,0.8335057796489459,289.0,1420.0,90880.0,1.12890625
pilot,exact_checkpoint,test,20,up,h0_oracle,h0_oracle_full_target_residual,activation_weighted_delta_norm,512,1,0.25,1,0.7848204372077889,0.7848204372077889,0.7848204372077889,348.0,1649.0,105536.0,5.4375
pilot,exact_checkpoint,test,20,up,h0_oracle,h0_oracle_full_target_residual,activation_weighted_delta_norm,512,1,0.5,1,0.7848204372077889,0.7848204372077889,0.7848204372077889,348.0,1649.0,105536.0,2.71875
pilot,exact_checkpoint,test,20,up,h0_oracle,h0_oracle_full_target_residual,activation_weighted_delta_norm,512,1,0.75,1,0.7848204372077889,0.7848204372077889,0.7848204372077889,348.0,1649.0,105536.0,1.8125
pilot,exact_checkpoint,test,20,up,h0_oracle,h0_oracle_full_target_residual,activation_weighted_delta_norm,512,1,1.0,1,0.7848204372077889,0.7848204372077889,0.7848204372077889,348.0,1649.0,105536.0,1.359375
pilot,exact_checkpoint,test,20,up,h0_oracle,h0_oracle_full_target_residual,activation_weighted_delta_norm,768,1,0.25,1,0.773571401832545,0.773571401832545,0.773571401832545,438.0,1849.0,118336.0,6.84375
pilot,exact_checkpoint,test,20,up,h0_oracle,h0_oracle_full_target_residual,activation_weighted_delta_norm,768,1,0.5,1,0.773571401832545,0.773571401832545,0.773571401832545,438.0,1849.0,118336.0,3.421875
pilot,exact_checkpoint,test,20,up,h0_oracle,h0_oracle_full_target_residual,activation_weighted_delta_norm,768,1,0.75,1,0.773571401832545,0.773571401832545,0.773571401832545,438.0,1849.0,118336.0,2.28125
pilot,exact_checkpoint,test,20,up,h0_oracle,h0_oracle_full_target_residual,activation_weighted_delta_norm,768,1,1.0,1,0.773571401832545,0.773571401832545,0.773571401832545,438.0,1849.0,118336.0,1.7109375
pilot,exact_checkpoint,test,20,up,h0_oracle,h0_oracle_full_target_residual,activation_weighted_delta_norm,1024,1,0.25,1,0.0,0.0,0.0,483.0,3860.0,247040.0,7.546875
pilot,exact_checkpoint,test,20,up,h0_oracle,h0_oracle_full_target_residual,activation_weighted_delta_norm,1024,1,0.5,1,0.0,0.0,0.0,483.0,3860.0,247040.0,3.7734375
pilot,exact_checkpoint,test,20,up,h0_oracle,h0_oracle_full_target_residual,activation_weighted_delta_norm,1024,1,0.75,1,0.0,0.0,0.0,483.0,3860.0,247040.0,2.515625
pilot,exact_checkpoint,test,20,up,h0_oracle,h0_oracle_full_target_residual,activation_weighted_delta_norm,1024,1,1.0,1,0.0,0.0,0.0,483.0,3860.0,247040.0,1.88671875
pilot,exact_checkpoint,test,20,up,h0_oracle,h0_oracle_full_target_residual,future_proxy_weighted,64,1,0.25,1,0.3867332904466488,0.3867332904466488,0.3867332904466488,59.0,277.0,17728.0,0.921875
pilot,exact_checkpoint,test,20,up,h0_oracle,h0_oracle_full_target_residual,future_proxy_weighted,64,1,0.5,1,0.3867332904466488,0.3867332904466488,0.3867332904466488,59.0,277.0,17728.0,0.4609375
pilot,exact_checkpoint,test,20,up,h0_oracle,h0_oracle_full_target_residual,future_proxy_weighted,64,1,0.75,1,0.3867332904466488,0.3867332904466488,0.3867332904466488,59.0,277.0,17728.0,0.3072916666666667
pilot,exact_checkpoint,test,20,up,h0_oracle,h0_oracle_full_target_residual,future_proxy_weighted,64,1,1.0,1,0.3867332904466488,0.3867332904466488,0.3867332904466488,59.0,277.0,17728.0,0.23046875
pilot,exact_checkpoint,test,20,up,h0_oracle,h0_oracle_full_target_residual,future_proxy_weighted,128,1,0.25,1,0.5234015951603758,0.5234015951603758,0.5234015951603758,120.0,535.0,34240.0,1.875
pilot,exact_checkpoint,test,20,up,h0_oracle,h0_oracle_full_target_residual,future_proxy_weighted,128,1,0.5,1,0.5234015951603758,0.5234015951603758,0.5234015951603758,120.0,535.0,34240.0,0.9375
pilot,exact_checkpoint,test,20,up,h0_oracle,h0_oracle_full_target_residual,future_proxy_weighted,128,1,0.75,1,0.5234015951603758,0.5234015951603758,0.5234015951603758,120.0,535.0,34240.0,0.625
pilot,exact_checkpoint,test,20,up,h0_oracle,h0_oracle_full_target_residual,future_proxy_weighted,128,1,1.0,1,0.5234015951603758,0.5234015951603758,0.5234015951603758,120.0,535.0,34240.0,0.46875
pilot,exact_checkpoint,test,20,up,h0_oracle,h0_oracle_full_target_residual,future_proxy_weighted,256,1,0.25,1,0.7721741031791103,0.7721741031791103,0.7721741031791103,218.0,1011.0,64704.0,3.40625
pilot,exact_checkpoint,test,20,up,h0_oracle,h0_oracle_full_target_residual,future_proxy_weighted,256,1,0.5,1,0.7721741031791103,0.7721741031791103,0.7721741031791103,218.0,1011.0,64704.0,1.703125
pilot,exact_checkpoint,test,20,up,h0_oracle,h0_oracle_full_target_residual,future_proxy_weighted,256,1,0.75,1,0.7721741031791103,0.7721741031791103,0.7721741031791103,218.0,1011.0,64704.0,1.1354166666666667
pilot,exact_checkpoint,test,20,up,h0_oracle,h0_oracle_full_target_residual,future_proxy_weighted,256,1,1.0,1,0.7721741031791103,0.7721741031791103,0.7721741031791103,218.0,1011.0,64704.0,0.8515625
pilot,exact_checkpoint,test,20,up,h0_oracle,h0_oracle_full_target_residual,future_proxy_weighted,384,1,0.25,1,0.7884019804360854,0.7884019804360854,0.7884019804360854,295.0,1518.0,97152.0,4.609375
pilot,exact_checkpoint,test,20,up,h0_oracle,h0_oracle_full_target_residual,future_proxy_weighted,384,1,0.5,1,0.7884019804360854,0.7884019804360854,0.7884019804360854,295.0,1518.0,97152.0,2.3046875
pilot,exact_checkpoint,test,20,up,h0_oracle,h0_oracle_full_target_residual,future_proxy_weighted,384,1,0.75,1,0.7884019804360854,0.7884019804360854,0.7884019804360854,295.0,1518.0,97152.0,1.5364583333333333
pilot,exact_checkpoint,test,20,up,h0_oracle,h0_oracle_full_target_residual,future_proxy_weighted,384,1,1.0,1,0.7884019804360854,0.7884019804360854,0.7884019804360854,295.0,1518.0,97152.0,1.15234375
pilot,exact_checkpoint,test,20,up,h0_oracle,h0_oracle_full_target_residual,future_proxy_weighted,512,1,0.25,1,0.7886896931372652,0.7886896931372652,0.7886896931372652,348.0,1760.0,112640.0,5.4375
pilot,exact_checkpoint,test,20,up,h0_oracle,h0_oracle_full_target_residual,future_proxy_weighted,512,1,0.5,1,0.7886896931372652,0.7886896931372652,0.7886896931372652,348.0,1760.0,112640.0,2.71875
pilot,exact_checkpoint,test,20,up,h0_oracle,h0_oracle_full_target_residual,future_proxy_weighted,512,1,0.75,1,0.7886896931372652,0.7886896931372652,0.7886896931372652,348.0,1760.0,112640.0,1.8125
pilot,exact_checkpoint,test,20,up,h0_oracle,h0_oracle_full_target_residual,future_proxy_weighted,512,1,1.0,1,0.7886896931372652,0.7886896931372652,0.7886896931372652,348.0,1760.0,112640.0,1.359375
pilot,exact_checkpoint,test,20,up,h0_oracle,h0_oracle_full_target_residual,future_proxy_weighted,768,1,0.25,1,0.6931084302625403,0.6931084302625403,0.6931084302625403,436.0,2099.0,134336.0,6.8125
pilot,exact_checkpoint,test,20,up,h0_oracle,h0_oracle_full_target_residual,future_proxy_weighted,768,1,0.5,1,0.6931084302625403,0.6931084302625403,0.6931084302625403,436.0,2099.0,134336.0,3.40625
pilot,exact_checkpoint,test,20,up,h0_oracle,h0_oracle_full_target_residual,future_proxy_weighted,768,1,0.75,1,0.6931084302625403,0.6931084302625403,0.6931084302625403,436.0,2099.0,134336.0,2.2708333333333335
pilot,exact_checkpoint,test,20,up,h0_oracle,h0_oracle_full_target_residual,future_proxy_weighted,768,1,1.0,1,0.6931084302625403,0.6931084302625403,0.6931084302625403,436.0,2099.0,134336.0,1.703125
pilot,exact_checkpoint,test,20,up,h0_oracle,h0_oracle_full_target_residual,future_proxy_weighted,1024,1,0.25,1,0.0,0.0,0.0,486.0,3881.0,248384.0,7.59375
pilot,exact_checkpoint,test,20,up,h0_oracle,h0_oracle_full_target_residual,future_proxy_weighted,1024,1,0.5,1,0.0,0.0,0.0,486.0,3881.0,248384.0,3.796875
pilot,exact_checkpoint,test,20,up,h0_oracle,h0_oracle_full_target_residual,future_proxy_weighted,1024,1,0.75,1,0.0,0.0,0.0,486.0,3881.0,248384.0,2.53125
pilot,exact_checkpoint,test,20,up,h0_oracle,h0_oracle_full_target_residual,future_proxy_weighted,1024,1,1.0,1,0.0,0.0,0.0,486.0,3881.0,248384.0,1.8984375
pilot,exact_checkpoint,test,39,gate,h0_oracle,h0_oracle_full_target_residual,abs_activation,64,1,0.25,1,0.37738591850542824,0.37738591850542824,0.37738591850542824,62.0,299.0,19136.0,0.96875
pilot,exact_checkpoint,test,39,gate,h0_oracle,h0_oracle_full_target_residual,abs_activation,64,1,0.5,1,0.37738591850542824,0.37738591850542824,0.37738591850542824,62.0,299.0,19136.0,0.484375
pilot,exact_checkpoint,test,39,gate,h0_oracle,h0_oracle_full_target_residual,abs_activation,64,1,0.75,1,0.37738591850542824,0.37738591850542824,0.37738591850542824,62.0,299.0,19136.0,0.3229166666666667
pilot,exact_checkpoint,test,39,gate,h0_oracle,h0_oracle_full_target_residual,abs_activation,64,1,1.0,1,0.37738591850542824,0.37738591850542824,0.37738591850542824,62.0,299.0,19136.0,0.2421875
pilot,exact_checkpoint,test,39,gate,h0_oracle,h0_oracle_full_target_residual,abs_activation,128,1,0.25,1,0.779374576275841,0.779374576275841,0.779374576275841,118.0,686.0,43904.0,1.84375
pilot,exact_checkpoint,test,39,gate,h0_oracle,h0_oracle_full_target_residual,abs_activation,128,1,0.5,1,0.779374576275841,0.779374576275841,0.779374576275841,118.0,686.0,43904.0,0.921875
pilot,exact_checkpoint,test,39,gate,h0_oracle,h0_oracle_full_target_residual,abs_activation,128,1,0.75,1,0.779374576275841,0.779374576275841,0.779374576275841,118.0,686.0,43904.0,0.6145833333333334
pilot,exact_checkpoint,test,39,gate,h0_oracle,h0_oracle_full_target_residual,abs_activation,128,1,1.0,1,0.779374576275841,0.779374576275841,0.779374576275841,118.0,686.0,43904.0,0.4609375
pilot,exact_checkpoint,test,39,gate,h0_oracle,h0_oracle_full_target_residual,abs_activation,256,1,0.25,1,0.8058587908220254,0.8058587908220254,0.8058587908220254,214.0,1480.0,94720.0,3.34375
pilot,exact_checkpoint,test,39,gate,h0_oracle,h0_oracle_full_target_residual,abs_activation,256,1,0.5,1,0.8058587908220254,0.8058587908220254,0.8058587908220254,214.0,1480.0,94720.0,1.671875
pilot,exact_checkpoint,test,39,gate,h0_oracle,h0_oracle_full_target_residual,abs_activation,256,1,0.75,1,0.8058587908220254,0.8058587908220254,0.8058587908220254,214.0,1480.0,94720.0,1.1145833333333333
pilot,exact_checkpoint,test,39,gate,h0_oracle,h0_oracle_full_target_residual,abs_activation,256,1,1.0,1,0.8058587908220254,0.8058587908220254,0.8058587908220254,214.0,1480.0,94720.0,0.8359375
pilot,exact_checkpoint,test,39,gate,h0_oracle,h0_oracle_full_target_residual,abs_activation,384,1,0.25,1,0.7447398716540048,0.7447398716540048,0.7447398716540048,291.0,1751.0,112064.0,4.546875
pilot,exact_checkpoint,test,39,gate,h0_oracle,h0_oracle_full_target_residual,abs_activation,384,1,0.5,1,0.7447398716540048,0.7447398716540048,0.7447398716540048,291.0,1751.0,112064.0,2.2734375
pilot,exact_checkpoint,test,39,gate,h0_oracle,h0_oracle_full_target_residual,abs_activation,384,1,0.75,1,0.7447398716540048,0.7447398716540048,0.7447398716540048,291.0,1751.0,112064.0,1.515625
pilot,exact_checkpoint,test,39,gate,h0_oracle,h0_oracle_full_target_residual,abs_activation,384,1,1.0,1,0.7447398716540048,0.7447398716540048,0.7447398716540048,291.0,1751.0,112064.0,1.13671875
pilot,exact_checkpoint,test,39,gate,h0_oracle,h0_oracle_full_target_residual,abs_activation,512,1,0.25,1,0.722113951055261,0.722113951055261,0.722113951055261,355.0,1629.0,104256.0,5.546875
pilot,exact_checkpoint,test,39,gate,h0_oracle,h0_oracle_full_target_residual,abs_activation,512,1,0.5,1,0.722113951055261,0.722113951055261,0.722113951055261,355.0,1629.0,104256.0,2.7734375
pilot,exact_checkpoint,test,39,gate,h0_oracle,h0_oracle_full_target_residual,abs_activation,512,1,0.75,1,0.722113951055261,0.722113951055261,0.722113951055261,355.0,1629.0,104256.0,1.8489583333333333
pilot,exact_checkpoint,test,39,gate,h0_oracle,h0_oracle_full_target_residual,abs_activation,512,1,1.0,1,0.722113951055261,0.722113951055261,0.722113951055261,355.0,1629.0,104256.0,1.38671875
pilot,exact_checkpoint,test,39,gate,h0_oracle,h0_oracle_full_target_residual,abs_activation,768,1,0.25,1,0.0,0.0,0.0,437.0,3464.0,221696.0,6.828125
pilot,exact_checkpoint,test,39,gate,h0_oracle,h0_oracle_full_target_residual,abs_activation,768,1,0.5,1,0.0,0.0,0.0,437.0,3464.0,221696.0,3.4140625
pilot,exact_checkpoint,test,39,gate,h0_oracle,h0_oracle_full_target_residual,abs_activation,768,1,0.75,1,0.0,0.0,0.0,437.0,3464.0,221696.0,2.2760416666666665
pilot,exact_checkpoint,test,39,gate,h0_oracle,h0_oracle_full_target_residual,abs_activation,768,1,1.0,1,0.0,0.0,0.0,437.0,3464.0,221696.0,1.70703125
pilot,exact_checkpoint,test,39,gate,h0_oracle,h0_oracle_full_target_residual,abs_activation,1024,1,0.25,1,0.0,0.0,0.0,485.0,3879.0,248256.0,7.578125
pilot,exact_checkpoint,test,39,gate,h0_oracle,h0_oracle_full_target_residual,abs_activation,1024,1,0.5,1,0.0,0.0,0.0,485.0,3879.0,248256.0,3.7890625
pilot,exact_checkpoint,test,39,gate,h0_oracle,h0_oracle_full_target_residual,abs_activation,1024,1,0.75,1,0.0,0.0,0.0,485.0,3879.0,248256.0,2.5260416666666665
pilot,exact_checkpoint,test,39,gate,h0_oracle,h0_oracle_full_target_residual,abs_activation,1024,1,1.0,1,0.0,0.0,0.0,485.0,3879.0,248256.0,1.89453125
pilot,exact_checkpoint,test,39,gate,h0_oracle,h0_oracle_full_target_residual,activation_weighted_delta_norm,64,1,0.25,1,0.39896452701164886,0.39896452701164886,0.39896452701164886,63.0,386.0,24704.0,0.984375
pilot,exact_checkpoint,test,39,gate,h0_oracle,h0_oracle_full_target_residual,activation_weighted_delta_norm,64,1,0.5,1,0.39896452701164886,0.39896452701164886,0.39896452701164886,63.0,386.0,24704.0,0.4921875
pilot,exact_checkpoint,test,39,gate,h0_oracle,h0_oracle_full_target_residual,activation_weighted_delta_norm,64,1,0.75,1,0.39896452701164886,0.39896452701164886,0.39896452701164886,63.0,386.0,24704.0,0.328125
pilot,exact_checkpoint,test,39,gate,h0_oracle,h0_oracle_full_target_residual,activation_weighted_delta_norm,64,1,1.0,1,0.39896452701164886,0.39896452701164886,0.39896452701164886,63.0,386.0,24704.0,0.24609375
pilot,exact_checkpoint,test,39,gate,h0_oracle,h0_oracle_full_target_residual,activation_weighted_delta_norm,128,1,0.25,1,0.6869386375360117,0.6869386375360117,0.6869386375360117,118.0,573.0,36672.0,1.84375
pilot,exact_checkpoint,test,39,gate,h0_oracle,h0_oracle_full_target_residual,activation_weighted_delta_norm,128,1,0.5,1,0.6869386375360117,0.6869386375360117,0.6869386375360117,118.0,573.0,36672.0,0.921875
pilot,exact_checkpoint,test,39,gate,h0_oracle,h0_oracle_full_target_residual,activation_weighted_delta_norm,128,1,0.75,1,0.6869386375360117,0.6869386375360117,0.6869386375360117,118.0,573.0,36672.0,0.6145833333333334
pilot,exact_checkpoint,test,39,gate,h0_oracle,h0_oracle_full_target_residual,activation_weighted_delta_norm,128,1,1.0,1,0.6869386375360117,0.6869386375360117,0.6869386375360117,118.0,573.0,36672.0,0.4609375
pilot,exact_checkpoint,test,39,gate,h0_oracle,h0_oracle_full_target_residual,activation_weighted_delta_norm,256,1,0.25,1,0.7393206940240968,0.7393206940240968,0.7393206940240968,212.0,1367.0,87488.0,3.3125
pilot,exact_checkpoint,test,39,gate,h0_oracle,h0_oracle_full_target_residual,activation_weighted_delta_norm,256,1,0.5,1,0.7393206940240968,0.7393206940240968,0.7393206940240968,212.0,1367.0,87488.0,1.65625
pilot,exact_checkpoint,test,39,gate,h0_oracle,h0_oracle_full_target_residual,activation_weighted_delta_norm,256,1,0.75,1,0.7393206940240968,0.7393206940240968,0.7393206940240968,212.0,1367.0,87488.0,1.1041666666666667
pilot,exact_checkpoint,test,39,gate,h0_oracle,h0_oracle_full_target_residual,activation_weighted_delta_norm,256,1,1.0,1,0.7393206940240968,0.7393206940240968,0.7393206940240968,212.0,1367.0,87488.0,0.828125
pilot,exact_checkpoint,test,39,gate,h0_oracle,h0_oracle_full_target_residual,activation_weighted_delta_norm,384,1,0.25,1,0.6986986296005884,0.6986986296005884,0.6986986296005884,287.0,1819.0,116416.0,4.484375
pilot,exact_checkpoint,test,39,gate,h0_oracle,h0_oracle_full_target_residual,activation_weighted_delta_norm,384,1,0.5,1,0.6986986296005884,0.6986986296005884,0.6986986296005884,287.0,1819.0,116416.0,2.2421875
pilot,exact_checkpoint,test,39,gate,h0_oracle,h0_oracle_full_target_residual,activation_weighted_delta_norm,384,1,0.75,1,0.6986986296005884,0.6986986296005884,0.6986986296005884,287.0,1819.0,116416.0,1.4947916666666667
pilot,exact_checkpoint,test,39,gate,h0_oracle,h0_oracle_full_target_residual,activation_weighted_delta_norm,384,1,1.0,1,0.6986986296005884,0.6986986296005884,0.6986986296005884,287.0,1819.0,116416.0,1.12109375
pilot,exact_checkpoint,test,39,gate,h0_oracle,h0_oracle_full_target_residual,activation_weighted_delta_norm,512,1,0.25,1,0.7744639228582392,0.7744639228582392,0.7744639228582392,359.0,2584.0,165376.0,5.609375
pilot,exact_checkpoint,test,39,gate,h0_oracle,h0_oracle_full_target_residual,activation_weighted_delta_norm,512,1,0.5,1,0.7744639228582392,0.7744639228582392,0.7744639228582392,359.0,2584.0,165376.0,2.8046875
pilot,exact_checkpoint,test,39,gate,h0_oracle,h0_oracle_full_target_residual,activation_weighted_delta_norm,512,1,0.75,1,0.7744639228582392,0.7744639228582392,0.7744639228582392,359.0,2584.0,165376.0,1.8697916666666667
pilot,exact_checkpoint,test,39,gate,h0_oracle,h0_oracle_full_target_residual,activation_weighted_delta_norm,512,1,1.0,1,0.7744639228582392,0.7744639228582392,0.7744639228582392,359.0,2584.0,165376.0,1.40234375
pilot,exact_checkpoint,test,39,gate,h0_oracle,h0_oracle_full_target_residual,activation_weighted_delta_norm,768,1,0.25,1,0.0,0.0,0.0,435.0,3444.0,220416.0,6.796875
pilot,exact_checkpoint,test,39,gate,h0_oracle,h0_oracle_full_target_residual,activation_weighted_delta_norm,768,1,0.5,1,0.0,0.0,0.0,435.0,3444.0,220416.0,3.3984375
pilot,exact_checkpoint,test,39,gate,h0_oracle,h0_oracle_full_target_residual,activation_weighted_delta_norm,768,1,0.75,1,0.0,0.0,0.0,435.0,3444.0,220416.0,2.265625
pilot,exact_checkpoint,test,39,gate,h0_oracle,h0_oracle_full_target_residual,activation_weighted_delta_norm,768,1,1.0,1,0.0,0.0,0.0,435.0,3444.0,220416.0,1.69921875
pilot,exact_checkpoint,test,39,gate,h0_oracle,h0_oracle_full_target_residual,activation_weighted_delta_norm,1024,1,0.25,1,0.0,0.0,0.0,483.0,3859.0,246976.0,7.546875
pilot,exact_checkpoint,test,39,gate,h0_oracle,h0_oracle_full_target_residual,activation_weighted_delta_norm,1024,1,0.5,1,0.0,0.0,0.0,483.0,3859.0,246976.0,3.7734375
pilot,exact_checkpoint,test,39,gate,h0_oracle,h0_oracle_full_target_residual,activation_weighted_delta_norm,1024,1,0.75,1,0.0,0.0,0.0,483.0,3859.0,246976.0,2.515625
pilot,exact_checkpoint,test,39,gate,h0_oracle,h0_oracle_full_target_residual,activation_weighted_delta_norm,1024,1,1.0,1,0.0,0.0,0.0,483.0,3859.0,246976.0,1.88671875
pilot,exact_checkpoint,test,39,gate,h0_oracle,h0_oracle_full_target_residual,future_proxy_weighted,64,1,0.25,1,0.6442834511938356,0.6442834511938356,0.6442834511938356,62.0,433.0,27712.0,0.96875
pilot,exact_checkpoint,test,39,gate,h0_oracle,h0_oracle_full_target_residual,future_proxy_weighted,64,1,0.5,1,0.6442834511938356,0.6442834511938356,0.6442834511938356,62.0,433.0,27712.0,0.484375
pilot,exact_checkpoint,test,39,gate,h0_oracle,h0_oracle_full_target_residual,future_proxy_weighted,64,1,0.75,1,0.6442834511938356,0.6442834511938356,0.6442834511938356,62.0,433.0,27712.0,0.3229166666666667
pilot,exact_checkpoint,test,39,gate,h0_oracle,h0_oracle_full_target_residual,future_proxy_weighted,64,1,1.0,1,0.6442834511938356,0.6442834511938356,0.6442834511938356,62.0,433.0,27712.0,0.2421875
pilot,exact_checkpoint,test,39,gate,h0_oracle,h0_oracle_full_target_residual,future_proxy_weighted,128,1,0.25,1,0.5373592544638712,0.5373592544638712,0.5373592544638712,113.0,689.0,44096.0,1.765625
pilot,exact_checkpoint,test,39,gate,h0_oracle,h0_oracle_full_target_residual,future_proxy_weighted,128,1,0.5,1,0.5373592544638712,0.5373592544638712,0.5373592544638712,113.0,689.0,44096.0,0.8828125
pilot,exact_checkpoint,test,39,gate,h0_oracle,h0_oracle_full_target_residual,future_proxy_weighted,128,1,0.75,1,0.5373592544638712,0.5373592544638712,0.5373592544638712,113.0,689.0,44096.0,0.5885416666666666
pilot,exact_checkpoint,test,39,gate,h0_oracle,h0_oracle_full_target_residual,future_proxy_weighted,128,1,1.0,1,0.5373592544638712,0.5373592544638712,0.5373592544638712,113.0,689.0,44096.0,0.44140625
pilot,exact_checkpoint,test,39,gate,h0_oracle,h0_oracle_full_target_residual,future_proxy_weighted,256,1,0.25,1,0.580846119968845,0.580846119968845,0.580846119968845,206.0,1372.0,87808.0,3.21875
pilot,exact_checkpoint,test,39,gate,h0_oracle,h0_oracle_full_target_residual,future_proxy_weighted,256,1,0.5,1,0.580846119968845,0.580846119968845,0.580846119968845,206.0,1372.0,87808.0,1.609375
pilot,exact_checkpoint,test,39,gate,h0_oracle,h0_oracle_full_target_residual,future_proxy_weighted,256,1,0.75,1,0.580846119968845,0.580846119968845,0.580846119968845,206.0,1372.0,87808.0,1.0729166666666667
pilot,exact_checkpoint,test,39,gate,h0_oracle,h0_oracle_full_target_residual,future_proxy_weighted,256,1,1.0,1,0.580846119968845,0.580846119968845,0.580846119968845,206.0,1372.0,87808.0,0.8046875
pilot,exact_checkpoint,test,39,gate,h0_oracle,h0_oracle_full_target_residual,future_proxy_weighted,384,1,0.25,1,0.651950641029547,0.651950641029547,0.651950641029547,293.0,1703.0,108992.0,4.578125
pilot,exact_checkpoint,test,39,gate,h0_oracle,h0_oracle_full_target_residual,future_proxy_weighted,384,1,0.5,1,0.651950641029547,0.651950641029547,0.651950641029547,293.0,1703.0,108992.0,2.2890625
pilot,exact_checkpoint,test,39,gate,h0_oracle,h0_oracle_full_target_residual,future_proxy_weighted,384,1,0.75,1,0.651950641029547,0.651950641029547,0.651950641029547,293.0,1703.0,108992.0,1.5260416666666667
pilot,exact_checkpoint,test,39,gate,h0_oracle,h0_oracle_full_target_residual,future_proxy_weighted,384,1,1.0,1,0.651950641029547,0.651950641029547,0.651950641029547,293.0,1703.0,108992.0,1.14453125
pilot,exact_checkpoint,test,39,gate,h0_oracle,h0_oracle_full_target_residual,future_proxy_weighted,512,1,0.25,1,0.8476397495755229,0.8476397495755229,0.8476397495755229,349.0,2237.0,143168.0,5.453125
pilot,exact_checkpoint,test,39,gate,h0_oracle,h0_oracle_full_target_residual,future_proxy_weighted,512,1,0.5,1,0.8476397495755229,0.8476397495755229,0.8476397495755229,349.0,2237.0,143168.0,2.7265625
pilot,exact_checkpoint,test,39,gate,h0_oracle,h0_oracle_full_target_residual,future_proxy_weighted,512,1,0.75,1,0.8476397495755229,0.8476397495755229,0.8476397495755229,349.0,2237.0,143168.0,1.8177083333333333
pilot,exact_checkpoint,test,39,gate,h0_oracle,h0_oracle_full_target_residual,future_proxy_weighted,512,1,1.0,1,0.8476397495755229,0.8476397495755229,0.8476397495755229,349.0,2237.0,143168.0,1.36328125
pilot,exact_checkpoint,test,39,gate,h0_oracle,h0_oracle_full_target_residual,future_proxy_weighted,768,1,0.25,1,0.0,0.0,0.0,427.0,3348.0,214272.0,6.671875
pilot,exact_checkpoint,test,39,gate,h0_oracle,h0_oracle_full_target_residual,future_proxy_weighted,768,1,0.5,1,0.0,0.0,0.0,427.0,3348.0,214272.0,3.3359375
pilot,exact_checkpoint,test,39,gate,h0_oracle,h0_oracle_full_target_residual,future_proxy_weighted,768,1,0.75,1,0.0,0.0,0.0,427.0,3348.0,214272.0,2.2239583333333335
pilot,exact_checkpoint,test,39,gate,h0_oracle,h0_oracle_full_target_residual,future_proxy_weighted,768,1,1.0,1,0.0,0.0,0.0,427.0,3348.0,214272.0,1.66796875
pilot,exact_checkpoint,test,39,gate,h0_oracle,h0_oracle_full_target_residual,future_proxy_weighted,1024,1,0.25,1,0.0,0.0,0.0,480.0,3840.0,245760.0,7.5
pilot,exact_checkpoint,test,39,gate,h0_oracle,h0_oracle_full_target_residual,future_proxy_weighted,1024,1,0.5,1,0.0,0.0,0.0,480.0,3840.0,245760.0,3.75
pilot,exact_checkpoint,test,39,gate,h0_oracle,h0_oracle_full_target_residual,future_proxy_weighted,1024,1,0.75,1,0.0,0.0,0.0,480.0,3840.0,245760.0,2.5
pilot,exact_checkpoint,test,39,gate,h0_oracle,h0_oracle_full_target_residual,future_proxy_weighted,1024,1,1.0,1,0.0,0.0,0.0,480.0,3840.0,245760.0,1.875
pilot,exact_checkpoint,test,39,up,h0_oracle,h0_oracle_full_target_residual,abs_activation,64,1,0.25,1,0.3926238226857726,0.3926238226857726,0.3926238226857726,62.0,372.0,23808.0,0.96875
pilot,exact_checkpoint,test,39,up,h0_oracle,h0_oracle_full_target_residual,abs_activation,64,1,0.5,1,0.3926238226857726,0.3926238226857726,0.3926238226857726,62.0,372.0,23808.0,0.484375
pilot,exact_checkpoint,test,39,up,h0_oracle,h0_oracle_full_target_residual,abs_activation,64,1,0.75,1,0.3926238226857726,0.3926238226857726,0.3926238226857726,62.0,372.0,23808.0,0.3229166666666667
pilot,exact_checkpoint,test,39,up,h0_oracle,h0_oracle_full_target_residual,abs_activation,64,1,1.0,1,0.3926238226857726,0.3926238226857726,0.3926238226857726,62.0,372.0,23808.0,0.2421875
pilot,exact_checkpoint,test,39,up,h0_oracle,h0_oracle_full_target_residual,abs_activation,128,1,0.25,1,0.6405101715163442,0.6405101715163442,0.6405101715163442,118.0,594.0,38016.0,1.84375
pilot,exact_checkpoint,test,39,up,h0_oracle,h0_oracle_full_target_residual,abs_activation,128,1,0.5,1,0.6405101715163442,0.6405101715163442,0.6405101715163442,118.0,594.0,38016.0,0.921875
pilot,exact_checkpoint,test,39,up,h0_oracle,h0_oracle_full_target_residual,abs_activation,128,1,0.75,1,0.6405101715163442,0.6405101715163442,0.6405101715163442,118.0,594.0,38016.0,0.6145833333333334
pilot,exact_checkpoint,test,39,up,h0_oracle,h0_oracle_full_target_residual,abs_activation,128,1,1.0,1,0.6405101715163442,0.6405101715163442,0.6405101715163442,118.0,594.0,38016.0,0.4609375
pilot,exact_checkpoint,test,39,up,h0_oracle,h0_oracle_full_target_residual,abs_activation,256,1,0.25,1,0.641215681570245,0.641215681570245,0.641215681570245,214.0,1017.0,65088.0,3.34375
pilot,exact_checkpoint,test,39,up,h0_oracle,h0_oracle_full_target_residual,abs_activation,256,1,0.5,1,0.641215681570245,0.641215681570245,0.641215681570245,214.0,1017.0,65088.0,1.671875
pilot,exact_checkpoint,test,39,up,h0_oracle,h0_oracle_full_target_residual,abs_activation,256,1,0.75,1,0.641215681570245,0.641215681570245,0.641215681570245,214.0,1017.0,65088.0,1.1145833333333333
pilot,exact_checkpoint,test,39,up,h0_oracle,h0_oracle_full_target_residual,abs_activation,256,1,1.0,1,0.641215681570245,0.641215681570245,0.641215681570245,214.0,1017.0,65088.0,0.8359375
pilot,exact_checkpoint,test,39,up,h0_oracle,h0_oracle_full_target_residual,abs_activation,384,1,0.25,1,0.766413083438969,0.766413083438969,0.766413083438969,291.0,1699.0,108736.0,4.546875
pilot,exact_checkpoint,test,39,up,h0_oracle,h0_oracle_full_target_residual,abs_activation,384,1,0.5,1,0.766413083438969,0.766413083438969,0.766413083438969,291.0,1699.0,108736.0,2.2734375
pilot,exact_checkpoint,test,39,up,h0_oracle,h0_oracle_full_target_residual,abs_activation,384,1,0.75,1,0.766413083438969,0.766413083438969,0.766413083438969,291.0,1699.0,108736.0,1.515625
pilot,exact_checkpoint,test,39,up,h0_oracle,h0_oracle_full_target_residual,abs_activation,384,1,1.0,1,0.766413083438969,0.766413083438969,0.766413083438969,291.0,1699.0,108736.0,1.13671875
pilot,exact_checkpoint,test,39,up,h0_oracle,h0_oracle_full_target_residual,abs_activation,512,1,0.25,1,0.7905026186254643,0.7905026186254643,0.7905026186254643,355.0,1597.0,102208.0,5.546875
pilot,exact_checkpoint,test,39,up,h0_oracle,h0_oracle_full_target_residual,abs_activation,512,1,0.5,1,0.7905026186254643,0.7905026186254643,0.7905026186254643,355.0,1597.0,102208.0,2.7734375
pilot,exact_checkpoint,test,39,up,h0_oracle,h0_oracle_full_target_residual,abs_activation,512,1,0.75,1,0.7905026186254643,0.7905026186254643,0.7905026186254643,355.0,1597.0,102208.0,1.8489583333333333
pilot,exact_checkpoint,test,39,up,h0_oracle,h0_oracle_full_target_residual,abs_activation,512,1,1.0,1,0.7905026186254643,0.7905026186254643,0.7905026186254643,355.0,1597.0,102208.0,1.38671875
pilot,exact_checkpoint,test,39,up,h0_oracle,h0_oracle_full_target_residual,abs_activation,768,1,0.25,1,0.7139020878767351,0.7139020878767351,0.7139020878767351,437.0,1722.0,110208.0,6.828125
pilot,exact_checkpoint,test,39,up,h0_oracle,h0_oracle_full_target_residual,abs_activation,768,1,0.5,1,0.7139020878767351,0.7139020878767351,0.7139020878767351,437.0,1722.0,110208.0,3.4140625
pilot,exact_checkpoint,test,39,up,h0_oracle,h0_oracle_full_target_residual,abs_activation,768,1,0.75,1,0.7139020878767351,0.7139020878767351,0.7139020878767351,437.0,1722.0,110208.0,2.2760416666666665
pilot,exact_checkpoint,test,39,up,h0_oracle,h0_oracle_full_target_residual,abs_activation,768,1,1.0,1,0.7139020878767351,0.7139020878767351,0.7139020878767351,437.0,1722.0,110208.0,1.70703125
pilot,exact_checkpoint,test,39,up,h0_oracle,h0_oracle_full_target_residual,abs_activation,1024,1,0.25,1,0.0,0.0,0.0,485.0,3877.0,248128.0,7.578125
pilot,exact_checkpoint,test,39,up,h0_oracle,h0_oracle_full_target_residual,abs_activation,1024,1,0.5,1,0.0,0.0,0.0,485.0,3877.0,248128.0,3.7890625
pilot,exact_checkpoint,test,39,up,h0_oracle,h0_oracle_full_target_residual,abs_activation,1024,1,0.75,1,0.0,0.0,0.0,485.0,3877.0,248128.0,2.5260416666666665
pilot,exact_checkpoint,test,39,up,h0_oracle,h0_oracle_full_target_residual,abs_activation,1024,1,1.0,1,0.0,0.0,0.0,485.0,3877.0,248128.0,1.89453125
pilot,exact_checkpoint,test,39,up,h0_oracle,h0_oracle_full_target_residual,activation_weighted_delta_norm,64,1,0.25,1,0.35581255243091536,0.35581255243091536,0.35581255243091536,63.0,403.0,25792.0,0.984375
pilot,exact_checkpoint,test,39,up,h0_oracle,h0_oracle_full_target_residual,activation_weighted_delta_norm,64,1,0.5,1,0.35581255243091536,0.35581255243091536,0.35581255243091536,63.0,403.0,25792.0,0.4921875
pilot,exact_checkpoint,test,39,up,h0_oracle,h0_oracle_full_target_residual,activation_weighted_delta_norm,64,1,0.75,1,0.35581255243091536,0.35581255243091536,0.35581255243091536,63.0,403.0,25792.0,0.328125
pilot,exact_checkpoint,test,39,up,h0_oracle,h0_oracle_full_target_residual,activation_weighted_delta_norm,64,1,1.0,1,0.35581255243091536,0.35581255243091536,0.35581255243091536,63.0,403.0,25792.0,0.24609375
pilot,exact_checkpoint,test,39,up,h0_oracle,h0_oracle_full_target_residual,activation_weighted_delta_norm,128,1,0.25,1,0.5502147941144793,0.5502147941144793,0.5502147941144793,119.0,605.0,38720.0,1.859375
pilot,exact_checkpoint,test,39,up,h0_oracle,h0_oracle_full_target_residual,activation_weighted_delta_norm,128,1,0.5,1,0.5502147941144793,0.5502147941144793,0.5502147941144793,119.0,605.0,38720.0,0.9296875
pilot,exact_checkpoint,test,39,up,h0_oracle,h0_oracle_full_target_residual,activation_weighted_delta_norm,128,1,0.75,1,0.5502147941144793,0.5502147941144793,0.5502147941144793,119.0,605.0,38720.0,0.6197916666666666
pilot,exact_checkpoint,test,39,up,h0_oracle,h0_oracle_full_target_residual,activation_weighted_delta_norm,128,1,1.0,1,0.5502147941144793,0.5502147941144793,0.5502147941144793,119.0,605.0,38720.0,0.46484375
pilot,exact_checkpoint,test,39,up,h0_oracle,h0_oracle_full_target_residual,activation_weighted_delta_norm,256,1,0.25,1,0.7325787897129393,0.7325787897129393,0.7325787897129393,212.0,1100.0,70400.0,3.3125
pilot,exact_checkpoint,test,39,up,h0_oracle,h0_oracle_full_target_residual,activation_weighted_delta_norm,256,1,0.5,1,0.7325787897129393,0.7325787897129393,0.7325787897129393,212.0,1100.0,70400.0,1.65625
pilot,exact_checkpoint,test,39,up,h0_oracle,h0_oracle_full_target_residual,activation_weighted_delta_norm,256,1,0.75,1,0.7325787897129393,0.7325787897129393,0.7325787897129393,212.0,1100.0,70400.0,1.1041666666666667
pilot,exact_checkpoint,test,39,up,h0_oracle,h0_oracle_full_target_residual,activation_weighted_delta_norm,256,1,1.0,1,0.7325787897129393,0.7325787897129393,0.7325787897129393,212.0,1100.0,70400.0,0.828125
pilot,exact_checkpoint,test,39,up,h0_oracle,h0_oracle_full_target_residual,activation_weighted_delta_norm,384,1,0.25,1,0.7492080736845417,0.7492080736845417,0.7492080736845417,290.0,1749.0,111936.0,4.53125
pilot,exact_checkpoint,test,39,up,h0_oracle,h0_oracle_full_target_residual,activation_weighted_delta_norm,384,1,0.5,1,0.7492080736845417,0.7492080736845417,0.7492080736845417,290.0,1749.0,111936.0,2.265625
pilot,exact_checkpoint,test,39,up,h0_oracle,h0_oracle_full_target_residual,activation_weighted_delta_norm,384,1,0.75,1,0.7492080736845417,0.7492080736845417,0.7492080736845417,290.0,1749.0,111936.0,1.5104166666666667
pilot,exact_checkpoint,test,39,up,h0_oracle,h0_oracle_full_target_residual,activation_weighted_delta_norm,384,1,1.0,1,0.7492080736845417,0.7492080736845417,0.7492080736845417,290.0,1749.0,111936.0,1.1328125
pilot,exact_checkpoint,test,39,up,h0_oracle,h0_oracle_full_target_residual,activation_weighted_delta_norm,512,1,0.25,1,0.723279008166939,0.723279008166939,0.723279008166939,354.0,1820.0,116480.0,5.53125
pilot,exact_checkpoint,test,39,up,h0_oracle,h0_oracle_full_target_residual,activation_weighted_delta_norm,512,1,0.5,1,0.723279008166939,0.723279008166939,0.723279008166939,354.0,1820.0,116480.0,2.765625
pilot,exact_checkpoint,test,39,up,h0_oracle,h0_oracle_full_target_residual,activation_weighted_delta_norm,512,1,0.75,1,0.723279008166939,0.723279008166939,0.723279008166939,354.0,1820.0,116480.0,1.84375
pilot,exact_checkpoint,test,39,up,h0_oracle,h0_oracle_full_target_residual,activation_weighted_delta_norm,512,1,1.0,1,0.723279008166939,0.723279008166939,0.723279008166939,354.0,1820.0,116480.0,1.3828125
pilot,exact_checkpoint,test,39,up,h0_oracle,h0_oracle_full_target_residual,activation_weighted_delta_norm,768,1,0.25,1,0.6592236993746792,0.6592236993746792,0.6592236993746792,436.0,1770.0,113280.0,6.8125
pilot,exact_checkpoint,test,39,up,h0_oracle,h0_oracle_full_target_residual,activation_weighted_delta_norm,768,1,0.5,1,0.6592236993746792,0.6592236993746792,0.6592236993746792,436.0,1770.0,113280.0,3.40625
pilot,exact_checkpoint,test,39,up,h0_oracle,h0_oracle_full_target_residual,activation_weighted_delta_norm,768,1,0.75,1,0.6592236993746792,0.6592236993746792,0.6592236993746792,436.0,1770.0,113280.0,2.2708333333333335
pilot,exact_checkpoint,test,39,up,h0_oracle,h0_oracle_full_target_residual,activation_weighted_delta_norm,768,1,1.0,1,0.6592236993746792,0.6592236993746792,0.6592236993746792,436.0,1770.0,113280.0,1.703125
pilot,exact_checkpoint,test,39,up,h0_oracle,h0_oracle_full_target_residual,activation_weighted_delta_norm,1024,1,0.25,1,0.0,0.0,0.0,484.0,3867.0,247488.0,7.5625
pilot,exact_checkpoint,test,39,up,h0_oracle,h0_oracle_full_target_residual,activation_weighted_delta_norm,1024,1,0.5,1,0.0,0.0,0.0,484.0,3867.0,247488.0,3.78125
pilot,exact_checkpoint,test,39,up,h0_oracle,h0_oracle_full_target_residual,activation_weighted_delta_norm,1024,1,0.75,1,0.0,0.0,0.0,484.0,3867.0,247488.0,2.5208333333333335
pilot,exact_checkpoint,test,39,up,h0_oracle,h0_oracle_full_target_residual,activation_weighted_delta_norm,1024,1,1.0,1,0.0,0.0,0.0,484.0,3867.0,247488.0,1.890625
pilot,exact_checkpoint,test,39,up,h0_oracle,h0_oracle_full_target_residual,future_proxy_weighted,64,1,0.25,1,-0.13433859036610912,-0.13433859036610912,-0.13433859036610912,62.0,318.0,20352.0,0.96875
pilot,exact_checkpoint,test,39,up,h0_oracle,h0_oracle_full_target_residual,future_proxy_weighted,64,1,0.5,1,-0.13433859036610912,-0.13433859036610912,-0.13433859036610912,62.0,318.0,20352.0,0.484375
pilot,exact_checkpoint,test,39,up,h0_oracle,h0_oracle_full_target_residual,future_proxy_weighted,64,1,0.75,1,-0.13433859036610912,-0.13433859036610912,-0.13433859036610912,62.0,318.0,20352.0,0.3229166666666667
pilot,exact_checkpoint,test,39,up,h0_oracle,h0_oracle_full_target_residual,future_proxy_weighted,64,1,1.0,1,-0.13433859036610912,-0.13433859036610912,-0.13433859036610912,62.0,318.0,20352.0,0.2421875
pilot,exact_checkpoint,test,39,up,h0_oracle,h0_oracle_full_target_residual,future_proxy_weighted,128,1,0.25,1,0.15724621049347257,0.15724621049347257,0.15724621049347257,119.0,597.0,38208.0,1.859375
pilot,exact_checkpoint,test,39,up,h0_oracle,h0_oracle_full_target_residual,future_proxy_weighted,128,1,0.5,1,0.15724621049347257,0.15724621049347257,0.15724621049347257,119.0,597.0,38208.0,0.9296875
pilot,exact_checkpoint,test,39,up,h0_oracle,h0_oracle_full_target_residual,future_proxy_weighted,128,1,0.75,1,0.15724621049347257,0.15724621049347257,0.15724621049347257,119.0,597.0,38208.0,0.6197916666666666
pilot,exact_checkpoint,test,39,up,h0_oracle,h0_oracle_full_target_residual,future_proxy_weighted,128,1,1.0,1,0.15724621049347257,0.15724621049347257,0.15724621049347257,119.0,597.0,38208.0,0.46484375
pilot,exact_checkpoint,test,39,up,h0_oracle,h0_oracle_full_target_residual,future_proxy_weighted,256,1,0.25,1,0.48049897099175803,0.48049897099175803,0.48049897099175803,213.0,1085.0,69440.0,3.328125
pilot,exact_checkpoint,test,39,up,h0_oracle,h0_oracle_full_target_residual,future_proxy_weighted,256,1,0.5,1,0.48049897099175803,0.48049897099175803,0.48049897099175803,213.0,1085.0,69440.0,1.6640625
pilot,exact_checkpoint,test,39,up,h0_oracle,h0_oracle_full_target_residual,future_proxy_weighted,256,1,0.75,1,0.48049897099175803,0.48049897099175803,0.48049897099175803,213.0,1085.0,69440.0,1.109375
pilot,exact_checkpoint,test,39,up,h0_oracle,h0_oracle_full_target_residual,future_proxy_weighted,256,1,1.0,1,0.48049897099175803,0.48049897099175803,0.48049897099175803,213.0,1085.0,69440.0,0.83203125
pilot,exact_checkpoint,test,39,up,h0_oracle,h0_oracle_full_target_residual,future_proxy_weighted,384,1,0.25,1,0.6610485428814077,0.6610485428814077,0.6610485428814077,287.0,1510.0,96640.0,4.484375
pilot,exact_checkpoint,test,39,up,h0_oracle,h0_oracle_full_target_residual,future_proxy_weighted,384,1,0.5,1,0.6610485428814077,0.6610485428814077,0.6610485428814077,287.0,1510.0,96640.0,2.2421875
pilot,exact_checkpoint,test,39,up,h0_oracle,h0_oracle_full_target_residual,future_proxy_weighted,384,1,0.75,1,0.6610485428814077,0.6610485428814077,0.6610485428814077,287.0,1510.0,96640.0,1.4947916666666667
pilot,exact_checkpoint,test,39,up,h0_oracle,h0_oracle_full_target_residual,future_proxy_weighted,384,1,1.0,1,0.6610485428814077,0.6610485428814077,0.6610485428814077,287.0,1510.0,96640.0,1.12109375
pilot,exact_checkpoint,test,39,up,h0_oracle,h0_oracle_full_target_residual,future_proxy_weighted,512,1,0.25,1,0.6272257954762192,0.6272257954762192,0.6272257954762192,355.0,2019.0,129216.0,5.546875
pilot,exact_checkpoint,test,39,up,h0_oracle,h0_oracle_full_target_residual,future_proxy_weighted,512,1,0.5,1,0.6272257954762192,0.6272257954762192,0.6272257954762192,355.0,2019.0,129216.0,2.7734375
pilot,exact_checkpoint,test,39,up,h0_oracle,h0_oracle_full_target_residual,future_proxy_weighted,512,1,0.75,1,0.6272257954762192,0.6272257954762192,0.6272257954762192,355.0,2019.0,129216.0,1.8489583333333333
pilot,exact_checkpoint,test,39,up,h0_oracle,h0_oracle_full_target_residual,future_proxy_weighted,512,1,1.0,1,0.6272257954762192,0.6272257954762192,0.6272257954762192,355.0,2019.0,129216.0,1.38671875
pilot,exact_checkpoint,test,39,up,h0_oracle,h0_oracle_full_target_residual,future_proxy_weighted,768,1,0.25,1,0.37786839012928464,0.37786839012928464,0.37786839012928464,441.0,1890.0,120960.0,6.890625
pilot,exact_checkpoint,test,39,up,h0_oracle,h0_oracle_full_target_residual,future_proxy_weighted,768,1,0.5,1,0.37786839012928464,0.37786839012928464,0.37786839012928464,441.0,1890.0,120960.0,3.4453125
pilot,exact_checkpoint,test,39,up,h0_oracle,h0_oracle_full_target_residual,future_proxy_weighted,768,1,0.75,1,0.37786839012928464,0.37786839012928464,0.37786839012928464,441.0,1890.0,120960.0,2.296875
pilot,exact_checkpoint,test,39,up,h0_oracle,h0_oracle_full_target_residual,future_proxy_weighted,768,1,1.0,1,0.37786839012928464,0.37786839012928464,0.37786839012928464,441.0,1890.0,120960.0,1.72265625
pilot,exact_checkpoint,test,39,up,h0_oracle,h0_oracle_full_target_residual,future_proxy_weighted,1024,1,0.25,1,0.0,0.0,0.0,479.0,3815.0,244160.0,7.484375
pilot,exact_checkpoint,test,39,up,h0_oracle,h0_oracle_full_target_residual,future_proxy_weighted,1024,1,0.5,1,0.0,0.0,0.0,479.0,3815.0,244160.0,3.7421875
pilot,exact_checkpoint,test,39,up,h0_oracle,h0_oracle_full_target_residual,future_proxy_weighted,1024,1,0.75,1,0.0,0.0,0.0,479.0,3815.0,244160.0,2.4947916666666665
pilot,exact_checkpoint,test,39,up,h0_oracle,h0_oracle_full_target_residual,future_proxy_weighted,1024,1,1.0,1,0.0,0.0,0.0,479.0,3815.0,244160.0,1.87109375
pilot,exact_checkpoint,validation,0,gate,h0_oracle,h0_oracle_full_target_residual,abs_activation,64,1,0.25,7,0.3953249160439782,0.5856317976023692,0.6523399995645562,61.0,284.0,18176.0,0.975
pilot,exact_checkpoint,validation,0,gate,h0_oracle,h0_oracle_full_target_residual,abs_activation,64,1,0.5,7,0.3953249160439782,0.5856317976023692,0.6523399995645562,61.0,284.0,18176.0,0.4875
pilot,exact_checkpoint,validation,0,gate,h0_oracle,h0_oracle_full_target_residual,abs_activation,64,1,0.75,7,0.3953249160439782,0.5856317976023692,0.6523399995645562,61.0,284.0,18176.0,0.325
pilot,exact_checkpoint,validation,0,gate,h0_oracle,h0_oracle_full_target_residual,abs_activation,64,1,1.0,7,0.3953249160439782,0.5856317976023692,0.6523399995645562,61.0,284.0,18176.0,0.24375
pilot,exact_checkpoint,validation,0,gate,h0_oracle,h0_oracle_full_target_residual,abs_activation,128,1,0.25,7,0.6033529752086885,0.6318964376995642,0.7290284057224412,117.0,600.0,38400.0,1.859375
pilot,exact_checkpoint,validation,0,gate,h0_oracle,h0_oracle_full_target_residual,abs_activation,128,1,0.5,7,0.6033529752086885,0.6318964376995642,0.7290284057224412,117.0,600.0,38400.0,0.9296875
pilot,exact_checkpoint,validation,0,gate,h0_oracle,h0_oracle_full_target_residual,abs_activation,128,1,0.75,7,0.6033529752086885,0.6318964376995642,0.7290284057224412,117.0,600.0,38400.0,0.6197916666666666
pilot,exact_checkpoint,validation,0,gate,h0_oracle,h0_oracle_full_target_residual,abs_activation,128,1,1.0,7,0.6033529752086885,0.6318964376995642,0.7290284057224412,117.0,600.0,38400.0,0.46484375
pilot,exact_checkpoint,validation,0,gate,h0_oracle,h0_oracle_full_target_residual,abs_activation,256,1,0.25,7,0.7880248834736602,0.8429407362153126,0.908635776673681,215.0,1072.0,68608.0,3.41875
pilot,exact_checkpoint,validation,0,gate,h0_oracle,h0_oracle_full_target_residual,abs_activation,256,1,0.5,7,0.7880248834736602,0.8429407362153126,0.908635776673681,215.0,1072.0,68608.0,1.709375
pilot,exact_checkpoint,validation,0,gate,h0_oracle,h0_oracle_full_target_residual,abs_activation,256,1,0.75,7,0.7880248834736602,0.8429407362153126,0.908635776673681,215.0,1072.0,68608.0,1.1395833333333334
pilot,exact_checkpoint,validation,0,gate,h0_oracle,h0_oracle_full_target_residual,abs_activation,256,1,1.0,7,0.7880248834736602,0.8429407362153126,0.908635776673681,215.0,1072.0,68608.0,0.8546875
pilot,exact_checkpoint,validation,0,gate,h0_oracle,h0_oracle_full_target_residual,abs_activation,384,1,0.25,7,0.8313336879875023,0.8931792741137401,0.9352790984663726,290.0,1201.0,76864.0,4.66875
pilot,exact_checkpoint,validation,0,gate,h0_oracle,h0_oracle_full_target_residual,abs_activation,384,1,0.5,7,0.8313336879875023,0.8931792741137401,0.9352790984663726,290.0,1201.0,76864.0,2.334375
pilot,exact_checkpoint,validation,0,gate,h0_oracle,h0_oracle_full_target_residual,abs_activation,384,1,0.75,7,0.8313336879875023,0.8931792741137401,0.9352790984663726,290.0,1201.0,76864.0,1.55625
pilot,exact_checkpoint,validation,0,gate,h0_oracle,h0_oracle_full_target_residual,abs_activation,384,1,1.0,7,0.8313336879875023,0.8931792741137401,0.9352790984663726,290.0,1201.0,76864.0,1.1671875
pilot,exact_checkpoint,validation,0,gate,h0_oracle,h0_oracle_full_target_residual,abs_activation,512,1,0.25,7,0.8664489190359687,0.9138856609169748,0.9454817060097871,351.0,1417.0,90688.0,5.521875
pilot,exact_checkpoint,validation,0,gate,h0_oracle,h0_oracle_full_target_residual,abs_activation,512,1,0.5,7,0.8664489190359687,0.9138856609169748,0.9454817060097871,351.0,1417.0,90688.0,2.7609375
pilot,exact_checkpoint,validation,0,gate,h0_oracle,h0_oracle_full_target_residual,abs_activation,512,1,0.75,7,0.8664489190359687,0.9138856609169748,0.9454817060097871,351.0,1417.0,90688.0,1.840625
pilot,exact_checkpoint,validation,0,gate,h0_oracle,h0_oracle_full_target_residual,abs_activation,512,1,1.0,7,0.8664489190359687,0.9138856609169748,0.9454817060097871,351.0,1417.0,90688.0,1.38046875
pilot,exact_checkpoint,validation,0,gate,h0_oracle,h0_oracle_full_target_residual,abs_activation,768,1,0.25,7,0.9122494904041047,0.9313068013677341,0.956100986508113,432.0,1294.0,82816.0,6.8375
pilot,exact_checkpoint,validation,0,gate,h0_oracle,h0_oracle_full_target_residual,abs_activation,768,1,0.5,7,0.9122494904041047,0.9313068013677341,0.956100986508113,432.0,1294.0,82816.0,3.41875
pilot,exact_checkpoint,validation,0,gate,h0_oracle,h0_oracle_full_target_residual,abs_activation,768,1,0.75,7,0.9122494904041047,0.9313068013677341,0.956100986508113,432.0,1294.0,82816.0,2.279166666666667
pilot,exact_checkpoint,validation,0,gate,h0_oracle,h0_oracle_full_target_residual,abs_activation,768,1,1.0,7,0.9122494904041047,0.9313068013677341,0.956100986508113,432.0,1294.0,82816.0,1.709375
pilot,exact_checkpoint,validation,0,gate,h0_oracle,h0_oracle_full_target_residual,abs_activation,1024,1,0.25,7,0.8275092172708195,0.8704544042223732,0.9862662202125035,481.0,1353.0,86592.0,7.6625
pilot,exact_checkpoint,validation,0,gate,h0_oracle,h0_oracle_full_target_residual,abs_activation,1024,1,0.5,7,0.8275092172708195,0.8704544042223732,0.9862662202125035,481.0,1353.0,86592.0,3.83125
pilot,exact_checkpoint,validation,0,gate,h0_oracle,h0_oracle_full_target_residual,abs_activation,1024,1,0.75,7,0.8275092172708195,0.8704544042223732,0.9862662202125035,481.0,1353.0,86592.0,2.5541666666666667
pilot,exact_checkpoint,validation,0,gate,h0_oracle,h0_oracle_full_target_residual,abs_activation,1024,1,1.0,7,0.8275092172708195,0.8704544042223732,0.9862662202125035,481.0,1353.0,86592.0,1.915625
pilot,exact_checkpoint,validation,0,gate,h0_oracle,h0_oracle_full_target_residual,activation_weighted_delta_norm,64,1,0.25,7,0.5253405939750403,0.5981921397454258,0.7014661957077953,62.0,282.0,18048.0,0.990625
pilot,exact_checkpoint,validation,0,gate,h0_oracle,h0_oracle_full_target_residual,activation_weighted_delta_norm,64,1,0.5,7,0.5253405939750403,0.5981921397454258,0.7014661957077953,62.0,282.0,18048.0,0.4953125
pilot,exact_checkpoint,validation,0,gate,h0_oracle,h0_oracle_full_target_residual,activation_weighted_delta_norm,64,1,0.75,7,0.5253405939750403,0.5981921397454258,0.7014661957077953,62.0,282.0,18048.0,0.3302083333333333
pilot,exact_checkpoint,validation,0,gate,h0_oracle,h0_oracle_full_target_residual,activation_weighted_delta_norm,64,1,1.0,7,0.5253405939750403,0.5981921397454258,0.7014661957077953,62.0,282.0,18048.0,0.24765625
pilot,exact_checkpoint,validation,0,gate,h0_oracle,h0_oracle_full_target_residual,activation_weighted_delta_norm,128,1,0.25,7,0.6210777468099908,0.6869440046923444,0.7628137471319579,116.0,585.0,37440.0,1.865625
pilot,exact_checkpoint,validation,0,gate,h0_oracle,h0_oracle_full_target_residual,activation_weighted_delta_norm,128,1,0.5,7,0.6210777468099908,0.6869440046923444,0.7628137471319579,116.0,585.0,37440.0,0.9328125
pilot,exact_checkpoint,validation,0,gate,h0_oracle,h0_oracle_full_target_residual,activation_weighted_delta_norm,128,1,0.75,7,0.6210777468099908,0.6869440046923444,0.7628137471319579,116.0,585.0,37440.0,0.621875
pilot,exact_checkpoint,validation,0,gate,h0_oracle,h0_oracle_full_target_residual,activation_weighted_delta_norm,128,1,1.0,7,0.6210777468099908,0.6869440046923444,0.7628137471319579,116.0,585.0,37440.0,0.46640625
pilot,exact_checkpoint,validation,0,gate,h0_oracle,h0_oracle_full_target_residual,activation_weighted_delta_norm,256,1,0.25,7,0.7899102204595834,0.8026026467957085,0.8866838943476295,214.0,1021.0,65344.0,3.421875
pilot,exact_checkpoint,validation,0,gate,h0_oracle,h0_oracle_full_target_residual,activation_weighted_delta_norm,256,1,0.5,7,0.7899102204595834,0.8026026467957085,0.8866838943476295,214.0,1021.0,65344.0,1.7109375
pilot,exact_checkpoint,validation,0,gate,h0_oracle,h0_oracle_full_target_residual,activation_weighted_delta_norm,256,1,0.75,7,0.7899102204595834,0.8026026467957085,0.8866838943476295,214.0,1021.0,65344.0,1.140625
pilot,exact_checkpoint,validation,0,gate,h0_oracle,h0_oracle_full_target_residual,activation_weighted_delta_norm,256,1,1.0,7,0.7899102204595834,0.8026026467957085,0.8866838943476295,214.0,1021.0,65344.0,0.85546875
pilot,exact_checkpoint,validation,0,gate,h0_oracle,h0_oracle_full_target_residual,activation_weighted_delta_norm,384,1,0.25,7,0.8300216362321362,0.8935409882294694,0.926629617160623,293.0,1285.0,82240.0,4.625
pilot,exact_checkpoint,validation,0,gate,h0_oracle,h0_oracle_full_target_residual,activation_weighted_delta_norm,384,1,0.5,7,0.8300216362321362,0.8935409882294694,0.926629617160623,293.0,1285.0,82240.0,2.3125
pilot,exact_checkpoint,validation,0,gate,h0_oracle,h0_oracle_full_target_residual,activation_weighted_delta_norm,384,1,0.75,7,0.8300216362321362,0.8935409882294694,0.926629617160623,293.0,1285.0,82240.0,1.5416666666666667
pilot,exact_checkpoint,validation,0,gate,h0_oracle,h0_oracle_full_target_residual,activation_weighted_delta_norm,384,1,1.0,7,0.8300216362321362,0.8935409882294694,0.926629617160623,293.0,1285.0,82240.0,1.15625
pilot,exact_checkpoint,validation,0,gate,h0_oracle,h0_oracle_full_target_residual,activation_weighted_delta_norm,512,1,0.25,7,0.8651922501401983,0.9296463587041923,0.9646738295963045,350.0,1384.0,88576.0,5.5
pilot,exact_checkpoint,validation,0,gate,h0_oracle,h0_oracle_full_target_residual,activation_weighted_delta_norm,512,1,0.5,7,0.8651922501401983,0.9296463587041923,0.9646738295963045,350.0,1384.0,88576.0,2.75
pilot,exact_checkpoint,validation,0,gate,h0_oracle,h0_oracle_full_target_residual,activation_weighted_delta_norm,512,1,0.75,7,0.8651922501401983,0.9296463587041923,0.9646738295963045,350.0,1384.0,88576.0,1.8333333333333333
pilot,exact_checkpoint,validation,0,gate,h0_oracle,h0_oracle_full_target_residual,activation_weighted_delta_norm,512,1,1.0,7,0.8651922501401983,0.9296463587041923,0.9646738295963045,350.0,1384.0,88576.0,1.375
pilot,exact_checkpoint,validation,0,gate,h0_oracle,h0_oracle_full_target_residual,activation_weighted_delta_norm,768,1,0.25,7,0.9070125849242995,0.9413648937287888,0.9547580261618859,431.0,1421.0,90944.0,6.815625
pilot,exact_checkpoint,validation,0,gate,h0_oracle,h0_oracle_full_target_residual,activation_weighted_delta_norm,768,1,0.5,7,0.9070125849242995,0.9413648937287888,0.9547580261618859,431.0,1421.0,90944.0,3.4078125
pilot,exact_checkpoint,validation,0,gate,h0_oracle,h0_oracle_full_target_residual,activation_weighted_delta_norm,768,1,0.75,7,0.9070125849242995,0.9413648937287888,0.9547580261618859,431.0,1421.0,90944.0,2.271875
pilot,exact_checkpoint,validation,0,gate,h0_oracle,h0_oracle_full_target_residual,activation_weighted_delta_norm,768,1,1.0,7,0.9070125849242995,0.9413648937287888,0.9547580261618859,431.0,1421.0,90944.0,1.70390625
pilot,exact_checkpoint,validation,0,gate,h0_oracle,h0_oracle_full_target_residual,activation_weighted_delta_norm,1024,1,0.25,7,0.7970702384684861,0.9160604580652795,0.9747532498993339,481.0,1446.0,92544.0,7.665625
pilot,exact_checkpoint,validation,0,gate,h0_oracle,h0_oracle_full_target_residual,activation_weighted_delta_norm,1024,1,0.5,7,0.7970702384684861,0.9160604580652795,0.9747532498993339,481.0,1446.0,92544.0,3.8328125
pilot,exact_checkpoint,validation,0,gate,h0_oracle,h0_oracle_full_target_residual,activation_weighted_delta_norm,1024,1,0.75,7,0.7970702384684861,0.9160604580652795,0.9747532498993339,481.0,1446.0,92544.0,2.5552083333333333
pilot,exact_checkpoint,validation,0,gate,h0_oracle,h0_oracle_full_target_residual,activation_weighted_delta_norm,1024,1,1.0,7,0.7970702384684861,0.9160604580652795,0.9747532498993339,481.0,1446.0,92544.0,1.91640625
pilot,exact_checkpoint,validation,0,gate,h0_oracle,h0_oracle_full_target_residual,future_proxy_weighted,64,1,0.25,7,0.3653003714136823,0.5281760811708328,0.6943959737019849,61.0,337.0,21568.0,0.975
pilot,exact_checkpoint,validation,0,gate,h0_oracle,h0_oracle_full_target_residual,future_proxy_weighted,64,1,0.5,7,0.3653003714136823,0.5281760811708328,0.6943959737019849,61.0,337.0,21568.0,0.4875
pilot,exact_checkpoint,validation,0,gate,h0_oracle,h0_oracle_full_target_residual,future_proxy_weighted,64,1,0.75,7,0.3653003714136823,0.5281760811708328,0.6943959737019849,61.0,337.0,21568.0,0.325
pilot,exact_checkpoint,validation,0,gate,h0_oracle,h0_oracle_full_target_residual,future_proxy_weighted,64,1,1.0,7,0.3653003714136823,0.5281760811708328,0.6943959737019849,61.0,337.0,21568.0,0.24375
pilot,exact_checkpoint,validation,0,gate,h0_oracle,h0_oracle_full_target_residual,future_proxy_weighted,128,1,0.25,7,0.5726251044254869,0.6341614125475808,0.7642179902665022,117.0,556.0,35584.0,1.878125
pilot,exact_checkpoint,validation,0,gate,h0_oracle,h0_oracle_full_target_residual,future_proxy_weighted,128,1,0.5,7,0.5726251044254869,0.6341614125475808,0.7642179902665022,117.0,556.0,35584.0,0.9390625
pilot,exact_checkpoint,validation,0,gate,h0_oracle,h0_oracle_full_target_residual,future_proxy_weighted,128,1,0.75,7,0.5726251044254869,0.6341614125475808,0.7642179902665022,117.0,556.0,35584.0,0.6260416666666666
pilot,exact_checkpoint,validation,0,gate,h0_oracle,h0_oracle_full_target_residual,future_proxy_weighted,128,1,1.0,7,0.5726251044254869,0.6341614125475808,0.7642179902665022,117.0,556.0,35584.0,0.46953125
pilot,exact_checkpoint,validation,0,gate,h0_oracle,h0_oracle_full_target_residual,future_proxy_weighted,256,1,0.25,7,0.7633294141817882,0.8048415873517951,0.8677113859863914,212.0,945.0,60480.0,3.478125
pilot,exact_checkpoint,validation,0,gate,h0_oracle,h0_oracle_full_target_residual,future_proxy_weighted,256,1,0.5,7,0.7633294141817882,0.8048415873517951,0.8677113859863914,212.0,945.0,60480.0,1.7390625
pilot,exact_checkpoint,validation,0,gate,h0_oracle,h0_oracle_full_target_residual,future_proxy_weighted,256,1,0.75,7,0.7633294141817882,0.8048415873517951,0.8677113859863914,212.0,945.0,60480.0,1.159375
pilot,exact_checkpoint,validation,0,gate,h0_oracle,h0_oracle_full_target_residual,future_proxy_weighted,256,1,1.0,7,0.7633294141817882,0.8048415873517951,0.8677113859863914,212.0,945.0,60480.0,0.86953125
pilot,exact_checkpoint,validation,0,gate,h0_oracle,h0_oracle_full_target_residual,future_proxy_weighted,384,1,0.25,7,0.834221946414165,0.8739982989503501,0.9300154844549721,291.0,1271.0,81344.0,4.615625
pilot,exact_checkpoint,validation,0,gate,h0_oracle,h0_oracle_full_target_residual,future_proxy_weighted,384,1,0.5,7,0.834221946414165,0.8739982989503501,0.9300154844549721,291.0,1271.0,81344.0,2.3078125
pilot,exact_checkpoint,validation,0,gate,h0_oracle,h0_oracle_full_target_residual,future_proxy_weighted,384,1,0.75,7,0.834221946414165,0.8739982989503501,0.9300154844549721,291.0,1271.0,81344.0,1.5385416666666667
pilot,exact_checkpoint,validation,0,gate,h0_oracle,h0_oracle_full_target_residual,future_proxy_weighted,384,1,1.0,7,0.834221946414165,0.8739982989503501,0.9300154844549721,291.0,1271.0,81344.0,1.15390625
pilot,exact_checkpoint,validation,0,gate,h0_oracle,h0_oracle_full_target_residual,future_proxy_weighted,512,1,0.25,7,0.8868226292119661,0.9215386063036302,0.9435052229652244,347.0,1310.0,83840.0,5.5625
pilot,exact_checkpoint,validation,0,gate,h0_oracle,h0_oracle_full_target_residual,future_proxy_weighted,512,1,0.5,7,0.8868226292119661,0.9215386063036302,0.9435052229652244,347.0,1310.0,83840.0,2.78125
pilot,exact_checkpoint,validation,0,gate,h0_oracle,h0_oracle_full_target_residual,future_proxy_weighted,512,1,0.75,7,0.8868226292119661,0.9215386063036302,0.9435052229652244,347.0,1310.0,83840.0,1.8541666666666667
pilot,exact_checkpoint,validation,0,gate,h0_oracle,h0_oracle_full_target_residual,future_proxy_weighted,512,1,1.0,7,0.8868226292119661,0.9215386063036302,0.9435052229652244,347.0,1310.0,83840.0,1.390625
pilot,exact_checkpoint,validation,0,gate,h0_oracle,h0_oracle_full_target_residual,future_proxy_weighted,768,1,0.25,7,0.8788286754600635,0.9341240054687635,0.9647548016244737,433.0,1328.0,84992.0,6.8125
pilot,exact_checkpoint,validation,0,gate,h0_oracle,h0_oracle_full_target_residual,future_proxy_weighted,768,1,0.5,7,0.8788286754600635,0.9341240054687635,0.9647548016244737,433.0,1328.0,84992.0,3.40625
pilot,exact_checkpoint,validation,0,gate,h0_oracle,h0_oracle_full_target_residual,future_proxy_weighted,768,1,0.75,7,0.8788286754600635,0.9341240054687635,0.9647548016244737,433.0,1328.0,84992.0,2.2708333333333335
pilot,exact_checkpoint,validation,0,gate,h0_oracle,h0_oracle_full_target_residual,future_proxy_weighted,768,1,1.0,7,0.8788286754600635,0.9341240054687635,0.9647548016244737,433.0,1328.0,84992.0,1.703125
pilot,exact_checkpoint,validation,0,gate,h0_oracle,h0_oracle_full_target_residual,future_proxy_weighted,1024,1,0.25,7,0.7148772228259916,0.9453365614771163,1.028771744325012,480.0,1340.0,85760.0,7.60625
pilot,exact_checkpoint,validation,0,gate,h0_oracle,h0_oracle_full_target_residual,future_proxy_weighted,1024,1,0.5,7,0.7148772228259916,0.9453365614771163,1.028771744325012,480.0,1340.0,85760.0,3.803125
pilot,exact_checkpoint,validation,0,gate,h0_oracle,h0_oracle_full_target_residual,future_proxy_weighted,1024,1,0.75,7,0.7148772228259916,0.9453365614771163,1.028771744325012,480.0,1340.0,85760.0,2.5354166666666664
pilot,exact_checkpoint,validation,0,gate,h0_oracle,h0_oracle_full_target_residual,future_proxy_weighted,1024,1,1.0,7,0.7148772228259916,0.9453365614771163,1.028771744325012,480.0,1340.0,85760.0,1.9015625
pilot,exact_checkpoint,validation,0,up,h0_oracle,h0_oracle_full_target_residual,abs_activation,64,1,0.25,7,0.4283395070337288,0.4993014845785854,0.5802697038823224,61.0,274.0,17536.0,0.975
pilot,exact_checkpoint,validation,0,up,h0_oracle,h0_oracle_full_target_residual,abs_activation,64,1,0.5,7,0.4283395070337288,0.4993014845785854,0.5802697038823224,61.0,274.0,17536.0,0.4875
pilot,exact_checkpoint,validation,0,up,h0_oracle,h0_oracle_full_target_residual,abs_activation,64,1,0.75,7,0.4283395070337288,0.4993014845785854,0.5802697038823224,61.0,274.0,17536.0,0.325
pilot,exact_checkpoint,validation,0,up,h0_oracle,h0_oracle_full_target_residual,abs_activation,64,1,1.0,7,0.4283395070337288,0.4993014845785854,0.5802697038823224,61.0,274.0,17536.0,0.24375
pilot,exact_checkpoint,validation,0,up,h0_oracle,h0_oracle_full_target_residual,abs_activation,128,1,0.25,7,0.6192550460803208,0.66725762528545,0.6983973645039947,117.0,507.0,32448.0,1.859375
pilot,exact_checkpoint,validation,0,up,h0_oracle,h0_oracle_full_target_residual,abs_activation,128,1,0.5,7,0.6192550460803208,0.66725762528545,0.6983973645039947,117.0,507.0,32448.0,0.9296875
pilot,exact_checkpoint,validation,0,up,h0_oracle,h0_oracle_full_target_residual,abs_activation,128,1,0.75,7,0.6192550460803208,0.66725762528545,0.6983973645039947,117.0,507.0,32448.0,0.6197916666666666
pilot,exact_checkpoint,validation,0,up,h0_oracle,h0_oracle_full_target_residual,abs_activation,128,1,1.0,7,0.6192550460803208,0.66725762528545,0.6983973645039947,117.0,507.0,32448.0,0.46484375
pilot,exact_checkpoint,validation,0,up,h0_oracle,h0_oracle_full_target_residual,abs_activation,256,1,0.25,7,0.7691179396947031,0.8162512006339214,0.868967191910855,215.0,913.0,58432.0,3.41875
pilot,exact_checkpoint,validation,0,up,h0_oracle,h0_oracle_full_target_residual,abs_activation,256,1,0.5,7,0.7691179396947031,0.8162512006339214,0.868967191910855,215.0,913.0,58432.0,1.709375
pilot,exact_checkpoint,validation,0,up,h0_oracle,h0_oracle_full_target_residual,abs_activation,256,1,0.75,7,0.7691179396947031,0.8162512006339214,0.868967191910855,215.0,913.0,58432.0,1.1395833333333334
pilot,exact_checkpoint,validation,0,up,h0_oracle,h0_oracle_full_target_residual,abs_activation,256,1,1.0,7,0.7691179396947031,0.8162512006339214,0.868967191910855,215.0,913.0,58432.0,0.8546875
pilot,exact_checkpoint,validation,0,up,h0_oracle,h0_oracle_full_target_residual,abs_activation,384,1,0.25,7,0.8982646330749884,0.9141164657266962,0.9406758451462526,290.0,1076.0,68864.0,4.66875
pilot,exact_checkpoint,validation,0,up,h0_oracle,h0_oracle_full_target_residual,abs_activation,384,1,0.5,7,0.8982646330749884,0.9141164657266962,0.9406758451462526,290.0,1076.0,68864.0,2.334375
pilot,exact_checkpoint,validation,0,up,h0_oracle,h0_oracle_full_target_residual,abs_activation,384,1,0.75,7,0.8982646330749884,0.9141164657266962,0.9406758451462526,290.0,1076.0,68864.0,1.55625
pilot,exact_checkpoint,validation,0,up,h0_oracle,h0_oracle_full_target_residual,abs_activation,384,1,1.0,7,0.8982646330749884,0.9141164657266962,0.9406758451462526,290.0,1076.0,68864.0,1.1671875
pilot,exact_checkpoint,validation,0,up,h0_oracle,h0_oracle_full_target_residual,abs_activation,512,1,0.25,7,0.9316044437815483,0.9501588002177761,0.9665963884161607,351.0,1167.0,74688.0,5.521875
pilot,exact_checkpoint,validation,0,up,h0_oracle,h0_oracle_full_target_residual,abs_activation,512,1,0.5,7,0.9316044437815483,0.9501588002177761,0.9665963884161607,351.0,1167.0,74688.0,2.7609375
pilot,exact_checkpoint,validation,0,up,h0_oracle,h0_oracle_full_target_residual,abs_activation,512,1,0.75,7,0.9316044437815483,0.9501588002177761,0.9665963884161607,351.0,1167.0,74688.0,1.840625
pilot,exact_checkpoint,validation,0,up,h0_oracle,h0_oracle_full_target_residual,abs_activation,512,1,1.0,7,0.9316044437815483,0.9501588002177761,0.9665963884161607,351.0,1167.0,74688.0,1.38046875
pilot,exact_checkpoint,validation,0,up,h0_oracle,h0_oracle_full_target_residual,abs_activation,768,1,0.25,7,0.9400756804800219,0.9653486012965047,0.9788755392137524,432.0,1237.0,79168.0,6.8375
pilot,exact_checkpoint,validation,0,up,h0_oracle,h0_oracle_full_target_residual,abs_activation,768,1,0.5,7,0.9400756804800219,0.9653486012965047,0.9788755392137524,432.0,1237.0,79168.0,3.41875
pilot,exact_checkpoint,validation,0,up,h0_oracle,h0_oracle_full_target_residual,abs_activation,768,1,0.75,7,0.9400756804800219,0.9653486012965047,0.9788755392137524,432.0,1237.0,79168.0,2.279166666666667
pilot,exact_checkpoint,validation,0,up,h0_oracle,h0_oracle_full_target_residual,abs_activation,768,1,1.0,7,0.9400756804800219,0.9653486012965047,0.9788755392137524,432.0,1237.0,79168.0,1.709375
pilot,exact_checkpoint,validation,0,up,h0_oracle,h0_oracle_full_target_residual,abs_activation,1024,1,0.25,7,0.897403865738586,0.9228685307357245,0.9532879457859518,481.0,1162.0,74368.0,7.6625
pilot,exact_checkpoint,validation,0,up,h0_oracle,h0_oracle_full_target_residual,abs_activation,1024,1,0.5,7,0.897403865738586,0.9228685307357245,0.9532879457859518,481.0,1162.0,74368.0,3.83125
pilot,exact_checkpoint,validation,0,up,h0_oracle,h0_oracle_full_target_residual,abs_activation,1024,1,0.75,7,0.897403865738586,0.9228685307357245,0.9532879457859518,481.0,1162.0,74368.0,2.5541666666666667
pilot,exact_checkpoint,validation,0,up,h0_oracle,h0_oracle_full_target_residual,abs_activation,1024,1,1.0,7,0.897403865738586,0.9228685307357245,0.9532879457859518,481.0,1162.0,74368.0,1.915625
pilot,exact_checkpoint,validation,0,up,h0_oracle,h0_oracle_full_target_residual,activation_weighted_delta_norm,64,1,0.25,7,0.4661754182925887,0.5531175915642321,0.6292611024248981,61.0,277.0,17728.0,0.98125
pilot,exact_checkpoint,validation,0,up,h0_oracle,h0_oracle_full_target_residual,activation_weighted_delta_norm,64,1,0.5,7,0.4661754182925887,0.5531175915642321,0.6292611024248981,61.0,277.0,17728.0,0.490625
pilot,exact_checkpoint,validation,0,up,h0_oracle,h0_oracle_full_target_residual,activation_weighted_delta_norm,64,1,0.75,7,0.4661754182925887,0.5531175915642321,0.6292611024248981,61.0,277.0,17728.0,0.32708333333333334
pilot,exact_checkpoint,validation,0,up,h0_oracle,h0_oracle_full_target_residual,activation_weighted_delta_norm,64,1,1.0,7,0.4661754182925887,0.5531175915642321,0.6292611024248981,61.0,277.0,17728.0,0.2453125
pilot,exact_checkpoint,validation,0,up,h0_oracle,h0_oracle_full_target_residual,activation_weighted_delta_norm,128,1,0.25,7,0.6277371242448014,0.6578906814549496,0.7365152144061888,117.0,460.0,29440.0,1.85
pilot,exact_checkpoint,validation,0,up,h0_oracle,h0_oracle_full_target_residual,activation_weighted_delta_norm,128,1,0.5,7,0.6277371242448014,0.6578906814549496,0.7365152144061888,117.0,460.0,29440.0,0.925
pilot,exact_checkpoint,validation,0,up,h0_oracle,h0_oracle_full_target_residual,activation_weighted_delta_norm,128,1,0.75,7,0.6277371242448014,0.6578906814549496,0.7365152144061888,117.0,460.0,29440.0,0.6166666666666667
pilot,exact_checkpoint,validation,0,up,h0_oracle,h0_oracle_full_target_residual,activation_weighted_delta_norm,128,1,1.0,7,0.6277371242448014,0.6578906814549496,0.7365152144061888,117.0,460.0,29440.0,0.4625
pilot,exact_checkpoint,validation,0,up,h0_oracle,h0_oracle_full_target_residual,activation_weighted_delta_norm,256,1,0.25,7,0.7931460170833942,0.815233609720094,0.8910630171864727,214.0,910.0,58240.0,3.453125
pilot,exact_checkpoint,validation,0,up,h0_oracle,h0_oracle_full_target_residual,activation_weighted_delta_norm,256,1,0.5,7,0.7931460170833942,0.815233609720094,0.8910630171864727,214.0,910.0,58240.0,1.7265625
pilot,exact_checkpoint,validation,0,up,h0_oracle,h0_oracle_full_target_residual,activation_weighted_delta_norm,256,1,0.75,7,0.7931460170833942,0.815233609720094,0.8910630171864727,214.0,910.0,58240.0,1.1510416666666667
pilot,exact_checkpoint,validation,0,up,h0_oracle,h0_oracle_full_target_residual,activation_weighted_delta_norm,256,1,1.0,7,0.7931460170833942,0.815233609720094,0.8910630171864727,214.0,910.0,58240.0,0.86328125
pilot,exact_checkpoint,validation,0,up,h0_oracle,h0_oracle_full_target_residual,activation_weighted_delta_norm,384,1,0.25,7,0.9014459320262267,0.9033388361877245,0.9298066659634409,289.0,1078.0,68992.0,4.646875
pilot,exact_checkpoint,validation,0,up,h0_oracle,h0_oracle_full_target_residual,activation_weighted_delta_norm,384,1,0.5,7,0.9014459320262267,0.9033388361877245,0.9298066659634409,289.0,1078.0,68992.0,2.3234375
pilot,exact_checkpoint,validation,0,up,h0_oracle,h0_oracle_full_target_residual,activation_weighted_delta_norm,384,1,0.75,7,0.9014459320262267,0.9033388361877245,0.9298066659634409,289.0,1078.0,68992.0,1.5489583333333332
pilot,exact_checkpoint,validation,0,up,h0_oracle,h0_oracle_full_target_residual,activation_weighted_delta_norm,384,1,1.0,7,0.9014459320262267,0.9033388361877245,0.9298066659634409,289.0,1078.0,68992.0,1.16171875
pilot,exact_checkpoint,validation,0,up,h0_oracle,h0_oracle_full_target_residual,activation_weighted_delta_norm,512,1,0.25,7,0.9252989512286536,0.9388004980448672,0.9612307443664913,348.0,1033.0,66112.0,5.478125
pilot,exact_checkpoint,validation,0,up,h0_oracle,h0_oracle_full_target_residual,activation_weighted_delta_norm,512,1,0.5,7,0.9252989512286536,0.9388004980448672,0.9612307443664913,348.0,1033.0,66112.0,2.7390625
pilot,exact_checkpoint,validation,0,up,h0_oracle,h0_oracle_full_target_residual,activation_weighted_delta_norm,512,1,0.75,7,0.9252989512286536,0.9388004980448672,0.9612307443664913,348.0,1033.0,66112.0,1.8260416666666666
pilot,exact_checkpoint,validation,0,up,h0_oracle,h0_oracle_full_target_residual,activation_weighted_delta_norm,512,1,1.0,7,0.9252989512286536,0.9388004980448672,0.9612307443664913,348.0,1033.0,66112.0,1.36953125
pilot,exact_checkpoint,validation,0,up,h0_oracle,h0_oracle_full_target_residual,activation_weighted_delta_norm,768,1,0.25,7,0.9360993700645789,0.9576555503909019,0.975614049069902,430.0,1167.0,74688.0,6.83125
pilot,exact_checkpoint,validation,0,up,h0_oracle,h0_oracle_full_target_residual,activation_weighted_delta_norm,768,1,0.5,7,0.9360993700645789,0.9576555503909019,0.975614049069902,430.0,1167.0,74688.0,3.415625
pilot,exact_checkpoint,validation,0,up,h0_oracle,h0_oracle_full_target_residual,activation_weighted_delta_norm,768,1,0.75,7,0.9360993700645789,0.9576555503909019,0.975614049069902,430.0,1167.0,74688.0,2.277083333333333
pilot,exact_checkpoint,validation,0,up,h0_oracle,h0_oracle_full_target_residual,activation_weighted_delta_norm,768,1,1.0,7,0.9360993700645789,0.9576555503909019,0.975614049069902,430.0,1167.0,74688.0,1.7078125
pilot,exact_checkpoint,validation,0,up,h0_oracle,h0_oracle_full_target_residual,activation_weighted_delta_norm,1024,1,0.25,7,0.857485843439276,0.9394482309941367,0.967933332828035,482.0,1138.0,72832.0,7.659375
pilot,exact_checkpoint,validation,0,up,h0_oracle,h0_oracle_full_target_residual,activation_weighted_delta_norm,1024,1,0.5,7,0.857485843439276,0.9394482309941367,0.967933332828035,482.0,1138.0,72832.0,3.8296875
pilot,exact_checkpoint,validation,0,up,h0_oracle,h0_oracle_full_target_residual,activation_weighted_delta_norm,1024,1,0.75,7,0.857485843439276,0.9394482309941367,0.967933332828035,482.0,1138.0,72832.0,2.553125
pilot,exact_checkpoint,validation,0,up,h0_oracle,h0_oracle_full_target_residual,activation_weighted_delta_norm,1024,1,1.0,7,0.857485843439276,0.9394482309941367,0.967933332828035,482.0,1138.0,72832.0,1.91484375
pilot,exact_checkpoint,validation,0,up,h0_oracle,h0_oracle_full_target_residual,future_proxy_weighted,64,1,0.25,7,0.375755174022427,0.4791060100252722,0.6078311536764168,61.0,249.0,15936.0,0.98125
pilot,exact_checkpoint,validation,0,up,h0_oracle,h0_oracle_full_target_residual,future_proxy_weighted,64,1,0.5,7,0.375755174022427,0.4791060100252722,0.6078311536764168,61.0,249.0,15936.0,0.490625
pilot,exact_checkpoint,validation,0,up,h0_oracle,h0_oracle_full_target_residual,future_proxy_weighted,64,1,0.75,7,0.375755174022427,0.4791060100252722,0.6078311536764168,61.0,249.0,15936.0,0.32708333333333334
pilot,exact_checkpoint,validation,0,up,h0_oracle,h0_oracle_full_target_residual,future_proxy_weighted,64,1,1.0,7,0.375755174022427,0.4791060100252722,0.6078311536764168,61.0,249.0,15936.0,0.2453125
pilot,exact_checkpoint,validation,0,up,h0_oracle,h0_oracle_full_target_residual,future_proxy_weighted,128,1,0.25,7,0.5789993154558133,0.6194819346876599,0.7550538293294646,117.0,534.0,34176.0,1.840625
pilot,exact_checkpoint,validation,0,up,h0_oracle,h0_oracle_full_target_residual,future_proxy_weighted,128,1,0.5,7,0.5789993154558133,0.6194819346876599,0.7550538293294646,117.0,534.0,34176.0,0.9203125
pilot,exact_checkpoint,validation,0,up,h0_oracle,h0_oracle_full_target_residual,future_proxy_weighted,128,1,0.75,7,0.5789993154558133,0.6194819346876599,0.7550538293294646,117.0,534.0,34176.0,0.6135416666666667
pilot,exact_checkpoint,validation,0,up,h0_oracle,h0_oracle_full_target_residual,future_proxy_weighted,128,1,1.0,7,0.5789993154558133,0.6194819346876599,0.7550538293294646,117.0,534.0,34176.0,0.46015625
pilot,exact_checkpoint,validation,0,up,h0_oracle,h0_oracle_full_target_residual,future_proxy_weighted,256,1,0.25,7,0.7541398490475045,0.8503626092886336,0.8790751243737186,213.0,859.0,54976.0,3.34375
pilot,exact_checkpoint,validation,0,up,h0_oracle,h0_oracle_full_target_residual,future_proxy_weighted,256,1,0.5,7,0.7541398490475045,0.8503626092886336,0.8790751243737186,213.0,859.0,54976.0,1.671875
pilot,exact_checkpoint,validation,0,up,h0_oracle,h0_oracle_full_target_residual,future_proxy_weighted,256,1,0.75,7,0.7541398490475045,0.8503626092886336,0.8790751243737186,213.0,859.0,54976.0,1.1145833333333333
pilot,exact_checkpoint,validation,0,up,h0_oracle,h0_oracle_full_target_residual,future_proxy_weighted,256,1,1.0,7,0.7541398490475045,0.8503626092886336,0.8790751243737186,213.0,859.0,54976.0,0.8359375
pilot,exact_checkpoint,validation,0,up,h0_oracle,h0_oracle_full_target_residual,future_proxy_weighted,384,1,0.25,7,0.8836864953535144,0.9143744208503483,0.9381711806243659,289.0,1037.0,66368.0,4.540625
pilot,exact_checkpoint,validation,0,up,h0_oracle,h0_oracle_full_target_residual,future_proxy_weighted,384,1,0.5,7,0.8836864953535144,0.9143744208503483,0.9381711806243659,289.0,1037.0,66368.0,2.2703125
pilot,exact_checkpoint,validation,0,up,h0_oracle,h0_oracle_full_target_residual,future_proxy_weighted,384,1,0.75,7,0.8836864953535144,0.9143744208503483,0.9381711806243659,289.0,1037.0,66368.0,1.5135416666666666
pilot,exact_checkpoint,validation,0,up,h0_oracle,h0_oracle_full_target_residual,future_proxy_weighted,384,1,1.0,7,0.8836864953535144,0.9143744208503483,0.9381711806243659,289.0,1037.0,66368.0,1.13515625
pilot,exact_checkpoint,validation,0,up,h0_oracle,h0_oracle_full_target_residual,future_proxy_weighted,512,1,0.25,7,0.9217163102665206,0.9462806474993652,0.9644451813678251,350.0,1174.0,75136.0,5.5625
pilot,exact_checkpoint,validation,0,up,h0_oracle,h0_oracle_full_target_residual,future_proxy_weighted,512,1,0.5,7,0.9217163102665206,0.9462806474993652,0.9644451813678251,350.0,1174.0,75136.0,2.78125
pilot,exact_checkpoint,validation,0,up,h0_oracle,h0_oracle_full_target_residual,future_proxy_weighted,512,1,0.75,7,0.9217163102665206,0.9462806474993652,0.9644451813678251,350.0,1174.0,75136.0,1.8541666666666667
pilot,exact_checkpoint,validation,0,up,h0_oracle,h0_oracle_full_target_residual,future_proxy_weighted,512,1,1.0,7,0.9217163102665206,0.9462806474993652,0.9644451813678251,350.0,1174.0,75136.0,1.390625
pilot,exact_checkpoint,validation,0,up,h0_oracle,h0_oracle_full_target_residual,future_proxy_weighted,768,1,0.25,7,0.9496057279850958,0.9721520108930519,0.9772974722577279,427.0,1178.0,75392.0,6.79375
pilot,exact_checkpoint,validation,0,up,h0_oracle,h0_oracle_full_target_residual,future_proxy_weighted,768,1,0.5,7,0.9496057279850958,0.9721520108930519,0.9772974722577279,427.0,1178.0,75392.0,3.396875
pilot,exact_checkpoint,validation,0,up,h0_oracle,h0_oracle_full_target_residual,future_proxy_weighted,768,1,0.75,7,0.9496057279850958,0.9721520108930519,0.9772974722577279,427.0,1178.0,75392.0,2.2645833333333334
pilot,exact_checkpoint,validation,0,up,h0_oracle,h0_oracle_full_target_residual,future_proxy_weighted,768,1,1.0,7,0.9496057279850958,0.9721520108930519,0.9772974722577279,427.0,1178.0,75392.0,1.6984375
pilot,exact_checkpoint,validation,0,up,h0_oracle,h0_oracle_full_target_residual,future_proxy_weighted,1024,1,0.25,7,0.8865802387106628,0.9361931053666332,0.9836687122911003,482.0,1157.0,74048.0,7.61875
pilot,exact_checkpoint,validation,0,up,h0_oracle,h0_oracle_full_target_residual,future_proxy_weighted,1024,1,0.5,7,0.8865802387106628,0.9361931053666332,0.9836687122911003,482.0,1157.0,74048.0,3.809375
pilot,exact_checkpoint,validation,0,up,h0_oracle,h0_oracle_full_target_residual,future_proxy_weighted,1024,1,0.75,7,0.8865802387106628,0.9361931053666332,0.9836687122911003,482.0,1157.0,74048.0,2.5395833333333333
pilot,exact_checkpoint,validation,0,up,h0_oracle,h0_oracle_full_target_residual,future_proxy_weighted,1024,1,1.0,7,0.8865802387106628,0.9361931053666332,0.9836687122911003,482.0,1157.0,74048.0,1.9046875
pilot,exact_checkpoint,validation,4,gate,h0_oracle,h0_oracle_full_target_residual,abs_activation,64,1,0.25,16,0.23089918484730967,0.42757644781471404,0.5707127731493484,62.0,322.5,20640.0,0.984375
pilot,exact_checkpoint,validation,4,gate,h0_oracle,h0_oracle_full_target_residual,abs_activation,64,1,0.5,16,0.23089918484730967,0.42757644781471404,0.5707127731493484,62.0,322.5,20640.0,0.4921875
pilot,exact_checkpoint,validation,4,gate,h0_oracle,h0_oracle_full_target_residual,abs_activation,64,1,0.75,16,0.23089918484730967,0.42757644781471404,0.5707127731493484,62.0,322.5,20640.0,0.328125
pilot,exact_checkpoint,validation,4,gate,h0_oracle,h0_oracle_full_target_residual,abs_activation,64,1,1.0,16,0.23089918484730967,0.42757644781471404,0.5707127731493484,62.0,322.5,20640.0,0.24609375
pilot,exact_checkpoint,validation,4,gate,h0_oracle,h0_oracle_full_target_residual,abs_activation,128,1,0.25,16,0.47253907475175483,0.5647088014403828,0.6426919978217063,116.5,664.5,42528.0,1.875
pilot,exact_checkpoint,validation,4,gate,h0_oracle,h0_oracle_full_target_residual,abs_activation,128,1,0.5,16,0.47253907475175483,0.5647088014403828,0.6426919978217063,116.5,664.5,42528.0,0.9375
pilot,exact_checkpoint,validation,4,gate,h0_oracle,h0_oracle_full_target_residual,abs_activation,128,1,0.75,16,0.47253907475175483,0.5647088014403828,0.6426919978217063,116.5,664.5,42528.0,0.625
pilot,exact_checkpoint,validation,4,gate,h0_oracle,h0_oracle_full_target_residual,abs_activation,128,1,1.0,16,0.47253907475175483,0.5647088014403828,0.6426919978217063,116.5,664.5,42528.0,0.46875
pilot,exact_checkpoint,validation,4,gate,h0_oracle,h0_oracle_full_target_residual,abs_activation,256,1,0.25,16,0.558391109237945,0.6825177389928845,0.8056816278918434,212.0,1147.5,73440.0,3.40625
pilot,exact_checkpoint,validation,4,gate,h0_oracle,h0_oracle_full_target_residual,abs_activation,256,1,0.5,16,0.558391109237945,0.6825177389928845,0.8056816278918434,212.0,1147.5,73440.0,1.703125
pilot,exact_checkpoint,validation,4,gate,h0_oracle,h0_oracle_full_target_residual,abs_activation,256,1,0.75,16,0.558391109237945,0.6825177389928845,0.8056816278918434,212.0,1147.5,73440.0,1.1354166666666667
pilot,exact_checkpoint,validation,4,gate,h0_oracle,h0_oracle_full_target_residual,abs_activation,256,1,1.0,16,0.558391109237945,0.6825177389928845,0.8056816278918434,212.0,1147.5,73440.0,0.8515625
pilot,exact_checkpoint,validation,4,gate,h0_oracle,h0_oracle_full_target_residual,abs_activation,384,1,0.25,16,0.5834651143228793,0.7207410813942144,0.8196380225869115,288.5,1555.0,99520.0,4.625
pilot,exact_checkpoint,validation,4,gate,h0_oracle,h0_oracle_full_target_residual,abs_activation,384,1,0.5,16,0.5834651143228793,0.7207410813942144,0.8196380225869115,288.5,1555.0,99520.0,2.3125
pilot,exact_checkpoint,validation,4,gate,h0_oracle,h0_oracle_full_target_residual,abs_activation,384,1,0.75,16,0.5834651143228793,0.7207410813942144,0.8196380225869115,288.5,1555.0,99520.0,1.5416666666666667
pilot,exact_checkpoint,validation,4,gate,h0_oracle,h0_oracle_full_target_residual,abs_activation,384,1,1.0,16,0.5834651143228793,0.7207410813942144,0.8196380225869115,288.5,1555.0,99520.0,1.15625
pilot,exact_checkpoint,validation,4,gate,h0_oracle,h0_oracle_full_target_residual,abs_activation,512,1,0.25,16,0.6394718803067564,0.6962714590692064,0.897734690776317,351.0,1937.5,124000.0,5.59375
pilot,exact_checkpoint,validation,4,gate,h0_oracle,h0_oracle_full_target_residual,abs_activation,512,1,0.5,16,0.6394718803067564,0.6962714590692064,0.897734690776317,351.0,1937.5,124000.0,2.796875
pilot,exact_checkpoint,validation,4,gate,h0_oracle,h0_oracle_full_target_residual,abs_activation,512,1,0.75,16,0.6394718803067564,0.6962714590692064,0.897734690776317,351.0,1937.5,124000.0,1.8645833333333335
pilot,exact_checkpoint,validation,4,gate,h0_oracle,h0_oracle_full_target_residual,abs_activation,512,1,1.0,16,0.6394718803067564,0.6962714590692064,0.897734690776317,351.0,1937.5,124000.0,1.3984375
pilot,exact_checkpoint,validation,4,gate,h0_oracle,h0_oracle_full_target_residual,abs_activation,768,1,0.25,16,0.0,0.4381478360582626,2.1591389447606533,433.5,3431.0,219584.0,6.8984375
pilot,exact_checkpoint,validation,4,gate,h0_oracle,h0_oracle_full_target_residual,abs_activation,768,1,0.5,16,0.0,0.4381478360582626,2.1591389447606533,433.5,3431.0,219584.0,3.44921875
pilot,exact_checkpoint,validation,4,gate,h0_oracle,h0_oracle_full_target_residual,abs_activation,768,1,0.75,16,0.0,0.4381478360582626,2.1591389447606533,433.5,3431.0,219584.0,2.299479166666667
pilot,exact_checkpoint,validation,4,gate,h0_oracle,h0_oracle_full_target_residual,abs_activation,768,1,1.0,16,0.0,0.4381478360582626,2.1591389447606533,433.5,3431.0,219584.0,1.724609375
pilot,exact_checkpoint,validation,4,gate,h0_oracle,h0_oracle_full_target_residual,abs_activation,1024,1,0.25,16,0.0,0.0,0.0,480.5,3840.0,245760.0,7.59375
pilot,exact_checkpoint,validation,4,gate,h0_oracle,h0_oracle_full_target_residual,abs_activation,1024,1,0.5,16,0.0,0.0,0.0,480.5,3840.0,245760.0,3.796875
pilot,exact_checkpoint,validation,4,gate,h0_oracle,h0_oracle_full_target_residual,abs_activation,1024,1,0.75,16,0.0,0.0,0.0,480.5,3840.0,245760.0,2.53125
pilot,exact_checkpoint,validation,4,gate,h0_oracle,h0_oracle_full_target_residual,abs_activation,1024,1,1.0,16,0.0,0.0,0.0,480.5,3840.0,245760.0,1.8984375
pilot,exact_checkpoint,validation,4,gate,h0_oracle,h0_oracle_full_target_residual,activation_weighted_delta_norm,64,1,0.25,16,0.2759711692996232,0.4868681921030744,0.5506781003737422,62.0,319.5,20448.0,0.984375
pilot,exact_checkpoint,validation,4,gate,h0_oracle,h0_oracle_full_target_residual,activation_weighted_delta_norm,64,1,0.5,16,0.2759711692996232,0.4868681921030744,0.5506781003737422,62.0,319.5,20448.0,0.4921875
pilot,exact_checkpoint,validation,4,gate,h0_oracle,h0_oracle_full_target_residual,activation_weighted_delta_norm,64,1,0.75,16,0.2759711692996232,0.4868681921030744,0.5506781003737422,62.0,319.5,20448.0,0.328125
pilot,exact_checkpoint,validation,4,gate,h0_oracle,h0_oracle_full_target_residual,activation_weighted_delta_norm,64,1,1.0,16,0.2759711692996232,0.4868681921030744,0.5506781003737422,62.0,319.5,20448.0,0.24609375
pilot,exact_checkpoint,validation,4,gate,h0_oracle,h0_oracle_full_target_residual,activation_weighted_delta_norm,128,1,0.25,16,0.43633214047879487,0.5456207664943203,0.6036042076032015,117.5,668.5,42784.0,1.8984375
pilot,exact_checkpoint,validation,4,gate,h0_oracle,h0_oracle_full_target_residual,activation_weighted_delta_norm,128,1,0.5,16,0.43633214047879487,0.5456207664943203,0.6036042076032015,117.5,668.5,42784.0,0.94921875
pilot,exact_checkpoint,validation,4,gate,h0_oracle,h0_oracle_full_target_residual,activation_weighted_delta_norm,128,1,0.75,16,0.43633214047879487,0.5456207664943203,0.6036042076032015,117.5,668.5,42784.0,0.6328125
pilot,exact_checkpoint,validation,4,gate,h0_oracle,h0_oracle_full_target_residual,activation_weighted_delta_norm,128,1,1.0,16,0.43633214047879487,0.5456207664943203,0.6036042076032015,117.5,668.5,42784.0,0.474609375
pilot,exact_checkpoint,validation,4,gate,h0_oracle,h0_oracle_full_target_residual,activation_weighted_delta_norm,256,1,0.25,16,0.579190741204512,0.7089066960052646,0.7913462319166168,212.0,1220.0,78080.0,3.3984375
pilot,exact_checkpoint,validation,4,gate,h0_oracle,h0_oracle_full_target_residual,activation_weighted_delta_norm,256,1,0.5,16,0.579190741204512,0.7089066960052646,0.7913462319166168,212.0,1220.0,78080.0,1.69921875
pilot,exact_checkpoint,validation,4,gate,h0_oracle,h0_oracle_full_target_residual,activation_weighted_delta_norm,256,1,0.75,16,0.579190741204512,0.7089066960052646,0.7913462319166168,212.0,1220.0,78080.0,1.1328125
pilot,exact_checkpoint,validation,4,gate,h0_oracle,h0_oracle_full_target_residual,activation_weighted_delta_norm,256,1,1.0,16,0.579190741204512,0.7089066960052646,0.7913462319166168,212.0,1220.0,78080.0,0.849609375
pilot,exact_checkpoint,validation,4,gate,h0_oracle,h0_oracle_full_target_residual,activation_weighted_delta_norm,384,1,0.25,16,0.6501949045594801,0.7702290603313336,0.8755843807428838,288.5,1538.0,98432.0,4.6171875
pilot,exact_checkpoint,validation,4,gate,h0_oracle,h0_oracle_full_target_residual,activation_weighted_delta_norm,384,1,0.5,16,0.6501949045594801,0.7702290603313336,0.8755843807428838,288.5,1538.0,98432.0,2.30859375
pilot,exact_checkpoint,validation,4,gate,h0_oracle,h0_oracle_full_target_residual,activation_weighted_delta_norm,384,1,0.75,16,0.6501949045594801,0.7702290603313336,0.8755843807428838,288.5,1538.0,98432.0,1.5390625
pilot,exact_checkpoint,validation,4,gate,h0_oracle,h0_oracle_full_target_residual,activation_weighted_delta_norm,384,1,1.0,16,0.6501949045594801,0.7702290603313336,0.8755843807428838,288.5,1538.0,98432.0,1.154296875
pilot,exact_checkpoint,validation,4,gate,h0_oracle,h0_oracle_full_target_residual,activation_weighted_delta_norm,512,1,0.25,16,0.6591235364705521,0.7435398789340928,0.8161802458683192,350.5,1731.0,110784.0,5.578125
pilot,exact_checkpoint,validation,4,gate,h0_oracle,h0_oracle_full_target_residual,activation_weighted_delta_norm,512,1,0.5,16,0.6591235364705521,0.7435398789340928,0.8161802458683192,350.5,1731.0,110784.0,2.7890625
pilot,exact_checkpoint,validation,4,gate,h0_oracle,h0_oracle_full_target_residual,activation_weighted_delta_norm,512,1,0.75,16,0.6591235364705521,0.7435398789340928,0.8161802458683192,350.5,1731.0,110784.0,1.859375
pilot,exact_checkpoint,validation,4,gate,h0_oracle,h0_oracle_full_target_residual,activation_weighted_delta_norm,512,1,1.0,16,0.6591235364705521,0.7435398789340928,0.8161802458683192,350.5,1731.0,110784.0,1.39453125
pilot,exact_checkpoint,validation,4,gate,h0_oracle,h0_oracle_full_target_residual,activation_weighted_delta_norm,768,1,0.25,16,0.0,0.38407523954221945,1.8107621702663352,435.0,3448.5,220704.0,6.8984375
pilot,exact_checkpoint,validation,4,gate,h0_oracle,h0_oracle_full_target_residual,activation_weighted_delta_norm,768,1,0.5,16,0.0,0.38407523954221945,1.8107621702663352,435.0,3448.5,220704.0,3.44921875
pilot,exact_checkpoint,validation,4,gate,h0_oracle,h0_oracle_full_target_residual,activation_weighted_delta_norm,768,1,0.75,16,0.0,0.38407523954221945,1.8107621702663352,435.0,3448.5,220704.0,2.299479166666667
pilot,exact_checkpoint,validation,4,gate,h0_oracle,h0_oracle_full_target_residual,activation_weighted_delta_norm,768,1,1.0,16,0.0,0.38407523954221945,1.8107621702663352,435.0,3448.5,220704.0,1.724609375
pilot,exact_checkpoint,validation,4,gate,h0_oracle,h0_oracle_full_target_residual,activation_weighted_delta_norm,1024,1,0.25,16,0.0,0.0,0.0,481.0,3847.0,246208.0,7.578125
pilot,exact_checkpoint,validation,4,gate,h0_oracle,h0_oracle_full_target_residual,activation_weighted_delta_norm,1024,1,0.5,16,0.0,0.0,0.0,481.0,3847.0,246208.0,3.7890625
pilot,exact_checkpoint,validation,4,gate,h0_oracle,h0_oracle_full_target_residual,activation_weighted_delta_norm,1024,1,0.75,16,0.0,0.0,0.0,481.0,3847.0,246208.0,2.5260416666666665
pilot,exact_checkpoint,validation,4,gate,h0_oracle,h0_oracle_full_target_residual,activation_weighted_delta_norm,1024,1,1.0,16,0.0,0.0,0.0,481.0,3847.0,246208.0,1.89453125
pilot,exact_checkpoint,validation,4,gate,h0_oracle,h0_oracle_full_target_residual,future_proxy_weighted,64,1,0.25,16,0.12283728641268318,0.32546551460586737,0.47661629065881356,62.0,326.0,20864.0,0.9921875
pilot,exact_checkpoint,validation,4,gate,h0_oracle,h0_oracle_full_target_residual,future_proxy_weighted,64,1,0.5,16,0.12283728641268318,0.32546551460586737,0.47661629065881356,62.0,326.0,20864.0,0.49609375
pilot,exact_checkpoint,validation,4,gate,h0_oracle,h0_oracle_full_target_residual,future_proxy_weighted,64,1,0.75,16,0.12283728641268318,0.32546551460586737,0.47661629065881356,62.0,326.0,20864.0,0.33072916666666663
pilot,exact_checkpoint,validation,4,gate,h0_oracle,h0_oracle_full_target_residual,future_proxy_weighted,64,1,1.0,16,0.12283728641268318,0.32546551460586737,0.47661629065881356,62.0,326.0,20864.0,0.248046875
pilot,exact_checkpoint,validation,4,gate,h0_oracle,h0_oracle_full_target_residual,future_proxy_weighted,128,1,0.25,16,0.4406755790480602,0.4843575274002459,0.6471579727595232,117.0,637.5,40800.0,1.859375
pilot,exact_checkpoint,validation,4,gate,h0_oracle,h0_oracle_full_target_residual,future_proxy_weighted,128,1,0.5,16,0.4406755790480602,0.4843575274002459,0.6471579727595232,117.0,637.5,40800.0,0.9296875
pilot,exact_checkpoint,validation,4,gate,h0_oracle,h0_oracle_full_target_residual,future_proxy_weighted,128,1,0.75,16,0.4406755790480602,0.4843575274002459,0.6471579727595232,117.0,637.5,40800.0,0.6197916666666666
pilot,exact_checkpoint,validation,4,gate,h0_oracle,h0_oracle_full_target_residual,future_proxy_weighted,128,1,1.0,16,0.4406755790480602,0.4843575274002459,0.6471579727595232,117.0,637.5,40800.0,0.46484375
pilot,exact_checkpoint,validation,4,gate,h0_oracle,h0_oracle_full_target_residual,future_proxy_weighted,256,1,0.25,16,0.5632659055189635,0.6249770990739734,0.7600905488609617,212.0,1075.0,68800.0,3.375
pilot,exact_checkpoint,validation,4,gate,h0_oracle,h0_oracle_full_target_residual,future_proxy_weighted,256,1,0.5,16,0.5632659055189635,0.6249770990739734,0.7600905488609617,212.0,1075.0,68800.0,1.6875
pilot,exact_checkpoint,validation,4,gate,h0_oracle,h0_oracle_full_target_residual,future_proxy_weighted,256,1,0.75,16,0.5632659055189635,0.6249770990739734,0.7600905488609617,212.0,1075.0,68800.0,1.125
pilot,exact_checkpoint,validation,4,gate,h0_oracle,h0_oracle_full_target_residual,future_proxy_weighted,256,1,1.0,16,0.5632659055189635,0.6249770990739734,0.7600905488609617,212.0,1075.0,68800.0,0.84375
pilot,exact_checkpoint,validation,4,gate,h0_oracle,h0_oracle_full_target_residual,future_proxy_weighted,384,1,0.25,16,0.6157272920427527,0.7210074507466534,0.8005098336322674,289.5,1619.0,103616.0,4.640625
pilot,exact_checkpoint,validation,4,gate,h0_oracle,h0_oracle_full_target_residual,future_proxy_weighted,384,1,0.5,16,0.6157272920427527,0.7210074507466534,0.8005098336322674,289.5,1619.0,103616.0,2.3203125
pilot,exact_checkpoint,validation,4,gate,h0_oracle,h0_oracle_full_target_residual,future_proxy_weighted,384,1,0.75,16,0.6157272920427527,0.7210074507466534,0.8005098336322674,289.5,1619.0,103616.0,1.546875
pilot,exact_checkpoint,validation,4,gate,h0_oracle,h0_oracle_full_target_residual,future_proxy_weighted,384,1,1.0,16,0.6157272920427527,0.7210074507466534,0.8005098336322674,289.5,1619.0,103616.0,1.16015625
pilot,exact_checkpoint,validation,4,gate,h0_oracle,h0_oracle_full_target_residual,future_proxy_weighted,512,1,0.25,16,0.6136003263526912,0.6973346129047753,0.8111090076117349,351.0,1818.5,116384.0,5.59375
pilot,exact_checkpoint,validation,4,gate,h0_oracle,h0_oracle_full_target_residual,future_proxy_weighted,512,1,0.5,16,0.6136003263526912,0.6973346129047753,0.8111090076117349,351.0,1818.5,116384.0,2.796875
pilot,exact_checkpoint,validation,4,gate,h0_oracle,h0_oracle_full_target_residual,future_proxy_weighted,512,1,0.75,16,0.6136003263526912,0.6973346129047753,0.8111090076117349,351.0,1818.5,116384.0,1.8645833333333335
pilot,exact_checkpoint,validation,4,gate,h0_oracle,h0_oracle_full_target_residual,future_proxy_weighted,512,1,1.0,16,0.6136003263526912,0.6973346129047753,0.8111090076117349,351.0,1818.5,116384.0,1.3984375
pilot,exact_checkpoint,validation,4,gate,h0_oracle,h0_oracle_full_target_residual,future_proxy_weighted,768,1,0.25,16,-0.06901688269914798,0.3915934253465217,0.7626790753732063,436.0,3419.5,218848.0,6.90625
pilot,exact_checkpoint,validation,4,gate,h0_oracle,h0_oracle_full_target_residual,future_proxy_weighted,768,1,0.5,16,-0.06901688269914798,0.3915934253465217,0.7626790753732063,436.0,3419.5,218848.0,3.453125
pilot,exact_checkpoint,validation,4,gate,h0_oracle,h0_oracle_full_target_residual,future_proxy_weighted,768,1,0.75,16,-0.06901688269914798,0.3915934253465217,0.7626790753732063,436.0,3419.5,218848.0,2.302083333333333
pilot,exact_checkpoint,validation,4,gate,h0_oracle,h0_oracle_full_target_residual,future_proxy_weighted,768,1,1.0,16,-0.06901688269914798,0.3915934253465217,0.7626790753732063,436.0,3419.5,218848.0,1.7265625
pilot,exact_checkpoint,validation,4,gate,h0_oracle,h0_oracle_full_target_residual,future_proxy_weighted,1024,1,0.25,16,0.0,0.0,0.0,478.5,3825.5,244832.0,7.6015625
pilot,exact_checkpoint,validation,4,gate,h0_oracle,h0_oracle_full_target_residual,future_proxy_weighted,1024,1,0.5,16,0.0,0.0,0.0,478.5,3825.5,244832.0,3.80078125
pilot,exact_checkpoint,validation,4,gate,h0_oracle,h0_oracle_full_target_residual,future_proxy_weighted,1024,1,0.75,16,0.0,0.0,0.0,478.5,3825.5,244832.0,2.533854166666667
pilot,exact_checkpoint,validation,4,gate,h0_oracle,h0_oracle_full_target_residual,future_proxy_weighted,1024,1,1.0,16,0.0,0.0,0.0,478.5,3825.5,244832.0,1.900390625
pilot,exact_checkpoint,validation,4,up,h0_oracle,h0_oracle_full_target_residual,abs_activation,64,1,0.25,16,0.3770744092023022,0.49403476337528385,0.6065329357427409,62.0,309.0,19776.0,0.984375
pilot,exact_checkpoint,validation,4,up,h0_oracle,h0_oracle_full_target_residual,abs_activation,64,1,0.5,16,0.3770744092023022,0.49403476337528385,0.6065329357427409,62.0,309.0,19776.0,0.4921875
pilot,exact_checkpoint,validation,4,up,h0_oracle,h0_oracle_full_target_residual,abs_activation,64,1,0.75,16,0.3770744092023022,0.49403476337528385,0.6065329357427409,62.0,309.0,19776.0,0.328125
pilot,exact_checkpoint,validation,4,up,h0_oracle,h0_oracle_full_target_residual,abs_activation,64,1,1.0,16,0.3770744092023022,0.49403476337528385,0.6065329357427409,62.0,309.0,19776.0,0.24609375
pilot,exact_checkpoint,validation,4,up,h0_oracle,h0_oracle_full_target_residual,abs_activation,128,1,0.25,16,0.5317642089590684,0.5901098583585067,0.6532303382448056,116.5,555.5,35552.0,1.875
pilot,exact_checkpoint,validation,4,up,h0_oracle,h0_oracle_full_target_residual,abs_activation,128,1,0.5,16,0.5317642089590684,0.5901098583585067,0.6532303382448056,116.5,555.5,35552.0,0.9375
pilot,exact_checkpoint,validation,4,up,h0_oracle,h0_oracle_full_target_residual,abs_activation,128,1,0.75,16,0.5317642089590684,0.5901098583585067,0.6532303382448056,116.5,555.5,35552.0,0.625
pilot,exact_checkpoint,validation,4,up,h0_oracle,h0_oracle_full_target_residual,abs_activation,128,1,1.0,16,0.5317642089590684,0.5901098583585067,0.6532303382448056,116.5,555.5,35552.0,0.46875
pilot,exact_checkpoint,validation,4,up,h0_oracle,h0_oracle_full_target_residual,abs_activation,256,1,0.25,16,0.6916752330046514,0.7430513151969554,0.785257220610225,212.0,1043.5,66784.0,3.40625
pilot,exact_checkpoint,validation,4,up,h0_oracle,h0_oracle_full_target_residual,abs_activation,256,1,0.5,16,0.6916752330046514,0.7430513151969554,0.785257220610225,212.0,1043.5,66784.0,1.703125
pilot,exact_checkpoint,validation,4,up,h0_oracle,h0_oracle_full_target_residual,abs_activation,256,1,0.75,16,0.6916752330046514,0.7430513151969554,0.785257220610225,212.0,1043.5,66784.0,1.1354166666666667
pilot,exact_checkpoint,validation,4,up,h0_oracle,h0_oracle_full_target_residual,abs_activation,256,1,1.0,16,0.6916752330046514,0.7430513151969554,0.785257220610225,212.0,1043.5,66784.0,0.8515625
pilot,exact_checkpoint,validation,4,up,h0_oracle,h0_oracle_full_target_residual,abs_activation,384,1,0.25,16,0.7662559329166985,0.8139783074406511,0.874255671572612,288.5,1371.0,87744.0,4.625
pilot,exact_checkpoint,validation,4,up,h0_oracle,h0_oracle_full_target_residual,abs_activation,384,1,0.5,16,0.7662559329166985,0.8139783074406511,0.874255671572612,288.5,1371.0,87744.0,2.3125
pilot,exact_checkpoint,validation,4,up,h0_oracle,h0_oracle_full_target_residual,abs_activation,384,1,0.75,16,0.7662559329166985,0.8139783074406511,0.874255671572612,288.5,1371.0,87744.0,1.5416666666666667
pilot,exact_checkpoint,validation,4,up,h0_oracle,h0_oracle_full_target_residual,abs_activation,384,1,1.0,16,0.7662559329166985,0.8139783074406511,0.874255671572612,288.5,1371.0,87744.0,1.15625
pilot,exact_checkpoint,validation,4,up,h0_oracle,h0_oracle_full_target_residual,abs_activation,512,1,0.25,16,0.7671063719549108,0.8257379808897897,0.8850320417697506,351.0,1581.0,101184.0,5.59375
pilot,exact_checkpoint,validation,4,up,h0_oracle,h0_oracle_full_target_residual,abs_activation,512,1,0.5,16,0.7671063719549108,0.8257379808897897,0.8850320417697506,351.0,1581.0,101184.0,2.796875
pilot,exact_checkpoint,validation,4,up,h0_oracle,h0_oracle_full_target_residual,abs_activation,512,1,0.75,16,0.7671063719549108,0.8257379808897897,0.8850320417697506,351.0,1581.0,101184.0,1.8645833333333335
pilot,exact_checkpoint,validation,4,up,h0_oracle,h0_oracle_full_target_residual,abs_activation,512,1,1.0,16,0.7671063719549108,0.8257379808897897,0.8850320417697506,351.0,1581.0,101184.0,1.3984375
pilot,exact_checkpoint,validation,4,up,h0_oracle,h0_oracle_full_target_residual,abs_activation,768,1,0.25,16,0.38658187437869496,0.6440398638089445,0.870068681316142,433.5,1797.5,115040.0,6.8984375
pilot,exact_checkpoint,validation,4,up,h0_oracle,h0_oracle_full_target_residual,abs_activation,768,1,0.5,16,0.38658187437869496,0.6440398638089445,0.870068681316142,433.5,1797.5,115040.0,3.44921875
pilot,exact_checkpoint,validation,4,up,h0_oracle,h0_oracle_full_target_residual,abs_activation,768,1,0.75,16,0.38658187437869496,0.6440398638089445,0.870068681316142,433.5,1797.5,115040.0,2.299479166666667
pilot,exact_checkpoint,validation,4,up,h0_oracle,h0_oracle_full_target_residual,abs_activation,768,1,1.0,16,0.38658187437869496,0.6440398638089445,0.870068681316142,433.5,1797.5,115040.0,1.724609375
pilot,exact_checkpoint,validation,4,up,h0_oracle,h0_oracle_full_target_residual,abs_activation,1024,1,0.25,16,0.0,0.0,0.0,480.5,3838.0,245632.0,7.59375
pilot,exact_checkpoint,validation,4,up,h0_oracle,h0_oracle_full_target_residual,abs_activation,1024,1,0.5,16,0.0,0.0,0.0,480.5,3838.0,245632.0,3.796875
pilot,exact_checkpoint,validation,4,up,h0_oracle,h0_oracle_full_target_residual,abs_activation,1024,1,0.75,16,0.0,0.0,0.0,480.5,3838.0,245632.0,2.53125
pilot,exact_checkpoint,validation,4,up,h0_oracle,h0_oracle_full_target_residual,abs_activation,1024,1,1.0,16,0.0,0.0,0.0,480.5,3838.0,245632.0,1.8984375
pilot,exact_checkpoint,validation,4,up,h0_oracle,h0_oracle_full_target_residual,activation_weighted_delta_norm,64,1,0.25,16,0.4335597044730728,0.521049571932245,0.5661402974777117,62.0,290.5,18592.0,0.984375
pilot,exact_checkpoint,validation,4,up,h0_oracle,h0_oracle_full_target_residual,activation_weighted_delta_norm,64,1,0.5,16,0.4335597044730728,0.521049571932245,0.5661402974777117,62.0,290.5,18592.0,0.4921875
pilot,exact_checkpoint,validation,4,up,h0_oracle,h0_oracle_full_target_residual,activation_weighted_delta_norm,64,1,0.75,16,0.4335597044730728,0.521049571932245,0.5661402974777117,62.0,290.5,18592.0,0.328125
pilot,exact_checkpoint,validation,4,up,h0_oracle,h0_oracle_full_target_residual,activation_weighted_delta_norm,64,1,1.0,16,0.4335597044730728,0.521049571932245,0.5661402974777117,62.0,290.5,18592.0,0.24609375
pilot,exact_checkpoint,validation,4,up,h0_oracle,h0_oracle_full_target_residual,activation_weighted_delta_norm,128,1,0.25,16,0.5383619354006808,0.5968049178801179,0.6692633053857803,116.5,546.5,34976.0,1.8828125
pilot,exact_checkpoint,validation,4,up,h0_oracle,h0_oracle_full_target_residual,activation_weighted_delta_norm,128,1,0.5,16,0.5383619354006808,0.5968049178801179,0.6692633053857803,116.5,546.5,34976.0,0.94140625
pilot,exact_checkpoint,validation,4,up,h0_oracle,h0_oracle_full_target_residual,activation_weighted_delta_norm,128,1,0.75,16,0.5383619354006808,0.5968049178801179,0.6692633053857803,116.5,546.5,34976.0,0.6276041666666667
pilot,exact_checkpoint,validation,4,up,h0_oracle,h0_oracle_full_target_residual,activation_weighted_delta_norm,128,1,1.0,16,0.5383619354006808,0.5968049178801179,0.6692633053857803,116.5,546.5,34976.0,0.470703125
pilot,exact_checkpoint,validation,4,up,h0_oracle,h0_oracle_full_target_residual,activation_weighted_delta_norm,256,1,0.25,16,0.6783073805592035,0.7208103897437834,0.827144382208157,213.0,1009.5,64608.0,3.4140625
pilot,exact_checkpoint,validation,4,up,h0_oracle,h0_oracle_full_target_residual,activation_weighted_delta_norm,256,1,0.5,16,0.6783073805592035,0.7208103897437834,0.827144382208157,213.0,1009.5,64608.0,1.70703125
pilot,exact_checkpoint,validation,4,up,h0_oracle,h0_oracle_full_target_residual,activation_weighted_delta_norm,256,1,0.75,16,0.6783073805592035,0.7208103897437834,0.827144382208157,213.0,1009.5,64608.0,1.1380208333333335
pilot,exact_checkpoint,validation,4,up,h0_oracle,h0_oracle_full_target_residual,activation_weighted_delta_norm,256,1,1.0,16,0.6783073805592035,0.7208103897437834,0.827144382208157,213.0,1009.5,64608.0,0.853515625
pilot,exact_checkpoint,validation,4,up,h0_oracle,h0_oracle_full_target_residual,activation_weighted_delta_norm,384,1,0.25,16,0.7714307457209797,0.823223361837657,0.8709389600913172,289.5,1421.0,90944.0,4.671875
pilot,exact_checkpoint,validation,4,up,h0_oracle,h0_oracle_full_target_residual,activation_weighted_delta_norm,384,1,0.5,16,0.7714307457209797,0.823223361837657,0.8709389600913172,289.5,1421.0,90944.0,2.3359375
pilot,exact_checkpoint,validation,4,up,h0_oracle,h0_oracle_full_target_residual,activation_weighted_delta_norm,384,1,0.75,16,0.7714307457209797,0.823223361837657,0.8709389600913172,289.5,1421.0,90944.0,1.5572916666666667
pilot,exact_checkpoint,validation,4,up,h0_oracle,h0_oracle_full_target_residual,activation_weighted_delta_norm,384,1,1.0,16,0.7714307457209797,0.823223361837657,0.8709389600913172,289.5,1421.0,90944.0,1.16796875
pilot,exact_checkpoint,validation,4,up,h0_oracle,h0_oracle_full_target_residual,activation_weighted_delta_norm,512,1,0.25,16,0.7797146124856309,0.8240216841228345,0.8956271782954703,349.0,1659.5,106208.0,5.578125
pilot,exact_checkpoint,validation,4,up,h0_oracle,h0_oracle_full_target_residual,activation_weighted_delta_norm,512,1,0.5,16,0.7797146124856309,0.8240216841228345,0.8956271782954703,349.0,1659.5,106208.0,2.7890625
pilot,exact_checkpoint,validation,4,up,h0_oracle,h0_oracle_full_target_residual,activation_weighted_delta_norm,512,1,0.75,16,0.7797146124856309,0.8240216841228345,0.8956271782954703,349.0,1659.5,106208.0,1.859375
pilot,exact_checkpoint,validation,4,up,h0_oracle,h0_oracle_full_target_residual,activation_weighted_delta_norm,512,1,1.0,16,0.7797146124856309,0.8240216841228345,0.8956271782954703,349.0,1659.5,106208.0,1.39453125
pilot,exact_checkpoint,validation,4,up,h0_oracle,h0_oracle_full_target_residual,activation_weighted_delta_norm,768,1,0.25,16,0.4580689742514985,0.6310607186779598,0.8755523322955171,434.5,1915.5,122592.0,6.8984375
pilot,exact_checkpoint,validation,4,up,h0_oracle,h0_oracle_full_target_residual,activation_weighted_delta_norm,768,1,0.5,16,0.4580689742514985,0.6310607186779598,0.8755523322955171,434.5,1915.5,122592.0,3.44921875
pilot,exact_checkpoint,validation,4,up,h0_oracle,h0_oracle_full_target_residual,activation_weighted_delta_norm,768,1,0.75,16,0.4580689742514985,0.6310607186779598,0.8755523322955171,434.5,1915.5,122592.0,2.299479166666667
pilot,exact_checkpoint,validation,4,up,h0_oracle,h0_oracle_full_target_residual,activation_weighted_delta_norm,768,1,1.0,16,0.4580689742514985,0.6310607186779598,0.8755523322955171,434.5,1915.5,122592.0,1.724609375
pilot,exact_checkpoint,validation,4,up,h0_oracle,h0_oracle_full_target_residual,activation_weighted_delta_norm,1024,1,0.25,16,0.0,0.0,0.0,480.0,3827.5,244960.0,7.5703125
pilot,exact_checkpoint,validation,4,up,h0_oracle,h0_oracle_full_target_residual,activation_weighted_delta_norm,1024,1,0.5,16,0.0,0.0,0.0,480.0,3827.5,244960.0,3.78515625
pilot,exact_checkpoint,validation,4,up,h0_oracle,h0_oracle_full_target_residual,activation_weighted_delta_norm,1024,1,0.75,16,0.0,0.0,0.0,480.0,3827.5,244960.0,2.5234375
pilot,exact_checkpoint,validation,4,up,h0_oracle,h0_oracle_full_target_residual,activation_weighted_delta_norm,1024,1,1.0,16,0.0,0.0,0.0,480.0,3827.5,244960.0,1.892578125
pilot,exact_checkpoint,validation,4,up,h0_oracle,h0_oracle_full_target_residual,future_proxy_weighted,64,1,0.25,16,0.2911166497456307,0.4721342879248414,0.5618816577327748,62.0,286.5,18336.0,1.0
pilot,exact_checkpoint,validation,4,up,h0_oracle,h0_oracle_full_target_residual,future_proxy_weighted,64,1,0.5,16,0.2911166497456307,0.4721342879248414,0.5618816577327748,62.0,286.5,18336.0,0.5
pilot,exact_checkpoint,validation,4,up,h0_oracle,h0_oracle_full_target_residual,future_proxy_weighted,64,1,0.75,16,0.2911166497456307,0.4721342879248414,0.5618816577327748,62.0,286.5,18336.0,0.3333333333333333
pilot,exact_checkpoint,validation,4,up,h0_oracle,h0_oracle_full_target_residual,future_proxy_weighted,64,1,1.0,16,0.2911166497456307,0.4721342879248414,0.5618816577327748,62.0,286.5,18336.0,0.25
pilot,exact_checkpoint,validation,4,up,h0_oracle,h0_oracle_full_target_residual,future_proxy_weighted,128,1,0.25,16,0.47480661984209444,0.5410236562360908,0.6343824532732949,118.5,538.0,34432.0,1.890625
pilot,exact_checkpoint,validation,4,up,h0_oracle,h0_oracle_full_target_residual,future_proxy_weighted,128,1,0.5,16,0.47480661984209444,0.5410236562360908,0.6343824532732949,118.5,538.0,34432.0,0.9453125
pilot,exact_checkpoint,validation,4,up,h0_oracle,h0_oracle_full_target_residual,future_proxy_weighted,128,1,0.75,16,0.47480661984209444,0.5410236562360908,0.6343824532732949,118.5,538.0,34432.0,0.6302083333333334
pilot,exact_checkpoint,validation,4,up,h0_oracle,h0_oracle_full_target_residual,future_proxy_weighted,128,1,1.0,16,0.47480661984209444,0.5410236562360908,0.6343824532732949,118.5,538.0,34432.0,0.47265625
pilot,exact_checkpoint,validation,4,up,h0_oracle,h0_oracle_full_target_residual,future_proxy_weighted,256,1,0.25,16,0.632480482249843,0.7116192650322509,0.8092796472222868,211.5,991.0,63424.0,3.3984375
pilot,exact_checkpoint,validation,4,up,h0_oracle,h0_oracle_full_target_residual,future_proxy_weighted,256,1,0.5,16,0.632480482249843,0.7116192650322509,0.8092796472222868,211.5,991.0,63424.0,1.69921875
pilot,exact_checkpoint,validation,4,up,h0_oracle,h0_oracle_full_target_residual,future_proxy_weighted,256,1,0.75,16,0.632480482249843,0.7116192650322509,0.8092796472222868,211.5,991.0,63424.0,1.1328125
pilot,exact_checkpoint,validation,4,up,h0_oracle,h0_oracle_full_target_residual,future_proxy_weighted,256,1,1.0,16,0.632480482249843,0.7116192650322509,0.8092796472222868,211.5,991.0,63424.0,0.849609375
pilot,exact_checkpoint,validation,4,up,h0_oracle,h0_oracle_full_target_residual,future_proxy_weighted,384,1,0.25,16,0.7630084629645643,0.7979623307224423,0.8591684815790953,290.5,1418.0,90752.0,4.609375
pilot,exact_checkpoint,validation,4,up,h0_oracle,h0_oracle_full_target_residual,future_proxy_weighted,384,1,0.5,16,0.7630084629645643,0.7979623307224423,0.8591684815790953,290.5,1418.0,90752.0,2.3046875
pilot,exact_checkpoint,validation,4,up,h0_oracle,h0_oracle_full_target_residual,future_proxy_weighted,384,1,0.75,16,0.7630084629645643,0.7979623307224423,0.8591684815790953,290.5,1418.0,90752.0,1.5364583333333335
pilot,exact_checkpoint,validation,4,up,h0_oracle,h0_oracle_full_target_residual,future_proxy_weighted,384,1,1.0,16,0.7630084629645643,0.7979623307224423,0.8591684815790953,290.5,1418.0,90752.0,1.15234375
pilot,exact_checkpoint,validation,4,up,h0_oracle,h0_oracle_full_target_residual,future_proxy_weighted,512,1,0.25,16,0.698850375396933,0.8339152380338373,0.880648378106019,350.0,1606.0,102784.0,5.5859375
pilot,exact_checkpoint,validation,4,up,h0_oracle,h0_oracle_full_target_residual,future_proxy_weighted,512,1,0.5,16,0.698850375396933,0.8339152380338373,0.880648378106019,350.0,1606.0,102784.0,2.79296875
pilot,exact_checkpoint,validation,4,up,h0_oracle,h0_oracle_full_target_residual,future_proxy_weighted,512,1,0.75,16,0.698850375396933,0.8339152380338373,0.880648378106019,350.0,1606.0,102784.0,1.8619791666666665
pilot,exact_checkpoint,validation,4,up,h0_oracle,h0_oracle_full_target_residual,future_proxy_weighted,512,1,1.0,16,0.698850375396933,0.8339152380338373,0.880648378106019,350.0,1606.0,102784.0,1.396484375
pilot,exact_checkpoint,validation,4,up,h0_oracle,h0_oracle_full_target_residual,future_proxy_weighted,768,1,0.25,16,0.26782621345661006,0.6526294560221031,0.8973323358110282,435.0,1837.5,117600.0,6.9140625
pilot,exact_checkpoint,validation,4,up,h0_oracle,h0_oracle_full_target_residual,future_proxy_weighted,768,1,0.5,16,0.26782621345661006,0.6526294560221031,0.8973323358110282,435.0,1837.5,117600.0,3.45703125
pilot,exact_checkpoint,validation,4,up,h0_oracle,h0_oracle_full_target_residual,future_proxy_weighted,768,1,0.75,16,0.26782621345661006,0.6526294560221031,0.8973323358110282,435.0,1837.5,117600.0,2.3046875
pilot,exact_checkpoint,validation,4,up,h0_oracle,h0_oracle_full_target_residual,future_proxy_weighted,768,1,1.0,16,0.26782621345661006,0.6526294560221031,0.8973323358110282,435.0,1837.5,117600.0,1.728515625
pilot,exact_checkpoint,validation,4,up,h0_oracle,h0_oracle_full_target_residual,future_proxy_weighted,1024,1,0.25,16,0.0,0.0,0.0,479.5,3833.0,245312.0,7.5859375
pilot,exact_checkpoint,validation,4,up,h0_oracle,h0_oracle_full_target_residual,future_proxy_weighted,1024,1,0.5,16,0.0,0.0,0.0,479.5,3833.0,245312.0,3.79296875
pilot,exact_checkpoint,validation,4,up,h0_oracle,h0_oracle_full_target_residual,future_proxy_weighted,1024,1,0.75,16,0.0,0.0,0.0,479.5,3833.0,245312.0,2.528645833333333
pilot,exact_checkpoint,validation,4,up,h0_oracle,h0_oracle_full_target_residual,future_proxy_weighted,1024,1,1.0,16,0.0,0.0,0.0,479.5,3833.0,245312.0,1.896484375
pilot,exact_checkpoint,validation,20,gate,h0_oracle,h0_oracle_full_target_residual,abs_activation,64,1,0.25,16,0.3088459899072551,0.463739795360513,0.6809111645981492,60.0,318.5,20384.0,0.9609375
pilot,exact_checkpoint,validation,20,gate,h0_oracle,h0_oracle_full_target_residual,abs_activation,64,1,0.5,16,0.3088459899072551,0.463739795360513,0.6809111645981492,60.0,318.5,20384.0,0.48046875
pilot,exact_checkpoint,validation,20,gate,h0_oracle,h0_oracle_full_target_residual,abs_activation,64,1,0.75,16,0.3088459899072551,0.463739795360513,0.6809111645981492,60.0,318.5,20384.0,0.3203125
pilot,exact_checkpoint,validation,20,gate,h0_oracle,h0_oracle_full_target_residual,abs_activation,64,1,1.0,16,0.3088459899072551,0.463739795360513,0.6809111645981492,60.0,318.5,20384.0,0.240234375
pilot,exact_checkpoint,validation,20,gate,h0_oracle,h0_oracle_full_target_residual,abs_activation,128,1,0.25,16,0.48350686569083673,0.5588851893072546,0.6777336350687764,116.0,580.5,37152.0,1.84375
pilot,exact_checkpoint,validation,20,gate,h0_oracle,h0_oracle_full_target_residual,abs_activation,128,1,0.5,16,0.48350686569083673,0.5588851893072546,0.6777336350687764,116.0,580.5,37152.0,0.921875
pilot,exact_checkpoint,validation,20,gate,h0_oracle,h0_oracle_full_target_residual,abs_activation,128,1,0.75,16,0.48350686569083673,0.5588851893072546,0.6777336350687764,116.0,580.5,37152.0,0.6145833333333334
pilot,exact_checkpoint,validation,20,gate,h0_oracle,h0_oracle_full_target_residual,abs_activation,128,1,1.0,16,0.48350686569083673,0.5588851893072546,0.6777336350687764,116.0,580.5,37152.0,0.4609375
pilot,exact_checkpoint,validation,20,gate,h0_oracle,h0_oracle_full_target_residual,abs_activation,256,1,0.25,16,0.5960789047999273,0.7234179079062979,0.7810133636451371,212.0,1093.0,69952.0,3.3671875
pilot,exact_checkpoint,validation,20,gate,h0_oracle,h0_oracle_full_target_residual,abs_activation,256,1,0.5,16,0.5960789047999273,0.7234179079062979,0.7810133636451371,212.0,1093.0,69952.0,1.68359375
pilot,exact_checkpoint,validation,20,gate,h0_oracle,h0_oracle_full_target_residual,abs_activation,256,1,0.75,16,0.5960789047999273,0.7234179079062979,0.7810133636451371,212.0,1093.0,69952.0,1.1223958333333335
pilot,exact_checkpoint,validation,20,gate,h0_oracle,h0_oracle_full_target_residual,abs_activation,256,1,1.0,16,0.5960789047999273,0.7234179079062979,0.7810133636451371,212.0,1093.0,69952.0,0.841796875
pilot,exact_checkpoint,validation,20,gate,h0_oracle,h0_oracle_full_target_residual,abs_activation,384,1,0.25,16,0.641387087216682,0.723565910723438,0.8054187417470082,290.0,1413.5,90464.0,4.578125
pilot,exact_checkpoint,validation,20,gate,h0_oracle,h0_oracle_full_target_residual,abs_activation,384,1,0.5,16,0.641387087216682,0.723565910723438,0.8054187417470082,290.0,1413.5,90464.0,2.2890625
pilot,exact_checkpoint,validation,20,gate,h0_oracle,h0_oracle_full_target_residual,abs_activation,384,1,0.75,16,0.641387087216682,0.723565910723438,0.8054187417470082,290.0,1413.5,90464.0,1.5260416666666665
pilot,exact_checkpoint,validation,20,gate,h0_oracle,h0_oracle_full_target_residual,abs_activation,384,1,1.0,16,0.641387087216682,0.723565910723438,0.8054187417470082,290.0,1413.5,90464.0,1.14453125
pilot,exact_checkpoint,validation,20,gate,h0_oracle,h0_oracle_full_target_residual,abs_activation,512,1,0.25,16,0.6619768406069296,0.7663646268986228,0.8420635940968053,350.0,1679.0,107456.0,5.5703125
pilot,exact_checkpoint,validation,20,gate,h0_oracle,h0_oracle_full_target_residual,abs_activation,512,1,0.5,16,0.6619768406069296,0.7663646268986228,0.8420635940968053,350.0,1679.0,107456.0,2.78515625
pilot,exact_checkpoint,validation,20,gate,h0_oracle,h0_oracle_full_target_residual,abs_activation,512,1,0.75,16,0.6619768406069296,0.7663646268986228,0.8420635940968053,350.0,1679.0,107456.0,1.8567708333333335
pilot,exact_checkpoint,validation,20,gate,h0_oracle,h0_oracle_full_target_residual,abs_activation,512,1,1.0,16,0.6619768406069296,0.7663646268986228,0.8420635940968053,350.0,1679.0,107456.0,1.392578125
pilot,exact_checkpoint,validation,20,gate,h0_oracle,h0_oracle_full_target_residual,abs_activation,768,1,0.25,16,0.0,0.513169760363992,1.3485891179257123,436.0,2310.0,147840.0,6.859375
pilot,exact_checkpoint,validation,20,gate,h0_oracle,h0_oracle_full_target_residual,abs_activation,768,1,0.5,16,0.0,0.513169760363992,1.3485891179257123,436.0,2310.0,147840.0,3.4296875
pilot,exact_checkpoint,validation,20,gate,h0_oracle,h0_oracle_full_target_residual,abs_activation,768,1,0.75,16,0.0,0.513169760363992,1.3485891179257123,436.0,2310.0,147840.0,2.286458333333333
pilot,exact_checkpoint,validation,20,gate,h0_oracle,h0_oracle_full_target_residual,abs_activation,768,1,1.0,16,0.0,0.513169760363992,1.3485891179257123,436.0,2310.0,147840.0,1.71484375
pilot,exact_checkpoint,validation,20,gate,h0_oracle,h0_oracle_full_target_residual,abs_activation,1024,1,0.25,16,0.0,0.0,0.0,481.5,3847.5,246240.0,7.6015625
pilot,exact_checkpoint,validation,20,gate,h0_oracle,h0_oracle_full_target_residual,abs_activation,1024,1,0.5,16,0.0,0.0,0.0,481.5,3847.5,246240.0,3.80078125
pilot,exact_checkpoint,validation,20,gate,h0_oracle,h0_oracle_full_target_residual,abs_activation,1024,1,0.75,16,0.0,0.0,0.0,481.5,3847.5,246240.0,2.5338541666666665
pilot,exact_checkpoint,validation,20,gate,h0_oracle,h0_oracle_full_target_residual,abs_activation,1024,1,1.0,16,0.0,0.0,0.0,481.5,3847.5,246240.0,1.900390625
pilot,exact_checkpoint,validation,20,gate,h0_oracle,h0_oracle_full_target_residual,activation_weighted_delta_norm,64,1,0.25,16,0.392620411145821,0.4971240174714562,0.6315641180931286,60.0,308.5,19744.0,0.953125
pilot,exact_checkpoint,validation,20,gate,h0_oracle,h0_oracle_full_target_residual,activation_weighted_delta_norm,64,1,0.5,16,0.392620411145821,0.4971240174714562,0.6315641180931286,60.0,308.5,19744.0,0.4765625
pilot,exact_checkpoint,validation,20,gate,h0_oracle,h0_oracle_full_target_residual,activation_weighted_delta_norm,64,1,0.75,16,0.392620411145821,0.4971240174714562,0.6315641180931286,60.0,308.5,19744.0,0.3177083333333333
pilot,exact_checkpoint,validation,20,gate,h0_oracle,h0_oracle_full_target_residual,activation_weighted_delta_norm,64,1,1.0,16,0.392620411145821,0.4971240174714562,0.6315641180931286,60.0,308.5,19744.0,0.23828125
pilot,exact_checkpoint,validation,20,gate,h0_oracle,h0_oracle_full_target_residual,activation_weighted_delta_norm,128,1,0.25,16,0.4597106681901791,0.596436987589072,0.7072831981090166,115.0,597.5,38240.0,1.8203125
pilot,exact_checkpoint,validation,20,gate,h0_oracle,h0_oracle_full_target_residual,activation_weighted_delta_norm,128,1,0.5,16,0.4597106681901791,0.596436987589072,0.7072831981090166,115.0,597.5,38240.0,0.91015625
pilot,exact_checkpoint,validation,20,gate,h0_oracle,h0_oracle_full_target_residual,activation_weighted_delta_norm,128,1,0.75,16,0.4597106681901791,0.596436987589072,0.7072831981090166,115.0,597.5,38240.0,0.6067708333333333
pilot,exact_checkpoint,validation,20,gate,h0_oracle,h0_oracle_full_target_residual,activation_weighted_delta_norm,128,1,1.0,16,0.4597106681901791,0.596436987589072,0.7072831981090166,115.0,597.5,38240.0,0.455078125
pilot,exact_checkpoint,validation,20,gate,h0_oracle,h0_oracle_full_target_residual,activation_weighted_delta_norm,256,1,0.25,16,0.6239332707957659,0.6928646201563797,0.7731231917945722,211.0,1087.5,69600.0,3.375
pilot,exact_checkpoint,validation,20,gate,h0_oracle,h0_oracle_full_target_residual,activation_weighted_delta_norm,256,1,0.5,16,0.6239332707957659,0.6928646201563797,0.7731231917945722,211.0,1087.5,69600.0,1.6875
pilot,exact_checkpoint,validation,20,gate,h0_oracle,h0_oracle_full_target_residual,activation_weighted_delta_norm,256,1,0.75,16,0.6239332707957659,0.6928646201563797,0.7731231917945722,211.0,1087.5,69600.0,1.125
pilot,exact_checkpoint,validation,20,gate,h0_oracle,h0_oracle_full_target_residual,activation_weighted_delta_norm,256,1,1.0,16,0.6239332707957659,0.6928646201563797,0.7731231917945722,211.0,1087.5,69600.0,0.84375
pilot,exact_checkpoint,validation,20,gate,h0_oracle,h0_oracle_full_target_residual,activation_weighted_delta_norm,384,1,0.25,16,0.6534504329788282,0.7174222917116411,0.8237707616861079,288.5,1445.5,92512.0,4.578125
pilot,exact_checkpoint,validation,20,gate,h0_oracle,h0_oracle_full_target_residual,activation_weighted_delta_norm,384,1,0.5,16,0.6534504329788282,0.7174222917116411,0.8237707616861079,288.5,1445.5,92512.0,2.2890625
pilot,exact_checkpoint,validation,20,gate,h0_oracle,h0_oracle_full_target_residual,activation_weighted_delta_norm,384,1,0.75,16,0.6534504329788282,0.7174222917116411,0.8237707616861079,288.5,1445.5,92512.0,1.5260416666666665
pilot,exact_checkpoint,validation,20,gate,h0_oracle,h0_oracle_full_target_residual,activation_weighted_delta_norm,384,1,1.0,16,0.6534504329788282,0.7174222917116411,0.8237707616861079,288.5,1445.5,92512.0,1.14453125
pilot,exact_checkpoint,validation,20,gate,h0_oracle,h0_oracle_full_target_residual,activation_weighted_delta_norm,512,1,0.25,16,0.6775648821822278,0.7592150821827197,0.8316639749339849,351.0,1648.0,105472.0,5.59375
pilot,exact_checkpoint,validation,20,gate,h0_oracle,h0_oracle_full_target_residual,activation_weighted_delta_norm,512,1,0.5,16,0.6775648821822278,0.7592150821827197,0.8316639749339849,351.0,1648.0,105472.0,2.796875
pilot,exact_checkpoint,validation,20,gate,h0_oracle,h0_oracle_full_target_residual,activation_weighted_delta_norm,512,1,0.75,16,0.6775648821822278,0.7592150821827197,0.8316639749339849,351.0,1648.0,105472.0,1.8645833333333335
pilot,exact_checkpoint,validation,20,gate,h0_oracle,h0_oracle_full_target_residual,activation_weighted_delta_norm,512,1,1.0,16,0.6775648821822278,0.7592150821827197,0.8316639749339849,351.0,1648.0,105472.0,1.3984375
pilot,exact_checkpoint,validation,20,gate,h0_oracle,h0_oracle_full_target_residual,activation_weighted_delta_norm,768,1,0.25,16,0.12323569284810629,0.40974826603772435,1.4618748960282109,436.0,3433.0,219712.0,6.8828125
pilot,exact_checkpoint,validation,20,gate,h0_oracle,h0_oracle_full_target_residual,activation_weighted_delta_norm,768,1,0.5,16,0.12323569284810629,0.40974826603772435,1.4618748960282109,436.0,3433.0,219712.0,3.44140625
pilot,exact_checkpoint,validation,20,gate,h0_oracle,h0_oracle_full_target_residual,activation_weighted_delta_norm,768,1,0.75,16,0.12323569284810629,0.40974826603772435,1.4618748960282109,436.0,3433.0,219712.0,2.294270833333333
pilot,exact_checkpoint,validation,20,gate,h0_oracle,h0_oracle_full_target_residual,activation_weighted_delta_norm,768,1,1.0,16,0.12323569284810629,0.40974826603772435,1.4618748960282109,436.0,3433.0,219712.0,1.720703125
pilot,exact_checkpoint,validation,20,gate,h0_oracle,h0_oracle_full_target_residual,activation_weighted_delta_norm,1024,1,0.25,16,0.0,0.0,0.0,481.0,3847.0,246208.0,7.6015625
pilot,exact_checkpoint,validation,20,gate,h0_oracle,h0_oracle_full_target_residual,activation_weighted_delta_norm,1024,1,0.5,16,0.0,0.0,0.0,481.0,3847.0,246208.0,3.80078125
pilot,exact_checkpoint,validation,20,gate,h0_oracle,h0_oracle_full_target_residual,activation_weighted_delta_norm,1024,1,0.75,16,0.0,0.0,0.0,481.0,3847.0,246208.0,2.533854166666667
pilot,exact_checkpoint,validation,20,gate,h0_oracle,h0_oracle_full_target_residual,activation_weighted_delta_norm,1024,1,1.0,16,0.0,0.0,0.0,481.0,3847.0,246208.0,1.900390625
pilot,exact_checkpoint,validation,20,gate,h0_oracle,h0_oracle_full_target_residual,future_proxy_weighted,64,1,0.25,16,0.17926776177227097,0.41655316510713325,0.6016336800218012,61.0,312.5,20000.0,0.984375
pilot,exact_checkpoint,validation,20,gate,h0_oracle,h0_oracle_full_target_residual,future_proxy_weighted,64,1,0.5,16,0.17926776177227097,0.41655316510713325,0.6016336800218012,61.0,312.5,20000.0,0.4921875
pilot,exact_checkpoint,validation,20,gate,h0_oracle,h0_oracle_full_target_residual,future_proxy_weighted,64,1,0.75,16,0.17926776177227097,0.41655316510713325,0.6016336800218012,61.0,312.5,20000.0,0.328125
pilot,exact_checkpoint,validation,20,gate,h0_oracle,h0_oracle_full_target_residual,future_proxy_weighted,64,1,1.0,16,0.17926776177227097,0.41655316510713325,0.6016336800218012,61.0,312.5,20000.0,0.24609375
pilot,exact_checkpoint,validation,20,gate,h0_oracle,h0_oracle_full_target_residual,future_proxy_weighted,128,1,0.25,16,0.3216010092676342,0.496155468640068,0.6262578646716033,115.0,573.0,36672.0,1.875
pilot,exact_checkpoint,validation,20,gate,h0_oracle,h0_oracle_full_target_residual,future_proxy_weighted,128,1,0.5,16,0.3216010092676342,0.496155468640068,0.6262578646716033,115.0,573.0,36672.0,0.9375
pilot,exact_checkpoint,validation,20,gate,h0_oracle,h0_oracle_full_target_residual,future_proxy_weighted,128,1,0.75,16,0.3216010092676342,0.496155468640068,0.6262578646716033,115.0,573.0,36672.0,0.625
pilot,exact_checkpoint,validation,20,gate,h0_oracle,h0_oracle_full_target_residual,future_proxy_weighted,128,1,1.0,16,0.3216010092676342,0.496155468640068,0.6262578646716033,115.0,573.0,36672.0,0.46875
pilot,exact_checkpoint,validation,20,gate,h0_oracle,h0_oracle_full_target_residual,future_proxy_weighted,256,1,0.25,16,0.5327301582045021,0.6528002352212268,0.7568281596240989,212.5,1107.0,70848.0,3.3671875
pilot,exact_checkpoint,validation,20,gate,h0_oracle,h0_oracle_full_target_residual,future_proxy_weighted,256,1,0.5,16,0.5327301582045021,0.6528002352212268,0.7568281596240989,212.5,1107.0,70848.0,1.68359375
pilot,exact_checkpoint,validation,20,gate,h0_oracle,h0_oracle_full_target_residual,future_proxy_weighted,256,1,0.75,16,0.5327301582045021,0.6528002352212268,0.7568281596240989,212.5,1107.0,70848.0,1.1223958333333335
pilot,exact_checkpoint,validation,20,gate,h0_oracle,h0_oracle_full_target_residual,future_proxy_weighted,256,1,1.0,16,0.5327301582045021,0.6528002352212268,0.7568281596240989,212.5,1107.0,70848.0,0.841796875
pilot,exact_checkpoint,validation,20,gate,h0_oracle,h0_oracle_full_target_residual,future_proxy_weighted,384,1,0.25,16,0.6485017008661891,0.7026263036016654,0.8653810079245853,290.0,1503.0,96192.0,4.671875
pilot,exact_checkpoint,validation,20,gate,h0_oracle,h0_oracle_full_target_residual,future_proxy_weighted,384,1,0.5,16,0.6485017008661891,0.7026263036016654,0.8653810079245853,290.0,1503.0,96192.0,2.3359375
pilot,exact_checkpoint,validation,20,gate,h0_oracle,h0_oracle_full_target_residual,future_proxy_weighted,384,1,0.75,16,0.6485017008661891,0.7026263036016654,0.8653810079245853,290.0,1503.0,96192.0,1.5572916666666665
pilot,exact_checkpoint,validation,20,gate,h0_oracle,h0_oracle_full_target_residual,future_proxy_weighted,384,1,1.0,16,0.6485017008661891,0.7026263036016654,0.8653810079245853,290.0,1503.0,96192.0,1.16796875
pilot,exact_checkpoint,validation,20,gate,h0_oracle,h0_oracle_full_target_residual,future_proxy_weighted,512,1,0.25,16,0.640218170287083,0.7250591073028964,0.7999805037692942,350.5,1681.0,107584.0,5.59375
pilot,exact_checkpoint,validation,20,gate,h0_oracle,h0_oracle_full_target_residual,future_proxy_weighted,512,1,0.5,16,0.640218170287083,0.7250591073028964,0.7999805037692942,350.5,1681.0,107584.0,2.796875
pilot,exact_checkpoint,validation,20,gate,h0_oracle,h0_oracle_full_target_residual,future_proxy_weighted,512,1,0.75,16,0.640218170287083,0.7250591073028964,0.7999805037692942,350.5,1681.0,107584.0,1.8645833333333335
pilot,exact_checkpoint,validation,20,gate,h0_oracle,h0_oracle_full_target_residual,future_proxy_weighted,512,1,1.0,16,0.640218170287083,0.7250591073028964,0.7999805037692942,350.5,1681.0,107584.0,1.3984375
pilot,exact_checkpoint,validation,20,gate,h0_oracle,h0_oracle_full_target_residual,future_proxy_weighted,768,1,0.25,16,0.0,0.4482482673766608,0.7691921349851301,436.5,2148.0,137472.0,6.8984375
pilot,exact_checkpoint,validation,20,gate,h0_oracle,h0_oracle_full_target_residual,future_proxy_weighted,768,1,0.5,16,0.0,0.4482482673766608,0.7691921349851301,436.5,2148.0,137472.0,3.44921875
pilot,exact_checkpoint,validation,20,gate,h0_oracle,h0_oracle_full_target_residual,future_proxy_weighted,768,1,0.75,16,0.0,0.4482482673766608,0.7691921349851301,436.5,2148.0,137472.0,2.299479166666667
pilot,exact_checkpoint,validation,20,gate,h0_oracle,h0_oracle_full_target_residual,future_proxy_weighted,768,1,1.0,16,0.0,0.4482482673766608,0.7691921349851301,436.5,2148.0,137472.0,1.724609375
pilot,exact_checkpoint,validation,20,gate,h0_oracle,h0_oracle_full_target_residual,future_proxy_weighted,1024,1,0.25,16,0.0,0.0,0.0,481.0,3848.0,246272.0,7.578125
pilot,exact_checkpoint,validation,20,gate,h0_oracle,h0_oracle_full_target_residual,future_proxy_weighted,1024,1,0.5,16,0.0,0.0,0.0,481.0,3848.0,246272.0,3.7890625
pilot,exact_checkpoint,validation,20,gate,h0_oracle,h0_oracle_full_target_residual,future_proxy_weighted,1024,1,0.75,16,0.0,0.0,0.0,481.0,3848.0,246272.0,2.5260416666666665
pilot,exact_checkpoint,validation,20,gate,h0_oracle,h0_oracle_full_target_residual,future_proxy_weighted,1024,1,1.0,16,0.0,0.0,0.0,481.0,3848.0,246272.0,1.89453125
pilot,exact_checkpoint,validation,20,up,h0_oracle,h0_oracle_full_target_residual,abs_activation,64,1,0.25,16,0.37266182714133245,0.5078861440522929,0.5422788194493278,60.0,285.5,18272.0,0.9609375
pilot,exact_checkpoint,validation,20,up,h0_oracle,h0_oracle_full_target_residual,abs_activation,64,1,0.5,16,0.37266182714133245,0.5078861440522929,0.5422788194493278,60.0,285.5,18272.0,0.48046875
pilot,exact_checkpoint,validation,20,up,h0_oracle,h0_oracle_full_target_residual,abs_activation,64,1,0.75,16,0.37266182714133245,0.5078861440522929,0.5422788194493278,60.0,285.5,18272.0,0.3203125
pilot,exact_checkpoint,validation,20,up,h0_oracle,h0_oracle_full_target_residual,abs_activation,64,1,1.0,16,0.37266182714133245,0.5078861440522929,0.5422788194493278,60.0,285.5,18272.0,0.240234375
pilot,exact_checkpoint,validation,20,up,h0_oracle,h0_oracle_full_target_residual,abs_activation,128,1,0.25,16,0.5120228456352806,0.5561387883486358,0.6139199841991839,116.0,559.5,35808.0,1.84375
pilot,exact_checkpoint,validation,20,up,h0_oracle,h0_oracle_full_target_residual,abs_activation,128,1,0.5,16,0.5120228456352806,0.5561387883486358,0.6139199841991839,116.0,559.5,35808.0,0.921875
pilot,exact_checkpoint,validation,20,up,h0_oracle,h0_oracle_full_target_residual,abs_activation,128,1,0.75,16,0.5120228456352806,0.5561387883486358,0.6139199841991839,116.0,559.5,35808.0,0.6145833333333334
pilot,exact_checkpoint,validation,20,up,h0_oracle,h0_oracle_full_target_residual,abs_activation,128,1,1.0,16,0.5120228456352806,0.5561387883486358,0.6139199841991839,116.0,559.5,35808.0,0.4609375
pilot,exact_checkpoint,validation,20,up,h0_oracle,h0_oracle_full_target_residual,abs_activation,256,1,0.25,16,0.6679826788621105,0.7237827206113814,0.750817791518343,212.0,1013.0,64832.0,3.3671875
pilot,exact_checkpoint,validation,20,up,h0_oracle,h0_oracle_full_target_residual,abs_activation,256,1,0.5,16,0.6679826788621105,0.7237827206113814,0.750817791518343,212.0,1013.0,64832.0,1.68359375
pilot,exact_checkpoint,validation,20,up,h0_oracle,h0_oracle_full_target_residual,abs_activation,256,1,0.75,16,0.6679826788621105,0.7237827206113814,0.750817791518343,212.0,1013.0,64832.0,1.1223958333333335
pilot,exact_checkpoint,validation,20,up,h0_oracle,h0_oracle_full_target_residual,abs_activation,256,1,1.0,16,0.6679826788621105,0.7237827206113814,0.750817791518343,212.0,1013.0,64832.0,0.841796875
pilot,exact_checkpoint,validation,20,up,h0_oracle,h0_oracle_full_target_residual,abs_activation,384,1,0.25,16,0.748382312006526,0.8077534479227773,0.8344528487000651,290.0,1379.5,88288.0,4.578125
pilot,exact_checkpoint,validation,20,up,h0_oracle,h0_oracle_full_target_residual,abs_activation,384,1,0.5,16,0.748382312006526,0.8077534479227773,0.8344528487000651,290.0,1379.5,88288.0,2.2890625
pilot,exact_checkpoint,validation,20,up,h0_oracle,h0_oracle_full_target_residual,abs_activation,384,1,0.75,16,0.748382312006526,0.8077534479227773,0.8344528487000651,290.0,1379.5,88288.0,1.5260416666666665
pilot,exact_checkpoint,validation,20,up,h0_oracle,h0_oracle_full_target_residual,abs_activation,384,1,1.0,16,0.748382312006526,0.8077534479227773,0.8344528487000651,290.0,1379.5,88288.0,1.14453125
pilot,exact_checkpoint,validation,20,up,h0_oracle,h0_oracle_full_target_residual,abs_activation,512,1,0.25,16,0.7639480788179946,0.8343080959422335,0.895839447744125,350.0,1564.0,100096.0,5.5703125
pilot,exact_checkpoint,validation,20,up,h0_oracle,h0_oracle_full_target_residual,abs_activation,512,1,0.5,16,0.7639480788179946,0.8343080959422335,0.895839447744125,350.0,1564.0,100096.0,2.78515625
pilot,exact_checkpoint,validation,20,up,h0_oracle,h0_oracle_full_target_residual,abs_activation,512,1,0.75,16,0.7639480788179946,0.8343080959422335,0.895839447744125,350.0,1564.0,100096.0,1.8567708333333335
pilot,exact_checkpoint,validation,20,up,h0_oracle,h0_oracle_full_target_residual,abs_activation,512,1,1.0,16,0.7639480788179946,0.8343080959422335,0.895839447744125,350.0,1564.0,100096.0,1.392578125
pilot,exact_checkpoint,validation,20,up,h0_oracle,h0_oracle_full_target_residual,abs_activation,768,1,0.25,16,0.5303491033638734,0.7095538436054003,0.9034466313763148,436.0,1777.0,113728.0,6.859375
pilot,exact_checkpoint,validation,20,up,h0_oracle,h0_oracle_full_target_residual,abs_activation,768,1,0.5,16,0.5303491033638734,0.7095538436054003,0.9034466313763148,436.0,1777.0,113728.0,3.4296875
pilot,exact_checkpoint,validation,20,up,h0_oracle,h0_oracle_full_target_residual,abs_activation,768,1,0.75,16,0.5303491033638734,0.7095538436054003,0.9034466313763148,436.0,1777.0,113728.0,2.286458333333333
pilot,exact_checkpoint,validation,20,up,h0_oracle,h0_oracle_full_target_residual,abs_activation,768,1,1.0,16,0.5303491033638734,0.7095538436054003,0.9034466313763148,436.0,1777.0,113728.0,1.71484375
pilot,exact_checkpoint,validation,20,up,h0_oracle,h0_oracle_full_target_residual,abs_activation,1024,1,0.25,16,0.0,0.0,0.0,481.5,3847.0,246208.0,7.6015625
pilot,exact_checkpoint,validation,20,up,h0_oracle,h0_oracle_full_target_residual,abs_activation,1024,1,0.5,16,0.0,0.0,0.0,481.5,3847.0,246208.0,3.80078125
pilot,exact_checkpoint,validation,20,up,h0_oracle,h0_oracle_full_target_residual,abs_activation,1024,1,0.75,16,0.0,0.0,0.0,481.5,3847.0,246208.0,2.5338541666666665
pilot,exact_checkpoint,validation,20,up,h0_oracle,h0_oracle_full_target_residual,abs_activation,1024,1,1.0,16,0.0,0.0,0.0,481.5,3847.0,246208.0,1.900390625
pilot,exact_checkpoint,validation,20,up,h0_oracle,h0_oracle_full_target_residual,activation_weighted_delta_norm,64,1,0.25,16,0.42479923212451876,0.5080229916193044,0.576637104457109,61.0,294.0,18816.0,0.96875
pilot,exact_checkpoint,validation,20,up,h0_oracle,h0_oracle_full_target_residual,activation_weighted_delta_norm,64,1,0.5,16,0.42479923212451876,0.5080229916193044,0.576637104457109,61.0,294.0,18816.0,0.484375
pilot,exact_checkpoint,validation,20,up,h0_oracle,h0_oracle_full_target_residual,activation_weighted_delta_norm,64,1,0.75,16,0.42479923212451876,0.5080229916193044,0.576637104457109,61.0,294.0,18816.0,0.3229166666666667
pilot,exact_checkpoint,validation,20,up,h0_oracle,h0_oracle_full_target_residual,activation_weighted_delta_norm,64,1,1.0,16,0.42479923212451876,0.5080229916193044,0.576637104457109,61.0,294.0,18816.0,0.2421875
pilot,exact_checkpoint,validation,20,up,h0_oracle,h0_oracle_full_target_residual,activation_weighted_delta_norm,128,1,0.25,16,0.5313906003793596,0.5926435077015226,0.6761391584856562,115.5,576.0,36864.0,1.859375
pilot,exact_checkpoint,validation,20,up,h0_oracle,h0_oracle_full_target_residual,activation_weighted_delta_norm,128,1,0.5,16,0.5313906003793596,0.5926435077015226,0.6761391584856562,115.5,576.0,36864.0,0.9296875
pilot,exact_checkpoint,validation,20,up,h0_oracle,h0_oracle_full_target_residual,activation_weighted_delta_norm,128,1,0.75,16,0.5313906003793596,0.5926435077015226,0.6761391584856562,115.5,576.0,36864.0,0.6197916666666666
pilot,exact_checkpoint,validation,20,up,h0_oracle,h0_oracle_full_target_residual,activation_weighted_delta_norm,128,1,1.0,16,0.5313906003793596,0.5926435077015226,0.6761391584856562,115.5,576.0,36864.0,0.46484375
pilot,exact_checkpoint,validation,20,up,h0_oracle,h0_oracle_full_target_residual,activation_weighted_delta_norm,256,1,0.25,16,0.6955582333664196,0.7320730544058913,0.7858440612306887,211.5,1075.5,68832.0,3.359375
pilot,exact_checkpoint,validation,20,up,h0_oracle,h0_oracle_full_target_residual,activation_weighted_delta_norm,256,1,0.5,16,0.6955582333664196,0.7320730544058913,0.7858440612306887,211.5,1075.5,68832.0,1.6796875
pilot,exact_checkpoint,validation,20,up,h0_oracle,h0_oracle_full_target_residual,activation_weighted_delta_norm,256,1,0.75,16,0.6955582333664196,0.7320730544058913,0.7858440612306887,211.5,1075.5,68832.0,1.1197916666666665
pilot,exact_checkpoint,validation,20,up,h0_oracle,h0_oracle_full_target_residual,activation_weighted_delta_norm,256,1,1.0,16,0.6955582333664196,0.7320730544058913,0.7858440612306887,211.5,1075.5,68832.0,0.83984375
pilot,exact_checkpoint,validation,20,up,h0_oracle,h0_oracle_full_target_residual,activation_weighted_delta_norm,384,1,0.25,16,0.7785382404343885,0.809313985434457,0.8320170392670472,290.5,1431.5,91616.0,4.6015625
pilot,exact_checkpoint,validation,20,up,h0_oracle,h0_oracle_full_target_residual,activation_weighted_delta_norm,384,1,0.5,16,0.7785382404343885,0.809313985434457,0.8320170392670472,290.5,1431.5,91616.0,2.30078125
pilot,exact_checkpoint,validation,20,up,h0_oracle,h0_oracle_full_target_residual,activation_weighted_delta_norm,384,1,0.75,16,0.7785382404343885,0.809313985434457,0.8320170392670472,290.5,1431.5,91616.0,1.5338541666666665
pilot,exact_checkpoint,validation,20,up,h0_oracle,h0_oracle_full_target_residual,activation_weighted_delta_norm,384,1,1.0,16,0.7785382404343885,0.809313985434457,0.8320170392670472,290.5,1431.5,91616.0,1.150390625
pilot,exact_checkpoint,validation,20,up,h0_oracle,h0_oracle_full_target_residual,activation_weighted_delta_norm,512,1,0.25,16,0.7874973027100175,0.8527023420904962,0.8817869342965152,351.0,1600.5,102432.0,5.578125
pilot,exact_checkpoint,validation,20,up,h0_oracle,h0_oracle_full_target_residual,activation_weighted_delta_norm,512,1,0.5,16,0.7874973027100175,0.8527023420904962,0.8817869342965152,351.0,1600.5,102432.0,2.7890625
pilot,exact_checkpoint,validation,20,up,h0_oracle,h0_oracle_full_target_residual,activation_weighted_delta_norm,512,1,0.75,16,0.7874973027100175,0.8527023420904962,0.8817869342965152,351.0,1600.5,102432.0,1.859375
pilot,exact_checkpoint,validation,20,up,h0_oracle,h0_oracle_full_target_residual,activation_weighted_delta_norm,512,1,1.0,16,0.7874973027100175,0.8527023420904962,0.8817869342965152,351.0,1600.5,102432.0,1.39453125
pilot,exact_checkpoint,validation,20,up,h0_oracle,h0_oracle_full_target_residual,activation_weighted_delta_norm,768,1,0.25,16,0.582447902233648,0.7316651362909734,0.8666353978466005,436.0,1824.0,116736.0,6.8828125
pilot,exact_checkpoint,validation,20,up,h0_oracle,h0_oracle_full_target_residual,activation_weighted_delta_norm,768,1,0.5,16,0.582447902233648,0.7316651362909734,0.8666353978466005,436.0,1824.0,116736.0,3.44140625
pilot,exact_checkpoint,validation,20,up,h0_oracle,h0_oracle_full_target_residual,activation_weighted_delta_norm,768,1,0.75,16,0.582447902233648,0.7316651362909734,0.8666353978466005,436.0,1824.0,116736.0,2.294270833333333
pilot,exact_checkpoint,validation,20,up,h0_oracle,h0_oracle_full_target_residual,activation_weighted_delta_norm,768,1,1.0,16,0.582447902233648,0.7316651362909734,0.8666353978466005,436.0,1824.0,116736.0,1.720703125
pilot,exact_checkpoint,validation,20,up,h0_oracle,h0_oracle_full_target_residual,activation_weighted_delta_norm,1024,1,0.25,16,0.0,0.0,0.0,482.0,3852.5,246560.0,7.6015625
pilot,exact_checkpoint,validation,20,up,h0_oracle,h0_oracle_full_target_residual,activation_weighted_delta_norm,1024,1,0.5,16,0.0,0.0,0.0,482.0,3852.5,246560.0,3.80078125
pilot,exact_checkpoint,validation,20,up,h0_oracle,h0_oracle_full_target_residual,activation_weighted_delta_norm,1024,1,0.75,16,0.0,0.0,0.0,482.0,3852.5,246560.0,2.533854166666667
pilot,exact_checkpoint,validation,20,up,h0_oracle,h0_oracle_full_target_residual,activation_weighted_delta_norm,1024,1,1.0,16,0.0,0.0,0.0,482.0,3852.5,246560.0,1.900390625
pilot,exact_checkpoint,validation,20,up,h0_oracle,h0_oracle_full_target_residual,future_proxy_weighted,64,1,0.25,16,0.34597588544952534,0.4197359620290957,0.5308382837774464,61.0,274.5,17568.0,0.9765625
pilot,exact_checkpoint,validation,20,up,h0_oracle,h0_oracle_full_target_residual,future_proxy_weighted,64,1,0.5,16,0.34597588544952534,0.4197359620290957,0.5308382837774464,61.0,274.5,17568.0,0.48828125
pilot,exact_checkpoint,validation,20,up,h0_oracle,h0_oracle_full_target_residual,future_proxy_weighted,64,1,0.75,16,0.34597588544952534,0.4197359620290957,0.5308382837774464,61.0,274.5,17568.0,0.32552083333333337
pilot,exact_checkpoint,validation,20,up,h0_oracle,h0_oracle_full_target_residual,future_proxy_weighted,64,1,1.0,16,0.34597588544952534,0.4197359620290957,0.5308382837774464,61.0,274.5,17568.0,0.244140625
pilot,exact_checkpoint,validation,20,up,h0_oracle,h0_oracle_full_target_residual,future_proxy_weighted,128,1,0.25,16,0.5170934422155797,0.5720997899726101,0.6096306664079547,116.0,539.0,34496.0,1.859375
pilot,exact_checkpoint,validation,20,up,h0_oracle,h0_oracle_full_target_residual,future_proxy_weighted,128,1,0.5,16,0.5170934422155797,0.5720997899726101,0.6096306664079547,116.0,539.0,34496.0,0.9296875
pilot,exact_checkpoint,validation,20,up,h0_oracle,h0_oracle_full_target_residual,future_proxy_weighted,128,1,0.75,16,0.5170934422155797,0.5720997899726101,0.6096306664079547,116.0,539.0,34496.0,0.6197916666666666
pilot,exact_checkpoint,validation,20,up,h0_oracle,h0_oracle_full_target_residual,future_proxy_weighted,128,1,1.0,16,0.5170934422155797,0.5720997899726101,0.6096306664079547,116.0,539.0,34496.0,0.46484375
pilot,exact_checkpoint,validation,20,up,h0_oracle,h0_oracle_full_target_residual,future_proxy_weighted,256,1,0.25,16,0.6291379323881336,0.6941674470601271,0.7349955003715637,211.0,1019.5,65248.0,3.359375
pilot,exact_checkpoint,validation,20,up,h0_oracle,h0_oracle_full_target_residual,future_proxy_weighted,256,1,0.5,16,0.6291379323881336,0.6941674470601271,0.7349955003715637,211.0,1019.5,65248.0,1.6796875
pilot,exact_checkpoint,validation,20,up,h0_oracle,h0_oracle_full_target_residual,future_proxy_weighted,256,1,0.75,16,0.6291379323881336,0.6941674470601271,0.7349955003715637,211.0,1019.5,65248.0,1.1197916666666667
pilot,exact_checkpoint,validation,20,up,h0_oracle,h0_oracle_full_target_residual,future_proxy_weighted,256,1,1.0,16,0.6291379323881336,0.6941674470601271,0.7349955003715637,211.0,1019.5,65248.0,0.83984375
pilot,exact_checkpoint,validation,20,up,h0_oracle,h0_oracle_full_target_residual,future_proxy_weighted,384,1,0.25,16,0.7586625124637556,0.7791492686642427,0.826571381230774,288.5,1360.0,87040.0,4.6015625
pilot,exact_checkpoint,validation,20,up,h0_oracle,h0_oracle_full_target_residual,future_proxy_weighted,384,1,0.5,16,0.7586625124637556,0.7791492686642427,0.826571381230774,288.5,1360.0,87040.0,2.30078125
pilot,exact_checkpoint,validation,20,up,h0_oracle,h0_oracle_full_target_residual,future_proxy_weighted,384,1,0.75,16,0.7586625124637556,0.7791492686642427,0.826571381230774,288.5,1360.0,87040.0,1.5338541666666665
pilot,exact_checkpoint,validation,20,up,h0_oracle,h0_oracle_full_target_residual,future_proxy_weighted,384,1,1.0,16,0.7586625124637556,0.7791492686642427,0.826571381230774,288.5,1360.0,87040.0,1.150390625
pilot,exact_checkpoint,validation,20,up,h0_oracle,h0_oracle_full_target_residual,future_proxy_weighted,512,1,0.25,16,0.7565872332731437,0.829817042133794,0.8571390031809141,351.0,1559.5,99808.0,5.5703125
pilot,exact_checkpoint,validation,20,up,h0_oracle,h0_oracle_full_target_residual,future_proxy_weighted,512,1,0.5,16,0.7565872332731437,0.829817042133794,0.8571390031809141,351.0,1559.5,99808.0,2.78515625
pilot,exact_checkpoint,validation,20,up,h0_oracle,h0_oracle_full_target_residual,future_proxy_weighted,512,1,0.75,16,0.7565872332731437,0.829817042133794,0.8571390031809141,351.0,1559.5,99808.0,1.8567708333333333
pilot,exact_checkpoint,validation,20,up,h0_oracle,h0_oracle_full_target_residual,future_proxy_weighted,512,1,1.0,16,0.7565872332731437,0.829817042133794,0.8571390031809141,351.0,1559.5,99808.0,1.392578125
pilot,exact_checkpoint,validation,20,up,h0_oracle,h0_oracle_full_target_residual,future_proxy_weighted,768,1,0.25,16,0.6222055659237237,0.7555084496127359,0.8515565337518611,436.5,1810.5,115872.0,6.890625
pilot,exact_checkpoint,validation,20,up,h0_oracle,h0_oracle_full_target_residual,future_proxy_weighted,768,1,0.5,16,0.6222055659237237,0.7555084496127359,0.8515565337518611,436.5,1810.5,115872.0,3.4453125
pilot,exact_checkpoint,validation,20,up,h0_oracle,h0_oracle_full_target_residual,future_proxy_weighted,768,1,0.75,16,0.6222055659237237,0.7555084496127359,0.8515565337518611,436.5,1810.5,115872.0,2.296875
pilot,exact_checkpoint,validation,20,up,h0_oracle,h0_oracle_full_target_residual,future_proxy_weighted,768,1,1.0,16,0.6222055659237237,0.7555084496127359,0.8515565337518611,436.5,1810.5,115872.0,1.72265625
pilot,exact_checkpoint,validation,20,up,h0_oracle,h0_oracle_full_target_residual,future_proxy_weighted,1024,1,0.25,16,0.0,0.0,0.0,482.0,3851.0,246464.0,7.5859375
pilot,exact_checkpoint,validation,20,up,h0_oracle,h0_oracle_full_target_residual,future_proxy_weighted,1024,1,0.5,16,0.0,0.0,0.0,482.0,3851.0,246464.0,3.79296875
pilot,exact_checkpoint,validation,20,up,h0_oracle,h0_oracle_full_target_residual,future_proxy_weighted,1024,1,0.75,16,0.0,0.0,0.0,482.0,3851.0,246464.0,2.528645833333333
pilot,exact_checkpoint,validation,20,up,h0_oracle,h0_oracle_full_target_residual,future_proxy_weighted,1024,1,1.0,16,0.0,0.0,0.0,482.0,3851.0,246464.0,1.896484375
pilot,exact_checkpoint,validation,39,gate,h0_oracle,h0_oracle_full_target_residual,abs_activation,64,1,0.25,16,0.2524820296674195,0.4658550069393711,0.6419916570894364,62.0,318.0,20352.0,0.984375
pilot,exact_checkpoint,validation,39,gate,h0_oracle,h0_oracle_full_target_residual,abs_activation,64,1,0.5,16,0.2524820296674195,0.4658550069393711,0.6419916570894364,62.0,318.0,20352.0,0.4921875
pilot,exact_checkpoint,validation,39,gate,h0_oracle,h0_oracle_full_target_residual,abs_activation,64,1,0.75,16,0.2524820296674195,0.4658550069393711,0.6419916570894364,62.0,318.0,20352.0,0.328125
pilot,exact_checkpoint,validation,39,gate,h0_oracle,h0_oracle_full_target_residual,abs_activation,64,1,1.0,16,0.2524820296674195,0.4658550069393711,0.6419916570894364,62.0,318.0,20352.0,0.24609375
pilot,exact_checkpoint,validation,39,gate,h0_oracle,h0_oracle_full_target_residual,abs_activation,128,1,0.25,16,0.3986771175360916,0.6405182096992921,0.7234841278912454,115.0,610.0,39040.0,1.875
pilot,exact_checkpoint,validation,39,gate,h0_oracle,h0_oracle_full_target_residual,abs_activation,128,1,0.5,16,0.3986771175360916,0.6405182096992921,0.7234841278912454,115.0,610.0,39040.0,0.9375
pilot,exact_checkpoint,validation,39,gate,h0_oracle,h0_oracle_full_target_residual,abs_activation,128,1,0.75,16,0.3986771175360916,0.6405182096992921,0.7234841278912454,115.0,610.0,39040.0,0.625
pilot,exact_checkpoint,validation,39,gate,h0_oracle,h0_oracle_full_target_residual,abs_activation,128,1,1.0,16,0.3986771175360916,0.6405182096992921,0.7234841278912454,115.0,610.0,39040.0,0.46875
pilot,exact_checkpoint,validation,39,gate,h0_oracle,h0_oracle_full_target_residual,abs_activation,256,1,0.25,16,0.5246717212312288,0.7267968605700088,0.7944464548336514,209.0,1100.5,70432.0,3.3515625
pilot,exact_checkpoint,validation,39,gate,h0_oracle,h0_oracle_full_target_residual,abs_activation,256,1,0.5,16,0.5246717212312288,0.7267968605700088,0.7944464548336514,209.0,1100.5,70432.0,1.67578125
pilot,exact_checkpoint,validation,39,gate,h0_oracle,h0_oracle_full_target_residual,abs_activation,256,1,0.75,16,0.5246717212312288,0.7267968605700088,0.7944464548336514,209.0,1100.5,70432.0,1.1171875
pilot,exact_checkpoint,validation,39,gate,h0_oracle,h0_oracle_full_target_residual,abs_activation,256,1,1.0,16,0.5246717212312288,0.7267968605700088,0.7944464548336514,209.0,1100.5,70432.0,0.837890625
pilot,exact_checkpoint,validation,39,gate,h0_oracle,h0_oracle_full_target_residual,abs_activation,384,1,0.25,16,0.5530530006966652,0.7221662511863646,0.8591167694317305,288.0,1575.5,100832.0,4.625
pilot,exact_checkpoint,validation,39,gate,h0_oracle,h0_oracle_full_target_residual,abs_activation,384,1,0.5,16,0.5530530006966652,0.7221662511863646,0.8591167694317305,288.0,1575.5,100832.0,2.3125
pilot,exact_checkpoint,validation,39,gate,h0_oracle,h0_oracle_full_target_residual,abs_activation,384,1,0.75,16,0.5530530006966652,0.7221662511863646,0.8591167694317305,288.0,1575.5,100832.0,1.5416666666666667
pilot,exact_checkpoint,validation,39,gate,h0_oracle,h0_oracle_full_target_residual,abs_activation,384,1,1.0,16,0.5530530006966652,0.7221662511863646,0.8591167694317305,288.0,1575.5,100832.0,1.15625
pilot,exact_checkpoint,validation,39,gate,h0_oracle,h0_oracle_full_target_residual,abs_activation,512,1,0.25,16,0.5234108329778608,0.731468225814202,0.8612433150932587,351.0,1806.5,115616.0,5.6328125
pilot,exact_checkpoint,validation,39,gate,h0_oracle,h0_oracle_full_target_residual,abs_activation,512,1,0.5,16,0.5234108329778608,0.731468225814202,0.8612433150932587,351.0,1806.5,115616.0,2.81640625
pilot,exact_checkpoint,validation,39,gate,h0_oracle,h0_oracle_full_target_residual,abs_activation,512,1,0.75,16,0.5234108329778608,0.731468225814202,0.8612433150932587,351.0,1806.5,115616.0,1.8776041666666665
pilot,exact_checkpoint,validation,39,gate,h0_oracle,h0_oracle_full_target_residual,abs_activation,512,1,1.0,16,0.5234108329778608,0.731468225814202,0.8612433150932587,351.0,1806.5,115616.0,1.408203125
pilot,exact_checkpoint,validation,39,gate,h0_oracle,h0_oracle_full_target_residual,abs_activation,768,1,0.25,16,0.0,0.5168418075867239,0.9975336448138108,432.5,3427.5,219360.0,6.859375
pilot,exact_checkpoint,validation,39,gate,h0_oracle,h0_oracle_full_target_residual,abs_activation,768,1,0.5,16,0.0,0.5168418075867239,0.9975336448138108,432.5,3427.5,219360.0,3.4296875
pilot,exact_checkpoint,validation,39,gate,h0_oracle,h0_oracle_full_target_residual,abs_activation,768,1,0.75,16,0.0,0.5168418075867239,0.9975336448138108,432.5,3427.5,219360.0,2.286458333333333
pilot,exact_checkpoint,validation,39,gate,h0_oracle,h0_oracle_full_target_residual,abs_activation,768,1,1.0,16,0.0,0.5168418075867239,0.9975336448138108,432.5,3427.5,219360.0,1.71484375
pilot,exact_checkpoint,validation,39,gate,h0_oracle,h0_oracle_full_target_residual,abs_activation,1024,1,0.25,16,0.0,0.0,0.0,481.0,3847.5,246240.0,7.578125
pilot,exact_checkpoint,validation,39,gate,h0_oracle,h0_oracle_full_target_residual,abs_activation,1024,1,0.5,16,0.0,0.0,0.0,481.0,3847.5,246240.0,3.7890625
pilot,exact_checkpoint,validation,39,gate,h0_oracle,h0_oracle_full_target_residual,abs_activation,1024,1,0.75,16,0.0,0.0,0.0,481.0,3847.5,246240.0,2.526041666666667
pilot,exact_checkpoint,validation,39,gate,h0_oracle,h0_oracle_full_target_residual,abs_activation,1024,1,1.0,16,0.0,0.0,0.0,481.0,3847.5,246240.0,1.89453125
pilot,exact_checkpoint,validation,39,gate,h0_oracle,h0_oracle_full_target_residual,activation_weighted_delta_norm,64,1,0.25,16,0.3148884790817146,0.4916663629413471,0.5854667782346623,62.0,344.5,22048.0,0.984375
pilot,exact_checkpoint,validation,39,gate,h0_oracle,h0_oracle_full_target_residual,activation_weighted_delta_norm,64,1,0.5,16,0.3148884790817146,0.4916663629413471,0.5854667782346623,62.0,344.5,22048.0,0.4921875
pilot,exact_checkpoint,validation,39,gate,h0_oracle,h0_oracle_full_target_residual,activation_weighted_delta_norm,64,1,0.75,16,0.3148884790817146,0.4916663629413471,0.5854667782346623,62.0,344.5,22048.0,0.328125
pilot,exact_checkpoint,validation,39,gate,h0_oracle,h0_oracle_full_target_residual,activation_weighted_delta_norm,64,1,1.0,16,0.3148884790817146,0.4916663629413471,0.5854667782346623,62.0,344.5,22048.0,0.24609375
pilot,exact_checkpoint,validation,39,gate,h0_oracle,h0_oracle_full_target_residual,activation_weighted_delta_norm,128,1,0.25,16,0.4007725172754818,0.6385225609034273,0.722140228873752,115.0,613.5,39264.0,1.8828125
pilot,exact_checkpoint,validation,39,gate,h0_oracle,h0_oracle_full_target_residual,activation_weighted_delta_norm,128,1,0.5,16,0.4007725172754818,0.6385225609034273,0.722140228873752,115.0,613.5,39264.0,0.94140625
pilot,exact_checkpoint,validation,39,gate,h0_oracle,h0_oracle_full_target_residual,activation_weighted_delta_norm,128,1,0.75,16,0.4007725172754818,0.6385225609034273,0.722140228873752,115.0,613.5,39264.0,0.6276041666666666
pilot,exact_checkpoint,validation,39,gate,h0_oracle,h0_oracle_full_target_residual,activation_weighted_delta_norm,128,1,1.0,16,0.4007725172754818,0.6385225609034273,0.722140228873752,115.0,613.5,39264.0,0.470703125
pilot,exact_checkpoint,validation,39,gate,h0_oracle,h0_oracle_full_target_residual,activation_weighted_delta_norm,256,1,0.25,16,0.5820264792593866,0.7436349090399224,0.8385322130480339,209.5,1083.0,69312.0,3.359375
pilot,exact_checkpoint,validation,39,gate,h0_oracle,h0_oracle_full_target_residual,activation_weighted_delta_norm,256,1,0.5,16,0.5820264792593866,0.7436349090399224,0.8385322130480339,209.5,1083.0,69312.0,1.6796875
pilot,exact_checkpoint,validation,39,gate,h0_oracle,h0_oracle_full_target_residual,activation_weighted_delta_norm,256,1,0.75,16,0.5820264792593866,0.7436349090399224,0.8385322130480339,209.5,1083.0,69312.0,1.1197916666666667
pilot,exact_checkpoint,validation,39,gate,h0_oracle,h0_oracle_full_target_residual,activation_weighted_delta_norm,256,1,1.0,16,0.5820264792593866,0.7436349090399224,0.8385322130480339,209.5,1083.0,69312.0,0.83984375
pilot,exact_checkpoint,validation,39,gate,h0_oracle,h0_oracle_full_target_residual,activation_weighted_delta_norm,384,1,0.25,16,0.633592173787392,0.7653042042151905,0.8846843927293262,288.0,1530.0,97920.0,4.609375
pilot,exact_checkpoint,validation,39,gate,h0_oracle,h0_oracle_full_target_residual,activation_weighted_delta_norm,384,1,0.5,16,0.633592173787392,0.7653042042151905,0.8846843927293262,288.0,1530.0,97920.0,2.3046875
pilot,exact_checkpoint,validation,39,gate,h0_oracle,h0_oracle_full_target_residual,activation_weighted_delta_norm,384,1,0.75,16,0.633592173787392,0.7653042042151905,0.8846843927293262,288.0,1530.0,97920.0,1.5364583333333335
pilot,exact_checkpoint,validation,39,gate,h0_oracle,h0_oracle_full_target_residual,activation_weighted_delta_norm,384,1,1.0,16,0.633592173787392,0.7653042042151905,0.8846843927293262,288.0,1530.0,97920.0,1.15234375
pilot,exact_checkpoint,validation,39,gate,h0_oracle,h0_oracle_full_target_residual,activation_weighted_delta_norm,512,1,0.25,16,0.537407952001613,0.7361216308549958,0.8783137085479247,349.5,1715.0,109760.0,5.6484375
pilot,exact_checkpoint,validation,39,gate,h0_oracle,h0_oracle_full_target_residual,activation_weighted_delta_norm,512,1,0.5,16,0.537407952001613,0.7361216308549958,0.8783137085479247,349.5,1715.0,109760.0,2.82421875
pilot,exact_checkpoint,validation,39,gate,h0_oracle,h0_oracle_full_target_residual,activation_weighted_delta_norm,512,1,0.75,16,0.537407952001613,0.7361216308549958,0.8783137085479247,349.5,1715.0,109760.0,1.8828125
pilot,exact_checkpoint,validation,39,gate,h0_oracle,h0_oracle_full_target_residual,activation_weighted_delta_norm,512,1,1.0,16,0.537407952001613,0.7361216308549958,0.8783137085479247,349.5,1715.0,109760.0,1.412109375
pilot,exact_checkpoint,validation,39,gate,h0_oracle,h0_oracle_full_target_residual,activation_weighted_delta_norm,768,1,0.25,16,0.09170166768740891,0.6127259800337598,1.9057781628225254,433.0,3396.0,217344.0,6.859375
pilot,exact_checkpoint,validation,39,gate,h0_oracle,h0_oracle_full_target_residual,activation_weighted_delta_norm,768,1,0.5,16,0.09170166768740891,0.6127259800337598,1.9057781628225254,433.0,3396.0,217344.0,3.4296875
pilot,exact_checkpoint,validation,39,gate,h0_oracle,h0_oracle_full_target_residual,activation_weighted_delta_norm,768,1,0.75,16,0.09170166768740891,0.6127259800337598,1.9057781628225254,433.0,3396.0,217344.0,2.286458333333333
pilot,exact_checkpoint,validation,39,gate,h0_oracle,h0_oracle_full_target_residual,activation_weighted_delta_norm,768,1,1.0,16,0.09170166768740891,0.6127259800337598,1.9057781628225254,433.0,3396.0,217344.0,1.71484375
pilot,exact_checkpoint,validation,39,gate,h0_oracle,h0_oracle_full_target_residual,activation_weighted_delta_norm,1024,1,0.25,16,0.0,0.0,0.0,481.0,3841.5,245856.0,7.578125
pilot,exact_checkpoint,validation,39,gate,h0_oracle,h0_oracle_full_target_residual,activation_weighted_delta_norm,1024,1,0.5,16,0.0,0.0,0.0,481.0,3841.5,245856.0,3.7890625
pilot,exact_checkpoint,validation,39,gate,h0_oracle,h0_oracle_full_target_residual,activation_weighted_delta_norm,1024,1,0.75,16,0.0,0.0,0.0,481.0,3841.5,245856.0,2.5260416666666665
pilot,exact_checkpoint,validation,39,gate,h0_oracle,h0_oracle_full_target_residual,activation_weighted_delta_norm,1024,1,1.0,16,0.0,0.0,0.0,481.0,3841.5,245856.0,1.89453125
pilot,exact_checkpoint,validation,39,gate,h0_oracle,h0_oracle_full_target_residual,future_proxy_weighted,64,1,0.25,16,0.12934582893152463,0.3490487811077141,0.4985526175382381,62.0,331.5,21216.0,0.984375
pilot,exact_checkpoint,validation,39,gate,h0_oracle,h0_oracle_full_target_residual,future_proxy_weighted,64,1,0.5,16,0.12934582893152463,0.3490487811077141,0.4985526175382381,62.0,331.5,21216.0,0.4921875
pilot,exact_checkpoint,validation,39,gate,h0_oracle,h0_oracle_full_target_residual,future_proxy_weighted,64,1,0.75,16,0.12934582893152463,0.3490487811077141,0.4985526175382381,62.0,331.5,21216.0,0.328125
pilot,exact_checkpoint,validation,39,gate,h0_oracle,h0_oracle_full_target_residual,future_proxy_weighted,64,1,1.0,16,0.12934582893152463,0.3490487811077141,0.4985526175382381,62.0,331.5,21216.0,0.24609375
pilot,exact_checkpoint,validation,39,gate,h0_oracle,h0_oracle_full_target_residual,future_proxy_weighted,128,1,0.25,16,0.23854621318737626,0.5864353782419084,0.7051971939197959,115.0,637.0,40768.0,1.890625
pilot,exact_checkpoint,validation,39,gate,h0_oracle,h0_oracle_full_target_residual,future_proxy_weighted,128,1,0.5,16,0.23854621318737626,0.5864353782419084,0.7051971939197959,115.0,637.0,40768.0,0.9453125
pilot,exact_checkpoint,validation,39,gate,h0_oracle,h0_oracle_full_target_residual,future_proxy_weighted,128,1,0.75,16,0.23854621318737626,0.5864353782419084,0.7051971939197959,115.0,637.0,40768.0,0.6302083333333334
pilot,exact_checkpoint,validation,39,gate,h0_oracle,h0_oracle_full_target_residual,future_proxy_weighted,128,1,1.0,16,0.23854621318737626,0.5864353782419084,0.7051971939197959,115.0,637.0,40768.0,0.47265625
pilot,exact_checkpoint,validation,39,gate,h0_oracle,h0_oracle_full_target_residual,future_proxy_weighted,256,1,0.25,16,0.4876993223473298,0.6730446321064452,0.7862898376679124,210.5,1077.5,68960.0,3.3984375
pilot,exact_checkpoint,validation,39,gate,h0_oracle,h0_oracle_full_target_residual,future_proxy_weighted,256,1,0.5,16,0.4876993223473298,0.6730446321064452,0.7862898376679124,210.5,1077.5,68960.0,1.69921875
pilot,exact_checkpoint,validation,39,gate,h0_oracle,h0_oracle_full_target_residual,future_proxy_weighted,256,1,0.75,16,0.4876993223473298,0.6730446321064452,0.7862898376679124,210.5,1077.5,68960.0,1.1328125
pilot,exact_checkpoint,validation,39,gate,h0_oracle,h0_oracle_full_target_residual,future_proxy_weighted,256,1,1.0,16,0.4876993223473298,0.6730446321064452,0.7862898376679124,210.5,1077.5,68960.0,0.849609375
pilot,exact_checkpoint,validation,39,gate,h0_oracle,h0_oracle_full_target_residual,future_proxy_weighted,384,1,0.25,16,0.5591259600376676,0.6802822129741033,0.8618245926881678,287.0,1497.5,95840.0,4.578125
pilot,exact_checkpoint,validation,39,gate,h0_oracle,h0_oracle_full_target_residual,future_proxy_weighted,384,1,0.5,16,0.5591259600376676,0.6802822129741033,0.8618245926881678,287.0,1497.5,95840.0,2.2890625
pilot,exact_checkpoint,validation,39,gate,h0_oracle,h0_oracle_full_target_residual,future_proxy_weighted,384,1,0.75,16,0.5591259600376676,0.6802822129741033,0.8618245926881678,287.0,1497.5,95840.0,1.5260416666666665
pilot,exact_checkpoint,validation,39,gate,h0_oracle,h0_oracle_full_target_residual,future_proxy_weighted,384,1,1.0,16,0.5591259600376676,0.6802822129741033,0.8618245926881678,287.0,1497.5,95840.0,1.14453125
pilot,exact_checkpoint,validation,39,gate,h0_oracle,h0_oracle_full_target_residual,future_proxy_weighted,512,1,0.25,16,0.5666500958415802,0.7652193429901362,0.8624549523338926,348.0,1663.5,106464.0,5.5625
pilot,exact_checkpoint,validation,39,gate,h0_oracle,h0_oracle_full_target_residual,future_proxy_weighted,512,1,0.5,16,0.5666500958415802,0.7652193429901362,0.8624549523338926,348.0,1663.5,106464.0,2.78125
pilot,exact_checkpoint,validation,39,gate,h0_oracle,h0_oracle_full_target_residual,future_proxy_weighted,512,1,0.75,16,0.5666500958415802,0.7652193429901362,0.8624549523338926,348.0,1663.5,106464.0,1.8541666666666665
pilot,exact_checkpoint,validation,39,gate,h0_oracle,h0_oracle_full_target_residual,future_proxy_weighted,512,1,1.0,16,0.5666500958415802,0.7652193429901362,0.8624549523338926,348.0,1663.5,106464.0,1.390625
pilot,exact_checkpoint,validation,39,gate,h0_oracle,h0_oracle_full_target_residual,future_proxy_weighted,768,1,0.25,16,-0.4485043648204432,0.0,0.6730337731854279,430.0,2236.5,143136.0,6.84375
pilot,exact_checkpoint,validation,39,gate,h0_oracle,h0_oracle_full_target_residual,future_proxy_weighted,768,1,0.5,16,-0.4485043648204432,0.0,0.6730337731854279,430.0,2236.5,143136.0,3.421875
pilot,exact_checkpoint,validation,39,gate,h0_oracle,h0_oracle_full_target_residual,future_proxy_weighted,768,1,0.75,16,-0.4485043648204432,0.0,0.6730337731854279,430.0,2236.5,143136.0,2.28125
pilot,exact_checkpoint,validation,39,gate,h0_oracle,h0_oracle_full_target_residual,future_proxy_weighted,768,1,1.0,16,-0.4485043648204432,0.0,0.6730337731854279,430.0,2236.5,143136.0,1.7109375
pilot,exact_checkpoint,validation,39,gate,h0_oracle,h0_oracle_full_target_residual,future_proxy_weighted,1024,1,0.25,16,0.0,0.0,0.0,479.0,3825.5,244832.0,7.5625
pilot,exact_checkpoint,validation,39,gate,h0_oracle,h0_oracle_full_target_residual,future_proxy_weighted,1024,1,0.5,16,0.0,0.0,0.0,479.0,3825.5,244832.0,3.78125
pilot,exact_checkpoint,validation,39,gate,h0_oracle,h0_oracle_full_target_residual,future_proxy_weighted,1024,1,0.75,16,0.0,0.0,0.0,479.0,3825.5,244832.0,2.5208333333333335
pilot,exact_checkpoint,validation,39,gate,h0_oracle,h0_oracle_full_target_residual,future_proxy_weighted,1024,1,1.0,16,0.0,0.0,0.0,479.0,3825.5,244832.0,1.890625
pilot,exact_checkpoint,validation,39,up,h0_oracle,h0_oracle_full_target_residual,abs_activation,64,1,0.25,16,0.47727311329881733,0.5166354468415149,0.6621254677632256,62.0,307.5,19680.0,0.984375
pilot,exact_checkpoint,validation,39,up,h0_oracle,h0_oracle_full_target_residual,abs_activation,64,1,0.5,16,0.47727311329881733,0.5166354468415149,0.6621254677632256,62.0,307.5,19680.0,0.4921875
pilot,exact_checkpoint,validation,39,up,h0_oracle,h0_oracle_full_target_residual,abs_activation,64,1,0.75,16,0.47727311329881733,0.5166354468415149,0.6621254677632256,62.0,307.5,19680.0,0.328125
pilot,exact_checkpoint,validation,39,up,h0_oracle,h0_oracle_full_target_residual,abs_activation,64,1,1.0,16,0.47727311329881733,0.5166354468415149,0.6621254677632256,62.0,307.5,19680.0,0.24609375
pilot,exact_checkpoint,validation,39,up,h0_oracle,h0_oracle_full_target_residual,abs_activation,128,1,0.25,16,0.5522941250187172,0.6134470007027649,0.6812967413428332,115.0,537.5,34400.0,1.875
pilot,exact_checkpoint,validation,39,up,h0_oracle,h0_oracle_full_target_residual,abs_activation,128,1,0.5,16,0.5522941250187172,0.6134470007027649,0.6812967413428332,115.0,537.5,34400.0,0.9375
pilot,exact_checkpoint,validation,39,up,h0_oracle,h0_oracle_full_target_residual,abs_activation,128,1,0.75,16,0.5522941250187172,0.6134470007027649,0.6812967413428332,115.0,537.5,34400.0,0.625
pilot,exact_checkpoint,validation,39,up,h0_oracle,h0_oracle_full_target_residual,abs_activation,128,1,1.0,16,0.5522941250187172,0.6134470007027649,0.6812967413428332,115.0,537.5,34400.0,0.46875
pilot,exact_checkpoint,validation,39,up,h0_oracle,h0_oracle_full_target_residual,abs_activation,256,1,0.25,16,0.6536464287401383,0.7247602763098984,0.8070259215441096,209.0,1016.0,65024.0,3.3515625
pilot,exact_checkpoint,validation,39,up,h0_oracle,h0_oracle_full_target_residual,abs_activation,256,1,0.5,16,0.6536464287401383,0.7247602763098984,0.8070259215441096,209.0,1016.0,65024.0,1.67578125
pilot,exact_checkpoint,validation,39,up,h0_oracle,h0_oracle_full_target_residual,abs_activation,256,1,0.75,16,0.6536464287401383,0.7247602763098984,0.8070259215441096,209.0,1016.0,65024.0,1.1171875
pilot,exact_checkpoint,validation,39,up,h0_oracle,h0_oracle_full_target_residual,abs_activation,256,1,1.0,16,0.6536464287401383,0.7247602763098984,0.8070259215441096,209.0,1016.0,65024.0,0.837890625
pilot,exact_checkpoint,validation,39,up,h0_oracle,h0_oracle_full_target_residual,abs_activation,384,1,0.25,16,0.7242992385801255,0.7934999398368272,0.8457605418831926,288.0,1386.5,88736.0,4.625
pilot,exact_checkpoint,validation,39,up,h0_oracle,h0_oracle_full_target_residual,abs_activation,384,1,0.5,16,0.7242992385801255,0.7934999398368272,0.8457605418831926,288.0,1386.5,88736.0,2.3125
pilot,exact_checkpoint,validation,39,up,h0_oracle,h0_oracle_full_target_residual,abs_activation,384,1,0.75,16,0.7242992385801255,0.7934999398368272,0.8457605418831926,288.0,1386.5,88736.0,1.5416666666666667
pilot,exact_checkpoint,validation,39,up,h0_oracle,h0_oracle_full_target_residual,abs_activation,384,1,1.0,16,0.7242992385801255,0.7934999398368272,0.8457605418831926,288.0,1386.5,88736.0,1.15625
pilot,exact_checkpoint,validation,39,up,h0_oracle,h0_oracle_full_target_residual,abs_activation,512,1,0.25,16,0.6716547702380256,0.8234271834103054,0.8810242150020113,351.0,1673.5,107104.0,5.6328125
pilot,exact_checkpoint,validation,39,up,h0_oracle,h0_oracle_full_target_residual,abs_activation,512,1,0.5,16,0.6716547702380256,0.8234271834103054,0.8810242150020113,351.0,1673.5,107104.0,2.81640625
pilot,exact_checkpoint,validation,39,up,h0_oracle,h0_oracle_full_target_residual,abs_activation,512,1,0.75,16,0.6716547702380256,0.8234271834103054,0.8810242150020113,351.0,1673.5,107104.0,1.8776041666666665
pilot,exact_checkpoint,validation,39,up,h0_oracle,h0_oracle_full_target_residual,abs_activation,512,1,1.0,16,0.6716547702380256,0.8234271834103054,0.8810242150020113,351.0,1673.5,107104.0,1.408203125
pilot,exact_checkpoint,validation,39,up,h0_oracle,h0_oracle_full_target_residual,abs_activation,768,1,0.25,16,0.4975768994264399,0.6924226177827782,0.942337130175601,432.5,1798.5,115104.0,6.859375
pilot,exact_checkpoint,validation,39,up,h0_oracle,h0_oracle_full_target_residual,abs_activation,768,1,0.5,16,0.4975768994264399,0.6924226177827782,0.942337130175601,432.5,1798.5,115104.0,3.4296875
pilot,exact_checkpoint,validation,39,up,h0_oracle,h0_oracle_full_target_residual,abs_activation,768,1,0.75,16,0.4975768994264399,0.6924226177827782,0.942337130175601,432.5,1798.5,115104.0,2.286458333333333
pilot,exact_checkpoint,validation,39,up,h0_oracle,h0_oracle_full_target_residual,abs_activation,768,1,1.0,16,0.4975768994264399,0.6924226177827782,0.942337130175601,432.5,1798.5,115104.0,1.71484375
pilot,exact_checkpoint,validation,39,up,h0_oracle,h0_oracle_full_target_residual,abs_activation,1024,1,0.25,16,0.0,0.0,0.0,481.0,3836.0,245504.0,7.578125
pilot,exact_checkpoint,validation,39,up,h0_oracle,h0_oracle_full_target_residual,abs_activation,1024,1,0.5,16,0.0,0.0,0.0,481.0,3836.0,245504.0,3.7890625
pilot,exact_checkpoint,validation,39,up,h0_oracle,h0_oracle_full_target_residual,abs_activation,1024,1,0.75,16,0.0,0.0,0.0,481.0,3836.0,245504.0,2.526041666666667
pilot,exact_checkpoint,validation,39,up,h0_oracle,h0_oracle_full_target_residual,abs_activation,1024,1,1.0,16,0.0,0.0,0.0,481.0,3836.0,245504.0,1.89453125
pilot,exact_checkpoint,validation,39,up,h0_oracle,h0_oracle_full_target_residual,activation_weighted_delta_norm,64,1,0.25,16,0.46168086370266603,0.5266230562728464,0.6322172034176162,62.0,292.0,18688.0,0.984375
pilot,exact_checkpoint,validation,39,up,h0_oracle,h0_oracle_full_target_residual,activation_weighted_delta_norm,64,1,0.5,16,0.46168086370266603,0.5266230562728464,0.6322172034176162,62.0,292.0,18688.0,0.4921875
pilot,exact_checkpoint,validation,39,up,h0_oracle,h0_oracle_full_target_residual,activation_weighted_delta_norm,64,1,0.75,16,0.46168086370266603,0.5266230562728464,0.6322172034176162,62.0,292.0,18688.0,0.328125
pilot,exact_checkpoint,validation,39,up,h0_oracle,h0_oracle_full_target_residual,activation_weighted_delta_norm,64,1,1.0,16,0.46168086370266603,0.5266230562728464,0.6322172034176162,62.0,292.0,18688.0,0.24609375
pilot,exact_checkpoint,validation,39,up,h0_oracle,h0_oracle_full_target_residual,activation_weighted_delta_norm,128,1,0.25,16,0.5315483236242541,0.6175525381488818,0.693157574546446,116.5,550.5,35232.0,1.875
pilot,exact_checkpoint,validation,39,up,h0_oracle,h0_oracle_full_target_residual,activation_weighted_delta_norm,128,1,0.5,16,0.5315483236242541,0.6175525381488818,0.693157574546446,116.5,550.5,35232.0,0.9375
pilot,exact_checkpoint,validation,39,up,h0_oracle,h0_oracle_full_target_residual,activation_weighted_delta_norm,128,1,0.75,16,0.5315483236242541,0.6175525381488818,0.693157574546446,116.5,550.5,35232.0,0.625
pilot,exact_checkpoint,validation,39,up,h0_oracle,h0_oracle_full_target_residual,activation_weighted_delta_norm,128,1,1.0,16,0.5315483236242541,0.6175525381488818,0.693157574546446,116.5,550.5,35232.0,0.46875
pilot,exact_checkpoint,validation,39,up,h0_oracle,h0_oracle_full_target_residual,activation_weighted_delta_norm,256,1,0.25,16,0.6326379016195729,0.7061173875486606,0.8017906472719034,209.5,1056.5,67616.0,3.359375
pilot,exact_checkpoint,validation,39,up,h0_oracle,h0_oracle_full_target_residual,activation_weighted_delta_norm,256,1,0.5,16,0.6326379016195729,0.7061173875486606,0.8017906472719034,209.5,1056.5,67616.0,1.6796875
pilot,exact_checkpoint,validation,39,up,h0_oracle,h0_oracle_full_target_residual,activation_weighted_delta_norm,256,1,0.75,16,0.6326379016195729,0.7061173875486606,0.8017906472719034,209.5,1056.5,67616.0,1.1197916666666665
pilot,exact_checkpoint,validation,39,up,h0_oracle,h0_oracle_full_target_residual,activation_weighted_delta_norm,256,1,1.0,16,0.6326379016195729,0.7061173875486606,0.8017906472719034,209.5,1056.5,67616.0,0.83984375
pilot,exact_checkpoint,validation,39,up,h0_oracle,h0_oracle_full_target_residual,activation_weighted_delta_norm,384,1,0.25,16,0.7348979343678744,0.7722795171296797,0.850286044124421,288.5,1395.0,89280.0,4.578125
pilot,exact_checkpoint,validation,39,up,h0_oracle,h0_oracle_full_target_residual,activation_weighted_delta_norm,384,1,0.5,16,0.7348979343678744,0.7722795171296797,0.850286044124421,288.5,1395.0,89280.0,2.2890625
pilot,exact_checkpoint,validation,39,up,h0_oracle,h0_oracle_full_target_residual,activation_weighted_delta_norm,384,1,0.75,16,0.7348979343678744,0.7722795171296797,0.850286044124421,288.5,1395.0,89280.0,1.5260416666666667
pilot,exact_checkpoint,validation,39,up,h0_oracle,h0_oracle_full_target_residual,activation_weighted_delta_norm,384,1,1.0,16,0.7348979343678744,0.7722795171296797,0.850286044124421,288.5,1395.0,89280.0,1.14453125
pilot,exact_checkpoint,validation,39,up,h0_oracle,h0_oracle_full_target_residual,activation_weighted_delta_norm,512,1,0.25,16,0.5857376810193424,0.8355009181467726,0.8656803445844738,351.0,1736.0,111104.0,5.6328125
pilot,exact_checkpoint,validation,39,up,h0_oracle,h0_oracle_full_target_residual,activation_weighted_delta_norm,512,1,0.5,16,0.5857376810193424,0.8355009181467726,0.8656803445844738,351.0,1736.0,111104.0,2.81640625
pilot,exact_checkpoint,validation,39,up,h0_oracle,h0_oracle_full_target_residual,activation_weighted_delta_norm,512,1,0.75,16,0.5857376810193424,0.8355009181467726,0.8656803445844738,351.0,1736.0,111104.0,1.8776041666666665
pilot,exact_checkpoint,validation,39,up,h0_oracle,h0_oracle_full_target_residual,activation_weighted_delta_norm,512,1,1.0,16,0.5857376810193424,0.8355009181467726,0.8656803445844738,351.0,1736.0,111104.0,1.408203125
pilot,exact_checkpoint,validation,39,up,h0_oracle,h0_oracle_full_target_residual,activation_weighted_delta_norm,768,1,0.25,16,0.5086579685970437,0.7174067817414441,0.8896365703154564,432.0,1962.5,125600.0,6.8515625
pilot,exact_checkpoint,validation,39,up,h0_oracle,h0_oracle_full_target_residual,activation_weighted_delta_norm,768,1,0.5,16,0.5086579685970437,0.7174067817414441,0.8896365703154564,432.0,1962.5,125600.0,3.42578125
pilot,exact_checkpoint,validation,39,up,h0_oracle,h0_oracle_full_target_residual,activation_weighted_delta_norm,768,1,0.75,16,0.5086579685970437,0.7174067817414441,0.8896365703154564,432.0,1962.5,125600.0,2.283854166666667
pilot,exact_checkpoint,validation,39,up,h0_oracle,h0_oracle_full_target_residual,activation_weighted_delta_norm,768,1,1.0,16,0.5086579685970437,0.7174067817414441,0.8896365703154564,432.0,1962.5,125600.0,1.712890625
pilot,exact_checkpoint,validation,39,up,h0_oracle,h0_oracle_full_target_residual,activation_weighted_delta_norm,1024,1,0.25,16,0.0,0.0,0.0,481.0,3844.0,246016.0,7.5625
pilot,exact_checkpoint,validation,39,up,h0_oracle,h0_oracle_full_target_residual,activation_weighted_delta_norm,1024,1,0.5,16,0.0,0.0,0.0,481.0,3844.0,246016.0,3.78125
pilot,exact_checkpoint,validation,39,up,h0_oracle,h0_oracle_full_target_residual,activation_weighted_delta_norm,1024,1,0.75,16,0.0,0.0,0.0,481.0,3844.0,246016.0,2.5208333333333335
pilot,exact_checkpoint,validation,39,up,h0_oracle,h0_oracle_full_target_residual,activation_weighted_delta_norm,1024,1,1.0,16,0.0,0.0,0.0,481.0,3844.0,246016.0,1.890625
pilot,exact_checkpoint,validation,39,up,h0_oracle,h0_oracle_full_target_residual,future_proxy_weighted,64,1,0.25,16,0.1954932840536398,0.4039452332818606,0.648500772839026,61.0,296.0,18944.0,0.984375
pilot,exact_checkpoint,validation,39,up,h0_oracle,h0_oracle_full_target_residual,future_proxy_weighted,64,1,0.5,16,0.1954932840536398,0.4039452332818606,0.648500772839026,61.0,296.0,18944.0,0.4921875
pilot,exact_checkpoint,validation,39,up,h0_oracle,h0_oracle_full_target_residual,future_proxy_weighted,64,1,0.75,16,0.1954932840536398,0.4039452332818606,0.648500772839026,61.0,296.0,18944.0,0.328125
pilot,exact_checkpoint,validation,39,up,h0_oracle,h0_oracle_full_target_residual,future_proxy_weighted,64,1,1.0,16,0.1954932840536398,0.4039452332818606,0.648500772839026,61.0,296.0,18944.0,0.24609375
pilot,exact_checkpoint,validation,39,up,h0_oracle,h0_oracle_full_target_residual,future_proxy_weighted,128,1,0.25,16,0.4391605349000802,0.4826947039372086,0.61884074863431,116.5,562.0,35968.0,1.828125
pilot,exact_checkpoint,validation,39,up,h0_oracle,h0_oracle_full_target_residual,future_proxy_weighted,128,1,0.5,16,0.4391605349000802,0.4826947039372086,0.61884074863431,116.5,562.0,35968.0,0.9140625
pilot,exact_checkpoint,validation,39,up,h0_oracle,h0_oracle_full_target_residual,future_proxy_weighted,128,1,0.75,16,0.4391605349000802,0.4826947039372086,0.61884074863431,116.5,562.0,35968.0,0.609375
pilot,exact_checkpoint,validation,39,up,h0_oracle,h0_oracle_full_target_residual,future_proxy_weighted,128,1,1.0,16,0.4391605349000802,0.4826947039372086,0.61884074863431,116.5,562.0,35968.0,0.45703125
pilot,exact_checkpoint,validation,39,up,h0_oracle,h0_oracle_full_target_residual,future_proxy_weighted,256,1,0.25,16,0.5936920754814794,0.6727224336757935,0.7624733931310749,210.0,980.0,62720.0,3.359375
pilot,exact_checkpoint,validation,39,up,h0_oracle,h0_oracle_full_target_residual,future_proxy_weighted,256,1,0.5,16,0.5936920754814794,0.6727224336757935,0.7624733931310749,210.0,980.0,62720.0,1.6796875
pilot,exact_checkpoint,validation,39,up,h0_oracle,h0_oracle_full_target_residual,future_proxy_weighted,256,1,0.75,16,0.5936920754814794,0.6727224336757935,0.7624733931310749,210.0,980.0,62720.0,1.1197916666666667
pilot,exact_checkpoint,validation,39,up,h0_oracle,h0_oracle_full_target_residual,future_proxy_weighted,256,1,1.0,16,0.5936920754814794,0.6727224336757935,0.7624733931310749,210.0,980.0,62720.0,0.83984375
pilot,exact_checkpoint,validation,39,up,h0_oracle,h0_oracle_full_target_residual,future_proxy_weighted,384,1,0.25,16,0.6877571816459758,0.7491849976153194,0.8233060458113548,288.5,1353.5,86624.0,4.578125
pilot,exact_checkpoint,validation,39,up,h0_oracle,h0_oracle_full_target_residual,future_proxy_weighted,384,1,0.5,16,0.6877571816459758,0.7491849976153194,0.8233060458113548,288.5,1353.5,86624.0,2.2890625
pilot,exact_checkpoint,validation,39,up,h0_oracle,h0_oracle_full_target_residual,future_proxy_weighted,384,1,0.75,16,0.6877571816459758,0.7491849976153194,0.8233060458113548,288.5,1353.5,86624.0,1.5260416666666665
pilot,exact_checkpoint,validation,39,up,h0_oracle,h0_oracle_full_target_residual,future_proxy_weighted,384,1,1.0,16,0.6877571816459758,0.7491849976153194,0.8233060458113548,288.5,1353.5,86624.0,1.14453125
pilot,exact_checkpoint,validation,39,up,h0_oracle,h0_oracle_full_target_residual,future_proxy_weighted,512,1,0.25,16,0.6452400498514932,0.7856692256614761,0.8350136591076643,350.5,1635.0,104640.0,5.5859375
pilot,exact_checkpoint,validation,39,up,h0_oracle,h0_oracle_full_target_residual,future_proxy_weighted,512,1,0.5,16,0.6452400498514932,0.7856692256614761,0.8350136591076643,350.5,1635.0,104640.0,2.79296875
pilot,exact_checkpoint,validation,39,up,h0_oracle,h0_oracle_full_target_residual,future_proxy_weighted,512,1,0.75,16,0.6452400498514932,0.7856692256614761,0.8350136591076643,350.5,1635.0,104640.0,1.8619791666666667
pilot,exact_checkpoint,validation,39,up,h0_oracle,h0_oracle_full_target_residual,future_proxy_weighted,512,1,1.0,16,0.6452400498514932,0.7856692256614761,0.8350136591076643,350.5,1635.0,104640.0,1.396484375
pilot,exact_checkpoint,validation,39,up,h0_oracle,h0_oracle_full_target_residual,future_proxy_weighted,768,1,0.25,16,0.1869187204035436,0.6298724159075731,0.8339677528096603,432.0,1817.5,116320.0,6.8984375
pilot,exact_checkpoint,validation,39,up,h0_oracle,h0_oracle_full_target_residual,future_proxy_weighted,768,1,0.5,16,0.1869187204035436,0.6298724159075731,0.8339677528096603,432.0,1817.5,116320.0,3.44921875
pilot,exact_checkpoint,validation,39,up,h0_oracle,h0_oracle_full_target_residual,future_proxy_weighted,768,1,0.75,16,0.1869187204035436,0.6298724159075731,0.8339677528096603,432.0,1817.5,116320.0,2.2994791666666665
pilot,exact_checkpoint,validation,39,up,h0_oracle,h0_oracle_full_target_residual,future_proxy_weighted,768,1,1.0,16,0.1869187204035436,0.6298724159075731,0.8339677528096603,432.0,1817.5,116320.0,1.724609375
pilot,exact_checkpoint,validation,39,up,h0_oracle,h0_oracle_full_target_residual,future_proxy_weighted,1024,1,0.25,16,0.0,0.0,0.0,481.0,3835.5,245472.0,7.5703125
pilot,exact_checkpoint,validation,39,up,h0_oracle,h0_oracle_full_target_residual,future_proxy_weighted,1024,1,0.5,16,0.0,0.0,0.0,481.0,3835.5,245472.0,3.78515625
pilot,exact_checkpoint,validation,39,up,h0_oracle,h0_oracle_full_target_residual,future_proxy_weighted,1024,1,0.75,16,0.0,0.0,0.0,481.0,3835.5,245472.0,2.5234375
pilot,exact_checkpoint,validation,39,up,h0_oracle,h0_oracle_full_target_residual,future_proxy_weighted,1024,1,1.0,16,0.0,0.0,0.0,481.0,3835.5,245472.0,1.892578125
