layer,expert_id,method,requested_rank,actual_rank,fit,coefficient_bits,payload_bytes,scale_bytes,header_bytes,total_bytes,external_bytes,external_multiplier,resident_basis_bytes
0,1,B0_raw_shared,32,32,projection,4,8192,512,64,8768,6234688,3.3976353236607144,262144
0,1,B0_raw_shared,32,32,projection,8,16384,512,64,16960,6242880,3.402099609375,262144
0,1,B0_raw_shared,32,32,projection,16,32768,0,64,32832,6258752,3.4107491629464284,262144
0,1,B0_raw_shared,32,32,activation_ls,4,8192,512,64,8768,6234688,3.3976353236607144,262144
0,1,B0_raw_shared,32,32,activation_ls,8,16384,512,64,16960,6242880,3.402099609375,262144
0,1,B0_raw_shared,32,32,activation_ls,16,32768,0,64,32832,6258752,3.4107491629464284,262144
0,1,B0_raw_shared,64,64,projection,4,16384,1024,64,17472,6243392,3.402378627232143,524288
0,1,B0_raw_shared,64,64,projection,8,32768,1024,64,33856,6259776,3.4113071986607144,524288
0,1,B0_raw_shared,64,64,projection,16,65536,0,64,65600,6291520,3.4286063058035716,524288
0,1,B0_raw_shared,64,64,activation_ls,4,16384,1024,64,17472,6243392,3.402378627232143,524288
0,1,B0_raw_shared,64,64,activation_ls,8,32768,1024,64,33856,6259776,3.4113071986607144,524288
0,1,B0_raw_shared,64,64,activation_ls,16,65536,0,64,65600,6291520,3.4286063058035716,524288
0,1,B0_raw_shared,128,128,projection,4,32768,2048,64,34880,6260800,3.411865234375,1048576
0,1,B0_raw_shared,128,128,projection,8,65536,2048,64,67648,6293568,3.429722377232143,1048576
0,1,B0_raw_shared,128,128,projection,16,131072,0,64,131136,6357056,3.464320591517857,1048576
0,1,B0_raw_shared,128,128,activation_ls,4,32768,2048,64,34880,6260800,3.411865234375,1048576
0,1,B0_raw_shared,128,128,activation_ls,8,65536,2048,64,67648,6293568,3.429722377232143,1048576
0,1,B0_raw_shared,128,128,activation_ls,16,131072,0,64,131136,6357056,3.464320591517857,1048576
0,1,B0_raw_shared,256,256,projection,4,65536,4096,64,69696,6295616,3.4308384486607144,2097152
0,1,B0_raw_shared,256,256,projection,8,131072,4096,64,135232,6361152,3.466552734375,2097152
0,1,B0_raw_shared,256,256,projection,16,262144,0,64,262208,6488128,3.5357491629464284,2097152
0,1,B0_raw_shared,256,256,activation_ls,4,65536,4096,64,69696,6295616,3.4308384486607144,2097152
0,1,B0_raw_shared,256,256,activation_ls,8,131072,4096,64,135232,6361152,3.466552734375,2097152
0,1,B0_raw_shared,256,256,activation_ls,16,262144,0,64,262208,6488128,3.5357491629464284,2097152
0,1,B0_raw_shared,512,512,projection,4,131072,8192,64,139328,6365248,3.468784877232143,4194304
0,1,B0_raw_shared,512,512,projection,8,262144,8192,64,270400,6496320,3.5402134486607144,4194304
0,1,B0_raw_shared,512,512,projection,16,524288,0,64,524352,6750272,3.6786063058035716,4194304
0,1,B0_raw_shared,512,512,activation_ls,4,131072,8192,64,139328,6365248,3.468784877232143,4194304
0,1,B0_raw_shared,512,512,activation_ls,8,262144,8192,64,270400,6496320,3.5402134486607144,4194304
0,1,B0_raw_shared,512,512,activation_ls,16,524288,0,64,524352,6750272,3.6786063058035716,4194304
0,1,B1_action_shared,32,32,projection,4,8192,512,64,8768,6234688,3.3976353236607144,262144
0,1,B1_action_shared,32,32,projection,8,16384,512,64,16960,6242880,3.402099609375,262144
0,1,B1_action_shared,32,32,projection,16,32768,0,64,32832,6258752,3.4107491629464284,262144
0,1,B1_action_shared,32,32,activation_ls,4,8192,512,64,8768,6234688,3.3976353236607144,262144
0,1,B1_action_shared,32,32,activation_ls,8,16384,512,64,16960,6242880,3.402099609375,262144
0,1,B1_action_shared,32,32,activation_ls,16,32768,0,64,32832,6258752,3.4107491629464284,262144
0,1,B1_action_shared,64,64,projection,4,16384,1024,64,17472,6243392,3.402378627232143,524288
0,1,B1_action_shared,64,64,projection,8,32768,1024,64,33856,6259776,3.4113071986607144,524288
0,1,B1_action_shared,64,64,projection,16,65536,0,64,65600,6291520,3.4286063058035716,524288
0,1,B1_action_shared,64,64,activation_ls,4,16384,1024,64,17472,6243392,3.402378627232143,524288
0,1,B1_action_shared,64,64,activation_ls,8,32768,1024,64,33856,6259776,3.4113071986607144,524288
0,1,B1_action_shared,64,64,activation_ls,16,65536,0,64,65600,6291520,3.4286063058035716,524288
0,1,B1_action_shared,128,128,projection,4,32768,2048,64,34880,6260800,3.411865234375,1048576
0,1,B1_action_shared,128,128,projection,8,65536,2048,64,67648,6293568,3.429722377232143,1048576
0,1,B1_action_shared,128,128,projection,16,131072,0,64,131136,6357056,3.464320591517857,1048576
0,1,B1_action_shared,128,128,activation_ls,4,32768,2048,64,34880,6260800,3.411865234375,1048576
0,1,B1_action_shared,128,128,activation_ls,8,65536,2048,64,67648,6293568,3.429722377232143,1048576
0,1,B1_action_shared,128,128,activation_ls,16,131072,0,64,131136,6357056,3.464320591517857,1048576
0,1,B1_action_shared,256,256,projection,4,65536,4096,64,69696,6295616,3.4308384486607144,2097152
0,1,B1_action_shared,256,256,projection,8,131072,4096,64,135232,6361152,3.466552734375,2097152
0,1,B1_action_shared,256,256,projection,16,262144,0,64,262208,6488128,3.5357491629464284,2097152
0,1,B1_action_shared,256,256,activation_ls,4,65536,4096,64,69696,6295616,3.4308384486607144,2097152
0,1,B1_action_shared,256,256,activation_ls,8,131072,4096,64,135232,6361152,3.466552734375,2097152
0,1,B1_action_shared,256,256,activation_ls,16,262144,0,64,262208,6488128,3.5357491629464284,2097152
0,1,B1_action_shared,512,391,projection,4,100096,6256,64,106416,6332336,3.4508492606026784,3203072
0,1,B1_action_shared,512,391,projection,8,200192,6256,64,206512,6432432,3.505397251674107,3203072
0,1,B1_action_shared,512,391,projection,16,400384,0,64,400448,6626368,3.611083984375,3203072
0,1,B1_action_shared,512,391,activation_ls,4,100096,6256,64,106416,6332336,3.4508492606026784,3203072
0,1,B1_action_shared,512,391,activation_ls,8,200192,6256,64,206512,6432432,3.505397251674107,3203072
0,1,B1_action_shared,512,391,activation_ls,16,400384,0,64,400448,6626368,3.611083984375,3203072
0,1,B2_proxy_shared,32,32,projection,4,8192,512,64,8768,6234688,3.3976353236607144,262144
0,1,B2_proxy_shared,32,32,projection,8,16384,512,64,16960,6242880,3.402099609375,262144
0,1,B2_proxy_shared,32,32,projection,16,32768,0,64,32832,6258752,3.4107491629464284,262144
0,1,B2_proxy_shared,32,32,activation_ls,4,8192,512,64,8768,6234688,3.3976353236607144,262144
0,1,B2_proxy_shared,32,32,activation_ls,8,16384,512,64,16960,6242880,3.402099609375,262144
0,1,B2_proxy_shared,32,32,activation_ls,16,32768,0,64,32832,6258752,3.4107491629464284,262144
0,1,B2_proxy_shared,64,64,projection,4,16384,1024,64,17472,6243392,3.402378627232143,524288
0,1,B2_proxy_shared,64,64,projection,8,32768,1024,64,33856,6259776,3.4113071986607144,524288
0,1,B2_proxy_shared,64,64,projection,16,65536,0,64,65600,6291520,3.4286063058035716,524288
0,1,B2_proxy_shared,64,64,activation_ls,4,16384,1024,64,17472,6243392,3.402378627232143,524288
0,1,B2_proxy_shared,64,64,activation_ls,8,32768,1024,64,33856,6259776,3.4113071986607144,524288
0,1,B2_proxy_shared,64,64,activation_ls,16,65536,0,64,65600,6291520,3.4286063058035716,524288
0,1,B2_proxy_shared,128,128,projection,4,32768,2048,64,34880,6260800,3.411865234375,1048576
0,1,B2_proxy_shared,128,128,projection,8,65536,2048,64,67648,6293568,3.429722377232143,1048576
0,1,B2_proxy_shared,128,128,projection,16,131072,0,64,131136,6357056,3.464320591517857,1048576
0,1,B2_proxy_shared,128,128,activation_ls,4,32768,2048,64,34880,6260800,3.411865234375,1048576
0,1,B2_proxy_shared,128,128,activation_ls,8,65536,2048,64,67648,6293568,3.429722377232143,1048576
0,1,B2_proxy_shared,128,128,activation_ls,16,131072,0,64,131136,6357056,3.464320591517857,1048576
0,1,B2_proxy_shared,256,256,projection,4,65536,4096,64,69696,6295616,3.4308384486607144,2097152
0,1,B2_proxy_shared,256,256,projection,8,131072,4096,64,135232,6361152,3.466552734375,2097152
0,1,B2_proxy_shared,256,256,projection,16,262144,0,64,262208,6488128,3.5357491629464284,2097152
0,1,B2_proxy_shared,256,256,activation_ls,4,65536,4096,64,69696,6295616,3.4308384486607144,2097152
0,1,B2_proxy_shared,256,256,activation_ls,8,131072,4096,64,135232,6361152,3.466552734375,2097152
0,1,B2_proxy_shared,256,256,activation_ls,16,262144,0,64,262208,6488128,3.5357491629464284,2097152
0,1,B2_proxy_shared,512,391,projection,4,100096,6256,64,106416,6332336,3.4508492606026784,3203072
0,1,B2_proxy_shared,512,391,projection,8,200192,6256,64,206512,6432432,3.505397251674107,3203072
0,1,B2_proxy_shared,512,391,projection,16,400384,0,64,400448,6626368,3.611083984375,3203072
0,1,B2_proxy_shared,512,391,activation_ls,4,100096,6256,64,106416,6332336,3.4508492606026784,3203072
0,1,B2_proxy_shared,512,391,activation_ls,8,200192,6256,64,206512,6432432,3.505397251674107,3203072
0,1,B2_proxy_shared,512,391,activation_ls,16,400384,0,64,400448,6626368,3.611083984375,3203072
0,1,B3_action_cluster_4,32,32,projection,4,8192,512,64,8768,6234688,3.3976353236607144,1048576
0,1,B3_action_cluster_4,32,32,projection,8,16384,512,64,16960,6242880,3.402099609375,1048576
0,1,B3_action_cluster_4,32,32,projection,16,32768,0,64,32832,6258752,3.4107491629464284,1048576
0,1,B3_action_cluster_4,32,32,activation_ls,4,8192,512,64,8768,6234688,3.3976353236607144,1048576
0,1,B3_action_cluster_4,32,32,activation_ls,8,16384,512,64,16960,6242880,3.402099609375,1048576
0,1,B3_action_cluster_4,32,32,activation_ls,16,32768,0,64,32832,6258752,3.4107491629464284,1048576
0,1,B3_action_cluster_4,64,64,projection,4,16384,1024,64,17472,6243392,3.402378627232143,2097152
0,1,B3_action_cluster_4,64,64,projection,8,32768,1024,64,33856,6259776,3.4113071986607144,2097152
0,1,B3_action_cluster_4,64,64,projection,16,65536,0,64,65600,6291520,3.4286063058035716,2097152
0,1,B3_action_cluster_4,64,64,activation_ls,4,16384,1024,64,17472,6243392,3.402378627232143,2097152
0,1,B3_action_cluster_4,64,64,activation_ls,8,32768,1024,64,33856,6259776,3.4113071986607144,2097152
0,1,B3_action_cluster_4,64,64,activation_ls,16,65536,0,64,65600,6291520,3.4286063058035716,2097152
0,1,B3_action_cluster_4,128,128,projection,4,32768,2048,64,34880,6260800,3.411865234375,4194304
0,1,B3_action_cluster_4,128,128,projection,8,65536,2048,64,67648,6293568,3.429722377232143,4194304
0,1,B3_action_cluster_4,128,128,projection,16,131072,0,64,131136,6357056,3.464320591517857,4194304
0,1,B3_action_cluster_4,128,128,activation_ls,4,32768,2048,64,34880,6260800,3.411865234375,4194304
0,1,B3_action_cluster_4,128,128,activation_ls,8,65536,2048,64,67648,6293568,3.429722377232143,4194304
0,1,B3_action_cluster_4,128,128,activation_ls,16,131072,0,64,131136,6357056,3.464320591517857,4194304
0,1,B3_action_cluster_4,256,240,projection,4,61440,3840,64,65344,6291264,3.428466796875,7864320
0,1,B3_action_cluster_4,256,240,projection,8,122880,3840,64,126784,6352704,3.461948939732143,7864320
0,1,B3_action_cluster_4,256,240,projection,16,245760,0,64,245824,6471744,3.526820591517857,7864320
0,1,B3_action_cluster_4,256,240,activation_ls,4,61440,3840,64,65344,6291264,3.428466796875,7864320
0,1,B3_action_cluster_4,256,240,activation_ls,8,122880,3840,64,126784,6352704,3.461948939732143,7864320
0,1,B3_action_cluster_4,256,240,activation_ls,16,245760,0,64,245824,6471744,3.526820591517857,7864320
0,1,B3_action_cluster_4,512,240,projection,4,61440,3840,64,65344,6291264,3.428466796875,7864320
0,1,B3_action_cluster_4,512,240,projection,8,122880,3840,64,126784,6352704,3.461948939732143,7864320
0,1,B3_action_cluster_4,512,240,projection,16,245760,0,64,245824,6471744,3.526820591517857,7864320
0,1,B3_action_cluster_4,512,240,activation_ls,4,61440,3840,64,65344,6291264,3.428466796875,7864320
0,1,B3_action_cluster_4,512,240,activation_ls,8,122880,3840,64,126784,6352704,3.461948939732143,7864320
0,1,B3_action_cluster_4,512,240,activation_ls,16,245760,0,64,245824,6471744,3.526820591517857,7864320
0,1,B3_action_cluster_8,32,32,projection,4,8192,512,64,8768,6234688,3.3976353236607144,2097152
0,1,B3_action_cluster_8,32,32,projection,8,16384,512,64,16960,6242880,3.402099609375,2097152
0,1,B3_action_cluster_8,32,32,projection,16,32768,0,64,32832,6258752,3.4107491629464284,2097152
0,1,B3_action_cluster_8,32,32,activation_ls,4,8192,512,64,8768,6234688,3.3976353236607144,2097152
0,1,B3_action_cluster_8,32,32,activation_ls,8,16384,512,64,16960,6242880,3.402099609375,2097152
0,1,B3_action_cluster_8,32,32,activation_ls,16,32768,0,64,32832,6258752,3.4107491629464284,2097152
0,1,B3_action_cluster_8,64,64,projection,4,16384,1024,64,17472,6243392,3.402378627232143,4194304
0,1,B3_action_cluster_8,64,64,projection,8,32768,1024,64,33856,6259776,3.4113071986607144,4194304
0,1,B3_action_cluster_8,64,64,projection,16,65536,0,64,65600,6291520,3.4286063058035716,4194304
0,1,B3_action_cluster_8,64,64,activation_ls,4,16384,1024,64,17472,6243392,3.402378627232143,4194304
0,1,B3_action_cluster_8,64,64,activation_ls,8,32768,1024,64,33856,6259776,3.4113071986607144,4194304
0,1,B3_action_cluster_8,64,64,activation_ls,16,65536,0,64,65600,6291520,3.4286063058035716,4194304
0,1,B3_action_cluster_8,128,92,projection,4,23552,1472,64,25088,6251008,3.406529017857143,6029312
0,1,B3_action_cluster_8,128,92,projection,8,47104,1472,64,48640,6274560,3.4193638392857144,6029312
0,1,B3_action_cluster_8,128,92,projection,16,94208,0,64,94272,6320192,3.4442313058035716,6029312
0,1,B3_action_cluster_8,128,92,activation_ls,4,23552,1472,64,25088,6251008,3.406529017857143,6029312
0,1,B3_action_cluster_8,128,92,activation_ls,8,47104,1472,64,48640,6274560,3.4193638392857144,6029312
0,1,B3_action_cluster_8,128,92,activation_ls,16,94208,0,64,94272,6320192,3.4442313058035716,6029312
0,1,B3_action_cluster_8,256,92,projection,4,23552,1472,64,25088,6251008,3.406529017857143,6029312
0,1,B3_action_cluster_8,256,92,projection,8,47104,1472,64,48640,6274560,3.4193638392857144,6029312
0,1,B3_action_cluster_8,256,92,projection,16,94208,0,64,94272,6320192,3.4442313058035716,6029312
0,1,B3_action_cluster_8,256,92,activation_ls,4,23552,1472,64,25088,6251008,3.406529017857143,6029312
0,1,B3_action_cluster_8,256,92,activation_ls,8,47104,1472,64,48640,6274560,3.4193638392857144,6029312
0,1,B3_action_cluster_8,256,92,activation_ls,16,94208,0,64,94272,6320192,3.4442313058035716,6029312
0,1,B3_action_cluster_8,512,92,projection,4,23552,1472,64,25088,6251008,3.406529017857143,6029312
0,1,B3_action_cluster_8,512,92,projection,8,47104,1472,64,48640,6274560,3.4193638392857144,6029312
0,1,B3_action_cluster_8,512,92,projection,16,94208,0,64,94272,6320192,3.4442313058035716,6029312
0,1,B3_action_cluster_8,512,92,activation_ls,4,23552,1472,64,25088,6251008,3.406529017857143,6029312
0,1,B3_action_cluster_8,512,92,activation_ls,8,47104,1472,64,48640,6274560,3.4193638392857144,6029312
0,1,B3_action_cluster_8,512,92,activation_ls,16,94208,0,64,94272,6320192,3.4442313058035716,6029312
0,1,B4_per_expert_raw,32,32,projection,4,8192,512,64,8768,6234688,3.3976353236607144,3145728
0,1,B4_per_expert_raw,32,32,projection,8,16384,512,64,16960,6242880,3.402099609375,3145728
0,1,B4_per_expert_raw,32,32,projection,16,32768,0,64,32832,6258752,3.4107491629464284,3145728
0,1,B4_per_expert_raw,32,32,activation_ls,4,8192,512,64,8768,6234688,3.3976353236607144,3145728
0,1,B4_per_expert_raw,32,32,activation_ls,8,16384,512,64,16960,6242880,3.402099609375,3145728
0,1,B4_per_expert_raw,32,32,activation_ls,16,32768,0,64,32832,6258752,3.4107491629464284,3145728
0,1,B4_per_expert_raw,64,64,projection,4,16384,1024,64,17472,6243392,3.402378627232143,6291456
0,1,B4_per_expert_raw,64,64,projection,8,32768,1024,64,33856,6259776,3.4113071986607144,6291456
0,1,B4_per_expert_raw,64,64,projection,16,65536,0,64,65600,6291520,3.4286063058035716,6291456
0,1,B4_per_expert_raw,64,64,activation_ls,4,16384,1024,64,17472,6243392,3.402378627232143,6291456
0,1,B4_per_expert_raw,64,64,activation_ls,8,32768,1024,64,33856,6259776,3.4113071986607144,6291456
0,1,B4_per_expert_raw,64,64,activation_ls,16,65536,0,64,65600,6291520,3.4286063058035716,6291456
0,1,B4_per_expert_raw,128,128,projection,4,32768,2048,64,34880,6260800,3.411865234375,12582912
0,1,B4_per_expert_raw,128,128,projection,8,65536,2048,64,67648,6293568,3.429722377232143,12582912
0,1,B4_per_expert_raw,128,128,projection,16,131072,0,64,131136,6357056,3.464320591517857,12582912
0,1,B4_per_expert_raw,128,128,activation_ls,4,32768,2048,64,34880,6260800,3.411865234375,12582912
0,1,B4_per_expert_raw,128,128,activation_ls,8,65536,2048,64,67648,6293568,3.429722377232143,12582912
0,1,B4_per_expert_raw,128,128,activation_ls,16,131072,0,64,131136,6357056,3.464320591517857,12582912
0,1,B4_per_expert_raw,256,256,projection,4,65536,4096,64,69696,6295616,3.4308384486607144,25165824
0,1,B4_per_expert_raw,256,256,projection,8,131072,4096,64,135232,6361152,3.466552734375,25165824
0,1,B4_per_expert_raw,256,256,projection,16,262144,0,64,262208,6488128,3.5357491629464284,25165824
0,1,B4_per_expert_raw,256,256,activation_ls,4,65536,4096,64,69696,6295616,3.4308384486607144,25165824
0,1,B4_per_expert_raw,256,256,activation_ls,8,131072,4096,64,135232,6361152,3.466552734375,25165824
0,1,B4_per_expert_raw,256,256,activation_ls,16,262144,0,64,262208,6488128,3.5357491629464284,25165824
0,1,B4_per_expert_raw,512,512,projection,4,131072,8192,64,139328,6365248,3.468784877232143,50331648
0,1,B4_per_expert_raw,512,512,projection,8,262144,8192,64,270400,6496320,3.5402134486607144,50331648
0,1,B4_per_expert_raw,512,512,projection,16,524288,0,64,524352,6750272,3.6786063058035716,50331648
0,1,B4_per_expert_raw,512,512,activation_ls,4,131072,8192,64,139328,6365248,3.468784877232143,50331648
0,1,B4_per_expert_raw,512,512,activation_ls,8,262144,8192,64,270400,6496320,3.5402134486607144,50331648
0,1,B4_per_expert_raw,512,512,activation_ls,16,524288,0,64,524352,6750272,3.6786063058035716,50331648
0,8,B0_raw_shared,32,32,projection,4,8192,512,64,8768,6234688,3.3976353236607144,262144
0,8,B0_raw_shared,32,32,projection,8,16384,512,64,16960,6242880,3.402099609375,262144
0,8,B0_raw_shared,32,32,projection,16,32768,0,64,32832,6258752,3.4107491629464284,262144
0,8,B0_raw_shared,32,32,activation_ls,4,8192,512,64,8768,6234688,3.3976353236607144,262144
0,8,B0_raw_shared,32,32,activation_ls,8,16384,512,64,16960,6242880,3.402099609375,262144
0,8,B0_raw_shared,32,32,activation_ls,16,32768,0,64,32832,6258752,3.4107491629464284,262144
0,8,B0_raw_shared,64,64,projection,4,16384,1024,64,17472,6243392,3.402378627232143,524288
0,8,B0_raw_shared,64,64,projection,8,32768,1024,64,33856,6259776,3.4113071986607144,524288
0,8,B0_raw_shared,64,64,projection,16,65536,0,64,65600,6291520,3.4286063058035716,524288
0,8,B0_raw_shared,64,64,activation_ls,4,16384,1024,64,17472,6243392,3.402378627232143,524288
0,8,B0_raw_shared,64,64,activation_ls,8,32768,1024,64,33856,6259776,3.4113071986607144,524288
0,8,B0_raw_shared,64,64,activation_ls,16,65536,0,64,65600,6291520,3.4286063058035716,524288
0,8,B0_raw_shared,128,128,projection,4,32768,2048,64,34880,6260800,3.411865234375,1048576
0,8,B0_raw_shared,128,128,projection,8,65536,2048,64,67648,6293568,3.429722377232143,1048576
0,8,B0_raw_shared,128,128,projection,16,131072,0,64,131136,6357056,3.464320591517857,1048576
0,8,B0_raw_shared,128,128,activation_ls,4,32768,2048,64,34880,6260800,3.411865234375,1048576
0,8,B0_raw_shared,128,128,activation_ls,8,65536,2048,64,67648,6293568,3.429722377232143,1048576
0,8,B0_raw_shared,128,128,activation_ls,16,131072,0,64,131136,6357056,3.464320591517857,1048576
0,8,B0_raw_shared,256,256,projection,4,65536,4096,64,69696,6295616,3.4308384486607144,2097152
0,8,B0_raw_shared,256,256,projection,8,131072,4096,64,135232,6361152,3.466552734375,2097152
0,8,B0_raw_shared,256,256,projection,16,262144,0,64,262208,6488128,3.5357491629464284,2097152
0,8,B0_raw_shared,256,256,activation_ls,4,65536,4096,64,69696,6295616,3.4308384486607144,2097152
0,8,B0_raw_shared,256,256,activation_ls,8,131072,4096,64,135232,6361152,3.466552734375,2097152
0,8,B0_raw_shared,256,256,activation_ls,16,262144,0,64,262208,6488128,3.5357491629464284,2097152
0,8,B0_raw_shared,512,512,projection,4,131072,8192,64,139328,6365248,3.468784877232143,4194304
0,8,B0_raw_shared,512,512,projection,8,262144,8192,64,270400,6496320,3.5402134486607144,4194304
0,8,B0_raw_shared,512,512,projection,16,524288,0,64,524352,6750272,3.6786063058035716,4194304
0,8,B0_raw_shared,512,512,activation_ls,4,131072,8192,64,139328,6365248,3.468784877232143,4194304
0,8,B0_raw_shared,512,512,activation_ls,8,262144,8192,64,270400,6496320,3.5402134486607144,4194304
0,8,B0_raw_shared,512,512,activation_ls,16,524288,0,64,524352,6750272,3.6786063058035716,4194304
0,8,B1_action_shared,32,32,projection,4,8192,512,64,8768,6234688,3.3976353236607144,262144
0,8,B1_action_shared,32,32,projection,8,16384,512,64,16960,6242880,3.402099609375,262144
0,8,B1_action_shared,32,32,projection,16,32768,0,64,32832,6258752,3.4107491629464284,262144
0,8,B1_action_shared,32,32,activation_ls,4,8192,512,64,8768,6234688,3.3976353236607144,262144
0,8,B1_action_shared,32,32,activation_ls,8,16384,512,64,16960,6242880,3.402099609375,262144
0,8,B1_action_shared,32,32,activation_ls,16,32768,0,64,32832,6258752,3.4107491629464284,262144
0,8,B1_action_shared,64,64,projection,4,16384,1024,64,17472,6243392,3.402378627232143,524288
0,8,B1_action_shared,64,64,projection,8,32768,1024,64,33856,6259776,3.4113071986607144,524288
0,8,B1_action_shared,64,64,projection,16,65536,0,64,65600,6291520,3.4286063058035716,524288
0,8,B1_action_shared,64,64,activation_ls,4,16384,1024,64,17472,6243392,3.402378627232143,524288
0,8,B1_action_shared,64,64,activation_ls,8,32768,1024,64,33856,6259776,3.4113071986607144,524288
0,8,B1_action_shared,64,64,activation_ls,16,65536,0,64,65600,6291520,3.4286063058035716,524288
0,8,B1_action_shared,128,128,projection,4,32768,2048,64,34880,6260800,3.411865234375,1048576
0,8,B1_action_shared,128,128,projection,8,65536,2048,64,67648,6293568,3.429722377232143,1048576
0,8,B1_action_shared,128,128,projection,16,131072,0,64,131136,6357056,3.464320591517857,1048576
0,8,B1_action_shared,128,128,activation_ls,4,32768,2048,64,34880,6260800,3.411865234375,1048576
0,8,B1_action_shared,128,128,activation_ls,8,65536,2048,64,67648,6293568,3.429722377232143,1048576
0,8,B1_action_shared,128,128,activation_ls,16,131072,0,64,131136,6357056,3.464320591517857,1048576
0,8,B1_action_shared,256,256,projection,4,65536,4096,64,69696,6295616,3.4308384486607144,2097152
0,8,B1_action_shared,256,256,projection,8,131072,4096,64,135232,6361152,3.466552734375,2097152
0,8,B1_action_shared,256,256,projection,16,262144,0,64,262208,6488128,3.5357491629464284,2097152
0,8,B1_action_shared,256,256,activation_ls,4,65536,4096,64,69696,6295616,3.4308384486607144,2097152
0,8,B1_action_shared,256,256,activation_ls,8,131072,4096,64,135232,6361152,3.466552734375,2097152
0,8,B1_action_shared,256,256,activation_ls,16,262144,0,64,262208,6488128,3.5357491629464284,2097152
0,8,B1_action_shared,512,391,projection,4,100096,6256,64,106416,6332336,3.4508492606026784,3203072
0,8,B1_action_shared,512,391,projection,8,200192,6256,64,206512,6432432,3.505397251674107,3203072
0,8,B1_action_shared,512,391,projection,16,400384,0,64,400448,6626368,3.611083984375,3203072
0,8,B1_action_shared,512,391,activation_ls,4,100096,6256,64,106416,6332336,3.4508492606026784,3203072
0,8,B1_action_shared,512,391,activation_ls,8,200192,6256,64,206512,6432432,3.505397251674107,3203072
0,8,B1_action_shared,512,391,activation_ls,16,400384,0,64,400448,6626368,3.611083984375,3203072
0,8,B2_proxy_shared,32,32,projection,4,8192,512,64,8768,6234688,3.3976353236607144,262144
0,8,B2_proxy_shared,32,32,projection,8,16384,512,64,16960,6242880,3.402099609375,262144
0,8,B2_proxy_shared,32,32,projection,16,32768,0,64,32832,6258752,3.4107491629464284,262144
0,8,B2_proxy_shared,32,32,activation_ls,4,8192,512,64,8768,6234688,3.3976353236607144,262144
0,8,B2_proxy_shared,32,32,activation_ls,8,16384,512,64,16960,6242880,3.402099609375,262144
0,8,B2_proxy_shared,32,32,activation_ls,16,32768,0,64,32832,6258752,3.4107491629464284,262144
0,8,B2_proxy_shared,64,64,projection,4,16384,1024,64,17472,6243392,3.402378627232143,524288
0,8,B2_proxy_shared,64,64,projection,8,32768,1024,64,33856,6259776,3.4113071986607144,524288
0,8,B2_proxy_shared,64,64,projection,16,65536,0,64,65600,6291520,3.4286063058035716,524288
0,8,B2_proxy_shared,64,64,activation_ls,4,16384,1024,64,17472,6243392,3.402378627232143,524288
0,8,B2_proxy_shared,64,64,activation_ls,8,32768,1024,64,33856,6259776,3.4113071986607144,524288
0,8,B2_proxy_shared,64,64,activation_ls,16,65536,0,64,65600,6291520,3.4286063058035716,524288
0,8,B2_proxy_shared,128,128,projection,4,32768,2048,64,34880,6260800,3.411865234375,1048576
0,8,B2_proxy_shared,128,128,projection,8,65536,2048,64,67648,6293568,3.429722377232143,1048576
0,8,B2_proxy_shared,128,128,projection,16,131072,0,64,131136,6357056,3.464320591517857,1048576
0,8,B2_proxy_shared,128,128,activation_ls,4,32768,2048,64,34880,6260800,3.411865234375,1048576
0,8,B2_proxy_shared,128,128,activation_ls,8,65536,2048,64,67648,6293568,3.429722377232143,1048576
0,8,B2_proxy_shared,128,128,activation_ls,16,131072,0,64,131136,6357056,3.464320591517857,1048576
0,8,B2_proxy_shared,256,256,projection,4,65536,4096,64,69696,6295616,3.4308384486607144,2097152
0,8,B2_proxy_shared,256,256,projection,8,131072,4096,64,135232,6361152,3.466552734375,2097152
0,8,B2_proxy_shared,256,256,projection,16,262144,0,64,262208,6488128,3.5357491629464284,2097152
0,8,B2_proxy_shared,256,256,activation_ls,4,65536,4096,64,69696,6295616,3.4308384486607144,2097152
0,8,B2_proxy_shared,256,256,activation_ls,8,131072,4096,64,135232,6361152,3.466552734375,2097152
0,8,B2_proxy_shared,256,256,activation_ls,16,262144,0,64,262208,6488128,3.5357491629464284,2097152
0,8,B2_proxy_shared,512,391,projection,4,100096,6256,64,106416,6332336,3.4508492606026784,3203072
0,8,B2_proxy_shared,512,391,projection,8,200192,6256,64,206512,6432432,3.505397251674107,3203072
0,8,B2_proxy_shared,512,391,projection,16,400384,0,64,400448,6626368,3.611083984375,3203072
0,8,B2_proxy_shared,512,391,activation_ls,4,100096,6256,64,106416,6332336,3.4508492606026784,3203072
0,8,B2_proxy_shared,512,391,activation_ls,8,200192,6256,64,206512,6432432,3.505397251674107,3203072
0,8,B2_proxy_shared,512,391,activation_ls,16,400384,0,64,400448,6626368,3.611083984375,3203072
0,8,B3_action_cluster_4,32,32,projection,4,8192,512,64,8768,6234688,3.3976353236607144,1048576
0,8,B3_action_cluster_4,32,32,projection,8,16384,512,64,16960,6242880,3.402099609375,1048576
0,8,B3_action_cluster_4,32,32,projection,16,32768,0,64,32832,6258752,3.4107491629464284,1048576
0,8,B3_action_cluster_4,32,32,activation_ls,4,8192,512,64,8768,6234688,3.3976353236607144,1048576
0,8,B3_action_cluster_4,32,32,activation_ls,8,16384,512,64,16960,6242880,3.402099609375,1048576
0,8,B3_action_cluster_4,32,32,activation_ls,16,32768,0,64,32832,6258752,3.4107491629464284,1048576
0,8,B3_action_cluster_4,64,64,projection,4,16384,1024,64,17472,6243392,3.402378627232143,2097152
0,8,B3_action_cluster_4,64,64,projection,8,32768,1024,64,33856,6259776,3.4113071986607144,2097152
0,8,B3_action_cluster_4,64,64,projection,16,65536,0,64,65600,6291520,3.4286063058035716,2097152
0,8,B3_action_cluster_4,64,64,activation_ls,4,16384,1024,64,17472,6243392,3.402378627232143,2097152
0,8,B3_action_cluster_4,64,64,activation_ls,8,32768,1024,64,33856,6259776,3.4113071986607144,2097152
0,8,B3_action_cluster_4,64,64,activation_ls,16,65536,0,64,65600,6291520,3.4286063058035716,2097152
0,8,B3_action_cluster_4,128,122,projection,4,31232,1952,64,33248,6259168,3.410975864955357,3997696
0,8,B3_action_cluster_4,128,122,projection,8,62464,1952,64,64480,6290400,3.4279959542410716,3997696
0,8,B3_action_cluster_4,128,122,projection,16,124928,0,64,124992,6350912,3.460972377232143,3997696
0,8,B3_action_cluster_4,128,122,activation_ls,4,31232,1952,64,33248,6259168,3.410975864955357,3997696
0,8,B3_action_cluster_4,128,122,activation_ls,8,62464,1952,64,64480,6290400,3.4279959542410716,3997696
0,8,B3_action_cluster_4,128,122,activation_ls,16,124928,0,64,124992,6350912,3.460972377232143,3997696
0,8,B3_action_cluster_4,256,122,projection,4,31232,1952,64,33248,6259168,3.410975864955357,3997696
0,8,B3_action_cluster_4,256,122,projection,8,62464,1952,64,64480,6290400,3.4279959542410716,3997696
0,8,B3_action_cluster_4,256,122,projection,16,124928,0,64,124992,6350912,3.460972377232143,3997696
0,8,B3_action_cluster_4,256,122,activation_ls,4,31232,1952,64,33248,6259168,3.410975864955357,3997696
0,8,B3_action_cluster_4,256,122,activation_ls,8,62464,1952,64,64480,6290400,3.4279959542410716,3997696
0,8,B3_action_cluster_4,256,122,activation_ls,16,124928,0,64,124992,6350912,3.460972377232143,3997696
0,8,B3_action_cluster_4,512,122,projection,4,31232,1952,64,33248,6259168,3.410975864955357,3997696
0,8,B3_action_cluster_4,512,122,projection,8,62464,1952,64,64480,6290400,3.4279959542410716,3997696
0,8,B3_action_cluster_4,512,122,projection,16,124928,0,64,124992,6350912,3.460972377232143,3997696
0,8,B3_action_cluster_4,512,122,activation_ls,4,31232,1952,64,33248,6259168,3.410975864955357,3997696
0,8,B3_action_cluster_4,512,122,activation_ls,8,62464,1952,64,64480,6290400,3.4279959542410716,3997696
0,8,B3_action_cluster_4,512,122,activation_ls,16,124928,0,64,124992,6350912,3.460972377232143,3997696
0,8,B3_action_cluster_8,32,32,projection,4,8192,512,64,8768,6234688,3.3976353236607144,2097152
0,8,B3_action_cluster_8,32,32,projection,8,16384,512,64,16960,6242880,3.402099609375,2097152
0,8,B3_action_cluster_8,32,32,projection,16,32768,0,64,32832,6258752,3.4107491629464284,2097152
0,8,B3_action_cluster_8,32,32,activation_ls,4,8192,512,64,8768,6234688,3.3976353236607144,2097152
0,8,B3_action_cluster_8,32,32,activation_ls,8,16384,512,64,16960,6242880,3.402099609375,2097152
0,8,B3_action_cluster_8,32,32,activation_ls,16,32768,0,64,32832,6258752,3.4107491629464284,2097152
0,8,B3_action_cluster_8,64,64,projection,4,16384,1024,64,17472,6243392,3.402378627232143,4194304
0,8,B3_action_cluster_8,64,64,projection,8,32768,1024,64,33856,6259776,3.4113071986607144,4194304
0,8,B3_action_cluster_8,64,64,projection,16,65536,0,64,65600,6291520,3.4286063058035716,4194304
0,8,B3_action_cluster_8,64,64,activation_ls,4,16384,1024,64,17472,6243392,3.402378627232143,4194304
0,8,B3_action_cluster_8,64,64,activation_ls,8,32768,1024,64,33856,6259776,3.4113071986607144,4194304
0,8,B3_action_cluster_8,64,64,activation_ls,16,65536,0,64,65600,6291520,3.4286063058035716,4194304
0,8,B3_action_cluster_8,128,74,projection,4,18944,1184,64,20192,6246112,3.4038609095982144,4849664
0,8,B3_action_cluster_8,128,74,projection,8,37888,1184,64,39136,6265056,3.4141845703125,4849664
0,8,B3_action_cluster_8,128,74,projection,16,75776,0,64,75840,6301760,3.4341866629464284,4849664
0,8,B3_action_cluster_8,128,74,activation_ls,4,18944,1184,64,20192,6246112,3.4038609095982144,4849664
0,8,B3_action_cluster_8,128,74,activation_ls,8,37888,1184,64,39136,6265056,3.4141845703125,4849664
0,8,B3_action_cluster_8,128,74,activation_ls,16,75776,0,64,75840,6301760,3.4341866629464284,4849664
0,8,B3_action_cluster_8,256,74,projection,4,18944,1184,64,20192,6246112,3.4038609095982144,4849664
0,8,B3_action_cluster_8,256,74,projection,8,37888,1184,64,39136,6265056,3.4141845703125,4849664
0,8,B3_action_cluster_8,256,74,projection,16,75776,0,64,75840,6301760,3.4341866629464284,4849664
0,8,B3_action_cluster_8,256,74,activation_ls,4,18944,1184,64,20192,6246112,3.4038609095982144,4849664
0,8,B3_action_cluster_8,256,74,activation_ls,8,37888,1184,64,39136,6265056,3.4141845703125,4849664
0,8,B3_action_cluster_8,256,74,activation_ls,16,75776,0,64,75840,6301760,3.4341866629464284,4849664
0,8,B3_action_cluster_8,512,74,projection,4,18944,1184,64,20192,6246112,3.4038609095982144,4849664
0,8,B3_action_cluster_8,512,74,projection,8,37888,1184,64,39136,6265056,3.4141845703125,4849664
0,8,B3_action_cluster_8,512,74,projection,16,75776,0,64,75840,6301760,3.4341866629464284,4849664
0,8,B3_action_cluster_8,512,74,activation_ls,4,18944,1184,64,20192,6246112,3.4038609095982144,4849664
0,8,B3_action_cluster_8,512,74,activation_ls,8,37888,1184,64,39136,6265056,3.4141845703125,4849664
0,8,B3_action_cluster_8,512,74,activation_ls,16,75776,0,64,75840,6301760,3.4341866629464284,4849664
0,8,B4_per_expert_raw,32,32,projection,4,8192,512,64,8768,6234688,3.3976353236607144,3145728
0,8,B4_per_expert_raw,32,32,projection,8,16384,512,64,16960,6242880,3.402099609375,3145728
0,8,B4_per_expert_raw,32,32,projection,16,32768,0,64,32832,6258752,3.4107491629464284,3145728
0,8,B4_per_expert_raw,32,32,activation_ls,4,8192,512,64,8768,6234688,3.3976353236607144,3145728
0,8,B4_per_expert_raw,32,32,activation_ls,8,16384,512,64,16960,6242880,3.402099609375,3145728
0,8,B4_per_expert_raw,32,32,activation_ls,16,32768,0,64,32832,6258752,3.4107491629464284,3145728
0,8,B4_per_expert_raw,64,64,projection,4,16384,1024,64,17472,6243392,3.402378627232143,6291456
0,8,B4_per_expert_raw,64,64,projection,8,32768,1024,64,33856,6259776,3.4113071986607144,6291456
0,8,B4_per_expert_raw,64,64,projection,16,65536,0,64,65600,6291520,3.4286063058035716,6291456
0,8,B4_per_expert_raw,64,64,activation_ls,4,16384,1024,64,17472,6243392,3.402378627232143,6291456
0,8,B4_per_expert_raw,64,64,activation_ls,8,32768,1024,64,33856,6259776,3.4113071986607144,6291456
0,8,B4_per_expert_raw,64,64,activation_ls,16,65536,0,64,65600,6291520,3.4286063058035716,6291456
0,8,B4_per_expert_raw,128,128,projection,4,32768,2048,64,34880,6260800,3.411865234375,12582912
0,8,B4_per_expert_raw,128,128,projection,8,65536,2048,64,67648,6293568,3.429722377232143,12582912
0,8,B4_per_expert_raw,128,128,projection,16,131072,0,64,131136,6357056,3.464320591517857,12582912
0,8,B4_per_expert_raw,128,128,activation_ls,4,32768,2048,64,34880,6260800,3.411865234375,12582912
0,8,B4_per_expert_raw,128,128,activation_ls,8,65536,2048,64,67648,6293568,3.429722377232143,12582912
0,8,B4_per_expert_raw,128,128,activation_ls,16,131072,0,64,131136,6357056,3.464320591517857,12582912
0,8,B4_per_expert_raw,256,256,projection,4,65536,4096,64,69696,6295616,3.4308384486607144,25165824
0,8,B4_per_expert_raw,256,256,projection,8,131072,4096,64,135232,6361152,3.466552734375,25165824
0,8,B4_per_expert_raw,256,256,projection,16,262144,0,64,262208,6488128,3.5357491629464284,25165824
0,8,B4_per_expert_raw,256,256,activation_ls,4,65536,4096,64,69696,6295616,3.4308384486607144,25165824
0,8,B4_per_expert_raw,256,256,activation_ls,8,131072,4096,64,135232,6361152,3.466552734375,25165824
0,8,B4_per_expert_raw,256,256,activation_ls,16,262144,0,64,262208,6488128,3.5357491629464284,25165824
0,8,B4_per_expert_raw,512,512,projection,4,131072,8192,64,139328,6365248,3.468784877232143,50331648
0,8,B4_per_expert_raw,512,512,projection,8,262144,8192,64,270400,6496320,3.5402134486607144,50331648
0,8,B4_per_expert_raw,512,512,projection,16,524288,0,64,524352,6750272,3.6786063058035716,50331648
0,8,B4_per_expert_raw,512,512,activation_ls,4,131072,8192,64,139328,6365248,3.468784877232143,50331648
0,8,B4_per_expert_raw,512,512,activation_ls,8,262144,8192,64,270400,6496320,3.5402134486607144,50331648
0,8,B4_per_expert_raw,512,512,activation_ls,16,524288,0,64,524352,6750272,3.6786063058035716,50331648
0,17,B0_raw_shared,32,32,projection,4,8192,512,64,8768,6234688,3.3976353236607144,262144
0,17,B0_raw_shared,32,32,projection,8,16384,512,64,16960,6242880,3.402099609375,262144
0,17,B0_raw_shared,32,32,projection,16,32768,0,64,32832,6258752,3.4107491629464284,262144
0,17,B0_raw_shared,32,32,activation_ls,4,8192,512,64,8768,6234688,3.3976353236607144,262144
0,17,B0_raw_shared,32,32,activation_ls,8,16384,512,64,16960,6242880,3.402099609375,262144
0,17,B0_raw_shared,32,32,activation_ls,16,32768,0,64,32832,6258752,3.4107491629464284,262144
0,17,B0_raw_shared,64,64,projection,4,16384,1024,64,17472,6243392,3.402378627232143,524288
0,17,B0_raw_shared,64,64,projection,8,32768,1024,64,33856,6259776,3.4113071986607144,524288
0,17,B0_raw_shared,64,64,projection,16,65536,0,64,65600,6291520,3.4286063058035716,524288
0,17,B0_raw_shared,64,64,activation_ls,4,16384,1024,64,17472,6243392,3.402378627232143,524288
0,17,B0_raw_shared,64,64,activation_ls,8,32768,1024,64,33856,6259776,3.4113071986607144,524288
0,17,B0_raw_shared,64,64,activation_ls,16,65536,0,64,65600,6291520,3.4286063058035716,524288
0,17,B0_raw_shared,128,128,projection,4,32768,2048,64,34880,6260800,3.411865234375,1048576
0,17,B0_raw_shared,128,128,projection,8,65536,2048,64,67648,6293568,3.429722377232143,1048576
0,17,B0_raw_shared,128,128,projection,16,131072,0,64,131136,6357056,3.464320591517857,1048576
0,17,B0_raw_shared,128,128,activation_ls,4,32768,2048,64,34880,6260800,3.411865234375,1048576
0,17,B0_raw_shared,128,128,activation_ls,8,65536,2048,64,67648,6293568,3.429722377232143,1048576
0,17,B0_raw_shared,128,128,activation_ls,16,131072,0,64,131136,6357056,3.464320591517857,1048576
0,17,B0_raw_shared,256,256,projection,4,65536,4096,64,69696,6295616,3.4308384486607144,2097152
0,17,B0_raw_shared,256,256,projection,8,131072,4096,64,135232,6361152,3.466552734375,2097152
0,17,B0_raw_shared,256,256,projection,16,262144,0,64,262208,6488128,3.5357491629464284,2097152
0,17,B0_raw_shared,256,256,activation_ls,4,65536,4096,64,69696,6295616,3.4308384486607144,2097152
0,17,B0_raw_shared,256,256,activation_ls,8,131072,4096,64,135232,6361152,3.466552734375,2097152
0,17,B0_raw_shared,256,256,activation_ls,16,262144,0,64,262208,6488128,3.5357491629464284,2097152
0,17,B0_raw_shared,512,512,projection,4,131072,8192,64,139328,6365248,3.468784877232143,4194304
0,17,B0_raw_shared,512,512,projection,8,262144,8192,64,270400,6496320,3.5402134486607144,4194304
0,17,B0_raw_shared,512,512,projection,16,524288,0,64,524352,6750272,3.6786063058035716,4194304
0,17,B0_raw_shared,512,512,activation_ls,4,131072,8192,64,139328,6365248,3.468784877232143,4194304
0,17,B0_raw_shared,512,512,activation_ls,8,262144,8192,64,270400,6496320,3.5402134486607144,4194304
0,17,B0_raw_shared,512,512,activation_ls,16,524288,0,64,524352,6750272,3.6786063058035716,4194304
0,17,B1_action_shared,32,32,projection,4,8192,512,64,8768,6234688,3.3976353236607144,262144
0,17,B1_action_shared,32,32,projection,8,16384,512,64,16960,6242880,3.402099609375,262144
0,17,B1_action_shared,32,32,projection,16,32768,0,64,32832,6258752,3.4107491629464284,262144
0,17,B1_action_shared,32,32,activation_ls,4,8192,512,64,8768,6234688,3.3976353236607144,262144
0,17,B1_action_shared,32,32,activation_ls,8,16384,512,64,16960,6242880,3.402099609375,262144
0,17,B1_action_shared,32,32,activation_ls,16,32768,0,64,32832,6258752,3.4107491629464284,262144
0,17,B1_action_shared,64,64,projection,4,16384,1024,64,17472,6243392,3.402378627232143,524288
0,17,B1_action_shared,64,64,projection,8,32768,1024,64,33856,6259776,3.4113071986607144,524288
0,17,B1_action_shared,64,64,projection,16,65536,0,64,65600,6291520,3.4286063058035716,524288
0,17,B1_action_shared,64,64,activation_ls,4,16384,1024,64,17472,6243392,3.402378627232143,524288
0,17,B1_action_shared,64,64,activation_ls,8,32768,1024,64,33856,6259776,3.4113071986607144,524288
0,17,B1_action_shared,64,64,activation_ls,16,65536,0,64,65600,6291520,3.4286063058035716,524288
0,17,B1_action_shared,128,128,projection,4,32768,2048,64,34880,6260800,3.411865234375,1048576
0,17,B1_action_shared,128,128,projection,8,65536,2048,64,67648,6293568,3.429722377232143,1048576
0,17,B1_action_shared,128,128,projection,16,131072,0,64,131136,6357056,3.464320591517857,1048576
0,17,B1_action_shared,128,128,activation_ls,4,32768,2048,64,34880,6260800,3.411865234375,1048576
0,17,B1_action_shared,128,128,activation_ls,8,65536,2048,64,67648,6293568,3.429722377232143,1048576
0,17,B1_action_shared,128,128,activation_ls,16,131072,0,64,131136,6357056,3.464320591517857,1048576
0,17,B1_action_shared,256,256,projection,4,65536,4096,64,69696,6295616,3.4308384486607144,2097152
0,17,B1_action_shared,256,256,projection,8,131072,4096,64,135232,6361152,3.466552734375,2097152
0,17,B1_action_shared,256,256,projection,16,262144,0,64,262208,6488128,3.5357491629464284,2097152
0,17,B1_action_shared,256,256,activation_ls,4,65536,4096,64,69696,6295616,3.4308384486607144,2097152
0,17,B1_action_shared,256,256,activation_ls,8,131072,4096,64,135232,6361152,3.466552734375,2097152
0,17,B1_action_shared,256,256,activation_ls,16,262144,0,64,262208,6488128,3.5357491629464284,2097152
0,17,B1_action_shared,512,391,projection,4,100096,6256,64,106416,6332336,3.4508492606026784,3203072
0,17,B1_action_shared,512,391,projection,8,200192,6256,64,206512,6432432,3.505397251674107,3203072
0,17,B1_action_shared,512,391,projection,16,400384,0,64,400448,6626368,3.611083984375,3203072
0,17,B1_action_shared,512,391,activation_ls,4,100096,6256,64,106416,6332336,3.4508492606026784,3203072
0,17,B1_action_shared,512,391,activation_ls,8,200192,6256,64,206512,6432432,3.505397251674107,3203072
0,17,B1_action_shared,512,391,activation_ls,16,400384,0,64,400448,6626368,3.611083984375,3203072
0,17,B2_proxy_shared,32,32,projection,4,8192,512,64,8768,6234688,3.3976353236607144,262144
0,17,B2_proxy_shared,32,32,projection,8,16384,512,64,16960,6242880,3.402099609375,262144
0,17,B2_proxy_shared,32,32,projection,16,32768,0,64,32832,6258752,3.4107491629464284,262144
0,17,B2_proxy_shared,32,32,activation_ls,4,8192,512,64,8768,6234688,3.3976353236607144,262144
0,17,B2_proxy_shared,32,32,activation_ls,8,16384,512,64,16960,6242880,3.402099609375,262144
0,17,B2_proxy_shared,32,32,activation_ls,16,32768,0,64,32832,6258752,3.4107491629464284,262144
0,17,B2_proxy_shared,64,64,projection,4,16384,1024,64,17472,6243392,3.402378627232143,524288
0,17,B2_proxy_shared,64,64,projection,8,32768,1024,64,33856,6259776,3.4113071986607144,524288
0,17,B2_proxy_shared,64,64,projection,16,65536,0,64,65600,6291520,3.4286063058035716,524288
0,17,B2_proxy_shared,64,64,activation_ls,4,16384,1024,64,17472,6243392,3.402378627232143,524288
0,17,B2_proxy_shared,64,64,activation_ls,8,32768,1024,64,33856,6259776,3.4113071986607144,524288
0,17,B2_proxy_shared,64,64,activation_ls,16,65536,0,64,65600,6291520,3.4286063058035716,524288
0,17,B2_proxy_shared,128,128,projection,4,32768,2048,64,34880,6260800,3.411865234375,1048576
0,17,B2_proxy_shared,128,128,projection,8,65536,2048,64,67648,6293568,3.429722377232143,1048576
0,17,B2_proxy_shared,128,128,projection,16,131072,0,64,131136,6357056,3.464320591517857,1048576
0,17,B2_proxy_shared,128,128,activation_ls,4,32768,2048,64,34880,6260800,3.411865234375,1048576
0,17,B2_proxy_shared,128,128,activation_ls,8,65536,2048,64,67648,6293568,3.429722377232143,1048576
0,17,B2_proxy_shared,128,128,activation_ls,16,131072,0,64,131136,6357056,3.464320591517857,1048576
0,17,B2_proxy_shared,256,256,projection,4,65536,4096,64,69696,6295616,3.4308384486607144,2097152
0,17,B2_proxy_shared,256,256,projection,8,131072,4096,64,135232,6361152,3.466552734375,2097152
0,17,B2_proxy_shared,256,256,projection,16,262144,0,64,262208,6488128,3.5357491629464284,2097152
0,17,B2_proxy_shared,256,256,activation_ls,4,65536,4096,64,69696,6295616,3.4308384486607144,2097152
0,17,B2_proxy_shared,256,256,activation_ls,8,131072,4096,64,135232,6361152,3.466552734375,2097152
0,17,B2_proxy_shared,256,256,activation_ls,16,262144,0,64,262208,6488128,3.5357491629464284,2097152
0,17,B2_proxy_shared,512,391,projection,4,100096,6256,64,106416,6332336,3.4508492606026784,3203072
0,17,B2_proxy_shared,512,391,projection,8,200192,6256,64,206512,6432432,3.505397251674107,3203072
0,17,B2_proxy_shared,512,391,projection,16,400384,0,64,400448,6626368,3.611083984375,3203072
0,17,B2_proxy_shared,512,391,activation_ls,4,100096,6256,64,106416,6332336,3.4508492606026784,3203072
0,17,B2_proxy_shared,512,391,activation_ls,8,200192,6256,64,206512,6432432,3.505397251674107,3203072
0,17,B2_proxy_shared,512,391,activation_ls,16,400384,0,64,400448,6626368,3.611083984375,3203072
0,17,B3_action_cluster_4,32,5,projection,4,1280,80,64,1424,6227344,3.3936331612723216,163840
0,17,B3_action_cluster_4,32,5,projection,8,2560,80,64,2704,6228624,3.3943307059151784,163840
0,17,B3_action_cluster_4,32,5,projection,16,5120,0,64,5184,6231104,3.3956821986607144,163840
0,17,B3_action_cluster_4,32,5,activation_ls,4,1280,80,64,1424,6227344,3.3936331612723216,163840
0,17,B3_action_cluster_4,32,5,activation_ls,8,2560,80,64,2704,6228624,3.3943307059151784,163840
0,17,B3_action_cluster_4,32,5,activation_ls,16,5120,0,64,5184,6231104,3.3956821986607144,163840
0,17,B3_action_cluster_4,64,5,projection,4,1280,80,64,1424,6227344,3.3936331612723216,163840
0,17,B3_action_cluster_4,64,5,projection,8,2560,80,64,2704,6228624,3.3943307059151784,163840
0,17,B3_action_cluster_4,64,5,projection,16,5120,0,64,5184,6231104,3.3956821986607144,163840
0,17,B3_action_cluster_4,64,5,activation_ls,4,1280,80,64,1424,6227344,3.3936331612723216,163840
0,17,B3_action_cluster_4,64,5,activation_ls,8,2560,80,64,2704,6228624,3.3943307059151784,163840
0,17,B3_action_cluster_4,64,5,activation_ls,16,5120,0,64,5184,6231104,3.3956821986607144,163840
0,17,B3_action_cluster_4,128,5,projection,4,1280,80,64,1424,6227344,3.3936331612723216,163840
0,17,B3_action_cluster_4,128,5,projection,8,2560,80,64,2704,6228624,3.3943307059151784,163840
0,17,B3_action_cluster_4,128,5,projection,16,5120,0,64,5184,6231104,3.3956821986607144,163840
0,17,B3_action_cluster_4,128,5,activation_ls,4,1280,80,64,1424,6227344,3.3936331612723216,163840
0,17,B3_action_cluster_4,128,5,activation_ls,8,2560,80,64,2704,6228624,3.3943307059151784,163840
0,17,B3_action_cluster_4,128,5,activation_ls,16,5120,0,64,5184,6231104,3.3956821986607144,163840
0,17,B3_action_cluster_4,256,5,projection,4,1280,80,64,1424,6227344,3.3936331612723216,163840
0,17,B3_action_cluster_4,256,5,projection,8,2560,80,64,2704,6228624,3.3943307059151784,163840
0,17,B3_action_cluster_4,256,5,projection,16,5120,0,64,5184,6231104,3.3956821986607144,163840
0,17,B3_action_cluster_4,256,5,activation_ls,4,1280,80,64,1424,6227344,3.3936331612723216,163840
0,17,B3_action_cluster_4,256,5,activation_ls,8,2560,80,64,2704,6228624,3.3943307059151784,163840
0,17,B3_action_cluster_4,256,5,activation_ls,16,5120,0,64,5184,6231104,3.3956821986607144,163840
0,17,B3_action_cluster_4,512,5,projection,4,1280,80,64,1424,6227344,3.3936331612723216,163840
0,17,B3_action_cluster_4,512,5,projection,8,2560,80,64,2704,6228624,3.3943307059151784,163840
0,17,B3_action_cluster_4,512,5,projection,16,5120,0,64,5184,6231104,3.3956821986607144,163840
0,17,B3_action_cluster_4,512,5,activation_ls,4,1280,80,64,1424,6227344,3.3936331612723216,163840
0,17,B3_action_cluster_4,512,5,activation_ls,8,2560,80,64,2704,6228624,3.3943307059151784,163840
0,17,B3_action_cluster_4,512,5,activation_ls,16,5120,0,64,5184,6231104,3.3956821986607144,163840
0,17,B3_action_cluster_8,32,5,projection,4,1280,80,64,1424,6227344,3.3936331612723216,327680
0,17,B3_action_cluster_8,32,5,projection,8,2560,80,64,2704,6228624,3.3943307059151784,327680
0,17,B3_action_cluster_8,32,5,projection,16,5120,0,64,5184,6231104,3.3956821986607144,327680
0,17,B3_action_cluster_8,32,5,activation_ls,4,1280,80,64,1424,6227344,3.3936331612723216,327680
0,17,B3_action_cluster_8,32,5,activation_ls,8,2560,80,64,2704,6228624,3.3943307059151784,327680
0,17,B3_action_cluster_8,32,5,activation_ls,16,5120,0,64,5184,6231104,3.3956821986607144,327680
0,17,B3_action_cluster_8,64,5,projection,4,1280,80,64,1424,6227344,3.3936331612723216,327680
0,17,B3_action_cluster_8,64,5,projection,8,2560,80,64,2704,6228624,3.3943307059151784,327680
0,17,B3_action_cluster_8,64,5,projection,16,5120,0,64,5184,6231104,3.3956821986607144,327680
0,17,B3_action_cluster_8,64,5,activation_ls,4,1280,80,64,1424,6227344,3.3936331612723216,327680
0,17,B3_action_cluster_8,64,5,activation_ls,8,2560,80,64,2704,6228624,3.3943307059151784,327680
0,17,B3_action_cluster_8,64,5,activation_ls,16,5120,0,64,5184,6231104,3.3956821986607144,327680
0,17,B3_action_cluster_8,128,5,projection,4,1280,80,64,1424,6227344,3.3936331612723216,327680
0,17,B3_action_cluster_8,128,5,projection,8,2560,80,64,2704,6228624,3.3943307059151784,327680
0,17,B3_action_cluster_8,128,5,projection,16,5120,0,64,5184,6231104,3.3956821986607144,327680
0,17,B3_action_cluster_8,128,5,activation_ls,4,1280,80,64,1424,6227344,3.3936331612723216,327680
0,17,B3_action_cluster_8,128,5,activation_ls,8,2560,80,64,2704,6228624,3.3943307059151784,327680
0,17,B3_action_cluster_8,128,5,activation_ls,16,5120,0,64,5184,6231104,3.3956821986607144,327680
0,17,B3_action_cluster_8,256,5,projection,4,1280,80,64,1424,6227344,3.3936331612723216,327680
0,17,B3_action_cluster_8,256,5,projection,8,2560,80,64,2704,6228624,3.3943307059151784,327680
0,17,B3_action_cluster_8,256,5,projection,16,5120,0,64,5184,6231104,3.3956821986607144,327680
0,17,B3_action_cluster_8,256,5,activation_ls,4,1280,80,64,1424,6227344,3.3936331612723216,327680
0,17,B3_action_cluster_8,256,5,activation_ls,8,2560,80,64,2704,6228624,3.3943307059151784,327680
0,17,B3_action_cluster_8,256,5,activation_ls,16,5120,0,64,5184,6231104,3.3956821986607144,327680
0,17,B3_action_cluster_8,512,5,projection,4,1280,80,64,1424,6227344,3.3936331612723216,327680
0,17,B3_action_cluster_8,512,5,projection,8,2560,80,64,2704,6228624,3.3943307059151784,327680
0,17,B3_action_cluster_8,512,5,projection,16,5120,0,64,5184,6231104,3.3956821986607144,327680
0,17,B3_action_cluster_8,512,5,activation_ls,4,1280,80,64,1424,6227344,3.3936331612723216,327680
0,17,B3_action_cluster_8,512,5,activation_ls,8,2560,80,64,2704,6228624,3.3943307059151784,327680
0,17,B3_action_cluster_8,512,5,activation_ls,16,5120,0,64,5184,6231104,3.3956821986607144,327680
0,17,B4_per_expert_raw,32,32,projection,4,8192,512,64,8768,6234688,3.3976353236607144,3145728
0,17,B4_per_expert_raw,32,32,projection,8,16384,512,64,16960,6242880,3.402099609375,3145728
0,17,B4_per_expert_raw,32,32,projection,16,32768,0,64,32832,6258752,3.4107491629464284,3145728
0,17,B4_per_expert_raw,32,32,activation_ls,4,8192,512,64,8768,6234688,3.3976353236607144,3145728
0,17,B4_per_expert_raw,32,32,activation_ls,8,16384,512,64,16960,6242880,3.402099609375,3145728
0,17,B4_per_expert_raw,32,32,activation_ls,16,32768,0,64,32832,6258752,3.4107491629464284,3145728
0,17,B4_per_expert_raw,64,64,projection,4,16384,1024,64,17472,6243392,3.402378627232143,6291456
0,17,B4_per_expert_raw,64,64,projection,8,32768,1024,64,33856,6259776,3.4113071986607144,6291456
0,17,B4_per_expert_raw,64,64,projection,16,65536,0,64,65600,6291520,3.4286063058035716,6291456
0,17,B4_per_expert_raw,64,64,activation_ls,4,16384,1024,64,17472,6243392,3.402378627232143,6291456
0,17,B4_per_expert_raw,64,64,activation_ls,8,32768,1024,64,33856,6259776,3.4113071986607144,6291456
0,17,B4_per_expert_raw,64,64,activation_ls,16,65536,0,64,65600,6291520,3.4286063058035716,6291456
0,17,B4_per_expert_raw,128,128,projection,4,32768,2048,64,34880,6260800,3.411865234375,12582912
0,17,B4_per_expert_raw,128,128,projection,8,65536,2048,64,67648,6293568,3.429722377232143,12582912
0,17,B4_per_expert_raw,128,128,projection,16,131072,0,64,131136,6357056,3.464320591517857,12582912
0,17,B4_per_expert_raw,128,128,activation_ls,4,32768,2048,64,34880,6260800,3.411865234375,12582912
0,17,B4_per_expert_raw,128,128,activation_ls,8,65536,2048,64,67648,6293568,3.429722377232143,12582912
0,17,B4_per_expert_raw,128,128,activation_ls,16,131072,0,64,131136,6357056,3.464320591517857,12582912
0,17,B4_per_expert_raw,256,256,projection,4,65536,4096,64,69696,6295616,3.4308384486607144,25165824
0,17,B4_per_expert_raw,256,256,projection,8,131072,4096,64,135232,6361152,3.466552734375,25165824
0,17,B4_per_expert_raw,256,256,projection,16,262144,0,64,262208,6488128,3.5357491629464284,25165824
0,17,B4_per_expert_raw,256,256,activation_ls,4,65536,4096,64,69696,6295616,3.4308384486607144,25165824
0,17,B4_per_expert_raw,256,256,activation_ls,8,131072,4096,64,135232,6361152,3.466552734375,25165824
0,17,B4_per_expert_raw,256,256,activation_ls,16,262144,0,64,262208,6488128,3.5357491629464284,25165824
0,17,B4_per_expert_raw,512,512,projection,4,131072,8192,64,139328,6365248,3.468784877232143,50331648
0,17,B4_per_expert_raw,512,512,projection,8,262144,8192,64,270400,6496320,3.5402134486607144,50331648
0,17,B4_per_expert_raw,512,512,projection,16,524288,0,64,524352,6750272,3.6786063058035716,50331648
0,17,B4_per_expert_raw,512,512,activation_ls,4,131072,8192,64,139328,6365248,3.468784877232143,50331648
0,17,B4_per_expert_raw,512,512,activation_ls,8,262144,8192,64,270400,6496320,3.5402134486607144,50331648
0,17,B4_per_expert_raw,512,512,activation_ls,16,524288,0,64,524352,6750272,3.6786063058035716,50331648
0,22,B0_raw_shared,32,32,projection,4,8192,512,64,8768,6234688,3.3976353236607144,262144
0,22,B0_raw_shared,32,32,projection,8,16384,512,64,16960,6242880,3.402099609375,262144
0,22,B0_raw_shared,32,32,projection,16,32768,0,64,32832,6258752,3.4107491629464284,262144
0,22,B0_raw_shared,32,32,activation_ls,4,8192,512,64,8768,6234688,3.3976353236607144,262144
0,22,B0_raw_shared,32,32,activation_ls,8,16384,512,64,16960,6242880,3.402099609375,262144
0,22,B0_raw_shared,32,32,activation_ls,16,32768,0,64,32832,6258752,3.4107491629464284,262144
0,22,B0_raw_shared,64,64,projection,4,16384,1024,64,17472,6243392,3.402378627232143,524288
0,22,B0_raw_shared,64,64,projection,8,32768,1024,64,33856,6259776,3.4113071986607144,524288
0,22,B0_raw_shared,64,64,projection,16,65536,0,64,65600,6291520,3.4286063058035716,524288
0,22,B0_raw_shared,64,64,activation_ls,4,16384,1024,64,17472,6243392,3.402378627232143,524288
0,22,B0_raw_shared,64,64,activation_ls,8,32768,1024,64,33856,6259776,3.4113071986607144,524288
0,22,B0_raw_shared,64,64,activation_ls,16,65536,0,64,65600,6291520,3.4286063058035716,524288
0,22,B0_raw_shared,128,128,projection,4,32768,2048,64,34880,6260800,3.411865234375,1048576
0,22,B0_raw_shared,128,128,projection,8,65536,2048,64,67648,6293568,3.429722377232143,1048576
0,22,B0_raw_shared,128,128,projection,16,131072,0,64,131136,6357056,3.464320591517857,1048576
0,22,B0_raw_shared,128,128,activation_ls,4,32768,2048,64,34880,6260800,3.411865234375,1048576
0,22,B0_raw_shared,128,128,activation_ls,8,65536,2048,64,67648,6293568,3.429722377232143,1048576
0,22,B0_raw_shared,128,128,activation_ls,16,131072,0,64,131136,6357056,3.464320591517857,1048576
0,22,B0_raw_shared,256,256,projection,4,65536,4096,64,69696,6295616,3.4308384486607144,2097152
0,22,B0_raw_shared,256,256,projection,8,131072,4096,64,135232,6361152,3.466552734375,2097152
0,22,B0_raw_shared,256,256,projection,16,262144,0,64,262208,6488128,3.5357491629464284,2097152
0,22,B0_raw_shared,256,256,activation_ls,4,65536,4096,64,69696,6295616,3.4308384486607144,2097152
0,22,B0_raw_shared,256,256,activation_ls,8,131072,4096,64,135232,6361152,3.466552734375,2097152
0,22,B0_raw_shared,256,256,activation_ls,16,262144,0,64,262208,6488128,3.5357491629464284,2097152
0,22,B0_raw_shared,512,512,projection,4,131072,8192,64,139328,6365248,3.468784877232143,4194304
0,22,B0_raw_shared,512,512,projection,8,262144,8192,64,270400,6496320,3.5402134486607144,4194304
0,22,B0_raw_shared,512,512,projection,16,524288,0,64,524352,6750272,3.6786063058035716,4194304
0,22,B0_raw_shared,512,512,activation_ls,4,131072,8192,64,139328,6365248,3.468784877232143,4194304
0,22,B0_raw_shared,512,512,activation_ls,8,262144,8192,64,270400,6496320,3.5402134486607144,4194304
0,22,B0_raw_shared,512,512,activation_ls,16,524288,0,64,524352,6750272,3.6786063058035716,4194304
0,22,B1_action_shared,32,32,projection,4,8192,512,64,8768,6234688,3.3976353236607144,262144
0,22,B1_action_shared,32,32,projection,8,16384,512,64,16960,6242880,3.402099609375,262144
0,22,B1_action_shared,32,32,projection,16,32768,0,64,32832,6258752,3.4107491629464284,262144
0,22,B1_action_shared,32,32,activation_ls,4,8192,512,64,8768,6234688,3.3976353236607144,262144
0,22,B1_action_shared,32,32,activation_ls,8,16384,512,64,16960,6242880,3.402099609375,262144
0,22,B1_action_shared,32,32,activation_ls,16,32768,0,64,32832,6258752,3.4107491629464284,262144
0,22,B1_action_shared,64,64,projection,4,16384,1024,64,17472,6243392,3.402378627232143,524288
0,22,B1_action_shared,64,64,projection,8,32768,1024,64,33856,6259776,3.4113071986607144,524288
0,22,B1_action_shared,64,64,projection,16,65536,0,64,65600,6291520,3.4286063058035716,524288
0,22,B1_action_shared,64,64,activation_ls,4,16384,1024,64,17472,6243392,3.402378627232143,524288
0,22,B1_action_shared,64,64,activation_ls,8,32768,1024,64,33856,6259776,3.4113071986607144,524288
0,22,B1_action_shared,64,64,activation_ls,16,65536,0,64,65600,6291520,3.4286063058035716,524288
0,22,B1_action_shared,128,128,projection,4,32768,2048,64,34880,6260800,3.411865234375,1048576
0,22,B1_action_shared,128,128,projection,8,65536,2048,64,67648,6293568,3.429722377232143,1048576
0,22,B1_action_shared,128,128,projection,16,131072,0,64,131136,6357056,3.464320591517857,1048576
0,22,B1_action_shared,128,128,activation_ls,4,32768,2048,64,34880,6260800,3.411865234375,1048576
0,22,B1_action_shared,128,128,activation_ls,8,65536,2048,64,67648,6293568,3.429722377232143,1048576
0,22,B1_action_shared,128,128,activation_ls,16,131072,0,64,131136,6357056,3.464320591517857,1048576
0,22,B1_action_shared,256,256,projection,4,65536,4096,64,69696,6295616,3.4308384486607144,2097152
0,22,B1_action_shared,256,256,projection,8,131072,4096,64,135232,6361152,3.466552734375,2097152
0,22,B1_action_shared,256,256,projection,16,262144,0,64,262208,6488128,3.5357491629464284,2097152
0,22,B1_action_shared,256,256,activation_ls,4,65536,4096,64,69696,6295616,3.4308384486607144,2097152
0,22,B1_action_shared,256,256,activation_ls,8,131072,4096,64,135232,6361152,3.466552734375,2097152
0,22,B1_action_shared,256,256,activation_ls,16,262144,0,64,262208,6488128,3.5357491629464284,2097152
0,22,B1_action_shared,512,391,projection,4,100096,6256,64,106416,6332336,3.4508492606026784,3203072
0,22,B1_action_shared,512,391,projection,8,200192,6256,64,206512,6432432,3.505397251674107,3203072
0,22,B1_action_shared,512,391,projection,16,400384,0,64,400448,6626368,3.611083984375,3203072
0,22,B1_action_shared,512,391,activation_ls,4,100096,6256,64,106416,6332336,3.4508492606026784,3203072
0,22,B1_action_shared,512,391,activation_ls,8,200192,6256,64,206512,6432432,3.505397251674107,3203072
0,22,B1_action_shared,512,391,activation_ls,16,400384,0,64,400448,6626368,3.611083984375,3203072
0,22,B2_proxy_shared,32,32,projection,4,8192,512,64,8768,6234688,3.3976353236607144,262144
0,22,B2_proxy_shared,32,32,projection,8,16384,512,64,16960,6242880,3.402099609375,262144
0,22,B2_proxy_shared,32,32,projection,16,32768,0,64,32832,6258752,3.4107491629464284,262144
0,22,B2_proxy_shared,32,32,activation_ls,4,8192,512,64,8768,6234688,3.3976353236607144,262144
0,22,B2_proxy_shared,32,32,activation_ls,8,16384,512,64,16960,6242880,3.402099609375,262144
0,22,B2_proxy_shared,32,32,activation_ls,16,32768,0,64,32832,6258752,3.4107491629464284,262144
0,22,B2_proxy_shared,64,64,projection,4,16384,1024,64,17472,6243392,3.402378627232143,524288
0,22,B2_proxy_shared,64,64,projection,8,32768,1024,64,33856,6259776,3.4113071986607144,524288
0,22,B2_proxy_shared,64,64,projection,16,65536,0,64,65600,6291520,3.4286063058035716,524288
0,22,B2_proxy_shared,64,64,activation_ls,4,16384,1024,64,17472,6243392,3.402378627232143,524288
0,22,B2_proxy_shared,64,64,activation_ls,8,32768,1024,64,33856,6259776,3.4113071986607144,524288
0,22,B2_proxy_shared,64,64,activation_ls,16,65536,0,64,65600,6291520,3.4286063058035716,524288
0,22,B2_proxy_shared,128,128,projection,4,32768,2048,64,34880,6260800,3.411865234375,1048576
0,22,B2_proxy_shared,128,128,projection,8,65536,2048,64,67648,6293568,3.429722377232143,1048576
0,22,B2_proxy_shared,128,128,projection,16,131072,0,64,131136,6357056,3.464320591517857,1048576
0,22,B2_proxy_shared,128,128,activation_ls,4,32768,2048,64,34880,6260800,3.411865234375,1048576
0,22,B2_proxy_shared,128,128,activation_ls,8,65536,2048,64,67648,6293568,3.429722377232143,1048576
0,22,B2_proxy_shared,128,128,activation_ls,16,131072,0,64,131136,6357056,3.464320591517857,1048576
0,22,B2_proxy_shared,256,256,projection,4,65536,4096,64,69696,6295616,3.4308384486607144,2097152
0,22,B2_proxy_shared,256,256,projection,8,131072,4096,64,135232,6361152,3.466552734375,2097152
0,22,B2_proxy_shared,256,256,projection,16,262144,0,64,262208,6488128,3.5357491629464284,2097152
0,22,B2_proxy_shared,256,256,activation_ls,4,65536,4096,64,69696,6295616,3.4308384486607144,2097152
0,22,B2_proxy_shared,256,256,activation_ls,8,131072,4096,64,135232,6361152,3.466552734375,2097152
0,22,B2_proxy_shared,256,256,activation_ls,16,262144,0,64,262208,6488128,3.5357491629464284,2097152
0,22,B2_proxy_shared,512,391,projection,4,100096,6256,64,106416,6332336,3.4508492606026784,3203072
0,22,B2_proxy_shared,512,391,projection,8,200192,6256,64,206512,6432432,3.505397251674107,3203072
0,22,B2_proxy_shared,512,391,projection,16,400384,0,64,400448,6626368,3.611083984375,3203072
0,22,B2_proxy_shared,512,391,activation_ls,4,100096,6256,64,106416,6332336,3.4508492606026784,3203072
0,22,B2_proxy_shared,512,391,activation_ls,8,200192,6256,64,206512,6432432,3.505397251674107,3203072
0,22,B2_proxy_shared,512,391,activation_ls,16,400384,0,64,400448,6626368,3.611083984375,3203072
0,22,B3_action_cluster_4,32,24,projection,4,6144,384,64,6592,6232512,3.396449497767857,786432
0,22,B3_action_cluster_4,32,24,projection,8,12288,384,64,12736,6238656,3.3997977120535716,786432
0,22,B3_action_cluster_4,32,24,projection,16,24576,0,64,24640,6250560,3.406284877232143,786432
0,22,B3_action_cluster_4,32,24,activation_ls,4,6144,384,64,6592,6232512,3.396449497767857,786432
0,22,B3_action_cluster_4,32,24,activation_ls,8,12288,384,64,12736,6238656,3.3997977120535716,786432
0,22,B3_action_cluster_4,32,24,activation_ls,16,24576,0,64,24640,6250560,3.406284877232143,786432
0,22,B3_action_cluster_4,64,24,projection,4,6144,384,64,6592,6232512,3.396449497767857,786432
0,22,B3_action_cluster_4,64,24,projection,8,12288,384,64,12736,6238656,3.3997977120535716,786432
0,22,B3_action_cluster_4,64,24,projection,16,24576,0,64,24640,6250560,3.406284877232143,786432
0,22,B3_action_cluster_4,64,24,activation_ls,4,6144,384,64,6592,6232512,3.396449497767857,786432
0,22,B3_action_cluster_4,64,24,activation_ls,8,12288,384,64,12736,6238656,3.3997977120535716,786432
0,22,B3_action_cluster_4,64,24,activation_ls,16,24576,0,64,24640,6250560,3.406284877232143,786432
0,22,B3_action_cluster_4,128,24,projection,4,6144,384,64,6592,6232512,3.396449497767857,786432
0,22,B3_action_cluster_4,128,24,projection,8,12288,384,64,12736,6238656,3.3997977120535716,786432
0,22,B3_action_cluster_4,128,24,projection,16,24576,0,64,24640,6250560,3.406284877232143,786432
0,22,B3_action_cluster_4,128,24,activation_ls,4,6144,384,64,6592,6232512,3.396449497767857,786432
0,22,B3_action_cluster_4,128,24,activation_ls,8,12288,384,64,12736,6238656,3.3997977120535716,786432
0,22,B3_action_cluster_4,128,24,activation_ls,16,24576,0,64,24640,6250560,3.406284877232143,786432
0,22,B3_action_cluster_4,256,24,projection,4,6144,384,64,6592,6232512,3.396449497767857,786432
0,22,B3_action_cluster_4,256,24,projection,8,12288,384,64,12736,6238656,3.3997977120535716,786432
0,22,B3_action_cluster_4,256,24,projection,16,24576,0,64,24640,6250560,3.406284877232143,786432
0,22,B3_action_cluster_4,256,24,activation_ls,4,6144,384,64,6592,6232512,3.396449497767857,786432
0,22,B3_action_cluster_4,256,24,activation_ls,8,12288,384,64,12736,6238656,3.3997977120535716,786432
0,22,B3_action_cluster_4,256,24,activation_ls,16,24576,0,64,24640,6250560,3.406284877232143,786432
0,22,B3_action_cluster_4,512,24,projection,4,6144,384,64,6592,6232512,3.396449497767857,786432
0,22,B3_action_cluster_4,512,24,projection,8,12288,384,64,12736,6238656,3.3997977120535716,786432
0,22,B3_action_cluster_4,512,24,projection,16,24576,0,64,24640,6250560,3.406284877232143,786432
0,22,B3_action_cluster_4,512,24,activation_ls,4,6144,384,64,6592,6232512,3.396449497767857,786432
0,22,B3_action_cluster_4,512,24,activation_ls,8,12288,384,64,12736,6238656,3.3997977120535716,786432
0,22,B3_action_cluster_4,512,24,activation_ls,16,24576,0,64,24640,6250560,3.406284877232143,786432
0,22,B3_action_cluster_8,32,24,projection,4,6144,384,64,6592,6232512,3.396449497767857,1572864
0,22,B3_action_cluster_8,32,24,projection,8,12288,384,64,12736,6238656,3.3997977120535716,1572864
0,22,B3_action_cluster_8,32,24,projection,16,24576,0,64,24640,6250560,3.406284877232143,1572864
0,22,B3_action_cluster_8,32,24,activation_ls,4,6144,384,64,6592,6232512,3.396449497767857,1572864
0,22,B3_action_cluster_8,32,24,activation_ls,8,12288,384,64,12736,6238656,3.3997977120535716,1572864
0,22,B3_action_cluster_8,32,24,activation_ls,16,24576,0,64,24640,6250560,3.406284877232143,1572864
0,22,B3_action_cluster_8,64,24,projection,4,6144,384,64,6592,6232512,3.396449497767857,1572864
0,22,B3_action_cluster_8,64,24,projection,8,12288,384,64,12736,6238656,3.3997977120535716,1572864
0,22,B3_action_cluster_8,64,24,projection,16,24576,0,64,24640,6250560,3.406284877232143,1572864
0,22,B3_action_cluster_8,64,24,activation_ls,4,6144,384,64,6592,6232512,3.396449497767857,1572864
0,22,B3_action_cluster_8,64,24,activation_ls,8,12288,384,64,12736,6238656,3.3997977120535716,1572864
0,22,B3_action_cluster_8,64,24,activation_ls,16,24576,0,64,24640,6250560,3.406284877232143,1572864
0,22,B3_action_cluster_8,128,24,projection,4,6144,384,64,6592,6232512,3.396449497767857,1572864
0,22,B3_action_cluster_8,128,24,projection,8,12288,384,64,12736,6238656,3.3997977120535716,1572864
0,22,B3_action_cluster_8,128,24,projection,16,24576,0,64,24640,6250560,3.406284877232143,1572864
0,22,B3_action_cluster_8,128,24,activation_ls,4,6144,384,64,6592,6232512,3.396449497767857,1572864
0,22,B3_action_cluster_8,128,24,activation_ls,8,12288,384,64,12736,6238656,3.3997977120535716,1572864
0,22,B3_action_cluster_8,128,24,activation_ls,16,24576,0,64,24640,6250560,3.406284877232143,1572864
0,22,B3_action_cluster_8,256,24,projection,4,6144,384,64,6592,6232512,3.396449497767857,1572864
0,22,B3_action_cluster_8,256,24,projection,8,12288,384,64,12736,6238656,3.3997977120535716,1572864
0,22,B3_action_cluster_8,256,24,projection,16,24576,0,64,24640,6250560,3.406284877232143,1572864
0,22,B3_action_cluster_8,256,24,activation_ls,4,6144,384,64,6592,6232512,3.396449497767857,1572864
0,22,B3_action_cluster_8,256,24,activation_ls,8,12288,384,64,12736,6238656,3.3997977120535716,1572864
0,22,B3_action_cluster_8,256,24,activation_ls,16,24576,0,64,24640,6250560,3.406284877232143,1572864
0,22,B3_action_cluster_8,512,24,projection,4,6144,384,64,6592,6232512,3.396449497767857,1572864
0,22,B3_action_cluster_8,512,24,projection,8,12288,384,64,12736,6238656,3.3997977120535716,1572864
0,22,B3_action_cluster_8,512,24,projection,16,24576,0,64,24640,6250560,3.406284877232143,1572864
0,22,B3_action_cluster_8,512,24,activation_ls,4,6144,384,64,6592,6232512,3.396449497767857,1572864
0,22,B3_action_cluster_8,512,24,activation_ls,8,12288,384,64,12736,6238656,3.3997977120535716,1572864
0,22,B3_action_cluster_8,512,24,activation_ls,16,24576,0,64,24640,6250560,3.406284877232143,1572864
0,22,B4_per_expert_raw,32,32,projection,4,8192,512,64,8768,6234688,3.3976353236607144,3145728
0,22,B4_per_expert_raw,32,32,projection,8,16384,512,64,16960,6242880,3.402099609375,3145728
0,22,B4_per_expert_raw,32,32,projection,16,32768,0,64,32832,6258752,3.4107491629464284,3145728
0,22,B4_per_expert_raw,32,32,activation_ls,4,8192,512,64,8768,6234688,3.3976353236607144,3145728
0,22,B4_per_expert_raw,32,32,activation_ls,8,16384,512,64,16960,6242880,3.402099609375,3145728
0,22,B4_per_expert_raw,32,32,activation_ls,16,32768,0,64,32832,6258752,3.4107491629464284,3145728
0,22,B4_per_expert_raw,64,64,projection,4,16384,1024,64,17472,6243392,3.402378627232143,6291456
0,22,B4_per_expert_raw,64,64,projection,8,32768,1024,64,33856,6259776,3.4113071986607144,6291456
0,22,B4_per_expert_raw,64,64,projection,16,65536,0,64,65600,6291520,3.4286063058035716,6291456
0,22,B4_per_expert_raw,64,64,activation_ls,4,16384,1024,64,17472,6243392,3.402378627232143,6291456
0,22,B4_per_expert_raw,64,64,activation_ls,8,32768,1024,64,33856,6259776,3.4113071986607144,6291456
0,22,B4_per_expert_raw,64,64,activation_ls,16,65536,0,64,65600,6291520,3.4286063058035716,6291456
0,22,B4_per_expert_raw,128,128,projection,4,32768,2048,64,34880,6260800,3.411865234375,12582912
0,22,B4_per_expert_raw,128,128,projection,8,65536,2048,64,67648,6293568,3.429722377232143,12582912
0,22,B4_per_expert_raw,128,128,projection,16,131072,0,64,131136,6357056,3.464320591517857,12582912
0,22,B4_per_expert_raw,128,128,activation_ls,4,32768,2048,64,34880,6260800,3.411865234375,12582912
0,22,B4_per_expert_raw,128,128,activation_ls,8,65536,2048,64,67648,6293568,3.429722377232143,12582912
0,22,B4_per_expert_raw,128,128,activation_ls,16,131072,0,64,131136,6357056,3.464320591517857,12582912
0,22,B4_per_expert_raw,256,256,projection,4,65536,4096,64,69696,6295616,3.4308384486607144,25165824
0,22,B4_per_expert_raw,256,256,projection,8,131072,4096,64,135232,6361152,3.466552734375,25165824
0,22,B4_per_expert_raw,256,256,projection,16,262144,0,64,262208,6488128,3.5357491629464284,25165824
0,22,B4_per_expert_raw,256,256,activation_ls,4,65536,4096,64,69696,6295616,3.4308384486607144,25165824
0,22,B4_per_expert_raw,256,256,activation_ls,8,131072,4096,64,135232,6361152,3.466552734375,25165824
0,22,B4_per_expert_raw,256,256,activation_ls,16,262144,0,64,262208,6488128,3.5357491629464284,25165824
0,22,B4_per_expert_raw,512,512,projection,4,131072,8192,64,139328,6365248,3.468784877232143,50331648
0,22,B4_per_expert_raw,512,512,projection,8,262144,8192,64,270400,6496320,3.5402134486607144,50331648
0,22,B4_per_expert_raw,512,512,projection,16,524288,0,64,524352,6750272,3.6786063058035716,50331648
0,22,B4_per_expert_raw,512,512,activation_ls,4,131072,8192,64,139328,6365248,3.468784877232143,50331648
0,22,B4_per_expert_raw,512,512,activation_ls,8,262144,8192,64,270400,6496320,3.5402134486607144,50331648
0,22,B4_per_expert_raw,512,512,activation_ls,16,524288,0,64,524352,6750272,3.6786063058035716,50331648
0,114,B0_raw_shared,32,32,projection,4,8192,512,64,8768,6234688,3.3976353236607144,262144
0,114,B0_raw_shared,32,32,projection,8,16384,512,64,16960,6242880,3.402099609375,262144
0,114,B0_raw_shared,32,32,projection,16,32768,0,64,32832,6258752,3.4107491629464284,262144
0,114,B0_raw_shared,32,32,activation_ls,4,8192,512,64,8768,6234688,3.3976353236607144,262144
0,114,B0_raw_shared,32,32,activation_ls,8,16384,512,64,16960,6242880,3.402099609375,262144
0,114,B0_raw_shared,32,32,activation_ls,16,32768,0,64,32832,6258752,3.4107491629464284,262144
0,114,B0_raw_shared,64,64,projection,4,16384,1024,64,17472,6243392,3.402378627232143,524288
0,114,B0_raw_shared,64,64,projection,8,32768,1024,64,33856,6259776,3.4113071986607144,524288
0,114,B0_raw_shared,64,64,projection,16,65536,0,64,65600,6291520,3.4286063058035716,524288
0,114,B0_raw_shared,64,64,activation_ls,4,16384,1024,64,17472,6243392,3.402378627232143,524288
0,114,B0_raw_shared,64,64,activation_ls,8,32768,1024,64,33856,6259776,3.4113071986607144,524288
0,114,B0_raw_shared,64,64,activation_ls,16,65536,0,64,65600,6291520,3.4286063058035716,524288
0,114,B0_raw_shared,128,128,projection,4,32768,2048,64,34880,6260800,3.411865234375,1048576
0,114,B0_raw_shared,128,128,projection,8,65536,2048,64,67648,6293568,3.429722377232143,1048576
0,114,B0_raw_shared,128,128,projection,16,131072,0,64,131136,6357056,3.464320591517857,1048576
0,114,B0_raw_shared,128,128,activation_ls,4,32768,2048,64,34880,6260800,3.411865234375,1048576
0,114,B0_raw_shared,128,128,activation_ls,8,65536,2048,64,67648,6293568,3.429722377232143,1048576
0,114,B0_raw_shared,128,128,activation_ls,16,131072,0,64,131136,6357056,3.464320591517857,1048576
0,114,B0_raw_shared,256,256,projection,4,65536,4096,64,69696,6295616,3.4308384486607144,2097152
0,114,B0_raw_shared,256,256,projection,8,131072,4096,64,135232,6361152,3.466552734375,2097152
0,114,B0_raw_shared,256,256,projection,16,262144,0,64,262208,6488128,3.5357491629464284,2097152
0,114,B0_raw_shared,256,256,activation_ls,4,65536,4096,64,69696,6295616,3.4308384486607144,2097152
0,114,B0_raw_shared,256,256,activation_ls,8,131072,4096,64,135232,6361152,3.466552734375,2097152
0,114,B0_raw_shared,256,256,activation_ls,16,262144,0,64,262208,6488128,3.5357491629464284,2097152
0,114,B0_raw_shared,512,512,projection,4,131072,8192,64,139328,6365248,3.468784877232143,4194304
0,114,B0_raw_shared,512,512,projection,8,262144,8192,64,270400,6496320,3.5402134486607144,4194304
0,114,B0_raw_shared,512,512,projection,16,524288,0,64,524352,6750272,3.6786063058035716,4194304
0,114,B0_raw_shared,512,512,activation_ls,4,131072,8192,64,139328,6365248,3.468784877232143,4194304
0,114,B0_raw_shared,512,512,activation_ls,8,262144,8192,64,270400,6496320,3.5402134486607144,4194304
0,114,B0_raw_shared,512,512,activation_ls,16,524288,0,64,524352,6750272,3.6786063058035716,4194304
0,114,B1_action_shared,32,32,projection,4,8192,512,64,8768,6234688,3.3976353236607144,262144
0,114,B1_action_shared,32,32,projection,8,16384,512,64,16960,6242880,3.402099609375,262144
0,114,B1_action_shared,32,32,projection,16,32768,0,64,32832,6258752,3.4107491629464284,262144
0,114,B1_action_shared,32,32,activation_ls,4,8192,512,64,8768,6234688,3.3976353236607144,262144
0,114,B1_action_shared,32,32,activation_ls,8,16384,512,64,16960,6242880,3.402099609375,262144
0,114,B1_action_shared,32,32,activation_ls,16,32768,0,64,32832,6258752,3.4107491629464284,262144
0,114,B1_action_shared,64,64,projection,4,16384,1024,64,17472,6243392,3.402378627232143,524288
0,114,B1_action_shared,64,64,projection,8,32768,1024,64,33856,6259776,3.4113071986607144,524288
0,114,B1_action_shared,64,64,projection,16,65536,0,64,65600,6291520,3.4286063058035716,524288
0,114,B1_action_shared,64,64,activation_ls,4,16384,1024,64,17472,6243392,3.402378627232143,524288
0,114,B1_action_shared,64,64,activation_ls,8,32768,1024,64,33856,6259776,3.4113071986607144,524288
0,114,B1_action_shared,64,64,activation_ls,16,65536,0,64,65600,6291520,3.4286063058035716,524288
0,114,B1_action_shared,128,128,projection,4,32768,2048,64,34880,6260800,3.411865234375,1048576
0,114,B1_action_shared,128,128,projection,8,65536,2048,64,67648,6293568,3.429722377232143,1048576
0,114,B1_action_shared,128,128,projection,16,131072,0,64,131136,6357056,3.464320591517857,1048576
0,114,B1_action_shared,128,128,activation_ls,4,32768,2048,64,34880,6260800,3.411865234375,1048576
0,114,B1_action_shared,128,128,activation_ls,8,65536,2048,64,67648,6293568,3.429722377232143,1048576
0,114,B1_action_shared,128,128,activation_ls,16,131072,0,64,131136,6357056,3.464320591517857,1048576
0,114,B1_action_shared,256,256,projection,4,65536,4096,64,69696,6295616,3.4308384486607144,2097152
0,114,B1_action_shared,256,256,projection,8,131072,4096,64,135232,6361152,3.466552734375,2097152
0,114,B1_action_shared,256,256,projection,16,262144,0,64,262208,6488128,3.5357491629464284,2097152
0,114,B1_action_shared,256,256,activation_ls,4,65536,4096,64,69696,6295616,3.4308384486607144,2097152
0,114,B1_action_shared,256,256,activation_ls,8,131072,4096,64,135232,6361152,3.466552734375,2097152
0,114,B1_action_shared,256,256,activation_ls,16,262144,0,64,262208,6488128,3.5357491629464284,2097152
0,114,B1_action_shared,512,391,projection,4,100096,6256,64,106416,6332336,3.4508492606026784,3203072
0,114,B1_action_shared,512,391,projection,8,200192,6256,64,206512,6432432,3.505397251674107,3203072
0,114,B1_action_shared,512,391,projection,16,400384,0,64,400448,6626368,3.611083984375,3203072
0,114,B1_action_shared,512,391,activation_ls,4,100096,6256,64,106416,6332336,3.4508492606026784,3203072
0,114,B1_action_shared,512,391,activation_ls,8,200192,6256,64,206512,6432432,3.505397251674107,3203072
0,114,B1_action_shared,512,391,activation_ls,16,400384,0,64,400448,6626368,3.611083984375,3203072
0,114,B2_proxy_shared,32,32,projection,4,8192,512,64,8768,6234688,3.3976353236607144,262144
0,114,B2_proxy_shared,32,32,projection,8,16384,512,64,16960,6242880,3.402099609375,262144
0,114,B2_proxy_shared,32,32,projection,16,32768,0,64,32832,6258752,3.4107491629464284,262144
0,114,B2_proxy_shared,32,32,activation_ls,4,8192,512,64,8768,6234688,3.3976353236607144,262144
0,114,B2_proxy_shared,32,32,activation_ls,8,16384,512,64,16960,6242880,3.402099609375,262144
0,114,B2_proxy_shared,32,32,activation_ls,16,32768,0,64,32832,6258752,3.4107491629464284,262144
0,114,B2_proxy_shared,64,64,projection,4,16384,1024,64,17472,6243392,3.402378627232143,524288
0,114,B2_proxy_shared,64,64,projection,8,32768,1024,64,33856,6259776,3.4113071986607144,524288
0,114,B2_proxy_shared,64,64,projection,16,65536,0,64,65600,6291520,3.4286063058035716,524288
0,114,B2_proxy_shared,64,64,activation_ls,4,16384,1024,64,17472,6243392,3.402378627232143,524288
0,114,B2_proxy_shared,64,64,activation_ls,8,32768,1024,64,33856,6259776,3.4113071986607144,524288
0,114,B2_proxy_shared,64,64,activation_ls,16,65536,0,64,65600,6291520,3.4286063058035716,524288
0,114,B2_proxy_shared,128,128,projection,4,32768,2048,64,34880,6260800,3.411865234375,1048576
0,114,B2_proxy_shared,128,128,projection,8,65536,2048,64,67648,6293568,3.429722377232143,1048576
0,114,B2_proxy_shared,128,128,projection,16,131072,0,64,131136,6357056,3.464320591517857,1048576
0,114,B2_proxy_shared,128,128,activation_ls,4,32768,2048,64,34880,6260800,3.411865234375,1048576
0,114,B2_proxy_shared,128,128,activation_ls,8,65536,2048,64,67648,6293568,3.429722377232143,1048576
0,114,B2_proxy_shared,128,128,activation_ls,16,131072,0,64,131136,6357056,3.464320591517857,1048576
0,114,B2_proxy_shared,256,256,projection,4,65536,4096,64,69696,6295616,3.4308384486607144,2097152
0,114,B2_proxy_shared,256,256,projection,8,131072,4096,64,135232,6361152,3.466552734375,2097152
0,114,B2_proxy_shared,256,256,projection,16,262144,0,64,262208,6488128,3.5357491629464284,2097152
0,114,B2_proxy_shared,256,256,activation_ls,4,65536,4096,64,69696,6295616,3.4308384486607144,2097152
0,114,B2_proxy_shared,256,256,activation_ls,8,131072,4096,64,135232,6361152,3.466552734375,2097152
0,114,B2_proxy_shared,256,256,activation_ls,16,262144,0,64,262208,6488128,3.5357491629464284,2097152
0,114,B2_proxy_shared,512,391,projection,4,100096,6256,64,106416,6332336,3.4508492606026784,3203072
0,114,B2_proxy_shared,512,391,projection,8,200192,6256,64,206512,6432432,3.505397251674107,3203072
0,114,B2_proxy_shared,512,391,projection,16,400384,0,64,400448,6626368,3.611083984375,3203072
0,114,B2_proxy_shared,512,391,activation_ls,4,100096,6256,64,106416,6332336,3.4508492606026784,3203072
0,114,B2_proxy_shared,512,391,activation_ls,8,200192,6256,64,206512,6432432,3.505397251674107,3203072
0,114,B2_proxy_shared,512,391,activation_ls,16,400384,0,64,400448,6626368,3.611083984375,3203072
0,114,B3_action_cluster_4,32,32,projection,4,8192,512,64,8768,6234688,3.3976353236607144,1048576
0,114,B3_action_cluster_4,32,32,projection,8,16384,512,64,16960,6242880,3.402099609375,1048576
0,114,B3_action_cluster_4,32,32,projection,16,32768,0,64,32832,6258752,3.4107491629464284,1048576
0,114,B3_action_cluster_4,32,32,activation_ls,4,8192,512,64,8768,6234688,3.3976353236607144,1048576
0,114,B3_action_cluster_4,32,32,activation_ls,8,16384,512,64,16960,6242880,3.402099609375,1048576
0,114,B3_action_cluster_4,32,32,activation_ls,16,32768,0,64,32832,6258752,3.4107491629464284,1048576
0,114,B3_action_cluster_4,64,64,projection,4,16384,1024,64,17472,6243392,3.402378627232143,2097152
0,114,B3_action_cluster_4,64,64,projection,8,32768,1024,64,33856,6259776,3.4113071986607144,2097152
0,114,B3_action_cluster_4,64,64,projection,16,65536,0,64,65600,6291520,3.4286063058035716,2097152
0,114,B3_action_cluster_4,64,64,activation_ls,4,16384,1024,64,17472,6243392,3.402378627232143,2097152
0,114,B3_action_cluster_4,64,64,activation_ls,8,32768,1024,64,33856,6259776,3.4113071986607144,2097152
0,114,B3_action_cluster_4,64,64,activation_ls,16,65536,0,64,65600,6291520,3.4286063058035716,2097152
0,114,B3_action_cluster_4,128,122,projection,4,31232,1952,64,33248,6259168,3.410975864955357,3997696
0,114,B3_action_cluster_4,128,122,projection,8,62464,1952,64,64480,6290400,3.4279959542410716,3997696
0,114,B3_action_cluster_4,128,122,projection,16,124928,0,64,124992,6350912,3.460972377232143,3997696
0,114,B3_action_cluster_4,128,122,activation_ls,4,31232,1952,64,33248,6259168,3.410975864955357,3997696
0,114,B3_action_cluster_4,128,122,activation_ls,8,62464,1952,64,64480,6290400,3.4279959542410716,3997696
0,114,B3_action_cluster_4,128,122,activation_ls,16,124928,0,64,124992,6350912,3.460972377232143,3997696
0,114,B3_action_cluster_4,256,122,projection,4,31232,1952,64,33248,6259168,3.410975864955357,3997696
0,114,B3_action_cluster_4,256,122,projection,8,62464,1952,64,64480,6290400,3.4279959542410716,3997696
0,114,B3_action_cluster_4,256,122,projection,16,124928,0,64,124992,6350912,3.460972377232143,3997696
0,114,B3_action_cluster_4,256,122,activation_ls,4,31232,1952,64,33248,6259168,3.410975864955357,3997696
0,114,B3_action_cluster_4,256,122,activation_ls,8,62464,1952,64,64480,6290400,3.4279959542410716,3997696
0,114,B3_action_cluster_4,256,122,activation_ls,16,124928,0,64,124992,6350912,3.460972377232143,3997696
0,114,B3_action_cluster_4,512,122,projection,4,31232,1952,64,33248,6259168,3.410975864955357,3997696
0,114,B3_action_cluster_4,512,122,projection,8,62464,1952,64,64480,6290400,3.4279959542410716,3997696
0,114,B3_action_cluster_4,512,122,projection,16,124928,0,64,124992,6350912,3.460972377232143,3997696
0,114,B3_action_cluster_4,512,122,activation_ls,4,31232,1952,64,33248,6259168,3.410975864955357,3997696
0,114,B3_action_cluster_4,512,122,activation_ls,8,62464,1952,64,64480,6290400,3.4279959542410716,3997696
0,114,B3_action_cluster_4,512,122,activation_ls,16,124928,0,64,124992,6350912,3.460972377232143,3997696
0,114,B3_action_cluster_8,32,24,projection,4,6144,384,64,6592,6232512,3.396449497767857,1572864
0,114,B3_action_cluster_8,32,24,projection,8,12288,384,64,12736,6238656,3.3997977120535716,1572864
0,114,B3_action_cluster_8,32,24,projection,16,24576,0,64,24640,6250560,3.406284877232143,1572864
0,114,B3_action_cluster_8,32,24,activation_ls,4,6144,384,64,6592,6232512,3.396449497767857,1572864
0,114,B3_action_cluster_8,32,24,activation_ls,8,12288,384,64,12736,6238656,3.3997977120535716,1572864
0,114,B3_action_cluster_8,32,24,activation_ls,16,24576,0,64,24640,6250560,3.406284877232143,1572864
0,114,B3_action_cluster_8,64,24,projection,4,6144,384,64,6592,6232512,3.396449497767857,1572864
0,114,B3_action_cluster_8,64,24,projection,8,12288,384,64,12736,6238656,3.3997977120535716,1572864
0,114,B3_action_cluster_8,64,24,projection,16,24576,0,64,24640,6250560,3.406284877232143,1572864
0,114,B3_action_cluster_8,64,24,activation_ls,4,6144,384,64,6592,6232512,3.396449497767857,1572864
0,114,B3_action_cluster_8,64,24,activation_ls,8,12288,384,64,12736,6238656,3.3997977120535716,1572864
0,114,B3_action_cluster_8,64,24,activation_ls,16,24576,0,64,24640,6250560,3.406284877232143,1572864
0,114,B3_action_cluster_8,128,24,projection,4,6144,384,64,6592,6232512,3.396449497767857,1572864
0,114,B3_action_cluster_8,128,24,projection,8,12288,384,64,12736,6238656,3.3997977120535716,1572864
0,114,B3_action_cluster_8,128,24,projection,16,24576,0,64,24640,6250560,3.406284877232143,1572864
0,114,B3_action_cluster_8,128,24,activation_ls,4,6144,384,64,6592,6232512,3.396449497767857,1572864
0,114,B3_action_cluster_8,128,24,activation_ls,8,12288,384,64,12736,6238656,3.3997977120535716,1572864
0,114,B3_action_cluster_8,128,24,activation_ls,16,24576,0,64,24640,6250560,3.406284877232143,1572864
0,114,B3_action_cluster_8,256,24,projection,4,6144,384,64,6592,6232512,3.396449497767857,1572864
0,114,B3_action_cluster_8,256,24,projection,8,12288,384,64,12736,6238656,3.3997977120535716,1572864
0,114,B3_action_cluster_8,256,24,projection,16,24576,0,64,24640,6250560,3.406284877232143,1572864
0,114,B3_action_cluster_8,256,24,activation_ls,4,6144,384,64,6592,6232512,3.396449497767857,1572864
0,114,B3_action_cluster_8,256,24,activation_ls,8,12288,384,64,12736,6238656,3.3997977120535716,1572864
0,114,B3_action_cluster_8,256,24,activation_ls,16,24576,0,64,24640,6250560,3.406284877232143,1572864
0,114,B3_action_cluster_8,512,24,projection,4,6144,384,64,6592,6232512,3.396449497767857,1572864
0,114,B3_action_cluster_8,512,24,projection,8,12288,384,64,12736,6238656,3.3997977120535716,1572864
0,114,B3_action_cluster_8,512,24,projection,16,24576,0,64,24640,6250560,3.406284877232143,1572864
0,114,B3_action_cluster_8,512,24,activation_ls,4,6144,384,64,6592,6232512,3.396449497767857,1572864
0,114,B3_action_cluster_8,512,24,activation_ls,8,12288,384,64,12736,6238656,3.3997977120535716,1572864
0,114,B3_action_cluster_8,512,24,activation_ls,16,24576,0,64,24640,6250560,3.406284877232143,1572864
0,114,B4_per_expert_raw,32,32,projection,4,8192,512,64,8768,6234688,3.3976353236607144,3145728
0,114,B4_per_expert_raw,32,32,projection,8,16384,512,64,16960,6242880,3.402099609375,3145728
0,114,B4_per_expert_raw,32,32,projection,16,32768,0,64,32832,6258752,3.4107491629464284,3145728
0,114,B4_per_expert_raw,32,32,activation_ls,4,8192,512,64,8768,6234688,3.3976353236607144,3145728
0,114,B4_per_expert_raw,32,32,activation_ls,8,16384,512,64,16960,6242880,3.402099609375,3145728
0,114,B4_per_expert_raw,32,32,activation_ls,16,32768,0,64,32832,6258752,3.4107491629464284,3145728
0,114,B4_per_expert_raw,64,64,projection,4,16384,1024,64,17472,6243392,3.402378627232143,6291456
0,114,B4_per_expert_raw,64,64,projection,8,32768,1024,64,33856,6259776,3.4113071986607144,6291456
0,114,B4_per_expert_raw,64,64,projection,16,65536,0,64,65600,6291520,3.4286063058035716,6291456
0,114,B4_per_expert_raw,64,64,activation_ls,4,16384,1024,64,17472,6243392,3.402378627232143,6291456
0,114,B4_per_expert_raw,64,64,activation_ls,8,32768,1024,64,33856,6259776,3.4113071986607144,6291456
0,114,B4_per_expert_raw,64,64,activation_ls,16,65536,0,64,65600,6291520,3.4286063058035716,6291456
0,114,B4_per_expert_raw,128,128,projection,4,32768,2048,64,34880,6260800,3.411865234375,12582912
0,114,B4_per_expert_raw,128,128,projection,8,65536,2048,64,67648,6293568,3.429722377232143,12582912
0,114,B4_per_expert_raw,128,128,projection,16,131072,0,64,131136,6357056,3.464320591517857,12582912
0,114,B4_per_expert_raw,128,128,activation_ls,4,32768,2048,64,34880,6260800,3.411865234375,12582912
0,114,B4_per_expert_raw,128,128,activation_ls,8,65536,2048,64,67648,6293568,3.429722377232143,12582912
0,114,B4_per_expert_raw,128,128,activation_ls,16,131072,0,64,131136,6357056,3.464320591517857,12582912
0,114,B4_per_expert_raw,256,256,projection,4,65536,4096,64,69696,6295616,3.4308384486607144,25165824
0,114,B4_per_expert_raw,256,256,projection,8,131072,4096,64,135232,6361152,3.466552734375,25165824
0,114,B4_per_expert_raw,256,256,projection,16,262144,0,64,262208,6488128,3.5357491629464284,25165824
0,114,B4_per_expert_raw,256,256,activation_ls,4,65536,4096,64,69696,6295616,3.4308384486607144,25165824
0,114,B4_per_expert_raw,256,256,activation_ls,8,131072,4096,64,135232,6361152,3.466552734375,25165824
0,114,B4_per_expert_raw,256,256,activation_ls,16,262144,0,64,262208,6488128,3.5357491629464284,25165824
0,114,B4_per_expert_raw,512,512,projection,4,131072,8192,64,139328,6365248,3.468784877232143,50331648
0,114,B4_per_expert_raw,512,512,projection,8,262144,8192,64,270400,6496320,3.5402134486607144,50331648
0,114,B4_per_expert_raw,512,512,projection,16,524288,0,64,524352,6750272,3.6786063058035716,50331648
0,114,B4_per_expert_raw,512,512,activation_ls,4,131072,8192,64,139328,6365248,3.468784877232143,50331648
0,114,B4_per_expert_raw,512,512,activation_ls,8,262144,8192,64,270400,6496320,3.5402134486607144,50331648
0,114,B4_per_expert_raw,512,512,activation_ls,16,524288,0,64,524352,6750272,3.6786063058035716,50331648
0,158,B0_raw_shared,32,32,projection,4,8192,512,64,8768,6234688,3.3976353236607144,262144
0,158,B0_raw_shared,32,32,projection,8,16384,512,64,16960,6242880,3.402099609375,262144
0,158,B0_raw_shared,32,32,projection,16,32768,0,64,32832,6258752,3.4107491629464284,262144
0,158,B0_raw_shared,32,32,activation_ls,4,8192,512,64,8768,6234688,3.3976353236607144,262144
0,158,B0_raw_shared,32,32,activation_ls,8,16384,512,64,16960,6242880,3.402099609375,262144
0,158,B0_raw_shared,32,32,activation_ls,16,32768,0,64,32832,6258752,3.4107491629464284,262144
0,158,B0_raw_shared,64,64,projection,4,16384,1024,64,17472,6243392,3.402378627232143,524288
0,158,B0_raw_shared,64,64,projection,8,32768,1024,64,33856,6259776,3.4113071986607144,524288
0,158,B0_raw_shared,64,64,projection,16,65536,0,64,65600,6291520,3.4286063058035716,524288
0,158,B0_raw_shared,64,64,activation_ls,4,16384,1024,64,17472,6243392,3.402378627232143,524288
0,158,B0_raw_shared,64,64,activation_ls,8,32768,1024,64,33856,6259776,3.4113071986607144,524288
0,158,B0_raw_shared,64,64,activation_ls,16,65536,0,64,65600,6291520,3.4286063058035716,524288
0,158,B0_raw_shared,128,128,projection,4,32768,2048,64,34880,6260800,3.411865234375,1048576
0,158,B0_raw_shared,128,128,projection,8,65536,2048,64,67648,6293568,3.429722377232143,1048576
0,158,B0_raw_shared,128,128,projection,16,131072,0,64,131136,6357056,3.464320591517857,1048576
0,158,B0_raw_shared,128,128,activation_ls,4,32768,2048,64,34880,6260800,3.411865234375,1048576
0,158,B0_raw_shared,128,128,activation_ls,8,65536,2048,64,67648,6293568,3.429722377232143,1048576
0,158,B0_raw_shared,128,128,activation_ls,16,131072,0,64,131136,6357056,3.464320591517857,1048576
0,158,B0_raw_shared,256,256,projection,4,65536,4096,64,69696,6295616,3.4308384486607144,2097152
0,158,B0_raw_shared,256,256,projection,8,131072,4096,64,135232,6361152,3.466552734375,2097152
0,158,B0_raw_shared,256,256,projection,16,262144,0,64,262208,6488128,3.5357491629464284,2097152
0,158,B0_raw_shared,256,256,activation_ls,4,65536,4096,64,69696,6295616,3.4308384486607144,2097152
0,158,B0_raw_shared,256,256,activation_ls,8,131072,4096,64,135232,6361152,3.466552734375,2097152
0,158,B0_raw_shared,256,256,activation_ls,16,262144,0,64,262208,6488128,3.5357491629464284,2097152
0,158,B0_raw_shared,512,512,projection,4,131072,8192,64,139328,6365248,3.468784877232143,4194304
0,158,B0_raw_shared,512,512,projection,8,262144,8192,64,270400,6496320,3.5402134486607144,4194304
0,158,B0_raw_shared,512,512,projection,16,524288,0,64,524352,6750272,3.6786063058035716,4194304
0,158,B0_raw_shared,512,512,activation_ls,4,131072,8192,64,139328,6365248,3.468784877232143,4194304
0,158,B0_raw_shared,512,512,activation_ls,8,262144,8192,64,270400,6496320,3.5402134486607144,4194304
0,158,B0_raw_shared,512,512,activation_ls,16,524288,0,64,524352,6750272,3.6786063058035716,4194304
0,158,B1_action_shared,32,32,projection,4,8192,512,64,8768,6234688,3.3976353236607144,262144
0,158,B1_action_shared,32,32,projection,8,16384,512,64,16960,6242880,3.402099609375,262144
0,158,B1_action_shared,32,32,projection,16,32768,0,64,32832,6258752,3.4107491629464284,262144
0,158,B1_action_shared,32,32,activation_ls,4,8192,512,64,8768,6234688,3.3976353236607144,262144
0,158,B1_action_shared,32,32,activation_ls,8,16384,512,64,16960,6242880,3.402099609375,262144
0,158,B1_action_shared,32,32,activation_ls,16,32768,0,64,32832,6258752,3.4107491629464284,262144
0,158,B1_action_shared,64,64,projection,4,16384,1024,64,17472,6243392,3.402378627232143,524288
0,158,B1_action_shared,64,64,projection,8,32768,1024,64,33856,6259776,3.4113071986607144,524288
0,158,B1_action_shared,64,64,projection,16,65536,0,64,65600,6291520,3.4286063058035716,524288
0,158,B1_action_shared,64,64,activation_ls,4,16384,1024,64,17472,6243392,3.402378627232143,524288
0,158,B1_action_shared,64,64,activation_ls,8,32768,1024,64,33856,6259776,3.4113071986607144,524288
0,158,B1_action_shared,64,64,activation_ls,16,65536,0,64,65600,6291520,3.4286063058035716,524288
0,158,B1_action_shared,128,128,projection,4,32768,2048,64,34880,6260800,3.411865234375,1048576
0,158,B1_action_shared,128,128,projection,8,65536,2048,64,67648,6293568,3.429722377232143,1048576
0,158,B1_action_shared,128,128,projection,16,131072,0,64,131136,6357056,3.464320591517857,1048576
0,158,B1_action_shared,128,128,activation_ls,4,32768,2048,64,34880,6260800,3.411865234375,1048576
0,158,B1_action_shared,128,128,activation_ls,8,65536,2048,64,67648,6293568,3.429722377232143,1048576
0,158,B1_action_shared,128,128,activation_ls,16,131072,0,64,131136,6357056,3.464320591517857,1048576
0,158,B1_action_shared,256,256,projection,4,65536,4096,64,69696,6295616,3.4308384486607144,2097152
0,158,B1_action_shared,256,256,projection,8,131072,4096,64,135232,6361152,3.466552734375,2097152
0,158,B1_action_shared,256,256,projection,16,262144,0,64,262208,6488128,3.5357491629464284,2097152
0,158,B1_action_shared,256,256,activation_ls,4,65536,4096,64,69696,6295616,3.4308384486607144,2097152
0,158,B1_action_shared,256,256,activation_ls,8,131072,4096,64,135232,6361152,3.466552734375,2097152
0,158,B1_action_shared,256,256,activation_ls,16,262144,0,64,262208,6488128,3.5357491629464284,2097152
0,158,B1_action_shared,512,391,projection,4,100096,6256,64,106416,6332336,3.4508492606026784,3203072
0,158,B1_action_shared,512,391,projection,8,200192,6256,64,206512,6432432,3.505397251674107,3203072
0,158,B1_action_shared,512,391,projection,16,400384,0,64,400448,6626368,3.611083984375,3203072
0,158,B1_action_shared,512,391,activation_ls,4,100096,6256,64,106416,6332336,3.4508492606026784,3203072
0,158,B1_action_shared,512,391,activation_ls,8,200192,6256,64,206512,6432432,3.505397251674107,3203072
0,158,B1_action_shared,512,391,activation_ls,16,400384,0,64,400448,6626368,3.611083984375,3203072
0,158,B2_proxy_shared,32,32,projection,4,8192,512,64,8768,6234688,3.3976353236607144,262144
0,158,B2_proxy_shared,32,32,projection,8,16384,512,64,16960,6242880,3.402099609375,262144
0,158,B2_proxy_shared,32,32,projection,16,32768,0,64,32832,6258752,3.4107491629464284,262144
0,158,B2_proxy_shared,32,32,activation_ls,4,8192,512,64,8768,6234688,3.3976353236607144,262144
0,158,B2_proxy_shared,32,32,activation_ls,8,16384,512,64,16960,6242880,3.402099609375,262144
0,158,B2_proxy_shared,32,32,activation_ls,16,32768,0,64,32832,6258752,3.4107491629464284,262144
0,158,B2_proxy_shared,64,64,projection,4,16384,1024,64,17472,6243392,3.402378627232143,524288
0,158,B2_proxy_shared,64,64,projection,8,32768,1024,64,33856,6259776,3.4113071986607144,524288
0,158,B2_proxy_shared,64,64,projection,16,65536,0,64,65600,6291520,3.4286063058035716,524288
0,158,B2_proxy_shared,64,64,activation_ls,4,16384,1024,64,17472,6243392,3.402378627232143,524288
0,158,B2_proxy_shared,64,64,activation_ls,8,32768,1024,64,33856,6259776,3.4113071986607144,524288
0,158,B2_proxy_shared,64,64,activation_ls,16,65536,0,64,65600,6291520,3.4286063058035716,524288
0,158,B2_proxy_shared,128,128,projection,4,32768,2048,64,34880,6260800,3.411865234375,1048576
0,158,B2_proxy_shared,128,128,projection,8,65536,2048,64,67648,6293568,3.429722377232143,1048576
0,158,B2_proxy_shared,128,128,projection,16,131072,0,64,131136,6357056,3.464320591517857,1048576
0,158,B2_proxy_shared,128,128,activation_ls,4,32768,2048,64,34880,6260800,3.411865234375,1048576
0,158,B2_proxy_shared,128,128,activation_ls,8,65536,2048,64,67648,6293568,3.429722377232143,1048576
0,158,B2_proxy_shared,128,128,activation_ls,16,131072,0,64,131136,6357056,3.464320591517857,1048576
0,158,B2_proxy_shared,256,256,projection,4,65536,4096,64,69696,6295616,3.4308384486607144,2097152
0,158,B2_proxy_shared,256,256,projection,8,131072,4096,64,135232,6361152,3.466552734375,2097152
0,158,B2_proxy_shared,256,256,projection,16,262144,0,64,262208,6488128,3.5357491629464284,2097152
0,158,B2_proxy_shared,256,256,activation_ls,4,65536,4096,64,69696,6295616,3.4308384486607144,2097152
0,158,B2_proxy_shared,256,256,activation_ls,8,131072,4096,64,135232,6361152,3.466552734375,2097152
0,158,B2_proxy_shared,256,256,activation_ls,16,262144,0,64,262208,6488128,3.5357491629464284,2097152
0,158,B2_proxy_shared,512,391,projection,4,100096,6256,64,106416,6332336,3.4508492606026784,3203072
0,158,B2_proxy_shared,512,391,projection,8,200192,6256,64,206512,6432432,3.505397251674107,3203072
0,158,B2_proxy_shared,512,391,projection,16,400384,0,64,400448,6626368,3.611083984375,3203072
0,158,B2_proxy_shared,512,391,activation_ls,4,100096,6256,64,106416,6332336,3.4508492606026784,3203072
0,158,B2_proxy_shared,512,391,activation_ls,8,200192,6256,64,206512,6432432,3.505397251674107,3203072
0,158,B2_proxy_shared,512,391,activation_ls,16,400384,0,64,400448,6626368,3.611083984375,3203072
0,158,B3_action_cluster_4,32,32,projection,4,8192,512,64,8768,6234688,3.3976353236607144,1048576
0,158,B3_action_cluster_4,32,32,projection,8,16384,512,64,16960,6242880,3.402099609375,1048576
0,158,B3_action_cluster_4,32,32,projection,16,32768,0,64,32832,6258752,3.4107491629464284,1048576
0,158,B3_action_cluster_4,32,32,activation_ls,4,8192,512,64,8768,6234688,3.3976353236607144,1048576
0,158,B3_action_cluster_4,32,32,activation_ls,8,16384,512,64,16960,6242880,3.402099609375,1048576
0,158,B3_action_cluster_4,32,32,activation_ls,16,32768,0,64,32832,6258752,3.4107491629464284,1048576
0,158,B3_action_cluster_4,64,64,projection,4,16384,1024,64,17472,6243392,3.402378627232143,2097152
0,158,B3_action_cluster_4,64,64,projection,8,32768,1024,64,33856,6259776,3.4113071986607144,2097152
0,158,B3_action_cluster_4,64,64,projection,16,65536,0,64,65600,6291520,3.4286063058035716,2097152
0,158,B3_action_cluster_4,64,64,activation_ls,4,16384,1024,64,17472,6243392,3.402378627232143,2097152
0,158,B3_action_cluster_4,64,64,activation_ls,8,32768,1024,64,33856,6259776,3.4113071986607144,2097152
0,158,B3_action_cluster_4,64,64,activation_ls,16,65536,0,64,65600,6291520,3.4286063058035716,2097152
0,158,B3_action_cluster_4,128,122,projection,4,31232,1952,64,33248,6259168,3.410975864955357,3997696
0,158,B3_action_cluster_4,128,122,projection,8,62464,1952,64,64480,6290400,3.4279959542410716,3997696
0,158,B3_action_cluster_4,128,122,projection,16,124928,0,64,124992,6350912,3.460972377232143,3997696
0,158,B3_action_cluster_4,128,122,activation_ls,4,31232,1952,64,33248,6259168,3.410975864955357,3997696
0,158,B3_action_cluster_4,128,122,activation_ls,8,62464,1952,64,64480,6290400,3.4279959542410716,3997696
0,158,B3_action_cluster_4,128,122,activation_ls,16,124928,0,64,124992,6350912,3.460972377232143,3997696
0,158,B3_action_cluster_4,256,122,projection,4,31232,1952,64,33248,6259168,3.410975864955357,3997696
0,158,B3_action_cluster_4,256,122,projection,8,62464,1952,64,64480,6290400,3.4279959542410716,3997696
0,158,B3_action_cluster_4,256,122,projection,16,124928,0,64,124992,6350912,3.460972377232143,3997696
0,158,B3_action_cluster_4,256,122,activation_ls,4,31232,1952,64,33248,6259168,3.410975864955357,3997696
0,158,B3_action_cluster_4,256,122,activation_ls,8,62464,1952,64,64480,6290400,3.4279959542410716,3997696
0,158,B3_action_cluster_4,256,122,activation_ls,16,124928,0,64,124992,6350912,3.460972377232143,3997696
0,158,B3_action_cluster_4,512,122,projection,4,31232,1952,64,33248,6259168,3.410975864955357,3997696
0,158,B3_action_cluster_4,512,122,projection,8,62464,1952,64,64480,6290400,3.4279959542410716,3997696
0,158,B3_action_cluster_4,512,122,projection,16,124928,0,64,124992,6350912,3.460972377232143,3997696
0,158,B3_action_cluster_4,512,122,activation_ls,4,31232,1952,64,33248,6259168,3.410975864955357,3997696
0,158,B3_action_cluster_4,512,122,activation_ls,8,62464,1952,64,64480,6290400,3.4279959542410716,3997696
0,158,B3_action_cluster_4,512,122,activation_ls,16,124928,0,64,124992,6350912,3.460972377232143,3997696
0,158,B3_action_cluster_8,32,24,projection,4,6144,384,64,6592,6232512,3.396449497767857,1572864
0,158,B3_action_cluster_8,32,24,projection,8,12288,384,64,12736,6238656,3.3997977120535716,1572864
0,158,B3_action_cluster_8,32,24,projection,16,24576,0,64,24640,6250560,3.406284877232143,1572864
0,158,B3_action_cluster_8,32,24,activation_ls,4,6144,384,64,6592,6232512,3.396449497767857,1572864
0,158,B3_action_cluster_8,32,24,activation_ls,8,12288,384,64,12736,6238656,3.3997977120535716,1572864
0,158,B3_action_cluster_8,32,24,activation_ls,16,24576,0,64,24640,6250560,3.406284877232143,1572864
0,158,B3_action_cluster_8,64,24,projection,4,6144,384,64,6592,6232512,3.396449497767857,1572864
0,158,B3_action_cluster_8,64,24,projection,8,12288,384,64,12736,6238656,3.3997977120535716,1572864
0,158,B3_action_cluster_8,64,24,projection,16,24576,0,64,24640,6250560,3.406284877232143,1572864
0,158,B3_action_cluster_8,64,24,activation_ls,4,6144,384,64,6592,6232512,3.396449497767857,1572864
0,158,B3_action_cluster_8,64,24,activation_ls,8,12288,384,64,12736,6238656,3.3997977120535716,1572864
0,158,B3_action_cluster_8,64,24,activation_ls,16,24576,0,64,24640,6250560,3.406284877232143,1572864
0,158,B3_action_cluster_8,128,24,projection,4,6144,384,64,6592,6232512,3.396449497767857,1572864
0,158,B3_action_cluster_8,128,24,projection,8,12288,384,64,12736,6238656,3.3997977120535716,1572864
0,158,B3_action_cluster_8,128,24,projection,16,24576,0,64,24640,6250560,3.406284877232143,1572864
0,158,B3_action_cluster_8,128,24,activation_ls,4,6144,384,64,6592,6232512,3.396449497767857,1572864
0,158,B3_action_cluster_8,128,24,activation_ls,8,12288,384,64,12736,6238656,3.3997977120535716,1572864
0,158,B3_action_cluster_8,128,24,activation_ls,16,24576,0,64,24640,6250560,3.406284877232143,1572864
0,158,B3_action_cluster_8,256,24,projection,4,6144,384,64,6592,6232512,3.396449497767857,1572864
0,158,B3_action_cluster_8,256,24,projection,8,12288,384,64,12736,6238656,3.3997977120535716,1572864
0,158,B3_action_cluster_8,256,24,projection,16,24576,0,64,24640,6250560,3.406284877232143,1572864
0,158,B3_action_cluster_8,256,24,activation_ls,4,6144,384,64,6592,6232512,3.396449497767857,1572864
0,158,B3_action_cluster_8,256,24,activation_ls,8,12288,384,64,12736,6238656,3.3997977120535716,1572864
0,158,B3_action_cluster_8,256,24,activation_ls,16,24576,0,64,24640,6250560,3.406284877232143,1572864
0,158,B3_action_cluster_8,512,24,projection,4,6144,384,64,6592,6232512,3.396449497767857,1572864
0,158,B3_action_cluster_8,512,24,projection,8,12288,384,64,12736,6238656,3.3997977120535716,1572864
0,158,B3_action_cluster_8,512,24,projection,16,24576,0,64,24640,6250560,3.406284877232143,1572864
0,158,B3_action_cluster_8,512,24,activation_ls,4,6144,384,64,6592,6232512,3.396449497767857,1572864
0,158,B3_action_cluster_8,512,24,activation_ls,8,12288,384,64,12736,6238656,3.3997977120535716,1572864
0,158,B3_action_cluster_8,512,24,activation_ls,16,24576,0,64,24640,6250560,3.406284877232143,1572864
0,158,B4_per_expert_raw,32,32,projection,4,8192,512,64,8768,6234688,3.3976353236607144,3145728
0,158,B4_per_expert_raw,32,32,projection,8,16384,512,64,16960,6242880,3.402099609375,3145728
0,158,B4_per_expert_raw,32,32,projection,16,32768,0,64,32832,6258752,3.4107491629464284,3145728
0,158,B4_per_expert_raw,32,32,activation_ls,4,8192,512,64,8768,6234688,3.3976353236607144,3145728
0,158,B4_per_expert_raw,32,32,activation_ls,8,16384,512,64,16960,6242880,3.402099609375,3145728
0,158,B4_per_expert_raw,32,32,activation_ls,16,32768,0,64,32832,6258752,3.4107491629464284,3145728
0,158,B4_per_expert_raw,64,64,projection,4,16384,1024,64,17472,6243392,3.402378627232143,6291456
0,158,B4_per_expert_raw,64,64,projection,8,32768,1024,64,33856,6259776,3.4113071986607144,6291456
0,158,B4_per_expert_raw,64,64,projection,16,65536,0,64,65600,6291520,3.4286063058035716,6291456
0,158,B4_per_expert_raw,64,64,activation_ls,4,16384,1024,64,17472,6243392,3.402378627232143,6291456
0,158,B4_per_expert_raw,64,64,activation_ls,8,32768,1024,64,33856,6259776,3.4113071986607144,6291456
0,158,B4_per_expert_raw,64,64,activation_ls,16,65536,0,64,65600,6291520,3.4286063058035716,6291456
0,158,B4_per_expert_raw,128,128,projection,4,32768,2048,64,34880,6260800,3.411865234375,12582912
0,158,B4_per_expert_raw,128,128,projection,8,65536,2048,64,67648,6293568,3.429722377232143,12582912
0,158,B4_per_expert_raw,128,128,projection,16,131072,0,64,131136,6357056,3.464320591517857,12582912
0,158,B4_per_expert_raw,128,128,activation_ls,4,32768,2048,64,34880,6260800,3.411865234375,12582912
0,158,B4_per_expert_raw,128,128,activation_ls,8,65536,2048,64,67648,6293568,3.429722377232143,12582912
0,158,B4_per_expert_raw,128,128,activation_ls,16,131072,0,64,131136,6357056,3.464320591517857,12582912
0,158,B4_per_expert_raw,256,256,projection,4,65536,4096,64,69696,6295616,3.4308384486607144,25165824
0,158,B4_per_expert_raw,256,256,projection,8,131072,4096,64,135232,6361152,3.466552734375,25165824
0,158,B4_per_expert_raw,256,256,projection,16,262144,0,64,262208,6488128,3.5357491629464284,25165824
0,158,B4_per_expert_raw,256,256,activation_ls,4,65536,4096,64,69696,6295616,3.4308384486607144,25165824
0,158,B4_per_expert_raw,256,256,activation_ls,8,131072,4096,64,135232,6361152,3.466552734375,25165824
0,158,B4_per_expert_raw,256,256,activation_ls,16,262144,0,64,262208,6488128,3.5357491629464284,25165824
0,158,B4_per_expert_raw,512,512,projection,4,131072,8192,64,139328,6365248,3.468784877232143,50331648
0,158,B4_per_expert_raw,512,512,projection,8,262144,8192,64,270400,6496320,3.5402134486607144,50331648
0,158,B4_per_expert_raw,512,512,projection,16,524288,0,64,524352,6750272,3.6786063058035716,50331648
0,158,B4_per_expert_raw,512,512,activation_ls,4,131072,8192,64,139328,6365248,3.468784877232143,50331648
0,158,B4_per_expert_raw,512,512,activation_ls,8,262144,8192,64,270400,6496320,3.5402134486607144,50331648
0,158,B4_per_expert_raw,512,512,activation_ls,16,524288,0,64,524352,6750272,3.6786063058035716,50331648
0,164,B0_raw_shared,32,32,projection,4,8192,512,64,8768,6234688,3.3976353236607144,262144
0,164,B0_raw_shared,32,32,projection,8,16384,512,64,16960,6242880,3.402099609375,262144
0,164,B0_raw_shared,32,32,projection,16,32768,0,64,32832,6258752,3.4107491629464284,262144
0,164,B0_raw_shared,32,32,activation_ls,4,8192,512,64,8768,6234688,3.3976353236607144,262144
0,164,B0_raw_shared,32,32,activation_ls,8,16384,512,64,16960,6242880,3.402099609375,262144
0,164,B0_raw_shared,32,32,activation_ls,16,32768,0,64,32832,6258752,3.4107491629464284,262144
0,164,B0_raw_shared,64,64,projection,4,16384,1024,64,17472,6243392,3.402378627232143,524288
0,164,B0_raw_shared,64,64,projection,8,32768,1024,64,33856,6259776,3.4113071986607144,524288
0,164,B0_raw_shared,64,64,projection,16,65536,0,64,65600,6291520,3.4286063058035716,524288
0,164,B0_raw_shared,64,64,activation_ls,4,16384,1024,64,17472,6243392,3.402378627232143,524288
0,164,B0_raw_shared,64,64,activation_ls,8,32768,1024,64,33856,6259776,3.4113071986607144,524288
0,164,B0_raw_shared,64,64,activation_ls,16,65536,0,64,65600,6291520,3.4286063058035716,524288
0,164,B0_raw_shared,128,128,projection,4,32768,2048,64,34880,6260800,3.411865234375,1048576
0,164,B0_raw_shared,128,128,projection,8,65536,2048,64,67648,6293568,3.429722377232143,1048576
0,164,B0_raw_shared,128,128,projection,16,131072,0,64,131136,6357056,3.464320591517857,1048576
0,164,B0_raw_shared,128,128,activation_ls,4,32768,2048,64,34880,6260800,3.411865234375,1048576
0,164,B0_raw_shared,128,128,activation_ls,8,65536,2048,64,67648,6293568,3.429722377232143,1048576
0,164,B0_raw_shared,128,128,activation_ls,16,131072,0,64,131136,6357056,3.464320591517857,1048576
0,164,B0_raw_shared,256,256,projection,4,65536,4096,64,69696,6295616,3.4308384486607144,2097152
0,164,B0_raw_shared,256,256,projection,8,131072,4096,64,135232,6361152,3.466552734375,2097152
0,164,B0_raw_shared,256,256,projection,16,262144,0,64,262208,6488128,3.5357491629464284,2097152
0,164,B0_raw_shared,256,256,activation_ls,4,65536,4096,64,69696,6295616,3.4308384486607144,2097152
0,164,B0_raw_shared,256,256,activation_ls,8,131072,4096,64,135232,6361152,3.466552734375,2097152
0,164,B0_raw_shared,256,256,activation_ls,16,262144,0,64,262208,6488128,3.5357491629464284,2097152
0,164,B0_raw_shared,512,512,projection,4,131072,8192,64,139328,6365248,3.468784877232143,4194304
0,164,B0_raw_shared,512,512,projection,8,262144,8192,64,270400,6496320,3.5402134486607144,4194304
0,164,B0_raw_shared,512,512,projection,16,524288,0,64,524352,6750272,3.6786063058035716,4194304
0,164,B0_raw_shared,512,512,activation_ls,4,131072,8192,64,139328,6365248,3.468784877232143,4194304
0,164,B0_raw_shared,512,512,activation_ls,8,262144,8192,64,270400,6496320,3.5402134486607144,4194304
0,164,B0_raw_shared,512,512,activation_ls,16,524288,0,64,524352,6750272,3.6786063058035716,4194304
0,164,B1_action_shared,32,32,projection,4,8192,512,64,8768,6234688,3.3976353236607144,262144
0,164,B1_action_shared,32,32,projection,8,16384,512,64,16960,6242880,3.402099609375,262144
0,164,B1_action_shared,32,32,projection,16,32768,0,64,32832,6258752,3.4107491629464284,262144
0,164,B1_action_shared,32,32,activation_ls,4,8192,512,64,8768,6234688,3.3976353236607144,262144
0,164,B1_action_shared,32,32,activation_ls,8,16384,512,64,16960,6242880,3.402099609375,262144
0,164,B1_action_shared,32,32,activation_ls,16,32768,0,64,32832,6258752,3.4107491629464284,262144
0,164,B1_action_shared,64,64,projection,4,16384,1024,64,17472,6243392,3.402378627232143,524288
0,164,B1_action_shared,64,64,projection,8,32768,1024,64,33856,6259776,3.4113071986607144,524288
0,164,B1_action_shared,64,64,projection,16,65536,0,64,65600,6291520,3.4286063058035716,524288
0,164,B1_action_shared,64,64,activation_ls,4,16384,1024,64,17472,6243392,3.402378627232143,524288
0,164,B1_action_shared,64,64,activation_ls,8,32768,1024,64,33856,6259776,3.4113071986607144,524288
0,164,B1_action_shared,64,64,activation_ls,16,65536,0,64,65600,6291520,3.4286063058035716,524288
0,164,B1_action_shared,128,128,projection,4,32768,2048,64,34880,6260800,3.411865234375,1048576
0,164,B1_action_shared,128,128,projection,8,65536,2048,64,67648,6293568,3.429722377232143,1048576
0,164,B1_action_shared,128,128,projection,16,131072,0,64,131136,6357056,3.464320591517857,1048576
0,164,B1_action_shared,128,128,activation_ls,4,32768,2048,64,34880,6260800,3.411865234375,1048576
0,164,B1_action_shared,128,128,activation_ls,8,65536,2048,64,67648,6293568,3.429722377232143,1048576
0,164,B1_action_shared,128,128,activation_ls,16,131072,0,64,131136,6357056,3.464320591517857,1048576
0,164,B1_action_shared,256,256,projection,4,65536,4096,64,69696,6295616,3.4308384486607144,2097152
0,164,B1_action_shared,256,256,projection,8,131072,4096,64,135232,6361152,3.466552734375,2097152
0,164,B1_action_shared,256,256,projection,16,262144,0,64,262208,6488128,3.5357491629464284,2097152
0,164,B1_action_shared,256,256,activation_ls,4,65536,4096,64,69696,6295616,3.4308384486607144,2097152
0,164,B1_action_shared,256,256,activation_ls,8,131072,4096,64,135232,6361152,3.466552734375,2097152
0,164,B1_action_shared,256,256,activation_ls,16,262144,0,64,262208,6488128,3.5357491629464284,2097152
0,164,B1_action_shared,512,391,projection,4,100096,6256,64,106416,6332336,3.4508492606026784,3203072
0,164,B1_action_shared,512,391,projection,8,200192,6256,64,206512,6432432,3.505397251674107,3203072
0,164,B1_action_shared,512,391,projection,16,400384,0,64,400448,6626368,3.611083984375,3203072
0,164,B1_action_shared,512,391,activation_ls,4,100096,6256,64,106416,6332336,3.4508492606026784,3203072
0,164,B1_action_shared,512,391,activation_ls,8,200192,6256,64,206512,6432432,3.505397251674107,3203072
0,164,B1_action_shared,512,391,activation_ls,16,400384,0,64,400448,6626368,3.611083984375,3203072
0,164,B2_proxy_shared,32,32,projection,4,8192,512,64,8768,6234688,3.3976353236607144,262144
0,164,B2_proxy_shared,32,32,projection,8,16384,512,64,16960,6242880,3.402099609375,262144
0,164,B2_proxy_shared,32,32,projection,16,32768,0,64,32832,6258752,3.4107491629464284,262144
0,164,B2_proxy_shared,32,32,activation_ls,4,8192,512,64,8768,6234688,3.3976353236607144,262144
0,164,B2_proxy_shared,32,32,activation_ls,8,16384,512,64,16960,6242880,3.402099609375,262144
0,164,B2_proxy_shared,32,32,activation_ls,16,32768,0,64,32832,6258752,3.4107491629464284,262144
0,164,B2_proxy_shared,64,64,projection,4,16384,1024,64,17472,6243392,3.402378627232143,524288
0,164,B2_proxy_shared,64,64,projection,8,32768,1024,64,33856,6259776,3.4113071986607144,524288
0,164,B2_proxy_shared,64,64,projection,16,65536,0,64,65600,6291520,3.4286063058035716,524288
0,164,B2_proxy_shared,64,64,activation_ls,4,16384,1024,64,17472,6243392,3.402378627232143,524288
0,164,B2_proxy_shared,64,64,activation_ls,8,32768,1024,64,33856,6259776,3.4113071986607144,524288
0,164,B2_proxy_shared,64,64,activation_ls,16,65536,0,64,65600,6291520,3.4286063058035716,524288
0,164,B2_proxy_shared,128,128,projection,4,32768,2048,64,34880,6260800,3.411865234375,1048576
0,164,B2_proxy_shared,128,128,projection,8,65536,2048,64,67648,6293568,3.429722377232143,1048576
0,164,B2_proxy_shared,128,128,projection,16,131072,0,64,131136,6357056,3.464320591517857,1048576
0,164,B2_proxy_shared,128,128,activation_ls,4,32768,2048,64,34880,6260800,3.411865234375,1048576
0,164,B2_proxy_shared,128,128,activation_ls,8,65536,2048,64,67648,6293568,3.429722377232143,1048576
0,164,B2_proxy_shared,128,128,activation_ls,16,131072,0,64,131136,6357056,3.464320591517857,1048576
0,164,B2_proxy_shared,256,256,projection,4,65536,4096,64,69696,6295616,3.4308384486607144,2097152
0,164,B2_proxy_shared,256,256,projection,8,131072,4096,64,135232,6361152,3.466552734375,2097152
0,164,B2_proxy_shared,256,256,projection,16,262144,0,64,262208,6488128,3.5357491629464284,2097152
0,164,B2_proxy_shared,256,256,activation_ls,4,65536,4096,64,69696,6295616,3.4308384486607144,2097152
0,164,B2_proxy_shared,256,256,activation_ls,8,131072,4096,64,135232,6361152,3.466552734375,2097152
0,164,B2_proxy_shared,256,256,activation_ls,16,262144,0,64,262208,6488128,3.5357491629464284,2097152
0,164,B2_proxy_shared,512,391,projection,4,100096,6256,64,106416,6332336,3.4508492606026784,3203072
0,164,B2_proxy_shared,512,391,projection,8,200192,6256,64,206512,6432432,3.505397251674107,3203072
0,164,B2_proxy_shared,512,391,projection,16,400384,0,64,400448,6626368,3.611083984375,3203072
0,164,B2_proxy_shared,512,391,activation_ls,4,100096,6256,64,106416,6332336,3.4508492606026784,3203072
0,164,B2_proxy_shared,512,391,activation_ls,8,200192,6256,64,206512,6432432,3.505397251674107,3203072
0,164,B2_proxy_shared,512,391,activation_ls,16,400384,0,64,400448,6626368,3.611083984375,3203072
0,164,B3_action_cluster_4,32,32,projection,4,8192,512,64,8768,6234688,3.3976353236607144,1048576
0,164,B3_action_cluster_4,32,32,projection,8,16384,512,64,16960,6242880,3.402099609375,1048576
0,164,B3_action_cluster_4,32,32,projection,16,32768,0,64,32832,6258752,3.4107491629464284,1048576
0,164,B3_action_cluster_4,32,32,activation_ls,4,8192,512,64,8768,6234688,3.3976353236607144,1048576
0,164,B3_action_cluster_4,32,32,activation_ls,8,16384,512,64,16960,6242880,3.402099609375,1048576
0,164,B3_action_cluster_4,32,32,activation_ls,16,32768,0,64,32832,6258752,3.4107491629464284,1048576
0,164,B3_action_cluster_4,64,64,projection,4,16384,1024,64,17472,6243392,3.402378627232143,2097152
0,164,B3_action_cluster_4,64,64,projection,8,32768,1024,64,33856,6259776,3.4113071986607144,2097152
0,164,B3_action_cluster_4,64,64,projection,16,65536,0,64,65600,6291520,3.4286063058035716,2097152
0,164,B3_action_cluster_4,64,64,activation_ls,4,16384,1024,64,17472,6243392,3.402378627232143,2097152
0,164,B3_action_cluster_4,64,64,activation_ls,8,32768,1024,64,33856,6259776,3.4113071986607144,2097152
0,164,B3_action_cluster_4,64,64,activation_ls,16,65536,0,64,65600,6291520,3.4286063058035716,2097152
0,164,B3_action_cluster_4,128,128,projection,4,32768,2048,64,34880,6260800,3.411865234375,4194304
0,164,B3_action_cluster_4,128,128,projection,8,65536,2048,64,67648,6293568,3.429722377232143,4194304
0,164,B3_action_cluster_4,128,128,projection,16,131072,0,64,131136,6357056,3.464320591517857,4194304
0,164,B3_action_cluster_4,128,128,activation_ls,4,32768,2048,64,34880,6260800,3.411865234375,4194304
0,164,B3_action_cluster_4,128,128,activation_ls,8,65536,2048,64,67648,6293568,3.429722377232143,4194304
0,164,B3_action_cluster_4,128,128,activation_ls,16,131072,0,64,131136,6357056,3.464320591517857,4194304
0,164,B3_action_cluster_4,256,240,projection,4,61440,3840,64,65344,6291264,3.428466796875,7864320
0,164,B3_action_cluster_4,256,240,projection,8,122880,3840,64,126784,6352704,3.461948939732143,7864320
0,164,B3_action_cluster_4,256,240,projection,16,245760,0,64,245824,6471744,3.526820591517857,7864320
0,164,B3_action_cluster_4,256,240,activation_ls,4,61440,3840,64,65344,6291264,3.428466796875,7864320
0,164,B3_action_cluster_4,256,240,activation_ls,8,122880,3840,64,126784,6352704,3.461948939732143,7864320
0,164,B3_action_cluster_4,256,240,activation_ls,16,245760,0,64,245824,6471744,3.526820591517857,7864320
0,164,B3_action_cluster_4,512,240,projection,4,61440,3840,64,65344,6291264,3.428466796875,7864320
0,164,B3_action_cluster_4,512,240,projection,8,122880,3840,64,126784,6352704,3.461948939732143,7864320
0,164,B3_action_cluster_4,512,240,projection,16,245760,0,64,245824,6471744,3.526820591517857,7864320
0,164,B3_action_cluster_4,512,240,activation_ls,4,61440,3840,64,65344,6291264,3.428466796875,7864320
0,164,B3_action_cluster_4,512,240,activation_ls,8,122880,3840,64,126784,6352704,3.461948939732143,7864320
0,164,B3_action_cluster_4,512,240,activation_ls,16,245760,0,64,245824,6471744,3.526820591517857,7864320
0,164,B3_action_cluster_8,32,32,projection,4,8192,512,64,8768,6234688,3.3976353236607144,2097152
0,164,B3_action_cluster_8,32,32,projection,8,16384,512,64,16960,6242880,3.402099609375,2097152
0,164,B3_action_cluster_8,32,32,projection,16,32768,0,64,32832,6258752,3.4107491629464284,2097152
0,164,B3_action_cluster_8,32,32,activation_ls,4,8192,512,64,8768,6234688,3.3976353236607144,2097152
0,164,B3_action_cluster_8,32,32,activation_ls,8,16384,512,64,16960,6242880,3.402099609375,2097152
0,164,B3_action_cluster_8,32,32,activation_ls,16,32768,0,64,32832,6258752,3.4107491629464284,2097152
0,164,B3_action_cluster_8,64,64,projection,4,16384,1024,64,17472,6243392,3.402378627232143,4194304
0,164,B3_action_cluster_8,64,64,projection,8,32768,1024,64,33856,6259776,3.4113071986607144,4194304
0,164,B3_action_cluster_8,64,64,projection,16,65536,0,64,65600,6291520,3.4286063058035716,4194304
0,164,B3_action_cluster_8,64,64,activation_ls,4,16384,1024,64,17472,6243392,3.402378627232143,4194304
0,164,B3_action_cluster_8,64,64,activation_ls,8,32768,1024,64,33856,6259776,3.4113071986607144,4194304
0,164,B3_action_cluster_8,64,64,activation_ls,16,65536,0,64,65600,6291520,3.4286063058035716,4194304
0,164,B3_action_cluster_8,128,67,projection,4,17152,1072,64,18288,6244208,3.4028233119419644,4390912
0,164,B3_action_cluster_8,128,67,projection,8,34304,1072,64,35440,6261360,3.41217041015625,4390912
0,164,B3_action_cluster_8,128,67,projection,16,68608,0,64,68672,6294592,3.4302804129464284,4390912
0,164,B3_action_cluster_8,128,67,activation_ls,4,17152,1072,64,18288,6244208,3.4028233119419644,4390912
0,164,B3_action_cluster_8,128,67,activation_ls,8,34304,1072,64,35440,6261360,3.41217041015625,4390912
0,164,B3_action_cluster_8,128,67,activation_ls,16,68608,0,64,68672,6294592,3.4302804129464284,4390912
0,164,B3_action_cluster_8,256,67,projection,4,17152,1072,64,18288,6244208,3.4028233119419644,4390912
0,164,B3_action_cluster_8,256,67,projection,8,34304,1072,64,35440,6261360,3.41217041015625,4390912
0,164,B3_action_cluster_8,256,67,projection,16,68608,0,64,68672,6294592,3.4302804129464284,4390912
0,164,B3_action_cluster_8,256,67,activation_ls,4,17152,1072,64,18288,6244208,3.4028233119419644,4390912
0,164,B3_action_cluster_8,256,67,activation_ls,8,34304,1072,64,35440,6261360,3.41217041015625,4390912
0,164,B3_action_cluster_8,256,67,activation_ls,16,68608,0,64,68672,6294592,3.4302804129464284,4390912
0,164,B3_action_cluster_8,512,67,projection,4,17152,1072,64,18288,6244208,3.4028233119419644,4390912
0,164,B3_action_cluster_8,512,67,projection,8,34304,1072,64,35440,6261360,3.41217041015625,4390912
0,164,B3_action_cluster_8,512,67,projection,16,68608,0,64,68672,6294592,3.4302804129464284,4390912
0,164,B3_action_cluster_8,512,67,activation_ls,4,17152,1072,64,18288,6244208,3.4028233119419644,4390912
0,164,B3_action_cluster_8,512,67,activation_ls,8,34304,1072,64,35440,6261360,3.41217041015625,4390912
0,164,B3_action_cluster_8,512,67,activation_ls,16,68608,0,64,68672,6294592,3.4302804129464284,4390912
0,164,B4_per_expert_raw,32,32,projection,4,8192,512,64,8768,6234688,3.3976353236607144,3145728
0,164,B4_per_expert_raw,32,32,projection,8,16384,512,64,16960,6242880,3.402099609375,3145728
0,164,B4_per_expert_raw,32,32,projection,16,32768,0,64,32832,6258752,3.4107491629464284,3145728
0,164,B4_per_expert_raw,32,32,activation_ls,4,8192,512,64,8768,6234688,3.3976353236607144,3145728
0,164,B4_per_expert_raw,32,32,activation_ls,8,16384,512,64,16960,6242880,3.402099609375,3145728
0,164,B4_per_expert_raw,32,32,activation_ls,16,32768,0,64,32832,6258752,3.4107491629464284,3145728
0,164,B4_per_expert_raw,64,64,projection,4,16384,1024,64,17472,6243392,3.402378627232143,6291456
0,164,B4_per_expert_raw,64,64,projection,8,32768,1024,64,33856,6259776,3.4113071986607144,6291456
0,164,B4_per_expert_raw,64,64,projection,16,65536,0,64,65600,6291520,3.4286063058035716,6291456
0,164,B4_per_expert_raw,64,64,activation_ls,4,16384,1024,64,17472,6243392,3.402378627232143,6291456
0,164,B4_per_expert_raw,64,64,activation_ls,8,32768,1024,64,33856,6259776,3.4113071986607144,6291456
0,164,B4_per_expert_raw,64,64,activation_ls,16,65536,0,64,65600,6291520,3.4286063058035716,6291456
0,164,B4_per_expert_raw,128,128,projection,4,32768,2048,64,34880,6260800,3.411865234375,12582912
0,164,B4_per_expert_raw,128,128,projection,8,65536,2048,64,67648,6293568,3.429722377232143,12582912
0,164,B4_per_expert_raw,128,128,projection,16,131072,0,64,131136,6357056,3.464320591517857,12582912
0,164,B4_per_expert_raw,128,128,activation_ls,4,32768,2048,64,34880,6260800,3.411865234375,12582912
0,164,B4_per_expert_raw,128,128,activation_ls,8,65536,2048,64,67648,6293568,3.429722377232143,12582912
0,164,B4_per_expert_raw,128,128,activation_ls,16,131072,0,64,131136,6357056,3.464320591517857,12582912
0,164,B4_per_expert_raw,256,256,projection,4,65536,4096,64,69696,6295616,3.4308384486607144,25165824
0,164,B4_per_expert_raw,256,256,projection,8,131072,4096,64,135232,6361152,3.466552734375,25165824
0,164,B4_per_expert_raw,256,256,projection,16,262144,0,64,262208,6488128,3.5357491629464284,25165824
0,164,B4_per_expert_raw,256,256,activation_ls,4,65536,4096,64,69696,6295616,3.4308384486607144,25165824
0,164,B4_per_expert_raw,256,256,activation_ls,8,131072,4096,64,135232,6361152,3.466552734375,25165824
0,164,B4_per_expert_raw,256,256,activation_ls,16,262144,0,64,262208,6488128,3.5357491629464284,25165824
0,164,B4_per_expert_raw,512,512,projection,4,131072,8192,64,139328,6365248,3.468784877232143,50331648
0,164,B4_per_expert_raw,512,512,projection,8,262144,8192,64,270400,6496320,3.5402134486607144,50331648
0,164,B4_per_expert_raw,512,512,projection,16,524288,0,64,524352,6750272,3.6786063058035716,50331648
0,164,B4_per_expert_raw,512,512,activation_ls,4,131072,8192,64,139328,6365248,3.468784877232143,50331648
0,164,B4_per_expert_raw,512,512,activation_ls,8,262144,8192,64,270400,6496320,3.5402134486607144,50331648
0,164,B4_per_expert_raw,512,512,activation_ls,16,524288,0,64,524352,6750272,3.6786063058035716,50331648
0,181,B0_raw_shared,32,32,projection,4,8192,512,64,8768,6234688,3.3976353236607144,262144
0,181,B0_raw_shared,32,32,projection,8,16384,512,64,16960,6242880,3.402099609375,262144
0,181,B0_raw_shared,32,32,projection,16,32768,0,64,32832,6258752,3.4107491629464284,262144
0,181,B0_raw_shared,32,32,activation_ls,4,8192,512,64,8768,6234688,3.3976353236607144,262144
0,181,B0_raw_shared,32,32,activation_ls,8,16384,512,64,16960,6242880,3.402099609375,262144
0,181,B0_raw_shared,32,32,activation_ls,16,32768,0,64,32832,6258752,3.4107491629464284,262144
0,181,B0_raw_shared,64,64,projection,4,16384,1024,64,17472,6243392,3.402378627232143,524288
0,181,B0_raw_shared,64,64,projection,8,32768,1024,64,33856,6259776,3.4113071986607144,524288
0,181,B0_raw_shared,64,64,projection,16,65536,0,64,65600,6291520,3.4286063058035716,524288
0,181,B0_raw_shared,64,64,activation_ls,4,16384,1024,64,17472,6243392,3.402378627232143,524288
0,181,B0_raw_shared,64,64,activation_ls,8,32768,1024,64,33856,6259776,3.4113071986607144,524288
0,181,B0_raw_shared,64,64,activation_ls,16,65536,0,64,65600,6291520,3.4286063058035716,524288
0,181,B0_raw_shared,128,128,projection,4,32768,2048,64,34880,6260800,3.411865234375,1048576
0,181,B0_raw_shared,128,128,projection,8,65536,2048,64,67648,6293568,3.429722377232143,1048576
0,181,B0_raw_shared,128,128,projection,16,131072,0,64,131136,6357056,3.464320591517857,1048576
0,181,B0_raw_shared,128,128,activation_ls,4,32768,2048,64,34880,6260800,3.411865234375,1048576
0,181,B0_raw_shared,128,128,activation_ls,8,65536,2048,64,67648,6293568,3.429722377232143,1048576
0,181,B0_raw_shared,128,128,activation_ls,16,131072,0,64,131136,6357056,3.464320591517857,1048576
0,181,B0_raw_shared,256,256,projection,4,65536,4096,64,69696,6295616,3.4308384486607144,2097152
0,181,B0_raw_shared,256,256,projection,8,131072,4096,64,135232,6361152,3.466552734375,2097152
0,181,B0_raw_shared,256,256,projection,16,262144,0,64,262208,6488128,3.5357491629464284,2097152
0,181,B0_raw_shared,256,256,activation_ls,4,65536,4096,64,69696,6295616,3.4308384486607144,2097152
0,181,B0_raw_shared,256,256,activation_ls,8,131072,4096,64,135232,6361152,3.466552734375,2097152
0,181,B0_raw_shared,256,256,activation_ls,16,262144,0,64,262208,6488128,3.5357491629464284,2097152
0,181,B0_raw_shared,512,512,projection,4,131072,8192,64,139328,6365248,3.468784877232143,4194304
0,181,B0_raw_shared,512,512,projection,8,262144,8192,64,270400,6496320,3.5402134486607144,4194304
0,181,B0_raw_shared,512,512,projection,16,524288,0,64,524352,6750272,3.6786063058035716,4194304
0,181,B0_raw_shared,512,512,activation_ls,4,131072,8192,64,139328,6365248,3.468784877232143,4194304
0,181,B0_raw_shared,512,512,activation_ls,8,262144,8192,64,270400,6496320,3.5402134486607144,4194304
0,181,B0_raw_shared,512,512,activation_ls,16,524288,0,64,524352,6750272,3.6786063058035716,4194304
0,181,B1_action_shared,32,32,projection,4,8192,512,64,8768,6234688,3.3976353236607144,262144
0,181,B1_action_shared,32,32,projection,8,16384,512,64,16960,6242880,3.402099609375,262144
0,181,B1_action_shared,32,32,projection,16,32768,0,64,32832,6258752,3.4107491629464284,262144
0,181,B1_action_shared,32,32,activation_ls,4,8192,512,64,8768,6234688,3.3976353236607144,262144
0,181,B1_action_shared,32,32,activation_ls,8,16384,512,64,16960,6242880,3.402099609375,262144
0,181,B1_action_shared,32,32,activation_ls,16,32768,0,64,32832,6258752,3.4107491629464284,262144
0,181,B1_action_shared,64,64,projection,4,16384,1024,64,17472,6243392,3.402378627232143,524288
0,181,B1_action_shared,64,64,projection,8,32768,1024,64,33856,6259776,3.4113071986607144,524288
0,181,B1_action_shared,64,64,projection,16,65536,0,64,65600,6291520,3.4286063058035716,524288
0,181,B1_action_shared,64,64,activation_ls,4,16384,1024,64,17472,6243392,3.402378627232143,524288
0,181,B1_action_shared,64,64,activation_ls,8,32768,1024,64,33856,6259776,3.4113071986607144,524288
0,181,B1_action_shared,64,64,activation_ls,16,65536,0,64,65600,6291520,3.4286063058035716,524288
0,181,B1_action_shared,128,128,projection,4,32768,2048,64,34880,6260800,3.411865234375,1048576
0,181,B1_action_shared,128,128,projection,8,65536,2048,64,67648,6293568,3.429722377232143,1048576
0,181,B1_action_shared,128,128,projection,16,131072,0,64,131136,6357056,3.464320591517857,1048576
0,181,B1_action_shared,128,128,activation_ls,4,32768,2048,64,34880,6260800,3.411865234375,1048576
0,181,B1_action_shared,128,128,activation_ls,8,65536,2048,64,67648,6293568,3.429722377232143,1048576
0,181,B1_action_shared,128,128,activation_ls,16,131072,0,64,131136,6357056,3.464320591517857,1048576
0,181,B1_action_shared,256,256,projection,4,65536,4096,64,69696,6295616,3.4308384486607144,2097152
0,181,B1_action_shared,256,256,projection,8,131072,4096,64,135232,6361152,3.466552734375,2097152
0,181,B1_action_shared,256,256,projection,16,262144,0,64,262208,6488128,3.5357491629464284,2097152
0,181,B1_action_shared,256,256,activation_ls,4,65536,4096,64,69696,6295616,3.4308384486607144,2097152
0,181,B1_action_shared,256,256,activation_ls,8,131072,4096,64,135232,6361152,3.466552734375,2097152
0,181,B1_action_shared,256,256,activation_ls,16,262144,0,64,262208,6488128,3.5357491629464284,2097152
0,181,B1_action_shared,512,391,projection,4,100096,6256,64,106416,6332336,3.4508492606026784,3203072
0,181,B1_action_shared,512,391,projection,8,200192,6256,64,206512,6432432,3.505397251674107,3203072
0,181,B1_action_shared,512,391,projection,16,400384,0,64,400448,6626368,3.611083984375,3203072
0,181,B1_action_shared,512,391,activation_ls,4,100096,6256,64,106416,6332336,3.4508492606026784,3203072
0,181,B1_action_shared,512,391,activation_ls,8,200192,6256,64,206512,6432432,3.505397251674107,3203072
0,181,B1_action_shared,512,391,activation_ls,16,400384,0,64,400448,6626368,3.611083984375,3203072
0,181,B2_proxy_shared,32,32,projection,4,8192,512,64,8768,6234688,3.3976353236607144,262144
0,181,B2_proxy_shared,32,32,projection,8,16384,512,64,16960,6242880,3.402099609375,262144
0,181,B2_proxy_shared,32,32,projection,16,32768,0,64,32832,6258752,3.4107491629464284,262144
0,181,B2_proxy_shared,32,32,activation_ls,4,8192,512,64,8768,6234688,3.3976353236607144,262144
0,181,B2_proxy_shared,32,32,activation_ls,8,16384,512,64,16960,6242880,3.402099609375,262144
0,181,B2_proxy_shared,32,32,activation_ls,16,32768,0,64,32832,6258752,3.4107491629464284,262144
0,181,B2_proxy_shared,64,64,projection,4,16384,1024,64,17472,6243392,3.402378627232143,524288
0,181,B2_proxy_shared,64,64,projection,8,32768,1024,64,33856,6259776,3.4113071986607144,524288
0,181,B2_proxy_shared,64,64,projection,16,65536,0,64,65600,6291520,3.4286063058035716,524288
0,181,B2_proxy_shared,64,64,activation_ls,4,16384,1024,64,17472,6243392,3.402378627232143,524288
0,181,B2_proxy_shared,64,64,activation_ls,8,32768,1024,64,33856,6259776,3.4113071986607144,524288
0,181,B2_proxy_shared,64,64,activation_ls,16,65536,0,64,65600,6291520,3.4286063058035716,524288
0,181,B2_proxy_shared,128,128,projection,4,32768,2048,64,34880,6260800,3.411865234375,1048576
0,181,B2_proxy_shared,128,128,projection,8,65536,2048,64,67648,6293568,3.429722377232143,1048576
0,181,B2_proxy_shared,128,128,projection,16,131072,0,64,131136,6357056,3.464320591517857,1048576
0,181,B2_proxy_shared,128,128,activation_ls,4,32768,2048,64,34880,6260800,3.411865234375,1048576
0,181,B2_proxy_shared,128,128,activation_ls,8,65536,2048,64,67648,6293568,3.429722377232143,1048576
0,181,B2_proxy_shared,128,128,activation_ls,16,131072,0,64,131136,6357056,3.464320591517857,1048576
0,181,B2_proxy_shared,256,256,projection,4,65536,4096,64,69696,6295616,3.4308384486607144,2097152
0,181,B2_proxy_shared,256,256,projection,8,131072,4096,64,135232,6361152,3.466552734375,2097152
0,181,B2_proxy_shared,256,256,projection,16,262144,0,64,262208,6488128,3.5357491629464284,2097152
0,181,B2_proxy_shared,256,256,activation_ls,4,65536,4096,64,69696,6295616,3.4308384486607144,2097152
0,181,B2_proxy_shared,256,256,activation_ls,8,131072,4096,64,135232,6361152,3.466552734375,2097152
0,181,B2_proxy_shared,256,256,activation_ls,16,262144,0,64,262208,6488128,3.5357491629464284,2097152
0,181,B2_proxy_shared,512,391,projection,4,100096,6256,64,106416,6332336,3.4508492606026784,3203072
0,181,B2_proxy_shared,512,391,projection,8,200192,6256,64,206512,6432432,3.505397251674107,3203072
0,181,B2_proxy_shared,512,391,projection,16,400384,0,64,400448,6626368,3.611083984375,3203072
0,181,B2_proxy_shared,512,391,activation_ls,4,100096,6256,64,106416,6332336,3.4508492606026784,3203072
0,181,B2_proxy_shared,512,391,activation_ls,8,200192,6256,64,206512,6432432,3.505397251674107,3203072
0,181,B2_proxy_shared,512,391,activation_ls,16,400384,0,64,400448,6626368,3.611083984375,3203072
0,181,B3_action_cluster_4,32,32,projection,4,8192,512,64,8768,6234688,3.3976353236607144,1048576
0,181,B3_action_cluster_4,32,32,projection,8,16384,512,64,16960,6242880,3.402099609375,1048576
0,181,B3_action_cluster_4,32,32,projection,16,32768,0,64,32832,6258752,3.4107491629464284,1048576
0,181,B3_action_cluster_4,32,32,activation_ls,4,8192,512,64,8768,6234688,3.3976353236607144,1048576
0,181,B3_action_cluster_4,32,32,activation_ls,8,16384,512,64,16960,6242880,3.402099609375,1048576
0,181,B3_action_cluster_4,32,32,activation_ls,16,32768,0,64,32832,6258752,3.4107491629464284,1048576
0,181,B3_action_cluster_4,64,64,projection,4,16384,1024,64,17472,6243392,3.402378627232143,2097152
0,181,B3_action_cluster_4,64,64,projection,8,32768,1024,64,33856,6259776,3.4113071986607144,2097152
0,181,B3_action_cluster_4,64,64,projection,16,65536,0,64,65600,6291520,3.4286063058035716,2097152
0,181,B3_action_cluster_4,64,64,activation_ls,4,16384,1024,64,17472,6243392,3.402378627232143,2097152
0,181,B3_action_cluster_4,64,64,activation_ls,8,32768,1024,64,33856,6259776,3.4113071986607144,2097152
0,181,B3_action_cluster_4,64,64,activation_ls,16,65536,0,64,65600,6291520,3.4286063058035716,2097152
0,181,B3_action_cluster_4,128,128,projection,4,32768,2048,64,34880,6260800,3.411865234375,4194304
0,181,B3_action_cluster_4,128,128,projection,8,65536,2048,64,67648,6293568,3.429722377232143,4194304
0,181,B3_action_cluster_4,128,128,projection,16,131072,0,64,131136,6357056,3.464320591517857,4194304
0,181,B3_action_cluster_4,128,128,activation_ls,4,32768,2048,64,34880,6260800,3.411865234375,4194304
0,181,B3_action_cluster_4,128,128,activation_ls,8,65536,2048,64,67648,6293568,3.429722377232143,4194304
0,181,B3_action_cluster_4,128,128,activation_ls,16,131072,0,64,131136,6357056,3.464320591517857,4194304
0,181,B3_action_cluster_4,256,240,projection,4,61440,3840,64,65344,6291264,3.428466796875,7864320
0,181,B3_action_cluster_4,256,240,projection,8,122880,3840,64,126784,6352704,3.461948939732143,7864320
0,181,B3_action_cluster_4,256,240,projection,16,245760,0,64,245824,6471744,3.526820591517857,7864320
0,181,B3_action_cluster_4,256,240,activation_ls,4,61440,3840,64,65344,6291264,3.428466796875,7864320
0,181,B3_action_cluster_4,256,240,activation_ls,8,122880,3840,64,126784,6352704,3.461948939732143,7864320
0,181,B3_action_cluster_4,256,240,activation_ls,16,245760,0,64,245824,6471744,3.526820591517857,7864320
0,181,B3_action_cluster_4,512,240,projection,4,61440,3840,64,65344,6291264,3.428466796875,7864320
0,181,B3_action_cluster_4,512,240,projection,8,122880,3840,64,126784,6352704,3.461948939732143,7864320
0,181,B3_action_cluster_4,512,240,projection,16,245760,0,64,245824,6471744,3.526820591517857,7864320
0,181,B3_action_cluster_4,512,240,activation_ls,4,61440,3840,64,65344,6291264,3.428466796875,7864320
0,181,B3_action_cluster_4,512,240,activation_ls,8,122880,3840,64,126784,6352704,3.461948939732143,7864320
0,181,B3_action_cluster_4,512,240,activation_ls,16,245760,0,64,245824,6471744,3.526820591517857,7864320
0,181,B3_action_cluster_8,32,32,projection,4,8192,512,64,8768,6234688,3.3976353236607144,2097152
0,181,B3_action_cluster_8,32,32,projection,8,16384,512,64,16960,6242880,3.402099609375,2097152
0,181,B3_action_cluster_8,32,32,projection,16,32768,0,64,32832,6258752,3.4107491629464284,2097152
0,181,B3_action_cluster_8,32,32,activation_ls,4,8192,512,64,8768,6234688,3.3976353236607144,2097152
0,181,B3_action_cluster_8,32,32,activation_ls,8,16384,512,64,16960,6242880,3.402099609375,2097152
0,181,B3_action_cluster_8,32,32,activation_ls,16,32768,0,64,32832,6258752,3.4107491629464284,2097152
0,181,B3_action_cluster_8,64,64,projection,4,16384,1024,64,17472,6243392,3.402378627232143,4194304
0,181,B3_action_cluster_8,64,64,projection,8,32768,1024,64,33856,6259776,3.4113071986607144,4194304
0,181,B3_action_cluster_8,64,64,projection,16,65536,0,64,65600,6291520,3.4286063058035716,4194304
0,181,B3_action_cluster_8,64,64,activation_ls,4,16384,1024,64,17472,6243392,3.402378627232143,4194304
0,181,B3_action_cluster_8,64,64,activation_ls,8,32768,1024,64,33856,6259776,3.4113071986607144,4194304
0,181,B3_action_cluster_8,64,64,activation_ls,16,65536,0,64,65600,6291520,3.4286063058035716,4194304
0,181,B3_action_cluster_8,128,81,projection,4,20736,1296,64,22096,6248016,3.4048985072544644,5308416
0,181,B3_action_cluster_8,128,81,projection,8,41472,1296,64,42832,6268752,3.41619873046875,5308416
0,181,B3_action_cluster_8,128,81,projection,16,82944,0,64,83008,6308928,3.4380929129464284,5308416
0,181,B3_action_cluster_8,128,81,activation_ls,4,20736,1296,64,22096,6248016,3.4048985072544644,5308416
0,181,B3_action_cluster_8,128,81,activation_ls,8,41472,1296,64,42832,6268752,3.41619873046875,5308416
0,181,B3_action_cluster_8,128,81,activation_ls,16,82944,0,64,83008,6308928,3.4380929129464284,5308416
0,181,B3_action_cluster_8,256,81,projection,4,20736,1296,64,22096,6248016,3.4048985072544644,5308416
0,181,B3_action_cluster_8,256,81,projection,8,41472,1296,64,42832,6268752,3.41619873046875,5308416
0,181,B3_action_cluster_8,256,81,projection,16,82944,0,64,83008,6308928,3.4380929129464284,5308416
0,181,B3_action_cluster_8,256,81,activation_ls,4,20736,1296,64,22096,6248016,3.4048985072544644,5308416
0,181,B3_action_cluster_8,256,81,activation_ls,8,41472,1296,64,42832,6268752,3.41619873046875,5308416
0,181,B3_action_cluster_8,256,81,activation_ls,16,82944,0,64,83008,6308928,3.4380929129464284,5308416
0,181,B3_action_cluster_8,512,81,projection,4,20736,1296,64,22096,6248016,3.4048985072544644,5308416
0,181,B3_action_cluster_8,512,81,projection,8,41472,1296,64,42832,6268752,3.41619873046875,5308416
0,181,B3_action_cluster_8,512,81,projection,16,82944,0,64,83008,6308928,3.4380929129464284,5308416
0,181,B3_action_cluster_8,512,81,activation_ls,4,20736,1296,64,22096,6248016,3.4048985072544644,5308416
0,181,B3_action_cluster_8,512,81,activation_ls,8,41472,1296,64,42832,6268752,3.41619873046875,5308416
0,181,B3_action_cluster_8,512,81,activation_ls,16,82944,0,64,83008,6308928,3.4380929129464284,5308416
0,181,B4_per_expert_raw,32,32,projection,4,8192,512,64,8768,6234688,3.3976353236607144,3145728
0,181,B4_per_expert_raw,32,32,projection,8,16384,512,64,16960,6242880,3.402099609375,3145728
0,181,B4_per_expert_raw,32,32,projection,16,32768,0,64,32832,6258752,3.4107491629464284,3145728
0,181,B4_per_expert_raw,32,32,activation_ls,4,8192,512,64,8768,6234688,3.3976353236607144,3145728
0,181,B4_per_expert_raw,32,32,activation_ls,8,16384,512,64,16960,6242880,3.402099609375,3145728
0,181,B4_per_expert_raw,32,32,activation_ls,16,32768,0,64,32832,6258752,3.4107491629464284,3145728
0,181,B4_per_expert_raw,64,64,projection,4,16384,1024,64,17472,6243392,3.402378627232143,6291456
0,181,B4_per_expert_raw,64,64,projection,8,32768,1024,64,33856,6259776,3.4113071986607144,6291456
0,181,B4_per_expert_raw,64,64,projection,16,65536,0,64,65600,6291520,3.4286063058035716,6291456
0,181,B4_per_expert_raw,64,64,activation_ls,4,16384,1024,64,17472,6243392,3.402378627232143,6291456
0,181,B4_per_expert_raw,64,64,activation_ls,8,32768,1024,64,33856,6259776,3.4113071986607144,6291456
0,181,B4_per_expert_raw,64,64,activation_ls,16,65536,0,64,65600,6291520,3.4286063058035716,6291456
0,181,B4_per_expert_raw,128,128,projection,4,32768,2048,64,34880,6260800,3.411865234375,12582912
0,181,B4_per_expert_raw,128,128,projection,8,65536,2048,64,67648,6293568,3.429722377232143,12582912
0,181,B4_per_expert_raw,128,128,projection,16,131072,0,64,131136,6357056,3.464320591517857,12582912
0,181,B4_per_expert_raw,128,128,activation_ls,4,32768,2048,64,34880,6260800,3.411865234375,12582912
0,181,B4_per_expert_raw,128,128,activation_ls,8,65536,2048,64,67648,6293568,3.429722377232143,12582912
0,181,B4_per_expert_raw,128,128,activation_ls,16,131072,0,64,131136,6357056,3.464320591517857,12582912
0,181,B4_per_expert_raw,256,256,projection,4,65536,4096,64,69696,6295616,3.4308384486607144,25165824
0,181,B4_per_expert_raw,256,256,projection,8,131072,4096,64,135232,6361152,3.466552734375,25165824
0,181,B4_per_expert_raw,256,256,projection,16,262144,0,64,262208,6488128,3.5357491629464284,25165824
0,181,B4_per_expert_raw,256,256,activation_ls,4,65536,4096,64,69696,6295616,3.4308384486607144,25165824
0,181,B4_per_expert_raw,256,256,activation_ls,8,131072,4096,64,135232,6361152,3.466552734375,25165824
0,181,B4_per_expert_raw,256,256,activation_ls,16,262144,0,64,262208,6488128,3.5357491629464284,25165824
0,181,B4_per_expert_raw,512,512,projection,4,131072,8192,64,139328,6365248,3.468784877232143,50331648
0,181,B4_per_expert_raw,512,512,projection,8,262144,8192,64,270400,6496320,3.5402134486607144,50331648
0,181,B4_per_expert_raw,512,512,projection,16,524288,0,64,524352,6750272,3.6786063058035716,50331648
0,181,B4_per_expert_raw,512,512,activation_ls,4,131072,8192,64,139328,6365248,3.468784877232143,50331648
0,181,B4_per_expert_raw,512,512,activation_ls,8,262144,8192,64,270400,6496320,3.5402134486607144,50331648
0,181,B4_per_expert_raw,512,512,activation_ls,16,524288,0,64,524352,6750272,3.6786063058035716,50331648
0,206,B0_raw_shared,32,32,projection,4,8192,512,64,8768,6234688,3.3976353236607144,262144
0,206,B0_raw_shared,32,32,projection,8,16384,512,64,16960,6242880,3.402099609375,262144
0,206,B0_raw_shared,32,32,projection,16,32768,0,64,32832,6258752,3.4107491629464284,262144
0,206,B0_raw_shared,32,32,activation_ls,4,8192,512,64,8768,6234688,3.3976353236607144,262144
0,206,B0_raw_shared,32,32,activation_ls,8,16384,512,64,16960,6242880,3.402099609375,262144
0,206,B0_raw_shared,32,32,activation_ls,16,32768,0,64,32832,6258752,3.4107491629464284,262144
0,206,B0_raw_shared,64,64,projection,4,16384,1024,64,17472,6243392,3.402378627232143,524288
0,206,B0_raw_shared,64,64,projection,8,32768,1024,64,33856,6259776,3.4113071986607144,524288
0,206,B0_raw_shared,64,64,projection,16,65536,0,64,65600,6291520,3.4286063058035716,524288
0,206,B0_raw_shared,64,64,activation_ls,4,16384,1024,64,17472,6243392,3.402378627232143,524288
0,206,B0_raw_shared,64,64,activation_ls,8,32768,1024,64,33856,6259776,3.4113071986607144,524288
0,206,B0_raw_shared,64,64,activation_ls,16,65536,0,64,65600,6291520,3.4286063058035716,524288
0,206,B0_raw_shared,128,128,projection,4,32768,2048,64,34880,6260800,3.411865234375,1048576
0,206,B0_raw_shared,128,128,projection,8,65536,2048,64,67648,6293568,3.429722377232143,1048576
0,206,B0_raw_shared,128,128,projection,16,131072,0,64,131136,6357056,3.464320591517857,1048576
0,206,B0_raw_shared,128,128,activation_ls,4,32768,2048,64,34880,6260800,3.411865234375,1048576
0,206,B0_raw_shared,128,128,activation_ls,8,65536,2048,64,67648,6293568,3.429722377232143,1048576
0,206,B0_raw_shared,128,128,activation_ls,16,131072,0,64,131136,6357056,3.464320591517857,1048576
0,206,B0_raw_shared,256,256,projection,4,65536,4096,64,69696,6295616,3.4308384486607144,2097152
0,206,B0_raw_shared,256,256,projection,8,131072,4096,64,135232,6361152,3.466552734375,2097152
0,206,B0_raw_shared,256,256,projection,16,262144,0,64,262208,6488128,3.5357491629464284,2097152
0,206,B0_raw_shared,256,256,activation_ls,4,65536,4096,64,69696,6295616,3.4308384486607144,2097152
0,206,B0_raw_shared,256,256,activation_ls,8,131072,4096,64,135232,6361152,3.466552734375,2097152
0,206,B0_raw_shared,256,256,activation_ls,16,262144,0,64,262208,6488128,3.5357491629464284,2097152
0,206,B0_raw_shared,512,512,projection,4,131072,8192,64,139328,6365248,3.468784877232143,4194304
0,206,B0_raw_shared,512,512,projection,8,262144,8192,64,270400,6496320,3.5402134486607144,4194304
0,206,B0_raw_shared,512,512,projection,16,524288,0,64,524352,6750272,3.6786063058035716,4194304
0,206,B0_raw_shared,512,512,activation_ls,4,131072,8192,64,139328,6365248,3.468784877232143,4194304
0,206,B0_raw_shared,512,512,activation_ls,8,262144,8192,64,270400,6496320,3.5402134486607144,4194304
0,206,B0_raw_shared,512,512,activation_ls,16,524288,0,64,524352,6750272,3.6786063058035716,4194304
0,206,B1_action_shared,32,32,projection,4,8192,512,64,8768,6234688,3.3976353236607144,262144
0,206,B1_action_shared,32,32,projection,8,16384,512,64,16960,6242880,3.402099609375,262144
0,206,B1_action_shared,32,32,projection,16,32768,0,64,32832,6258752,3.4107491629464284,262144
0,206,B1_action_shared,32,32,activation_ls,4,8192,512,64,8768,6234688,3.3976353236607144,262144
0,206,B1_action_shared,32,32,activation_ls,8,16384,512,64,16960,6242880,3.402099609375,262144
0,206,B1_action_shared,32,32,activation_ls,16,32768,0,64,32832,6258752,3.4107491629464284,262144
0,206,B1_action_shared,64,64,projection,4,16384,1024,64,17472,6243392,3.402378627232143,524288
0,206,B1_action_shared,64,64,projection,8,32768,1024,64,33856,6259776,3.4113071986607144,524288
0,206,B1_action_shared,64,64,projection,16,65536,0,64,65600,6291520,3.4286063058035716,524288
0,206,B1_action_shared,64,64,activation_ls,4,16384,1024,64,17472,6243392,3.402378627232143,524288
0,206,B1_action_shared,64,64,activation_ls,8,32768,1024,64,33856,6259776,3.4113071986607144,524288
0,206,B1_action_shared,64,64,activation_ls,16,65536,0,64,65600,6291520,3.4286063058035716,524288
0,206,B1_action_shared,128,128,projection,4,32768,2048,64,34880,6260800,3.411865234375,1048576
0,206,B1_action_shared,128,128,projection,8,65536,2048,64,67648,6293568,3.429722377232143,1048576
0,206,B1_action_shared,128,128,projection,16,131072,0,64,131136,6357056,3.464320591517857,1048576
0,206,B1_action_shared,128,128,activation_ls,4,32768,2048,64,34880,6260800,3.411865234375,1048576
0,206,B1_action_shared,128,128,activation_ls,8,65536,2048,64,67648,6293568,3.429722377232143,1048576
0,206,B1_action_shared,128,128,activation_ls,16,131072,0,64,131136,6357056,3.464320591517857,1048576
0,206,B1_action_shared,256,256,projection,4,65536,4096,64,69696,6295616,3.4308384486607144,2097152
0,206,B1_action_shared,256,256,projection,8,131072,4096,64,135232,6361152,3.466552734375,2097152
0,206,B1_action_shared,256,256,projection,16,262144,0,64,262208,6488128,3.5357491629464284,2097152
0,206,B1_action_shared,256,256,activation_ls,4,65536,4096,64,69696,6295616,3.4308384486607144,2097152
0,206,B1_action_shared,256,256,activation_ls,8,131072,4096,64,135232,6361152,3.466552734375,2097152
0,206,B1_action_shared,256,256,activation_ls,16,262144,0,64,262208,6488128,3.5357491629464284,2097152
0,206,B1_action_shared,512,391,projection,4,100096,6256,64,106416,6332336,3.4508492606026784,3203072
0,206,B1_action_shared,512,391,projection,8,200192,6256,64,206512,6432432,3.505397251674107,3203072
0,206,B1_action_shared,512,391,projection,16,400384,0,64,400448,6626368,3.611083984375,3203072
0,206,B1_action_shared,512,391,activation_ls,4,100096,6256,64,106416,6332336,3.4508492606026784,3203072
0,206,B1_action_shared,512,391,activation_ls,8,200192,6256,64,206512,6432432,3.505397251674107,3203072
0,206,B1_action_shared,512,391,activation_ls,16,400384,0,64,400448,6626368,3.611083984375,3203072
0,206,B2_proxy_shared,32,32,projection,4,8192,512,64,8768,6234688,3.3976353236607144,262144
0,206,B2_proxy_shared,32,32,projection,8,16384,512,64,16960,6242880,3.402099609375,262144
0,206,B2_proxy_shared,32,32,projection,16,32768,0,64,32832,6258752,3.4107491629464284,262144
0,206,B2_proxy_shared,32,32,activation_ls,4,8192,512,64,8768,6234688,3.3976353236607144,262144
0,206,B2_proxy_shared,32,32,activation_ls,8,16384,512,64,16960,6242880,3.402099609375,262144
0,206,B2_proxy_shared,32,32,activation_ls,16,32768,0,64,32832,6258752,3.4107491629464284,262144
0,206,B2_proxy_shared,64,64,projection,4,16384,1024,64,17472,6243392,3.402378627232143,524288
0,206,B2_proxy_shared,64,64,projection,8,32768,1024,64,33856,6259776,3.4113071986607144,524288
0,206,B2_proxy_shared,64,64,projection,16,65536,0,64,65600,6291520,3.4286063058035716,524288
0,206,B2_proxy_shared,64,64,activation_ls,4,16384,1024,64,17472,6243392,3.402378627232143,524288
0,206,B2_proxy_shared,64,64,activation_ls,8,32768,1024,64,33856,6259776,3.4113071986607144,524288
0,206,B2_proxy_shared,64,64,activation_ls,16,65536,0,64,65600,6291520,3.4286063058035716,524288
0,206,B2_proxy_shared,128,128,projection,4,32768,2048,64,34880,6260800,3.411865234375,1048576
0,206,B2_proxy_shared,128,128,projection,8,65536,2048,64,67648,6293568,3.429722377232143,1048576
0,206,B2_proxy_shared,128,128,projection,16,131072,0,64,131136,6357056,3.464320591517857,1048576
0,206,B2_proxy_shared,128,128,activation_ls,4,32768,2048,64,34880,6260800,3.411865234375,1048576
0,206,B2_proxy_shared,128,128,activation_ls,8,65536,2048,64,67648,6293568,3.429722377232143,1048576
0,206,B2_proxy_shared,128,128,activation_ls,16,131072,0,64,131136,6357056,3.464320591517857,1048576
0,206,B2_proxy_shared,256,256,projection,4,65536,4096,64,69696,6295616,3.4308384486607144,2097152
0,206,B2_proxy_shared,256,256,projection,8,131072,4096,64,135232,6361152,3.466552734375,2097152
0,206,B2_proxy_shared,256,256,projection,16,262144,0,64,262208,6488128,3.5357491629464284,2097152
0,206,B2_proxy_shared,256,256,activation_ls,4,65536,4096,64,69696,6295616,3.4308384486607144,2097152
0,206,B2_proxy_shared,256,256,activation_ls,8,131072,4096,64,135232,6361152,3.466552734375,2097152
0,206,B2_proxy_shared,256,256,activation_ls,16,262144,0,64,262208,6488128,3.5357491629464284,2097152
0,206,B2_proxy_shared,512,391,projection,4,100096,6256,64,106416,6332336,3.4508492606026784,3203072
0,206,B2_proxy_shared,512,391,projection,8,200192,6256,64,206512,6432432,3.505397251674107,3203072
0,206,B2_proxy_shared,512,391,projection,16,400384,0,64,400448,6626368,3.611083984375,3203072
0,206,B2_proxy_shared,512,391,activation_ls,4,100096,6256,64,106416,6332336,3.4508492606026784,3203072
0,206,B2_proxy_shared,512,391,activation_ls,8,200192,6256,64,206512,6432432,3.505397251674107,3203072
0,206,B2_proxy_shared,512,391,activation_ls,16,400384,0,64,400448,6626368,3.611083984375,3203072
0,206,B3_action_cluster_4,32,32,projection,4,8192,512,64,8768,6234688,3.3976353236607144,1048576
0,206,B3_action_cluster_4,32,32,projection,8,16384,512,64,16960,6242880,3.402099609375,1048576
0,206,B3_action_cluster_4,32,32,projection,16,32768,0,64,32832,6258752,3.4107491629464284,1048576
0,206,B3_action_cluster_4,32,32,activation_ls,4,8192,512,64,8768,6234688,3.3976353236607144,1048576
0,206,B3_action_cluster_4,32,32,activation_ls,8,16384,512,64,16960,6242880,3.402099609375,1048576
0,206,B3_action_cluster_4,32,32,activation_ls,16,32768,0,64,32832,6258752,3.4107491629464284,1048576
0,206,B3_action_cluster_4,64,64,projection,4,16384,1024,64,17472,6243392,3.402378627232143,2097152
0,206,B3_action_cluster_4,64,64,projection,8,32768,1024,64,33856,6259776,3.4113071986607144,2097152
0,206,B3_action_cluster_4,64,64,projection,16,65536,0,64,65600,6291520,3.4286063058035716,2097152
0,206,B3_action_cluster_4,64,64,activation_ls,4,16384,1024,64,17472,6243392,3.402378627232143,2097152
0,206,B3_action_cluster_4,64,64,activation_ls,8,32768,1024,64,33856,6259776,3.4113071986607144,2097152
0,206,B3_action_cluster_4,64,64,activation_ls,16,65536,0,64,65600,6291520,3.4286063058035716,2097152
0,206,B3_action_cluster_4,128,128,projection,4,32768,2048,64,34880,6260800,3.411865234375,4194304
0,206,B3_action_cluster_4,128,128,projection,8,65536,2048,64,67648,6293568,3.429722377232143,4194304
0,206,B3_action_cluster_4,128,128,projection,16,131072,0,64,131136,6357056,3.464320591517857,4194304
0,206,B3_action_cluster_4,128,128,activation_ls,4,32768,2048,64,34880,6260800,3.411865234375,4194304
0,206,B3_action_cluster_4,128,128,activation_ls,8,65536,2048,64,67648,6293568,3.429722377232143,4194304
0,206,B3_action_cluster_4,128,128,activation_ls,16,131072,0,64,131136,6357056,3.464320591517857,4194304
0,206,B3_action_cluster_4,256,240,projection,4,61440,3840,64,65344,6291264,3.428466796875,7864320
0,206,B3_action_cluster_4,256,240,projection,8,122880,3840,64,126784,6352704,3.461948939732143,7864320
0,206,B3_action_cluster_4,256,240,projection,16,245760,0,64,245824,6471744,3.526820591517857,7864320
0,206,B3_action_cluster_4,256,240,activation_ls,4,61440,3840,64,65344,6291264,3.428466796875,7864320
0,206,B3_action_cluster_4,256,240,activation_ls,8,122880,3840,64,126784,6352704,3.461948939732143,7864320
0,206,B3_action_cluster_4,256,240,activation_ls,16,245760,0,64,245824,6471744,3.526820591517857,7864320
0,206,B3_action_cluster_4,512,240,projection,4,61440,3840,64,65344,6291264,3.428466796875,7864320
0,206,B3_action_cluster_4,512,240,projection,8,122880,3840,64,126784,6352704,3.461948939732143,7864320
0,206,B3_action_cluster_4,512,240,projection,16,245760,0,64,245824,6471744,3.526820591517857,7864320
0,206,B3_action_cluster_4,512,240,activation_ls,4,61440,3840,64,65344,6291264,3.428466796875,7864320
0,206,B3_action_cluster_4,512,240,activation_ls,8,122880,3840,64,126784,6352704,3.461948939732143,7864320
0,206,B3_action_cluster_4,512,240,activation_ls,16,245760,0,64,245824,6471744,3.526820591517857,7864320
0,206,B3_action_cluster_8,32,32,projection,4,8192,512,64,8768,6234688,3.3976353236607144,2097152
0,206,B3_action_cluster_8,32,32,projection,8,16384,512,64,16960,6242880,3.402099609375,2097152
0,206,B3_action_cluster_8,32,32,projection,16,32768,0,64,32832,6258752,3.4107491629464284,2097152
0,206,B3_action_cluster_8,32,32,activation_ls,4,8192,512,64,8768,6234688,3.3976353236607144,2097152
0,206,B3_action_cluster_8,32,32,activation_ls,8,16384,512,64,16960,6242880,3.402099609375,2097152
0,206,B3_action_cluster_8,32,32,activation_ls,16,32768,0,64,32832,6258752,3.4107491629464284,2097152
0,206,B3_action_cluster_8,64,64,projection,4,16384,1024,64,17472,6243392,3.402378627232143,4194304
0,206,B3_action_cluster_8,64,64,projection,8,32768,1024,64,33856,6259776,3.4113071986607144,4194304
0,206,B3_action_cluster_8,64,64,projection,16,65536,0,64,65600,6291520,3.4286063058035716,4194304
0,206,B3_action_cluster_8,64,64,activation_ls,4,16384,1024,64,17472,6243392,3.402378627232143,4194304
0,206,B3_action_cluster_8,64,64,activation_ls,8,32768,1024,64,33856,6259776,3.4113071986607144,4194304
0,206,B3_action_cluster_8,64,64,activation_ls,16,65536,0,64,65600,6291520,3.4286063058035716,4194304
0,206,B3_action_cluster_8,128,67,projection,4,17152,1072,64,18288,6244208,3.4028233119419644,4390912
0,206,B3_action_cluster_8,128,67,projection,8,34304,1072,64,35440,6261360,3.41217041015625,4390912
0,206,B3_action_cluster_8,128,67,projection,16,68608,0,64,68672,6294592,3.4302804129464284,4390912
0,206,B3_action_cluster_8,128,67,activation_ls,4,17152,1072,64,18288,6244208,3.4028233119419644,4390912
0,206,B3_action_cluster_8,128,67,activation_ls,8,34304,1072,64,35440,6261360,3.41217041015625,4390912
0,206,B3_action_cluster_8,128,67,activation_ls,16,68608,0,64,68672,6294592,3.4302804129464284,4390912
0,206,B3_action_cluster_8,256,67,projection,4,17152,1072,64,18288,6244208,3.4028233119419644,4390912
0,206,B3_action_cluster_8,256,67,projection,8,34304,1072,64,35440,6261360,3.41217041015625,4390912
0,206,B3_action_cluster_8,256,67,projection,16,68608,0,64,68672,6294592,3.4302804129464284,4390912
0,206,B3_action_cluster_8,256,67,activation_ls,4,17152,1072,64,18288,6244208,3.4028233119419644,4390912
0,206,B3_action_cluster_8,256,67,activation_ls,8,34304,1072,64,35440,6261360,3.41217041015625,4390912
0,206,B3_action_cluster_8,256,67,activation_ls,16,68608,0,64,68672,6294592,3.4302804129464284,4390912
0,206,B3_action_cluster_8,512,67,projection,4,17152,1072,64,18288,6244208,3.4028233119419644,4390912
0,206,B3_action_cluster_8,512,67,projection,8,34304,1072,64,35440,6261360,3.41217041015625,4390912
0,206,B3_action_cluster_8,512,67,projection,16,68608,0,64,68672,6294592,3.4302804129464284,4390912
0,206,B3_action_cluster_8,512,67,activation_ls,4,17152,1072,64,18288,6244208,3.4028233119419644,4390912
0,206,B3_action_cluster_8,512,67,activation_ls,8,34304,1072,64,35440,6261360,3.41217041015625,4390912
0,206,B3_action_cluster_8,512,67,activation_ls,16,68608,0,64,68672,6294592,3.4302804129464284,4390912
0,206,B4_per_expert_raw,32,32,projection,4,8192,512,64,8768,6234688,3.3976353236607144,3145728
0,206,B4_per_expert_raw,32,32,projection,8,16384,512,64,16960,6242880,3.402099609375,3145728
0,206,B4_per_expert_raw,32,32,projection,16,32768,0,64,32832,6258752,3.4107491629464284,3145728
0,206,B4_per_expert_raw,32,32,activation_ls,4,8192,512,64,8768,6234688,3.3976353236607144,3145728
0,206,B4_per_expert_raw,32,32,activation_ls,8,16384,512,64,16960,6242880,3.402099609375,3145728
0,206,B4_per_expert_raw,32,32,activation_ls,16,32768,0,64,32832,6258752,3.4107491629464284,3145728
0,206,B4_per_expert_raw,64,64,projection,4,16384,1024,64,17472,6243392,3.402378627232143,6291456
0,206,B4_per_expert_raw,64,64,projection,8,32768,1024,64,33856,6259776,3.4113071986607144,6291456
0,206,B4_per_expert_raw,64,64,projection,16,65536,0,64,65600,6291520,3.4286063058035716,6291456
0,206,B4_per_expert_raw,64,64,activation_ls,4,16384,1024,64,17472,6243392,3.402378627232143,6291456
0,206,B4_per_expert_raw,64,64,activation_ls,8,32768,1024,64,33856,6259776,3.4113071986607144,6291456
0,206,B4_per_expert_raw,64,64,activation_ls,16,65536,0,64,65600,6291520,3.4286063058035716,6291456
0,206,B4_per_expert_raw,128,128,projection,4,32768,2048,64,34880,6260800,3.411865234375,12582912
0,206,B4_per_expert_raw,128,128,projection,8,65536,2048,64,67648,6293568,3.429722377232143,12582912
0,206,B4_per_expert_raw,128,128,projection,16,131072,0,64,131136,6357056,3.464320591517857,12582912
0,206,B4_per_expert_raw,128,128,activation_ls,4,32768,2048,64,34880,6260800,3.411865234375,12582912
0,206,B4_per_expert_raw,128,128,activation_ls,8,65536,2048,64,67648,6293568,3.429722377232143,12582912
0,206,B4_per_expert_raw,128,128,activation_ls,16,131072,0,64,131136,6357056,3.464320591517857,12582912
0,206,B4_per_expert_raw,256,256,projection,4,65536,4096,64,69696,6295616,3.4308384486607144,25165824
0,206,B4_per_expert_raw,256,256,projection,8,131072,4096,64,135232,6361152,3.466552734375,25165824
0,206,B4_per_expert_raw,256,256,projection,16,262144,0,64,262208,6488128,3.5357491629464284,25165824
0,206,B4_per_expert_raw,256,256,activation_ls,4,65536,4096,64,69696,6295616,3.4308384486607144,25165824
0,206,B4_per_expert_raw,256,256,activation_ls,8,131072,4096,64,135232,6361152,3.466552734375,25165824
0,206,B4_per_expert_raw,256,256,activation_ls,16,262144,0,64,262208,6488128,3.5357491629464284,25165824
0,206,B4_per_expert_raw,512,512,projection,4,131072,8192,64,139328,6365248,3.468784877232143,50331648
0,206,B4_per_expert_raw,512,512,projection,8,262144,8192,64,270400,6496320,3.5402134486607144,50331648
0,206,B4_per_expert_raw,512,512,projection,16,524288,0,64,524352,6750272,3.6786063058035716,50331648
0,206,B4_per_expert_raw,512,512,activation_ls,4,131072,8192,64,139328,6365248,3.468784877232143,50331648
0,206,B4_per_expert_raw,512,512,activation_ls,8,262144,8192,64,270400,6496320,3.5402134486607144,50331648
0,206,B4_per_expert_raw,512,512,activation_ls,16,524288,0,64,524352,6750272,3.6786063058035716,50331648
0,238,B0_raw_shared,32,32,projection,4,8192,512,64,8768,6234688,3.3976353236607144,262144
0,238,B0_raw_shared,32,32,projection,8,16384,512,64,16960,6242880,3.402099609375,262144
0,238,B0_raw_shared,32,32,projection,16,32768,0,64,32832,6258752,3.4107491629464284,262144
0,238,B0_raw_shared,32,32,activation_ls,4,8192,512,64,8768,6234688,3.3976353236607144,262144
0,238,B0_raw_shared,32,32,activation_ls,8,16384,512,64,16960,6242880,3.402099609375,262144
0,238,B0_raw_shared,32,32,activation_ls,16,32768,0,64,32832,6258752,3.4107491629464284,262144
0,238,B0_raw_shared,64,64,projection,4,16384,1024,64,17472,6243392,3.402378627232143,524288
0,238,B0_raw_shared,64,64,projection,8,32768,1024,64,33856,6259776,3.4113071986607144,524288
0,238,B0_raw_shared,64,64,projection,16,65536,0,64,65600,6291520,3.4286063058035716,524288
0,238,B0_raw_shared,64,64,activation_ls,4,16384,1024,64,17472,6243392,3.402378627232143,524288
0,238,B0_raw_shared,64,64,activation_ls,8,32768,1024,64,33856,6259776,3.4113071986607144,524288
0,238,B0_raw_shared,64,64,activation_ls,16,65536,0,64,65600,6291520,3.4286063058035716,524288
0,238,B0_raw_shared,128,128,projection,4,32768,2048,64,34880,6260800,3.411865234375,1048576
0,238,B0_raw_shared,128,128,projection,8,65536,2048,64,67648,6293568,3.429722377232143,1048576
0,238,B0_raw_shared,128,128,projection,16,131072,0,64,131136,6357056,3.464320591517857,1048576
0,238,B0_raw_shared,128,128,activation_ls,4,32768,2048,64,34880,6260800,3.411865234375,1048576
0,238,B0_raw_shared,128,128,activation_ls,8,65536,2048,64,67648,6293568,3.429722377232143,1048576
0,238,B0_raw_shared,128,128,activation_ls,16,131072,0,64,131136,6357056,3.464320591517857,1048576
0,238,B0_raw_shared,256,256,projection,4,65536,4096,64,69696,6295616,3.4308384486607144,2097152
0,238,B0_raw_shared,256,256,projection,8,131072,4096,64,135232,6361152,3.466552734375,2097152
0,238,B0_raw_shared,256,256,projection,16,262144,0,64,262208,6488128,3.5357491629464284,2097152
0,238,B0_raw_shared,256,256,activation_ls,4,65536,4096,64,69696,6295616,3.4308384486607144,2097152
0,238,B0_raw_shared,256,256,activation_ls,8,131072,4096,64,135232,6361152,3.466552734375,2097152
0,238,B0_raw_shared,256,256,activation_ls,16,262144,0,64,262208,6488128,3.5357491629464284,2097152
0,238,B0_raw_shared,512,512,projection,4,131072,8192,64,139328,6365248,3.468784877232143,4194304
0,238,B0_raw_shared,512,512,projection,8,262144,8192,64,270400,6496320,3.5402134486607144,4194304
0,238,B0_raw_shared,512,512,projection,16,524288,0,64,524352,6750272,3.6786063058035716,4194304
0,238,B0_raw_shared,512,512,activation_ls,4,131072,8192,64,139328,6365248,3.468784877232143,4194304
0,238,B0_raw_shared,512,512,activation_ls,8,262144,8192,64,270400,6496320,3.5402134486607144,4194304
0,238,B0_raw_shared,512,512,activation_ls,16,524288,0,64,524352,6750272,3.6786063058035716,4194304
0,238,B1_action_shared,32,32,projection,4,8192,512,64,8768,6234688,3.3976353236607144,262144
0,238,B1_action_shared,32,32,projection,8,16384,512,64,16960,6242880,3.402099609375,262144
0,238,B1_action_shared,32,32,projection,16,32768,0,64,32832,6258752,3.4107491629464284,262144
0,238,B1_action_shared,32,32,activation_ls,4,8192,512,64,8768,6234688,3.3976353236607144,262144
0,238,B1_action_shared,32,32,activation_ls,8,16384,512,64,16960,6242880,3.402099609375,262144
0,238,B1_action_shared,32,32,activation_ls,16,32768,0,64,32832,6258752,3.4107491629464284,262144
0,238,B1_action_shared,64,64,projection,4,16384,1024,64,17472,6243392,3.402378627232143,524288
0,238,B1_action_shared,64,64,projection,8,32768,1024,64,33856,6259776,3.4113071986607144,524288
0,238,B1_action_shared,64,64,projection,16,65536,0,64,65600,6291520,3.4286063058035716,524288
0,238,B1_action_shared,64,64,activation_ls,4,16384,1024,64,17472,6243392,3.402378627232143,524288
0,238,B1_action_shared,64,64,activation_ls,8,32768,1024,64,33856,6259776,3.4113071986607144,524288
0,238,B1_action_shared,64,64,activation_ls,16,65536,0,64,65600,6291520,3.4286063058035716,524288
0,238,B1_action_shared,128,128,projection,4,32768,2048,64,34880,6260800,3.411865234375,1048576
0,238,B1_action_shared,128,128,projection,8,65536,2048,64,67648,6293568,3.429722377232143,1048576
0,238,B1_action_shared,128,128,projection,16,131072,0,64,131136,6357056,3.464320591517857,1048576
0,238,B1_action_shared,128,128,activation_ls,4,32768,2048,64,34880,6260800,3.411865234375,1048576
0,238,B1_action_shared,128,128,activation_ls,8,65536,2048,64,67648,6293568,3.429722377232143,1048576
0,238,B1_action_shared,128,128,activation_ls,16,131072,0,64,131136,6357056,3.464320591517857,1048576
0,238,B1_action_shared,256,256,projection,4,65536,4096,64,69696,6295616,3.4308384486607144,2097152
0,238,B1_action_shared,256,256,projection,8,131072,4096,64,135232,6361152,3.466552734375,2097152
0,238,B1_action_shared,256,256,projection,16,262144,0,64,262208,6488128,3.5357491629464284,2097152
0,238,B1_action_shared,256,256,activation_ls,4,65536,4096,64,69696,6295616,3.4308384486607144,2097152
0,238,B1_action_shared,256,256,activation_ls,8,131072,4096,64,135232,6361152,3.466552734375,2097152
0,238,B1_action_shared,256,256,activation_ls,16,262144,0,64,262208,6488128,3.5357491629464284,2097152
0,238,B1_action_shared,512,391,projection,4,100096,6256,64,106416,6332336,3.4508492606026784,3203072
0,238,B1_action_shared,512,391,projection,8,200192,6256,64,206512,6432432,3.505397251674107,3203072
0,238,B1_action_shared,512,391,projection,16,400384,0,64,400448,6626368,3.611083984375,3203072
0,238,B1_action_shared,512,391,activation_ls,4,100096,6256,64,106416,6332336,3.4508492606026784,3203072
0,238,B1_action_shared,512,391,activation_ls,8,200192,6256,64,206512,6432432,3.505397251674107,3203072
0,238,B1_action_shared,512,391,activation_ls,16,400384,0,64,400448,6626368,3.611083984375,3203072
0,238,B2_proxy_shared,32,32,projection,4,8192,512,64,8768,6234688,3.3976353236607144,262144
0,238,B2_proxy_shared,32,32,projection,8,16384,512,64,16960,6242880,3.402099609375,262144
0,238,B2_proxy_shared,32,32,projection,16,32768,0,64,32832,6258752,3.4107491629464284,262144
0,238,B2_proxy_shared,32,32,activation_ls,4,8192,512,64,8768,6234688,3.3976353236607144,262144
0,238,B2_proxy_shared,32,32,activation_ls,8,16384,512,64,16960,6242880,3.402099609375,262144
0,238,B2_proxy_shared,32,32,activation_ls,16,32768,0,64,32832,6258752,3.4107491629464284,262144
0,238,B2_proxy_shared,64,64,projection,4,16384,1024,64,17472,6243392,3.402378627232143,524288
0,238,B2_proxy_shared,64,64,projection,8,32768,1024,64,33856,6259776,3.4113071986607144,524288
0,238,B2_proxy_shared,64,64,projection,16,65536,0,64,65600,6291520,3.4286063058035716,524288
0,238,B2_proxy_shared,64,64,activation_ls,4,16384,1024,64,17472,6243392,3.402378627232143,524288
0,238,B2_proxy_shared,64,64,activation_ls,8,32768,1024,64,33856,6259776,3.4113071986607144,524288
0,238,B2_proxy_shared,64,64,activation_ls,16,65536,0,64,65600,6291520,3.4286063058035716,524288
0,238,B2_proxy_shared,128,128,projection,4,32768,2048,64,34880,6260800,3.411865234375,1048576
0,238,B2_proxy_shared,128,128,projection,8,65536,2048,64,67648,6293568,3.429722377232143,1048576
0,238,B2_proxy_shared,128,128,projection,16,131072,0,64,131136,6357056,3.464320591517857,1048576
0,238,B2_proxy_shared,128,128,activation_ls,4,32768,2048,64,34880,6260800,3.411865234375,1048576
0,238,B2_proxy_shared,128,128,activation_ls,8,65536,2048,64,67648,6293568,3.429722377232143,1048576
0,238,B2_proxy_shared,128,128,activation_ls,16,131072,0,64,131136,6357056,3.464320591517857,1048576
0,238,B2_proxy_shared,256,256,projection,4,65536,4096,64,69696,6295616,3.4308384486607144,2097152
0,238,B2_proxy_shared,256,256,projection,8,131072,4096,64,135232,6361152,3.466552734375,2097152
0,238,B2_proxy_shared,256,256,projection,16,262144,0,64,262208,6488128,3.5357491629464284,2097152
0,238,B2_proxy_shared,256,256,activation_ls,4,65536,4096,64,69696,6295616,3.4308384486607144,2097152
0,238,B2_proxy_shared,256,256,activation_ls,8,131072,4096,64,135232,6361152,3.466552734375,2097152
0,238,B2_proxy_shared,256,256,activation_ls,16,262144,0,64,262208,6488128,3.5357491629464284,2097152
0,238,B2_proxy_shared,512,391,projection,4,100096,6256,64,106416,6332336,3.4508492606026784,3203072
0,238,B2_proxy_shared,512,391,projection,8,200192,6256,64,206512,6432432,3.505397251674107,3203072
0,238,B2_proxy_shared,512,391,projection,16,400384,0,64,400448,6626368,3.611083984375,3203072
0,238,B2_proxy_shared,512,391,activation_ls,4,100096,6256,64,106416,6332336,3.4508492606026784,3203072
0,238,B2_proxy_shared,512,391,activation_ls,8,200192,6256,64,206512,6432432,3.505397251674107,3203072
0,238,B2_proxy_shared,512,391,activation_ls,16,400384,0,64,400448,6626368,3.611083984375,3203072
0,238,B3_action_cluster_4,32,32,projection,4,8192,512,64,8768,6234688,3.3976353236607144,1048576
0,238,B3_action_cluster_4,32,32,projection,8,16384,512,64,16960,6242880,3.402099609375,1048576
0,238,B3_action_cluster_4,32,32,projection,16,32768,0,64,32832,6258752,3.4107491629464284,1048576
0,238,B3_action_cluster_4,32,32,activation_ls,4,8192,512,64,8768,6234688,3.3976353236607144,1048576
0,238,B3_action_cluster_4,32,32,activation_ls,8,16384,512,64,16960,6242880,3.402099609375,1048576
0,238,B3_action_cluster_4,32,32,activation_ls,16,32768,0,64,32832,6258752,3.4107491629464284,1048576
0,238,B3_action_cluster_4,64,64,projection,4,16384,1024,64,17472,6243392,3.402378627232143,2097152
0,238,B3_action_cluster_4,64,64,projection,8,32768,1024,64,33856,6259776,3.4113071986607144,2097152
0,238,B3_action_cluster_4,64,64,projection,16,65536,0,64,65600,6291520,3.4286063058035716,2097152
0,238,B3_action_cluster_4,64,64,activation_ls,4,16384,1024,64,17472,6243392,3.402378627232143,2097152
0,238,B3_action_cluster_4,64,64,activation_ls,8,32768,1024,64,33856,6259776,3.4113071986607144,2097152
0,238,B3_action_cluster_4,64,64,activation_ls,16,65536,0,64,65600,6291520,3.4286063058035716,2097152
0,238,B3_action_cluster_4,128,122,projection,4,31232,1952,64,33248,6259168,3.410975864955357,3997696
0,238,B3_action_cluster_4,128,122,projection,8,62464,1952,64,64480,6290400,3.4279959542410716,3997696
0,238,B3_action_cluster_4,128,122,projection,16,124928,0,64,124992,6350912,3.460972377232143,3997696
0,238,B3_action_cluster_4,128,122,activation_ls,4,31232,1952,64,33248,6259168,3.410975864955357,3997696
0,238,B3_action_cluster_4,128,122,activation_ls,8,62464,1952,64,64480,6290400,3.4279959542410716,3997696
0,238,B3_action_cluster_4,128,122,activation_ls,16,124928,0,64,124992,6350912,3.460972377232143,3997696
0,238,B3_action_cluster_4,256,122,projection,4,31232,1952,64,33248,6259168,3.410975864955357,3997696
0,238,B3_action_cluster_4,256,122,projection,8,62464,1952,64,64480,6290400,3.4279959542410716,3997696
0,238,B3_action_cluster_4,256,122,projection,16,124928,0,64,124992,6350912,3.460972377232143,3997696
0,238,B3_action_cluster_4,256,122,activation_ls,4,31232,1952,64,33248,6259168,3.410975864955357,3997696
0,238,B3_action_cluster_4,256,122,activation_ls,8,62464,1952,64,64480,6290400,3.4279959542410716,3997696
0,238,B3_action_cluster_4,256,122,activation_ls,16,124928,0,64,124992,6350912,3.460972377232143,3997696
0,238,B3_action_cluster_4,512,122,projection,4,31232,1952,64,33248,6259168,3.410975864955357,3997696
0,238,B3_action_cluster_4,512,122,projection,8,62464,1952,64,64480,6290400,3.4279959542410716,3997696
0,238,B3_action_cluster_4,512,122,projection,16,124928,0,64,124992,6350912,3.460972377232143,3997696
0,238,B3_action_cluster_4,512,122,activation_ls,4,31232,1952,64,33248,6259168,3.410975864955357,3997696
0,238,B3_action_cluster_4,512,122,activation_ls,8,62464,1952,64,64480,6290400,3.4279959542410716,3997696
0,238,B3_action_cluster_4,512,122,activation_ls,16,124928,0,64,124992,6350912,3.460972377232143,3997696
0,238,B3_action_cluster_8,32,32,projection,4,8192,512,64,8768,6234688,3.3976353236607144,2097152
0,238,B3_action_cluster_8,32,32,projection,8,16384,512,64,16960,6242880,3.402099609375,2097152
0,238,B3_action_cluster_8,32,32,projection,16,32768,0,64,32832,6258752,3.4107491629464284,2097152
0,238,B3_action_cluster_8,32,32,activation_ls,4,8192,512,64,8768,6234688,3.3976353236607144,2097152
0,238,B3_action_cluster_8,32,32,activation_ls,8,16384,512,64,16960,6242880,3.402099609375,2097152
0,238,B3_action_cluster_8,32,32,activation_ls,16,32768,0,64,32832,6258752,3.4107491629464284,2097152
0,238,B3_action_cluster_8,64,64,projection,4,16384,1024,64,17472,6243392,3.402378627232143,4194304
0,238,B3_action_cluster_8,64,64,projection,8,32768,1024,64,33856,6259776,3.4113071986607144,4194304
0,238,B3_action_cluster_8,64,64,projection,16,65536,0,64,65600,6291520,3.4286063058035716,4194304
0,238,B3_action_cluster_8,64,64,activation_ls,4,16384,1024,64,17472,6243392,3.402378627232143,4194304
0,238,B3_action_cluster_8,64,64,activation_ls,8,32768,1024,64,33856,6259776,3.4113071986607144,4194304
0,238,B3_action_cluster_8,64,64,activation_ls,16,65536,0,64,65600,6291520,3.4286063058035716,4194304
0,238,B3_action_cluster_8,128,74,projection,4,18944,1184,64,20192,6246112,3.4038609095982144,4849664
0,238,B3_action_cluster_8,128,74,projection,8,37888,1184,64,39136,6265056,3.4141845703125,4849664
0,238,B3_action_cluster_8,128,74,projection,16,75776,0,64,75840,6301760,3.4341866629464284,4849664
0,238,B3_action_cluster_8,128,74,activation_ls,4,18944,1184,64,20192,6246112,3.4038609095982144,4849664
0,238,B3_action_cluster_8,128,74,activation_ls,8,37888,1184,64,39136,6265056,3.4141845703125,4849664
0,238,B3_action_cluster_8,128,74,activation_ls,16,75776,0,64,75840,6301760,3.4341866629464284,4849664
0,238,B3_action_cluster_8,256,74,projection,4,18944,1184,64,20192,6246112,3.4038609095982144,4849664
0,238,B3_action_cluster_8,256,74,projection,8,37888,1184,64,39136,6265056,3.4141845703125,4849664
0,238,B3_action_cluster_8,256,74,projection,16,75776,0,64,75840,6301760,3.4341866629464284,4849664
0,238,B3_action_cluster_8,256,74,activation_ls,4,18944,1184,64,20192,6246112,3.4038609095982144,4849664
0,238,B3_action_cluster_8,256,74,activation_ls,8,37888,1184,64,39136,6265056,3.4141845703125,4849664
0,238,B3_action_cluster_8,256,74,activation_ls,16,75776,0,64,75840,6301760,3.4341866629464284,4849664
0,238,B3_action_cluster_8,512,74,projection,4,18944,1184,64,20192,6246112,3.4038609095982144,4849664
0,238,B3_action_cluster_8,512,74,projection,8,37888,1184,64,39136,6265056,3.4141845703125,4849664
0,238,B3_action_cluster_8,512,74,projection,16,75776,0,64,75840,6301760,3.4341866629464284,4849664
0,238,B3_action_cluster_8,512,74,activation_ls,4,18944,1184,64,20192,6246112,3.4038609095982144,4849664
0,238,B3_action_cluster_8,512,74,activation_ls,8,37888,1184,64,39136,6265056,3.4141845703125,4849664
0,238,B3_action_cluster_8,512,74,activation_ls,16,75776,0,64,75840,6301760,3.4341866629464284,4849664
0,238,B4_per_expert_raw,32,32,projection,4,8192,512,64,8768,6234688,3.3976353236607144,3145728
0,238,B4_per_expert_raw,32,32,projection,8,16384,512,64,16960,6242880,3.402099609375,3145728
0,238,B4_per_expert_raw,32,32,projection,16,32768,0,64,32832,6258752,3.4107491629464284,3145728
0,238,B4_per_expert_raw,32,32,activation_ls,4,8192,512,64,8768,6234688,3.3976353236607144,3145728
0,238,B4_per_expert_raw,32,32,activation_ls,8,16384,512,64,16960,6242880,3.402099609375,3145728
0,238,B4_per_expert_raw,32,32,activation_ls,16,32768,0,64,32832,6258752,3.4107491629464284,3145728
0,238,B4_per_expert_raw,64,64,projection,4,16384,1024,64,17472,6243392,3.402378627232143,6291456
0,238,B4_per_expert_raw,64,64,projection,8,32768,1024,64,33856,6259776,3.4113071986607144,6291456
0,238,B4_per_expert_raw,64,64,projection,16,65536,0,64,65600,6291520,3.4286063058035716,6291456
0,238,B4_per_expert_raw,64,64,activation_ls,4,16384,1024,64,17472,6243392,3.402378627232143,6291456
0,238,B4_per_expert_raw,64,64,activation_ls,8,32768,1024,64,33856,6259776,3.4113071986607144,6291456
0,238,B4_per_expert_raw,64,64,activation_ls,16,65536,0,64,65600,6291520,3.4286063058035716,6291456
0,238,B4_per_expert_raw,128,128,projection,4,32768,2048,64,34880,6260800,3.411865234375,12582912
0,238,B4_per_expert_raw,128,128,projection,8,65536,2048,64,67648,6293568,3.429722377232143,12582912
0,238,B4_per_expert_raw,128,128,projection,16,131072,0,64,131136,6357056,3.464320591517857,12582912
0,238,B4_per_expert_raw,128,128,activation_ls,4,32768,2048,64,34880,6260800,3.411865234375,12582912
0,238,B4_per_expert_raw,128,128,activation_ls,8,65536,2048,64,67648,6293568,3.429722377232143,12582912
0,238,B4_per_expert_raw,128,128,activation_ls,16,131072,0,64,131136,6357056,3.464320591517857,12582912
0,238,B4_per_expert_raw,256,256,projection,4,65536,4096,64,69696,6295616,3.4308384486607144,25165824
0,238,B4_per_expert_raw,256,256,projection,8,131072,4096,64,135232,6361152,3.466552734375,25165824
0,238,B4_per_expert_raw,256,256,projection,16,262144,0,64,262208,6488128,3.5357491629464284,25165824
0,238,B4_per_expert_raw,256,256,activation_ls,4,65536,4096,64,69696,6295616,3.4308384486607144,25165824
0,238,B4_per_expert_raw,256,256,activation_ls,8,131072,4096,64,135232,6361152,3.466552734375,25165824
0,238,B4_per_expert_raw,256,256,activation_ls,16,262144,0,64,262208,6488128,3.5357491629464284,25165824
0,238,B4_per_expert_raw,512,512,projection,4,131072,8192,64,139328,6365248,3.468784877232143,50331648
0,238,B4_per_expert_raw,512,512,projection,8,262144,8192,64,270400,6496320,3.5402134486607144,50331648
0,238,B4_per_expert_raw,512,512,projection,16,524288,0,64,524352,6750272,3.6786063058035716,50331648
0,238,B4_per_expert_raw,512,512,activation_ls,4,131072,8192,64,139328,6365248,3.468784877232143,50331648
0,238,B4_per_expert_raw,512,512,activation_ls,8,262144,8192,64,270400,6496320,3.5402134486607144,50331648
0,238,B4_per_expert_raw,512,512,activation_ls,16,524288,0,64,524352,6750272,3.6786063058035716,50331648
0,248,B0_raw_shared,32,32,projection,4,8192,512,64,8768,6234688,3.3976353236607144,262144
0,248,B0_raw_shared,32,32,projection,8,16384,512,64,16960,6242880,3.402099609375,262144
0,248,B0_raw_shared,32,32,projection,16,32768,0,64,32832,6258752,3.4107491629464284,262144
0,248,B0_raw_shared,32,32,activation_ls,4,8192,512,64,8768,6234688,3.3976353236607144,262144
0,248,B0_raw_shared,32,32,activation_ls,8,16384,512,64,16960,6242880,3.402099609375,262144
0,248,B0_raw_shared,32,32,activation_ls,16,32768,0,64,32832,6258752,3.4107491629464284,262144
0,248,B0_raw_shared,64,64,projection,4,16384,1024,64,17472,6243392,3.402378627232143,524288
0,248,B0_raw_shared,64,64,projection,8,32768,1024,64,33856,6259776,3.4113071986607144,524288
0,248,B0_raw_shared,64,64,projection,16,65536,0,64,65600,6291520,3.4286063058035716,524288
0,248,B0_raw_shared,64,64,activation_ls,4,16384,1024,64,17472,6243392,3.402378627232143,524288
0,248,B0_raw_shared,64,64,activation_ls,8,32768,1024,64,33856,6259776,3.4113071986607144,524288
0,248,B0_raw_shared,64,64,activation_ls,16,65536,0,64,65600,6291520,3.4286063058035716,524288
0,248,B0_raw_shared,128,128,projection,4,32768,2048,64,34880,6260800,3.411865234375,1048576
0,248,B0_raw_shared,128,128,projection,8,65536,2048,64,67648,6293568,3.429722377232143,1048576
0,248,B0_raw_shared,128,128,projection,16,131072,0,64,131136,6357056,3.464320591517857,1048576
0,248,B0_raw_shared,128,128,activation_ls,4,32768,2048,64,34880,6260800,3.411865234375,1048576
0,248,B0_raw_shared,128,128,activation_ls,8,65536,2048,64,67648,6293568,3.429722377232143,1048576
0,248,B0_raw_shared,128,128,activation_ls,16,131072,0,64,131136,6357056,3.464320591517857,1048576
0,248,B0_raw_shared,256,256,projection,4,65536,4096,64,69696,6295616,3.4308384486607144,2097152
0,248,B0_raw_shared,256,256,projection,8,131072,4096,64,135232,6361152,3.466552734375,2097152
0,248,B0_raw_shared,256,256,projection,16,262144,0,64,262208,6488128,3.5357491629464284,2097152
0,248,B0_raw_shared,256,256,activation_ls,4,65536,4096,64,69696,6295616,3.4308384486607144,2097152
0,248,B0_raw_shared,256,256,activation_ls,8,131072,4096,64,135232,6361152,3.466552734375,2097152
0,248,B0_raw_shared,256,256,activation_ls,16,262144,0,64,262208,6488128,3.5357491629464284,2097152
0,248,B0_raw_shared,512,512,projection,4,131072,8192,64,139328,6365248,3.468784877232143,4194304
0,248,B0_raw_shared,512,512,projection,8,262144,8192,64,270400,6496320,3.5402134486607144,4194304
0,248,B0_raw_shared,512,512,projection,16,524288,0,64,524352,6750272,3.6786063058035716,4194304
0,248,B0_raw_shared,512,512,activation_ls,4,131072,8192,64,139328,6365248,3.468784877232143,4194304
0,248,B0_raw_shared,512,512,activation_ls,8,262144,8192,64,270400,6496320,3.5402134486607144,4194304
0,248,B0_raw_shared,512,512,activation_ls,16,524288,0,64,524352,6750272,3.6786063058035716,4194304
0,248,B1_action_shared,32,32,projection,4,8192,512,64,8768,6234688,3.3976353236607144,262144
0,248,B1_action_shared,32,32,projection,8,16384,512,64,16960,6242880,3.402099609375,262144
0,248,B1_action_shared,32,32,projection,16,32768,0,64,32832,6258752,3.4107491629464284,262144
0,248,B1_action_shared,32,32,activation_ls,4,8192,512,64,8768,6234688,3.3976353236607144,262144
0,248,B1_action_shared,32,32,activation_ls,8,16384,512,64,16960,6242880,3.402099609375,262144
0,248,B1_action_shared,32,32,activation_ls,16,32768,0,64,32832,6258752,3.4107491629464284,262144
0,248,B1_action_shared,64,64,projection,4,16384,1024,64,17472,6243392,3.402378627232143,524288
0,248,B1_action_shared,64,64,projection,8,32768,1024,64,33856,6259776,3.4113071986607144,524288
0,248,B1_action_shared,64,64,projection,16,65536,0,64,65600,6291520,3.4286063058035716,524288
0,248,B1_action_shared,64,64,activation_ls,4,16384,1024,64,17472,6243392,3.402378627232143,524288
0,248,B1_action_shared,64,64,activation_ls,8,32768,1024,64,33856,6259776,3.4113071986607144,524288
0,248,B1_action_shared,64,64,activation_ls,16,65536,0,64,65600,6291520,3.4286063058035716,524288
0,248,B1_action_shared,128,128,projection,4,32768,2048,64,34880,6260800,3.411865234375,1048576
0,248,B1_action_shared,128,128,projection,8,65536,2048,64,67648,6293568,3.429722377232143,1048576
0,248,B1_action_shared,128,128,projection,16,131072,0,64,131136,6357056,3.464320591517857,1048576
0,248,B1_action_shared,128,128,activation_ls,4,32768,2048,64,34880,6260800,3.411865234375,1048576
0,248,B1_action_shared,128,128,activation_ls,8,65536,2048,64,67648,6293568,3.429722377232143,1048576
0,248,B1_action_shared,128,128,activation_ls,16,131072,0,64,131136,6357056,3.464320591517857,1048576
0,248,B1_action_shared,256,256,projection,4,65536,4096,64,69696,6295616,3.4308384486607144,2097152
0,248,B1_action_shared,256,256,projection,8,131072,4096,64,135232,6361152,3.466552734375,2097152
0,248,B1_action_shared,256,256,projection,16,262144,0,64,262208,6488128,3.5357491629464284,2097152
0,248,B1_action_shared,256,256,activation_ls,4,65536,4096,64,69696,6295616,3.4308384486607144,2097152
0,248,B1_action_shared,256,256,activation_ls,8,131072,4096,64,135232,6361152,3.466552734375,2097152
0,248,B1_action_shared,256,256,activation_ls,16,262144,0,64,262208,6488128,3.5357491629464284,2097152
0,248,B1_action_shared,512,391,projection,4,100096,6256,64,106416,6332336,3.4508492606026784,3203072
0,248,B1_action_shared,512,391,projection,8,200192,6256,64,206512,6432432,3.505397251674107,3203072
0,248,B1_action_shared,512,391,projection,16,400384,0,64,400448,6626368,3.611083984375,3203072
0,248,B1_action_shared,512,391,activation_ls,4,100096,6256,64,106416,6332336,3.4508492606026784,3203072
0,248,B1_action_shared,512,391,activation_ls,8,200192,6256,64,206512,6432432,3.505397251674107,3203072
0,248,B1_action_shared,512,391,activation_ls,16,400384,0,64,400448,6626368,3.611083984375,3203072
0,248,B2_proxy_shared,32,32,projection,4,8192,512,64,8768,6234688,3.3976353236607144,262144
0,248,B2_proxy_shared,32,32,projection,8,16384,512,64,16960,6242880,3.402099609375,262144
0,248,B2_proxy_shared,32,32,projection,16,32768,0,64,32832,6258752,3.4107491629464284,262144
0,248,B2_proxy_shared,32,32,activation_ls,4,8192,512,64,8768,6234688,3.3976353236607144,262144
0,248,B2_proxy_shared,32,32,activation_ls,8,16384,512,64,16960,6242880,3.402099609375,262144
0,248,B2_proxy_shared,32,32,activation_ls,16,32768,0,64,32832,6258752,3.4107491629464284,262144
0,248,B2_proxy_shared,64,64,projection,4,16384,1024,64,17472,6243392,3.402378627232143,524288
0,248,B2_proxy_shared,64,64,projection,8,32768,1024,64,33856,6259776,3.4113071986607144,524288
0,248,B2_proxy_shared,64,64,projection,16,65536,0,64,65600,6291520,3.4286063058035716,524288
0,248,B2_proxy_shared,64,64,activation_ls,4,16384,1024,64,17472,6243392,3.402378627232143,524288
0,248,B2_proxy_shared,64,64,activation_ls,8,32768,1024,64,33856,6259776,3.4113071986607144,524288
0,248,B2_proxy_shared,64,64,activation_ls,16,65536,0,64,65600,6291520,3.4286063058035716,524288
0,248,B2_proxy_shared,128,128,projection,4,32768,2048,64,34880,6260800,3.411865234375,1048576
0,248,B2_proxy_shared,128,128,projection,8,65536,2048,64,67648,6293568,3.429722377232143,1048576
0,248,B2_proxy_shared,128,128,projection,16,131072,0,64,131136,6357056,3.464320591517857,1048576
0,248,B2_proxy_shared,128,128,activation_ls,4,32768,2048,64,34880,6260800,3.411865234375,1048576
0,248,B2_proxy_shared,128,128,activation_ls,8,65536,2048,64,67648,6293568,3.429722377232143,1048576
0,248,B2_proxy_shared,128,128,activation_ls,16,131072,0,64,131136,6357056,3.464320591517857,1048576
0,248,B2_proxy_shared,256,256,projection,4,65536,4096,64,69696,6295616,3.4308384486607144,2097152
0,248,B2_proxy_shared,256,256,projection,8,131072,4096,64,135232,6361152,3.466552734375,2097152
0,248,B2_proxy_shared,256,256,projection,16,262144,0,64,262208,6488128,3.5357491629464284,2097152
0,248,B2_proxy_shared,256,256,activation_ls,4,65536,4096,64,69696,6295616,3.4308384486607144,2097152
0,248,B2_proxy_shared,256,256,activation_ls,8,131072,4096,64,135232,6361152,3.466552734375,2097152
0,248,B2_proxy_shared,256,256,activation_ls,16,262144,0,64,262208,6488128,3.5357491629464284,2097152
0,248,B2_proxy_shared,512,391,projection,4,100096,6256,64,106416,6332336,3.4508492606026784,3203072
0,248,B2_proxy_shared,512,391,projection,8,200192,6256,64,206512,6432432,3.505397251674107,3203072
0,248,B2_proxy_shared,512,391,projection,16,400384,0,64,400448,6626368,3.611083984375,3203072
0,248,B2_proxy_shared,512,391,activation_ls,4,100096,6256,64,106416,6332336,3.4508492606026784,3203072
0,248,B2_proxy_shared,512,391,activation_ls,8,200192,6256,64,206512,6432432,3.505397251674107,3203072
0,248,B2_proxy_shared,512,391,activation_ls,16,400384,0,64,400448,6626368,3.611083984375,3203072
0,248,B3_action_cluster_4,32,32,projection,4,8192,512,64,8768,6234688,3.3976353236607144,1048576
0,248,B3_action_cluster_4,32,32,projection,8,16384,512,64,16960,6242880,3.402099609375,1048576
0,248,B3_action_cluster_4,32,32,projection,16,32768,0,64,32832,6258752,3.4107491629464284,1048576
0,248,B3_action_cluster_4,32,32,activation_ls,4,8192,512,64,8768,6234688,3.3976353236607144,1048576
0,248,B3_action_cluster_4,32,32,activation_ls,8,16384,512,64,16960,6242880,3.402099609375,1048576
0,248,B3_action_cluster_4,32,32,activation_ls,16,32768,0,64,32832,6258752,3.4107491629464284,1048576
0,248,B3_action_cluster_4,64,64,projection,4,16384,1024,64,17472,6243392,3.402378627232143,2097152
0,248,B3_action_cluster_4,64,64,projection,8,32768,1024,64,33856,6259776,3.4113071986607144,2097152
0,248,B3_action_cluster_4,64,64,projection,16,65536,0,64,65600,6291520,3.4286063058035716,2097152
0,248,B3_action_cluster_4,64,64,activation_ls,4,16384,1024,64,17472,6243392,3.402378627232143,2097152
0,248,B3_action_cluster_4,64,64,activation_ls,8,32768,1024,64,33856,6259776,3.4113071986607144,2097152
0,248,B3_action_cluster_4,64,64,activation_ls,16,65536,0,64,65600,6291520,3.4286063058035716,2097152
0,248,B3_action_cluster_4,128,128,projection,4,32768,2048,64,34880,6260800,3.411865234375,4194304
0,248,B3_action_cluster_4,128,128,projection,8,65536,2048,64,67648,6293568,3.429722377232143,4194304
0,248,B3_action_cluster_4,128,128,projection,16,131072,0,64,131136,6357056,3.464320591517857,4194304
0,248,B3_action_cluster_4,128,128,activation_ls,4,32768,2048,64,34880,6260800,3.411865234375,4194304
0,248,B3_action_cluster_4,128,128,activation_ls,8,65536,2048,64,67648,6293568,3.429722377232143,4194304
0,248,B3_action_cluster_4,128,128,activation_ls,16,131072,0,64,131136,6357056,3.464320591517857,4194304
0,248,B3_action_cluster_4,256,240,projection,4,61440,3840,64,65344,6291264,3.428466796875,7864320
0,248,B3_action_cluster_4,256,240,projection,8,122880,3840,64,126784,6352704,3.461948939732143,7864320
0,248,B3_action_cluster_4,256,240,projection,16,245760,0,64,245824,6471744,3.526820591517857,7864320
0,248,B3_action_cluster_4,256,240,activation_ls,4,61440,3840,64,65344,6291264,3.428466796875,7864320
0,248,B3_action_cluster_4,256,240,activation_ls,8,122880,3840,64,126784,6352704,3.461948939732143,7864320
0,248,B3_action_cluster_4,256,240,activation_ls,16,245760,0,64,245824,6471744,3.526820591517857,7864320
0,248,B3_action_cluster_4,512,240,projection,4,61440,3840,64,65344,6291264,3.428466796875,7864320
0,248,B3_action_cluster_4,512,240,projection,8,122880,3840,64,126784,6352704,3.461948939732143,7864320
0,248,B3_action_cluster_4,512,240,projection,16,245760,0,64,245824,6471744,3.526820591517857,7864320
0,248,B3_action_cluster_4,512,240,activation_ls,4,61440,3840,64,65344,6291264,3.428466796875,7864320
0,248,B3_action_cluster_4,512,240,activation_ls,8,122880,3840,64,126784,6352704,3.461948939732143,7864320
0,248,B3_action_cluster_4,512,240,activation_ls,16,245760,0,64,245824,6471744,3.526820591517857,7864320
0,248,B3_action_cluster_8,32,32,projection,4,8192,512,64,8768,6234688,3.3976353236607144,2097152
0,248,B3_action_cluster_8,32,32,projection,8,16384,512,64,16960,6242880,3.402099609375,2097152
0,248,B3_action_cluster_8,32,32,projection,16,32768,0,64,32832,6258752,3.4107491629464284,2097152
0,248,B3_action_cluster_8,32,32,activation_ls,4,8192,512,64,8768,6234688,3.3976353236607144,2097152
0,248,B3_action_cluster_8,32,32,activation_ls,8,16384,512,64,16960,6242880,3.402099609375,2097152
0,248,B3_action_cluster_8,32,32,activation_ls,16,32768,0,64,32832,6258752,3.4107491629464284,2097152
0,248,B3_action_cluster_8,64,64,projection,4,16384,1024,64,17472,6243392,3.402378627232143,4194304
0,248,B3_action_cluster_8,64,64,projection,8,32768,1024,64,33856,6259776,3.4113071986607144,4194304
0,248,B3_action_cluster_8,64,64,projection,16,65536,0,64,65600,6291520,3.4286063058035716,4194304
0,248,B3_action_cluster_8,64,64,activation_ls,4,16384,1024,64,17472,6243392,3.402378627232143,4194304
0,248,B3_action_cluster_8,64,64,activation_ls,8,32768,1024,64,33856,6259776,3.4113071986607144,4194304
0,248,B3_action_cluster_8,64,64,activation_ls,16,65536,0,64,65600,6291520,3.4286063058035716,4194304
0,248,B3_action_cluster_8,128,81,projection,4,20736,1296,64,22096,6248016,3.4048985072544644,5308416
0,248,B3_action_cluster_8,128,81,projection,8,41472,1296,64,42832,6268752,3.41619873046875,5308416
0,248,B3_action_cluster_8,128,81,projection,16,82944,0,64,83008,6308928,3.4380929129464284,5308416
0,248,B3_action_cluster_8,128,81,activation_ls,4,20736,1296,64,22096,6248016,3.4048985072544644,5308416
0,248,B3_action_cluster_8,128,81,activation_ls,8,41472,1296,64,42832,6268752,3.41619873046875,5308416
0,248,B3_action_cluster_8,128,81,activation_ls,16,82944,0,64,83008,6308928,3.4380929129464284,5308416
0,248,B3_action_cluster_8,256,81,projection,4,20736,1296,64,22096,6248016,3.4048985072544644,5308416
0,248,B3_action_cluster_8,256,81,projection,8,41472,1296,64,42832,6268752,3.41619873046875,5308416
0,248,B3_action_cluster_8,256,81,projection,16,82944,0,64,83008,6308928,3.4380929129464284,5308416
0,248,B3_action_cluster_8,256,81,activation_ls,4,20736,1296,64,22096,6248016,3.4048985072544644,5308416
0,248,B3_action_cluster_8,256,81,activation_ls,8,41472,1296,64,42832,6268752,3.41619873046875,5308416
0,248,B3_action_cluster_8,256,81,activation_ls,16,82944,0,64,83008,6308928,3.4380929129464284,5308416
0,248,B3_action_cluster_8,512,81,projection,4,20736,1296,64,22096,6248016,3.4048985072544644,5308416
0,248,B3_action_cluster_8,512,81,projection,8,41472,1296,64,42832,6268752,3.41619873046875,5308416
0,248,B3_action_cluster_8,512,81,projection,16,82944,0,64,83008,6308928,3.4380929129464284,5308416
0,248,B3_action_cluster_8,512,81,activation_ls,4,20736,1296,64,22096,6248016,3.4048985072544644,5308416
0,248,B3_action_cluster_8,512,81,activation_ls,8,41472,1296,64,42832,6268752,3.41619873046875,5308416
0,248,B3_action_cluster_8,512,81,activation_ls,16,82944,0,64,83008,6308928,3.4380929129464284,5308416
0,248,B4_per_expert_raw,32,32,projection,4,8192,512,64,8768,6234688,3.3976353236607144,3145728
0,248,B4_per_expert_raw,32,32,projection,8,16384,512,64,16960,6242880,3.402099609375,3145728
0,248,B4_per_expert_raw,32,32,projection,16,32768,0,64,32832,6258752,3.4107491629464284,3145728
0,248,B4_per_expert_raw,32,32,activation_ls,4,8192,512,64,8768,6234688,3.3976353236607144,3145728
0,248,B4_per_expert_raw,32,32,activation_ls,8,16384,512,64,16960,6242880,3.402099609375,3145728
0,248,B4_per_expert_raw,32,32,activation_ls,16,32768,0,64,32832,6258752,3.4107491629464284,3145728
0,248,B4_per_expert_raw,64,64,projection,4,16384,1024,64,17472,6243392,3.402378627232143,6291456
0,248,B4_per_expert_raw,64,64,projection,8,32768,1024,64,33856,6259776,3.4113071986607144,6291456
0,248,B4_per_expert_raw,64,64,projection,16,65536,0,64,65600,6291520,3.4286063058035716,6291456
0,248,B4_per_expert_raw,64,64,activation_ls,4,16384,1024,64,17472,6243392,3.402378627232143,6291456
0,248,B4_per_expert_raw,64,64,activation_ls,8,32768,1024,64,33856,6259776,3.4113071986607144,6291456
0,248,B4_per_expert_raw,64,64,activation_ls,16,65536,0,64,65600,6291520,3.4286063058035716,6291456
0,248,B4_per_expert_raw,128,128,projection,4,32768,2048,64,34880,6260800,3.411865234375,12582912
0,248,B4_per_expert_raw,128,128,projection,8,65536,2048,64,67648,6293568,3.429722377232143,12582912
0,248,B4_per_expert_raw,128,128,projection,16,131072,0,64,131136,6357056,3.464320591517857,12582912
0,248,B4_per_expert_raw,128,128,activation_ls,4,32768,2048,64,34880,6260800,3.411865234375,12582912
0,248,B4_per_expert_raw,128,128,activation_ls,8,65536,2048,64,67648,6293568,3.429722377232143,12582912
0,248,B4_per_expert_raw,128,128,activation_ls,16,131072,0,64,131136,6357056,3.464320591517857,12582912
0,248,B4_per_expert_raw,256,256,projection,4,65536,4096,64,69696,6295616,3.4308384486607144,25165824
0,248,B4_per_expert_raw,256,256,projection,8,131072,4096,64,135232,6361152,3.466552734375,25165824
0,248,B4_per_expert_raw,256,256,projection,16,262144,0,64,262208,6488128,3.5357491629464284,25165824
0,248,B4_per_expert_raw,256,256,activation_ls,4,65536,4096,64,69696,6295616,3.4308384486607144,25165824
0,248,B4_per_expert_raw,256,256,activation_ls,8,131072,4096,64,135232,6361152,3.466552734375,25165824
0,248,B4_per_expert_raw,256,256,activation_ls,16,262144,0,64,262208,6488128,3.5357491629464284,25165824
0,248,B4_per_expert_raw,512,512,projection,4,131072,8192,64,139328,6365248,3.468784877232143,50331648
0,248,B4_per_expert_raw,512,512,projection,8,262144,8192,64,270400,6496320,3.5402134486607144,50331648
0,248,B4_per_expert_raw,512,512,projection,16,524288,0,64,524352,6750272,3.6786063058035716,50331648
0,248,B4_per_expert_raw,512,512,activation_ls,4,131072,8192,64,139328,6365248,3.468784877232143,50331648
0,248,B4_per_expert_raw,512,512,activation_ls,8,262144,8192,64,270400,6496320,3.5402134486607144,50331648
0,248,B4_per_expert_raw,512,512,activation_ls,16,524288,0,64,524352,6750272,3.6786063058035716,50331648
0,252,B0_raw_shared,32,32,projection,4,8192,512,64,8768,6234688,3.3976353236607144,262144
0,252,B0_raw_shared,32,32,projection,8,16384,512,64,16960,6242880,3.402099609375,262144
0,252,B0_raw_shared,32,32,projection,16,32768,0,64,32832,6258752,3.4107491629464284,262144
0,252,B0_raw_shared,32,32,activation_ls,4,8192,512,64,8768,6234688,3.3976353236607144,262144
0,252,B0_raw_shared,32,32,activation_ls,8,16384,512,64,16960,6242880,3.402099609375,262144
0,252,B0_raw_shared,32,32,activation_ls,16,32768,0,64,32832,6258752,3.4107491629464284,262144
0,252,B0_raw_shared,64,64,projection,4,16384,1024,64,17472,6243392,3.402378627232143,524288
0,252,B0_raw_shared,64,64,projection,8,32768,1024,64,33856,6259776,3.4113071986607144,524288
0,252,B0_raw_shared,64,64,projection,16,65536,0,64,65600,6291520,3.4286063058035716,524288
0,252,B0_raw_shared,64,64,activation_ls,4,16384,1024,64,17472,6243392,3.402378627232143,524288
0,252,B0_raw_shared,64,64,activation_ls,8,32768,1024,64,33856,6259776,3.4113071986607144,524288
0,252,B0_raw_shared,64,64,activation_ls,16,65536,0,64,65600,6291520,3.4286063058035716,524288
0,252,B0_raw_shared,128,128,projection,4,32768,2048,64,34880,6260800,3.411865234375,1048576
0,252,B0_raw_shared,128,128,projection,8,65536,2048,64,67648,6293568,3.429722377232143,1048576
0,252,B0_raw_shared,128,128,projection,16,131072,0,64,131136,6357056,3.464320591517857,1048576
0,252,B0_raw_shared,128,128,activation_ls,4,32768,2048,64,34880,6260800,3.411865234375,1048576
0,252,B0_raw_shared,128,128,activation_ls,8,65536,2048,64,67648,6293568,3.429722377232143,1048576
0,252,B0_raw_shared,128,128,activation_ls,16,131072,0,64,131136,6357056,3.464320591517857,1048576
0,252,B0_raw_shared,256,256,projection,4,65536,4096,64,69696,6295616,3.4308384486607144,2097152
0,252,B0_raw_shared,256,256,projection,8,131072,4096,64,135232,6361152,3.466552734375,2097152
0,252,B0_raw_shared,256,256,projection,16,262144,0,64,262208,6488128,3.5357491629464284,2097152
0,252,B0_raw_shared,256,256,activation_ls,4,65536,4096,64,69696,6295616,3.4308384486607144,2097152
0,252,B0_raw_shared,256,256,activation_ls,8,131072,4096,64,135232,6361152,3.466552734375,2097152
0,252,B0_raw_shared,256,256,activation_ls,16,262144,0,64,262208,6488128,3.5357491629464284,2097152
0,252,B0_raw_shared,512,512,projection,4,131072,8192,64,139328,6365248,3.468784877232143,4194304
0,252,B0_raw_shared,512,512,projection,8,262144,8192,64,270400,6496320,3.5402134486607144,4194304
0,252,B0_raw_shared,512,512,projection,16,524288,0,64,524352,6750272,3.6786063058035716,4194304
0,252,B0_raw_shared,512,512,activation_ls,4,131072,8192,64,139328,6365248,3.468784877232143,4194304
0,252,B0_raw_shared,512,512,activation_ls,8,262144,8192,64,270400,6496320,3.5402134486607144,4194304
0,252,B0_raw_shared,512,512,activation_ls,16,524288,0,64,524352,6750272,3.6786063058035716,4194304
0,252,B1_action_shared,32,32,projection,4,8192,512,64,8768,6234688,3.3976353236607144,262144
0,252,B1_action_shared,32,32,projection,8,16384,512,64,16960,6242880,3.402099609375,262144
0,252,B1_action_shared,32,32,projection,16,32768,0,64,32832,6258752,3.4107491629464284,262144
0,252,B1_action_shared,32,32,activation_ls,4,8192,512,64,8768,6234688,3.3976353236607144,262144
0,252,B1_action_shared,32,32,activation_ls,8,16384,512,64,16960,6242880,3.402099609375,262144
0,252,B1_action_shared,32,32,activation_ls,16,32768,0,64,32832,6258752,3.4107491629464284,262144
0,252,B1_action_shared,64,64,projection,4,16384,1024,64,17472,6243392,3.402378627232143,524288
0,252,B1_action_shared,64,64,projection,8,32768,1024,64,33856,6259776,3.4113071986607144,524288
0,252,B1_action_shared,64,64,projection,16,65536,0,64,65600,6291520,3.4286063058035716,524288
0,252,B1_action_shared,64,64,activation_ls,4,16384,1024,64,17472,6243392,3.402378627232143,524288
0,252,B1_action_shared,64,64,activation_ls,8,32768,1024,64,33856,6259776,3.4113071986607144,524288
0,252,B1_action_shared,64,64,activation_ls,16,65536,0,64,65600,6291520,3.4286063058035716,524288
0,252,B1_action_shared,128,128,projection,4,32768,2048,64,34880,6260800,3.411865234375,1048576
0,252,B1_action_shared,128,128,projection,8,65536,2048,64,67648,6293568,3.429722377232143,1048576
0,252,B1_action_shared,128,128,projection,16,131072,0,64,131136,6357056,3.464320591517857,1048576
0,252,B1_action_shared,128,128,activation_ls,4,32768,2048,64,34880,6260800,3.411865234375,1048576
0,252,B1_action_shared,128,128,activation_ls,8,65536,2048,64,67648,6293568,3.429722377232143,1048576
0,252,B1_action_shared,128,128,activation_ls,16,131072,0,64,131136,6357056,3.464320591517857,1048576
0,252,B1_action_shared,256,256,projection,4,65536,4096,64,69696,6295616,3.4308384486607144,2097152
0,252,B1_action_shared,256,256,projection,8,131072,4096,64,135232,6361152,3.466552734375,2097152
0,252,B1_action_shared,256,256,projection,16,262144,0,64,262208,6488128,3.5357491629464284,2097152
0,252,B1_action_shared,256,256,activation_ls,4,65536,4096,64,69696,6295616,3.4308384486607144,2097152
0,252,B1_action_shared,256,256,activation_ls,8,131072,4096,64,135232,6361152,3.466552734375,2097152
0,252,B1_action_shared,256,256,activation_ls,16,262144,0,64,262208,6488128,3.5357491629464284,2097152
0,252,B1_action_shared,512,391,projection,4,100096,6256,64,106416,6332336,3.4508492606026784,3203072
0,252,B1_action_shared,512,391,projection,8,200192,6256,64,206512,6432432,3.505397251674107,3203072
0,252,B1_action_shared,512,391,projection,16,400384,0,64,400448,6626368,3.611083984375,3203072
0,252,B1_action_shared,512,391,activation_ls,4,100096,6256,64,106416,6332336,3.4508492606026784,3203072
0,252,B1_action_shared,512,391,activation_ls,8,200192,6256,64,206512,6432432,3.505397251674107,3203072
0,252,B1_action_shared,512,391,activation_ls,16,400384,0,64,400448,6626368,3.611083984375,3203072
0,252,B2_proxy_shared,32,32,projection,4,8192,512,64,8768,6234688,3.3976353236607144,262144
0,252,B2_proxy_shared,32,32,projection,8,16384,512,64,16960,6242880,3.402099609375,262144
0,252,B2_proxy_shared,32,32,projection,16,32768,0,64,32832,6258752,3.4107491629464284,262144
0,252,B2_proxy_shared,32,32,activation_ls,4,8192,512,64,8768,6234688,3.3976353236607144,262144
0,252,B2_proxy_shared,32,32,activation_ls,8,16384,512,64,16960,6242880,3.402099609375,262144
0,252,B2_proxy_shared,32,32,activation_ls,16,32768,0,64,32832,6258752,3.4107491629464284,262144
0,252,B2_proxy_shared,64,64,projection,4,16384,1024,64,17472,6243392,3.402378627232143,524288
0,252,B2_proxy_shared,64,64,projection,8,32768,1024,64,33856,6259776,3.4113071986607144,524288
0,252,B2_proxy_shared,64,64,projection,16,65536,0,64,65600,6291520,3.4286063058035716,524288
0,252,B2_proxy_shared,64,64,activation_ls,4,16384,1024,64,17472,6243392,3.402378627232143,524288
0,252,B2_proxy_shared,64,64,activation_ls,8,32768,1024,64,33856,6259776,3.4113071986607144,524288
0,252,B2_proxy_shared,64,64,activation_ls,16,65536,0,64,65600,6291520,3.4286063058035716,524288
0,252,B2_proxy_shared,128,128,projection,4,32768,2048,64,34880,6260800,3.411865234375,1048576
0,252,B2_proxy_shared,128,128,projection,8,65536,2048,64,67648,6293568,3.429722377232143,1048576
0,252,B2_proxy_shared,128,128,projection,16,131072,0,64,131136,6357056,3.464320591517857,1048576
0,252,B2_proxy_shared,128,128,activation_ls,4,32768,2048,64,34880,6260800,3.411865234375,1048576
0,252,B2_proxy_shared,128,128,activation_ls,8,65536,2048,64,67648,6293568,3.429722377232143,1048576
0,252,B2_proxy_shared,128,128,activation_ls,16,131072,0,64,131136,6357056,3.464320591517857,1048576
0,252,B2_proxy_shared,256,256,projection,4,65536,4096,64,69696,6295616,3.4308384486607144,2097152
0,252,B2_proxy_shared,256,256,projection,8,131072,4096,64,135232,6361152,3.466552734375,2097152
0,252,B2_proxy_shared,256,256,projection,16,262144,0,64,262208,6488128,3.5357491629464284,2097152
0,252,B2_proxy_shared,256,256,activation_ls,4,65536,4096,64,69696,6295616,3.4308384486607144,2097152
0,252,B2_proxy_shared,256,256,activation_ls,8,131072,4096,64,135232,6361152,3.466552734375,2097152
0,252,B2_proxy_shared,256,256,activation_ls,16,262144,0,64,262208,6488128,3.5357491629464284,2097152
0,252,B2_proxy_shared,512,391,projection,4,100096,6256,64,106416,6332336,3.4508492606026784,3203072
0,252,B2_proxy_shared,512,391,projection,8,200192,6256,64,206512,6432432,3.505397251674107,3203072
0,252,B2_proxy_shared,512,391,projection,16,400384,0,64,400448,6626368,3.611083984375,3203072
0,252,B2_proxy_shared,512,391,activation_ls,4,100096,6256,64,106416,6332336,3.4508492606026784,3203072
0,252,B2_proxy_shared,512,391,activation_ls,8,200192,6256,64,206512,6432432,3.505397251674107,3203072
0,252,B2_proxy_shared,512,391,activation_ls,16,400384,0,64,400448,6626368,3.611083984375,3203072
0,252,B3_action_cluster_4,32,32,projection,4,8192,512,64,8768,6234688,3.3976353236607144,1048576
0,252,B3_action_cluster_4,32,32,projection,8,16384,512,64,16960,6242880,3.402099609375,1048576
0,252,B3_action_cluster_4,32,32,projection,16,32768,0,64,32832,6258752,3.4107491629464284,1048576
0,252,B3_action_cluster_4,32,32,activation_ls,4,8192,512,64,8768,6234688,3.3976353236607144,1048576
0,252,B3_action_cluster_4,32,32,activation_ls,8,16384,512,64,16960,6242880,3.402099609375,1048576
0,252,B3_action_cluster_4,32,32,activation_ls,16,32768,0,64,32832,6258752,3.4107491629464284,1048576
0,252,B3_action_cluster_4,64,64,projection,4,16384,1024,64,17472,6243392,3.402378627232143,2097152
0,252,B3_action_cluster_4,64,64,projection,8,32768,1024,64,33856,6259776,3.4113071986607144,2097152
0,252,B3_action_cluster_4,64,64,projection,16,65536,0,64,65600,6291520,3.4286063058035716,2097152
0,252,B3_action_cluster_4,64,64,activation_ls,4,16384,1024,64,17472,6243392,3.402378627232143,2097152
0,252,B3_action_cluster_4,64,64,activation_ls,8,32768,1024,64,33856,6259776,3.4113071986607144,2097152
0,252,B3_action_cluster_4,64,64,activation_ls,16,65536,0,64,65600,6291520,3.4286063058035716,2097152
0,252,B3_action_cluster_4,128,128,projection,4,32768,2048,64,34880,6260800,3.411865234375,4194304
0,252,B3_action_cluster_4,128,128,projection,8,65536,2048,64,67648,6293568,3.429722377232143,4194304
0,252,B3_action_cluster_4,128,128,projection,16,131072,0,64,131136,6357056,3.464320591517857,4194304
0,252,B3_action_cluster_4,128,128,activation_ls,4,32768,2048,64,34880,6260800,3.411865234375,4194304
0,252,B3_action_cluster_4,128,128,activation_ls,8,65536,2048,64,67648,6293568,3.429722377232143,4194304
0,252,B3_action_cluster_4,128,128,activation_ls,16,131072,0,64,131136,6357056,3.464320591517857,4194304
0,252,B3_action_cluster_4,256,240,projection,4,61440,3840,64,65344,6291264,3.428466796875,7864320
0,252,B3_action_cluster_4,256,240,projection,8,122880,3840,64,126784,6352704,3.461948939732143,7864320
0,252,B3_action_cluster_4,256,240,projection,16,245760,0,64,245824,6471744,3.526820591517857,7864320
0,252,B3_action_cluster_4,256,240,activation_ls,4,61440,3840,64,65344,6291264,3.428466796875,7864320
0,252,B3_action_cluster_4,256,240,activation_ls,8,122880,3840,64,126784,6352704,3.461948939732143,7864320
0,252,B3_action_cluster_4,256,240,activation_ls,16,245760,0,64,245824,6471744,3.526820591517857,7864320
0,252,B3_action_cluster_4,512,240,projection,4,61440,3840,64,65344,6291264,3.428466796875,7864320
0,252,B3_action_cluster_4,512,240,projection,8,122880,3840,64,126784,6352704,3.461948939732143,7864320
0,252,B3_action_cluster_4,512,240,projection,16,245760,0,64,245824,6471744,3.526820591517857,7864320
0,252,B3_action_cluster_4,512,240,activation_ls,4,61440,3840,64,65344,6291264,3.428466796875,7864320
0,252,B3_action_cluster_4,512,240,activation_ls,8,122880,3840,64,126784,6352704,3.461948939732143,7864320
0,252,B3_action_cluster_4,512,240,activation_ls,16,245760,0,64,245824,6471744,3.526820591517857,7864320
0,252,B3_action_cluster_8,32,32,projection,4,8192,512,64,8768,6234688,3.3976353236607144,2097152
0,252,B3_action_cluster_8,32,32,projection,8,16384,512,64,16960,6242880,3.402099609375,2097152
0,252,B3_action_cluster_8,32,32,projection,16,32768,0,64,32832,6258752,3.4107491629464284,2097152
0,252,B3_action_cluster_8,32,32,activation_ls,4,8192,512,64,8768,6234688,3.3976353236607144,2097152
0,252,B3_action_cluster_8,32,32,activation_ls,8,16384,512,64,16960,6242880,3.402099609375,2097152
0,252,B3_action_cluster_8,32,32,activation_ls,16,32768,0,64,32832,6258752,3.4107491629464284,2097152
0,252,B3_action_cluster_8,64,64,projection,4,16384,1024,64,17472,6243392,3.402378627232143,4194304
0,252,B3_action_cluster_8,64,64,projection,8,32768,1024,64,33856,6259776,3.4113071986607144,4194304
0,252,B3_action_cluster_8,64,64,projection,16,65536,0,64,65600,6291520,3.4286063058035716,4194304
0,252,B3_action_cluster_8,64,64,activation_ls,4,16384,1024,64,17472,6243392,3.402378627232143,4194304
0,252,B3_action_cluster_8,64,64,activation_ls,8,32768,1024,64,33856,6259776,3.4113071986607144,4194304
0,252,B3_action_cluster_8,64,64,activation_ls,16,65536,0,64,65600,6291520,3.4286063058035716,4194304
0,252,B3_action_cluster_8,128,92,projection,4,23552,1472,64,25088,6251008,3.406529017857143,6029312
0,252,B3_action_cluster_8,128,92,projection,8,47104,1472,64,48640,6274560,3.4193638392857144,6029312
0,252,B3_action_cluster_8,128,92,projection,16,94208,0,64,94272,6320192,3.4442313058035716,6029312
0,252,B3_action_cluster_8,128,92,activation_ls,4,23552,1472,64,25088,6251008,3.406529017857143,6029312
0,252,B3_action_cluster_8,128,92,activation_ls,8,47104,1472,64,48640,6274560,3.4193638392857144,6029312
0,252,B3_action_cluster_8,128,92,activation_ls,16,94208,0,64,94272,6320192,3.4442313058035716,6029312
0,252,B3_action_cluster_8,256,92,projection,4,23552,1472,64,25088,6251008,3.406529017857143,6029312
0,252,B3_action_cluster_8,256,92,projection,8,47104,1472,64,48640,6274560,3.4193638392857144,6029312
0,252,B3_action_cluster_8,256,92,projection,16,94208,0,64,94272,6320192,3.4442313058035716,6029312
0,252,B3_action_cluster_8,256,92,activation_ls,4,23552,1472,64,25088,6251008,3.406529017857143,6029312
0,252,B3_action_cluster_8,256,92,activation_ls,8,47104,1472,64,48640,6274560,3.4193638392857144,6029312
0,252,B3_action_cluster_8,256,92,activation_ls,16,94208,0,64,94272,6320192,3.4442313058035716,6029312
0,252,B3_action_cluster_8,512,92,projection,4,23552,1472,64,25088,6251008,3.406529017857143,6029312
0,252,B3_action_cluster_8,512,92,projection,8,47104,1472,64,48640,6274560,3.4193638392857144,6029312
0,252,B3_action_cluster_8,512,92,projection,16,94208,0,64,94272,6320192,3.4442313058035716,6029312
0,252,B3_action_cluster_8,512,92,activation_ls,4,23552,1472,64,25088,6251008,3.406529017857143,6029312
0,252,B3_action_cluster_8,512,92,activation_ls,8,47104,1472,64,48640,6274560,3.4193638392857144,6029312
0,252,B3_action_cluster_8,512,92,activation_ls,16,94208,0,64,94272,6320192,3.4442313058035716,6029312
0,252,B4_per_expert_raw,32,32,projection,4,8192,512,64,8768,6234688,3.3976353236607144,3145728
0,252,B4_per_expert_raw,32,32,projection,8,16384,512,64,16960,6242880,3.402099609375,3145728
0,252,B4_per_expert_raw,32,32,projection,16,32768,0,64,32832,6258752,3.4107491629464284,3145728
0,252,B4_per_expert_raw,32,32,activation_ls,4,8192,512,64,8768,6234688,3.3976353236607144,3145728
0,252,B4_per_expert_raw,32,32,activation_ls,8,16384,512,64,16960,6242880,3.402099609375,3145728
0,252,B4_per_expert_raw,32,32,activation_ls,16,32768,0,64,32832,6258752,3.4107491629464284,3145728
0,252,B4_per_expert_raw,64,64,projection,4,16384,1024,64,17472,6243392,3.402378627232143,6291456
0,252,B4_per_expert_raw,64,64,projection,8,32768,1024,64,33856,6259776,3.4113071986607144,6291456
0,252,B4_per_expert_raw,64,64,projection,16,65536,0,64,65600,6291520,3.4286063058035716,6291456
0,252,B4_per_expert_raw,64,64,activation_ls,4,16384,1024,64,17472,6243392,3.402378627232143,6291456
0,252,B4_per_expert_raw,64,64,activation_ls,8,32768,1024,64,33856,6259776,3.4113071986607144,6291456
0,252,B4_per_expert_raw,64,64,activation_ls,16,65536,0,64,65600,6291520,3.4286063058035716,6291456
0,252,B4_per_expert_raw,128,128,projection,4,32768,2048,64,34880,6260800,3.411865234375,12582912
0,252,B4_per_expert_raw,128,128,projection,8,65536,2048,64,67648,6293568,3.429722377232143,12582912
0,252,B4_per_expert_raw,128,128,projection,16,131072,0,64,131136,6357056,3.464320591517857,12582912
0,252,B4_per_expert_raw,128,128,activation_ls,4,32768,2048,64,34880,6260800,3.411865234375,12582912
0,252,B4_per_expert_raw,128,128,activation_ls,8,65536,2048,64,67648,6293568,3.429722377232143,12582912
0,252,B4_per_expert_raw,128,128,activation_ls,16,131072,0,64,131136,6357056,3.464320591517857,12582912
0,252,B4_per_expert_raw,256,256,projection,4,65536,4096,64,69696,6295616,3.4308384486607144,25165824
0,252,B4_per_expert_raw,256,256,projection,8,131072,4096,64,135232,6361152,3.466552734375,25165824
0,252,B4_per_expert_raw,256,256,projection,16,262144,0,64,262208,6488128,3.5357491629464284,25165824
0,252,B4_per_expert_raw,256,256,activation_ls,4,65536,4096,64,69696,6295616,3.4308384486607144,25165824
0,252,B4_per_expert_raw,256,256,activation_ls,8,131072,4096,64,135232,6361152,3.466552734375,25165824
0,252,B4_per_expert_raw,256,256,activation_ls,16,262144,0,64,262208,6488128,3.5357491629464284,25165824
0,252,B4_per_expert_raw,512,512,projection,4,131072,8192,64,139328,6365248,3.468784877232143,50331648
0,252,B4_per_expert_raw,512,512,projection,8,262144,8192,64,270400,6496320,3.5402134486607144,50331648
0,252,B4_per_expert_raw,512,512,projection,16,524288,0,64,524352,6750272,3.6786063058035716,50331648
0,252,B4_per_expert_raw,512,512,activation_ls,4,131072,8192,64,139328,6365248,3.468784877232143,50331648
0,252,B4_per_expert_raw,512,512,activation_ls,8,262144,8192,64,270400,6496320,3.5402134486607144,50331648
0,252,B4_per_expert_raw,512,512,activation_ls,16,524288,0,64,524352,6750272,3.6786063058035716,50331648
4,28,B0_raw_shared,32,32,projection,4,8192,512,64,8768,6234688,3.3976353236607144,262144
4,28,B0_raw_shared,32,32,projection,8,16384,512,64,16960,6242880,3.402099609375,262144
4,28,B0_raw_shared,32,32,projection,16,32768,0,64,32832,6258752,3.4107491629464284,262144
4,28,B0_raw_shared,32,32,activation_ls,4,8192,512,64,8768,6234688,3.3976353236607144,262144
4,28,B0_raw_shared,32,32,activation_ls,8,16384,512,64,16960,6242880,3.402099609375,262144
4,28,B0_raw_shared,32,32,activation_ls,16,32768,0,64,32832,6258752,3.4107491629464284,262144
4,28,B0_raw_shared,64,64,projection,4,16384,1024,64,17472,6243392,3.402378627232143,524288
4,28,B0_raw_shared,64,64,projection,8,32768,1024,64,33856,6259776,3.4113071986607144,524288
4,28,B0_raw_shared,64,64,projection,16,65536,0,64,65600,6291520,3.4286063058035716,524288
4,28,B0_raw_shared,64,64,activation_ls,4,16384,1024,64,17472,6243392,3.402378627232143,524288
4,28,B0_raw_shared,64,64,activation_ls,8,32768,1024,64,33856,6259776,3.4113071986607144,524288
4,28,B0_raw_shared,64,64,activation_ls,16,65536,0,64,65600,6291520,3.4286063058035716,524288
4,28,B0_raw_shared,128,128,projection,4,32768,2048,64,34880,6260800,3.411865234375,1048576
4,28,B0_raw_shared,128,128,projection,8,65536,2048,64,67648,6293568,3.429722377232143,1048576
4,28,B0_raw_shared,128,128,projection,16,131072,0,64,131136,6357056,3.464320591517857,1048576
4,28,B0_raw_shared,128,128,activation_ls,4,32768,2048,64,34880,6260800,3.411865234375,1048576
4,28,B0_raw_shared,128,128,activation_ls,8,65536,2048,64,67648,6293568,3.429722377232143,1048576
4,28,B0_raw_shared,128,128,activation_ls,16,131072,0,64,131136,6357056,3.464320591517857,1048576
4,28,B0_raw_shared,256,256,projection,4,65536,4096,64,69696,6295616,3.4308384486607144,2097152
4,28,B0_raw_shared,256,256,projection,8,131072,4096,64,135232,6361152,3.466552734375,2097152
4,28,B0_raw_shared,256,256,projection,16,262144,0,64,262208,6488128,3.5357491629464284,2097152
4,28,B0_raw_shared,256,256,activation_ls,4,65536,4096,64,69696,6295616,3.4308384486607144,2097152
4,28,B0_raw_shared,256,256,activation_ls,8,131072,4096,64,135232,6361152,3.466552734375,2097152
4,28,B0_raw_shared,256,256,activation_ls,16,262144,0,64,262208,6488128,3.5357491629464284,2097152
4,28,B0_raw_shared,512,512,projection,4,131072,8192,64,139328,6365248,3.468784877232143,4194304
4,28,B0_raw_shared,512,512,projection,8,262144,8192,64,270400,6496320,3.5402134486607144,4194304
4,28,B0_raw_shared,512,512,projection,16,524288,0,64,524352,6750272,3.6786063058035716,4194304
4,28,B0_raw_shared,512,512,activation_ls,4,131072,8192,64,139328,6365248,3.468784877232143,4194304
4,28,B0_raw_shared,512,512,activation_ls,8,262144,8192,64,270400,6496320,3.5402134486607144,4194304
4,28,B0_raw_shared,512,512,activation_ls,16,524288,0,64,524352,6750272,3.6786063058035716,4194304
4,28,B1_action_shared,32,32,projection,4,8192,512,64,8768,6234688,3.3976353236607144,262144
4,28,B1_action_shared,32,32,projection,8,16384,512,64,16960,6242880,3.402099609375,262144
4,28,B1_action_shared,32,32,projection,16,32768,0,64,32832,6258752,3.4107491629464284,262144
4,28,B1_action_shared,32,32,activation_ls,4,8192,512,64,8768,6234688,3.3976353236607144,262144
4,28,B1_action_shared,32,32,activation_ls,8,16384,512,64,16960,6242880,3.402099609375,262144
4,28,B1_action_shared,32,32,activation_ls,16,32768,0,64,32832,6258752,3.4107491629464284,262144
4,28,B1_action_shared,64,64,projection,4,16384,1024,64,17472,6243392,3.402378627232143,524288
4,28,B1_action_shared,64,64,projection,8,32768,1024,64,33856,6259776,3.4113071986607144,524288
4,28,B1_action_shared,64,64,projection,16,65536,0,64,65600,6291520,3.4286063058035716,524288
4,28,B1_action_shared,64,64,activation_ls,4,16384,1024,64,17472,6243392,3.402378627232143,524288
4,28,B1_action_shared,64,64,activation_ls,8,32768,1024,64,33856,6259776,3.4113071986607144,524288
4,28,B1_action_shared,64,64,activation_ls,16,65536,0,64,65600,6291520,3.4286063058035716,524288
4,28,B1_action_shared,128,128,projection,4,32768,2048,64,34880,6260800,3.411865234375,1048576
4,28,B1_action_shared,128,128,projection,8,65536,2048,64,67648,6293568,3.429722377232143,1048576
4,28,B1_action_shared,128,128,projection,16,131072,0,64,131136,6357056,3.464320591517857,1048576
4,28,B1_action_shared,128,128,activation_ls,4,32768,2048,64,34880,6260800,3.411865234375,1048576
4,28,B1_action_shared,128,128,activation_ls,8,65536,2048,64,67648,6293568,3.429722377232143,1048576
4,28,B1_action_shared,128,128,activation_ls,16,131072,0,64,131136,6357056,3.464320591517857,1048576
4,28,B1_action_shared,256,256,projection,4,65536,4096,64,69696,6295616,3.4308384486607144,2097152
4,28,B1_action_shared,256,256,projection,8,131072,4096,64,135232,6361152,3.466552734375,2097152
4,28,B1_action_shared,256,256,projection,16,262144,0,64,262208,6488128,3.5357491629464284,2097152
4,28,B1_action_shared,256,256,activation_ls,4,65536,4096,64,69696,6295616,3.4308384486607144,2097152
4,28,B1_action_shared,256,256,activation_ls,8,131072,4096,64,135232,6361152,3.466552734375,2097152
4,28,B1_action_shared,256,256,activation_ls,16,262144,0,64,262208,6488128,3.5357491629464284,2097152
4,28,B1_action_shared,512,485,projection,4,124160,7760,64,131984,6357904,3.46478271484375,3973120
4,28,B1_action_shared,512,485,projection,8,248320,7760,64,256144,6482064,3.532444545200893,3973120
4,28,B1_action_shared,512,485,projection,16,496640,0,64,496704,6722624,3.663539341517857,3973120
4,28,B1_action_shared,512,485,activation_ls,4,124160,7760,64,131984,6357904,3.46478271484375,3973120
4,28,B1_action_shared,512,485,activation_ls,8,248320,7760,64,256144,6482064,3.532444545200893,3973120
4,28,B1_action_shared,512,485,activation_ls,16,496640,0,64,496704,6722624,3.663539341517857,3973120
4,28,B2_proxy_shared,32,32,projection,4,8192,512,64,8768,6234688,3.3976353236607144,262144
4,28,B2_proxy_shared,32,32,projection,8,16384,512,64,16960,6242880,3.402099609375,262144
4,28,B2_proxy_shared,32,32,projection,16,32768,0,64,32832,6258752,3.4107491629464284,262144
4,28,B2_proxy_shared,32,32,activation_ls,4,8192,512,64,8768,6234688,3.3976353236607144,262144
4,28,B2_proxy_shared,32,32,activation_ls,8,16384,512,64,16960,6242880,3.402099609375,262144
4,28,B2_proxy_shared,32,32,activation_ls,16,32768,0,64,32832,6258752,3.4107491629464284,262144
4,28,B2_proxy_shared,64,64,projection,4,16384,1024,64,17472,6243392,3.402378627232143,524288
4,28,B2_proxy_shared,64,64,projection,8,32768,1024,64,33856,6259776,3.4113071986607144,524288
4,28,B2_proxy_shared,64,64,projection,16,65536,0,64,65600,6291520,3.4286063058035716,524288
4,28,B2_proxy_shared,64,64,activation_ls,4,16384,1024,64,17472,6243392,3.402378627232143,524288
4,28,B2_proxy_shared,64,64,activation_ls,8,32768,1024,64,33856,6259776,3.4113071986607144,524288
4,28,B2_proxy_shared,64,64,activation_ls,16,65536,0,64,65600,6291520,3.4286063058035716,524288
4,28,B2_proxy_shared,128,128,projection,4,32768,2048,64,34880,6260800,3.411865234375,1048576
4,28,B2_proxy_shared,128,128,projection,8,65536,2048,64,67648,6293568,3.429722377232143,1048576
4,28,B2_proxy_shared,128,128,projection,16,131072,0,64,131136,6357056,3.464320591517857,1048576
4,28,B2_proxy_shared,128,128,activation_ls,4,32768,2048,64,34880,6260800,3.411865234375,1048576
4,28,B2_proxy_shared,128,128,activation_ls,8,65536,2048,64,67648,6293568,3.429722377232143,1048576
4,28,B2_proxy_shared,128,128,activation_ls,16,131072,0,64,131136,6357056,3.464320591517857,1048576
4,28,B2_proxy_shared,256,256,projection,4,65536,4096,64,69696,6295616,3.4308384486607144,2097152
4,28,B2_proxy_shared,256,256,projection,8,131072,4096,64,135232,6361152,3.466552734375,2097152
4,28,B2_proxy_shared,256,256,projection,16,262144,0,64,262208,6488128,3.5357491629464284,2097152
4,28,B2_proxy_shared,256,256,activation_ls,4,65536,4096,64,69696,6295616,3.4308384486607144,2097152
4,28,B2_proxy_shared,256,256,activation_ls,8,131072,4096,64,135232,6361152,3.466552734375,2097152
4,28,B2_proxy_shared,256,256,activation_ls,16,262144,0,64,262208,6488128,3.5357491629464284,2097152
4,28,B2_proxy_shared,512,485,projection,4,124160,7760,64,131984,6357904,3.46478271484375,3973120
4,28,B2_proxy_shared,512,485,projection,8,248320,7760,64,256144,6482064,3.532444545200893,3973120
4,28,B2_proxy_shared,512,485,projection,16,496640,0,64,496704,6722624,3.663539341517857,3973120
4,28,B2_proxy_shared,512,485,activation_ls,4,124160,7760,64,131984,6357904,3.46478271484375,3973120
4,28,B2_proxy_shared,512,485,activation_ls,8,248320,7760,64,256144,6482064,3.532444545200893,3973120
4,28,B2_proxy_shared,512,485,activation_ls,16,496640,0,64,496704,6722624,3.663539341517857,3973120
4,28,B3_action_cluster_4,32,32,projection,4,8192,512,64,8768,6234688,3.3976353236607144,1048576
4,28,B3_action_cluster_4,32,32,projection,8,16384,512,64,16960,6242880,3.402099609375,1048576
4,28,B3_action_cluster_4,32,32,projection,16,32768,0,64,32832,6258752,3.4107491629464284,1048576
4,28,B3_action_cluster_4,32,32,activation_ls,4,8192,512,64,8768,6234688,3.3976353236607144,1048576
4,28,B3_action_cluster_4,32,32,activation_ls,8,16384,512,64,16960,6242880,3.402099609375,1048576
4,28,B3_action_cluster_4,32,32,activation_ls,16,32768,0,64,32832,6258752,3.4107491629464284,1048576
4,28,B3_action_cluster_4,64,64,projection,4,16384,1024,64,17472,6243392,3.402378627232143,2097152
4,28,B3_action_cluster_4,64,64,projection,8,32768,1024,64,33856,6259776,3.4113071986607144,2097152
4,28,B3_action_cluster_4,64,64,projection,16,65536,0,64,65600,6291520,3.4286063058035716,2097152
4,28,B3_action_cluster_4,64,64,activation_ls,4,16384,1024,64,17472,6243392,3.402378627232143,2097152
4,28,B3_action_cluster_4,64,64,activation_ls,8,32768,1024,64,33856,6259776,3.4113071986607144,2097152
4,28,B3_action_cluster_4,64,64,activation_ls,16,65536,0,64,65600,6291520,3.4286063058035716,2097152
4,28,B3_action_cluster_4,128,128,projection,4,32768,2048,64,34880,6260800,3.411865234375,4194304
4,28,B3_action_cluster_4,128,128,projection,8,65536,2048,64,67648,6293568,3.429722377232143,4194304
4,28,B3_action_cluster_4,128,128,projection,16,131072,0,64,131136,6357056,3.464320591517857,4194304
4,28,B3_action_cluster_4,128,128,activation_ls,4,32768,2048,64,34880,6260800,3.411865234375,4194304
4,28,B3_action_cluster_4,128,128,activation_ls,8,65536,2048,64,67648,6293568,3.429722377232143,4194304
4,28,B3_action_cluster_4,128,128,activation_ls,16,131072,0,64,131136,6357056,3.464320591517857,4194304
4,28,B3_action_cluster_4,256,209,projection,4,53504,3344,64,56912,6282832,3.4238717215401784,6848512
4,28,B3_action_cluster_4,256,209,projection,8,107008,3344,64,110416,6336336,3.453029087611607,6848512
4,28,B3_action_cluster_4,256,209,projection,16,214016,0,64,214080,6440000,3.509521484375,6848512
4,28,B3_action_cluster_4,256,209,activation_ls,4,53504,3344,64,56912,6282832,3.4238717215401784,6848512
4,28,B3_action_cluster_4,256,209,activation_ls,8,107008,3344,64,110416,6336336,3.453029087611607,6848512
4,28,B3_action_cluster_4,256,209,activation_ls,16,214016,0,64,214080,6440000,3.509521484375,6848512
4,28,B3_action_cluster_4,512,209,projection,4,53504,3344,64,56912,6282832,3.4238717215401784,6848512
4,28,B3_action_cluster_4,512,209,projection,8,107008,3344,64,110416,6336336,3.453029087611607,6848512
4,28,B3_action_cluster_4,512,209,projection,16,214016,0,64,214080,6440000,3.509521484375,6848512
4,28,B3_action_cluster_4,512,209,activation_ls,4,53504,3344,64,56912,6282832,3.4238717215401784,6848512
4,28,B3_action_cluster_4,512,209,activation_ls,8,107008,3344,64,110416,6336336,3.453029087611607,6848512
4,28,B3_action_cluster_4,512,209,activation_ls,16,214016,0,64,214080,6440000,3.509521484375,6848512
4,28,B3_action_cluster_8,32,32,projection,4,8192,512,64,8768,6234688,3.3976353236607144,2097152
4,28,B3_action_cluster_8,32,32,projection,8,16384,512,64,16960,6242880,3.402099609375,2097152
4,28,B3_action_cluster_8,32,32,projection,16,32768,0,64,32832,6258752,3.4107491629464284,2097152
4,28,B3_action_cluster_8,32,32,activation_ls,4,8192,512,64,8768,6234688,3.3976353236607144,2097152
4,28,B3_action_cluster_8,32,32,activation_ls,8,16384,512,64,16960,6242880,3.402099609375,2097152
4,28,B3_action_cluster_8,32,32,activation_ls,16,32768,0,64,32832,6258752,3.4107491629464284,2097152
4,28,B3_action_cluster_8,64,64,projection,4,16384,1024,64,17472,6243392,3.402378627232143,4194304
4,28,B3_action_cluster_8,64,64,projection,8,32768,1024,64,33856,6259776,3.4113071986607144,4194304
4,28,B3_action_cluster_8,64,64,projection,16,65536,0,64,65600,6291520,3.4286063058035716,4194304
4,28,B3_action_cluster_8,64,64,activation_ls,4,16384,1024,64,17472,6243392,3.402378627232143,4194304
4,28,B3_action_cluster_8,64,64,activation_ls,8,32768,1024,64,33856,6259776,3.4113071986607144,4194304
4,28,B3_action_cluster_8,64,64,activation_ls,16,65536,0,64,65600,6291520,3.4286063058035716,4194304
4,28,B3_action_cluster_8,128,128,projection,4,32768,2048,64,34880,6260800,3.411865234375,8388608
4,28,B3_action_cluster_8,128,128,projection,8,65536,2048,64,67648,6293568,3.429722377232143,8388608
4,28,B3_action_cluster_8,128,128,projection,16,131072,0,64,131136,6357056,3.464320591517857,8388608
4,28,B3_action_cluster_8,128,128,activation_ls,4,32768,2048,64,34880,6260800,3.411865234375,8388608
4,28,B3_action_cluster_8,128,128,activation_ls,8,65536,2048,64,67648,6293568,3.429722377232143,8388608
4,28,B3_action_cluster_8,128,128,activation_ls,16,131072,0,64,131136,6357056,3.464320591517857,8388608
4,28,B3_action_cluster_8,256,168,projection,4,43008,2688,64,45760,6271680,3.4177943638392856,11010048
4,28,B3_action_cluster_8,256,168,projection,8,86016,2688,64,88768,6314688,3.4412318638392856,11010048
4,28,B3_action_cluster_8,256,168,projection,16,172032,0,64,172096,6398016,3.4866420200892856,11010048
4,28,B3_action_cluster_8,256,168,activation_ls,4,43008,2688,64,45760,6271680,3.4177943638392856,11010048
4,28,B3_action_cluster_8,256,168,activation_ls,8,86016,2688,64,88768,6314688,3.4412318638392856,11010048
4,28,B3_action_cluster_8,256,168,activation_ls,16,172032,0,64,172096,6398016,3.4866420200892856,11010048
4,28,B3_action_cluster_8,512,168,projection,4,43008,2688,64,45760,6271680,3.4177943638392856,11010048
4,28,B3_action_cluster_8,512,168,projection,8,86016,2688,64,88768,6314688,3.4412318638392856,11010048
4,28,B3_action_cluster_8,512,168,projection,16,172032,0,64,172096,6398016,3.4866420200892856,11010048
4,28,B3_action_cluster_8,512,168,activation_ls,4,43008,2688,64,45760,6271680,3.4177943638392856,11010048
4,28,B3_action_cluster_8,512,168,activation_ls,8,86016,2688,64,88768,6314688,3.4412318638392856,11010048
4,28,B3_action_cluster_8,512,168,activation_ls,16,172032,0,64,172096,6398016,3.4866420200892856,11010048
4,28,B4_per_expert_raw,32,32,projection,4,8192,512,64,8768,6234688,3.3976353236607144,3145728
4,28,B4_per_expert_raw,32,32,projection,8,16384,512,64,16960,6242880,3.402099609375,3145728
4,28,B4_per_expert_raw,32,32,projection,16,32768,0,64,32832,6258752,3.4107491629464284,3145728
4,28,B4_per_expert_raw,32,32,activation_ls,4,8192,512,64,8768,6234688,3.3976353236607144,3145728
4,28,B4_per_expert_raw,32,32,activation_ls,8,16384,512,64,16960,6242880,3.402099609375,3145728
4,28,B4_per_expert_raw,32,32,activation_ls,16,32768,0,64,32832,6258752,3.4107491629464284,3145728
4,28,B4_per_expert_raw,64,64,projection,4,16384,1024,64,17472,6243392,3.402378627232143,6291456
4,28,B4_per_expert_raw,64,64,projection,8,32768,1024,64,33856,6259776,3.4113071986607144,6291456
4,28,B4_per_expert_raw,64,64,projection,16,65536,0,64,65600,6291520,3.4286063058035716,6291456
4,28,B4_per_expert_raw,64,64,activation_ls,4,16384,1024,64,17472,6243392,3.402378627232143,6291456
4,28,B4_per_expert_raw,64,64,activation_ls,8,32768,1024,64,33856,6259776,3.4113071986607144,6291456
4,28,B4_per_expert_raw,64,64,activation_ls,16,65536,0,64,65600,6291520,3.4286063058035716,6291456
4,28,B4_per_expert_raw,128,128,projection,4,32768,2048,64,34880,6260800,3.411865234375,12582912
4,28,B4_per_expert_raw,128,128,projection,8,65536,2048,64,67648,6293568,3.429722377232143,12582912
4,28,B4_per_expert_raw,128,128,projection,16,131072,0,64,131136,6357056,3.464320591517857,12582912
4,28,B4_per_expert_raw,128,128,activation_ls,4,32768,2048,64,34880,6260800,3.411865234375,12582912
4,28,B4_per_expert_raw,128,128,activation_ls,8,65536,2048,64,67648,6293568,3.429722377232143,12582912
4,28,B4_per_expert_raw,128,128,activation_ls,16,131072,0,64,131136,6357056,3.464320591517857,12582912
4,28,B4_per_expert_raw,256,256,projection,4,65536,4096,64,69696,6295616,3.4308384486607144,25165824
4,28,B4_per_expert_raw,256,256,projection,8,131072,4096,64,135232,6361152,3.466552734375,25165824
4,28,B4_per_expert_raw,256,256,projection,16,262144,0,64,262208,6488128,3.5357491629464284,25165824
4,28,B4_per_expert_raw,256,256,activation_ls,4,65536,4096,64,69696,6295616,3.4308384486607144,25165824
4,28,B4_per_expert_raw,256,256,activation_ls,8,131072,4096,64,135232,6361152,3.466552734375,25165824
4,28,B4_per_expert_raw,256,256,activation_ls,16,262144,0,64,262208,6488128,3.5357491629464284,25165824
4,28,B4_per_expert_raw,512,512,projection,4,131072,8192,64,139328,6365248,3.468784877232143,50331648
4,28,B4_per_expert_raw,512,512,projection,8,262144,8192,64,270400,6496320,3.5402134486607144,50331648
4,28,B4_per_expert_raw,512,512,projection,16,524288,0,64,524352,6750272,3.6786063058035716,50331648
4,28,B4_per_expert_raw,512,512,activation_ls,4,131072,8192,64,139328,6365248,3.468784877232143,50331648
4,28,B4_per_expert_raw,512,512,activation_ls,8,262144,8192,64,270400,6496320,3.5402134486607144,50331648
4,28,B4_per_expert_raw,512,512,activation_ls,16,524288,0,64,524352,6750272,3.6786063058035716,50331648
4,36,B0_raw_shared,32,32,projection,4,8192,512,64,8768,6234688,3.3976353236607144,262144
4,36,B0_raw_shared,32,32,projection,8,16384,512,64,16960,6242880,3.402099609375,262144
4,36,B0_raw_shared,32,32,projection,16,32768,0,64,32832,6258752,3.4107491629464284,262144
4,36,B0_raw_shared,32,32,activation_ls,4,8192,512,64,8768,6234688,3.3976353236607144,262144
4,36,B0_raw_shared,32,32,activation_ls,8,16384,512,64,16960,6242880,3.402099609375,262144
4,36,B0_raw_shared,32,32,activation_ls,16,32768,0,64,32832,6258752,3.4107491629464284,262144
4,36,B0_raw_shared,64,64,projection,4,16384,1024,64,17472,6243392,3.402378627232143,524288
4,36,B0_raw_shared,64,64,projection,8,32768,1024,64,33856,6259776,3.4113071986607144,524288
4,36,B0_raw_shared,64,64,projection,16,65536,0,64,65600,6291520,3.4286063058035716,524288
4,36,B0_raw_shared,64,64,activation_ls,4,16384,1024,64,17472,6243392,3.402378627232143,524288
4,36,B0_raw_shared,64,64,activation_ls,8,32768,1024,64,33856,6259776,3.4113071986607144,524288
4,36,B0_raw_shared,64,64,activation_ls,16,65536,0,64,65600,6291520,3.4286063058035716,524288
4,36,B0_raw_shared,128,128,projection,4,32768,2048,64,34880,6260800,3.411865234375,1048576
4,36,B0_raw_shared,128,128,projection,8,65536,2048,64,67648,6293568,3.429722377232143,1048576
4,36,B0_raw_shared,128,128,projection,16,131072,0,64,131136,6357056,3.464320591517857,1048576
4,36,B0_raw_shared,128,128,activation_ls,4,32768,2048,64,34880,6260800,3.411865234375,1048576
4,36,B0_raw_shared,128,128,activation_ls,8,65536,2048,64,67648,6293568,3.429722377232143,1048576
4,36,B0_raw_shared,128,128,activation_ls,16,131072,0,64,131136,6357056,3.464320591517857,1048576
4,36,B0_raw_shared,256,256,projection,4,65536,4096,64,69696,6295616,3.4308384486607144,2097152
4,36,B0_raw_shared,256,256,projection,8,131072,4096,64,135232,6361152,3.466552734375,2097152
4,36,B0_raw_shared,256,256,projection,16,262144,0,64,262208,6488128,3.5357491629464284,2097152
4,36,B0_raw_shared,256,256,activation_ls,4,65536,4096,64,69696,6295616,3.4308384486607144,2097152
4,36,B0_raw_shared,256,256,activation_ls,8,131072,4096,64,135232,6361152,3.466552734375,2097152
4,36,B0_raw_shared,256,256,activation_ls,16,262144,0,64,262208,6488128,3.5357491629464284,2097152
4,36,B0_raw_shared,512,512,projection,4,131072,8192,64,139328,6365248,3.468784877232143,4194304
4,36,B0_raw_shared,512,512,projection,8,262144,8192,64,270400,6496320,3.5402134486607144,4194304
4,36,B0_raw_shared,512,512,projection,16,524288,0,64,524352,6750272,3.6786063058035716,4194304
4,36,B0_raw_shared,512,512,activation_ls,4,131072,8192,64,139328,6365248,3.468784877232143,4194304
4,36,B0_raw_shared,512,512,activation_ls,8,262144,8192,64,270400,6496320,3.5402134486607144,4194304
4,36,B0_raw_shared,512,512,activation_ls,16,524288,0,64,524352,6750272,3.6786063058035716,4194304
4,36,B1_action_shared,32,32,projection,4,8192,512,64,8768,6234688,3.3976353236607144,262144
4,36,B1_action_shared,32,32,projection,8,16384,512,64,16960,6242880,3.402099609375,262144
4,36,B1_action_shared,32,32,projection,16,32768,0,64,32832,6258752,3.4107491629464284,262144
4,36,B1_action_shared,32,32,activation_ls,4,8192,512,64,8768,6234688,3.3976353236607144,262144
4,36,B1_action_shared,32,32,activation_ls,8,16384,512,64,16960,6242880,3.402099609375,262144
4,36,B1_action_shared,32,32,activation_ls,16,32768,0,64,32832,6258752,3.4107491629464284,262144
4,36,B1_action_shared,64,64,projection,4,16384,1024,64,17472,6243392,3.402378627232143,524288
4,36,B1_action_shared,64,64,projection,8,32768,1024,64,33856,6259776,3.4113071986607144,524288
4,36,B1_action_shared,64,64,projection,16,65536,0,64,65600,6291520,3.4286063058035716,524288
4,36,B1_action_shared,64,64,activation_ls,4,16384,1024,64,17472,6243392,3.402378627232143,524288
4,36,B1_action_shared,64,64,activation_ls,8,32768,1024,64,33856,6259776,3.4113071986607144,524288
4,36,B1_action_shared,64,64,activation_ls,16,65536,0,64,65600,6291520,3.4286063058035716,524288
4,36,B1_action_shared,128,128,projection,4,32768,2048,64,34880,6260800,3.411865234375,1048576
4,36,B1_action_shared,128,128,projection,8,65536,2048,64,67648,6293568,3.429722377232143,1048576
4,36,B1_action_shared,128,128,projection,16,131072,0,64,131136,6357056,3.464320591517857,1048576
4,36,B1_action_shared,128,128,activation_ls,4,32768,2048,64,34880,6260800,3.411865234375,1048576
4,36,B1_action_shared,128,128,activation_ls,8,65536,2048,64,67648,6293568,3.429722377232143,1048576
4,36,B1_action_shared,128,128,activation_ls,16,131072,0,64,131136,6357056,3.464320591517857,1048576
4,36,B1_action_shared,256,256,projection,4,65536,4096,64,69696,6295616,3.4308384486607144,2097152
4,36,B1_action_shared,256,256,projection,8,131072,4096,64,135232,6361152,3.466552734375,2097152
4,36,B1_action_shared,256,256,projection,16,262144,0,64,262208,6488128,3.5357491629464284,2097152
4,36,B1_action_shared,256,256,activation_ls,4,65536,4096,64,69696,6295616,3.4308384486607144,2097152
4,36,B1_action_shared,256,256,activation_ls,8,131072,4096,64,135232,6361152,3.466552734375,2097152
4,36,B1_action_shared,256,256,activation_ls,16,262144,0,64,262208,6488128,3.5357491629464284,2097152
4,36,B1_action_shared,512,485,projection,4,124160,7760,64,131984,6357904,3.46478271484375,3973120
4,36,B1_action_shared,512,485,projection,8,248320,7760,64,256144,6482064,3.532444545200893,3973120
4,36,B1_action_shared,512,485,projection,16,496640,0,64,496704,6722624,3.663539341517857,3973120
4,36,B1_action_shared,512,485,activation_ls,4,124160,7760,64,131984,6357904,3.46478271484375,3973120
4,36,B1_action_shared,512,485,activation_ls,8,248320,7760,64,256144,6482064,3.532444545200893,3973120
4,36,B1_action_shared,512,485,activation_ls,16,496640,0,64,496704,6722624,3.663539341517857,3973120
4,36,B2_proxy_shared,32,32,projection,4,8192,512,64,8768,6234688,3.3976353236607144,262144
4,36,B2_proxy_shared,32,32,projection,8,16384,512,64,16960,6242880,3.402099609375,262144
4,36,B2_proxy_shared,32,32,projection,16,32768,0,64,32832,6258752,3.4107491629464284,262144
4,36,B2_proxy_shared,32,32,activation_ls,4,8192,512,64,8768,6234688,3.3976353236607144,262144
4,36,B2_proxy_shared,32,32,activation_ls,8,16384,512,64,16960,6242880,3.402099609375,262144
4,36,B2_proxy_shared,32,32,activation_ls,16,32768,0,64,32832,6258752,3.4107491629464284,262144
4,36,B2_proxy_shared,64,64,projection,4,16384,1024,64,17472,6243392,3.402378627232143,524288
4,36,B2_proxy_shared,64,64,projection,8,32768,1024,64,33856,6259776,3.4113071986607144,524288
4,36,B2_proxy_shared,64,64,projection,16,65536,0,64,65600,6291520,3.4286063058035716,524288
4,36,B2_proxy_shared,64,64,activation_ls,4,16384,1024,64,17472,6243392,3.402378627232143,524288
4,36,B2_proxy_shared,64,64,activation_ls,8,32768,1024,64,33856,6259776,3.4113071986607144,524288
4,36,B2_proxy_shared,64,64,activation_ls,16,65536,0,64,65600,6291520,3.4286063058035716,524288
4,36,B2_proxy_shared,128,128,projection,4,32768,2048,64,34880,6260800,3.411865234375,1048576
4,36,B2_proxy_shared,128,128,projection,8,65536,2048,64,67648,6293568,3.429722377232143,1048576
4,36,B2_proxy_shared,128,128,projection,16,131072,0,64,131136,6357056,3.464320591517857,1048576
4,36,B2_proxy_shared,128,128,activation_ls,4,32768,2048,64,34880,6260800,3.411865234375,1048576
4,36,B2_proxy_shared,128,128,activation_ls,8,65536,2048,64,67648,6293568,3.429722377232143,1048576
4,36,B2_proxy_shared,128,128,activation_ls,16,131072,0,64,131136,6357056,3.464320591517857,1048576
4,36,B2_proxy_shared,256,256,projection,4,65536,4096,64,69696,6295616,3.4308384486607144,2097152
4,36,B2_proxy_shared,256,256,projection,8,131072,4096,64,135232,6361152,3.466552734375,2097152
4,36,B2_proxy_shared,256,256,projection,16,262144,0,64,262208,6488128,3.5357491629464284,2097152
4,36,B2_proxy_shared,256,256,activation_ls,4,65536,4096,64,69696,6295616,3.4308384486607144,2097152
4,36,B2_proxy_shared,256,256,activation_ls,8,131072,4096,64,135232,6361152,3.466552734375,2097152
4,36,B2_proxy_shared,256,256,activation_ls,16,262144,0,64,262208,6488128,3.5357491629464284,2097152
4,36,B2_proxy_shared,512,485,projection,4,124160,7760,64,131984,6357904,3.46478271484375,3973120
4,36,B2_proxy_shared,512,485,projection,8,248320,7760,64,256144,6482064,3.532444545200893,3973120
4,36,B2_proxy_shared,512,485,projection,16,496640,0,64,496704,6722624,3.663539341517857,3973120
4,36,B2_proxy_shared,512,485,activation_ls,4,124160,7760,64,131984,6357904,3.46478271484375,3973120
4,36,B2_proxy_shared,512,485,activation_ls,8,248320,7760,64,256144,6482064,3.532444545200893,3973120
4,36,B2_proxy_shared,512,485,activation_ls,16,496640,0,64,496704,6722624,3.663539341517857,3973120
4,36,B3_action_cluster_4,32,32,projection,4,8192,512,64,8768,6234688,3.3976353236607144,1048576
4,36,B3_action_cluster_4,32,32,projection,8,16384,512,64,16960,6242880,3.402099609375,1048576
4,36,B3_action_cluster_4,32,32,projection,16,32768,0,64,32832,6258752,3.4107491629464284,1048576
4,36,B3_action_cluster_4,32,32,activation_ls,4,8192,512,64,8768,6234688,3.3976353236607144,1048576
4,36,B3_action_cluster_4,32,32,activation_ls,8,16384,512,64,16960,6242880,3.402099609375,1048576
4,36,B3_action_cluster_4,32,32,activation_ls,16,32768,0,64,32832,6258752,3.4107491629464284,1048576
4,36,B3_action_cluster_4,64,64,projection,4,16384,1024,64,17472,6243392,3.402378627232143,2097152
4,36,B3_action_cluster_4,64,64,projection,8,32768,1024,64,33856,6259776,3.4113071986607144,2097152
4,36,B3_action_cluster_4,64,64,projection,16,65536,0,64,65600,6291520,3.4286063058035716,2097152
4,36,B3_action_cluster_4,64,64,activation_ls,4,16384,1024,64,17472,6243392,3.402378627232143,2097152
4,36,B3_action_cluster_4,64,64,activation_ls,8,32768,1024,64,33856,6259776,3.4113071986607144,2097152
4,36,B3_action_cluster_4,64,64,activation_ls,16,65536,0,64,65600,6291520,3.4286063058035716,2097152
4,36,B3_action_cluster_4,128,128,projection,4,32768,2048,64,34880,6260800,3.411865234375,4194304
4,36,B3_action_cluster_4,128,128,projection,8,65536,2048,64,67648,6293568,3.429722377232143,4194304
4,36,B3_action_cluster_4,128,128,projection,16,131072,0,64,131136,6357056,3.464320591517857,4194304
4,36,B3_action_cluster_4,128,128,activation_ls,4,32768,2048,64,34880,6260800,3.411865234375,4194304
4,36,B3_action_cluster_4,128,128,activation_ls,8,65536,2048,64,67648,6293568,3.429722377232143,4194304
4,36,B3_action_cluster_4,128,128,activation_ls,16,131072,0,64,131136,6357056,3.464320591517857,4194304
4,36,B3_action_cluster_4,256,209,projection,4,53504,3344,64,56912,6282832,3.4238717215401784,6848512
4,36,B3_action_cluster_4,256,209,projection,8,107008,3344,64,110416,6336336,3.453029087611607,6848512
4,36,B3_action_cluster_4,256,209,projection,16,214016,0,64,214080,6440000,3.509521484375,6848512
4,36,B3_action_cluster_4,256,209,activation_ls,4,53504,3344,64,56912,6282832,3.4238717215401784,6848512
4,36,B3_action_cluster_4,256,209,activation_ls,8,107008,3344,64,110416,6336336,3.453029087611607,6848512
4,36,B3_action_cluster_4,256,209,activation_ls,16,214016,0,64,214080,6440000,3.509521484375,6848512
4,36,B3_action_cluster_4,512,209,projection,4,53504,3344,64,56912,6282832,3.4238717215401784,6848512
4,36,B3_action_cluster_4,512,209,projection,8,107008,3344,64,110416,6336336,3.453029087611607,6848512
4,36,B3_action_cluster_4,512,209,projection,16,214016,0,64,214080,6440000,3.509521484375,6848512
4,36,B3_action_cluster_4,512,209,activation_ls,4,53504,3344,64,56912,6282832,3.4238717215401784,6848512
4,36,B3_action_cluster_4,512,209,activation_ls,8,107008,3344,64,110416,6336336,3.453029087611607,6848512
4,36,B3_action_cluster_4,512,209,activation_ls,16,214016,0,64,214080,6440000,3.509521484375,6848512
4,36,B3_action_cluster_8,32,23,projection,4,5888,368,64,6320,6232240,3.39630126953125,1507328
4,36,B3_action_cluster_8,32,23,projection,8,11776,368,64,12208,6238128,3.399509974888393,1507328
4,36,B3_action_cluster_8,32,23,projection,16,23552,0,64,23616,6249536,3.405726841517857,1507328
4,36,B3_action_cluster_8,32,23,activation_ls,4,5888,368,64,6320,6232240,3.39630126953125,1507328
4,36,B3_action_cluster_8,32,23,activation_ls,8,11776,368,64,12208,6238128,3.399509974888393,1507328
4,36,B3_action_cluster_8,32,23,activation_ls,16,23552,0,64,23616,6249536,3.405726841517857,1507328
4,36,B3_action_cluster_8,64,23,projection,4,5888,368,64,6320,6232240,3.39630126953125,1507328
4,36,B3_action_cluster_8,64,23,projection,8,11776,368,64,12208,6238128,3.399509974888393,1507328
4,36,B3_action_cluster_8,64,23,projection,16,23552,0,64,23616,6249536,3.405726841517857,1507328
4,36,B3_action_cluster_8,64,23,activation_ls,4,5888,368,64,6320,6232240,3.39630126953125,1507328
4,36,B3_action_cluster_8,64,23,activation_ls,8,11776,368,64,12208,6238128,3.399509974888393,1507328
4,36,B3_action_cluster_8,64,23,activation_ls,16,23552,0,64,23616,6249536,3.405726841517857,1507328
4,36,B3_action_cluster_8,128,23,projection,4,5888,368,64,6320,6232240,3.39630126953125,1507328
4,36,B3_action_cluster_8,128,23,projection,8,11776,368,64,12208,6238128,3.399509974888393,1507328
4,36,B3_action_cluster_8,128,23,projection,16,23552,0,64,23616,6249536,3.405726841517857,1507328
4,36,B3_action_cluster_8,128,23,activation_ls,4,5888,368,64,6320,6232240,3.39630126953125,1507328
4,36,B3_action_cluster_8,128,23,activation_ls,8,11776,368,64,12208,6238128,3.399509974888393,1507328
4,36,B3_action_cluster_8,128,23,activation_ls,16,23552,0,64,23616,6249536,3.405726841517857,1507328
4,36,B3_action_cluster_8,256,23,projection,4,5888,368,64,6320,6232240,3.39630126953125,1507328
4,36,B3_action_cluster_8,256,23,projection,8,11776,368,64,12208,6238128,3.399509974888393,1507328
4,36,B3_action_cluster_8,256,23,projection,16,23552,0,64,23616,6249536,3.405726841517857,1507328
4,36,B3_action_cluster_8,256,23,activation_ls,4,5888,368,64,6320,6232240,3.39630126953125,1507328
4,36,B3_action_cluster_8,256,23,activation_ls,8,11776,368,64,12208,6238128,3.399509974888393,1507328
4,36,B3_action_cluster_8,256,23,activation_ls,16,23552,0,64,23616,6249536,3.405726841517857,1507328
4,36,B3_action_cluster_8,512,23,projection,4,5888,368,64,6320,6232240,3.39630126953125,1507328
4,36,B3_action_cluster_8,512,23,projection,8,11776,368,64,12208,6238128,3.399509974888393,1507328
4,36,B3_action_cluster_8,512,23,projection,16,23552,0,64,23616,6249536,3.405726841517857,1507328
4,36,B3_action_cluster_8,512,23,activation_ls,4,5888,368,64,6320,6232240,3.39630126953125,1507328
4,36,B3_action_cluster_8,512,23,activation_ls,8,11776,368,64,12208,6238128,3.399509974888393,1507328
4,36,B3_action_cluster_8,512,23,activation_ls,16,23552,0,64,23616,6249536,3.405726841517857,1507328
4,36,B4_per_expert_raw,32,32,projection,4,8192,512,64,8768,6234688,3.3976353236607144,3145728
4,36,B4_per_expert_raw,32,32,projection,8,16384,512,64,16960,6242880,3.402099609375,3145728
4,36,B4_per_expert_raw,32,32,projection,16,32768,0,64,32832,6258752,3.4107491629464284,3145728
4,36,B4_per_expert_raw,32,32,activation_ls,4,8192,512,64,8768,6234688,3.3976353236607144,3145728
4,36,B4_per_expert_raw,32,32,activation_ls,8,16384,512,64,16960,6242880,3.402099609375,3145728
4,36,B4_per_expert_raw,32,32,activation_ls,16,32768,0,64,32832,6258752,3.4107491629464284,3145728
4,36,B4_per_expert_raw,64,64,projection,4,16384,1024,64,17472,6243392,3.402378627232143,6291456
4,36,B4_per_expert_raw,64,64,projection,8,32768,1024,64,33856,6259776,3.4113071986607144,6291456
4,36,B4_per_expert_raw,64,64,projection,16,65536,0,64,65600,6291520,3.4286063058035716,6291456
4,36,B4_per_expert_raw,64,64,activation_ls,4,16384,1024,64,17472,6243392,3.402378627232143,6291456
4,36,B4_per_expert_raw,64,64,activation_ls,8,32768,1024,64,33856,6259776,3.4113071986607144,6291456
4,36,B4_per_expert_raw,64,64,activation_ls,16,65536,0,64,65600,6291520,3.4286063058035716,6291456
4,36,B4_per_expert_raw,128,128,projection,4,32768,2048,64,34880,6260800,3.411865234375,12582912
4,36,B4_per_expert_raw,128,128,projection,8,65536,2048,64,67648,6293568,3.429722377232143,12582912
4,36,B4_per_expert_raw,128,128,projection,16,131072,0,64,131136,6357056,3.464320591517857,12582912
4,36,B4_per_expert_raw,128,128,activation_ls,4,32768,2048,64,34880,6260800,3.411865234375,12582912
4,36,B4_per_expert_raw,128,128,activation_ls,8,65536,2048,64,67648,6293568,3.429722377232143,12582912
4,36,B4_per_expert_raw,128,128,activation_ls,16,131072,0,64,131136,6357056,3.464320591517857,12582912
4,36,B4_per_expert_raw,256,256,projection,4,65536,4096,64,69696,6295616,3.4308384486607144,25165824
4,36,B4_per_expert_raw,256,256,projection,8,131072,4096,64,135232,6361152,3.466552734375,25165824
4,36,B4_per_expert_raw,256,256,projection,16,262144,0,64,262208,6488128,3.5357491629464284,25165824
4,36,B4_per_expert_raw,256,256,activation_ls,4,65536,4096,64,69696,6295616,3.4308384486607144,25165824
4,36,B4_per_expert_raw,256,256,activation_ls,8,131072,4096,64,135232,6361152,3.466552734375,25165824
4,36,B4_per_expert_raw,256,256,activation_ls,16,262144,0,64,262208,6488128,3.5357491629464284,25165824
4,36,B4_per_expert_raw,512,512,projection,4,131072,8192,64,139328,6365248,3.468784877232143,50331648
4,36,B4_per_expert_raw,512,512,projection,8,262144,8192,64,270400,6496320,3.5402134486607144,50331648
4,36,B4_per_expert_raw,512,512,projection,16,524288,0,64,524352,6750272,3.6786063058035716,50331648
4,36,B4_per_expert_raw,512,512,activation_ls,4,131072,8192,64,139328,6365248,3.468784877232143,50331648
4,36,B4_per_expert_raw,512,512,activation_ls,8,262144,8192,64,270400,6496320,3.5402134486607144,50331648
4,36,B4_per_expert_raw,512,512,activation_ls,16,524288,0,64,524352,6750272,3.6786063058035716,50331648
4,82,B0_raw_shared,32,32,projection,4,8192,512,64,8768,6234688,3.3976353236607144,262144
4,82,B0_raw_shared,32,32,projection,8,16384,512,64,16960,6242880,3.402099609375,262144
4,82,B0_raw_shared,32,32,projection,16,32768,0,64,32832,6258752,3.4107491629464284,262144
4,82,B0_raw_shared,32,32,activation_ls,4,8192,512,64,8768,6234688,3.3976353236607144,262144
4,82,B0_raw_shared,32,32,activation_ls,8,16384,512,64,16960,6242880,3.402099609375,262144
4,82,B0_raw_shared,32,32,activation_ls,16,32768,0,64,32832,6258752,3.4107491629464284,262144
4,82,B0_raw_shared,64,64,projection,4,16384,1024,64,17472,6243392,3.402378627232143,524288
4,82,B0_raw_shared,64,64,projection,8,32768,1024,64,33856,6259776,3.4113071986607144,524288
4,82,B0_raw_shared,64,64,projection,16,65536,0,64,65600,6291520,3.4286063058035716,524288
4,82,B0_raw_shared,64,64,activation_ls,4,16384,1024,64,17472,6243392,3.402378627232143,524288
4,82,B0_raw_shared,64,64,activation_ls,8,32768,1024,64,33856,6259776,3.4113071986607144,524288
4,82,B0_raw_shared,64,64,activation_ls,16,65536,0,64,65600,6291520,3.4286063058035716,524288
4,82,B0_raw_shared,128,128,projection,4,32768,2048,64,34880,6260800,3.411865234375,1048576
4,82,B0_raw_shared,128,128,projection,8,65536,2048,64,67648,6293568,3.429722377232143,1048576
4,82,B0_raw_shared,128,128,projection,16,131072,0,64,131136,6357056,3.464320591517857,1048576
4,82,B0_raw_shared,128,128,activation_ls,4,32768,2048,64,34880,6260800,3.411865234375,1048576
4,82,B0_raw_shared,128,128,activation_ls,8,65536,2048,64,67648,6293568,3.429722377232143,1048576
4,82,B0_raw_shared,128,128,activation_ls,16,131072,0,64,131136,6357056,3.464320591517857,1048576
4,82,B0_raw_shared,256,256,projection,4,65536,4096,64,69696,6295616,3.4308384486607144,2097152
4,82,B0_raw_shared,256,256,projection,8,131072,4096,64,135232,6361152,3.466552734375,2097152
4,82,B0_raw_shared,256,256,projection,16,262144,0,64,262208,6488128,3.5357491629464284,2097152
4,82,B0_raw_shared,256,256,activation_ls,4,65536,4096,64,69696,6295616,3.4308384486607144,2097152
4,82,B0_raw_shared,256,256,activation_ls,8,131072,4096,64,135232,6361152,3.466552734375,2097152
4,82,B0_raw_shared,256,256,activation_ls,16,262144,0,64,262208,6488128,3.5357491629464284,2097152
4,82,B0_raw_shared,512,512,projection,4,131072,8192,64,139328,6365248,3.468784877232143,4194304
4,82,B0_raw_shared,512,512,projection,8,262144,8192,64,270400,6496320,3.5402134486607144,4194304
4,82,B0_raw_shared,512,512,projection,16,524288,0,64,524352,6750272,3.6786063058035716,4194304
4,82,B0_raw_shared,512,512,activation_ls,4,131072,8192,64,139328,6365248,3.468784877232143,4194304
4,82,B0_raw_shared,512,512,activation_ls,8,262144,8192,64,270400,6496320,3.5402134486607144,4194304
4,82,B0_raw_shared,512,512,activation_ls,16,524288,0,64,524352,6750272,3.6786063058035716,4194304
4,82,B1_action_shared,32,32,projection,4,8192,512,64,8768,6234688,3.3976353236607144,262144
4,82,B1_action_shared,32,32,projection,8,16384,512,64,16960,6242880,3.402099609375,262144
4,82,B1_action_shared,32,32,projection,16,32768,0,64,32832,6258752,3.4107491629464284,262144
4,82,B1_action_shared,32,32,activation_ls,4,8192,512,64,8768,6234688,3.3976353236607144,262144
4,82,B1_action_shared,32,32,activation_ls,8,16384,512,64,16960,6242880,3.402099609375,262144
4,82,B1_action_shared,32,32,activation_ls,16,32768,0,64,32832,6258752,3.4107491629464284,262144
4,82,B1_action_shared,64,64,projection,4,16384,1024,64,17472,6243392,3.402378627232143,524288
4,82,B1_action_shared,64,64,projection,8,32768,1024,64,33856,6259776,3.4113071986607144,524288
4,82,B1_action_shared,64,64,projection,16,65536,0,64,65600,6291520,3.4286063058035716,524288
4,82,B1_action_shared,64,64,activation_ls,4,16384,1024,64,17472,6243392,3.402378627232143,524288
4,82,B1_action_shared,64,64,activation_ls,8,32768,1024,64,33856,6259776,3.4113071986607144,524288
4,82,B1_action_shared,64,64,activation_ls,16,65536,0,64,65600,6291520,3.4286063058035716,524288
4,82,B1_action_shared,128,128,projection,4,32768,2048,64,34880,6260800,3.411865234375,1048576
4,82,B1_action_shared,128,128,projection,8,65536,2048,64,67648,6293568,3.429722377232143,1048576
4,82,B1_action_shared,128,128,projection,16,131072,0,64,131136,6357056,3.464320591517857,1048576
4,82,B1_action_shared,128,128,activation_ls,4,32768,2048,64,34880,6260800,3.411865234375,1048576
4,82,B1_action_shared,128,128,activation_ls,8,65536,2048,64,67648,6293568,3.429722377232143,1048576
4,82,B1_action_shared,128,128,activation_ls,16,131072,0,64,131136,6357056,3.464320591517857,1048576
4,82,B1_action_shared,256,256,projection,4,65536,4096,64,69696,6295616,3.4308384486607144,2097152
4,82,B1_action_shared,256,256,projection,8,131072,4096,64,135232,6361152,3.466552734375,2097152
4,82,B1_action_shared,256,256,projection,16,262144,0,64,262208,6488128,3.5357491629464284,2097152
4,82,B1_action_shared,256,256,activation_ls,4,65536,4096,64,69696,6295616,3.4308384486607144,2097152
4,82,B1_action_shared,256,256,activation_ls,8,131072,4096,64,135232,6361152,3.466552734375,2097152
4,82,B1_action_shared,256,256,activation_ls,16,262144,0,64,262208,6488128,3.5357491629464284,2097152
4,82,B1_action_shared,512,485,projection,4,124160,7760,64,131984,6357904,3.46478271484375,3973120
4,82,B1_action_shared,512,485,projection,8,248320,7760,64,256144,6482064,3.532444545200893,3973120
4,82,B1_action_shared,512,485,projection,16,496640,0,64,496704,6722624,3.663539341517857,3973120
4,82,B1_action_shared,512,485,activation_ls,4,124160,7760,64,131984,6357904,3.46478271484375,3973120
4,82,B1_action_shared,512,485,activation_ls,8,248320,7760,64,256144,6482064,3.532444545200893,3973120
4,82,B1_action_shared,512,485,activation_ls,16,496640,0,64,496704,6722624,3.663539341517857,3973120
4,82,B2_proxy_shared,32,32,projection,4,8192,512,64,8768,6234688,3.3976353236607144,262144
4,82,B2_proxy_shared,32,32,projection,8,16384,512,64,16960,6242880,3.402099609375,262144
4,82,B2_proxy_shared,32,32,projection,16,32768,0,64,32832,6258752,3.4107491629464284,262144
4,82,B2_proxy_shared,32,32,activation_ls,4,8192,512,64,8768,6234688,3.3976353236607144,262144
4,82,B2_proxy_shared,32,32,activation_ls,8,16384,512,64,16960,6242880,3.402099609375,262144
4,82,B2_proxy_shared,32,32,activation_ls,16,32768,0,64,32832,6258752,3.4107491629464284,262144
4,82,B2_proxy_shared,64,64,projection,4,16384,1024,64,17472,6243392,3.402378627232143,524288
4,82,B2_proxy_shared,64,64,projection,8,32768,1024,64,33856,6259776,3.4113071986607144,524288
4,82,B2_proxy_shared,64,64,projection,16,65536,0,64,65600,6291520,3.4286063058035716,524288
4,82,B2_proxy_shared,64,64,activation_ls,4,16384,1024,64,17472,6243392,3.402378627232143,524288
4,82,B2_proxy_shared,64,64,activation_ls,8,32768,1024,64,33856,6259776,3.4113071986607144,524288
4,82,B2_proxy_shared,64,64,activation_ls,16,65536,0,64,65600,6291520,3.4286063058035716,524288
4,82,B2_proxy_shared,128,128,projection,4,32768,2048,64,34880,6260800,3.411865234375,1048576
4,82,B2_proxy_shared,128,128,projection,8,65536,2048,64,67648,6293568,3.429722377232143,1048576
4,82,B2_proxy_shared,128,128,projection,16,131072,0,64,131136,6357056,3.464320591517857,1048576
4,82,B2_proxy_shared,128,128,activation_ls,4,32768,2048,64,34880,6260800,3.411865234375,1048576
4,82,B2_proxy_shared,128,128,activation_ls,8,65536,2048,64,67648,6293568,3.429722377232143,1048576
4,82,B2_proxy_shared,128,128,activation_ls,16,131072,0,64,131136,6357056,3.464320591517857,1048576
4,82,B2_proxy_shared,256,256,projection,4,65536,4096,64,69696,6295616,3.4308384486607144,2097152
4,82,B2_proxy_shared,256,256,projection,8,131072,4096,64,135232,6361152,3.466552734375,2097152
4,82,B2_proxy_shared,256,256,projection,16,262144,0,64,262208,6488128,3.5357491629464284,2097152
4,82,B2_proxy_shared,256,256,activation_ls,4,65536,4096,64,69696,6295616,3.4308384486607144,2097152
4,82,B2_proxy_shared,256,256,activation_ls,8,131072,4096,64,135232,6361152,3.466552734375,2097152
4,82,B2_proxy_shared,256,256,activation_ls,16,262144,0,64,262208,6488128,3.5357491629464284,2097152
4,82,B2_proxy_shared,512,485,projection,4,124160,7760,64,131984,6357904,3.46478271484375,3973120
4,82,B2_proxy_shared,512,485,projection,8,248320,7760,64,256144,6482064,3.532444545200893,3973120
4,82,B2_proxy_shared,512,485,projection,16,496640,0,64,496704,6722624,3.663539341517857,3973120
4,82,B2_proxy_shared,512,485,activation_ls,4,124160,7760,64,131984,6357904,3.46478271484375,3973120
4,82,B2_proxy_shared,512,485,activation_ls,8,248320,7760,64,256144,6482064,3.532444545200893,3973120
4,82,B2_proxy_shared,512,485,activation_ls,16,496640,0,64,496704,6722624,3.663539341517857,3973120
4,82,B3_action_cluster_4,32,32,projection,4,8192,512,64,8768,6234688,3.3976353236607144,1048576
4,82,B3_action_cluster_4,32,32,projection,8,16384,512,64,16960,6242880,3.402099609375,1048576
4,82,B3_action_cluster_4,32,32,projection,16,32768,0,64,32832,6258752,3.4107491629464284,1048576
4,82,B3_action_cluster_4,32,32,activation_ls,4,8192,512,64,8768,6234688,3.3976353236607144,1048576
4,82,B3_action_cluster_4,32,32,activation_ls,8,16384,512,64,16960,6242880,3.402099609375,1048576
4,82,B3_action_cluster_4,32,32,activation_ls,16,32768,0,64,32832,6258752,3.4107491629464284,1048576
4,82,B3_action_cluster_4,64,64,projection,4,16384,1024,64,17472,6243392,3.402378627232143,2097152
4,82,B3_action_cluster_4,64,64,projection,8,32768,1024,64,33856,6259776,3.4113071986607144,2097152
4,82,B3_action_cluster_4,64,64,projection,16,65536,0,64,65600,6291520,3.4286063058035716,2097152
4,82,B3_action_cluster_4,64,64,activation_ls,4,16384,1024,64,17472,6243392,3.402378627232143,2097152
4,82,B3_action_cluster_4,64,64,activation_ls,8,32768,1024,64,33856,6259776,3.4113071986607144,2097152
4,82,B3_action_cluster_4,64,64,activation_ls,16,65536,0,64,65600,6291520,3.4286063058035716,2097152
4,82,B3_action_cluster_4,128,126,projection,4,32256,2016,64,34336,6260256,3.4115687779017856,4128768
4,82,B3_action_cluster_4,128,126,projection,8,64512,2016,64,66592,6292512,3.4291469029017856,4128768
4,82,B3_action_cluster_4,128,126,projection,16,129024,0,64,129088,6355008,3.4632045200892856,4128768
4,82,B3_action_cluster_4,128,126,activation_ls,4,32256,2016,64,34336,6260256,3.4115687779017856,4128768
4,82,B3_action_cluster_4,128,126,activation_ls,8,64512,2016,64,66592,6292512,3.4291469029017856,4128768
4,82,B3_action_cluster_4,128,126,activation_ls,16,129024,0,64,129088,6355008,3.4632045200892856,4128768
4,82,B3_action_cluster_4,256,126,projection,4,32256,2016,64,34336,6260256,3.4115687779017856,4128768
4,82,B3_action_cluster_4,256,126,projection,8,64512,2016,64,66592,6292512,3.4291469029017856,4128768
4,82,B3_action_cluster_4,256,126,projection,16,129024,0,64,129088,6355008,3.4632045200892856,4128768
4,82,B3_action_cluster_4,256,126,activation_ls,4,32256,2016,64,34336,6260256,3.4115687779017856,4128768
4,82,B3_action_cluster_4,256,126,activation_ls,8,64512,2016,64,66592,6292512,3.4291469029017856,4128768
4,82,B3_action_cluster_4,256,126,activation_ls,16,129024,0,64,129088,6355008,3.4632045200892856,4128768
4,82,B3_action_cluster_4,512,126,projection,4,32256,2016,64,34336,6260256,3.4115687779017856,4128768
4,82,B3_action_cluster_4,512,126,projection,8,64512,2016,64,66592,6292512,3.4291469029017856,4128768
4,82,B3_action_cluster_4,512,126,projection,16,129024,0,64,129088,6355008,3.4632045200892856,4128768
4,82,B3_action_cluster_4,512,126,activation_ls,4,32256,2016,64,34336,6260256,3.4115687779017856,4128768
4,82,B3_action_cluster_4,512,126,activation_ls,8,64512,2016,64,66592,6292512,3.4291469029017856,4128768
4,82,B3_action_cluster_4,512,126,activation_ls,16,129024,0,64,129088,6355008,3.4632045200892856,4128768
4,82,B3_action_cluster_8,32,32,projection,4,8192,512,64,8768,6234688,3.3976353236607144,2097152
4,82,B3_action_cluster_8,32,32,projection,8,16384,512,64,16960,6242880,3.402099609375,2097152
4,82,B3_action_cluster_8,32,32,projection,16,32768,0,64,32832,6258752,3.4107491629464284,2097152
4,82,B3_action_cluster_8,32,32,activation_ls,4,8192,512,64,8768,6234688,3.3976353236607144,2097152
4,82,B3_action_cluster_8,32,32,activation_ls,8,16384,512,64,16960,6242880,3.402099609375,2097152
4,82,B3_action_cluster_8,32,32,activation_ls,16,32768,0,64,32832,6258752,3.4107491629464284,2097152
4,82,B3_action_cluster_8,64,45,projection,4,11520,720,64,12304,6238224,3.399562290736607,2949120
4,82,B3_action_cluster_8,64,45,projection,8,23040,720,64,23824,6249744,3.4058401925223216,2949120
4,82,B3_action_cluster_8,64,45,projection,16,46080,0,64,46144,6272064,3.418003627232143,2949120
4,82,B3_action_cluster_8,64,45,activation_ls,4,11520,720,64,12304,6238224,3.399562290736607,2949120
4,82,B3_action_cluster_8,64,45,activation_ls,8,23040,720,64,23824,6249744,3.4058401925223216,2949120
4,82,B3_action_cluster_8,64,45,activation_ls,16,46080,0,64,46144,6272064,3.418003627232143,2949120
4,82,B3_action_cluster_8,128,45,projection,4,11520,720,64,12304,6238224,3.399562290736607,2949120
4,82,B3_action_cluster_8,128,45,projection,8,23040,720,64,23824,6249744,3.4058401925223216,2949120
4,82,B3_action_cluster_8,128,45,projection,16,46080,0,64,46144,6272064,3.418003627232143,2949120
4,82,B3_action_cluster_8,128,45,activation_ls,4,11520,720,64,12304,6238224,3.399562290736607,2949120
4,82,B3_action_cluster_8,128,45,activation_ls,8,23040,720,64,23824,6249744,3.4058401925223216,2949120
4,82,B3_action_cluster_8,128,45,activation_ls,16,46080,0,64,46144,6272064,3.418003627232143,2949120
4,82,B3_action_cluster_8,256,45,projection,4,11520,720,64,12304,6238224,3.399562290736607,2949120
4,82,B3_action_cluster_8,256,45,projection,8,23040,720,64,23824,6249744,3.4058401925223216,2949120
4,82,B3_action_cluster_8,256,45,projection,16,46080,0,64,46144,6272064,3.418003627232143,2949120
4,82,B3_action_cluster_8,256,45,activation_ls,4,11520,720,64,12304,6238224,3.399562290736607,2949120
4,82,B3_action_cluster_8,256,45,activation_ls,8,23040,720,64,23824,6249744,3.4058401925223216,2949120
4,82,B3_action_cluster_8,256,45,activation_ls,16,46080,0,64,46144,6272064,3.418003627232143,2949120
4,82,B3_action_cluster_8,512,45,projection,4,11520,720,64,12304,6238224,3.399562290736607,2949120
4,82,B3_action_cluster_8,512,45,projection,8,23040,720,64,23824,6249744,3.4058401925223216,2949120
4,82,B3_action_cluster_8,512,45,projection,16,46080,0,64,46144,6272064,3.418003627232143,2949120
4,82,B3_action_cluster_8,512,45,activation_ls,4,11520,720,64,12304,6238224,3.399562290736607,2949120
4,82,B3_action_cluster_8,512,45,activation_ls,8,23040,720,64,23824,6249744,3.4058401925223216,2949120
4,82,B3_action_cluster_8,512,45,activation_ls,16,46080,0,64,46144,6272064,3.418003627232143,2949120
4,82,B4_per_expert_raw,32,32,projection,4,8192,512,64,8768,6234688,3.3976353236607144,3145728
4,82,B4_per_expert_raw,32,32,projection,8,16384,512,64,16960,6242880,3.402099609375,3145728
4,82,B4_per_expert_raw,32,32,projection,16,32768,0,64,32832,6258752,3.4107491629464284,3145728
4,82,B4_per_expert_raw,32,32,activation_ls,4,8192,512,64,8768,6234688,3.3976353236607144,3145728
4,82,B4_per_expert_raw,32,32,activation_ls,8,16384,512,64,16960,6242880,3.402099609375,3145728
4,82,B4_per_expert_raw,32,32,activation_ls,16,32768,0,64,32832,6258752,3.4107491629464284,3145728
4,82,B4_per_expert_raw,64,64,projection,4,16384,1024,64,17472,6243392,3.402378627232143,6291456
4,82,B4_per_expert_raw,64,64,projection,8,32768,1024,64,33856,6259776,3.4113071986607144,6291456
4,82,B4_per_expert_raw,64,64,projection,16,65536,0,64,65600,6291520,3.4286063058035716,6291456
4,82,B4_per_expert_raw,64,64,activation_ls,4,16384,1024,64,17472,6243392,3.402378627232143,6291456
4,82,B4_per_expert_raw,64,64,activation_ls,8,32768,1024,64,33856,6259776,3.4113071986607144,6291456
4,82,B4_per_expert_raw,64,64,activation_ls,16,65536,0,64,65600,6291520,3.4286063058035716,6291456
4,82,B4_per_expert_raw,128,128,projection,4,32768,2048,64,34880,6260800,3.411865234375,12582912
4,82,B4_per_expert_raw,128,128,projection,8,65536,2048,64,67648,6293568,3.429722377232143,12582912
4,82,B4_per_expert_raw,128,128,projection,16,131072,0,64,131136,6357056,3.464320591517857,12582912
4,82,B4_per_expert_raw,128,128,activation_ls,4,32768,2048,64,34880,6260800,3.411865234375,12582912
4,82,B4_per_expert_raw,128,128,activation_ls,8,65536,2048,64,67648,6293568,3.429722377232143,12582912
4,82,B4_per_expert_raw,128,128,activation_ls,16,131072,0,64,131136,6357056,3.464320591517857,12582912
4,82,B4_per_expert_raw,256,256,projection,4,65536,4096,64,69696,6295616,3.4308384486607144,25165824
4,82,B4_per_expert_raw,256,256,projection,8,131072,4096,64,135232,6361152,3.466552734375,25165824
4,82,B4_per_expert_raw,256,256,projection,16,262144,0,64,262208,6488128,3.5357491629464284,25165824
4,82,B4_per_expert_raw,256,256,activation_ls,4,65536,4096,64,69696,6295616,3.4308384486607144,25165824
4,82,B4_per_expert_raw,256,256,activation_ls,8,131072,4096,64,135232,6361152,3.466552734375,25165824
4,82,B4_per_expert_raw,256,256,activation_ls,16,262144,0,64,262208,6488128,3.5357491629464284,25165824
4,82,B4_per_expert_raw,512,512,projection,4,131072,8192,64,139328,6365248,3.468784877232143,50331648
4,82,B4_per_expert_raw,512,512,projection,8,262144,8192,64,270400,6496320,3.5402134486607144,50331648
4,82,B4_per_expert_raw,512,512,projection,16,524288,0,64,524352,6750272,3.6786063058035716,50331648
4,82,B4_per_expert_raw,512,512,activation_ls,4,131072,8192,64,139328,6365248,3.468784877232143,50331648
4,82,B4_per_expert_raw,512,512,activation_ls,8,262144,8192,64,270400,6496320,3.5402134486607144,50331648
4,82,B4_per_expert_raw,512,512,activation_ls,16,524288,0,64,524352,6750272,3.6786063058035716,50331648
4,111,B0_raw_shared,32,32,projection,4,8192,512,64,8768,6234688,3.3976353236607144,262144
4,111,B0_raw_shared,32,32,projection,8,16384,512,64,16960,6242880,3.402099609375,262144
4,111,B0_raw_shared,32,32,projection,16,32768,0,64,32832,6258752,3.4107491629464284,262144
4,111,B0_raw_shared,32,32,activation_ls,4,8192,512,64,8768,6234688,3.3976353236607144,262144
4,111,B0_raw_shared,32,32,activation_ls,8,16384,512,64,16960,6242880,3.402099609375,262144
4,111,B0_raw_shared,32,32,activation_ls,16,32768,0,64,32832,6258752,3.4107491629464284,262144
4,111,B0_raw_shared,64,64,projection,4,16384,1024,64,17472,6243392,3.402378627232143,524288
4,111,B0_raw_shared,64,64,projection,8,32768,1024,64,33856,6259776,3.4113071986607144,524288
4,111,B0_raw_shared,64,64,projection,16,65536,0,64,65600,6291520,3.4286063058035716,524288
4,111,B0_raw_shared,64,64,activation_ls,4,16384,1024,64,17472,6243392,3.402378627232143,524288
4,111,B0_raw_shared,64,64,activation_ls,8,32768,1024,64,33856,6259776,3.4113071986607144,524288
4,111,B0_raw_shared,64,64,activation_ls,16,65536,0,64,65600,6291520,3.4286063058035716,524288
4,111,B0_raw_shared,128,128,projection,4,32768,2048,64,34880,6260800,3.411865234375,1048576
4,111,B0_raw_shared,128,128,projection,8,65536,2048,64,67648,6293568,3.429722377232143,1048576
4,111,B0_raw_shared,128,128,projection,16,131072,0,64,131136,6357056,3.464320591517857,1048576
4,111,B0_raw_shared,128,128,activation_ls,4,32768,2048,64,34880,6260800,3.411865234375,1048576
4,111,B0_raw_shared,128,128,activation_ls,8,65536,2048,64,67648,6293568,3.429722377232143,1048576
4,111,B0_raw_shared,128,128,activation_ls,16,131072,0,64,131136,6357056,3.464320591517857,1048576
4,111,B0_raw_shared,256,256,projection,4,65536,4096,64,69696,6295616,3.4308384486607144,2097152
4,111,B0_raw_shared,256,256,projection,8,131072,4096,64,135232,6361152,3.466552734375,2097152
4,111,B0_raw_shared,256,256,projection,16,262144,0,64,262208,6488128,3.5357491629464284,2097152
4,111,B0_raw_shared,256,256,activation_ls,4,65536,4096,64,69696,6295616,3.4308384486607144,2097152
4,111,B0_raw_shared,256,256,activation_ls,8,131072,4096,64,135232,6361152,3.466552734375,2097152
4,111,B0_raw_shared,256,256,activation_ls,16,262144,0,64,262208,6488128,3.5357491629464284,2097152
4,111,B0_raw_shared,512,512,projection,4,131072,8192,64,139328,6365248,3.468784877232143,4194304
4,111,B0_raw_shared,512,512,projection,8,262144,8192,64,270400,6496320,3.5402134486607144,4194304
4,111,B0_raw_shared,512,512,projection,16,524288,0,64,524352,6750272,3.6786063058035716,4194304
4,111,B0_raw_shared,512,512,activation_ls,4,131072,8192,64,139328,6365248,3.468784877232143,4194304
4,111,B0_raw_shared,512,512,activation_ls,8,262144,8192,64,270400,6496320,3.5402134486607144,4194304
4,111,B0_raw_shared,512,512,activation_ls,16,524288,0,64,524352,6750272,3.6786063058035716,4194304
4,111,B1_action_shared,32,32,projection,4,8192,512,64,8768,6234688,3.3976353236607144,262144
4,111,B1_action_shared,32,32,projection,8,16384,512,64,16960,6242880,3.402099609375,262144
4,111,B1_action_shared,32,32,projection,16,32768,0,64,32832,6258752,3.4107491629464284,262144
4,111,B1_action_shared,32,32,activation_ls,4,8192,512,64,8768,6234688,3.3976353236607144,262144
4,111,B1_action_shared,32,32,activation_ls,8,16384,512,64,16960,6242880,3.402099609375,262144
4,111,B1_action_shared,32,32,activation_ls,16,32768,0,64,32832,6258752,3.4107491629464284,262144
4,111,B1_action_shared,64,64,projection,4,16384,1024,64,17472,6243392,3.402378627232143,524288
4,111,B1_action_shared,64,64,projection,8,32768,1024,64,33856,6259776,3.4113071986607144,524288
4,111,B1_action_shared,64,64,projection,16,65536,0,64,65600,6291520,3.4286063058035716,524288
4,111,B1_action_shared,64,64,activation_ls,4,16384,1024,64,17472,6243392,3.402378627232143,524288
4,111,B1_action_shared,64,64,activation_ls,8,32768,1024,64,33856,6259776,3.4113071986607144,524288
4,111,B1_action_shared,64,64,activation_ls,16,65536,0,64,65600,6291520,3.4286063058035716,524288
4,111,B1_action_shared,128,128,projection,4,32768,2048,64,34880,6260800,3.411865234375,1048576
4,111,B1_action_shared,128,128,projection,8,65536,2048,64,67648,6293568,3.429722377232143,1048576
4,111,B1_action_shared,128,128,projection,16,131072,0,64,131136,6357056,3.464320591517857,1048576
4,111,B1_action_shared,128,128,activation_ls,4,32768,2048,64,34880,6260800,3.411865234375,1048576
4,111,B1_action_shared,128,128,activation_ls,8,65536,2048,64,67648,6293568,3.429722377232143,1048576
4,111,B1_action_shared,128,128,activation_ls,16,131072,0,64,131136,6357056,3.464320591517857,1048576
4,111,B1_action_shared,256,256,projection,4,65536,4096,64,69696,6295616,3.4308384486607144,2097152
4,111,B1_action_shared,256,256,projection,8,131072,4096,64,135232,6361152,3.466552734375,2097152
4,111,B1_action_shared,256,256,projection,16,262144,0,64,262208,6488128,3.5357491629464284,2097152
4,111,B1_action_shared,256,256,activation_ls,4,65536,4096,64,69696,6295616,3.4308384486607144,2097152
4,111,B1_action_shared,256,256,activation_ls,8,131072,4096,64,135232,6361152,3.466552734375,2097152
4,111,B1_action_shared,256,256,activation_ls,16,262144,0,64,262208,6488128,3.5357491629464284,2097152
4,111,B1_action_shared,512,485,projection,4,124160,7760,64,131984,6357904,3.46478271484375,3973120
4,111,B1_action_shared,512,485,projection,8,248320,7760,64,256144,6482064,3.532444545200893,3973120
4,111,B1_action_shared,512,485,projection,16,496640,0,64,496704,6722624,3.663539341517857,3973120
4,111,B1_action_shared,512,485,activation_ls,4,124160,7760,64,131984,6357904,3.46478271484375,3973120
4,111,B1_action_shared,512,485,activation_ls,8,248320,7760,64,256144,6482064,3.532444545200893,3973120
4,111,B1_action_shared,512,485,activation_ls,16,496640,0,64,496704,6722624,3.663539341517857,3973120
4,111,B2_proxy_shared,32,32,projection,4,8192,512,64,8768,6234688,3.3976353236607144,262144
4,111,B2_proxy_shared,32,32,projection,8,16384,512,64,16960,6242880,3.402099609375,262144
4,111,B2_proxy_shared,32,32,projection,16,32768,0,64,32832,6258752,3.4107491629464284,262144
4,111,B2_proxy_shared,32,32,activation_ls,4,8192,512,64,8768,6234688,3.3976353236607144,262144
4,111,B2_proxy_shared,32,32,activation_ls,8,16384,512,64,16960,6242880,3.402099609375,262144
4,111,B2_proxy_shared,32,32,activation_ls,16,32768,0,64,32832,6258752,3.4107491629464284,262144
4,111,B2_proxy_shared,64,64,projection,4,16384,1024,64,17472,6243392,3.402378627232143,524288
4,111,B2_proxy_shared,64,64,projection,8,32768,1024,64,33856,6259776,3.4113071986607144,524288
4,111,B2_proxy_shared,64,64,projection,16,65536,0,64,65600,6291520,3.4286063058035716,524288
4,111,B2_proxy_shared,64,64,activation_ls,4,16384,1024,64,17472,6243392,3.402378627232143,524288
4,111,B2_proxy_shared,64,64,activation_ls,8,32768,1024,64,33856,6259776,3.4113071986607144,524288
4,111,B2_proxy_shared,64,64,activation_ls,16,65536,0,64,65600,6291520,3.4286063058035716,524288
4,111,B2_proxy_shared,128,128,projection,4,32768,2048,64,34880,6260800,3.411865234375,1048576
4,111,B2_proxy_shared,128,128,projection,8,65536,2048,64,67648,6293568,3.429722377232143,1048576
4,111,B2_proxy_shared,128,128,projection,16,131072,0,64,131136,6357056,3.464320591517857,1048576
4,111,B2_proxy_shared,128,128,activation_ls,4,32768,2048,64,34880,6260800,3.411865234375,1048576
4,111,B2_proxy_shared,128,128,activation_ls,8,65536,2048,64,67648,6293568,3.429722377232143,1048576
4,111,B2_proxy_shared,128,128,activation_ls,16,131072,0,64,131136,6357056,3.464320591517857,1048576
4,111,B2_proxy_shared,256,256,projection,4,65536,4096,64,69696,6295616,3.4308384486607144,2097152
4,111,B2_proxy_shared,256,256,projection,8,131072,4096,64,135232,6361152,3.466552734375,2097152
4,111,B2_proxy_shared,256,256,projection,16,262144,0,64,262208,6488128,3.5357491629464284,2097152
4,111,B2_proxy_shared,256,256,activation_ls,4,65536,4096,64,69696,6295616,3.4308384486607144,2097152
4,111,B2_proxy_shared,256,256,activation_ls,8,131072,4096,64,135232,6361152,3.466552734375,2097152
4,111,B2_proxy_shared,256,256,activation_ls,16,262144,0,64,262208,6488128,3.5357491629464284,2097152
4,111,B2_proxy_shared,512,485,projection,4,124160,7760,64,131984,6357904,3.46478271484375,3973120
4,111,B2_proxy_shared,512,485,projection,8,248320,7760,64,256144,6482064,3.532444545200893,3973120
4,111,B2_proxy_shared,512,485,projection,16,496640,0,64,496704,6722624,3.663539341517857,3973120
4,111,B2_proxy_shared,512,485,activation_ls,4,124160,7760,64,131984,6357904,3.46478271484375,3973120
4,111,B2_proxy_shared,512,485,activation_ls,8,248320,7760,64,256144,6482064,3.532444545200893,3973120
4,111,B2_proxy_shared,512,485,activation_ls,16,496640,0,64,496704,6722624,3.663539341517857,3973120
4,111,B3_action_cluster_4,32,32,projection,4,8192,512,64,8768,6234688,3.3976353236607144,1048576
4,111,B3_action_cluster_4,32,32,projection,8,16384,512,64,16960,6242880,3.402099609375,1048576
4,111,B3_action_cluster_4,32,32,projection,16,32768,0,64,32832,6258752,3.4107491629464284,1048576
4,111,B3_action_cluster_4,32,32,activation_ls,4,8192,512,64,8768,6234688,3.3976353236607144,1048576
4,111,B3_action_cluster_4,32,32,activation_ls,8,16384,512,64,16960,6242880,3.402099609375,1048576
4,111,B3_action_cluster_4,32,32,activation_ls,16,32768,0,64,32832,6258752,3.4107491629464284,1048576
4,111,B3_action_cluster_4,64,64,projection,4,16384,1024,64,17472,6243392,3.402378627232143,2097152
4,111,B3_action_cluster_4,64,64,projection,8,32768,1024,64,33856,6259776,3.4113071986607144,2097152
4,111,B3_action_cluster_4,64,64,projection,16,65536,0,64,65600,6291520,3.4286063058035716,2097152
4,111,B3_action_cluster_4,64,64,activation_ls,4,16384,1024,64,17472,6243392,3.402378627232143,2097152
4,111,B3_action_cluster_4,64,64,activation_ls,8,32768,1024,64,33856,6259776,3.4113071986607144,2097152
4,111,B3_action_cluster_4,64,64,activation_ls,16,65536,0,64,65600,6291520,3.4286063058035716,2097152
4,111,B3_action_cluster_4,128,126,projection,4,32256,2016,64,34336,6260256,3.4115687779017856,4128768
4,111,B3_action_cluster_4,128,126,projection,8,64512,2016,64,66592,6292512,3.4291469029017856,4128768
4,111,B3_action_cluster_4,128,126,projection,16,129024,0,64,129088,6355008,3.4632045200892856,4128768
4,111,B3_action_cluster_4,128,126,activation_ls,4,32256,2016,64,34336,6260256,3.4115687779017856,4128768
4,111,B3_action_cluster_4,128,126,activation_ls,8,64512,2016,64,66592,6292512,3.4291469029017856,4128768
4,111,B3_action_cluster_4,128,126,activation_ls,16,129024,0,64,129088,6355008,3.4632045200892856,4128768
4,111,B3_action_cluster_4,256,126,projection,4,32256,2016,64,34336,6260256,3.4115687779017856,4128768
4,111,B3_action_cluster_4,256,126,projection,8,64512,2016,64,66592,6292512,3.4291469029017856,4128768
4,111,B3_action_cluster_4,256,126,projection,16,129024,0,64,129088,6355008,3.4632045200892856,4128768
4,111,B3_action_cluster_4,256,126,activation_ls,4,32256,2016,64,34336,6260256,3.4115687779017856,4128768
4,111,B3_action_cluster_4,256,126,activation_ls,8,64512,2016,64,66592,6292512,3.4291469029017856,4128768
4,111,B3_action_cluster_4,256,126,activation_ls,16,129024,0,64,129088,6355008,3.4632045200892856,4128768
4,111,B3_action_cluster_4,512,126,projection,4,32256,2016,64,34336,6260256,3.4115687779017856,4128768
4,111,B3_action_cluster_4,512,126,projection,8,64512,2016,64,66592,6292512,3.4291469029017856,4128768
4,111,B3_action_cluster_4,512,126,projection,16,129024,0,64,129088,6355008,3.4632045200892856,4128768
4,111,B3_action_cluster_4,512,126,activation_ls,4,32256,2016,64,34336,6260256,3.4115687779017856,4128768
4,111,B3_action_cluster_4,512,126,activation_ls,8,64512,2016,64,66592,6292512,3.4291469029017856,4128768
4,111,B3_action_cluster_4,512,126,activation_ls,16,129024,0,64,129088,6355008,3.4632045200892856,4128768
4,111,B3_action_cluster_8,32,3,projection,4,768,48,64,880,6226800,3.393336704799107,196608
4,111,B3_action_cluster_8,32,3,projection,8,1536,48,64,1648,6227568,3.3937552315848216,196608
4,111,B3_action_cluster_8,32,3,projection,16,3072,0,64,3136,6229056,3.394566127232143,196608
4,111,B3_action_cluster_8,32,3,activation_ls,4,768,48,64,880,6226800,3.393336704799107,196608
4,111,B3_action_cluster_8,32,3,activation_ls,8,1536,48,64,1648,6227568,3.3937552315848216,196608
4,111,B3_action_cluster_8,32,3,activation_ls,16,3072,0,64,3136,6229056,3.394566127232143,196608
4,111,B3_action_cluster_8,64,3,projection,4,768,48,64,880,6226800,3.393336704799107,196608
4,111,B3_action_cluster_8,64,3,projection,8,1536,48,64,1648,6227568,3.3937552315848216,196608
4,111,B3_action_cluster_8,64,3,projection,16,3072,0,64,3136,6229056,3.394566127232143,196608
4,111,B3_action_cluster_8,64,3,activation_ls,4,768,48,64,880,6226800,3.393336704799107,196608
4,111,B3_action_cluster_8,64,3,activation_ls,8,1536,48,64,1648,6227568,3.3937552315848216,196608
4,111,B3_action_cluster_8,64,3,activation_ls,16,3072,0,64,3136,6229056,3.394566127232143,196608
4,111,B3_action_cluster_8,128,3,projection,4,768,48,64,880,6226800,3.393336704799107,196608
4,111,B3_action_cluster_8,128,3,projection,8,1536,48,64,1648,6227568,3.3937552315848216,196608
4,111,B3_action_cluster_8,128,3,projection,16,3072,0,64,3136,6229056,3.394566127232143,196608
4,111,B3_action_cluster_8,128,3,activation_ls,4,768,48,64,880,6226800,3.393336704799107,196608
4,111,B3_action_cluster_8,128,3,activation_ls,8,1536,48,64,1648,6227568,3.3937552315848216,196608
4,111,B3_action_cluster_8,128,3,activation_ls,16,3072,0,64,3136,6229056,3.394566127232143,196608
4,111,B3_action_cluster_8,256,3,projection,4,768,48,64,880,6226800,3.393336704799107,196608
4,111,B3_action_cluster_8,256,3,projection,8,1536,48,64,1648,6227568,3.3937552315848216,196608
4,111,B3_action_cluster_8,256,3,projection,16,3072,0,64,3136,6229056,3.394566127232143,196608
4,111,B3_action_cluster_8,256,3,activation_ls,4,768,48,64,880,6226800,3.393336704799107,196608
4,111,B3_action_cluster_8,256,3,activation_ls,8,1536,48,64,1648,6227568,3.3937552315848216,196608
4,111,B3_action_cluster_8,256,3,activation_ls,16,3072,0,64,3136,6229056,3.394566127232143,196608
4,111,B3_action_cluster_8,512,3,projection,4,768,48,64,880,6226800,3.393336704799107,196608
4,111,B3_action_cluster_8,512,3,projection,8,1536,48,64,1648,6227568,3.3937552315848216,196608
4,111,B3_action_cluster_8,512,3,projection,16,3072,0,64,3136,6229056,3.394566127232143,196608
4,111,B3_action_cluster_8,512,3,activation_ls,4,768,48,64,880,6226800,3.393336704799107,196608
4,111,B3_action_cluster_8,512,3,activation_ls,8,1536,48,64,1648,6227568,3.3937552315848216,196608
4,111,B3_action_cluster_8,512,3,activation_ls,16,3072,0,64,3136,6229056,3.394566127232143,196608
4,111,B4_per_expert_raw,32,32,projection,4,8192,512,64,8768,6234688,3.3976353236607144,3145728
4,111,B4_per_expert_raw,32,32,projection,8,16384,512,64,16960,6242880,3.402099609375,3145728
4,111,B4_per_expert_raw,32,32,projection,16,32768,0,64,32832,6258752,3.4107491629464284,3145728
4,111,B4_per_expert_raw,32,32,activation_ls,4,8192,512,64,8768,6234688,3.3976353236607144,3145728
4,111,B4_per_expert_raw,32,32,activation_ls,8,16384,512,64,16960,6242880,3.402099609375,3145728
4,111,B4_per_expert_raw,32,32,activation_ls,16,32768,0,64,32832,6258752,3.4107491629464284,3145728
4,111,B4_per_expert_raw,64,64,projection,4,16384,1024,64,17472,6243392,3.402378627232143,6291456
4,111,B4_per_expert_raw,64,64,projection,8,32768,1024,64,33856,6259776,3.4113071986607144,6291456
4,111,B4_per_expert_raw,64,64,projection,16,65536,0,64,65600,6291520,3.4286063058035716,6291456
4,111,B4_per_expert_raw,64,64,activation_ls,4,16384,1024,64,17472,6243392,3.402378627232143,6291456
4,111,B4_per_expert_raw,64,64,activation_ls,8,32768,1024,64,33856,6259776,3.4113071986607144,6291456
4,111,B4_per_expert_raw,64,64,activation_ls,16,65536,0,64,65600,6291520,3.4286063058035716,6291456
4,111,B4_per_expert_raw,128,128,projection,4,32768,2048,64,34880,6260800,3.411865234375,12582912
4,111,B4_per_expert_raw,128,128,projection,8,65536,2048,64,67648,6293568,3.429722377232143,12582912
4,111,B4_per_expert_raw,128,128,projection,16,131072,0,64,131136,6357056,3.464320591517857,12582912
4,111,B4_per_expert_raw,128,128,activation_ls,4,32768,2048,64,34880,6260800,3.411865234375,12582912
4,111,B4_per_expert_raw,128,128,activation_ls,8,65536,2048,64,67648,6293568,3.429722377232143,12582912
4,111,B4_per_expert_raw,128,128,activation_ls,16,131072,0,64,131136,6357056,3.464320591517857,12582912
4,111,B4_per_expert_raw,256,256,projection,4,65536,4096,64,69696,6295616,3.4308384486607144,25165824
4,111,B4_per_expert_raw,256,256,projection,8,131072,4096,64,135232,6361152,3.466552734375,25165824
4,111,B4_per_expert_raw,256,256,projection,16,262144,0,64,262208,6488128,3.5357491629464284,25165824
4,111,B4_per_expert_raw,256,256,activation_ls,4,65536,4096,64,69696,6295616,3.4308384486607144,25165824
4,111,B4_per_expert_raw,256,256,activation_ls,8,131072,4096,64,135232,6361152,3.466552734375,25165824
4,111,B4_per_expert_raw,256,256,activation_ls,16,262144,0,64,262208,6488128,3.5357491629464284,25165824
4,111,B4_per_expert_raw,512,512,projection,4,131072,8192,64,139328,6365248,3.468784877232143,50331648
4,111,B4_per_expert_raw,512,512,projection,8,262144,8192,64,270400,6496320,3.5402134486607144,50331648
4,111,B4_per_expert_raw,512,512,projection,16,524288,0,64,524352,6750272,3.6786063058035716,50331648
4,111,B4_per_expert_raw,512,512,activation_ls,4,131072,8192,64,139328,6365248,3.468784877232143,50331648
4,111,B4_per_expert_raw,512,512,activation_ls,8,262144,8192,64,270400,6496320,3.5402134486607144,50331648
4,111,B4_per_expert_raw,512,512,activation_ls,16,524288,0,64,524352,6750272,3.6786063058035716,50331648
4,129,B0_raw_shared,32,32,projection,4,8192,512,64,8768,6234688,3.3976353236607144,262144
4,129,B0_raw_shared,32,32,projection,8,16384,512,64,16960,6242880,3.402099609375,262144
4,129,B0_raw_shared,32,32,projection,16,32768,0,64,32832,6258752,3.4107491629464284,262144
4,129,B0_raw_shared,32,32,activation_ls,4,8192,512,64,8768,6234688,3.3976353236607144,262144
4,129,B0_raw_shared,32,32,activation_ls,8,16384,512,64,16960,6242880,3.402099609375,262144
4,129,B0_raw_shared,32,32,activation_ls,16,32768,0,64,32832,6258752,3.4107491629464284,262144
4,129,B0_raw_shared,64,64,projection,4,16384,1024,64,17472,6243392,3.402378627232143,524288
4,129,B0_raw_shared,64,64,projection,8,32768,1024,64,33856,6259776,3.4113071986607144,524288
4,129,B0_raw_shared,64,64,projection,16,65536,0,64,65600,6291520,3.4286063058035716,524288
4,129,B0_raw_shared,64,64,activation_ls,4,16384,1024,64,17472,6243392,3.402378627232143,524288
4,129,B0_raw_shared,64,64,activation_ls,8,32768,1024,64,33856,6259776,3.4113071986607144,524288
4,129,B0_raw_shared,64,64,activation_ls,16,65536,0,64,65600,6291520,3.4286063058035716,524288
4,129,B0_raw_shared,128,128,projection,4,32768,2048,64,34880,6260800,3.411865234375,1048576
4,129,B0_raw_shared,128,128,projection,8,65536,2048,64,67648,6293568,3.429722377232143,1048576
4,129,B0_raw_shared,128,128,projection,16,131072,0,64,131136,6357056,3.464320591517857,1048576
4,129,B0_raw_shared,128,128,activation_ls,4,32768,2048,64,34880,6260800,3.411865234375,1048576
4,129,B0_raw_shared,128,128,activation_ls,8,65536,2048,64,67648,6293568,3.429722377232143,1048576
4,129,B0_raw_shared,128,128,activation_ls,16,131072,0,64,131136,6357056,3.464320591517857,1048576
4,129,B0_raw_shared,256,256,projection,4,65536,4096,64,69696,6295616,3.4308384486607144,2097152
4,129,B0_raw_shared,256,256,projection,8,131072,4096,64,135232,6361152,3.466552734375,2097152
4,129,B0_raw_shared,256,256,projection,16,262144,0,64,262208,6488128,3.5357491629464284,2097152
4,129,B0_raw_shared,256,256,activation_ls,4,65536,4096,64,69696,6295616,3.4308384486607144,2097152
4,129,B0_raw_shared,256,256,activation_ls,8,131072,4096,64,135232,6361152,3.466552734375,2097152
4,129,B0_raw_shared,256,256,activation_ls,16,262144,0,64,262208,6488128,3.5357491629464284,2097152
4,129,B0_raw_shared,512,512,projection,4,131072,8192,64,139328,6365248,3.468784877232143,4194304
4,129,B0_raw_shared,512,512,projection,8,262144,8192,64,270400,6496320,3.5402134486607144,4194304
4,129,B0_raw_shared,512,512,projection,16,524288,0,64,524352,6750272,3.6786063058035716,4194304
4,129,B0_raw_shared,512,512,activation_ls,4,131072,8192,64,139328,6365248,3.468784877232143,4194304
4,129,B0_raw_shared,512,512,activation_ls,8,262144,8192,64,270400,6496320,3.5402134486607144,4194304
4,129,B0_raw_shared,512,512,activation_ls,16,524288,0,64,524352,6750272,3.6786063058035716,4194304
4,129,B1_action_shared,32,32,projection,4,8192,512,64,8768,6234688,3.3976353236607144,262144
4,129,B1_action_shared,32,32,projection,8,16384,512,64,16960,6242880,3.402099609375,262144
4,129,B1_action_shared,32,32,projection,16,32768,0,64,32832,6258752,3.4107491629464284,262144
4,129,B1_action_shared,32,32,activation_ls,4,8192,512,64,8768,6234688,3.3976353236607144,262144
4,129,B1_action_shared,32,32,activation_ls,8,16384,512,64,16960,6242880,3.402099609375,262144
4,129,B1_action_shared,32,32,activation_ls,16,32768,0,64,32832,6258752,3.4107491629464284,262144
4,129,B1_action_shared,64,64,projection,4,16384,1024,64,17472,6243392,3.402378627232143,524288
4,129,B1_action_shared,64,64,projection,8,32768,1024,64,33856,6259776,3.4113071986607144,524288
4,129,B1_action_shared,64,64,projection,16,65536,0,64,65600,6291520,3.4286063058035716,524288
4,129,B1_action_shared,64,64,activation_ls,4,16384,1024,64,17472,6243392,3.402378627232143,524288
4,129,B1_action_shared,64,64,activation_ls,8,32768,1024,64,33856,6259776,3.4113071986607144,524288
4,129,B1_action_shared,64,64,activation_ls,16,65536,0,64,65600,6291520,3.4286063058035716,524288
4,129,B1_action_shared,128,128,projection,4,32768,2048,64,34880,6260800,3.411865234375,1048576
4,129,B1_action_shared,128,128,projection,8,65536,2048,64,67648,6293568,3.429722377232143,1048576
4,129,B1_action_shared,128,128,projection,16,131072,0,64,131136,6357056,3.464320591517857,1048576
4,129,B1_action_shared,128,128,activation_ls,4,32768,2048,64,34880,6260800,3.411865234375,1048576
4,129,B1_action_shared,128,128,activation_ls,8,65536,2048,64,67648,6293568,3.429722377232143,1048576
4,129,B1_action_shared,128,128,activation_ls,16,131072,0,64,131136,6357056,3.464320591517857,1048576
4,129,B1_action_shared,256,256,projection,4,65536,4096,64,69696,6295616,3.4308384486607144,2097152
4,129,B1_action_shared,256,256,projection,8,131072,4096,64,135232,6361152,3.466552734375,2097152
4,129,B1_action_shared,256,256,projection,16,262144,0,64,262208,6488128,3.5357491629464284,2097152
4,129,B1_action_shared,256,256,activation_ls,4,65536,4096,64,69696,6295616,3.4308384486607144,2097152
4,129,B1_action_shared,256,256,activation_ls,8,131072,4096,64,135232,6361152,3.466552734375,2097152
4,129,B1_action_shared,256,256,activation_ls,16,262144,0,64,262208,6488128,3.5357491629464284,2097152
4,129,B1_action_shared,512,485,projection,4,124160,7760,64,131984,6357904,3.46478271484375,3973120
4,129,B1_action_shared,512,485,projection,8,248320,7760,64,256144,6482064,3.532444545200893,3973120
4,129,B1_action_shared,512,485,projection,16,496640,0,64,496704,6722624,3.663539341517857,3973120
4,129,B1_action_shared,512,485,activation_ls,4,124160,7760,64,131984,6357904,3.46478271484375,3973120
4,129,B1_action_shared,512,485,activation_ls,8,248320,7760,64,256144,6482064,3.532444545200893,3973120
4,129,B1_action_shared,512,485,activation_ls,16,496640,0,64,496704,6722624,3.663539341517857,3973120
4,129,B2_proxy_shared,32,32,projection,4,8192,512,64,8768,6234688,3.3976353236607144,262144
4,129,B2_proxy_shared,32,32,projection,8,16384,512,64,16960,6242880,3.402099609375,262144
4,129,B2_proxy_shared,32,32,projection,16,32768,0,64,32832,6258752,3.4107491629464284,262144
4,129,B2_proxy_shared,32,32,activation_ls,4,8192,512,64,8768,6234688,3.3976353236607144,262144
4,129,B2_proxy_shared,32,32,activation_ls,8,16384,512,64,16960,6242880,3.402099609375,262144
4,129,B2_proxy_shared,32,32,activation_ls,16,32768,0,64,32832,6258752,3.4107491629464284,262144
4,129,B2_proxy_shared,64,64,projection,4,16384,1024,64,17472,6243392,3.402378627232143,524288
4,129,B2_proxy_shared,64,64,projection,8,32768,1024,64,33856,6259776,3.4113071986607144,524288
4,129,B2_proxy_shared,64,64,projection,16,65536,0,64,65600,6291520,3.4286063058035716,524288
4,129,B2_proxy_shared,64,64,activation_ls,4,16384,1024,64,17472,6243392,3.402378627232143,524288
4,129,B2_proxy_shared,64,64,activation_ls,8,32768,1024,64,33856,6259776,3.4113071986607144,524288
4,129,B2_proxy_shared,64,64,activation_ls,16,65536,0,64,65600,6291520,3.4286063058035716,524288
4,129,B2_proxy_shared,128,128,projection,4,32768,2048,64,34880,6260800,3.411865234375,1048576
4,129,B2_proxy_shared,128,128,projection,8,65536,2048,64,67648,6293568,3.429722377232143,1048576
4,129,B2_proxy_shared,128,128,projection,16,131072,0,64,131136,6357056,3.464320591517857,1048576
4,129,B2_proxy_shared,128,128,activation_ls,4,32768,2048,64,34880,6260800,3.411865234375,1048576
4,129,B2_proxy_shared,128,128,activation_ls,8,65536,2048,64,67648,6293568,3.429722377232143,1048576
4,129,B2_proxy_shared,128,128,activation_ls,16,131072,0,64,131136,6357056,3.464320591517857,1048576
4,129,B2_proxy_shared,256,256,projection,4,65536,4096,64,69696,6295616,3.4308384486607144,2097152
4,129,B2_proxy_shared,256,256,projection,8,131072,4096,64,135232,6361152,3.466552734375,2097152
4,129,B2_proxy_shared,256,256,projection,16,262144,0,64,262208,6488128,3.5357491629464284,2097152
4,129,B2_proxy_shared,256,256,activation_ls,4,65536,4096,64,69696,6295616,3.4308384486607144,2097152
4,129,B2_proxy_shared,256,256,activation_ls,8,131072,4096,64,135232,6361152,3.466552734375,2097152
4,129,B2_proxy_shared,256,256,activation_ls,16,262144,0,64,262208,6488128,3.5357491629464284,2097152
4,129,B2_proxy_shared,512,485,projection,4,124160,7760,64,131984,6357904,3.46478271484375,3973120
4,129,B2_proxy_shared,512,485,projection,8,248320,7760,64,256144,6482064,3.532444545200893,3973120
4,129,B2_proxy_shared,512,485,projection,16,496640,0,64,496704,6722624,3.663539341517857,3973120
4,129,B2_proxy_shared,512,485,activation_ls,4,124160,7760,64,131984,6357904,3.46478271484375,3973120
4,129,B2_proxy_shared,512,485,activation_ls,8,248320,7760,64,256144,6482064,3.532444545200893,3973120
4,129,B2_proxy_shared,512,485,activation_ls,16,496640,0,64,496704,6722624,3.663539341517857,3973120
4,129,B3_action_cluster_4,32,32,projection,4,8192,512,64,8768,6234688,3.3976353236607144,1048576
4,129,B3_action_cluster_4,32,32,projection,8,16384,512,64,16960,6242880,3.402099609375,1048576
4,129,B3_action_cluster_4,32,32,projection,16,32768,0,64,32832,6258752,3.4107491629464284,1048576
4,129,B3_action_cluster_4,32,32,activation_ls,4,8192,512,64,8768,6234688,3.3976353236607144,1048576
4,129,B3_action_cluster_4,32,32,activation_ls,8,16384,512,64,16960,6242880,3.402099609375,1048576
4,129,B3_action_cluster_4,32,32,activation_ls,16,32768,0,64,32832,6258752,3.4107491629464284,1048576
4,129,B3_action_cluster_4,64,64,projection,4,16384,1024,64,17472,6243392,3.402378627232143,2097152
4,129,B3_action_cluster_4,64,64,projection,8,32768,1024,64,33856,6259776,3.4113071986607144,2097152
4,129,B3_action_cluster_4,64,64,projection,16,65536,0,64,65600,6291520,3.4286063058035716,2097152
4,129,B3_action_cluster_4,64,64,activation_ls,4,16384,1024,64,17472,6243392,3.402378627232143,2097152
4,129,B3_action_cluster_4,64,64,activation_ls,8,32768,1024,64,33856,6259776,3.4113071986607144,2097152
4,129,B3_action_cluster_4,64,64,activation_ls,16,65536,0,64,65600,6291520,3.4286063058035716,2097152
4,129,B3_action_cluster_4,128,126,projection,4,32256,2016,64,34336,6260256,3.4115687779017856,4128768
4,129,B3_action_cluster_4,128,126,projection,8,64512,2016,64,66592,6292512,3.4291469029017856,4128768
4,129,B3_action_cluster_4,128,126,projection,16,129024,0,64,129088,6355008,3.4632045200892856,4128768
4,129,B3_action_cluster_4,128,126,activation_ls,4,32256,2016,64,34336,6260256,3.4115687779017856,4128768
4,129,B3_action_cluster_4,128,126,activation_ls,8,64512,2016,64,66592,6292512,3.4291469029017856,4128768
4,129,B3_action_cluster_4,128,126,activation_ls,16,129024,0,64,129088,6355008,3.4632045200892856,4128768
4,129,B3_action_cluster_4,256,126,projection,4,32256,2016,64,34336,6260256,3.4115687779017856,4128768
4,129,B3_action_cluster_4,256,126,projection,8,64512,2016,64,66592,6292512,3.4291469029017856,4128768
4,129,B3_action_cluster_4,256,126,projection,16,129024,0,64,129088,6355008,3.4632045200892856,4128768
4,129,B3_action_cluster_4,256,126,activation_ls,4,32256,2016,64,34336,6260256,3.4115687779017856,4128768
4,129,B3_action_cluster_4,256,126,activation_ls,8,64512,2016,64,66592,6292512,3.4291469029017856,4128768
4,129,B3_action_cluster_4,256,126,activation_ls,16,129024,0,64,129088,6355008,3.4632045200892856,4128768
4,129,B3_action_cluster_4,512,126,projection,4,32256,2016,64,34336,6260256,3.4115687779017856,4128768
4,129,B3_action_cluster_4,512,126,projection,8,64512,2016,64,66592,6292512,3.4291469029017856,4128768
4,129,B3_action_cluster_4,512,126,projection,16,129024,0,64,129088,6355008,3.4632045200892856,4128768
4,129,B3_action_cluster_4,512,126,activation_ls,4,32256,2016,64,34336,6260256,3.4115687779017856,4128768
4,129,B3_action_cluster_4,512,126,activation_ls,8,64512,2016,64,66592,6292512,3.4291469029017856,4128768
4,129,B3_action_cluster_4,512,126,activation_ls,16,129024,0,64,129088,6355008,3.4632045200892856,4128768
4,129,B3_action_cluster_8,32,32,projection,4,8192,512,64,8768,6234688,3.3976353236607144,2097152
4,129,B3_action_cluster_8,32,32,projection,8,16384,512,64,16960,6242880,3.402099609375,2097152
4,129,B3_action_cluster_8,32,32,projection,16,32768,0,64,32832,6258752,3.4107491629464284,2097152
4,129,B3_action_cluster_8,32,32,activation_ls,4,8192,512,64,8768,6234688,3.3976353236607144,2097152
4,129,B3_action_cluster_8,32,32,activation_ls,8,16384,512,64,16960,6242880,3.402099609375,2097152
4,129,B3_action_cluster_8,32,32,activation_ls,16,32768,0,64,32832,6258752,3.4107491629464284,2097152
4,129,B3_action_cluster_8,64,64,projection,4,16384,1024,64,17472,6243392,3.402378627232143,4194304
4,129,B3_action_cluster_8,64,64,projection,8,32768,1024,64,33856,6259776,3.4113071986607144,4194304
4,129,B3_action_cluster_8,64,64,projection,16,65536,0,64,65600,6291520,3.4286063058035716,4194304
4,129,B3_action_cluster_8,64,64,activation_ls,4,16384,1024,64,17472,6243392,3.402378627232143,4194304
4,129,B3_action_cluster_8,64,64,activation_ls,8,32768,1024,64,33856,6259776,3.4113071986607144,4194304
4,129,B3_action_cluster_8,64,64,activation_ls,16,65536,0,64,65600,6291520,3.4286063058035716,4194304
4,129,B3_action_cluster_8,128,128,projection,4,32768,2048,64,34880,6260800,3.411865234375,8388608
4,129,B3_action_cluster_8,128,128,projection,8,65536,2048,64,67648,6293568,3.429722377232143,8388608
4,129,B3_action_cluster_8,128,128,projection,16,131072,0,64,131136,6357056,3.464320591517857,8388608
4,129,B3_action_cluster_8,128,128,activation_ls,4,32768,2048,64,34880,6260800,3.411865234375,8388608
4,129,B3_action_cluster_8,128,128,activation_ls,8,65536,2048,64,67648,6293568,3.429722377232143,8388608
4,129,B3_action_cluster_8,128,128,activation_ls,16,131072,0,64,131136,6357056,3.464320591517857,8388608
4,129,B3_action_cluster_8,256,168,projection,4,43008,2688,64,45760,6271680,3.4177943638392856,11010048
4,129,B3_action_cluster_8,256,168,projection,8,86016,2688,64,88768,6314688,3.4412318638392856,11010048
4,129,B3_action_cluster_8,256,168,projection,16,172032,0,64,172096,6398016,3.4866420200892856,11010048
4,129,B3_action_cluster_8,256,168,activation_ls,4,43008,2688,64,45760,6271680,3.4177943638392856,11010048
4,129,B3_action_cluster_8,256,168,activation_ls,8,86016,2688,64,88768,6314688,3.4412318638392856,11010048
4,129,B3_action_cluster_8,256,168,activation_ls,16,172032,0,64,172096,6398016,3.4866420200892856,11010048
4,129,B3_action_cluster_8,512,168,projection,4,43008,2688,64,45760,6271680,3.4177943638392856,11010048
4,129,B3_action_cluster_8,512,168,projection,8,86016,2688,64,88768,6314688,3.4412318638392856,11010048
4,129,B3_action_cluster_8,512,168,projection,16,172032,0,64,172096,6398016,3.4866420200892856,11010048
4,129,B3_action_cluster_8,512,168,activation_ls,4,43008,2688,64,45760,6271680,3.4177943638392856,11010048
4,129,B3_action_cluster_8,512,168,activation_ls,8,86016,2688,64,88768,6314688,3.4412318638392856,11010048
4,129,B3_action_cluster_8,512,168,activation_ls,16,172032,0,64,172096,6398016,3.4866420200892856,11010048
4,129,B4_per_expert_raw,32,32,projection,4,8192,512,64,8768,6234688,3.3976353236607144,3145728
4,129,B4_per_expert_raw,32,32,projection,8,16384,512,64,16960,6242880,3.402099609375,3145728
4,129,B4_per_expert_raw,32,32,projection,16,32768,0,64,32832,6258752,3.4107491629464284,3145728
4,129,B4_per_expert_raw,32,32,activation_ls,4,8192,512,64,8768,6234688,3.3976353236607144,3145728
4,129,B4_per_expert_raw,32,32,activation_ls,8,16384,512,64,16960,6242880,3.402099609375,3145728
4,129,B4_per_expert_raw,32,32,activation_ls,16,32768,0,64,32832,6258752,3.4107491629464284,3145728
4,129,B4_per_expert_raw,64,64,projection,4,16384,1024,64,17472,6243392,3.402378627232143,6291456
4,129,B4_per_expert_raw,64,64,projection,8,32768,1024,64,33856,6259776,3.4113071986607144,6291456
4,129,B4_per_expert_raw,64,64,projection,16,65536,0,64,65600,6291520,3.4286063058035716,6291456
4,129,B4_per_expert_raw,64,64,activation_ls,4,16384,1024,64,17472,6243392,3.402378627232143,6291456
4,129,B4_per_expert_raw,64,64,activation_ls,8,32768,1024,64,33856,6259776,3.4113071986607144,6291456
4,129,B4_per_expert_raw,64,64,activation_ls,16,65536,0,64,65600,6291520,3.4286063058035716,6291456
4,129,B4_per_expert_raw,128,128,projection,4,32768,2048,64,34880,6260800,3.411865234375,12582912
4,129,B4_per_expert_raw,128,128,projection,8,65536,2048,64,67648,6293568,3.429722377232143,12582912
4,129,B4_per_expert_raw,128,128,projection,16,131072,0,64,131136,6357056,3.464320591517857,12582912
4,129,B4_per_expert_raw,128,128,activation_ls,4,32768,2048,64,34880,6260800,3.411865234375,12582912
4,129,B4_per_expert_raw,128,128,activation_ls,8,65536,2048,64,67648,6293568,3.429722377232143,12582912
4,129,B4_per_expert_raw,128,128,activation_ls,16,131072,0,64,131136,6357056,3.464320591517857,12582912
4,129,B4_per_expert_raw,256,256,projection,4,65536,4096,64,69696,6295616,3.4308384486607144,25165824
4,129,B4_per_expert_raw,256,256,projection,8,131072,4096,64,135232,6361152,3.466552734375,25165824
4,129,B4_per_expert_raw,256,256,projection,16,262144,0,64,262208,6488128,3.5357491629464284,25165824
4,129,B4_per_expert_raw,256,256,activation_ls,4,65536,4096,64,69696,6295616,3.4308384486607144,25165824
4,129,B4_per_expert_raw,256,256,activation_ls,8,131072,4096,64,135232,6361152,3.466552734375,25165824
4,129,B4_per_expert_raw,256,256,activation_ls,16,262144,0,64,262208,6488128,3.5357491629464284,25165824
4,129,B4_per_expert_raw,512,512,projection,4,131072,8192,64,139328,6365248,3.468784877232143,50331648
4,129,B4_per_expert_raw,512,512,projection,8,262144,8192,64,270400,6496320,3.5402134486607144,50331648
4,129,B4_per_expert_raw,512,512,projection,16,524288,0,64,524352,6750272,3.6786063058035716,50331648
4,129,B4_per_expert_raw,512,512,activation_ls,4,131072,8192,64,139328,6365248,3.468784877232143,50331648
4,129,B4_per_expert_raw,512,512,activation_ls,8,262144,8192,64,270400,6496320,3.5402134486607144,50331648
4,129,B4_per_expert_raw,512,512,activation_ls,16,524288,0,64,524352,6750272,3.6786063058035716,50331648
4,134,B0_raw_shared,32,32,projection,4,8192,512,64,8768,6234688,3.3976353236607144,262144
4,134,B0_raw_shared,32,32,projection,8,16384,512,64,16960,6242880,3.402099609375,262144
4,134,B0_raw_shared,32,32,projection,16,32768,0,64,32832,6258752,3.4107491629464284,262144
4,134,B0_raw_shared,32,32,activation_ls,4,8192,512,64,8768,6234688,3.3976353236607144,262144
4,134,B0_raw_shared,32,32,activation_ls,8,16384,512,64,16960,6242880,3.402099609375,262144
4,134,B0_raw_shared,32,32,activation_ls,16,32768,0,64,32832,6258752,3.4107491629464284,262144
4,134,B0_raw_shared,64,64,projection,4,16384,1024,64,17472,6243392,3.402378627232143,524288
4,134,B0_raw_shared,64,64,projection,8,32768,1024,64,33856,6259776,3.4113071986607144,524288
4,134,B0_raw_shared,64,64,projection,16,65536,0,64,65600,6291520,3.4286063058035716,524288
4,134,B0_raw_shared,64,64,activation_ls,4,16384,1024,64,17472,6243392,3.402378627232143,524288
4,134,B0_raw_shared,64,64,activation_ls,8,32768,1024,64,33856,6259776,3.4113071986607144,524288
4,134,B0_raw_shared,64,64,activation_ls,16,65536,0,64,65600,6291520,3.4286063058035716,524288
4,134,B0_raw_shared,128,128,projection,4,32768,2048,64,34880,6260800,3.411865234375,1048576
4,134,B0_raw_shared,128,128,projection,8,65536,2048,64,67648,6293568,3.429722377232143,1048576
4,134,B0_raw_shared,128,128,projection,16,131072,0,64,131136,6357056,3.464320591517857,1048576
4,134,B0_raw_shared,128,128,activation_ls,4,32768,2048,64,34880,6260800,3.411865234375,1048576
4,134,B0_raw_shared,128,128,activation_ls,8,65536,2048,64,67648,6293568,3.429722377232143,1048576
4,134,B0_raw_shared,128,128,activation_ls,16,131072,0,64,131136,6357056,3.464320591517857,1048576
4,134,B0_raw_shared,256,256,projection,4,65536,4096,64,69696,6295616,3.4308384486607144,2097152
4,134,B0_raw_shared,256,256,projection,8,131072,4096,64,135232,6361152,3.466552734375,2097152
4,134,B0_raw_shared,256,256,projection,16,262144,0,64,262208,6488128,3.5357491629464284,2097152
4,134,B0_raw_shared,256,256,activation_ls,4,65536,4096,64,69696,6295616,3.4308384486607144,2097152
4,134,B0_raw_shared,256,256,activation_ls,8,131072,4096,64,135232,6361152,3.466552734375,2097152
4,134,B0_raw_shared,256,256,activation_ls,16,262144,0,64,262208,6488128,3.5357491629464284,2097152
4,134,B0_raw_shared,512,512,projection,4,131072,8192,64,139328,6365248,3.468784877232143,4194304
4,134,B0_raw_shared,512,512,projection,8,262144,8192,64,270400,6496320,3.5402134486607144,4194304
4,134,B0_raw_shared,512,512,projection,16,524288,0,64,524352,6750272,3.6786063058035716,4194304
4,134,B0_raw_shared,512,512,activation_ls,4,131072,8192,64,139328,6365248,3.468784877232143,4194304
4,134,B0_raw_shared,512,512,activation_ls,8,262144,8192,64,270400,6496320,3.5402134486607144,4194304
4,134,B0_raw_shared,512,512,activation_ls,16,524288,0,64,524352,6750272,3.6786063058035716,4194304
4,134,B1_action_shared,32,32,projection,4,8192,512,64,8768,6234688,3.3976353236607144,262144
4,134,B1_action_shared,32,32,projection,8,16384,512,64,16960,6242880,3.402099609375,262144
4,134,B1_action_shared,32,32,projection,16,32768,0,64,32832,6258752,3.4107491629464284,262144
4,134,B1_action_shared,32,32,activation_ls,4,8192,512,64,8768,6234688,3.3976353236607144,262144
4,134,B1_action_shared,32,32,activation_ls,8,16384,512,64,16960,6242880,3.402099609375,262144
4,134,B1_action_shared,32,32,activation_ls,16,32768,0,64,32832,6258752,3.4107491629464284,262144
4,134,B1_action_shared,64,64,projection,4,16384,1024,64,17472,6243392,3.402378627232143,524288
4,134,B1_action_shared,64,64,projection,8,32768,1024,64,33856,6259776,3.4113071986607144,524288
4,134,B1_action_shared,64,64,projection,16,65536,0,64,65600,6291520,3.4286063058035716,524288
4,134,B1_action_shared,64,64,activation_ls,4,16384,1024,64,17472,6243392,3.402378627232143,524288
4,134,B1_action_shared,64,64,activation_ls,8,32768,1024,64,33856,6259776,3.4113071986607144,524288
4,134,B1_action_shared,64,64,activation_ls,16,65536,0,64,65600,6291520,3.4286063058035716,524288
4,134,B1_action_shared,128,128,projection,4,32768,2048,64,34880,6260800,3.411865234375,1048576
4,134,B1_action_shared,128,128,projection,8,65536,2048,64,67648,6293568,3.429722377232143,1048576
4,134,B1_action_shared,128,128,projection,16,131072,0,64,131136,6357056,3.464320591517857,1048576
4,134,B1_action_shared,128,128,activation_ls,4,32768,2048,64,34880,6260800,3.411865234375,1048576
4,134,B1_action_shared,128,128,activation_ls,8,65536,2048,64,67648,6293568,3.429722377232143,1048576
4,134,B1_action_shared,128,128,activation_ls,16,131072,0,64,131136,6357056,3.464320591517857,1048576
4,134,B1_action_shared,256,256,projection,4,65536,4096,64,69696,6295616,3.4308384486607144,2097152
4,134,B1_action_shared,256,256,projection,8,131072,4096,64,135232,6361152,3.466552734375,2097152
4,134,B1_action_shared,256,256,projection,16,262144,0,64,262208,6488128,3.5357491629464284,2097152
4,134,B1_action_shared,256,256,activation_ls,4,65536,4096,64,69696,6295616,3.4308384486607144,2097152
4,134,B1_action_shared,256,256,activation_ls,8,131072,4096,64,135232,6361152,3.466552734375,2097152
4,134,B1_action_shared,256,256,activation_ls,16,262144,0,64,262208,6488128,3.5357491629464284,2097152
4,134,B1_action_shared,512,485,projection,4,124160,7760,64,131984,6357904,3.46478271484375,3973120
4,134,B1_action_shared,512,485,projection,8,248320,7760,64,256144,6482064,3.532444545200893,3973120
4,134,B1_action_shared,512,485,projection,16,496640,0,64,496704,6722624,3.663539341517857,3973120
4,134,B1_action_shared,512,485,activation_ls,4,124160,7760,64,131984,6357904,3.46478271484375,3973120
4,134,B1_action_shared,512,485,activation_ls,8,248320,7760,64,256144,6482064,3.532444545200893,3973120
4,134,B1_action_shared,512,485,activation_ls,16,496640,0,64,496704,6722624,3.663539341517857,3973120
4,134,B2_proxy_shared,32,32,projection,4,8192,512,64,8768,6234688,3.3976353236607144,262144
4,134,B2_proxy_shared,32,32,projection,8,16384,512,64,16960,6242880,3.402099609375,262144
4,134,B2_proxy_shared,32,32,projection,16,32768,0,64,32832,6258752,3.4107491629464284,262144
4,134,B2_proxy_shared,32,32,activation_ls,4,8192,512,64,8768,6234688,3.3976353236607144,262144
4,134,B2_proxy_shared,32,32,activation_ls,8,16384,512,64,16960,6242880,3.402099609375,262144
4,134,B2_proxy_shared,32,32,activation_ls,16,32768,0,64,32832,6258752,3.4107491629464284,262144
4,134,B2_proxy_shared,64,64,projection,4,16384,1024,64,17472,6243392,3.402378627232143,524288
4,134,B2_proxy_shared,64,64,projection,8,32768,1024,64,33856,6259776,3.4113071986607144,524288
4,134,B2_proxy_shared,64,64,projection,16,65536,0,64,65600,6291520,3.4286063058035716,524288
4,134,B2_proxy_shared,64,64,activation_ls,4,16384,1024,64,17472,6243392,3.402378627232143,524288
4,134,B2_proxy_shared,64,64,activation_ls,8,32768,1024,64,33856,6259776,3.4113071986607144,524288
4,134,B2_proxy_shared,64,64,activation_ls,16,65536,0,64,65600,6291520,3.4286063058035716,524288
4,134,B2_proxy_shared,128,128,projection,4,32768,2048,64,34880,6260800,3.411865234375,1048576
4,134,B2_proxy_shared,128,128,projection,8,65536,2048,64,67648,6293568,3.429722377232143,1048576
4,134,B2_proxy_shared,128,128,projection,16,131072,0,64,131136,6357056,3.464320591517857,1048576
4,134,B2_proxy_shared,128,128,activation_ls,4,32768,2048,64,34880,6260800,3.411865234375,1048576
4,134,B2_proxy_shared,128,128,activation_ls,8,65536,2048,64,67648,6293568,3.429722377232143,1048576
4,134,B2_proxy_shared,128,128,activation_ls,16,131072,0,64,131136,6357056,3.464320591517857,1048576
4,134,B2_proxy_shared,256,256,projection,4,65536,4096,64,69696,6295616,3.4308384486607144,2097152
4,134,B2_proxy_shared,256,256,projection,8,131072,4096,64,135232,6361152,3.466552734375,2097152
4,134,B2_proxy_shared,256,256,projection,16,262144,0,64,262208,6488128,3.5357491629464284,2097152
4,134,B2_proxy_shared,256,256,activation_ls,4,65536,4096,64,69696,6295616,3.4308384486607144,2097152
4,134,B2_proxy_shared,256,256,activation_ls,8,131072,4096,64,135232,6361152,3.466552734375,2097152
4,134,B2_proxy_shared,256,256,activation_ls,16,262144,0,64,262208,6488128,3.5357491629464284,2097152
4,134,B2_proxy_shared,512,485,projection,4,124160,7760,64,131984,6357904,3.46478271484375,3973120
4,134,B2_proxy_shared,512,485,projection,8,248320,7760,64,256144,6482064,3.532444545200893,3973120
4,134,B2_proxy_shared,512,485,projection,16,496640,0,64,496704,6722624,3.663539341517857,3973120
4,134,B2_proxy_shared,512,485,activation_ls,4,124160,7760,64,131984,6357904,3.46478271484375,3973120
4,134,B2_proxy_shared,512,485,activation_ls,8,248320,7760,64,256144,6482064,3.532444545200893,3973120
4,134,B2_proxy_shared,512,485,activation_ls,16,496640,0,64,496704,6722624,3.663539341517857,3973120
4,134,B3_action_cluster_4,32,32,projection,4,8192,512,64,8768,6234688,3.3976353236607144,1048576
4,134,B3_action_cluster_4,32,32,projection,8,16384,512,64,16960,6242880,3.402099609375,1048576
4,134,B3_action_cluster_4,32,32,projection,16,32768,0,64,32832,6258752,3.4107491629464284,1048576
4,134,B3_action_cluster_4,32,32,activation_ls,4,8192,512,64,8768,6234688,3.3976353236607144,1048576
4,134,B3_action_cluster_4,32,32,activation_ls,8,16384,512,64,16960,6242880,3.402099609375,1048576
4,134,B3_action_cluster_4,32,32,activation_ls,16,32768,0,64,32832,6258752,3.4107491629464284,1048576
4,134,B3_action_cluster_4,64,64,projection,4,16384,1024,64,17472,6243392,3.402378627232143,2097152
4,134,B3_action_cluster_4,64,64,projection,8,32768,1024,64,33856,6259776,3.4113071986607144,2097152
4,134,B3_action_cluster_4,64,64,projection,16,65536,0,64,65600,6291520,3.4286063058035716,2097152
4,134,B3_action_cluster_4,64,64,activation_ls,4,16384,1024,64,17472,6243392,3.402378627232143,2097152
4,134,B3_action_cluster_4,64,64,activation_ls,8,32768,1024,64,33856,6259776,3.4113071986607144,2097152
4,134,B3_action_cluster_4,64,64,activation_ls,16,65536,0,64,65600,6291520,3.4286063058035716,2097152
4,134,B3_action_cluster_4,128,128,projection,4,32768,2048,64,34880,6260800,3.411865234375,4194304
4,134,B3_action_cluster_4,128,128,projection,8,65536,2048,64,67648,6293568,3.429722377232143,4194304
4,134,B3_action_cluster_4,128,128,projection,16,131072,0,64,131136,6357056,3.464320591517857,4194304
4,134,B3_action_cluster_4,128,128,activation_ls,4,32768,2048,64,34880,6260800,3.411865234375,4194304
4,134,B3_action_cluster_4,128,128,activation_ls,8,65536,2048,64,67648,6293568,3.429722377232143,4194304
4,134,B3_action_cluster_4,128,128,activation_ls,16,131072,0,64,131136,6357056,3.464320591517857,4194304
4,134,B3_action_cluster_4,256,128,projection,4,32768,2048,64,34880,6260800,3.411865234375,4194304
4,134,B3_action_cluster_4,256,128,projection,8,65536,2048,64,67648,6293568,3.429722377232143,4194304
4,134,B3_action_cluster_4,256,128,projection,16,131072,0,64,131136,6357056,3.464320591517857,4194304
4,134,B3_action_cluster_4,256,128,activation_ls,4,32768,2048,64,34880,6260800,3.411865234375,4194304
4,134,B3_action_cluster_4,256,128,activation_ls,8,65536,2048,64,67648,6293568,3.429722377232143,4194304
4,134,B3_action_cluster_4,256,128,activation_ls,16,131072,0,64,131136,6357056,3.464320591517857,4194304
4,134,B3_action_cluster_4,512,128,projection,4,32768,2048,64,34880,6260800,3.411865234375,4194304
4,134,B3_action_cluster_4,512,128,projection,8,65536,2048,64,67648,6293568,3.429722377232143,4194304
4,134,B3_action_cluster_4,512,128,projection,16,131072,0,64,131136,6357056,3.464320591517857,4194304
4,134,B3_action_cluster_4,512,128,activation_ls,4,32768,2048,64,34880,6260800,3.411865234375,4194304
4,134,B3_action_cluster_4,512,128,activation_ls,8,65536,2048,64,67648,6293568,3.429722377232143,4194304
4,134,B3_action_cluster_4,512,128,activation_ls,16,131072,0,64,131136,6357056,3.464320591517857,4194304
4,134,B3_action_cluster_8,32,32,projection,4,8192,512,64,8768,6234688,3.3976353236607144,2097152
4,134,B3_action_cluster_8,32,32,projection,8,16384,512,64,16960,6242880,3.402099609375,2097152
4,134,B3_action_cluster_8,32,32,projection,16,32768,0,64,32832,6258752,3.4107491629464284,2097152
4,134,B3_action_cluster_8,32,32,activation_ls,4,8192,512,64,8768,6234688,3.3976353236607144,2097152
4,134,B3_action_cluster_8,32,32,activation_ls,8,16384,512,64,16960,6242880,3.402099609375,2097152
4,134,B3_action_cluster_8,32,32,activation_ls,16,32768,0,64,32832,6258752,3.4107491629464284,2097152
4,134,B3_action_cluster_8,64,64,projection,4,16384,1024,64,17472,6243392,3.402378627232143,4194304
4,134,B3_action_cluster_8,64,64,projection,8,32768,1024,64,33856,6259776,3.4113071986607144,4194304
4,134,B3_action_cluster_8,64,64,projection,16,65536,0,64,65600,6291520,3.4286063058035716,4194304
4,134,B3_action_cluster_8,64,64,activation_ls,4,16384,1024,64,17472,6243392,3.402378627232143,4194304
4,134,B3_action_cluster_8,64,64,activation_ls,8,32768,1024,64,33856,6259776,3.4113071986607144,4194304
4,134,B3_action_cluster_8,64,64,activation_ls,16,65536,0,64,65600,6291520,3.4286063058035716,4194304
4,134,B3_action_cluster_8,128,128,projection,4,32768,2048,64,34880,6260800,3.411865234375,8388608
4,134,B3_action_cluster_8,128,128,projection,8,65536,2048,64,67648,6293568,3.429722377232143,8388608
4,134,B3_action_cluster_8,128,128,projection,16,131072,0,64,131136,6357056,3.464320591517857,8388608
4,134,B3_action_cluster_8,128,128,activation_ls,4,32768,2048,64,34880,6260800,3.411865234375,8388608
4,134,B3_action_cluster_8,128,128,activation_ls,8,65536,2048,64,67648,6293568,3.429722377232143,8388608
4,134,B3_action_cluster_8,128,128,activation_ls,16,131072,0,64,131136,6357056,3.464320591517857,8388608
4,134,B3_action_cluster_8,256,220,projection,4,56320,3520,64,59904,6285824,3.425502232142857,14417920
4,134,B3_action_cluster_8,256,220,projection,8,112640,3520,64,116224,6342144,3.4561941964285716,14417920
4,134,B3_action_cluster_8,256,220,projection,16,225280,0,64,225344,6451264,3.515659877232143,14417920
4,134,B3_action_cluster_8,256,220,activation_ls,4,56320,3520,64,59904,6285824,3.425502232142857,14417920
4,134,B3_action_cluster_8,256,220,activation_ls,8,112640,3520,64,116224,6342144,3.4561941964285716,14417920
4,134,B3_action_cluster_8,256,220,activation_ls,16,225280,0,64,225344,6451264,3.515659877232143,14417920
4,134,B3_action_cluster_8,512,220,projection,4,56320,3520,64,59904,6285824,3.425502232142857,14417920
4,134,B3_action_cluster_8,512,220,projection,8,112640,3520,64,116224,6342144,3.4561941964285716,14417920
4,134,B3_action_cluster_8,512,220,projection,16,225280,0,64,225344,6451264,3.515659877232143,14417920
4,134,B3_action_cluster_8,512,220,activation_ls,4,56320,3520,64,59904,6285824,3.425502232142857,14417920
4,134,B3_action_cluster_8,512,220,activation_ls,8,112640,3520,64,116224,6342144,3.4561941964285716,14417920
4,134,B3_action_cluster_8,512,220,activation_ls,16,225280,0,64,225344,6451264,3.515659877232143,14417920
4,134,B4_per_expert_raw,32,32,projection,4,8192,512,64,8768,6234688,3.3976353236607144,3145728
4,134,B4_per_expert_raw,32,32,projection,8,16384,512,64,16960,6242880,3.402099609375,3145728
4,134,B4_per_expert_raw,32,32,projection,16,32768,0,64,32832,6258752,3.4107491629464284,3145728
4,134,B4_per_expert_raw,32,32,activation_ls,4,8192,512,64,8768,6234688,3.3976353236607144,3145728
4,134,B4_per_expert_raw,32,32,activation_ls,8,16384,512,64,16960,6242880,3.402099609375,3145728
4,134,B4_per_expert_raw,32,32,activation_ls,16,32768,0,64,32832,6258752,3.4107491629464284,3145728
4,134,B4_per_expert_raw,64,64,projection,4,16384,1024,64,17472,6243392,3.402378627232143,6291456
4,134,B4_per_expert_raw,64,64,projection,8,32768,1024,64,33856,6259776,3.4113071986607144,6291456
4,134,B4_per_expert_raw,64,64,projection,16,65536,0,64,65600,6291520,3.4286063058035716,6291456
4,134,B4_per_expert_raw,64,64,activation_ls,4,16384,1024,64,17472,6243392,3.402378627232143,6291456
4,134,B4_per_expert_raw,64,64,activation_ls,8,32768,1024,64,33856,6259776,3.4113071986607144,6291456
4,134,B4_per_expert_raw,64,64,activation_ls,16,65536,0,64,65600,6291520,3.4286063058035716,6291456
4,134,B4_per_expert_raw,128,128,projection,4,32768,2048,64,34880,6260800,3.411865234375,12582912
4,134,B4_per_expert_raw,128,128,projection,8,65536,2048,64,67648,6293568,3.429722377232143,12582912
4,134,B4_per_expert_raw,128,128,projection,16,131072,0,64,131136,6357056,3.464320591517857,12582912
4,134,B4_per_expert_raw,128,128,activation_ls,4,32768,2048,64,34880,6260800,3.411865234375,12582912
4,134,B4_per_expert_raw,128,128,activation_ls,8,65536,2048,64,67648,6293568,3.429722377232143,12582912
4,134,B4_per_expert_raw,128,128,activation_ls,16,131072,0,64,131136,6357056,3.464320591517857,12582912
4,134,B4_per_expert_raw,256,256,projection,4,65536,4096,64,69696,6295616,3.4308384486607144,25165824
4,134,B4_per_expert_raw,256,256,projection,8,131072,4096,64,135232,6361152,3.466552734375,25165824
4,134,B4_per_expert_raw,256,256,projection,16,262144,0,64,262208,6488128,3.5357491629464284,25165824
4,134,B4_per_expert_raw,256,256,activation_ls,4,65536,4096,64,69696,6295616,3.4308384486607144,25165824
4,134,B4_per_expert_raw,256,256,activation_ls,8,131072,4096,64,135232,6361152,3.466552734375,25165824
4,134,B4_per_expert_raw,256,256,activation_ls,16,262144,0,64,262208,6488128,3.5357491629464284,25165824
4,134,B4_per_expert_raw,512,512,projection,4,131072,8192,64,139328,6365248,3.468784877232143,50331648
4,134,B4_per_expert_raw,512,512,projection,8,262144,8192,64,270400,6496320,3.5402134486607144,50331648
4,134,B4_per_expert_raw,512,512,projection,16,524288,0,64,524352,6750272,3.6786063058035716,50331648
4,134,B4_per_expert_raw,512,512,activation_ls,4,131072,8192,64,139328,6365248,3.468784877232143,50331648
4,134,B4_per_expert_raw,512,512,activation_ls,8,262144,8192,64,270400,6496320,3.5402134486607144,50331648
4,134,B4_per_expert_raw,512,512,activation_ls,16,524288,0,64,524352,6750272,3.6786063058035716,50331648
4,143,B0_raw_shared,32,32,projection,4,8192,512,64,8768,6234688,3.3976353236607144,262144
4,143,B0_raw_shared,32,32,projection,8,16384,512,64,16960,6242880,3.402099609375,262144
4,143,B0_raw_shared,32,32,projection,16,32768,0,64,32832,6258752,3.4107491629464284,262144
4,143,B0_raw_shared,32,32,activation_ls,4,8192,512,64,8768,6234688,3.3976353236607144,262144
4,143,B0_raw_shared,32,32,activation_ls,8,16384,512,64,16960,6242880,3.402099609375,262144
4,143,B0_raw_shared,32,32,activation_ls,16,32768,0,64,32832,6258752,3.4107491629464284,262144
4,143,B0_raw_shared,64,64,projection,4,16384,1024,64,17472,6243392,3.402378627232143,524288
4,143,B0_raw_shared,64,64,projection,8,32768,1024,64,33856,6259776,3.4113071986607144,524288
4,143,B0_raw_shared,64,64,projection,16,65536,0,64,65600,6291520,3.4286063058035716,524288
4,143,B0_raw_shared,64,64,activation_ls,4,16384,1024,64,17472,6243392,3.402378627232143,524288
4,143,B0_raw_shared,64,64,activation_ls,8,32768,1024,64,33856,6259776,3.4113071986607144,524288
4,143,B0_raw_shared,64,64,activation_ls,16,65536,0,64,65600,6291520,3.4286063058035716,524288
4,143,B0_raw_shared,128,128,projection,4,32768,2048,64,34880,6260800,3.411865234375,1048576
4,143,B0_raw_shared,128,128,projection,8,65536,2048,64,67648,6293568,3.429722377232143,1048576
4,143,B0_raw_shared,128,128,projection,16,131072,0,64,131136,6357056,3.464320591517857,1048576
4,143,B0_raw_shared,128,128,activation_ls,4,32768,2048,64,34880,6260800,3.411865234375,1048576
4,143,B0_raw_shared,128,128,activation_ls,8,65536,2048,64,67648,6293568,3.429722377232143,1048576
4,143,B0_raw_shared,128,128,activation_ls,16,131072,0,64,131136,6357056,3.464320591517857,1048576
4,143,B0_raw_shared,256,256,projection,4,65536,4096,64,69696,6295616,3.4308384486607144,2097152
4,143,B0_raw_shared,256,256,projection,8,131072,4096,64,135232,6361152,3.466552734375,2097152
4,143,B0_raw_shared,256,256,projection,16,262144,0,64,262208,6488128,3.5357491629464284,2097152
4,143,B0_raw_shared,256,256,activation_ls,4,65536,4096,64,69696,6295616,3.4308384486607144,2097152
4,143,B0_raw_shared,256,256,activation_ls,8,131072,4096,64,135232,6361152,3.466552734375,2097152
4,143,B0_raw_shared,256,256,activation_ls,16,262144,0,64,262208,6488128,3.5357491629464284,2097152
4,143,B0_raw_shared,512,512,projection,4,131072,8192,64,139328,6365248,3.468784877232143,4194304
4,143,B0_raw_shared,512,512,projection,8,262144,8192,64,270400,6496320,3.5402134486607144,4194304
4,143,B0_raw_shared,512,512,projection,16,524288,0,64,524352,6750272,3.6786063058035716,4194304
4,143,B0_raw_shared,512,512,activation_ls,4,131072,8192,64,139328,6365248,3.468784877232143,4194304
4,143,B0_raw_shared,512,512,activation_ls,8,262144,8192,64,270400,6496320,3.5402134486607144,4194304
4,143,B0_raw_shared,512,512,activation_ls,16,524288,0,64,524352,6750272,3.6786063058035716,4194304
4,143,B1_action_shared,32,32,projection,4,8192,512,64,8768,6234688,3.3976353236607144,262144
4,143,B1_action_shared,32,32,projection,8,16384,512,64,16960,6242880,3.402099609375,262144
4,143,B1_action_shared,32,32,projection,16,32768,0,64,32832,6258752,3.4107491629464284,262144
4,143,B1_action_shared,32,32,activation_ls,4,8192,512,64,8768,6234688,3.3976353236607144,262144
4,143,B1_action_shared,32,32,activation_ls,8,16384,512,64,16960,6242880,3.402099609375,262144
4,143,B1_action_shared,32,32,activation_ls,16,32768,0,64,32832,6258752,3.4107491629464284,262144
4,143,B1_action_shared,64,64,projection,4,16384,1024,64,17472,6243392,3.402378627232143,524288
4,143,B1_action_shared,64,64,projection,8,32768,1024,64,33856,6259776,3.4113071986607144,524288
4,143,B1_action_shared,64,64,projection,16,65536,0,64,65600,6291520,3.4286063058035716,524288
4,143,B1_action_shared,64,64,activation_ls,4,16384,1024,64,17472,6243392,3.402378627232143,524288
4,143,B1_action_shared,64,64,activation_ls,8,32768,1024,64,33856,6259776,3.4113071986607144,524288
4,143,B1_action_shared,64,64,activation_ls,16,65536,0,64,65600,6291520,3.4286063058035716,524288
4,143,B1_action_shared,128,128,projection,4,32768,2048,64,34880,6260800,3.411865234375,1048576
4,143,B1_action_shared,128,128,projection,8,65536,2048,64,67648,6293568,3.429722377232143,1048576
4,143,B1_action_shared,128,128,projection,16,131072,0,64,131136,6357056,3.464320591517857,1048576
4,143,B1_action_shared,128,128,activation_ls,4,32768,2048,64,34880,6260800,3.411865234375,1048576
4,143,B1_action_shared,128,128,activation_ls,8,65536,2048,64,67648,6293568,3.429722377232143,1048576
4,143,B1_action_shared,128,128,activation_ls,16,131072,0,64,131136,6357056,3.464320591517857,1048576
4,143,B1_action_shared,256,256,projection,4,65536,4096,64,69696,6295616,3.4308384486607144,2097152
4,143,B1_action_shared,256,256,projection,8,131072,4096,64,135232,6361152,3.466552734375,2097152
4,143,B1_action_shared,256,256,projection,16,262144,0,64,262208,6488128,3.5357491629464284,2097152
4,143,B1_action_shared,256,256,activation_ls,4,65536,4096,64,69696,6295616,3.4308384486607144,2097152
4,143,B1_action_shared,256,256,activation_ls,8,131072,4096,64,135232,6361152,3.466552734375,2097152
4,143,B1_action_shared,256,256,activation_ls,16,262144,0,64,262208,6488128,3.5357491629464284,2097152
4,143,B1_action_shared,512,485,projection,4,124160,7760,64,131984,6357904,3.46478271484375,3973120
4,143,B1_action_shared,512,485,projection,8,248320,7760,64,256144,6482064,3.532444545200893,3973120
4,143,B1_action_shared,512,485,projection,16,496640,0,64,496704,6722624,3.663539341517857,3973120
4,143,B1_action_shared,512,485,activation_ls,4,124160,7760,64,131984,6357904,3.46478271484375,3973120
4,143,B1_action_shared,512,485,activation_ls,8,248320,7760,64,256144,6482064,3.532444545200893,3973120
4,143,B1_action_shared,512,485,activation_ls,16,496640,0,64,496704,6722624,3.663539341517857,3973120
4,143,B2_proxy_shared,32,32,projection,4,8192,512,64,8768,6234688,3.3976353236607144,262144
4,143,B2_proxy_shared,32,32,projection,8,16384,512,64,16960,6242880,3.402099609375,262144
4,143,B2_proxy_shared,32,32,projection,16,32768,0,64,32832,6258752,3.4107491629464284,262144
4,143,B2_proxy_shared,32,32,activation_ls,4,8192,512,64,8768,6234688,3.3976353236607144,262144
4,143,B2_proxy_shared,32,32,activation_ls,8,16384,512,64,16960,6242880,3.402099609375,262144
4,143,B2_proxy_shared,32,32,activation_ls,16,32768,0,64,32832,6258752,3.4107491629464284,262144
4,143,B2_proxy_shared,64,64,projection,4,16384,1024,64,17472,6243392,3.402378627232143,524288
4,143,B2_proxy_shared,64,64,projection,8,32768,1024,64,33856,6259776,3.4113071986607144,524288
4,143,B2_proxy_shared,64,64,projection,16,65536,0,64,65600,6291520,3.4286063058035716,524288
4,143,B2_proxy_shared,64,64,activation_ls,4,16384,1024,64,17472,6243392,3.402378627232143,524288
4,143,B2_proxy_shared,64,64,activation_ls,8,32768,1024,64,33856,6259776,3.4113071986607144,524288
4,143,B2_proxy_shared,64,64,activation_ls,16,65536,0,64,65600,6291520,3.4286063058035716,524288
4,143,B2_proxy_shared,128,128,projection,4,32768,2048,64,34880,6260800,3.411865234375,1048576
4,143,B2_proxy_shared,128,128,projection,8,65536,2048,64,67648,6293568,3.429722377232143,1048576
4,143,B2_proxy_shared,128,128,projection,16,131072,0,64,131136,6357056,3.464320591517857,1048576
4,143,B2_proxy_shared,128,128,activation_ls,4,32768,2048,64,34880,6260800,3.411865234375,1048576
4,143,B2_proxy_shared,128,128,activation_ls,8,65536,2048,64,67648,6293568,3.429722377232143,1048576
4,143,B2_proxy_shared,128,128,activation_ls,16,131072,0,64,131136,6357056,3.464320591517857,1048576
4,143,B2_proxy_shared,256,256,projection,4,65536,4096,64,69696,6295616,3.4308384486607144,2097152
4,143,B2_proxy_shared,256,256,projection,8,131072,4096,64,135232,6361152,3.466552734375,2097152
4,143,B2_proxy_shared,256,256,projection,16,262144,0,64,262208,6488128,3.5357491629464284,2097152
4,143,B2_proxy_shared,256,256,activation_ls,4,65536,4096,64,69696,6295616,3.4308384486607144,2097152
4,143,B2_proxy_shared,256,256,activation_ls,8,131072,4096,64,135232,6361152,3.466552734375,2097152
4,143,B2_proxy_shared,256,256,activation_ls,16,262144,0,64,262208,6488128,3.5357491629464284,2097152
4,143,B2_proxy_shared,512,485,projection,4,124160,7760,64,131984,6357904,3.46478271484375,3973120
4,143,B2_proxy_shared,512,485,projection,8,248320,7760,64,256144,6482064,3.532444545200893,3973120
4,143,B2_proxy_shared,512,485,projection,16,496640,0,64,496704,6722624,3.663539341517857,3973120
4,143,B2_proxy_shared,512,485,activation_ls,4,124160,7760,64,131984,6357904,3.46478271484375,3973120
4,143,B2_proxy_shared,512,485,activation_ls,8,248320,7760,64,256144,6482064,3.532444545200893,3973120
4,143,B2_proxy_shared,512,485,activation_ls,16,496640,0,64,496704,6722624,3.663539341517857,3973120
4,143,B3_action_cluster_4,32,32,projection,4,8192,512,64,8768,6234688,3.3976353236607144,1048576
4,143,B3_action_cluster_4,32,32,projection,8,16384,512,64,16960,6242880,3.402099609375,1048576
4,143,B3_action_cluster_4,32,32,projection,16,32768,0,64,32832,6258752,3.4107491629464284,1048576
4,143,B3_action_cluster_4,32,32,activation_ls,4,8192,512,64,8768,6234688,3.3976353236607144,1048576
4,143,B3_action_cluster_4,32,32,activation_ls,8,16384,512,64,16960,6242880,3.402099609375,1048576
4,143,B3_action_cluster_4,32,32,activation_ls,16,32768,0,64,32832,6258752,3.4107491629464284,1048576
4,143,B3_action_cluster_4,64,64,projection,4,16384,1024,64,17472,6243392,3.402378627232143,2097152
4,143,B3_action_cluster_4,64,64,projection,8,32768,1024,64,33856,6259776,3.4113071986607144,2097152
4,143,B3_action_cluster_4,64,64,projection,16,65536,0,64,65600,6291520,3.4286063058035716,2097152
4,143,B3_action_cluster_4,64,64,activation_ls,4,16384,1024,64,17472,6243392,3.402378627232143,2097152
4,143,B3_action_cluster_4,64,64,activation_ls,8,32768,1024,64,33856,6259776,3.4113071986607144,2097152
4,143,B3_action_cluster_4,64,64,activation_ls,16,65536,0,64,65600,6291520,3.4286063058035716,2097152
4,143,B3_action_cluster_4,128,126,projection,4,32256,2016,64,34336,6260256,3.4115687779017856,4128768
4,143,B3_action_cluster_4,128,126,projection,8,64512,2016,64,66592,6292512,3.4291469029017856,4128768
4,143,B3_action_cluster_4,128,126,projection,16,129024,0,64,129088,6355008,3.4632045200892856,4128768
4,143,B3_action_cluster_4,128,126,activation_ls,4,32256,2016,64,34336,6260256,3.4115687779017856,4128768
4,143,B3_action_cluster_4,128,126,activation_ls,8,64512,2016,64,66592,6292512,3.4291469029017856,4128768
4,143,B3_action_cluster_4,128,126,activation_ls,16,129024,0,64,129088,6355008,3.4632045200892856,4128768
4,143,B3_action_cluster_4,256,126,projection,4,32256,2016,64,34336,6260256,3.4115687779017856,4128768
4,143,B3_action_cluster_4,256,126,projection,8,64512,2016,64,66592,6292512,3.4291469029017856,4128768
4,143,B3_action_cluster_4,256,126,projection,16,129024,0,64,129088,6355008,3.4632045200892856,4128768
4,143,B3_action_cluster_4,256,126,activation_ls,4,32256,2016,64,34336,6260256,3.4115687779017856,4128768
4,143,B3_action_cluster_4,256,126,activation_ls,8,64512,2016,64,66592,6292512,3.4291469029017856,4128768
4,143,B3_action_cluster_4,256,126,activation_ls,16,129024,0,64,129088,6355008,3.4632045200892856,4128768
4,143,B3_action_cluster_4,512,126,projection,4,32256,2016,64,34336,6260256,3.4115687779017856,4128768
4,143,B3_action_cluster_4,512,126,projection,8,64512,2016,64,66592,6292512,3.4291469029017856,4128768
4,143,B3_action_cluster_4,512,126,projection,16,129024,0,64,129088,6355008,3.4632045200892856,4128768
4,143,B3_action_cluster_4,512,126,activation_ls,4,32256,2016,64,34336,6260256,3.4115687779017856,4128768
4,143,B3_action_cluster_4,512,126,activation_ls,8,64512,2016,64,66592,6292512,3.4291469029017856,4128768
4,143,B3_action_cluster_4,512,126,activation_ls,16,129024,0,64,129088,6355008,3.4632045200892856,4128768
4,143,B3_action_cluster_8,32,32,projection,4,8192,512,64,8768,6234688,3.3976353236607144,2097152
4,143,B3_action_cluster_8,32,32,projection,8,16384,512,64,16960,6242880,3.402099609375,2097152
4,143,B3_action_cluster_8,32,32,projection,16,32768,0,64,32832,6258752,3.4107491629464284,2097152
4,143,B3_action_cluster_8,32,32,activation_ls,4,8192,512,64,8768,6234688,3.3976353236607144,2097152
4,143,B3_action_cluster_8,32,32,activation_ls,8,16384,512,64,16960,6242880,3.402099609375,2097152
4,143,B3_action_cluster_8,32,32,activation_ls,16,32768,0,64,32832,6258752,3.4107491629464284,2097152
4,143,B3_action_cluster_8,64,64,projection,4,16384,1024,64,17472,6243392,3.402378627232143,4194304
4,143,B3_action_cluster_8,64,64,projection,8,32768,1024,64,33856,6259776,3.4113071986607144,4194304
4,143,B3_action_cluster_8,64,64,projection,16,65536,0,64,65600,6291520,3.4286063058035716,4194304
4,143,B3_action_cluster_8,64,64,activation_ls,4,16384,1024,64,17472,6243392,3.402378627232143,4194304
4,143,B3_action_cluster_8,64,64,activation_ls,8,32768,1024,64,33856,6259776,3.4113071986607144,4194304
4,143,B3_action_cluster_8,64,64,activation_ls,16,65536,0,64,65600,6291520,3.4286063058035716,4194304
4,143,B3_action_cluster_8,128,128,projection,4,32768,2048,64,34880,6260800,3.411865234375,8388608
4,143,B3_action_cluster_8,128,128,projection,8,65536,2048,64,67648,6293568,3.429722377232143,8388608
4,143,B3_action_cluster_8,128,128,projection,16,131072,0,64,131136,6357056,3.464320591517857,8388608
4,143,B3_action_cluster_8,128,128,activation_ls,4,32768,2048,64,34880,6260800,3.411865234375,8388608
4,143,B3_action_cluster_8,128,128,activation_ls,8,65536,2048,64,67648,6293568,3.429722377232143,8388608
4,143,B3_action_cluster_8,128,128,activation_ls,16,131072,0,64,131136,6357056,3.464320591517857,8388608
4,143,B3_action_cluster_8,256,168,projection,4,43008,2688,64,45760,6271680,3.4177943638392856,11010048
4,143,B3_action_cluster_8,256,168,projection,8,86016,2688,64,88768,6314688,3.4412318638392856,11010048
4,143,B3_action_cluster_8,256,168,projection,16,172032,0,64,172096,6398016,3.4866420200892856,11010048
4,143,B3_action_cluster_8,256,168,activation_ls,4,43008,2688,64,45760,6271680,3.4177943638392856,11010048
4,143,B3_action_cluster_8,256,168,activation_ls,8,86016,2688,64,88768,6314688,3.4412318638392856,11010048
4,143,B3_action_cluster_8,256,168,activation_ls,16,172032,0,64,172096,6398016,3.4866420200892856,11010048
4,143,B3_action_cluster_8,512,168,projection,4,43008,2688,64,45760,6271680,3.4177943638392856,11010048
4,143,B3_action_cluster_8,512,168,projection,8,86016,2688,64,88768,6314688,3.4412318638392856,11010048
4,143,B3_action_cluster_8,512,168,projection,16,172032,0,64,172096,6398016,3.4866420200892856,11010048
4,143,B3_action_cluster_8,512,168,activation_ls,4,43008,2688,64,45760,6271680,3.4177943638392856,11010048
4,143,B3_action_cluster_8,512,168,activation_ls,8,86016,2688,64,88768,6314688,3.4412318638392856,11010048
4,143,B3_action_cluster_8,512,168,activation_ls,16,172032,0,64,172096,6398016,3.4866420200892856,11010048
4,143,B4_per_expert_raw,32,32,projection,4,8192,512,64,8768,6234688,3.3976353236607144,3145728
4,143,B4_per_expert_raw,32,32,projection,8,16384,512,64,16960,6242880,3.402099609375,3145728
4,143,B4_per_expert_raw,32,32,projection,16,32768,0,64,32832,6258752,3.4107491629464284,3145728
4,143,B4_per_expert_raw,32,32,activation_ls,4,8192,512,64,8768,6234688,3.3976353236607144,3145728
4,143,B4_per_expert_raw,32,32,activation_ls,8,16384,512,64,16960,6242880,3.402099609375,3145728
4,143,B4_per_expert_raw,32,32,activation_ls,16,32768,0,64,32832,6258752,3.4107491629464284,3145728
4,143,B4_per_expert_raw,64,64,projection,4,16384,1024,64,17472,6243392,3.402378627232143,6291456
4,143,B4_per_expert_raw,64,64,projection,8,32768,1024,64,33856,6259776,3.4113071986607144,6291456
4,143,B4_per_expert_raw,64,64,projection,16,65536,0,64,65600,6291520,3.4286063058035716,6291456
4,143,B4_per_expert_raw,64,64,activation_ls,4,16384,1024,64,17472,6243392,3.402378627232143,6291456
4,143,B4_per_expert_raw,64,64,activation_ls,8,32768,1024,64,33856,6259776,3.4113071986607144,6291456
4,143,B4_per_expert_raw,64,64,activation_ls,16,65536,0,64,65600,6291520,3.4286063058035716,6291456
4,143,B4_per_expert_raw,128,128,projection,4,32768,2048,64,34880,6260800,3.411865234375,12582912
4,143,B4_per_expert_raw,128,128,projection,8,65536,2048,64,67648,6293568,3.429722377232143,12582912
4,143,B4_per_expert_raw,128,128,projection,16,131072,0,64,131136,6357056,3.464320591517857,12582912
4,143,B4_per_expert_raw,128,128,activation_ls,4,32768,2048,64,34880,6260800,3.411865234375,12582912
4,143,B4_per_expert_raw,128,128,activation_ls,8,65536,2048,64,67648,6293568,3.429722377232143,12582912
4,143,B4_per_expert_raw,128,128,activation_ls,16,131072,0,64,131136,6357056,3.464320591517857,12582912
4,143,B4_per_expert_raw,256,256,projection,4,65536,4096,64,69696,6295616,3.4308384486607144,25165824
4,143,B4_per_expert_raw,256,256,projection,8,131072,4096,64,135232,6361152,3.466552734375,25165824
4,143,B4_per_expert_raw,256,256,projection,16,262144,0,64,262208,6488128,3.5357491629464284,25165824
4,143,B4_per_expert_raw,256,256,activation_ls,4,65536,4096,64,69696,6295616,3.4308384486607144,25165824
4,143,B4_per_expert_raw,256,256,activation_ls,8,131072,4096,64,135232,6361152,3.466552734375,25165824
4,143,B4_per_expert_raw,256,256,activation_ls,16,262144,0,64,262208,6488128,3.5357491629464284,25165824
4,143,B4_per_expert_raw,512,512,projection,4,131072,8192,64,139328,6365248,3.468784877232143,50331648
4,143,B4_per_expert_raw,512,512,projection,8,262144,8192,64,270400,6496320,3.5402134486607144,50331648
4,143,B4_per_expert_raw,512,512,projection,16,524288,0,64,524352,6750272,3.6786063058035716,50331648
4,143,B4_per_expert_raw,512,512,activation_ls,4,131072,8192,64,139328,6365248,3.468784877232143,50331648
4,143,B4_per_expert_raw,512,512,activation_ls,8,262144,8192,64,270400,6496320,3.5402134486607144,50331648
4,143,B4_per_expert_raw,512,512,activation_ls,16,524288,0,64,524352,6750272,3.6786063058035716,50331648
4,154,B0_raw_shared,32,32,projection,4,8192,512,64,8768,6234688,3.3976353236607144,262144
4,154,B0_raw_shared,32,32,projection,8,16384,512,64,16960,6242880,3.402099609375,262144
4,154,B0_raw_shared,32,32,projection,16,32768,0,64,32832,6258752,3.4107491629464284,262144
4,154,B0_raw_shared,32,32,activation_ls,4,8192,512,64,8768,6234688,3.3976353236607144,262144
4,154,B0_raw_shared,32,32,activation_ls,8,16384,512,64,16960,6242880,3.402099609375,262144
4,154,B0_raw_shared,32,32,activation_ls,16,32768,0,64,32832,6258752,3.4107491629464284,262144
4,154,B0_raw_shared,64,64,projection,4,16384,1024,64,17472,6243392,3.402378627232143,524288
4,154,B0_raw_shared,64,64,projection,8,32768,1024,64,33856,6259776,3.4113071986607144,524288
4,154,B0_raw_shared,64,64,projection,16,65536,0,64,65600,6291520,3.4286063058035716,524288
4,154,B0_raw_shared,64,64,activation_ls,4,16384,1024,64,17472,6243392,3.402378627232143,524288
4,154,B0_raw_shared,64,64,activation_ls,8,32768,1024,64,33856,6259776,3.4113071986607144,524288
4,154,B0_raw_shared,64,64,activation_ls,16,65536,0,64,65600,6291520,3.4286063058035716,524288
4,154,B0_raw_shared,128,128,projection,4,32768,2048,64,34880,6260800,3.411865234375,1048576
4,154,B0_raw_shared,128,128,projection,8,65536,2048,64,67648,6293568,3.429722377232143,1048576
4,154,B0_raw_shared,128,128,projection,16,131072,0,64,131136,6357056,3.464320591517857,1048576
4,154,B0_raw_shared,128,128,activation_ls,4,32768,2048,64,34880,6260800,3.411865234375,1048576
4,154,B0_raw_shared,128,128,activation_ls,8,65536,2048,64,67648,6293568,3.429722377232143,1048576
4,154,B0_raw_shared,128,128,activation_ls,16,131072,0,64,131136,6357056,3.464320591517857,1048576
4,154,B0_raw_shared,256,256,projection,4,65536,4096,64,69696,6295616,3.4308384486607144,2097152
4,154,B0_raw_shared,256,256,projection,8,131072,4096,64,135232,6361152,3.466552734375,2097152
4,154,B0_raw_shared,256,256,projection,16,262144,0,64,262208,6488128,3.5357491629464284,2097152
4,154,B0_raw_shared,256,256,activation_ls,4,65536,4096,64,69696,6295616,3.4308384486607144,2097152
4,154,B0_raw_shared,256,256,activation_ls,8,131072,4096,64,135232,6361152,3.466552734375,2097152
4,154,B0_raw_shared,256,256,activation_ls,16,262144,0,64,262208,6488128,3.5357491629464284,2097152
4,154,B0_raw_shared,512,512,projection,4,131072,8192,64,139328,6365248,3.468784877232143,4194304
4,154,B0_raw_shared,512,512,projection,8,262144,8192,64,270400,6496320,3.5402134486607144,4194304
4,154,B0_raw_shared,512,512,projection,16,524288,0,64,524352,6750272,3.6786063058035716,4194304
4,154,B0_raw_shared,512,512,activation_ls,4,131072,8192,64,139328,6365248,3.468784877232143,4194304
4,154,B0_raw_shared,512,512,activation_ls,8,262144,8192,64,270400,6496320,3.5402134486607144,4194304
4,154,B0_raw_shared,512,512,activation_ls,16,524288,0,64,524352,6750272,3.6786063058035716,4194304
4,154,B1_action_shared,32,32,projection,4,8192,512,64,8768,6234688,3.3976353236607144,262144
4,154,B1_action_shared,32,32,projection,8,16384,512,64,16960,6242880,3.402099609375,262144
4,154,B1_action_shared,32,32,projection,16,32768,0,64,32832,6258752,3.4107491629464284,262144
4,154,B1_action_shared,32,32,activation_ls,4,8192,512,64,8768,6234688,3.3976353236607144,262144
4,154,B1_action_shared,32,32,activation_ls,8,16384,512,64,16960,6242880,3.402099609375,262144
4,154,B1_action_shared,32,32,activation_ls,16,32768,0,64,32832,6258752,3.4107491629464284,262144
4,154,B1_action_shared,64,64,projection,4,16384,1024,64,17472,6243392,3.402378627232143,524288
4,154,B1_action_shared,64,64,projection,8,32768,1024,64,33856,6259776,3.4113071986607144,524288
4,154,B1_action_shared,64,64,projection,16,65536,0,64,65600,6291520,3.4286063058035716,524288
4,154,B1_action_shared,64,64,activation_ls,4,16384,1024,64,17472,6243392,3.402378627232143,524288
4,154,B1_action_shared,64,64,activation_ls,8,32768,1024,64,33856,6259776,3.4113071986607144,524288
4,154,B1_action_shared,64,64,activation_ls,16,65536,0,64,65600,6291520,3.4286063058035716,524288
4,154,B1_action_shared,128,128,projection,4,32768,2048,64,34880,6260800,3.411865234375,1048576
4,154,B1_action_shared,128,128,projection,8,65536,2048,64,67648,6293568,3.429722377232143,1048576
4,154,B1_action_shared,128,128,projection,16,131072,0,64,131136,6357056,3.464320591517857,1048576
4,154,B1_action_shared,128,128,activation_ls,4,32768,2048,64,34880,6260800,3.411865234375,1048576
4,154,B1_action_shared,128,128,activation_ls,8,65536,2048,64,67648,6293568,3.429722377232143,1048576
4,154,B1_action_shared,128,128,activation_ls,16,131072,0,64,131136,6357056,3.464320591517857,1048576
4,154,B1_action_shared,256,256,projection,4,65536,4096,64,69696,6295616,3.4308384486607144,2097152
4,154,B1_action_shared,256,256,projection,8,131072,4096,64,135232,6361152,3.466552734375,2097152
4,154,B1_action_shared,256,256,projection,16,262144,0,64,262208,6488128,3.5357491629464284,2097152
4,154,B1_action_shared,256,256,activation_ls,4,65536,4096,64,69696,6295616,3.4308384486607144,2097152
4,154,B1_action_shared,256,256,activation_ls,8,131072,4096,64,135232,6361152,3.466552734375,2097152
4,154,B1_action_shared,256,256,activation_ls,16,262144,0,64,262208,6488128,3.5357491629464284,2097152
4,154,B1_action_shared,512,485,projection,4,124160,7760,64,131984,6357904,3.46478271484375,3973120
4,154,B1_action_shared,512,485,projection,8,248320,7760,64,256144,6482064,3.532444545200893,3973120
4,154,B1_action_shared,512,485,projection,16,496640,0,64,496704,6722624,3.663539341517857,3973120
4,154,B1_action_shared,512,485,activation_ls,4,124160,7760,64,131984,6357904,3.46478271484375,3973120
4,154,B1_action_shared,512,485,activation_ls,8,248320,7760,64,256144,6482064,3.532444545200893,3973120
4,154,B1_action_shared,512,485,activation_ls,16,496640,0,64,496704,6722624,3.663539341517857,3973120
4,154,B2_proxy_shared,32,32,projection,4,8192,512,64,8768,6234688,3.3976353236607144,262144
4,154,B2_proxy_shared,32,32,projection,8,16384,512,64,16960,6242880,3.402099609375,262144
4,154,B2_proxy_shared,32,32,projection,16,32768,0,64,32832,6258752,3.4107491629464284,262144
4,154,B2_proxy_shared,32,32,activation_ls,4,8192,512,64,8768,6234688,3.3976353236607144,262144
4,154,B2_proxy_shared,32,32,activation_ls,8,16384,512,64,16960,6242880,3.402099609375,262144
4,154,B2_proxy_shared,32,32,activation_ls,16,32768,0,64,32832,6258752,3.4107491629464284,262144
4,154,B2_proxy_shared,64,64,projection,4,16384,1024,64,17472,6243392,3.402378627232143,524288
4,154,B2_proxy_shared,64,64,projection,8,32768,1024,64,33856,6259776,3.4113071986607144,524288
4,154,B2_proxy_shared,64,64,projection,16,65536,0,64,65600,6291520,3.4286063058035716,524288
4,154,B2_proxy_shared,64,64,activation_ls,4,16384,1024,64,17472,6243392,3.402378627232143,524288
4,154,B2_proxy_shared,64,64,activation_ls,8,32768,1024,64,33856,6259776,3.4113071986607144,524288
4,154,B2_proxy_shared,64,64,activation_ls,16,65536,0,64,65600,6291520,3.4286063058035716,524288
4,154,B2_proxy_shared,128,128,projection,4,32768,2048,64,34880,6260800,3.411865234375,1048576
4,154,B2_proxy_shared,128,128,projection,8,65536,2048,64,67648,6293568,3.429722377232143,1048576
4,154,B2_proxy_shared,128,128,projection,16,131072,0,64,131136,6357056,3.464320591517857,1048576
4,154,B2_proxy_shared,128,128,activation_ls,4,32768,2048,64,34880,6260800,3.411865234375,1048576
4,154,B2_proxy_shared,128,128,activation_ls,8,65536,2048,64,67648,6293568,3.429722377232143,1048576
4,154,B2_proxy_shared,128,128,activation_ls,16,131072,0,64,131136,6357056,3.464320591517857,1048576
4,154,B2_proxy_shared,256,256,projection,4,65536,4096,64,69696,6295616,3.4308384486607144,2097152
4,154,B2_proxy_shared,256,256,projection,8,131072,4096,64,135232,6361152,3.466552734375,2097152
4,154,B2_proxy_shared,256,256,projection,16,262144,0,64,262208,6488128,3.5357491629464284,2097152
4,154,B2_proxy_shared,256,256,activation_ls,4,65536,4096,64,69696,6295616,3.4308384486607144,2097152
4,154,B2_proxy_shared,256,256,activation_ls,8,131072,4096,64,135232,6361152,3.466552734375,2097152
4,154,B2_proxy_shared,256,256,activation_ls,16,262144,0,64,262208,6488128,3.5357491629464284,2097152
4,154,B2_proxy_shared,512,485,projection,4,124160,7760,64,131984,6357904,3.46478271484375,3973120
4,154,B2_proxy_shared,512,485,projection,8,248320,7760,64,256144,6482064,3.532444545200893,3973120
4,154,B2_proxy_shared,512,485,projection,16,496640,0,64,496704,6722624,3.663539341517857,3973120
4,154,B2_proxy_shared,512,485,activation_ls,4,124160,7760,64,131984,6357904,3.46478271484375,3973120
4,154,B2_proxy_shared,512,485,activation_ls,8,248320,7760,64,256144,6482064,3.532444545200893,3973120
4,154,B2_proxy_shared,512,485,activation_ls,16,496640,0,64,496704,6722624,3.663539341517857,3973120
4,154,B3_action_cluster_4,32,32,projection,4,8192,512,64,8768,6234688,3.3976353236607144,1048576
4,154,B3_action_cluster_4,32,32,projection,8,16384,512,64,16960,6242880,3.402099609375,1048576
4,154,B3_action_cluster_4,32,32,projection,16,32768,0,64,32832,6258752,3.4107491629464284,1048576
4,154,B3_action_cluster_4,32,32,activation_ls,4,8192,512,64,8768,6234688,3.3976353236607144,1048576
4,154,B3_action_cluster_4,32,32,activation_ls,8,16384,512,64,16960,6242880,3.402099609375,1048576
4,154,B3_action_cluster_4,32,32,activation_ls,16,32768,0,64,32832,6258752,3.4107491629464284,1048576
4,154,B3_action_cluster_4,64,64,projection,4,16384,1024,64,17472,6243392,3.402378627232143,2097152
4,154,B3_action_cluster_4,64,64,projection,8,32768,1024,64,33856,6259776,3.4113071986607144,2097152
4,154,B3_action_cluster_4,64,64,projection,16,65536,0,64,65600,6291520,3.4286063058035716,2097152
4,154,B3_action_cluster_4,64,64,activation_ls,4,16384,1024,64,17472,6243392,3.402378627232143,2097152
4,154,B3_action_cluster_4,64,64,activation_ls,8,32768,1024,64,33856,6259776,3.4113071986607144,2097152
4,154,B3_action_cluster_4,64,64,activation_ls,16,65536,0,64,65600,6291520,3.4286063058035716,2097152
4,154,B3_action_cluster_4,128,128,projection,4,32768,2048,64,34880,6260800,3.411865234375,4194304
4,154,B3_action_cluster_4,128,128,projection,8,65536,2048,64,67648,6293568,3.429722377232143,4194304
4,154,B3_action_cluster_4,128,128,projection,16,131072,0,64,131136,6357056,3.464320591517857,4194304
4,154,B3_action_cluster_4,128,128,activation_ls,4,32768,2048,64,34880,6260800,3.411865234375,4194304
4,154,B3_action_cluster_4,128,128,activation_ls,8,65536,2048,64,67648,6293568,3.429722377232143,4194304
4,154,B3_action_cluster_4,128,128,activation_ls,16,131072,0,64,131136,6357056,3.464320591517857,4194304
4,154,B3_action_cluster_4,256,209,projection,4,53504,3344,64,56912,6282832,3.4238717215401784,6848512
4,154,B3_action_cluster_4,256,209,projection,8,107008,3344,64,110416,6336336,3.453029087611607,6848512
4,154,B3_action_cluster_4,256,209,projection,16,214016,0,64,214080,6440000,3.509521484375,6848512
4,154,B3_action_cluster_4,256,209,activation_ls,4,53504,3344,64,56912,6282832,3.4238717215401784,6848512
4,154,B3_action_cluster_4,256,209,activation_ls,8,107008,3344,64,110416,6336336,3.453029087611607,6848512
4,154,B3_action_cluster_4,256,209,activation_ls,16,214016,0,64,214080,6440000,3.509521484375,6848512
4,154,B3_action_cluster_4,512,209,projection,4,53504,3344,64,56912,6282832,3.4238717215401784,6848512
4,154,B3_action_cluster_4,512,209,projection,8,107008,3344,64,110416,6336336,3.453029087611607,6848512
4,154,B3_action_cluster_4,512,209,projection,16,214016,0,64,214080,6440000,3.509521484375,6848512
4,154,B3_action_cluster_4,512,209,activation_ls,4,53504,3344,64,56912,6282832,3.4238717215401784,6848512
4,154,B3_action_cluster_4,512,209,activation_ls,8,107008,3344,64,110416,6336336,3.453029087611607,6848512
4,154,B3_action_cluster_4,512,209,activation_ls,16,214016,0,64,214080,6440000,3.509521484375,6848512
4,154,B3_action_cluster_8,32,32,projection,4,8192,512,64,8768,6234688,3.3976353236607144,2097152
4,154,B3_action_cluster_8,32,32,projection,8,16384,512,64,16960,6242880,3.402099609375,2097152
4,154,B3_action_cluster_8,32,32,projection,16,32768,0,64,32832,6258752,3.4107491629464284,2097152
4,154,B3_action_cluster_8,32,32,activation_ls,4,8192,512,64,8768,6234688,3.3976353236607144,2097152
4,154,B3_action_cluster_8,32,32,activation_ls,8,16384,512,64,16960,6242880,3.402099609375,2097152
4,154,B3_action_cluster_8,32,32,activation_ls,16,32768,0,64,32832,6258752,3.4107491629464284,2097152
4,154,B3_action_cluster_8,64,64,projection,4,16384,1024,64,17472,6243392,3.402378627232143,4194304
4,154,B3_action_cluster_8,64,64,projection,8,32768,1024,64,33856,6259776,3.4113071986607144,4194304
4,154,B3_action_cluster_8,64,64,projection,16,65536,0,64,65600,6291520,3.4286063058035716,4194304
4,154,B3_action_cluster_8,64,64,activation_ls,4,16384,1024,64,17472,6243392,3.402378627232143,4194304
4,154,B3_action_cluster_8,64,64,activation_ls,8,32768,1024,64,33856,6259776,3.4113071986607144,4194304
4,154,B3_action_cluster_8,64,64,activation_ls,16,65536,0,64,65600,6291520,3.4286063058035716,4194304
4,154,B3_action_cluster_8,128,128,projection,4,32768,2048,64,34880,6260800,3.411865234375,8388608
4,154,B3_action_cluster_8,128,128,projection,8,65536,2048,64,67648,6293568,3.429722377232143,8388608
4,154,B3_action_cluster_8,128,128,projection,16,131072,0,64,131136,6357056,3.464320591517857,8388608
4,154,B3_action_cluster_8,128,128,activation_ls,4,32768,2048,64,34880,6260800,3.411865234375,8388608
4,154,B3_action_cluster_8,128,128,activation_ls,8,65536,2048,64,67648,6293568,3.429722377232143,8388608
4,154,B3_action_cluster_8,128,128,activation_ls,16,131072,0,64,131136,6357056,3.464320591517857,8388608
4,154,B3_action_cluster_8,256,220,projection,4,56320,3520,64,59904,6285824,3.425502232142857,14417920
4,154,B3_action_cluster_8,256,220,projection,8,112640,3520,64,116224,6342144,3.4561941964285716,14417920
4,154,B3_action_cluster_8,256,220,projection,16,225280,0,64,225344,6451264,3.515659877232143,14417920
4,154,B3_action_cluster_8,256,220,activation_ls,4,56320,3520,64,59904,6285824,3.425502232142857,14417920
4,154,B3_action_cluster_8,256,220,activation_ls,8,112640,3520,64,116224,6342144,3.4561941964285716,14417920
4,154,B3_action_cluster_8,256,220,activation_ls,16,225280,0,64,225344,6451264,3.515659877232143,14417920
4,154,B3_action_cluster_8,512,220,projection,4,56320,3520,64,59904,6285824,3.425502232142857,14417920
4,154,B3_action_cluster_8,512,220,projection,8,112640,3520,64,116224,6342144,3.4561941964285716,14417920
4,154,B3_action_cluster_8,512,220,projection,16,225280,0,64,225344,6451264,3.515659877232143,14417920
4,154,B3_action_cluster_8,512,220,activation_ls,4,56320,3520,64,59904,6285824,3.425502232142857,14417920
4,154,B3_action_cluster_8,512,220,activation_ls,8,112640,3520,64,116224,6342144,3.4561941964285716,14417920
4,154,B3_action_cluster_8,512,220,activation_ls,16,225280,0,64,225344,6451264,3.515659877232143,14417920
4,154,B4_per_expert_raw,32,32,projection,4,8192,512,64,8768,6234688,3.3976353236607144,3145728
4,154,B4_per_expert_raw,32,32,projection,8,16384,512,64,16960,6242880,3.402099609375,3145728
4,154,B4_per_expert_raw,32,32,projection,16,32768,0,64,32832,6258752,3.4107491629464284,3145728
4,154,B4_per_expert_raw,32,32,activation_ls,4,8192,512,64,8768,6234688,3.3976353236607144,3145728
4,154,B4_per_expert_raw,32,32,activation_ls,8,16384,512,64,16960,6242880,3.402099609375,3145728
4,154,B4_per_expert_raw,32,32,activation_ls,16,32768,0,64,32832,6258752,3.4107491629464284,3145728
4,154,B4_per_expert_raw,64,64,projection,4,16384,1024,64,17472,6243392,3.402378627232143,6291456
4,154,B4_per_expert_raw,64,64,projection,8,32768,1024,64,33856,6259776,3.4113071986607144,6291456
4,154,B4_per_expert_raw,64,64,projection,16,65536,0,64,65600,6291520,3.4286063058035716,6291456
4,154,B4_per_expert_raw,64,64,activation_ls,4,16384,1024,64,17472,6243392,3.402378627232143,6291456
4,154,B4_per_expert_raw,64,64,activation_ls,8,32768,1024,64,33856,6259776,3.4113071986607144,6291456
4,154,B4_per_expert_raw,64,64,activation_ls,16,65536,0,64,65600,6291520,3.4286063058035716,6291456
4,154,B4_per_expert_raw,128,128,projection,4,32768,2048,64,34880,6260800,3.411865234375,12582912
4,154,B4_per_expert_raw,128,128,projection,8,65536,2048,64,67648,6293568,3.429722377232143,12582912
4,154,B4_per_expert_raw,128,128,projection,16,131072,0,64,131136,6357056,3.464320591517857,12582912
4,154,B4_per_expert_raw,128,128,activation_ls,4,32768,2048,64,34880,6260800,3.411865234375,12582912
4,154,B4_per_expert_raw,128,128,activation_ls,8,65536,2048,64,67648,6293568,3.429722377232143,12582912
4,154,B4_per_expert_raw,128,128,activation_ls,16,131072,0,64,131136,6357056,3.464320591517857,12582912
4,154,B4_per_expert_raw,256,256,projection,4,65536,4096,64,69696,6295616,3.4308384486607144,25165824
4,154,B4_per_expert_raw,256,256,projection,8,131072,4096,64,135232,6361152,3.466552734375,25165824
4,154,B4_per_expert_raw,256,256,projection,16,262144,0,64,262208,6488128,3.5357491629464284,25165824
4,154,B4_per_expert_raw,256,256,activation_ls,4,65536,4096,64,69696,6295616,3.4308384486607144,25165824
4,154,B4_per_expert_raw,256,256,activation_ls,8,131072,4096,64,135232,6361152,3.466552734375,25165824
4,154,B4_per_expert_raw,256,256,activation_ls,16,262144,0,64,262208,6488128,3.5357491629464284,25165824
4,154,B4_per_expert_raw,512,512,projection,4,131072,8192,64,139328,6365248,3.468784877232143,50331648
4,154,B4_per_expert_raw,512,512,projection,8,262144,8192,64,270400,6496320,3.5402134486607144,50331648
4,154,B4_per_expert_raw,512,512,projection,16,524288,0,64,524352,6750272,3.6786063058035716,50331648
4,154,B4_per_expert_raw,512,512,activation_ls,4,131072,8192,64,139328,6365248,3.468784877232143,50331648
4,154,B4_per_expert_raw,512,512,activation_ls,8,262144,8192,64,270400,6496320,3.5402134486607144,50331648
4,154,B4_per_expert_raw,512,512,activation_ls,16,524288,0,64,524352,6750272,3.6786063058035716,50331648
4,190,B0_raw_shared,32,32,projection,4,8192,512,64,8768,6234688,3.3976353236607144,262144
4,190,B0_raw_shared,32,32,projection,8,16384,512,64,16960,6242880,3.402099609375,262144
4,190,B0_raw_shared,32,32,projection,16,32768,0,64,32832,6258752,3.4107491629464284,262144
4,190,B0_raw_shared,32,32,activation_ls,4,8192,512,64,8768,6234688,3.3976353236607144,262144
4,190,B0_raw_shared,32,32,activation_ls,8,16384,512,64,16960,6242880,3.402099609375,262144
4,190,B0_raw_shared,32,32,activation_ls,16,32768,0,64,32832,6258752,3.4107491629464284,262144
4,190,B0_raw_shared,64,64,projection,4,16384,1024,64,17472,6243392,3.402378627232143,524288
4,190,B0_raw_shared,64,64,projection,8,32768,1024,64,33856,6259776,3.4113071986607144,524288
4,190,B0_raw_shared,64,64,projection,16,65536,0,64,65600,6291520,3.4286063058035716,524288
4,190,B0_raw_shared,64,64,activation_ls,4,16384,1024,64,17472,6243392,3.402378627232143,524288
4,190,B0_raw_shared,64,64,activation_ls,8,32768,1024,64,33856,6259776,3.4113071986607144,524288
4,190,B0_raw_shared,64,64,activation_ls,16,65536,0,64,65600,6291520,3.4286063058035716,524288
4,190,B0_raw_shared,128,128,projection,4,32768,2048,64,34880,6260800,3.411865234375,1048576
4,190,B0_raw_shared,128,128,projection,8,65536,2048,64,67648,6293568,3.429722377232143,1048576
4,190,B0_raw_shared,128,128,projection,16,131072,0,64,131136,6357056,3.464320591517857,1048576
4,190,B0_raw_shared,128,128,activation_ls,4,32768,2048,64,34880,6260800,3.411865234375,1048576
4,190,B0_raw_shared,128,128,activation_ls,8,65536,2048,64,67648,6293568,3.429722377232143,1048576
4,190,B0_raw_shared,128,128,activation_ls,16,131072,0,64,131136,6357056,3.464320591517857,1048576
4,190,B0_raw_shared,256,256,projection,4,65536,4096,64,69696,6295616,3.4308384486607144,2097152
4,190,B0_raw_shared,256,256,projection,8,131072,4096,64,135232,6361152,3.466552734375,2097152
4,190,B0_raw_shared,256,256,projection,16,262144,0,64,262208,6488128,3.5357491629464284,2097152
4,190,B0_raw_shared,256,256,activation_ls,4,65536,4096,64,69696,6295616,3.4308384486607144,2097152
4,190,B0_raw_shared,256,256,activation_ls,8,131072,4096,64,135232,6361152,3.466552734375,2097152
4,190,B0_raw_shared,256,256,activation_ls,16,262144,0,64,262208,6488128,3.5357491629464284,2097152
4,190,B0_raw_shared,512,512,projection,4,131072,8192,64,139328,6365248,3.468784877232143,4194304
4,190,B0_raw_shared,512,512,projection,8,262144,8192,64,270400,6496320,3.5402134486607144,4194304
4,190,B0_raw_shared,512,512,projection,16,524288,0,64,524352,6750272,3.6786063058035716,4194304
4,190,B0_raw_shared,512,512,activation_ls,4,131072,8192,64,139328,6365248,3.468784877232143,4194304
4,190,B0_raw_shared,512,512,activation_ls,8,262144,8192,64,270400,6496320,3.5402134486607144,4194304
4,190,B0_raw_shared,512,512,activation_ls,16,524288,0,64,524352,6750272,3.6786063058035716,4194304
4,190,B1_action_shared,32,32,projection,4,8192,512,64,8768,6234688,3.3976353236607144,262144
4,190,B1_action_shared,32,32,projection,8,16384,512,64,16960,6242880,3.402099609375,262144
4,190,B1_action_shared,32,32,projection,16,32768,0,64,32832,6258752,3.4107491629464284,262144
4,190,B1_action_shared,32,32,activation_ls,4,8192,512,64,8768,6234688,3.3976353236607144,262144
4,190,B1_action_shared,32,32,activation_ls,8,16384,512,64,16960,6242880,3.402099609375,262144
4,190,B1_action_shared,32,32,activation_ls,16,32768,0,64,32832,6258752,3.4107491629464284,262144
4,190,B1_action_shared,64,64,projection,4,16384,1024,64,17472,6243392,3.402378627232143,524288
4,190,B1_action_shared,64,64,projection,8,32768,1024,64,33856,6259776,3.4113071986607144,524288
4,190,B1_action_shared,64,64,projection,16,65536,0,64,65600,6291520,3.4286063058035716,524288
4,190,B1_action_shared,64,64,activation_ls,4,16384,1024,64,17472,6243392,3.402378627232143,524288
4,190,B1_action_shared,64,64,activation_ls,8,32768,1024,64,33856,6259776,3.4113071986607144,524288
4,190,B1_action_shared,64,64,activation_ls,16,65536,0,64,65600,6291520,3.4286063058035716,524288
4,190,B1_action_shared,128,128,projection,4,32768,2048,64,34880,6260800,3.411865234375,1048576
4,190,B1_action_shared,128,128,projection,8,65536,2048,64,67648,6293568,3.429722377232143,1048576
4,190,B1_action_shared,128,128,projection,16,131072,0,64,131136,6357056,3.464320591517857,1048576
4,190,B1_action_shared,128,128,activation_ls,4,32768,2048,64,34880,6260800,3.411865234375,1048576
4,190,B1_action_shared,128,128,activation_ls,8,65536,2048,64,67648,6293568,3.429722377232143,1048576
4,190,B1_action_shared,128,128,activation_ls,16,131072,0,64,131136,6357056,3.464320591517857,1048576
4,190,B1_action_shared,256,256,projection,4,65536,4096,64,69696,6295616,3.4308384486607144,2097152
4,190,B1_action_shared,256,256,projection,8,131072,4096,64,135232,6361152,3.466552734375,2097152
4,190,B1_action_shared,256,256,projection,16,262144,0,64,262208,6488128,3.5357491629464284,2097152
4,190,B1_action_shared,256,256,activation_ls,4,65536,4096,64,69696,6295616,3.4308384486607144,2097152
4,190,B1_action_shared,256,256,activation_ls,8,131072,4096,64,135232,6361152,3.466552734375,2097152
4,190,B1_action_shared,256,256,activation_ls,16,262144,0,64,262208,6488128,3.5357491629464284,2097152
4,190,B1_action_shared,512,485,projection,4,124160,7760,64,131984,6357904,3.46478271484375,3973120
4,190,B1_action_shared,512,485,projection,8,248320,7760,64,256144,6482064,3.532444545200893,3973120
4,190,B1_action_shared,512,485,projection,16,496640,0,64,496704,6722624,3.663539341517857,3973120
4,190,B1_action_shared,512,485,activation_ls,4,124160,7760,64,131984,6357904,3.46478271484375,3973120
4,190,B1_action_shared,512,485,activation_ls,8,248320,7760,64,256144,6482064,3.532444545200893,3973120
4,190,B1_action_shared,512,485,activation_ls,16,496640,0,64,496704,6722624,3.663539341517857,3973120
4,190,B2_proxy_shared,32,32,projection,4,8192,512,64,8768,6234688,3.3976353236607144,262144
4,190,B2_proxy_shared,32,32,projection,8,16384,512,64,16960,6242880,3.402099609375,262144
4,190,B2_proxy_shared,32,32,projection,16,32768,0,64,32832,6258752,3.4107491629464284,262144
4,190,B2_proxy_shared,32,32,activation_ls,4,8192,512,64,8768,6234688,3.3976353236607144,262144
4,190,B2_proxy_shared,32,32,activation_ls,8,16384,512,64,16960,6242880,3.402099609375,262144
4,190,B2_proxy_shared,32,32,activation_ls,16,32768,0,64,32832,6258752,3.4107491629464284,262144
4,190,B2_proxy_shared,64,64,projection,4,16384,1024,64,17472,6243392,3.402378627232143,524288
4,190,B2_proxy_shared,64,64,projection,8,32768,1024,64,33856,6259776,3.4113071986607144,524288
4,190,B2_proxy_shared,64,64,projection,16,65536,0,64,65600,6291520,3.4286063058035716,524288
4,190,B2_proxy_shared,64,64,activation_ls,4,16384,1024,64,17472,6243392,3.402378627232143,524288
4,190,B2_proxy_shared,64,64,activation_ls,8,32768,1024,64,33856,6259776,3.4113071986607144,524288
4,190,B2_proxy_shared,64,64,activation_ls,16,65536,0,64,65600,6291520,3.4286063058035716,524288
4,190,B2_proxy_shared,128,128,projection,4,32768,2048,64,34880,6260800,3.411865234375,1048576
4,190,B2_proxy_shared,128,128,projection,8,65536,2048,64,67648,6293568,3.429722377232143,1048576
4,190,B2_proxy_shared,128,128,projection,16,131072,0,64,131136,6357056,3.464320591517857,1048576
4,190,B2_proxy_shared,128,128,activation_ls,4,32768,2048,64,34880,6260800,3.411865234375,1048576
4,190,B2_proxy_shared,128,128,activation_ls,8,65536,2048,64,67648,6293568,3.429722377232143,1048576
4,190,B2_proxy_shared,128,128,activation_ls,16,131072,0,64,131136,6357056,3.464320591517857,1048576
4,190,B2_proxy_shared,256,256,projection,4,65536,4096,64,69696,6295616,3.4308384486607144,2097152
4,190,B2_proxy_shared,256,256,projection,8,131072,4096,64,135232,6361152,3.466552734375,2097152
4,190,B2_proxy_shared,256,256,projection,16,262144,0,64,262208,6488128,3.5357491629464284,2097152
4,190,B2_proxy_shared,256,256,activation_ls,4,65536,4096,64,69696,6295616,3.4308384486607144,2097152
4,190,B2_proxy_shared,256,256,activation_ls,8,131072,4096,64,135232,6361152,3.466552734375,2097152
4,190,B2_proxy_shared,256,256,activation_ls,16,262144,0,64,262208,6488128,3.5357491629464284,2097152
4,190,B2_proxy_shared,512,485,projection,4,124160,7760,64,131984,6357904,3.46478271484375,3973120
4,190,B2_proxy_shared,512,485,projection,8,248320,7760,64,256144,6482064,3.532444545200893,3973120
4,190,B2_proxy_shared,512,485,projection,16,496640,0,64,496704,6722624,3.663539341517857,3973120
4,190,B2_proxy_shared,512,485,activation_ls,4,124160,7760,64,131984,6357904,3.46478271484375,3973120
4,190,B2_proxy_shared,512,485,activation_ls,8,248320,7760,64,256144,6482064,3.532444545200893,3973120
4,190,B2_proxy_shared,512,485,activation_ls,16,496640,0,64,496704,6722624,3.663539341517857,3973120
4,190,B3_action_cluster_4,32,22,projection,4,5632,352,64,6048,6231968,3.396153041294643,720896
4,190,B3_action_cluster_4,32,22,projection,8,11264,352,64,11680,6237600,3.3992222377232144,720896
4,190,B3_action_cluster_4,32,22,projection,16,22528,0,64,22592,6248512,3.4051688058035716,720896
4,190,B3_action_cluster_4,32,22,activation_ls,4,5632,352,64,6048,6231968,3.396153041294643,720896
4,190,B3_action_cluster_4,32,22,activation_ls,8,11264,352,64,11680,6237600,3.3992222377232144,720896
4,190,B3_action_cluster_4,32,22,activation_ls,16,22528,0,64,22592,6248512,3.4051688058035716,720896
4,190,B3_action_cluster_4,64,22,projection,4,5632,352,64,6048,6231968,3.396153041294643,720896
4,190,B3_action_cluster_4,64,22,projection,8,11264,352,64,11680,6237600,3.3992222377232144,720896
4,190,B3_action_cluster_4,64,22,projection,16,22528,0,64,22592,6248512,3.4051688058035716,720896
4,190,B3_action_cluster_4,64,22,activation_ls,4,5632,352,64,6048,6231968,3.396153041294643,720896
4,190,B3_action_cluster_4,64,22,activation_ls,8,11264,352,64,11680,6237600,3.3992222377232144,720896
4,190,B3_action_cluster_4,64,22,activation_ls,16,22528,0,64,22592,6248512,3.4051688058035716,720896
4,190,B3_action_cluster_4,128,22,projection,4,5632,352,64,6048,6231968,3.396153041294643,720896
4,190,B3_action_cluster_4,128,22,projection,8,11264,352,64,11680,6237600,3.3992222377232144,720896
4,190,B3_action_cluster_4,128,22,projection,16,22528,0,64,22592,6248512,3.4051688058035716,720896
4,190,B3_action_cluster_4,128,22,activation_ls,4,5632,352,64,6048,6231968,3.396153041294643,720896
4,190,B3_action_cluster_4,128,22,activation_ls,8,11264,352,64,11680,6237600,3.3992222377232144,720896
4,190,B3_action_cluster_4,128,22,activation_ls,16,22528,0,64,22592,6248512,3.4051688058035716,720896
4,190,B3_action_cluster_4,256,22,projection,4,5632,352,64,6048,6231968,3.396153041294643,720896
4,190,B3_action_cluster_4,256,22,projection,8,11264,352,64,11680,6237600,3.3992222377232144,720896
4,190,B3_action_cluster_4,256,22,projection,16,22528,0,64,22592,6248512,3.4051688058035716,720896
4,190,B3_action_cluster_4,256,22,activation_ls,4,5632,352,64,6048,6231968,3.396153041294643,720896
4,190,B3_action_cluster_4,256,22,activation_ls,8,11264,352,64,11680,6237600,3.3992222377232144,720896
4,190,B3_action_cluster_4,256,22,activation_ls,16,22528,0,64,22592,6248512,3.4051688058035716,720896
4,190,B3_action_cluster_4,512,22,projection,4,5632,352,64,6048,6231968,3.396153041294643,720896
4,190,B3_action_cluster_4,512,22,projection,8,11264,352,64,11680,6237600,3.3992222377232144,720896
4,190,B3_action_cluster_4,512,22,projection,16,22528,0,64,22592,6248512,3.4051688058035716,720896
4,190,B3_action_cluster_4,512,22,activation_ls,4,5632,352,64,6048,6231968,3.396153041294643,720896
4,190,B3_action_cluster_4,512,22,activation_ls,8,11264,352,64,11680,6237600,3.3992222377232144,720896
4,190,B3_action_cluster_4,512,22,activation_ls,16,22528,0,64,22592,6248512,3.4051688058035716,720896
4,190,B3_action_cluster_8,32,22,projection,4,5632,352,64,6048,6231968,3.396153041294643,1441792
4,190,B3_action_cluster_8,32,22,projection,8,11264,352,64,11680,6237600,3.3992222377232144,1441792
4,190,B3_action_cluster_8,32,22,projection,16,22528,0,64,22592,6248512,3.4051688058035716,1441792
4,190,B3_action_cluster_8,32,22,activation_ls,4,5632,352,64,6048,6231968,3.396153041294643,1441792
4,190,B3_action_cluster_8,32,22,activation_ls,8,11264,352,64,11680,6237600,3.3992222377232144,1441792
4,190,B3_action_cluster_8,32,22,activation_ls,16,22528,0,64,22592,6248512,3.4051688058035716,1441792
4,190,B3_action_cluster_8,64,22,projection,4,5632,352,64,6048,6231968,3.396153041294643,1441792
4,190,B3_action_cluster_8,64,22,projection,8,11264,352,64,11680,6237600,3.3992222377232144,1441792
4,190,B3_action_cluster_8,64,22,projection,16,22528,0,64,22592,6248512,3.4051688058035716,1441792
4,190,B3_action_cluster_8,64,22,activation_ls,4,5632,352,64,6048,6231968,3.396153041294643,1441792
4,190,B3_action_cluster_8,64,22,activation_ls,8,11264,352,64,11680,6237600,3.3992222377232144,1441792
4,190,B3_action_cluster_8,64,22,activation_ls,16,22528,0,64,22592,6248512,3.4051688058035716,1441792
4,190,B3_action_cluster_8,128,22,projection,4,5632,352,64,6048,6231968,3.396153041294643,1441792
4,190,B3_action_cluster_8,128,22,projection,8,11264,352,64,11680,6237600,3.3992222377232144,1441792
4,190,B3_action_cluster_8,128,22,projection,16,22528,0,64,22592,6248512,3.4051688058035716,1441792
4,190,B3_action_cluster_8,128,22,activation_ls,4,5632,352,64,6048,6231968,3.396153041294643,1441792
4,190,B3_action_cluster_8,128,22,activation_ls,8,11264,352,64,11680,6237600,3.3992222377232144,1441792
4,190,B3_action_cluster_8,128,22,activation_ls,16,22528,0,64,22592,6248512,3.4051688058035716,1441792
4,190,B3_action_cluster_8,256,22,projection,4,5632,352,64,6048,6231968,3.396153041294643,1441792
4,190,B3_action_cluster_8,256,22,projection,8,11264,352,64,11680,6237600,3.3992222377232144,1441792
4,190,B3_action_cluster_8,256,22,projection,16,22528,0,64,22592,6248512,3.4051688058035716,1441792
4,190,B3_action_cluster_8,256,22,activation_ls,4,5632,352,64,6048,6231968,3.396153041294643,1441792
4,190,B3_action_cluster_8,256,22,activation_ls,8,11264,352,64,11680,6237600,3.3992222377232144,1441792
4,190,B3_action_cluster_8,256,22,activation_ls,16,22528,0,64,22592,6248512,3.4051688058035716,1441792
4,190,B3_action_cluster_8,512,22,projection,4,5632,352,64,6048,6231968,3.396153041294643,1441792
4,190,B3_action_cluster_8,512,22,projection,8,11264,352,64,11680,6237600,3.3992222377232144,1441792
4,190,B3_action_cluster_8,512,22,projection,16,22528,0,64,22592,6248512,3.4051688058035716,1441792
4,190,B3_action_cluster_8,512,22,activation_ls,4,5632,352,64,6048,6231968,3.396153041294643,1441792
4,190,B3_action_cluster_8,512,22,activation_ls,8,11264,352,64,11680,6237600,3.3992222377232144,1441792
4,190,B3_action_cluster_8,512,22,activation_ls,16,22528,0,64,22592,6248512,3.4051688058035716,1441792
4,190,B4_per_expert_raw,32,32,projection,4,8192,512,64,8768,6234688,3.3976353236607144,3145728
4,190,B4_per_expert_raw,32,32,projection,8,16384,512,64,16960,6242880,3.402099609375,3145728
4,190,B4_per_expert_raw,32,32,projection,16,32768,0,64,32832,6258752,3.4107491629464284,3145728
4,190,B4_per_expert_raw,32,32,activation_ls,4,8192,512,64,8768,6234688,3.3976353236607144,3145728
4,190,B4_per_expert_raw,32,32,activation_ls,8,16384,512,64,16960,6242880,3.402099609375,3145728
4,190,B4_per_expert_raw,32,32,activation_ls,16,32768,0,64,32832,6258752,3.4107491629464284,3145728
4,190,B4_per_expert_raw,64,64,projection,4,16384,1024,64,17472,6243392,3.402378627232143,6291456
4,190,B4_per_expert_raw,64,64,projection,8,32768,1024,64,33856,6259776,3.4113071986607144,6291456
4,190,B4_per_expert_raw,64,64,projection,16,65536,0,64,65600,6291520,3.4286063058035716,6291456
4,190,B4_per_expert_raw,64,64,activation_ls,4,16384,1024,64,17472,6243392,3.402378627232143,6291456
4,190,B4_per_expert_raw,64,64,activation_ls,8,32768,1024,64,33856,6259776,3.4113071986607144,6291456
4,190,B4_per_expert_raw,64,64,activation_ls,16,65536,0,64,65600,6291520,3.4286063058035716,6291456
4,190,B4_per_expert_raw,128,128,projection,4,32768,2048,64,34880,6260800,3.411865234375,12582912
4,190,B4_per_expert_raw,128,128,projection,8,65536,2048,64,67648,6293568,3.429722377232143,12582912
4,190,B4_per_expert_raw,128,128,projection,16,131072,0,64,131136,6357056,3.464320591517857,12582912
4,190,B4_per_expert_raw,128,128,activation_ls,4,32768,2048,64,34880,6260800,3.411865234375,12582912
4,190,B4_per_expert_raw,128,128,activation_ls,8,65536,2048,64,67648,6293568,3.429722377232143,12582912
4,190,B4_per_expert_raw,128,128,activation_ls,16,131072,0,64,131136,6357056,3.464320591517857,12582912
4,190,B4_per_expert_raw,256,256,projection,4,65536,4096,64,69696,6295616,3.4308384486607144,25165824
4,190,B4_per_expert_raw,256,256,projection,8,131072,4096,64,135232,6361152,3.466552734375,25165824
4,190,B4_per_expert_raw,256,256,projection,16,262144,0,64,262208,6488128,3.5357491629464284,25165824
4,190,B4_per_expert_raw,256,256,activation_ls,4,65536,4096,64,69696,6295616,3.4308384486607144,25165824
4,190,B4_per_expert_raw,256,256,activation_ls,8,131072,4096,64,135232,6361152,3.466552734375,25165824
4,190,B4_per_expert_raw,256,256,activation_ls,16,262144,0,64,262208,6488128,3.5357491629464284,25165824
4,190,B4_per_expert_raw,512,512,projection,4,131072,8192,64,139328,6365248,3.468784877232143,50331648
4,190,B4_per_expert_raw,512,512,projection,8,262144,8192,64,270400,6496320,3.5402134486607144,50331648
4,190,B4_per_expert_raw,512,512,projection,16,524288,0,64,524352,6750272,3.6786063058035716,50331648
4,190,B4_per_expert_raw,512,512,activation_ls,4,131072,8192,64,139328,6365248,3.468784877232143,50331648
4,190,B4_per_expert_raw,512,512,activation_ls,8,262144,8192,64,270400,6496320,3.5402134486607144,50331648
4,190,B4_per_expert_raw,512,512,activation_ls,16,524288,0,64,524352,6750272,3.6786063058035716,50331648
4,193,B0_raw_shared,32,32,projection,4,8192,512,64,8768,6234688,3.3976353236607144,262144
4,193,B0_raw_shared,32,32,projection,8,16384,512,64,16960,6242880,3.402099609375,262144
4,193,B0_raw_shared,32,32,projection,16,32768,0,64,32832,6258752,3.4107491629464284,262144
4,193,B0_raw_shared,32,32,activation_ls,4,8192,512,64,8768,6234688,3.3976353236607144,262144
4,193,B0_raw_shared,32,32,activation_ls,8,16384,512,64,16960,6242880,3.402099609375,262144
4,193,B0_raw_shared,32,32,activation_ls,16,32768,0,64,32832,6258752,3.4107491629464284,262144
4,193,B0_raw_shared,64,64,projection,4,16384,1024,64,17472,6243392,3.402378627232143,524288
4,193,B0_raw_shared,64,64,projection,8,32768,1024,64,33856,6259776,3.4113071986607144,524288
4,193,B0_raw_shared,64,64,projection,16,65536,0,64,65600,6291520,3.4286063058035716,524288
4,193,B0_raw_shared,64,64,activation_ls,4,16384,1024,64,17472,6243392,3.402378627232143,524288
4,193,B0_raw_shared,64,64,activation_ls,8,32768,1024,64,33856,6259776,3.4113071986607144,524288
4,193,B0_raw_shared,64,64,activation_ls,16,65536,0,64,65600,6291520,3.4286063058035716,524288
4,193,B0_raw_shared,128,128,projection,4,32768,2048,64,34880,6260800,3.411865234375,1048576
4,193,B0_raw_shared,128,128,projection,8,65536,2048,64,67648,6293568,3.429722377232143,1048576
4,193,B0_raw_shared,128,128,projection,16,131072,0,64,131136,6357056,3.464320591517857,1048576
4,193,B0_raw_shared,128,128,activation_ls,4,32768,2048,64,34880,6260800,3.411865234375,1048576
4,193,B0_raw_shared,128,128,activation_ls,8,65536,2048,64,67648,6293568,3.429722377232143,1048576
4,193,B0_raw_shared,128,128,activation_ls,16,131072,0,64,131136,6357056,3.464320591517857,1048576
4,193,B0_raw_shared,256,256,projection,4,65536,4096,64,69696,6295616,3.4308384486607144,2097152
4,193,B0_raw_shared,256,256,projection,8,131072,4096,64,135232,6361152,3.466552734375,2097152
4,193,B0_raw_shared,256,256,projection,16,262144,0,64,262208,6488128,3.5357491629464284,2097152
4,193,B0_raw_shared,256,256,activation_ls,4,65536,4096,64,69696,6295616,3.4308384486607144,2097152
4,193,B0_raw_shared,256,256,activation_ls,8,131072,4096,64,135232,6361152,3.466552734375,2097152
4,193,B0_raw_shared,256,256,activation_ls,16,262144,0,64,262208,6488128,3.5357491629464284,2097152
4,193,B0_raw_shared,512,512,projection,4,131072,8192,64,139328,6365248,3.468784877232143,4194304
4,193,B0_raw_shared,512,512,projection,8,262144,8192,64,270400,6496320,3.5402134486607144,4194304
4,193,B0_raw_shared,512,512,projection,16,524288,0,64,524352,6750272,3.6786063058035716,4194304
4,193,B0_raw_shared,512,512,activation_ls,4,131072,8192,64,139328,6365248,3.468784877232143,4194304
4,193,B0_raw_shared,512,512,activation_ls,8,262144,8192,64,270400,6496320,3.5402134486607144,4194304
4,193,B0_raw_shared,512,512,activation_ls,16,524288,0,64,524352,6750272,3.6786063058035716,4194304
4,193,B1_action_shared,32,32,projection,4,8192,512,64,8768,6234688,3.3976353236607144,262144
4,193,B1_action_shared,32,32,projection,8,16384,512,64,16960,6242880,3.402099609375,262144
4,193,B1_action_shared,32,32,projection,16,32768,0,64,32832,6258752,3.4107491629464284,262144
4,193,B1_action_shared,32,32,activation_ls,4,8192,512,64,8768,6234688,3.3976353236607144,262144
4,193,B1_action_shared,32,32,activation_ls,8,16384,512,64,16960,6242880,3.402099609375,262144
4,193,B1_action_shared,32,32,activation_ls,16,32768,0,64,32832,6258752,3.4107491629464284,262144
4,193,B1_action_shared,64,64,projection,4,16384,1024,64,17472,6243392,3.402378627232143,524288
4,193,B1_action_shared,64,64,projection,8,32768,1024,64,33856,6259776,3.4113071986607144,524288
4,193,B1_action_shared,64,64,projection,16,65536,0,64,65600,6291520,3.4286063058035716,524288
4,193,B1_action_shared,64,64,activation_ls,4,16384,1024,64,17472,6243392,3.402378627232143,524288
4,193,B1_action_shared,64,64,activation_ls,8,32768,1024,64,33856,6259776,3.4113071986607144,524288
4,193,B1_action_shared,64,64,activation_ls,16,65536,0,64,65600,6291520,3.4286063058035716,524288
4,193,B1_action_shared,128,128,projection,4,32768,2048,64,34880,6260800,3.411865234375,1048576
4,193,B1_action_shared,128,128,projection,8,65536,2048,64,67648,6293568,3.429722377232143,1048576
4,193,B1_action_shared,128,128,projection,16,131072,0,64,131136,6357056,3.464320591517857,1048576
4,193,B1_action_shared,128,128,activation_ls,4,32768,2048,64,34880,6260800,3.411865234375,1048576
4,193,B1_action_shared,128,128,activation_ls,8,65536,2048,64,67648,6293568,3.429722377232143,1048576
4,193,B1_action_shared,128,128,activation_ls,16,131072,0,64,131136,6357056,3.464320591517857,1048576
4,193,B1_action_shared,256,256,projection,4,65536,4096,64,69696,6295616,3.4308384486607144,2097152
4,193,B1_action_shared,256,256,projection,8,131072,4096,64,135232,6361152,3.466552734375,2097152
4,193,B1_action_shared,256,256,projection,16,262144,0,64,262208,6488128,3.5357491629464284,2097152
4,193,B1_action_shared,256,256,activation_ls,4,65536,4096,64,69696,6295616,3.4308384486607144,2097152
4,193,B1_action_shared,256,256,activation_ls,8,131072,4096,64,135232,6361152,3.466552734375,2097152
4,193,B1_action_shared,256,256,activation_ls,16,262144,0,64,262208,6488128,3.5357491629464284,2097152
4,193,B1_action_shared,512,485,projection,4,124160,7760,64,131984,6357904,3.46478271484375,3973120
4,193,B1_action_shared,512,485,projection,8,248320,7760,64,256144,6482064,3.532444545200893,3973120
4,193,B1_action_shared,512,485,projection,16,496640,0,64,496704,6722624,3.663539341517857,3973120
4,193,B1_action_shared,512,485,activation_ls,4,124160,7760,64,131984,6357904,3.46478271484375,3973120
4,193,B1_action_shared,512,485,activation_ls,8,248320,7760,64,256144,6482064,3.532444545200893,3973120
4,193,B1_action_shared,512,485,activation_ls,16,496640,0,64,496704,6722624,3.663539341517857,3973120
4,193,B2_proxy_shared,32,32,projection,4,8192,512,64,8768,6234688,3.3976353236607144,262144
4,193,B2_proxy_shared,32,32,projection,8,16384,512,64,16960,6242880,3.402099609375,262144
4,193,B2_proxy_shared,32,32,projection,16,32768,0,64,32832,6258752,3.4107491629464284,262144
4,193,B2_proxy_shared,32,32,activation_ls,4,8192,512,64,8768,6234688,3.3976353236607144,262144
4,193,B2_proxy_shared,32,32,activation_ls,8,16384,512,64,16960,6242880,3.402099609375,262144
4,193,B2_proxy_shared,32,32,activation_ls,16,32768,0,64,32832,6258752,3.4107491629464284,262144
4,193,B2_proxy_shared,64,64,projection,4,16384,1024,64,17472,6243392,3.402378627232143,524288
4,193,B2_proxy_shared,64,64,projection,8,32768,1024,64,33856,6259776,3.4113071986607144,524288
4,193,B2_proxy_shared,64,64,projection,16,65536,0,64,65600,6291520,3.4286063058035716,524288
4,193,B2_proxy_shared,64,64,activation_ls,4,16384,1024,64,17472,6243392,3.402378627232143,524288
4,193,B2_proxy_shared,64,64,activation_ls,8,32768,1024,64,33856,6259776,3.4113071986607144,524288
4,193,B2_proxy_shared,64,64,activation_ls,16,65536,0,64,65600,6291520,3.4286063058035716,524288
4,193,B2_proxy_shared,128,128,projection,4,32768,2048,64,34880,6260800,3.411865234375,1048576
4,193,B2_proxy_shared,128,128,projection,8,65536,2048,64,67648,6293568,3.429722377232143,1048576
4,193,B2_proxy_shared,128,128,projection,16,131072,0,64,131136,6357056,3.464320591517857,1048576
4,193,B2_proxy_shared,128,128,activation_ls,4,32768,2048,64,34880,6260800,3.411865234375,1048576
4,193,B2_proxy_shared,128,128,activation_ls,8,65536,2048,64,67648,6293568,3.429722377232143,1048576
4,193,B2_proxy_shared,128,128,activation_ls,16,131072,0,64,131136,6357056,3.464320591517857,1048576
4,193,B2_proxy_shared,256,256,projection,4,65536,4096,64,69696,6295616,3.4308384486607144,2097152
4,193,B2_proxy_shared,256,256,projection,8,131072,4096,64,135232,6361152,3.466552734375,2097152
4,193,B2_proxy_shared,256,256,projection,16,262144,0,64,262208,6488128,3.5357491629464284,2097152
4,193,B2_proxy_shared,256,256,activation_ls,4,65536,4096,64,69696,6295616,3.4308384486607144,2097152
4,193,B2_proxy_shared,256,256,activation_ls,8,131072,4096,64,135232,6361152,3.466552734375,2097152
4,193,B2_proxy_shared,256,256,activation_ls,16,262144,0,64,262208,6488128,3.5357491629464284,2097152
4,193,B2_proxy_shared,512,485,projection,4,124160,7760,64,131984,6357904,3.46478271484375,3973120
4,193,B2_proxy_shared,512,485,projection,8,248320,7760,64,256144,6482064,3.532444545200893,3973120
4,193,B2_proxy_shared,512,485,projection,16,496640,0,64,496704,6722624,3.663539341517857,3973120
4,193,B2_proxy_shared,512,485,activation_ls,4,124160,7760,64,131984,6357904,3.46478271484375,3973120
4,193,B2_proxy_shared,512,485,activation_ls,8,248320,7760,64,256144,6482064,3.532444545200893,3973120
4,193,B2_proxy_shared,512,485,activation_ls,16,496640,0,64,496704,6722624,3.663539341517857,3973120
4,193,B3_action_cluster_4,32,32,projection,4,8192,512,64,8768,6234688,3.3976353236607144,1048576
4,193,B3_action_cluster_4,32,32,projection,8,16384,512,64,16960,6242880,3.402099609375,1048576
4,193,B3_action_cluster_4,32,32,projection,16,32768,0,64,32832,6258752,3.4107491629464284,1048576
4,193,B3_action_cluster_4,32,32,activation_ls,4,8192,512,64,8768,6234688,3.3976353236607144,1048576
4,193,B3_action_cluster_4,32,32,activation_ls,8,16384,512,64,16960,6242880,3.402099609375,1048576
4,193,B3_action_cluster_4,32,32,activation_ls,16,32768,0,64,32832,6258752,3.4107491629464284,1048576
4,193,B3_action_cluster_4,64,64,projection,4,16384,1024,64,17472,6243392,3.402378627232143,2097152
4,193,B3_action_cluster_4,64,64,projection,8,32768,1024,64,33856,6259776,3.4113071986607144,2097152
4,193,B3_action_cluster_4,64,64,projection,16,65536,0,64,65600,6291520,3.4286063058035716,2097152
4,193,B3_action_cluster_4,64,64,activation_ls,4,16384,1024,64,17472,6243392,3.402378627232143,2097152
4,193,B3_action_cluster_4,64,64,activation_ls,8,32768,1024,64,33856,6259776,3.4113071986607144,2097152
4,193,B3_action_cluster_4,64,64,activation_ls,16,65536,0,64,65600,6291520,3.4286063058035716,2097152
4,193,B3_action_cluster_4,128,126,projection,4,32256,2016,64,34336,6260256,3.4115687779017856,4128768
4,193,B3_action_cluster_4,128,126,projection,8,64512,2016,64,66592,6292512,3.4291469029017856,4128768
4,193,B3_action_cluster_4,128,126,projection,16,129024,0,64,129088,6355008,3.4632045200892856,4128768
4,193,B3_action_cluster_4,128,126,activation_ls,4,32256,2016,64,34336,6260256,3.4115687779017856,4128768
4,193,B3_action_cluster_4,128,126,activation_ls,8,64512,2016,64,66592,6292512,3.4291469029017856,4128768
4,193,B3_action_cluster_4,128,126,activation_ls,16,129024,0,64,129088,6355008,3.4632045200892856,4128768
4,193,B3_action_cluster_4,256,126,projection,4,32256,2016,64,34336,6260256,3.4115687779017856,4128768
4,193,B3_action_cluster_4,256,126,projection,8,64512,2016,64,66592,6292512,3.4291469029017856,4128768
4,193,B3_action_cluster_4,256,126,projection,16,129024,0,64,129088,6355008,3.4632045200892856,4128768
4,193,B3_action_cluster_4,256,126,activation_ls,4,32256,2016,64,34336,6260256,3.4115687779017856,4128768
4,193,B3_action_cluster_4,256,126,activation_ls,8,64512,2016,64,66592,6292512,3.4291469029017856,4128768
4,193,B3_action_cluster_4,256,126,activation_ls,16,129024,0,64,129088,6355008,3.4632045200892856,4128768
4,193,B3_action_cluster_4,512,126,projection,4,32256,2016,64,34336,6260256,3.4115687779017856,4128768
4,193,B3_action_cluster_4,512,126,projection,8,64512,2016,64,66592,6292512,3.4291469029017856,4128768
4,193,B3_action_cluster_4,512,126,projection,16,129024,0,64,129088,6355008,3.4632045200892856,4128768
4,193,B3_action_cluster_4,512,126,activation_ls,4,32256,2016,64,34336,6260256,3.4115687779017856,4128768
4,193,B3_action_cluster_4,512,126,activation_ls,8,64512,2016,64,66592,6292512,3.4291469029017856,4128768
4,193,B3_action_cluster_4,512,126,activation_ls,16,129024,0,64,129088,6355008,3.4632045200892856,4128768
4,193,B3_action_cluster_8,32,32,projection,4,8192,512,64,8768,6234688,3.3976353236607144,2097152
4,193,B3_action_cluster_8,32,32,projection,8,16384,512,64,16960,6242880,3.402099609375,2097152
4,193,B3_action_cluster_8,32,32,projection,16,32768,0,64,32832,6258752,3.4107491629464284,2097152
4,193,B3_action_cluster_8,32,32,activation_ls,4,8192,512,64,8768,6234688,3.3976353236607144,2097152
4,193,B3_action_cluster_8,32,32,activation_ls,8,16384,512,64,16960,6242880,3.402099609375,2097152
4,193,B3_action_cluster_8,32,32,activation_ls,16,32768,0,64,32832,6258752,3.4107491629464284,2097152
4,193,B3_action_cluster_8,64,45,projection,4,11520,720,64,12304,6238224,3.399562290736607,2949120
4,193,B3_action_cluster_8,64,45,projection,8,23040,720,64,23824,6249744,3.4058401925223216,2949120
4,193,B3_action_cluster_8,64,45,projection,16,46080,0,64,46144,6272064,3.418003627232143,2949120
4,193,B3_action_cluster_8,64,45,activation_ls,4,11520,720,64,12304,6238224,3.399562290736607,2949120
4,193,B3_action_cluster_8,64,45,activation_ls,8,23040,720,64,23824,6249744,3.4058401925223216,2949120
4,193,B3_action_cluster_8,64,45,activation_ls,16,46080,0,64,46144,6272064,3.418003627232143,2949120
4,193,B3_action_cluster_8,128,45,projection,4,11520,720,64,12304,6238224,3.399562290736607,2949120
4,193,B3_action_cluster_8,128,45,projection,8,23040,720,64,23824,6249744,3.4058401925223216,2949120
4,193,B3_action_cluster_8,128,45,projection,16,46080,0,64,46144,6272064,3.418003627232143,2949120
4,193,B3_action_cluster_8,128,45,activation_ls,4,11520,720,64,12304,6238224,3.399562290736607,2949120
4,193,B3_action_cluster_8,128,45,activation_ls,8,23040,720,64,23824,6249744,3.4058401925223216,2949120
4,193,B3_action_cluster_8,128,45,activation_ls,16,46080,0,64,46144,6272064,3.418003627232143,2949120
4,193,B3_action_cluster_8,256,45,projection,4,11520,720,64,12304,6238224,3.399562290736607,2949120
4,193,B3_action_cluster_8,256,45,projection,8,23040,720,64,23824,6249744,3.4058401925223216,2949120
4,193,B3_action_cluster_8,256,45,projection,16,46080,0,64,46144,6272064,3.418003627232143,2949120
4,193,B3_action_cluster_8,256,45,activation_ls,4,11520,720,64,12304,6238224,3.399562290736607,2949120
4,193,B3_action_cluster_8,256,45,activation_ls,8,23040,720,64,23824,6249744,3.4058401925223216,2949120
4,193,B3_action_cluster_8,256,45,activation_ls,16,46080,0,64,46144,6272064,3.418003627232143,2949120
4,193,B3_action_cluster_8,512,45,projection,4,11520,720,64,12304,6238224,3.399562290736607,2949120
4,193,B3_action_cluster_8,512,45,projection,8,23040,720,64,23824,6249744,3.4058401925223216,2949120
4,193,B3_action_cluster_8,512,45,projection,16,46080,0,64,46144,6272064,3.418003627232143,2949120
4,193,B3_action_cluster_8,512,45,activation_ls,4,11520,720,64,12304,6238224,3.399562290736607,2949120
4,193,B3_action_cluster_8,512,45,activation_ls,8,23040,720,64,23824,6249744,3.4058401925223216,2949120
4,193,B3_action_cluster_8,512,45,activation_ls,16,46080,0,64,46144,6272064,3.418003627232143,2949120
4,193,B4_per_expert_raw,32,32,projection,4,8192,512,64,8768,6234688,3.3976353236607144,3145728
4,193,B4_per_expert_raw,32,32,projection,8,16384,512,64,16960,6242880,3.402099609375,3145728
4,193,B4_per_expert_raw,32,32,projection,16,32768,0,64,32832,6258752,3.4107491629464284,3145728
4,193,B4_per_expert_raw,32,32,activation_ls,4,8192,512,64,8768,6234688,3.3976353236607144,3145728
4,193,B4_per_expert_raw,32,32,activation_ls,8,16384,512,64,16960,6242880,3.402099609375,3145728
4,193,B4_per_expert_raw,32,32,activation_ls,16,32768,0,64,32832,6258752,3.4107491629464284,3145728
4,193,B4_per_expert_raw,64,64,projection,4,16384,1024,64,17472,6243392,3.402378627232143,6291456
4,193,B4_per_expert_raw,64,64,projection,8,32768,1024,64,33856,6259776,3.4113071986607144,6291456
4,193,B4_per_expert_raw,64,64,projection,16,65536,0,64,65600,6291520,3.4286063058035716,6291456
4,193,B4_per_expert_raw,64,64,activation_ls,4,16384,1024,64,17472,6243392,3.402378627232143,6291456
4,193,B4_per_expert_raw,64,64,activation_ls,8,32768,1024,64,33856,6259776,3.4113071986607144,6291456
4,193,B4_per_expert_raw,64,64,activation_ls,16,65536,0,64,65600,6291520,3.4286063058035716,6291456
4,193,B4_per_expert_raw,128,128,projection,4,32768,2048,64,34880,6260800,3.411865234375,12582912
4,193,B4_per_expert_raw,128,128,projection,8,65536,2048,64,67648,6293568,3.429722377232143,12582912
4,193,B4_per_expert_raw,128,128,projection,16,131072,0,64,131136,6357056,3.464320591517857,12582912
4,193,B4_per_expert_raw,128,128,activation_ls,4,32768,2048,64,34880,6260800,3.411865234375,12582912
4,193,B4_per_expert_raw,128,128,activation_ls,8,65536,2048,64,67648,6293568,3.429722377232143,12582912
4,193,B4_per_expert_raw,128,128,activation_ls,16,131072,0,64,131136,6357056,3.464320591517857,12582912
4,193,B4_per_expert_raw,256,256,projection,4,65536,4096,64,69696,6295616,3.4308384486607144,25165824
4,193,B4_per_expert_raw,256,256,projection,8,131072,4096,64,135232,6361152,3.466552734375,25165824
4,193,B4_per_expert_raw,256,256,projection,16,262144,0,64,262208,6488128,3.5357491629464284,25165824
4,193,B4_per_expert_raw,256,256,activation_ls,4,65536,4096,64,69696,6295616,3.4308384486607144,25165824
4,193,B4_per_expert_raw,256,256,activation_ls,8,131072,4096,64,135232,6361152,3.466552734375,25165824
4,193,B4_per_expert_raw,256,256,activation_ls,16,262144,0,64,262208,6488128,3.5357491629464284,25165824
4,193,B4_per_expert_raw,512,512,projection,4,131072,8192,64,139328,6365248,3.468784877232143,50331648
4,193,B4_per_expert_raw,512,512,projection,8,262144,8192,64,270400,6496320,3.5402134486607144,50331648
4,193,B4_per_expert_raw,512,512,projection,16,524288,0,64,524352,6750272,3.6786063058035716,50331648
4,193,B4_per_expert_raw,512,512,activation_ls,4,131072,8192,64,139328,6365248,3.468784877232143,50331648
4,193,B4_per_expert_raw,512,512,activation_ls,8,262144,8192,64,270400,6496320,3.5402134486607144,50331648
4,193,B4_per_expert_raw,512,512,activation_ls,16,524288,0,64,524352,6750272,3.6786063058035716,50331648
4,220,B0_raw_shared,32,32,projection,4,8192,512,64,8768,6234688,3.3976353236607144,262144
4,220,B0_raw_shared,32,32,projection,8,16384,512,64,16960,6242880,3.402099609375,262144
4,220,B0_raw_shared,32,32,projection,16,32768,0,64,32832,6258752,3.4107491629464284,262144
4,220,B0_raw_shared,32,32,activation_ls,4,8192,512,64,8768,6234688,3.3976353236607144,262144
4,220,B0_raw_shared,32,32,activation_ls,8,16384,512,64,16960,6242880,3.402099609375,262144
4,220,B0_raw_shared,32,32,activation_ls,16,32768,0,64,32832,6258752,3.4107491629464284,262144
4,220,B0_raw_shared,64,64,projection,4,16384,1024,64,17472,6243392,3.402378627232143,524288
4,220,B0_raw_shared,64,64,projection,8,32768,1024,64,33856,6259776,3.4113071986607144,524288
4,220,B0_raw_shared,64,64,projection,16,65536,0,64,65600,6291520,3.4286063058035716,524288
4,220,B0_raw_shared,64,64,activation_ls,4,16384,1024,64,17472,6243392,3.402378627232143,524288
4,220,B0_raw_shared,64,64,activation_ls,8,32768,1024,64,33856,6259776,3.4113071986607144,524288
4,220,B0_raw_shared,64,64,activation_ls,16,65536,0,64,65600,6291520,3.4286063058035716,524288
4,220,B0_raw_shared,128,128,projection,4,32768,2048,64,34880,6260800,3.411865234375,1048576
4,220,B0_raw_shared,128,128,projection,8,65536,2048,64,67648,6293568,3.429722377232143,1048576
4,220,B0_raw_shared,128,128,projection,16,131072,0,64,131136,6357056,3.464320591517857,1048576
4,220,B0_raw_shared,128,128,activation_ls,4,32768,2048,64,34880,6260800,3.411865234375,1048576
4,220,B0_raw_shared,128,128,activation_ls,8,65536,2048,64,67648,6293568,3.429722377232143,1048576
4,220,B0_raw_shared,128,128,activation_ls,16,131072,0,64,131136,6357056,3.464320591517857,1048576
4,220,B0_raw_shared,256,256,projection,4,65536,4096,64,69696,6295616,3.4308384486607144,2097152
4,220,B0_raw_shared,256,256,projection,8,131072,4096,64,135232,6361152,3.466552734375,2097152
4,220,B0_raw_shared,256,256,projection,16,262144,0,64,262208,6488128,3.5357491629464284,2097152
4,220,B0_raw_shared,256,256,activation_ls,4,65536,4096,64,69696,6295616,3.4308384486607144,2097152
4,220,B0_raw_shared,256,256,activation_ls,8,131072,4096,64,135232,6361152,3.466552734375,2097152
4,220,B0_raw_shared,256,256,activation_ls,16,262144,0,64,262208,6488128,3.5357491629464284,2097152
4,220,B0_raw_shared,512,512,projection,4,131072,8192,64,139328,6365248,3.468784877232143,4194304
4,220,B0_raw_shared,512,512,projection,8,262144,8192,64,270400,6496320,3.5402134486607144,4194304
4,220,B0_raw_shared,512,512,projection,16,524288,0,64,524352,6750272,3.6786063058035716,4194304
4,220,B0_raw_shared,512,512,activation_ls,4,131072,8192,64,139328,6365248,3.468784877232143,4194304
4,220,B0_raw_shared,512,512,activation_ls,8,262144,8192,64,270400,6496320,3.5402134486607144,4194304
4,220,B0_raw_shared,512,512,activation_ls,16,524288,0,64,524352,6750272,3.6786063058035716,4194304
4,220,B1_action_shared,32,32,projection,4,8192,512,64,8768,6234688,3.3976353236607144,262144
4,220,B1_action_shared,32,32,projection,8,16384,512,64,16960,6242880,3.402099609375,262144
4,220,B1_action_shared,32,32,projection,16,32768,0,64,32832,6258752,3.4107491629464284,262144
4,220,B1_action_shared,32,32,activation_ls,4,8192,512,64,8768,6234688,3.3976353236607144,262144
4,220,B1_action_shared,32,32,activation_ls,8,16384,512,64,16960,6242880,3.402099609375,262144
4,220,B1_action_shared,32,32,activation_ls,16,32768,0,64,32832,6258752,3.4107491629464284,262144
4,220,B1_action_shared,64,64,projection,4,16384,1024,64,17472,6243392,3.402378627232143,524288
4,220,B1_action_shared,64,64,projection,8,32768,1024,64,33856,6259776,3.4113071986607144,524288
4,220,B1_action_shared,64,64,projection,16,65536,0,64,65600,6291520,3.4286063058035716,524288
4,220,B1_action_shared,64,64,activation_ls,4,16384,1024,64,17472,6243392,3.402378627232143,524288
4,220,B1_action_shared,64,64,activation_ls,8,32768,1024,64,33856,6259776,3.4113071986607144,524288
4,220,B1_action_shared,64,64,activation_ls,16,65536,0,64,65600,6291520,3.4286063058035716,524288
4,220,B1_action_shared,128,128,projection,4,32768,2048,64,34880,6260800,3.411865234375,1048576
4,220,B1_action_shared,128,128,projection,8,65536,2048,64,67648,6293568,3.429722377232143,1048576
4,220,B1_action_shared,128,128,projection,16,131072,0,64,131136,6357056,3.464320591517857,1048576
4,220,B1_action_shared,128,128,activation_ls,4,32768,2048,64,34880,6260800,3.411865234375,1048576
4,220,B1_action_shared,128,128,activation_ls,8,65536,2048,64,67648,6293568,3.429722377232143,1048576
4,220,B1_action_shared,128,128,activation_ls,16,131072,0,64,131136,6357056,3.464320591517857,1048576
4,220,B1_action_shared,256,256,projection,4,65536,4096,64,69696,6295616,3.4308384486607144,2097152
4,220,B1_action_shared,256,256,projection,8,131072,4096,64,135232,6361152,3.466552734375,2097152
4,220,B1_action_shared,256,256,projection,16,262144,0,64,262208,6488128,3.5357491629464284,2097152
4,220,B1_action_shared,256,256,activation_ls,4,65536,4096,64,69696,6295616,3.4308384486607144,2097152
4,220,B1_action_shared,256,256,activation_ls,8,131072,4096,64,135232,6361152,3.466552734375,2097152
4,220,B1_action_shared,256,256,activation_ls,16,262144,0,64,262208,6488128,3.5357491629464284,2097152
4,220,B1_action_shared,512,485,projection,4,124160,7760,64,131984,6357904,3.46478271484375,3973120
4,220,B1_action_shared,512,485,projection,8,248320,7760,64,256144,6482064,3.532444545200893,3973120
4,220,B1_action_shared,512,485,projection,16,496640,0,64,496704,6722624,3.663539341517857,3973120
4,220,B1_action_shared,512,485,activation_ls,4,124160,7760,64,131984,6357904,3.46478271484375,3973120
4,220,B1_action_shared,512,485,activation_ls,8,248320,7760,64,256144,6482064,3.532444545200893,3973120
4,220,B1_action_shared,512,485,activation_ls,16,496640,0,64,496704,6722624,3.663539341517857,3973120
4,220,B2_proxy_shared,32,32,projection,4,8192,512,64,8768,6234688,3.3976353236607144,262144
4,220,B2_proxy_shared,32,32,projection,8,16384,512,64,16960,6242880,3.402099609375,262144
4,220,B2_proxy_shared,32,32,projection,16,32768,0,64,32832,6258752,3.4107491629464284,262144
4,220,B2_proxy_shared,32,32,activation_ls,4,8192,512,64,8768,6234688,3.3976353236607144,262144
4,220,B2_proxy_shared,32,32,activation_ls,8,16384,512,64,16960,6242880,3.402099609375,262144
4,220,B2_proxy_shared,32,32,activation_ls,16,32768,0,64,32832,6258752,3.4107491629464284,262144
4,220,B2_proxy_shared,64,64,projection,4,16384,1024,64,17472,6243392,3.402378627232143,524288
4,220,B2_proxy_shared,64,64,projection,8,32768,1024,64,33856,6259776,3.4113071986607144,524288
4,220,B2_proxy_shared,64,64,projection,16,65536,0,64,65600,6291520,3.4286063058035716,524288
4,220,B2_proxy_shared,64,64,activation_ls,4,16384,1024,64,17472,6243392,3.402378627232143,524288
4,220,B2_proxy_shared,64,64,activation_ls,8,32768,1024,64,33856,6259776,3.4113071986607144,524288
4,220,B2_proxy_shared,64,64,activation_ls,16,65536,0,64,65600,6291520,3.4286063058035716,524288
4,220,B2_proxy_shared,128,128,projection,4,32768,2048,64,34880,6260800,3.411865234375,1048576
4,220,B2_proxy_shared,128,128,projection,8,65536,2048,64,67648,6293568,3.429722377232143,1048576
4,220,B2_proxy_shared,128,128,projection,16,131072,0,64,131136,6357056,3.464320591517857,1048576
4,220,B2_proxy_shared,128,128,activation_ls,4,32768,2048,64,34880,6260800,3.411865234375,1048576
4,220,B2_proxy_shared,128,128,activation_ls,8,65536,2048,64,67648,6293568,3.429722377232143,1048576
4,220,B2_proxy_shared,128,128,activation_ls,16,131072,0,64,131136,6357056,3.464320591517857,1048576
4,220,B2_proxy_shared,256,256,projection,4,65536,4096,64,69696,6295616,3.4308384486607144,2097152
4,220,B2_proxy_shared,256,256,projection,8,131072,4096,64,135232,6361152,3.466552734375,2097152
4,220,B2_proxy_shared,256,256,projection,16,262144,0,64,262208,6488128,3.5357491629464284,2097152
4,220,B2_proxy_shared,256,256,activation_ls,4,65536,4096,64,69696,6295616,3.4308384486607144,2097152
4,220,B2_proxy_shared,256,256,activation_ls,8,131072,4096,64,135232,6361152,3.466552734375,2097152
4,220,B2_proxy_shared,256,256,activation_ls,16,262144,0,64,262208,6488128,3.5357491629464284,2097152
4,220,B2_proxy_shared,512,485,projection,4,124160,7760,64,131984,6357904,3.46478271484375,3973120
4,220,B2_proxy_shared,512,485,projection,8,248320,7760,64,256144,6482064,3.532444545200893,3973120
4,220,B2_proxy_shared,512,485,projection,16,496640,0,64,496704,6722624,3.663539341517857,3973120
4,220,B2_proxy_shared,512,485,activation_ls,4,124160,7760,64,131984,6357904,3.46478271484375,3973120
4,220,B2_proxy_shared,512,485,activation_ls,8,248320,7760,64,256144,6482064,3.532444545200893,3973120
4,220,B2_proxy_shared,512,485,activation_ls,16,496640,0,64,496704,6722624,3.663539341517857,3973120
4,220,B3_action_cluster_4,32,32,projection,4,8192,512,64,8768,6234688,3.3976353236607144,1048576
4,220,B3_action_cluster_4,32,32,projection,8,16384,512,64,16960,6242880,3.402099609375,1048576
4,220,B3_action_cluster_4,32,32,projection,16,32768,0,64,32832,6258752,3.4107491629464284,1048576
4,220,B3_action_cluster_4,32,32,activation_ls,4,8192,512,64,8768,6234688,3.3976353236607144,1048576
4,220,B3_action_cluster_4,32,32,activation_ls,8,16384,512,64,16960,6242880,3.402099609375,1048576
4,220,B3_action_cluster_4,32,32,activation_ls,16,32768,0,64,32832,6258752,3.4107491629464284,1048576
4,220,B3_action_cluster_4,64,64,projection,4,16384,1024,64,17472,6243392,3.402378627232143,2097152
4,220,B3_action_cluster_4,64,64,projection,8,32768,1024,64,33856,6259776,3.4113071986607144,2097152
4,220,B3_action_cluster_4,64,64,projection,16,65536,0,64,65600,6291520,3.4286063058035716,2097152
4,220,B3_action_cluster_4,64,64,activation_ls,4,16384,1024,64,17472,6243392,3.402378627232143,2097152
4,220,B3_action_cluster_4,64,64,activation_ls,8,32768,1024,64,33856,6259776,3.4113071986607144,2097152
4,220,B3_action_cluster_4,64,64,activation_ls,16,65536,0,64,65600,6291520,3.4286063058035716,2097152
4,220,B3_action_cluster_4,128,128,projection,4,32768,2048,64,34880,6260800,3.411865234375,4194304
4,220,B3_action_cluster_4,128,128,projection,8,65536,2048,64,67648,6293568,3.429722377232143,4194304
4,220,B3_action_cluster_4,128,128,projection,16,131072,0,64,131136,6357056,3.464320591517857,4194304
4,220,B3_action_cluster_4,128,128,activation_ls,4,32768,2048,64,34880,6260800,3.411865234375,4194304
4,220,B3_action_cluster_4,128,128,activation_ls,8,65536,2048,64,67648,6293568,3.429722377232143,4194304
4,220,B3_action_cluster_4,128,128,activation_ls,16,131072,0,64,131136,6357056,3.464320591517857,4194304
4,220,B3_action_cluster_4,256,209,projection,4,53504,3344,64,56912,6282832,3.4238717215401784,6848512
4,220,B3_action_cluster_4,256,209,projection,8,107008,3344,64,110416,6336336,3.453029087611607,6848512
4,220,B3_action_cluster_4,256,209,projection,16,214016,0,64,214080,6440000,3.509521484375,6848512
4,220,B3_action_cluster_4,256,209,activation_ls,4,53504,3344,64,56912,6282832,3.4238717215401784,6848512
4,220,B3_action_cluster_4,256,209,activation_ls,8,107008,3344,64,110416,6336336,3.453029087611607,6848512
4,220,B3_action_cluster_4,256,209,activation_ls,16,214016,0,64,214080,6440000,3.509521484375,6848512
4,220,B3_action_cluster_4,512,209,projection,4,53504,3344,64,56912,6282832,3.4238717215401784,6848512
4,220,B3_action_cluster_4,512,209,projection,8,107008,3344,64,110416,6336336,3.453029087611607,6848512
4,220,B3_action_cluster_4,512,209,projection,16,214016,0,64,214080,6440000,3.509521484375,6848512
4,220,B3_action_cluster_4,512,209,activation_ls,4,53504,3344,64,56912,6282832,3.4238717215401784,6848512
4,220,B3_action_cluster_4,512,209,activation_ls,8,107008,3344,64,110416,6336336,3.453029087611607,6848512
4,220,B3_action_cluster_4,512,209,activation_ls,16,214016,0,64,214080,6440000,3.509521484375,6848512
4,220,B3_action_cluster_8,32,3,projection,4,768,48,64,880,6226800,3.393336704799107,196608
4,220,B3_action_cluster_8,32,3,projection,8,1536,48,64,1648,6227568,3.3937552315848216,196608
4,220,B3_action_cluster_8,32,3,projection,16,3072,0,64,3136,6229056,3.394566127232143,196608
4,220,B3_action_cluster_8,32,3,activation_ls,4,768,48,64,880,6226800,3.393336704799107,196608
4,220,B3_action_cluster_8,32,3,activation_ls,8,1536,48,64,1648,6227568,3.3937552315848216,196608
4,220,B3_action_cluster_8,32,3,activation_ls,16,3072,0,64,3136,6229056,3.394566127232143,196608
4,220,B3_action_cluster_8,64,3,projection,4,768,48,64,880,6226800,3.393336704799107,196608
4,220,B3_action_cluster_8,64,3,projection,8,1536,48,64,1648,6227568,3.3937552315848216,196608
4,220,B3_action_cluster_8,64,3,projection,16,3072,0,64,3136,6229056,3.394566127232143,196608
4,220,B3_action_cluster_8,64,3,activation_ls,4,768,48,64,880,6226800,3.393336704799107,196608
4,220,B3_action_cluster_8,64,3,activation_ls,8,1536,48,64,1648,6227568,3.3937552315848216,196608
4,220,B3_action_cluster_8,64,3,activation_ls,16,3072,0,64,3136,6229056,3.394566127232143,196608
4,220,B3_action_cluster_8,128,3,projection,4,768,48,64,880,6226800,3.393336704799107,196608
4,220,B3_action_cluster_8,128,3,projection,8,1536,48,64,1648,6227568,3.3937552315848216,196608
4,220,B3_action_cluster_8,128,3,projection,16,3072,0,64,3136,6229056,3.394566127232143,196608
4,220,B3_action_cluster_8,128,3,activation_ls,4,768,48,64,880,6226800,3.393336704799107,196608
4,220,B3_action_cluster_8,128,3,activation_ls,8,1536,48,64,1648,6227568,3.3937552315848216,196608
4,220,B3_action_cluster_8,128,3,activation_ls,16,3072,0,64,3136,6229056,3.394566127232143,196608
4,220,B3_action_cluster_8,256,3,projection,4,768,48,64,880,6226800,3.393336704799107,196608
4,220,B3_action_cluster_8,256,3,projection,8,1536,48,64,1648,6227568,3.3937552315848216,196608
4,220,B3_action_cluster_8,256,3,projection,16,3072,0,64,3136,6229056,3.394566127232143,196608
4,220,B3_action_cluster_8,256,3,activation_ls,4,768,48,64,880,6226800,3.393336704799107,196608
4,220,B3_action_cluster_8,256,3,activation_ls,8,1536,48,64,1648,6227568,3.3937552315848216,196608
4,220,B3_action_cluster_8,256,3,activation_ls,16,3072,0,64,3136,6229056,3.394566127232143,196608
4,220,B3_action_cluster_8,512,3,projection,4,768,48,64,880,6226800,3.393336704799107,196608
4,220,B3_action_cluster_8,512,3,projection,8,1536,48,64,1648,6227568,3.3937552315848216,196608
4,220,B3_action_cluster_8,512,3,projection,16,3072,0,64,3136,6229056,3.394566127232143,196608
4,220,B3_action_cluster_8,512,3,activation_ls,4,768,48,64,880,6226800,3.393336704799107,196608
4,220,B3_action_cluster_8,512,3,activation_ls,8,1536,48,64,1648,6227568,3.3937552315848216,196608
4,220,B3_action_cluster_8,512,3,activation_ls,16,3072,0,64,3136,6229056,3.394566127232143,196608
4,220,B4_per_expert_raw,32,32,projection,4,8192,512,64,8768,6234688,3.3976353236607144,3145728
4,220,B4_per_expert_raw,32,32,projection,8,16384,512,64,16960,6242880,3.402099609375,3145728
4,220,B4_per_expert_raw,32,32,projection,16,32768,0,64,32832,6258752,3.4107491629464284,3145728
4,220,B4_per_expert_raw,32,32,activation_ls,4,8192,512,64,8768,6234688,3.3976353236607144,3145728
4,220,B4_per_expert_raw,32,32,activation_ls,8,16384,512,64,16960,6242880,3.402099609375,3145728
4,220,B4_per_expert_raw,32,32,activation_ls,16,32768,0,64,32832,6258752,3.4107491629464284,3145728
4,220,B4_per_expert_raw,64,64,projection,4,16384,1024,64,17472,6243392,3.402378627232143,6291456
4,220,B4_per_expert_raw,64,64,projection,8,32768,1024,64,33856,6259776,3.4113071986607144,6291456
4,220,B4_per_expert_raw,64,64,projection,16,65536,0,64,65600,6291520,3.4286063058035716,6291456
4,220,B4_per_expert_raw,64,64,activation_ls,4,16384,1024,64,17472,6243392,3.402378627232143,6291456
4,220,B4_per_expert_raw,64,64,activation_ls,8,32768,1024,64,33856,6259776,3.4113071986607144,6291456
4,220,B4_per_expert_raw,64,64,activation_ls,16,65536,0,64,65600,6291520,3.4286063058035716,6291456
4,220,B4_per_expert_raw,128,128,projection,4,32768,2048,64,34880,6260800,3.411865234375,12582912
4,220,B4_per_expert_raw,128,128,projection,8,65536,2048,64,67648,6293568,3.429722377232143,12582912
4,220,B4_per_expert_raw,128,128,projection,16,131072,0,64,131136,6357056,3.464320591517857,12582912
4,220,B4_per_expert_raw,128,128,activation_ls,4,32768,2048,64,34880,6260800,3.411865234375,12582912
4,220,B4_per_expert_raw,128,128,activation_ls,8,65536,2048,64,67648,6293568,3.429722377232143,12582912
4,220,B4_per_expert_raw,128,128,activation_ls,16,131072,0,64,131136,6357056,3.464320591517857,12582912
4,220,B4_per_expert_raw,256,256,projection,4,65536,4096,64,69696,6295616,3.4308384486607144,25165824
4,220,B4_per_expert_raw,256,256,projection,8,131072,4096,64,135232,6361152,3.466552734375,25165824
4,220,B4_per_expert_raw,256,256,projection,16,262144,0,64,262208,6488128,3.5357491629464284,25165824
4,220,B4_per_expert_raw,256,256,activation_ls,4,65536,4096,64,69696,6295616,3.4308384486607144,25165824
4,220,B4_per_expert_raw,256,256,activation_ls,8,131072,4096,64,135232,6361152,3.466552734375,25165824
4,220,B4_per_expert_raw,256,256,activation_ls,16,262144,0,64,262208,6488128,3.5357491629464284,25165824
4,220,B4_per_expert_raw,512,512,projection,4,131072,8192,64,139328,6365248,3.468784877232143,50331648
4,220,B4_per_expert_raw,512,512,projection,8,262144,8192,64,270400,6496320,3.5402134486607144,50331648
4,220,B4_per_expert_raw,512,512,projection,16,524288,0,64,524352,6750272,3.6786063058035716,50331648
4,220,B4_per_expert_raw,512,512,activation_ls,4,131072,8192,64,139328,6365248,3.468784877232143,50331648
4,220,B4_per_expert_raw,512,512,activation_ls,8,262144,8192,64,270400,6496320,3.5402134486607144,50331648
4,220,B4_per_expert_raw,512,512,activation_ls,16,524288,0,64,524352,6750272,3.6786063058035716,50331648
4,252,B0_raw_shared,32,32,projection,4,8192,512,64,8768,6234688,3.3976353236607144,262144
4,252,B0_raw_shared,32,32,projection,8,16384,512,64,16960,6242880,3.402099609375,262144
4,252,B0_raw_shared,32,32,projection,16,32768,0,64,32832,6258752,3.4107491629464284,262144
4,252,B0_raw_shared,32,32,activation_ls,4,8192,512,64,8768,6234688,3.3976353236607144,262144
4,252,B0_raw_shared,32,32,activation_ls,8,16384,512,64,16960,6242880,3.402099609375,262144
4,252,B0_raw_shared,32,32,activation_ls,16,32768,0,64,32832,6258752,3.4107491629464284,262144
4,252,B0_raw_shared,64,64,projection,4,16384,1024,64,17472,6243392,3.402378627232143,524288
4,252,B0_raw_shared,64,64,projection,8,32768,1024,64,33856,6259776,3.4113071986607144,524288
4,252,B0_raw_shared,64,64,projection,16,65536,0,64,65600,6291520,3.4286063058035716,524288
4,252,B0_raw_shared,64,64,activation_ls,4,16384,1024,64,17472,6243392,3.402378627232143,524288
4,252,B0_raw_shared,64,64,activation_ls,8,32768,1024,64,33856,6259776,3.4113071986607144,524288
4,252,B0_raw_shared,64,64,activation_ls,16,65536,0,64,65600,6291520,3.4286063058035716,524288
4,252,B0_raw_shared,128,128,projection,4,32768,2048,64,34880,6260800,3.411865234375,1048576
4,252,B0_raw_shared,128,128,projection,8,65536,2048,64,67648,6293568,3.429722377232143,1048576
4,252,B0_raw_shared,128,128,projection,16,131072,0,64,131136,6357056,3.464320591517857,1048576
4,252,B0_raw_shared,128,128,activation_ls,4,32768,2048,64,34880,6260800,3.411865234375,1048576
4,252,B0_raw_shared,128,128,activation_ls,8,65536,2048,64,67648,6293568,3.429722377232143,1048576
4,252,B0_raw_shared,128,128,activation_ls,16,131072,0,64,131136,6357056,3.464320591517857,1048576
4,252,B0_raw_shared,256,256,projection,4,65536,4096,64,69696,6295616,3.4308384486607144,2097152
4,252,B0_raw_shared,256,256,projection,8,131072,4096,64,135232,6361152,3.466552734375,2097152
4,252,B0_raw_shared,256,256,projection,16,262144,0,64,262208,6488128,3.5357491629464284,2097152
4,252,B0_raw_shared,256,256,activation_ls,4,65536,4096,64,69696,6295616,3.4308384486607144,2097152
4,252,B0_raw_shared,256,256,activation_ls,8,131072,4096,64,135232,6361152,3.466552734375,2097152
4,252,B0_raw_shared,256,256,activation_ls,16,262144,0,64,262208,6488128,3.5357491629464284,2097152
4,252,B0_raw_shared,512,512,projection,4,131072,8192,64,139328,6365248,3.468784877232143,4194304
4,252,B0_raw_shared,512,512,projection,8,262144,8192,64,270400,6496320,3.5402134486607144,4194304
4,252,B0_raw_shared,512,512,projection,16,524288,0,64,524352,6750272,3.6786063058035716,4194304
4,252,B0_raw_shared,512,512,activation_ls,4,131072,8192,64,139328,6365248,3.468784877232143,4194304
4,252,B0_raw_shared,512,512,activation_ls,8,262144,8192,64,270400,6496320,3.5402134486607144,4194304
4,252,B0_raw_shared,512,512,activation_ls,16,524288,0,64,524352,6750272,3.6786063058035716,4194304
4,252,B1_action_shared,32,32,projection,4,8192,512,64,8768,6234688,3.3976353236607144,262144
4,252,B1_action_shared,32,32,projection,8,16384,512,64,16960,6242880,3.402099609375,262144
4,252,B1_action_shared,32,32,projection,16,32768,0,64,32832,6258752,3.4107491629464284,262144
4,252,B1_action_shared,32,32,activation_ls,4,8192,512,64,8768,6234688,3.3976353236607144,262144
4,252,B1_action_shared,32,32,activation_ls,8,16384,512,64,16960,6242880,3.402099609375,262144
4,252,B1_action_shared,32,32,activation_ls,16,32768,0,64,32832,6258752,3.4107491629464284,262144
4,252,B1_action_shared,64,64,projection,4,16384,1024,64,17472,6243392,3.402378627232143,524288
4,252,B1_action_shared,64,64,projection,8,32768,1024,64,33856,6259776,3.4113071986607144,524288
4,252,B1_action_shared,64,64,projection,16,65536,0,64,65600,6291520,3.4286063058035716,524288
4,252,B1_action_shared,64,64,activation_ls,4,16384,1024,64,17472,6243392,3.402378627232143,524288
4,252,B1_action_shared,64,64,activation_ls,8,32768,1024,64,33856,6259776,3.4113071986607144,524288
4,252,B1_action_shared,64,64,activation_ls,16,65536,0,64,65600,6291520,3.4286063058035716,524288
4,252,B1_action_shared,128,128,projection,4,32768,2048,64,34880,6260800,3.411865234375,1048576
4,252,B1_action_shared,128,128,projection,8,65536,2048,64,67648,6293568,3.429722377232143,1048576
4,252,B1_action_shared,128,128,projection,16,131072,0,64,131136,6357056,3.464320591517857,1048576
4,252,B1_action_shared,128,128,activation_ls,4,32768,2048,64,34880,6260800,3.411865234375,1048576
4,252,B1_action_shared,128,128,activation_ls,8,65536,2048,64,67648,6293568,3.429722377232143,1048576
4,252,B1_action_shared,128,128,activation_ls,16,131072,0,64,131136,6357056,3.464320591517857,1048576
4,252,B1_action_shared,256,256,projection,4,65536,4096,64,69696,6295616,3.4308384486607144,2097152
4,252,B1_action_shared,256,256,projection,8,131072,4096,64,135232,6361152,3.466552734375,2097152
4,252,B1_action_shared,256,256,projection,16,262144,0,64,262208,6488128,3.5357491629464284,2097152
4,252,B1_action_shared,256,256,activation_ls,4,65536,4096,64,69696,6295616,3.4308384486607144,2097152
4,252,B1_action_shared,256,256,activation_ls,8,131072,4096,64,135232,6361152,3.466552734375,2097152
4,252,B1_action_shared,256,256,activation_ls,16,262144,0,64,262208,6488128,3.5357491629464284,2097152
4,252,B1_action_shared,512,485,projection,4,124160,7760,64,131984,6357904,3.46478271484375,3973120
4,252,B1_action_shared,512,485,projection,8,248320,7760,64,256144,6482064,3.532444545200893,3973120
4,252,B1_action_shared,512,485,projection,16,496640,0,64,496704,6722624,3.663539341517857,3973120
4,252,B1_action_shared,512,485,activation_ls,4,124160,7760,64,131984,6357904,3.46478271484375,3973120
4,252,B1_action_shared,512,485,activation_ls,8,248320,7760,64,256144,6482064,3.532444545200893,3973120
4,252,B1_action_shared,512,485,activation_ls,16,496640,0,64,496704,6722624,3.663539341517857,3973120
4,252,B2_proxy_shared,32,32,projection,4,8192,512,64,8768,6234688,3.3976353236607144,262144
4,252,B2_proxy_shared,32,32,projection,8,16384,512,64,16960,6242880,3.402099609375,262144
4,252,B2_proxy_shared,32,32,projection,16,32768,0,64,32832,6258752,3.4107491629464284,262144
4,252,B2_proxy_shared,32,32,activation_ls,4,8192,512,64,8768,6234688,3.3976353236607144,262144
4,252,B2_proxy_shared,32,32,activation_ls,8,16384,512,64,16960,6242880,3.402099609375,262144
4,252,B2_proxy_shared,32,32,activation_ls,16,32768,0,64,32832,6258752,3.4107491629464284,262144
4,252,B2_proxy_shared,64,64,projection,4,16384,1024,64,17472,6243392,3.402378627232143,524288
4,252,B2_proxy_shared,64,64,projection,8,32768,1024,64,33856,6259776,3.4113071986607144,524288
4,252,B2_proxy_shared,64,64,projection,16,65536,0,64,65600,6291520,3.4286063058035716,524288
4,252,B2_proxy_shared,64,64,activation_ls,4,16384,1024,64,17472,6243392,3.402378627232143,524288
4,252,B2_proxy_shared,64,64,activation_ls,8,32768,1024,64,33856,6259776,3.4113071986607144,524288
4,252,B2_proxy_shared,64,64,activation_ls,16,65536,0,64,65600,6291520,3.4286063058035716,524288
4,252,B2_proxy_shared,128,128,projection,4,32768,2048,64,34880,6260800,3.411865234375,1048576
4,252,B2_proxy_shared,128,128,projection,8,65536,2048,64,67648,6293568,3.429722377232143,1048576
4,252,B2_proxy_shared,128,128,projection,16,131072,0,64,131136,6357056,3.464320591517857,1048576
4,252,B2_proxy_shared,128,128,activation_ls,4,32768,2048,64,34880,6260800,3.411865234375,1048576
4,252,B2_proxy_shared,128,128,activation_ls,8,65536,2048,64,67648,6293568,3.429722377232143,1048576
4,252,B2_proxy_shared,128,128,activation_ls,16,131072,0,64,131136,6357056,3.464320591517857,1048576
4,252,B2_proxy_shared,256,256,projection,4,65536,4096,64,69696,6295616,3.4308384486607144,2097152
4,252,B2_proxy_shared,256,256,projection,8,131072,4096,64,135232,6361152,3.466552734375,2097152
4,252,B2_proxy_shared,256,256,projection,16,262144,0,64,262208,6488128,3.5357491629464284,2097152
4,252,B2_proxy_shared,256,256,activation_ls,4,65536,4096,64,69696,6295616,3.4308384486607144,2097152
4,252,B2_proxy_shared,256,256,activation_ls,8,131072,4096,64,135232,6361152,3.466552734375,2097152
4,252,B2_proxy_shared,256,256,activation_ls,16,262144,0,64,262208,6488128,3.5357491629464284,2097152
4,252,B2_proxy_shared,512,485,projection,4,124160,7760,64,131984,6357904,3.46478271484375,3973120
4,252,B2_proxy_shared,512,485,projection,8,248320,7760,64,256144,6482064,3.532444545200893,3973120
4,252,B2_proxy_shared,512,485,projection,16,496640,0,64,496704,6722624,3.663539341517857,3973120
4,252,B2_proxy_shared,512,485,activation_ls,4,124160,7760,64,131984,6357904,3.46478271484375,3973120
4,252,B2_proxy_shared,512,485,activation_ls,8,248320,7760,64,256144,6482064,3.532444545200893,3973120
4,252,B2_proxy_shared,512,485,activation_ls,16,496640,0,64,496704,6722624,3.663539341517857,3973120
4,252,B3_action_cluster_4,32,32,projection,4,8192,512,64,8768,6234688,3.3976353236607144,1048576
4,252,B3_action_cluster_4,32,32,projection,8,16384,512,64,16960,6242880,3.402099609375,1048576
4,252,B3_action_cluster_4,32,32,projection,16,32768,0,64,32832,6258752,3.4107491629464284,1048576
4,252,B3_action_cluster_4,32,32,activation_ls,4,8192,512,64,8768,6234688,3.3976353236607144,1048576
4,252,B3_action_cluster_4,32,32,activation_ls,8,16384,512,64,16960,6242880,3.402099609375,1048576
4,252,B3_action_cluster_4,32,32,activation_ls,16,32768,0,64,32832,6258752,3.4107491629464284,1048576
4,252,B3_action_cluster_4,64,64,projection,4,16384,1024,64,17472,6243392,3.402378627232143,2097152
4,252,B3_action_cluster_4,64,64,projection,8,32768,1024,64,33856,6259776,3.4113071986607144,2097152
4,252,B3_action_cluster_4,64,64,projection,16,65536,0,64,65600,6291520,3.4286063058035716,2097152
4,252,B3_action_cluster_4,64,64,activation_ls,4,16384,1024,64,17472,6243392,3.402378627232143,2097152
4,252,B3_action_cluster_4,64,64,activation_ls,8,32768,1024,64,33856,6259776,3.4113071986607144,2097152
4,252,B3_action_cluster_4,64,64,activation_ls,16,65536,0,64,65600,6291520,3.4286063058035716,2097152
4,252,B3_action_cluster_4,128,126,projection,4,32256,2016,64,34336,6260256,3.4115687779017856,4128768
4,252,B3_action_cluster_4,128,126,projection,8,64512,2016,64,66592,6292512,3.4291469029017856,4128768
4,252,B3_action_cluster_4,128,126,projection,16,129024,0,64,129088,6355008,3.4632045200892856,4128768
4,252,B3_action_cluster_4,128,126,activation_ls,4,32256,2016,64,34336,6260256,3.4115687779017856,4128768
4,252,B3_action_cluster_4,128,126,activation_ls,8,64512,2016,64,66592,6292512,3.4291469029017856,4128768
4,252,B3_action_cluster_4,128,126,activation_ls,16,129024,0,64,129088,6355008,3.4632045200892856,4128768
4,252,B3_action_cluster_4,256,126,projection,4,32256,2016,64,34336,6260256,3.4115687779017856,4128768
4,252,B3_action_cluster_4,256,126,projection,8,64512,2016,64,66592,6292512,3.4291469029017856,4128768
4,252,B3_action_cluster_4,256,126,projection,16,129024,0,64,129088,6355008,3.4632045200892856,4128768
4,252,B3_action_cluster_4,256,126,activation_ls,4,32256,2016,64,34336,6260256,3.4115687779017856,4128768
4,252,B3_action_cluster_4,256,126,activation_ls,8,64512,2016,64,66592,6292512,3.4291469029017856,4128768
4,252,B3_action_cluster_4,256,126,activation_ls,16,129024,0,64,129088,6355008,3.4632045200892856,4128768
4,252,B3_action_cluster_4,512,126,projection,4,32256,2016,64,34336,6260256,3.4115687779017856,4128768
4,252,B3_action_cluster_4,512,126,projection,8,64512,2016,64,66592,6292512,3.4291469029017856,4128768
4,252,B3_action_cluster_4,512,126,projection,16,129024,0,64,129088,6355008,3.4632045200892856,4128768
4,252,B3_action_cluster_4,512,126,activation_ls,4,32256,2016,64,34336,6260256,3.4115687779017856,4128768
4,252,B3_action_cluster_4,512,126,activation_ls,8,64512,2016,64,66592,6292512,3.4291469029017856,4128768
4,252,B3_action_cluster_4,512,126,activation_ls,16,129024,0,64,129088,6355008,3.4632045200892856,4128768
4,252,B3_action_cluster_8,32,1,projection,4,256,16,64,336,6226256,3.393040248325893,65536
4,252,B3_action_cluster_8,32,1,projection,8,512,16,64,592,6226512,3.3931797572544644,65536
4,252,B3_action_cluster_8,32,1,projection,16,1024,0,64,1088,6227008,3.3934500558035716,65536
4,252,B3_action_cluster_8,32,1,activation_ls,4,256,16,64,336,6226256,3.393040248325893,65536
4,252,B3_action_cluster_8,32,1,activation_ls,8,512,16,64,592,6226512,3.3931797572544644,65536
4,252,B3_action_cluster_8,32,1,activation_ls,16,1024,0,64,1088,6227008,3.3934500558035716,65536
4,252,B3_action_cluster_8,64,1,projection,4,256,16,64,336,6226256,3.393040248325893,65536
4,252,B3_action_cluster_8,64,1,projection,8,512,16,64,592,6226512,3.3931797572544644,65536
4,252,B3_action_cluster_8,64,1,projection,16,1024,0,64,1088,6227008,3.3934500558035716,65536
4,252,B3_action_cluster_8,64,1,activation_ls,4,256,16,64,336,6226256,3.393040248325893,65536
4,252,B3_action_cluster_8,64,1,activation_ls,8,512,16,64,592,6226512,3.3931797572544644,65536
4,252,B3_action_cluster_8,64,1,activation_ls,16,1024,0,64,1088,6227008,3.3934500558035716,65536
4,252,B3_action_cluster_8,128,1,projection,4,256,16,64,336,6226256,3.393040248325893,65536
4,252,B3_action_cluster_8,128,1,projection,8,512,16,64,592,6226512,3.3931797572544644,65536
4,252,B3_action_cluster_8,128,1,projection,16,1024,0,64,1088,6227008,3.3934500558035716,65536
4,252,B3_action_cluster_8,128,1,activation_ls,4,256,16,64,336,6226256,3.393040248325893,65536
4,252,B3_action_cluster_8,128,1,activation_ls,8,512,16,64,592,6226512,3.3931797572544644,65536
4,252,B3_action_cluster_8,128,1,activation_ls,16,1024,0,64,1088,6227008,3.3934500558035716,65536
4,252,B3_action_cluster_8,256,1,projection,4,256,16,64,336,6226256,3.393040248325893,65536
4,252,B3_action_cluster_8,256,1,projection,8,512,16,64,592,6226512,3.3931797572544644,65536
4,252,B3_action_cluster_8,256,1,projection,16,1024,0,64,1088,6227008,3.3934500558035716,65536
4,252,B3_action_cluster_8,256,1,activation_ls,4,256,16,64,336,6226256,3.393040248325893,65536
4,252,B3_action_cluster_8,256,1,activation_ls,8,512,16,64,592,6226512,3.3931797572544644,65536
4,252,B3_action_cluster_8,256,1,activation_ls,16,1024,0,64,1088,6227008,3.3934500558035716,65536
4,252,B3_action_cluster_8,512,1,projection,4,256,16,64,336,6226256,3.393040248325893,65536
4,252,B3_action_cluster_8,512,1,projection,8,512,16,64,592,6226512,3.3931797572544644,65536
4,252,B3_action_cluster_8,512,1,projection,16,1024,0,64,1088,6227008,3.3934500558035716,65536
4,252,B3_action_cluster_8,512,1,activation_ls,4,256,16,64,336,6226256,3.393040248325893,65536
4,252,B3_action_cluster_8,512,1,activation_ls,8,512,16,64,592,6226512,3.3931797572544644,65536
4,252,B3_action_cluster_8,512,1,activation_ls,16,1024,0,64,1088,6227008,3.3934500558035716,65536
4,252,B4_per_expert_raw,32,32,projection,4,8192,512,64,8768,6234688,3.3976353236607144,3145728
4,252,B4_per_expert_raw,32,32,projection,8,16384,512,64,16960,6242880,3.402099609375,3145728
4,252,B4_per_expert_raw,32,32,projection,16,32768,0,64,32832,6258752,3.4107491629464284,3145728
4,252,B4_per_expert_raw,32,32,activation_ls,4,8192,512,64,8768,6234688,3.3976353236607144,3145728
4,252,B4_per_expert_raw,32,32,activation_ls,8,16384,512,64,16960,6242880,3.402099609375,3145728
4,252,B4_per_expert_raw,32,32,activation_ls,16,32768,0,64,32832,6258752,3.4107491629464284,3145728
4,252,B4_per_expert_raw,64,64,projection,4,16384,1024,64,17472,6243392,3.402378627232143,6291456
4,252,B4_per_expert_raw,64,64,projection,8,32768,1024,64,33856,6259776,3.4113071986607144,6291456
4,252,B4_per_expert_raw,64,64,projection,16,65536,0,64,65600,6291520,3.4286063058035716,6291456
4,252,B4_per_expert_raw,64,64,activation_ls,4,16384,1024,64,17472,6243392,3.402378627232143,6291456
4,252,B4_per_expert_raw,64,64,activation_ls,8,32768,1024,64,33856,6259776,3.4113071986607144,6291456
4,252,B4_per_expert_raw,64,64,activation_ls,16,65536,0,64,65600,6291520,3.4286063058035716,6291456
4,252,B4_per_expert_raw,128,128,projection,4,32768,2048,64,34880,6260800,3.411865234375,12582912
4,252,B4_per_expert_raw,128,128,projection,8,65536,2048,64,67648,6293568,3.429722377232143,12582912
4,252,B4_per_expert_raw,128,128,projection,16,131072,0,64,131136,6357056,3.464320591517857,12582912
4,252,B4_per_expert_raw,128,128,activation_ls,4,32768,2048,64,34880,6260800,3.411865234375,12582912
4,252,B4_per_expert_raw,128,128,activation_ls,8,65536,2048,64,67648,6293568,3.429722377232143,12582912
4,252,B4_per_expert_raw,128,128,activation_ls,16,131072,0,64,131136,6357056,3.464320591517857,12582912
4,252,B4_per_expert_raw,256,256,projection,4,65536,4096,64,69696,6295616,3.4308384486607144,25165824
4,252,B4_per_expert_raw,256,256,projection,8,131072,4096,64,135232,6361152,3.466552734375,25165824
4,252,B4_per_expert_raw,256,256,projection,16,262144,0,64,262208,6488128,3.5357491629464284,25165824
4,252,B4_per_expert_raw,256,256,activation_ls,4,65536,4096,64,69696,6295616,3.4308384486607144,25165824
4,252,B4_per_expert_raw,256,256,activation_ls,8,131072,4096,64,135232,6361152,3.466552734375,25165824
4,252,B4_per_expert_raw,256,256,activation_ls,16,262144,0,64,262208,6488128,3.5357491629464284,25165824
4,252,B4_per_expert_raw,512,512,projection,4,131072,8192,64,139328,6365248,3.468784877232143,50331648
4,252,B4_per_expert_raw,512,512,projection,8,262144,8192,64,270400,6496320,3.5402134486607144,50331648
4,252,B4_per_expert_raw,512,512,projection,16,524288,0,64,524352,6750272,3.6786063058035716,50331648
4,252,B4_per_expert_raw,512,512,activation_ls,4,131072,8192,64,139328,6365248,3.468784877232143,50331648
4,252,B4_per_expert_raw,512,512,activation_ls,8,262144,8192,64,270400,6496320,3.5402134486607144,50331648
4,252,B4_per_expert_raw,512,512,activation_ls,16,524288,0,64,524352,6750272,3.6786063058035716,50331648
20,5,B0_raw_shared,32,32,projection,4,8192,512,64,8768,6234688,3.3976353236607144,262144
20,5,B0_raw_shared,32,32,projection,8,16384,512,64,16960,6242880,3.402099609375,262144
20,5,B0_raw_shared,32,32,projection,16,32768,0,64,32832,6258752,3.4107491629464284,262144
20,5,B0_raw_shared,32,32,activation_ls,4,8192,512,64,8768,6234688,3.3976353236607144,262144
20,5,B0_raw_shared,32,32,activation_ls,8,16384,512,64,16960,6242880,3.402099609375,262144
20,5,B0_raw_shared,32,32,activation_ls,16,32768,0,64,32832,6258752,3.4107491629464284,262144
20,5,B0_raw_shared,64,64,projection,4,16384,1024,64,17472,6243392,3.402378627232143,524288
20,5,B0_raw_shared,64,64,projection,8,32768,1024,64,33856,6259776,3.4113071986607144,524288
20,5,B0_raw_shared,64,64,projection,16,65536,0,64,65600,6291520,3.4286063058035716,524288
20,5,B0_raw_shared,64,64,activation_ls,4,16384,1024,64,17472,6243392,3.402378627232143,524288
20,5,B0_raw_shared,64,64,activation_ls,8,32768,1024,64,33856,6259776,3.4113071986607144,524288
20,5,B0_raw_shared,64,64,activation_ls,16,65536,0,64,65600,6291520,3.4286063058035716,524288
20,5,B0_raw_shared,128,128,projection,4,32768,2048,64,34880,6260800,3.411865234375,1048576
20,5,B0_raw_shared,128,128,projection,8,65536,2048,64,67648,6293568,3.429722377232143,1048576
20,5,B0_raw_shared,128,128,projection,16,131072,0,64,131136,6357056,3.464320591517857,1048576
20,5,B0_raw_shared,128,128,activation_ls,4,32768,2048,64,34880,6260800,3.411865234375,1048576
20,5,B0_raw_shared,128,128,activation_ls,8,65536,2048,64,67648,6293568,3.429722377232143,1048576
20,5,B0_raw_shared,128,128,activation_ls,16,131072,0,64,131136,6357056,3.464320591517857,1048576
20,5,B0_raw_shared,256,256,projection,4,65536,4096,64,69696,6295616,3.4308384486607144,2097152
20,5,B0_raw_shared,256,256,projection,8,131072,4096,64,135232,6361152,3.466552734375,2097152
20,5,B0_raw_shared,256,256,projection,16,262144,0,64,262208,6488128,3.5357491629464284,2097152
20,5,B0_raw_shared,256,256,activation_ls,4,65536,4096,64,69696,6295616,3.4308384486607144,2097152
20,5,B0_raw_shared,256,256,activation_ls,8,131072,4096,64,135232,6361152,3.466552734375,2097152
20,5,B0_raw_shared,256,256,activation_ls,16,262144,0,64,262208,6488128,3.5357491629464284,2097152
20,5,B0_raw_shared,512,512,projection,4,131072,8192,64,139328,6365248,3.468784877232143,4194304
20,5,B0_raw_shared,512,512,projection,8,262144,8192,64,270400,6496320,3.5402134486607144,4194304
20,5,B0_raw_shared,512,512,projection,16,524288,0,64,524352,6750272,3.6786063058035716,4194304
20,5,B0_raw_shared,512,512,activation_ls,4,131072,8192,64,139328,6365248,3.468784877232143,4194304
20,5,B0_raw_shared,512,512,activation_ls,8,262144,8192,64,270400,6496320,3.5402134486607144,4194304
20,5,B0_raw_shared,512,512,activation_ls,16,524288,0,64,524352,6750272,3.6786063058035716,4194304
20,5,B1_action_shared,32,32,projection,4,8192,512,64,8768,6234688,3.3976353236607144,262144
20,5,B1_action_shared,32,32,projection,8,16384,512,64,16960,6242880,3.402099609375,262144
20,5,B1_action_shared,32,32,projection,16,32768,0,64,32832,6258752,3.4107491629464284,262144
20,5,B1_action_shared,32,32,activation_ls,4,8192,512,64,8768,6234688,3.3976353236607144,262144
20,5,B1_action_shared,32,32,activation_ls,8,16384,512,64,16960,6242880,3.402099609375,262144
20,5,B1_action_shared,32,32,activation_ls,16,32768,0,64,32832,6258752,3.4107491629464284,262144
20,5,B1_action_shared,64,64,projection,4,16384,1024,64,17472,6243392,3.402378627232143,524288
20,5,B1_action_shared,64,64,projection,8,32768,1024,64,33856,6259776,3.4113071986607144,524288
20,5,B1_action_shared,64,64,projection,16,65536,0,64,65600,6291520,3.4286063058035716,524288
20,5,B1_action_shared,64,64,activation_ls,4,16384,1024,64,17472,6243392,3.402378627232143,524288
20,5,B1_action_shared,64,64,activation_ls,8,32768,1024,64,33856,6259776,3.4113071986607144,524288
20,5,B1_action_shared,64,64,activation_ls,16,65536,0,64,65600,6291520,3.4286063058035716,524288
20,5,B1_action_shared,128,128,projection,4,32768,2048,64,34880,6260800,3.411865234375,1048576
20,5,B1_action_shared,128,128,projection,8,65536,2048,64,67648,6293568,3.429722377232143,1048576
20,5,B1_action_shared,128,128,projection,16,131072,0,64,131136,6357056,3.464320591517857,1048576
20,5,B1_action_shared,128,128,activation_ls,4,32768,2048,64,34880,6260800,3.411865234375,1048576
20,5,B1_action_shared,128,128,activation_ls,8,65536,2048,64,67648,6293568,3.429722377232143,1048576
20,5,B1_action_shared,128,128,activation_ls,16,131072,0,64,131136,6357056,3.464320591517857,1048576
20,5,B1_action_shared,256,256,projection,4,65536,4096,64,69696,6295616,3.4308384486607144,2097152
20,5,B1_action_shared,256,256,projection,8,131072,4096,64,135232,6361152,3.466552734375,2097152
20,5,B1_action_shared,256,256,projection,16,262144,0,64,262208,6488128,3.5357491629464284,2097152
20,5,B1_action_shared,256,256,activation_ls,4,65536,4096,64,69696,6295616,3.4308384486607144,2097152
20,5,B1_action_shared,256,256,activation_ls,8,131072,4096,64,135232,6361152,3.466552734375,2097152
20,5,B1_action_shared,256,256,activation_ls,16,262144,0,64,262208,6488128,3.5357491629464284,2097152
20,5,B1_action_shared,512,512,projection,4,131072,8192,64,139328,6365248,3.468784877232143,4194304
20,5,B1_action_shared,512,512,projection,8,262144,8192,64,270400,6496320,3.5402134486607144,4194304
20,5,B1_action_shared,512,512,projection,16,524288,0,64,524352,6750272,3.6786063058035716,4194304
20,5,B1_action_shared,512,512,activation_ls,4,131072,8192,64,139328,6365248,3.468784877232143,4194304
20,5,B1_action_shared,512,512,activation_ls,8,262144,8192,64,270400,6496320,3.5402134486607144,4194304
20,5,B1_action_shared,512,512,activation_ls,16,524288,0,64,524352,6750272,3.6786063058035716,4194304
20,5,B2_proxy_shared,32,32,projection,4,8192,512,64,8768,6234688,3.3976353236607144,262144
20,5,B2_proxy_shared,32,32,projection,8,16384,512,64,16960,6242880,3.402099609375,262144
20,5,B2_proxy_shared,32,32,projection,16,32768,0,64,32832,6258752,3.4107491629464284,262144
20,5,B2_proxy_shared,32,32,activation_ls,4,8192,512,64,8768,6234688,3.3976353236607144,262144
20,5,B2_proxy_shared,32,32,activation_ls,8,16384,512,64,16960,6242880,3.402099609375,262144
20,5,B2_proxy_shared,32,32,activation_ls,16,32768,0,64,32832,6258752,3.4107491629464284,262144
20,5,B2_proxy_shared,64,64,projection,4,16384,1024,64,17472,6243392,3.402378627232143,524288
20,5,B2_proxy_shared,64,64,projection,8,32768,1024,64,33856,6259776,3.4113071986607144,524288
20,5,B2_proxy_shared,64,64,projection,16,65536,0,64,65600,6291520,3.4286063058035716,524288
20,5,B2_proxy_shared,64,64,activation_ls,4,16384,1024,64,17472,6243392,3.402378627232143,524288
20,5,B2_proxy_shared,64,64,activation_ls,8,32768,1024,64,33856,6259776,3.4113071986607144,524288
20,5,B2_proxy_shared,64,64,activation_ls,16,65536,0,64,65600,6291520,3.4286063058035716,524288
20,5,B2_proxy_shared,128,128,projection,4,32768,2048,64,34880,6260800,3.411865234375,1048576
20,5,B2_proxy_shared,128,128,projection,8,65536,2048,64,67648,6293568,3.429722377232143,1048576
20,5,B2_proxy_shared,128,128,projection,16,131072,0,64,131136,6357056,3.464320591517857,1048576
20,5,B2_proxy_shared,128,128,activation_ls,4,32768,2048,64,34880,6260800,3.411865234375,1048576
20,5,B2_proxy_shared,128,128,activation_ls,8,65536,2048,64,67648,6293568,3.429722377232143,1048576
20,5,B2_proxy_shared,128,128,activation_ls,16,131072,0,64,131136,6357056,3.464320591517857,1048576
20,5,B2_proxy_shared,256,256,projection,4,65536,4096,64,69696,6295616,3.4308384486607144,2097152
20,5,B2_proxy_shared,256,256,projection,8,131072,4096,64,135232,6361152,3.466552734375,2097152
20,5,B2_proxy_shared,256,256,projection,16,262144,0,64,262208,6488128,3.5357491629464284,2097152
20,5,B2_proxy_shared,256,256,activation_ls,4,65536,4096,64,69696,6295616,3.4308384486607144,2097152
20,5,B2_proxy_shared,256,256,activation_ls,8,131072,4096,64,135232,6361152,3.466552734375,2097152
20,5,B2_proxy_shared,256,256,activation_ls,16,262144,0,64,262208,6488128,3.5357491629464284,2097152
20,5,B2_proxy_shared,512,512,projection,4,131072,8192,64,139328,6365248,3.468784877232143,4194304
20,5,B2_proxy_shared,512,512,projection,8,262144,8192,64,270400,6496320,3.5402134486607144,4194304
20,5,B2_proxy_shared,512,512,projection,16,524288,0,64,524352,6750272,3.6786063058035716,4194304
20,5,B2_proxy_shared,512,512,activation_ls,4,131072,8192,64,139328,6365248,3.468784877232143,4194304
20,5,B2_proxy_shared,512,512,activation_ls,8,262144,8192,64,270400,6496320,3.5402134486607144,4194304
20,5,B2_proxy_shared,512,512,activation_ls,16,524288,0,64,524352,6750272,3.6786063058035716,4194304
20,5,B3_action_cluster_4,32,32,projection,4,8192,512,64,8768,6234688,3.3976353236607144,1048576
20,5,B3_action_cluster_4,32,32,projection,8,16384,512,64,16960,6242880,3.402099609375,1048576
20,5,B3_action_cluster_4,32,32,projection,16,32768,0,64,32832,6258752,3.4107491629464284,1048576
20,5,B3_action_cluster_4,32,32,activation_ls,4,8192,512,64,8768,6234688,3.3976353236607144,1048576
20,5,B3_action_cluster_4,32,32,activation_ls,8,16384,512,64,16960,6242880,3.402099609375,1048576
20,5,B3_action_cluster_4,32,32,activation_ls,16,32768,0,64,32832,6258752,3.4107491629464284,1048576
20,5,B3_action_cluster_4,64,64,projection,4,16384,1024,64,17472,6243392,3.402378627232143,2097152
20,5,B3_action_cluster_4,64,64,projection,8,32768,1024,64,33856,6259776,3.4113071986607144,2097152
20,5,B3_action_cluster_4,64,64,projection,16,65536,0,64,65600,6291520,3.4286063058035716,2097152
20,5,B3_action_cluster_4,64,64,activation_ls,4,16384,1024,64,17472,6243392,3.402378627232143,2097152
20,5,B3_action_cluster_4,64,64,activation_ls,8,32768,1024,64,33856,6259776,3.4113071986607144,2097152
20,5,B3_action_cluster_4,64,64,activation_ls,16,65536,0,64,65600,6291520,3.4286063058035716,2097152
20,5,B3_action_cluster_4,128,128,projection,4,32768,2048,64,34880,6260800,3.411865234375,4194304
20,5,B3_action_cluster_4,128,128,projection,8,65536,2048,64,67648,6293568,3.429722377232143,4194304
20,5,B3_action_cluster_4,128,128,projection,16,131072,0,64,131136,6357056,3.464320591517857,4194304
20,5,B3_action_cluster_4,128,128,activation_ls,4,32768,2048,64,34880,6260800,3.411865234375,4194304
20,5,B3_action_cluster_4,128,128,activation_ls,8,65536,2048,64,67648,6293568,3.429722377232143,4194304
20,5,B3_action_cluster_4,128,128,activation_ls,16,131072,0,64,131136,6357056,3.464320591517857,4194304
20,5,B3_action_cluster_4,256,256,projection,4,65536,4096,64,69696,6295616,3.4308384486607144,8388608
20,5,B3_action_cluster_4,256,256,projection,8,131072,4096,64,135232,6361152,3.466552734375,8388608
20,5,B3_action_cluster_4,256,256,projection,16,262144,0,64,262208,6488128,3.5357491629464284,8388608
20,5,B3_action_cluster_4,256,256,activation_ls,4,65536,4096,64,69696,6295616,3.4308384486607144,8388608
20,5,B3_action_cluster_4,256,256,activation_ls,8,131072,4096,64,135232,6361152,3.466552734375,8388608
20,5,B3_action_cluster_4,256,256,activation_ls,16,262144,0,64,262208,6488128,3.5357491629464284,8388608
20,5,B3_action_cluster_4,512,419,projection,4,107264,6704,64,114032,6339952,3.4549996512276784,13729792
20,5,B3_action_cluster_4,512,419,projection,8,214528,6704,64,221296,6447216,3.513453892299107,13729792
20,5,B3_action_cluster_4,512,419,projection,16,429056,0,64,429120,6655040,3.626708984375,13729792
20,5,B3_action_cluster_4,512,419,activation_ls,4,107264,6704,64,114032,6339952,3.4549996512276784,13729792
20,5,B3_action_cluster_4,512,419,activation_ls,8,214528,6704,64,221296,6447216,3.513453892299107,13729792
20,5,B3_action_cluster_4,512,419,activation_ls,16,429056,0,64,429120,6655040,3.626708984375,13729792
20,5,B3_action_cluster_8,32,1,projection,4,256,16,64,336,6226256,3.393040248325893,65536
20,5,B3_action_cluster_8,32,1,projection,8,512,16,64,592,6226512,3.3931797572544644,65536
20,5,B3_action_cluster_8,32,1,projection,16,1024,0,64,1088,6227008,3.3934500558035716,65536
20,5,B3_action_cluster_8,32,1,activation_ls,4,256,16,64,336,6226256,3.393040248325893,65536
20,5,B3_action_cluster_8,32,1,activation_ls,8,512,16,64,592,6226512,3.3931797572544644,65536
20,5,B3_action_cluster_8,32,1,activation_ls,16,1024,0,64,1088,6227008,3.3934500558035716,65536
20,5,B3_action_cluster_8,64,1,projection,4,256,16,64,336,6226256,3.393040248325893,65536
20,5,B3_action_cluster_8,64,1,projection,8,512,16,64,592,6226512,3.3931797572544644,65536
20,5,B3_action_cluster_8,64,1,projection,16,1024,0,64,1088,6227008,3.3934500558035716,65536
20,5,B3_action_cluster_8,64,1,activation_ls,4,256,16,64,336,6226256,3.393040248325893,65536
20,5,B3_action_cluster_8,64,1,activation_ls,8,512,16,64,592,6226512,3.3931797572544644,65536
20,5,B3_action_cluster_8,64,1,activation_ls,16,1024,0,64,1088,6227008,3.3934500558035716,65536
20,5,B3_action_cluster_8,128,1,projection,4,256,16,64,336,6226256,3.393040248325893,65536
20,5,B3_action_cluster_8,128,1,projection,8,512,16,64,592,6226512,3.3931797572544644,65536
20,5,B3_action_cluster_8,128,1,projection,16,1024,0,64,1088,6227008,3.3934500558035716,65536
20,5,B3_action_cluster_8,128,1,activation_ls,4,256,16,64,336,6226256,3.393040248325893,65536
20,5,B3_action_cluster_8,128,1,activation_ls,8,512,16,64,592,6226512,3.3931797572544644,65536
20,5,B3_action_cluster_8,128,1,activation_ls,16,1024,0,64,1088,6227008,3.3934500558035716,65536
20,5,B3_action_cluster_8,256,1,projection,4,256,16,64,336,6226256,3.393040248325893,65536
20,5,B3_action_cluster_8,256,1,projection,8,512,16,64,592,6226512,3.3931797572544644,65536
20,5,B3_action_cluster_8,256,1,projection,16,1024,0,64,1088,6227008,3.3934500558035716,65536
20,5,B3_action_cluster_8,256,1,activation_ls,4,256,16,64,336,6226256,3.393040248325893,65536
20,5,B3_action_cluster_8,256,1,activation_ls,8,512,16,64,592,6226512,3.3931797572544644,65536
20,5,B3_action_cluster_8,256,1,activation_ls,16,1024,0,64,1088,6227008,3.3934500558035716,65536
20,5,B3_action_cluster_8,512,1,projection,4,256,16,64,336,6226256,3.393040248325893,65536
20,5,B3_action_cluster_8,512,1,projection,8,512,16,64,592,6226512,3.3931797572544644,65536
20,5,B3_action_cluster_8,512,1,projection,16,1024,0,64,1088,6227008,3.3934500558035716,65536
20,5,B3_action_cluster_8,512,1,activation_ls,4,256,16,64,336,6226256,3.393040248325893,65536
20,5,B3_action_cluster_8,512,1,activation_ls,8,512,16,64,592,6226512,3.3931797572544644,65536
20,5,B3_action_cluster_8,512,1,activation_ls,16,1024,0,64,1088,6227008,3.3934500558035716,65536
20,5,B4_per_expert_raw,32,32,projection,4,8192,512,64,8768,6234688,3.3976353236607144,3145728
20,5,B4_per_expert_raw,32,32,projection,8,16384,512,64,16960,6242880,3.402099609375,3145728
20,5,B4_per_expert_raw,32,32,projection,16,32768,0,64,32832,6258752,3.4107491629464284,3145728
20,5,B4_per_expert_raw,32,32,activation_ls,4,8192,512,64,8768,6234688,3.3976353236607144,3145728
20,5,B4_per_expert_raw,32,32,activation_ls,8,16384,512,64,16960,6242880,3.402099609375,3145728
20,5,B4_per_expert_raw,32,32,activation_ls,16,32768,0,64,32832,6258752,3.4107491629464284,3145728
20,5,B4_per_expert_raw,64,64,projection,4,16384,1024,64,17472,6243392,3.402378627232143,6291456
20,5,B4_per_expert_raw,64,64,projection,8,32768,1024,64,33856,6259776,3.4113071986607144,6291456
20,5,B4_per_expert_raw,64,64,projection,16,65536,0,64,65600,6291520,3.4286063058035716,6291456
20,5,B4_per_expert_raw,64,64,activation_ls,4,16384,1024,64,17472,6243392,3.402378627232143,6291456
20,5,B4_per_expert_raw,64,64,activation_ls,8,32768,1024,64,33856,6259776,3.4113071986607144,6291456
20,5,B4_per_expert_raw,64,64,activation_ls,16,65536,0,64,65600,6291520,3.4286063058035716,6291456
20,5,B4_per_expert_raw,128,128,projection,4,32768,2048,64,34880,6260800,3.411865234375,12582912
20,5,B4_per_expert_raw,128,128,projection,8,65536,2048,64,67648,6293568,3.429722377232143,12582912
20,5,B4_per_expert_raw,128,128,projection,16,131072,0,64,131136,6357056,3.464320591517857,12582912
20,5,B4_per_expert_raw,128,128,activation_ls,4,32768,2048,64,34880,6260800,3.411865234375,12582912
20,5,B4_per_expert_raw,128,128,activation_ls,8,65536,2048,64,67648,6293568,3.429722377232143,12582912
20,5,B4_per_expert_raw,128,128,activation_ls,16,131072,0,64,131136,6357056,3.464320591517857,12582912
20,5,B4_per_expert_raw,256,256,projection,4,65536,4096,64,69696,6295616,3.4308384486607144,25165824
20,5,B4_per_expert_raw,256,256,projection,8,131072,4096,64,135232,6361152,3.466552734375,25165824
20,5,B4_per_expert_raw,256,256,projection,16,262144,0,64,262208,6488128,3.5357491629464284,25165824
20,5,B4_per_expert_raw,256,256,activation_ls,4,65536,4096,64,69696,6295616,3.4308384486607144,25165824
20,5,B4_per_expert_raw,256,256,activation_ls,8,131072,4096,64,135232,6361152,3.466552734375,25165824
20,5,B4_per_expert_raw,256,256,activation_ls,16,262144,0,64,262208,6488128,3.5357491629464284,25165824
20,5,B4_per_expert_raw,512,512,projection,4,131072,8192,64,139328,6365248,3.468784877232143,50331648
20,5,B4_per_expert_raw,512,512,projection,8,262144,8192,64,270400,6496320,3.5402134486607144,50331648
20,5,B4_per_expert_raw,512,512,projection,16,524288,0,64,524352,6750272,3.6786063058035716,50331648
20,5,B4_per_expert_raw,512,512,activation_ls,4,131072,8192,64,139328,6365248,3.468784877232143,50331648
20,5,B4_per_expert_raw,512,512,activation_ls,8,262144,8192,64,270400,6496320,3.5402134486607144,50331648
20,5,B4_per_expert_raw,512,512,activation_ls,16,524288,0,64,524352,6750272,3.6786063058035716,50331648
20,30,B0_raw_shared,32,32,projection,4,8192,512,64,8768,6234688,3.3976353236607144,262144
20,30,B0_raw_shared,32,32,projection,8,16384,512,64,16960,6242880,3.402099609375,262144
20,30,B0_raw_shared,32,32,projection,16,32768,0,64,32832,6258752,3.4107491629464284,262144
20,30,B0_raw_shared,32,32,activation_ls,4,8192,512,64,8768,6234688,3.3976353236607144,262144
20,30,B0_raw_shared,32,32,activation_ls,8,16384,512,64,16960,6242880,3.402099609375,262144
20,30,B0_raw_shared,32,32,activation_ls,16,32768,0,64,32832,6258752,3.4107491629464284,262144
20,30,B0_raw_shared,64,64,projection,4,16384,1024,64,17472,6243392,3.402378627232143,524288
20,30,B0_raw_shared,64,64,projection,8,32768,1024,64,33856,6259776,3.4113071986607144,524288
20,30,B0_raw_shared,64,64,projection,16,65536,0,64,65600,6291520,3.4286063058035716,524288
20,30,B0_raw_shared,64,64,activation_ls,4,16384,1024,64,17472,6243392,3.402378627232143,524288
20,30,B0_raw_shared,64,64,activation_ls,8,32768,1024,64,33856,6259776,3.4113071986607144,524288
20,30,B0_raw_shared,64,64,activation_ls,16,65536,0,64,65600,6291520,3.4286063058035716,524288
20,30,B0_raw_shared,128,128,projection,4,32768,2048,64,34880,6260800,3.411865234375,1048576
20,30,B0_raw_shared,128,128,projection,8,65536,2048,64,67648,6293568,3.429722377232143,1048576
20,30,B0_raw_shared,128,128,projection,16,131072,0,64,131136,6357056,3.464320591517857,1048576
20,30,B0_raw_shared,128,128,activation_ls,4,32768,2048,64,34880,6260800,3.411865234375,1048576
20,30,B0_raw_shared,128,128,activation_ls,8,65536,2048,64,67648,6293568,3.429722377232143,1048576
20,30,B0_raw_shared,128,128,activation_ls,16,131072,0,64,131136,6357056,3.464320591517857,1048576
20,30,B0_raw_shared,256,256,projection,4,65536,4096,64,69696,6295616,3.4308384486607144,2097152
20,30,B0_raw_shared,256,256,projection,8,131072,4096,64,135232,6361152,3.466552734375,2097152
20,30,B0_raw_shared,256,256,projection,16,262144,0,64,262208,6488128,3.5357491629464284,2097152
20,30,B0_raw_shared,256,256,activation_ls,4,65536,4096,64,69696,6295616,3.4308384486607144,2097152
20,30,B0_raw_shared,256,256,activation_ls,8,131072,4096,64,135232,6361152,3.466552734375,2097152
20,30,B0_raw_shared,256,256,activation_ls,16,262144,0,64,262208,6488128,3.5357491629464284,2097152
20,30,B0_raw_shared,512,512,projection,4,131072,8192,64,139328,6365248,3.468784877232143,4194304
20,30,B0_raw_shared,512,512,projection,8,262144,8192,64,270400,6496320,3.5402134486607144,4194304
20,30,B0_raw_shared,512,512,projection,16,524288,0,64,524352,6750272,3.6786063058035716,4194304
20,30,B0_raw_shared,512,512,activation_ls,4,131072,8192,64,139328,6365248,3.468784877232143,4194304
20,30,B0_raw_shared,512,512,activation_ls,8,262144,8192,64,270400,6496320,3.5402134486607144,4194304
20,30,B0_raw_shared,512,512,activation_ls,16,524288,0,64,524352,6750272,3.6786063058035716,4194304
20,30,B1_action_shared,32,32,projection,4,8192,512,64,8768,6234688,3.3976353236607144,262144
20,30,B1_action_shared,32,32,projection,8,16384,512,64,16960,6242880,3.402099609375,262144
20,30,B1_action_shared,32,32,projection,16,32768,0,64,32832,6258752,3.4107491629464284,262144
20,30,B1_action_shared,32,32,activation_ls,4,8192,512,64,8768,6234688,3.3976353236607144,262144
20,30,B1_action_shared,32,32,activation_ls,8,16384,512,64,16960,6242880,3.402099609375,262144
20,30,B1_action_shared,32,32,activation_ls,16,32768,0,64,32832,6258752,3.4107491629464284,262144
20,30,B1_action_shared,64,64,projection,4,16384,1024,64,17472,6243392,3.402378627232143,524288
20,30,B1_action_shared,64,64,projection,8,32768,1024,64,33856,6259776,3.4113071986607144,524288
20,30,B1_action_shared,64,64,projection,16,65536,0,64,65600,6291520,3.4286063058035716,524288
20,30,B1_action_shared,64,64,activation_ls,4,16384,1024,64,17472,6243392,3.402378627232143,524288
20,30,B1_action_shared,64,64,activation_ls,8,32768,1024,64,33856,6259776,3.4113071986607144,524288
20,30,B1_action_shared,64,64,activation_ls,16,65536,0,64,65600,6291520,3.4286063058035716,524288
20,30,B1_action_shared,128,128,projection,4,32768,2048,64,34880,6260800,3.411865234375,1048576
20,30,B1_action_shared,128,128,projection,8,65536,2048,64,67648,6293568,3.429722377232143,1048576
20,30,B1_action_shared,128,128,projection,16,131072,0,64,131136,6357056,3.464320591517857,1048576
20,30,B1_action_shared,128,128,activation_ls,4,32768,2048,64,34880,6260800,3.411865234375,1048576
20,30,B1_action_shared,128,128,activation_ls,8,65536,2048,64,67648,6293568,3.429722377232143,1048576
20,30,B1_action_shared,128,128,activation_ls,16,131072,0,64,131136,6357056,3.464320591517857,1048576
20,30,B1_action_shared,256,256,projection,4,65536,4096,64,69696,6295616,3.4308384486607144,2097152
20,30,B1_action_shared,256,256,projection,8,131072,4096,64,135232,6361152,3.466552734375,2097152
20,30,B1_action_shared,256,256,projection,16,262144,0,64,262208,6488128,3.5357491629464284,2097152
20,30,B1_action_shared,256,256,activation_ls,4,65536,4096,64,69696,6295616,3.4308384486607144,2097152
20,30,B1_action_shared,256,256,activation_ls,8,131072,4096,64,135232,6361152,3.466552734375,2097152
20,30,B1_action_shared,256,256,activation_ls,16,262144,0,64,262208,6488128,3.5357491629464284,2097152
20,30,B1_action_shared,512,512,projection,4,131072,8192,64,139328,6365248,3.468784877232143,4194304
20,30,B1_action_shared,512,512,projection,8,262144,8192,64,270400,6496320,3.5402134486607144,4194304
20,30,B1_action_shared,512,512,projection,16,524288,0,64,524352,6750272,3.6786063058035716,4194304
20,30,B1_action_shared,512,512,activation_ls,4,131072,8192,64,139328,6365248,3.468784877232143,4194304
20,30,B1_action_shared,512,512,activation_ls,8,262144,8192,64,270400,6496320,3.5402134486607144,4194304
20,30,B1_action_shared,512,512,activation_ls,16,524288,0,64,524352,6750272,3.6786063058035716,4194304
20,30,B2_proxy_shared,32,32,projection,4,8192,512,64,8768,6234688,3.3976353236607144,262144
20,30,B2_proxy_shared,32,32,projection,8,16384,512,64,16960,6242880,3.402099609375,262144
20,30,B2_proxy_shared,32,32,projection,16,32768,0,64,32832,6258752,3.4107491629464284,262144
20,30,B2_proxy_shared,32,32,activation_ls,4,8192,512,64,8768,6234688,3.3976353236607144,262144
20,30,B2_proxy_shared,32,32,activation_ls,8,16384,512,64,16960,6242880,3.402099609375,262144
20,30,B2_proxy_shared,32,32,activation_ls,16,32768,0,64,32832,6258752,3.4107491629464284,262144
20,30,B2_proxy_shared,64,64,projection,4,16384,1024,64,17472,6243392,3.402378627232143,524288
20,30,B2_proxy_shared,64,64,projection,8,32768,1024,64,33856,6259776,3.4113071986607144,524288
20,30,B2_proxy_shared,64,64,projection,16,65536,0,64,65600,6291520,3.4286063058035716,524288
20,30,B2_proxy_shared,64,64,activation_ls,4,16384,1024,64,17472,6243392,3.402378627232143,524288
20,30,B2_proxy_shared,64,64,activation_ls,8,32768,1024,64,33856,6259776,3.4113071986607144,524288
20,30,B2_proxy_shared,64,64,activation_ls,16,65536,0,64,65600,6291520,3.4286063058035716,524288
20,30,B2_proxy_shared,128,128,projection,4,32768,2048,64,34880,6260800,3.411865234375,1048576
20,30,B2_proxy_shared,128,128,projection,8,65536,2048,64,67648,6293568,3.429722377232143,1048576
20,30,B2_proxy_shared,128,128,projection,16,131072,0,64,131136,6357056,3.464320591517857,1048576
20,30,B2_proxy_shared,128,128,activation_ls,4,32768,2048,64,34880,6260800,3.411865234375,1048576
20,30,B2_proxy_shared,128,128,activation_ls,8,65536,2048,64,67648,6293568,3.429722377232143,1048576
20,30,B2_proxy_shared,128,128,activation_ls,16,131072,0,64,131136,6357056,3.464320591517857,1048576
20,30,B2_proxy_shared,256,256,projection,4,65536,4096,64,69696,6295616,3.4308384486607144,2097152
20,30,B2_proxy_shared,256,256,projection,8,131072,4096,64,135232,6361152,3.466552734375,2097152
20,30,B2_proxy_shared,256,256,projection,16,262144,0,64,262208,6488128,3.5357491629464284,2097152
20,30,B2_proxy_shared,256,256,activation_ls,4,65536,4096,64,69696,6295616,3.4308384486607144,2097152
20,30,B2_proxy_shared,256,256,activation_ls,8,131072,4096,64,135232,6361152,3.466552734375,2097152
20,30,B2_proxy_shared,256,256,activation_ls,16,262144,0,64,262208,6488128,3.5357491629464284,2097152
20,30,B2_proxy_shared,512,512,projection,4,131072,8192,64,139328,6365248,3.468784877232143,4194304
20,30,B2_proxy_shared,512,512,projection,8,262144,8192,64,270400,6496320,3.5402134486607144,4194304
20,30,B2_proxy_shared,512,512,projection,16,524288,0,64,524352,6750272,3.6786063058035716,4194304
20,30,B2_proxy_shared,512,512,activation_ls,4,131072,8192,64,139328,6365248,3.468784877232143,4194304
20,30,B2_proxy_shared,512,512,activation_ls,8,262144,8192,64,270400,6496320,3.5402134486607144,4194304
20,30,B2_proxy_shared,512,512,activation_ls,16,524288,0,64,524352,6750272,3.6786063058035716,4194304
20,30,B3_action_cluster_4,32,19,projection,4,4864,304,64,5232,6231152,3.3957083565848216,622592
20,30,B3_action_cluster_4,32,19,projection,8,9728,304,64,10096,6236016,3.3983590262276784,622592
20,30,B3_action_cluster_4,32,19,projection,16,19456,0,64,19520,6245440,3.4034946986607144,622592
20,30,B3_action_cluster_4,32,19,activation_ls,4,4864,304,64,5232,6231152,3.3957083565848216,622592
20,30,B3_action_cluster_4,32,19,activation_ls,8,9728,304,64,10096,6236016,3.3983590262276784,622592
20,30,B3_action_cluster_4,32,19,activation_ls,16,19456,0,64,19520,6245440,3.4034946986607144,622592
20,30,B3_action_cluster_4,64,19,projection,4,4864,304,64,5232,6231152,3.3957083565848216,622592
20,30,B3_action_cluster_4,64,19,projection,8,9728,304,64,10096,6236016,3.3983590262276784,622592
20,30,B3_action_cluster_4,64,19,projection,16,19456,0,64,19520,6245440,3.4034946986607144,622592
20,30,B3_action_cluster_4,64,19,activation_ls,4,4864,304,64,5232,6231152,3.3957083565848216,622592
20,30,B3_action_cluster_4,64,19,activation_ls,8,9728,304,64,10096,6236016,3.3983590262276784,622592
20,30,B3_action_cluster_4,64,19,activation_ls,16,19456,0,64,19520,6245440,3.4034946986607144,622592
20,30,B3_action_cluster_4,128,19,projection,4,4864,304,64,5232,6231152,3.3957083565848216,622592
20,30,B3_action_cluster_4,128,19,projection,8,9728,304,64,10096,6236016,3.3983590262276784,622592
20,30,B3_action_cluster_4,128,19,projection,16,19456,0,64,19520,6245440,3.4034946986607144,622592
20,30,B3_action_cluster_4,128,19,activation_ls,4,4864,304,64,5232,6231152,3.3957083565848216,622592
20,30,B3_action_cluster_4,128,19,activation_ls,8,9728,304,64,10096,6236016,3.3983590262276784,622592
20,30,B3_action_cluster_4,128,19,activation_ls,16,19456,0,64,19520,6245440,3.4034946986607144,622592
20,30,B3_action_cluster_4,256,19,projection,4,4864,304,64,5232,6231152,3.3957083565848216,622592
20,30,B3_action_cluster_4,256,19,projection,8,9728,304,64,10096,6236016,3.3983590262276784,622592
20,30,B3_action_cluster_4,256,19,projection,16,19456,0,64,19520,6245440,3.4034946986607144,622592
20,30,B3_action_cluster_4,256,19,activation_ls,4,4864,304,64,5232,6231152,3.3957083565848216,622592
20,30,B3_action_cluster_4,256,19,activation_ls,8,9728,304,64,10096,6236016,3.3983590262276784,622592
20,30,B3_action_cluster_4,256,19,activation_ls,16,19456,0,64,19520,6245440,3.4034946986607144,622592
20,30,B3_action_cluster_4,512,19,projection,4,4864,304,64,5232,6231152,3.3957083565848216,622592
20,30,B3_action_cluster_4,512,19,projection,8,9728,304,64,10096,6236016,3.3983590262276784,622592
20,30,B3_action_cluster_4,512,19,projection,16,19456,0,64,19520,6245440,3.4034946986607144,622592
20,30,B3_action_cluster_4,512,19,activation_ls,4,4864,304,64,5232,6231152,3.3957083565848216,622592
20,30,B3_action_cluster_4,512,19,activation_ls,8,9728,304,64,10096,6236016,3.3983590262276784,622592
20,30,B3_action_cluster_4,512,19,activation_ls,16,19456,0,64,19520,6245440,3.4034946986607144,622592
20,30,B3_action_cluster_8,32,1,projection,4,256,16,64,336,6226256,3.393040248325893,65536
20,30,B3_action_cluster_8,32,1,projection,8,512,16,64,592,6226512,3.3931797572544644,65536
20,30,B3_action_cluster_8,32,1,projection,16,1024,0,64,1088,6227008,3.3934500558035716,65536
20,30,B3_action_cluster_8,32,1,activation_ls,4,256,16,64,336,6226256,3.393040248325893,65536
20,30,B3_action_cluster_8,32,1,activation_ls,8,512,16,64,592,6226512,3.3931797572544644,65536
20,30,B3_action_cluster_8,32,1,activation_ls,16,1024,0,64,1088,6227008,3.3934500558035716,65536
20,30,B3_action_cluster_8,64,1,projection,4,256,16,64,336,6226256,3.393040248325893,65536
20,30,B3_action_cluster_8,64,1,projection,8,512,16,64,592,6226512,3.3931797572544644,65536
20,30,B3_action_cluster_8,64,1,projection,16,1024,0,64,1088,6227008,3.3934500558035716,65536
20,30,B3_action_cluster_8,64,1,activation_ls,4,256,16,64,336,6226256,3.393040248325893,65536
20,30,B3_action_cluster_8,64,1,activation_ls,8,512,16,64,592,6226512,3.3931797572544644,65536
20,30,B3_action_cluster_8,64,1,activation_ls,16,1024,0,64,1088,6227008,3.3934500558035716,65536
20,30,B3_action_cluster_8,128,1,projection,4,256,16,64,336,6226256,3.393040248325893,65536
20,30,B3_action_cluster_8,128,1,projection,8,512,16,64,592,6226512,3.3931797572544644,65536
20,30,B3_action_cluster_8,128,1,projection,16,1024,0,64,1088,6227008,3.3934500558035716,65536
20,30,B3_action_cluster_8,128,1,activation_ls,4,256,16,64,336,6226256,3.393040248325893,65536
20,30,B3_action_cluster_8,128,1,activation_ls,8,512,16,64,592,6226512,3.3931797572544644,65536
20,30,B3_action_cluster_8,128,1,activation_ls,16,1024,0,64,1088,6227008,3.3934500558035716,65536
20,30,B3_action_cluster_8,256,1,projection,4,256,16,64,336,6226256,3.393040248325893,65536
20,30,B3_action_cluster_8,256,1,projection,8,512,16,64,592,6226512,3.3931797572544644,65536
20,30,B3_action_cluster_8,256,1,projection,16,1024,0,64,1088,6227008,3.3934500558035716,65536
20,30,B3_action_cluster_8,256,1,activation_ls,4,256,16,64,336,6226256,3.393040248325893,65536
20,30,B3_action_cluster_8,256,1,activation_ls,8,512,16,64,592,6226512,3.3931797572544644,65536
20,30,B3_action_cluster_8,256,1,activation_ls,16,1024,0,64,1088,6227008,3.3934500558035716,65536
20,30,B3_action_cluster_8,512,1,projection,4,256,16,64,336,6226256,3.393040248325893,65536
20,30,B3_action_cluster_8,512,1,projection,8,512,16,64,592,6226512,3.3931797572544644,65536
20,30,B3_action_cluster_8,512,1,projection,16,1024,0,64,1088,6227008,3.3934500558035716,65536
20,30,B3_action_cluster_8,512,1,activation_ls,4,256,16,64,336,6226256,3.393040248325893,65536
20,30,B3_action_cluster_8,512,1,activation_ls,8,512,16,64,592,6226512,3.3931797572544644,65536
20,30,B3_action_cluster_8,512,1,activation_ls,16,1024,0,64,1088,6227008,3.3934500558035716,65536
20,30,B4_per_expert_raw,32,32,projection,4,8192,512,64,8768,6234688,3.3976353236607144,3145728
20,30,B4_per_expert_raw,32,32,projection,8,16384,512,64,16960,6242880,3.402099609375,3145728
20,30,B4_per_expert_raw,32,32,projection,16,32768,0,64,32832,6258752,3.4107491629464284,3145728
20,30,B4_per_expert_raw,32,32,activation_ls,4,8192,512,64,8768,6234688,3.3976353236607144,3145728
20,30,B4_per_expert_raw,32,32,activation_ls,8,16384,512,64,16960,6242880,3.402099609375,3145728
20,30,B4_per_expert_raw,32,32,activation_ls,16,32768,0,64,32832,6258752,3.4107491629464284,3145728
20,30,B4_per_expert_raw,64,64,projection,4,16384,1024,64,17472,6243392,3.402378627232143,6291456
20,30,B4_per_expert_raw,64,64,projection,8,32768,1024,64,33856,6259776,3.4113071986607144,6291456
20,30,B4_per_expert_raw,64,64,projection,16,65536,0,64,65600,6291520,3.4286063058035716,6291456
20,30,B4_per_expert_raw,64,64,activation_ls,4,16384,1024,64,17472,6243392,3.402378627232143,6291456
20,30,B4_per_expert_raw,64,64,activation_ls,8,32768,1024,64,33856,6259776,3.4113071986607144,6291456
20,30,B4_per_expert_raw,64,64,activation_ls,16,65536,0,64,65600,6291520,3.4286063058035716,6291456
20,30,B4_per_expert_raw,128,128,projection,4,32768,2048,64,34880,6260800,3.411865234375,12582912
20,30,B4_per_expert_raw,128,128,projection,8,65536,2048,64,67648,6293568,3.429722377232143,12582912
20,30,B4_per_expert_raw,128,128,projection,16,131072,0,64,131136,6357056,3.464320591517857,12582912
20,30,B4_per_expert_raw,128,128,activation_ls,4,32768,2048,64,34880,6260800,3.411865234375,12582912
20,30,B4_per_expert_raw,128,128,activation_ls,8,65536,2048,64,67648,6293568,3.429722377232143,12582912
20,30,B4_per_expert_raw,128,128,activation_ls,16,131072,0,64,131136,6357056,3.464320591517857,12582912
20,30,B4_per_expert_raw,256,256,projection,4,65536,4096,64,69696,6295616,3.4308384486607144,25165824
20,30,B4_per_expert_raw,256,256,projection,8,131072,4096,64,135232,6361152,3.466552734375,25165824
20,30,B4_per_expert_raw,256,256,projection,16,262144,0,64,262208,6488128,3.5357491629464284,25165824
20,30,B4_per_expert_raw,256,256,activation_ls,4,65536,4096,64,69696,6295616,3.4308384486607144,25165824
20,30,B4_per_expert_raw,256,256,activation_ls,8,131072,4096,64,135232,6361152,3.466552734375,25165824
20,30,B4_per_expert_raw,256,256,activation_ls,16,262144,0,64,262208,6488128,3.5357491629464284,25165824
20,30,B4_per_expert_raw,512,512,projection,4,131072,8192,64,139328,6365248,3.468784877232143,50331648
20,30,B4_per_expert_raw,512,512,projection,8,262144,8192,64,270400,6496320,3.5402134486607144,50331648
20,30,B4_per_expert_raw,512,512,projection,16,524288,0,64,524352,6750272,3.6786063058035716,50331648
20,30,B4_per_expert_raw,512,512,activation_ls,4,131072,8192,64,139328,6365248,3.468784877232143,50331648
20,30,B4_per_expert_raw,512,512,activation_ls,8,262144,8192,64,270400,6496320,3.5402134486607144,50331648
20,30,B4_per_expert_raw,512,512,activation_ls,16,524288,0,64,524352,6750272,3.6786063058035716,50331648
20,44,B0_raw_shared,32,32,projection,4,8192,512,64,8768,6234688,3.3976353236607144,262144
20,44,B0_raw_shared,32,32,projection,8,16384,512,64,16960,6242880,3.402099609375,262144
20,44,B0_raw_shared,32,32,projection,16,32768,0,64,32832,6258752,3.4107491629464284,262144
20,44,B0_raw_shared,32,32,activation_ls,4,8192,512,64,8768,6234688,3.3976353236607144,262144
20,44,B0_raw_shared,32,32,activation_ls,8,16384,512,64,16960,6242880,3.402099609375,262144
20,44,B0_raw_shared,32,32,activation_ls,16,32768,0,64,32832,6258752,3.4107491629464284,262144
20,44,B0_raw_shared,64,64,projection,4,16384,1024,64,17472,6243392,3.402378627232143,524288
20,44,B0_raw_shared,64,64,projection,8,32768,1024,64,33856,6259776,3.4113071986607144,524288
20,44,B0_raw_shared,64,64,projection,16,65536,0,64,65600,6291520,3.4286063058035716,524288
20,44,B0_raw_shared,64,64,activation_ls,4,16384,1024,64,17472,6243392,3.402378627232143,524288
20,44,B0_raw_shared,64,64,activation_ls,8,32768,1024,64,33856,6259776,3.4113071986607144,524288
20,44,B0_raw_shared,64,64,activation_ls,16,65536,0,64,65600,6291520,3.4286063058035716,524288
20,44,B0_raw_shared,128,128,projection,4,32768,2048,64,34880,6260800,3.411865234375,1048576
20,44,B0_raw_shared,128,128,projection,8,65536,2048,64,67648,6293568,3.429722377232143,1048576
20,44,B0_raw_shared,128,128,projection,16,131072,0,64,131136,6357056,3.464320591517857,1048576
20,44,B0_raw_shared,128,128,activation_ls,4,32768,2048,64,34880,6260800,3.411865234375,1048576
20,44,B0_raw_shared,128,128,activation_ls,8,65536,2048,64,67648,6293568,3.429722377232143,1048576
20,44,B0_raw_shared,128,128,activation_ls,16,131072,0,64,131136,6357056,3.464320591517857,1048576
20,44,B0_raw_shared,256,256,projection,4,65536,4096,64,69696,6295616,3.4308384486607144,2097152
20,44,B0_raw_shared,256,256,projection,8,131072,4096,64,135232,6361152,3.466552734375,2097152
20,44,B0_raw_shared,256,256,projection,16,262144,0,64,262208,6488128,3.5357491629464284,2097152
20,44,B0_raw_shared,256,256,activation_ls,4,65536,4096,64,69696,6295616,3.4308384486607144,2097152
20,44,B0_raw_shared,256,256,activation_ls,8,131072,4096,64,135232,6361152,3.466552734375,2097152
20,44,B0_raw_shared,256,256,activation_ls,16,262144,0,64,262208,6488128,3.5357491629464284,2097152
20,44,B0_raw_shared,512,512,projection,4,131072,8192,64,139328,6365248,3.468784877232143,4194304
20,44,B0_raw_shared,512,512,projection,8,262144,8192,64,270400,6496320,3.5402134486607144,4194304
20,44,B0_raw_shared,512,512,projection,16,524288,0,64,524352,6750272,3.6786063058035716,4194304
20,44,B0_raw_shared,512,512,activation_ls,4,131072,8192,64,139328,6365248,3.468784877232143,4194304
20,44,B0_raw_shared,512,512,activation_ls,8,262144,8192,64,270400,6496320,3.5402134486607144,4194304
20,44,B0_raw_shared,512,512,activation_ls,16,524288,0,64,524352,6750272,3.6786063058035716,4194304
20,44,B1_action_shared,32,32,projection,4,8192,512,64,8768,6234688,3.3976353236607144,262144
20,44,B1_action_shared,32,32,projection,8,16384,512,64,16960,6242880,3.402099609375,262144
20,44,B1_action_shared,32,32,projection,16,32768,0,64,32832,6258752,3.4107491629464284,262144
20,44,B1_action_shared,32,32,activation_ls,4,8192,512,64,8768,6234688,3.3976353236607144,262144
20,44,B1_action_shared,32,32,activation_ls,8,16384,512,64,16960,6242880,3.402099609375,262144
20,44,B1_action_shared,32,32,activation_ls,16,32768,0,64,32832,6258752,3.4107491629464284,262144
20,44,B1_action_shared,64,64,projection,4,16384,1024,64,17472,6243392,3.402378627232143,524288
20,44,B1_action_shared,64,64,projection,8,32768,1024,64,33856,6259776,3.4113071986607144,524288
20,44,B1_action_shared,64,64,projection,16,65536,0,64,65600,6291520,3.4286063058035716,524288
20,44,B1_action_shared,64,64,activation_ls,4,16384,1024,64,17472,6243392,3.402378627232143,524288
20,44,B1_action_shared,64,64,activation_ls,8,32768,1024,64,33856,6259776,3.4113071986607144,524288
20,44,B1_action_shared,64,64,activation_ls,16,65536,0,64,65600,6291520,3.4286063058035716,524288
20,44,B1_action_shared,128,128,projection,4,32768,2048,64,34880,6260800,3.411865234375,1048576
20,44,B1_action_shared,128,128,projection,8,65536,2048,64,67648,6293568,3.429722377232143,1048576
20,44,B1_action_shared,128,128,projection,16,131072,0,64,131136,6357056,3.464320591517857,1048576
20,44,B1_action_shared,128,128,activation_ls,4,32768,2048,64,34880,6260800,3.411865234375,1048576
20,44,B1_action_shared,128,128,activation_ls,8,65536,2048,64,67648,6293568,3.429722377232143,1048576
20,44,B1_action_shared,128,128,activation_ls,16,131072,0,64,131136,6357056,3.464320591517857,1048576
20,44,B1_action_shared,256,256,projection,4,65536,4096,64,69696,6295616,3.4308384486607144,2097152
20,44,B1_action_shared,256,256,projection,8,131072,4096,64,135232,6361152,3.466552734375,2097152
20,44,B1_action_shared,256,256,projection,16,262144,0,64,262208,6488128,3.5357491629464284,2097152
20,44,B1_action_shared,256,256,activation_ls,4,65536,4096,64,69696,6295616,3.4308384486607144,2097152
20,44,B1_action_shared,256,256,activation_ls,8,131072,4096,64,135232,6361152,3.466552734375,2097152
20,44,B1_action_shared,256,256,activation_ls,16,262144,0,64,262208,6488128,3.5357491629464284,2097152
20,44,B1_action_shared,512,512,projection,4,131072,8192,64,139328,6365248,3.468784877232143,4194304
20,44,B1_action_shared,512,512,projection,8,262144,8192,64,270400,6496320,3.5402134486607144,4194304
20,44,B1_action_shared,512,512,projection,16,524288,0,64,524352,6750272,3.6786063058035716,4194304
20,44,B1_action_shared,512,512,activation_ls,4,131072,8192,64,139328,6365248,3.468784877232143,4194304
20,44,B1_action_shared,512,512,activation_ls,8,262144,8192,64,270400,6496320,3.5402134486607144,4194304
20,44,B1_action_shared,512,512,activation_ls,16,524288,0,64,524352,6750272,3.6786063058035716,4194304
20,44,B2_proxy_shared,32,32,projection,4,8192,512,64,8768,6234688,3.3976353236607144,262144
20,44,B2_proxy_shared,32,32,projection,8,16384,512,64,16960,6242880,3.402099609375,262144
20,44,B2_proxy_shared,32,32,projection,16,32768,0,64,32832,6258752,3.4107491629464284,262144
20,44,B2_proxy_shared,32,32,activation_ls,4,8192,512,64,8768,6234688,3.3976353236607144,262144
20,44,B2_proxy_shared,32,32,activation_ls,8,16384,512,64,16960,6242880,3.402099609375,262144
20,44,B2_proxy_shared,32,32,activation_ls,16,32768,0,64,32832,6258752,3.4107491629464284,262144
20,44,B2_proxy_shared,64,64,projection,4,16384,1024,64,17472,6243392,3.402378627232143,524288
20,44,B2_proxy_shared,64,64,projection,8,32768,1024,64,33856,6259776,3.4113071986607144,524288
20,44,B2_proxy_shared,64,64,projection,16,65536,0,64,65600,6291520,3.4286063058035716,524288
20,44,B2_proxy_shared,64,64,activation_ls,4,16384,1024,64,17472,6243392,3.402378627232143,524288
20,44,B2_proxy_shared,64,64,activation_ls,8,32768,1024,64,33856,6259776,3.4113071986607144,524288
20,44,B2_proxy_shared,64,64,activation_ls,16,65536,0,64,65600,6291520,3.4286063058035716,524288
20,44,B2_proxy_shared,128,128,projection,4,32768,2048,64,34880,6260800,3.411865234375,1048576
20,44,B2_proxy_shared,128,128,projection,8,65536,2048,64,67648,6293568,3.429722377232143,1048576
20,44,B2_proxy_shared,128,128,projection,16,131072,0,64,131136,6357056,3.464320591517857,1048576
20,44,B2_proxy_shared,128,128,activation_ls,4,32768,2048,64,34880,6260800,3.411865234375,1048576
20,44,B2_proxy_shared,128,128,activation_ls,8,65536,2048,64,67648,6293568,3.429722377232143,1048576
20,44,B2_proxy_shared,128,128,activation_ls,16,131072,0,64,131136,6357056,3.464320591517857,1048576
20,44,B2_proxy_shared,256,256,projection,4,65536,4096,64,69696,6295616,3.4308384486607144,2097152
20,44,B2_proxy_shared,256,256,projection,8,131072,4096,64,135232,6361152,3.466552734375,2097152
20,44,B2_proxy_shared,256,256,projection,16,262144,0,64,262208,6488128,3.5357491629464284,2097152
20,44,B2_proxy_shared,256,256,activation_ls,4,65536,4096,64,69696,6295616,3.4308384486607144,2097152
20,44,B2_proxy_shared,256,256,activation_ls,8,131072,4096,64,135232,6361152,3.466552734375,2097152
20,44,B2_proxy_shared,256,256,activation_ls,16,262144,0,64,262208,6488128,3.5357491629464284,2097152
20,44,B2_proxy_shared,512,512,projection,4,131072,8192,64,139328,6365248,3.468784877232143,4194304
20,44,B2_proxy_shared,512,512,projection,8,262144,8192,64,270400,6496320,3.5402134486607144,4194304
20,44,B2_proxy_shared,512,512,projection,16,524288,0,64,524352,6750272,3.6786063058035716,4194304
20,44,B2_proxy_shared,512,512,activation_ls,4,131072,8192,64,139328,6365248,3.468784877232143,4194304
20,44,B2_proxy_shared,512,512,activation_ls,8,262144,8192,64,270400,6496320,3.5402134486607144,4194304
20,44,B2_proxy_shared,512,512,activation_ls,16,524288,0,64,524352,6750272,3.6786063058035716,4194304
20,44,B3_action_cluster_4,32,32,projection,4,8192,512,64,8768,6234688,3.3976353236607144,1048576
20,44,B3_action_cluster_4,32,32,projection,8,16384,512,64,16960,6242880,3.402099609375,1048576
20,44,B3_action_cluster_4,32,32,projection,16,32768,0,64,32832,6258752,3.4107491629464284,1048576
20,44,B3_action_cluster_4,32,32,activation_ls,4,8192,512,64,8768,6234688,3.3976353236607144,1048576
20,44,B3_action_cluster_4,32,32,activation_ls,8,16384,512,64,16960,6242880,3.402099609375,1048576
20,44,B3_action_cluster_4,32,32,activation_ls,16,32768,0,64,32832,6258752,3.4107491629464284,1048576
20,44,B3_action_cluster_4,64,64,projection,4,16384,1024,64,17472,6243392,3.402378627232143,2097152
20,44,B3_action_cluster_4,64,64,projection,8,32768,1024,64,33856,6259776,3.4113071986607144,2097152
20,44,B3_action_cluster_4,64,64,projection,16,65536,0,64,65600,6291520,3.4286063058035716,2097152
20,44,B3_action_cluster_4,64,64,activation_ls,4,16384,1024,64,17472,6243392,3.402378627232143,2097152
20,44,B3_action_cluster_4,64,64,activation_ls,8,32768,1024,64,33856,6259776,3.4113071986607144,2097152
20,44,B3_action_cluster_4,64,64,activation_ls,16,65536,0,64,65600,6291520,3.4286063058035716,2097152
20,44,B3_action_cluster_4,128,128,projection,4,32768,2048,64,34880,6260800,3.411865234375,4194304
20,44,B3_action_cluster_4,128,128,projection,8,65536,2048,64,67648,6293568,3.429722377232143,4194304
20,44,B3_action_cluster_4,128,128,projection,16,131072,0,64,131136,6357056,3.464320591517857,4194304
20,44,B3_action_cluster_4,128,128,activation_ls,4,32768,2048,64,34880,6260800,3.411865234375,4194304
20,44,B3_action_cluster_4,128,128,activation_ls,8,65536,2048,64,67648,6293568,3.429722377232143,4194304
20,44,B3_action_cluster_4,128,128,activation_ls,16,131072,0,64,131136,6357056,3.464320591517857,4194304
20,44,B3_action_cluster_4,256,256,projection,4,65536,4096,64,69696,6295616,3.4308384486607144,8388608
20,44,B3_action_cluster_4,256,256,projection,8,131072,4096,64,135232,6361152,3.466552734375,8388608
20,44,B3_action_cluster_4,256,256,projection,16,262144,0,64,262208,6488128,3.5357491629464284,8388608
20,44,B3_action_cluster_4,256,256,activation_ls,4,65536,4096,64,69696,6295616,3.4308384486607144,8388608
20,44,B3_action_cluster_4,256,256,activation_ls,8,131072,4096,64,135232,6361152,3.466552734375,8388608
20,44,B3_action_cluster_4,256,256,activation_ls,16,262144,0,64,262208,6488128,3.5357491629464284,8388608
20,44,B3_action_cluster_4,512,419,projection,4,107264,6704,64,114032,6339952,3.4549996512276784,13729792
20,44,B3_action_cluster_4,512,419,projection,8,214528,6704,64,221296,6447216,3.513453892299107,13729792
20,44,B3_action_cluster_4,512,419,projection,16,429056,0,64,429120,6655040,3.626708984375,13729792
20,44,B3_action_cluster_4,512,419,activation_ls,4,107264,6704,64,114032,6339952,3.4549996512276784,13729792
20,44,B3_action_cluster_4,512,419,activation_ls,8,214528,6704,64,221296,6447216,3.513453892299107,13729792
20,44,B3_action_cluster_4,512,419,activation_ls,16,429056,0,64,429120,6655040,3.626708984375,13729792
20,44,B3_action_cluster_8,32,32,projection,4,8192,512,64,8768,6234688,3.3976353236607144,2097152
20,44,B3_action_cluster_8,32,32,projection,8,16384,512,64,16960,6242880,3.402099609375,2097152
20,44,B3_action_cluster_8,32,32,projection,16,32768,0,64,32832,6258752,3.4107491629464284,2097152
20,44,B3_action_cluster_8,32,32,activation_ls,4,8192,512,64,8768,6234688,3.3976353236607144,2097152
20,44,B3_action_cluster_8,32,32,activation_ls,8,16384,512,64,16960,6242880,3.402099609375,2097152
20,44,B3_action_cluster_8,32,32,activation_ls,16,32768,0,64,32832,6258752,3.4107491629464284,2097152
20,44,B3_action_cluster_8,64,51,projection,4,13056,816,64,13936,6239856,3.40045166015625,3342336
20,44,B3_action_cluster_8,64,51,projection,8,26112,816,64,26992,6252912,3.407566615513393,3342336
20,44,B3_action_cluster_8,64,51,projection,16,52224,0,64,52288,6278208,3.421351841517857,3342336
20,44,B3_action_cluster_8,64,51,activation_ls,4,13056,816,64,13936,6239856,3.40045166015625,3342336
20,44,B3_action_cluster_8,64,51,activation_ls,8,26112,816,64,26992,6252912,3.407566615513393,3342336
20,44,B3_action_cluster_8,64,51,activation_ls,16,52224,0,64,52288,6278208,3.421351841517857,3342336
20,44,B3_action_cluster_8,128,51,projection,4,13056,816,64,13936,6239856,3.40045166015625,3342336
20,44,B3_action_cluster_8,128,51,projection,8,26112,816,64,26992,6252912,3.407566615513393,3342336
20,44,B3_action_cluster_8,128,51,projection,16,52224,0,64,52288,6278208,3.421351841517857,3342336
20,44,B3_action_cluster_8,128,51,activation_ls,4,13056,816,64,13936,6239856,3.40045166015625,3342336
20,44,B3_action_cluster_8,128,51,activation_ls,8,26112,816,64,26992,6252912,3.407566615513393,3342336
20,44,B3_action_cluster_8,128,51,activation_ls,16,52224,0,64,52288,6278208,3.421351841517857,3342336
20,44,B3_action_cluster_8,256,51,projection,4,13056,816,64,13936,6239856,3.40045166015625,3342336
20,44,B3_action_cluster_8,256,51,projection,8,26112,816,64,26992,6252912,3.407566615513393,3342336
20,44,B3_action_cluster_8,256,51,projection,16,52224,0,64,52288,6278208,3.421351841517857,3342336
20,44,B3_action_cluster_8,256,51,activation_ls,4,13056,816,64,13936,6239856,3.40045166015625,3342336
20,44,B3_action_cluster_8,256,51,activation_ls,8,26112,816,64,26992,6252912,3.407566615513393,3342336
20,44,B3_action_cluster_8,256,51,activation_ls,16,52224,0,64,52288,6278208,3.421351841517857,3342336
20,44,B3_action_cluster_8,512,51,projection,4,13056,816,64,13936,6239856,3.40045166015625,3342336
20,44,B3_action_cluster_8,512,51,projection,8,26112,816,64,26992,6252912,3.407566615513393,3342336
20,44,B3_action_cluster_8,512,51,projection,16,52224,0,64,52288,6278208,3.421351841517857,3342336
20,44,B3_action_cluster_8,512,51,activation_ls,4,13056,816,64,13936,6239856,3.40045166015625,3342336
20,44,B3_action_cluster_8,512,51,activation_ls,8,26112,816,64,26992,6252912,3.407566615513393,3342336
20,44,B3_action_cluster_8,512,51,activation_ls,16,52224,0,64,52288,6278208,3.421351841517857,3342336
20,44,B4_per_expert_raw,32,32,projection,4,8192,512,64,8768,6234688,3.3976353236607144,3145728
20,44,B4_per_expert_raw,32,32,projection,8,16384,512,64,16960,6242880,3.402099609375,3145728
20,44,B4_per_expert_raw,32,32,projection,16,32768,0,64,32832,6258752,3.4107491629464284,3145728
20,44,B4_per_expert_raw,32,32,activation_ls,4,8192,512,64,8768,6234688,3.3976353236607144,3145728
20,44,B4_per_expert_raw,32,32,activation_ls,8,16384,512,64,16960,6242880,3.402099609375,3145728
20,44,B4_per_expert_raw,32,32,activation_ls,16,32768,0,64,32832,6258752,3.4107491629464284,3145728
20,44,B4_per_expert_raw,64,64,projection,4,16384,1024,64,17472,6243392,3.402378627232143,6291456
20,44,B4_per_expert_raw,64,64,projection,8,32768,1024,64,33856,6259776,3.4113071986607144,6291456
20,44,B4_per_expert_raw,64,64,projection,16,65536,0,64,65600,6291520,3.4286063058035716,6291456
20,44,B4_per_expert_raw,64,64,activation_ls,4,16384,1024,64,17472,6243392,3.402378627232143,6291456
20,44,B4_per_expert_raw,64,64,activation_ls,8,32768,1024,64,33856,6259776,3.4113071986607144,6291456
20,44,B4_per_expert_raw,64,64,activation_ls,16,65536,0,64,65600,6291520,3.4286063058035716,6291456
20,44,B4_per_expert_raw,128,128,projection,4,32768,2048,64,34880,6260800,3.411865234375,12582912
20,44,B4_per_expert_raw,128,128,projection,8,65536,2048,64,67648,6293568,3.429722377232143,12582912
20,44,B4_per_expert_raw,128,128,projection,16,131072,0,64,131136,6357056,3.464320591517857,12582912
20,44,B4_per_expert_raw,128,128,activation_ls,4,32768,2048,64,34880,6260800,3.411865234375,12582912
20,44,B4_per_expert_raw,128,128,activation_ls,8,65536,2048,64,67648,6293568,3.429722377232143,12582912
20,44,B4_per_expert_raw,128,128,activation_ls,16,131072,0,64,131136,6357056,3.464320591517857,12582912
20,44,B4_per_expert_raw,256,256,projection,4,65536,4096,64,69696,6295616,3.4308384486607144,25165824
20,44,B4_per_expert_raw,256,256,projection,8,131072,4096,64,135232,6361152,3.466552734375,25165824
20,44,B4_per_expert_raw,256,256,projection,16,262144,0,64,262208,6488128,3.5357491629464284,25165824
20,44,B4_per_expert_raw,256,256,activation_ls,4,65536,4096,64,69696,6295616,3.4308384486607144,25165824
20,44,B4_per_expert_raw,256,256,activation_ls,8,131072,4096,64,135232,6361152,3.466552734375,25165824
20,44,B4_per_expert_raw,256,256,activation_ls,16,262144,0,64,262208,6488128,3.5357491629464284,25165824
20,44,B4_per_expert_raw,512,512,projection,4,131072,8192,64,139328,6365248,3.468784877232143,50331648
20,44,B4_per_expert_raw,512,512,projection,8,262144,8192,64,270400,6496320,3.5402134486607144,50331648
20,44,B4_per_expert_raw,512,512,projection,16,524288,0,64,524352,6750272,3.6786063058035716,50331648
20,44,B4_per_expert_raw,512,512,activation_ls,4,131072,8192,64,139328,6365248,3.468784877232143,50331648
20,44,B4_per_expert_raw,512,512,activation_ls,8,262144,8192,64,270400,6496320,3.5402134486607144,50331648
20,44,B4_per_expert_raw,512,512,activation_ls,16,524288,0,64,524352,6750272,3.6786063058035716,50331648
20,45,B0_raw_shared,32,32,projection,4,8192,512,64,8768,6234688,3.3976353236607144,262144
20,45,B0_raw_shared,32,32,projection,8,16384,512,64,16960,6242880,3.402099609375,262144
20,45,B0_raw_shared,32,32,projection,16,32768,0,64,32832,6258752,3.4107491629464284,262144
20,45,B0_raw_shared,32,32,activation_ls,4,8192,512,64,8768,6234688,3.3976353236607144,262144
20,45,B0_raw_shared,32,32,activation_ls,8,16384,512,64,16960,6242880,3.402099609375,262144
20,45,B0_raw_shared,32,32,activation_ls,16,32768,0,64,32832,6258752,3.4107491629464284,262144
20,45,B0_raw_shared,64,64,projection,4,16384,1024,64,17472,6243392,3.402378627232143,524288
20,45,B0_raw_shared,64,64,projection,8,32768,1024,64,33856,6259776,3.4113071986607144,524288
20,45,B0_raw_shared,64,64,projection,16,65536,0,64,65600,6291520,3.4286063058035716,524288
20,45,B0_raw_shared,64,64,activation_ls,4,16384,1024,64,17472,6243392,3.402378627232143,524288
20,45,B0_raw_shared,64,64,activation_ls,8,32768,1024,64,33856,6259776,3.4113071986607144,524288
20,45,B0_raw_shared,64,64,activation_ls,16,65536,0,64,65600,6291520,3.4286063058035716,524288
20,45,B0_raw_shared,128,128,projection,4,32768,2048,64,34880,6260800,3.411865234375,1048576
20,45,B0_raw_shared,128,128,projection,8,65536,2048,64,67648,6293568,3.429722377232143,1048576
20,45,B0_raw_shared,128,128,projection,16,131072,0,64,131136,6357056,3.464320591517857,1048576
20,45,B0_raw_shared,128,128,activation_ls,4,32768,2048,64,34880,6260800,3.411865234375,1048576
20,45,B0_raw_shared,128,128,activation_ls,8,65536,2048,64,67648,6293568,3.429722377232143,1048576
20,45,B0_raw_shared,128,128,activation_ls,16,131072,0,64,131136,6357056,3.464320591517857,1048576
20,45,B0_raw_shared,256,256,projection,4,65536,4096,64,69696,6295616,3.4308384486607144,2097152
20,45,B0_raw_shared,256,256,projection,8,131072,4096,64,135232,6361152,3.466552734375,2097152
20,45,B0_raw_shared,256,256,projection,16,262144,0,64,262208,6488128,3.5357491629464284,2097152
20,45,B0_raw_shared,256,256,activation_ls,4,65536,4096,64,69696,6295616,3.4308384486607144,2097152
20,45,B0_raw_shared,256,256,activation_ls,8,131072,4096,64,135232,6361152,3.466552734375,2097152
20,45,B0_raw_shared,256,256,activation_ls,16,262144,0,64,262208,6488128,3.5357491629464284,2097152
20,45,B0_raw_shared,512,512,projection,4,131072,8192,64,139328,6365248,3.468784877232143,4194304
20,45,B0_raw_shared,512,512,projection,8,262144,8192,64,270400,6496320,3.5402134486607144,4194304
20,45,B0_raw_shared,512,512,projection,16,524288,0,64,524352,6750272,3.6786063058035716,4194304
20,45,B0_raw_shared,512,512,activation_ls,4,131072,8192,64,139328,6365248,3.468784877232143,4194304
20,45,B0_raw_shared,512,512,activation_ls,8,262144,8192,64,270400,6496320,3.5402134486607144,4194304
20,45,B0_raw_shared,512,512,activation_ls,16,524288,0,64,524352,6750272,3.6786063058035716,4194304
20,45,B1_action_shared,32,32,projection,4,8192,512,64,8768,6234688,3.3976353236607144,262144
20,45,B1_action_shared,32,32,projection,8,16384,512,64,16960,6242880,3.402099609375,262144
20,45,B1_action_shared,32,32,projection,16,32768,0,64,32832,6258752,3.4107491629464284,262144
20,45,B1_action_shared,32,32,activation_ls,4,8192,512,64,8768,6234688,3.3976353236607144,262144
20,45,B1_action_shared,32,32,activation_ls,8,16384,512,64,16960,6242880,3.402099609375,262144
20,45,B1_action_shared,32,32,activation_ls,16,32768,0,64,32832,6258752,3.4107491629464284,262144
20,45,B1_action_shared,64,64,projection,4,16384,1024,64,17472,6243392,3.402378627232143,524288
20,45,B1_action_shared,64,64,projection,8,32768,1024,64,33856,6259776,3.4113071986607144,524288
20,45,B1_action_shared,64,64,projection,16,65536,0,64,65600,6291520,3.4286063058035716,524288
20,45,B1_action_shared,64,64,activation_ls,4,16384,1024,64,17472,6243392,3.402378627232143,524288
20,45,B1_action_shared,64,64,activation_ls,8,32768,1024,64,33856,6259776,3.4113071986607144,524288
20,45,B1_action_shared,64,64,activation_ls,16,65536,0,64,65600,6291520,3.4286063058035716,524288
20,45,B1_action_shared,128,128,projection,4,32768,2048,64,34880,6260800,3.411865234375,1048576
20,45,B1_action_shared,128,128,projection,8,65536,2048,64,67648,6293568,3.429722377232143,1048576
20,45,B1_action_shared,128,128,projection,16,131072,0,64,131136,6357056,3.464320591517857,1048576
20,45,B1_action_shared,128,128,activation_ls,4,32768,2048,64,34880,6260800,3.411865234375,1048576
20,45,B1_action_shared,128,128,activation_ls,8,65536,2048,64,67648,6293568,3.429722377232143,1048576
20,45,B1_action_shared,128,128,activation_ls,16,131072,0,64,131136,6357056,3.464320591517857,1048576
20,45,B1_action_shared,256,256,projection,4,65536,4096,64,69696,6295616,3.4308384486607144,2097152
20,45,B1_action_shared,256,256,projection,8,131072,4096,64,135232,6361152,3.466552734375,2097152
20,45,B1_action_shared,256,256,projection,16,262144,0,64,262208,6488128,3.5357491629464284,2097152
20,45,B1_action_shared,256,256,activation_ls,4,65536,4096,64,69696,6295616,3.4308384486607144,2097152
20,45,B1_action_shared,256,256,activation_ls,8,131072,4096,64,135232,6361152,3.466552734375,2097152
20,45,B1_action_shared,256,256,activation_ls,16,262144,0,64,262208,6488128,3.5357491629464284,2097152
20,45,B1_action_shared,512,512,projection,4,131072,8192,64,139328,6365248,3.468784877232143,4194304
20,45,B1_action_shared,512,512,projection,8,262144,8192,64,270400,6496320,3.5402134486607144,4194304
20,45,B1_action_shared,512,512,projection,16,524288,0,64,524352,6750272,3.6786063058035716,4194304
20,45,B1_action_shared,512,512,activation_ls,4,131072,8192,64,139328,6365248,3.468784877232143,4194304
20,45,B1_action_shared,512,512,activation_ls,8,262144,8192,64,270400,6496320,3.5402134486607144,4194304
20,45,B1_action_shared,512,512,activation_ls,16,524288,0,64,524352,6750272,3.6786063058035716,4194304
20,45,B2_proxy_shared,32,32,projection,4,8192,512,64,8768,6234688,3.3976353236607144,262144
20,45,B2_proxy_shared,32,32,projection,8,16384,512,64,16960,6242880,3.402099609375,262144
20,45,B2_proxy_shared,32,32,projection,16,32768,0,64,32832,6258752,3.4107491629464284,262144
20,45,B2_proxy_shared,32,32,activation_ls,4,8192,512,64,8768,6234688,3.3976353236607144,262144
20,45,B2_proxy_shared,32,32,activation_ls,8,16384,512,64,16960,6242880,3.402099609375,262144
20,45,B2_proxy_shared,32,32,activation_ls,16,32768,0,64,32832,6258752,3.4107491629464284,262144
20,45,B2_proxy_shared,64,64,projection,4,16384,1024,64,17472,6243392,3.402378627232143,524288
20,45,B2_proxy_shared,64,64,projection,8,32768,1024,64,33856,6259776,3.4113071986607144,524288
20,45,B2_proxy_shared,64,64,projection,16,65536,0,64,65600,6291520,3.4286063058035716,524288
20,45,B2_proxy_shared,64,64,activation_ls,4,16384,1024,64,17472,6243392,3.402378627232143,524288
20,45,B2_proxy_shared,64,64,activation_ls,8,32768,1024,64,33856,6259776,3.4113071986607144,524288
20,45,B2_proxy_shared,64,64,activation_ls,16,65536,0,64,65600,6291520,3.4286063058035716,524288
20,45,B2_proxy_shared,128,128,projection,4,32768,2048,64,34880,6260800,3.411865234375,1048576
20,45,B2_proxy_shared,128,128,projection,8,65536,2048,64,67648,6293568,3.429722377232143,1048576
20,45,B2_proxy_shared,128,128,projection,16,131072,0,64,131136,6357056,3.464320591517857,1048576
20,45,B2_proxy_shared,128,128,activation_ls,4,32768,2048,64,34880,6260800,3.411865234375,1048576
20,45,B2_proxy_shared,128,128,activation_ls,8,65536,2048,64,67648,6293568,3.429722377232143,1048576
20,45,B2_proxy_shared,128,128,activation_ls,16,131072,0,64,131136,6357056,3.464320591517857,1048576
20,45,B2_proxy_shared,256,256,projection,4,65536,4096,64,69696,6295616,3.4308384486607144,2097152
20,45,B2_proxy_shared,256,256,projection,8,131072,4096,64,135232,6361152,3.466552734375,2097152
20,45,B2_proxy_shared,256,256,projection,16,262144,0,64,262208,6488128,3.5357491629464284,2097152
20,45,B2_proxy_shared,256,256,activation_ls,4,65536,4096,64,69696,6295616,3.4308384486607144,2097152
20,45,B2_proxy_shared,256,256,activation_ls,8,131072,4096,64,135232,6361152,3.466552734375,2097152
20,45,B2_proxy_shared,256,256,activation_ls,16,262144,0,64,262208,6488128,3.5357491629464284,2097152
20,45,B2_proxy_shared,512,512,projection,4,131072,8192,64,139328,6365248,3.468784877232143,4194304
20,45,B2_proxy_shared,512,512,projection,8,262144,8192,64,270400,6496320,3.5402134486607144,4194304
20,45,B2_proxy_shared,512,512,projection,16,524288,0,64,524352,6750272,3.6786063058035716,4194304
20,45,B2_proxy_shared,512,512,activation_ls,4,131072,8192,64,139328,6365248,3.468784877232143,4194304
20,45,B2_proxy_shared,512,512,activation_ls,8,262144,8192,64,270400,6496320,3.5402134486607144,4194304
20,45,B2_proxy_shared,512,512,activation_ls,16,524288,0,64,524352,6750272,3.6786063058035716,4194304
20,45,B3_action_cluster_4,32,18,projection,4,4608,288,64,4960,6230880,3.3955601283482144,589824
20,45,B3_action_cluster_4,32,18,projection,8,9216,288,64,9568,6235488,3.3980712890625,589824
20,45,B3_action_cluster_4,32,18,projection,16,18432,0,64,18496,6244416,3.4029366629464284,589824
20,45,B3_action_cluster_4,32,18,activation_ls,4,4608,288,64,4960,6230880,3.3955601283482144,589824
20,45,B3_action_cluster_4,32,18,activation_ls,8,9216,288,64,9568,6235488,3.3980712890625,589824
20,45,B3_action_cluster_4,32,18,activation_ls,16,18432,0,64,18496,6244416,3.4029366629464284,589824
20,45,B3_action_cluster_4,64,18,projection,4,4608,288,64,4960,6230880,3.3955601283482144,589824
20,45,B3_action_cluster_4,64,18,projection,8,9216,288,64,9568,6235488,3.3980712890625,589824
20,45,B3_action_cluster_4,64,18,projection,16,18432,0,64,18496,6244416,3.4029366629464284,589824
20,45,B3_action_cluster_4,64,18,activation_ls,4,4608,288,64,4960,6230880,3.3955601283482144,589824
20,45,B3_action_cluster_4,64,18,activation_ls,8,9216,288,64,9568,6235488,3.3980712890625,589824
20,45,B3_action_cluster_4,64,18,activation_ls,16,18432,0,64,18496,6244416,3.4029366629464284,589824
20,45,B3_action_cluster_4,128,18,projection,4,4608,288,64,4960,6230880,3.3955601283482144,589824
20,45,B3_action_cluster_4,128,18,projection,8,9216,288,64,9568,6235488,3.3980712890625,589824
20,45,B3_action_cluster_4,128,18,projection,16,18432,0,64,18496,6244416,3.4029366629464284,589824
20,45,B3_action_cluster_4,128,18,activation_ls,4,4608,288,64,4960,6230880,3.3955601283482144,589824
20,45,B3_action_cluster_4,128,18,activation_ls,8,9216,288,64,9568,6235488,3.3980712890625,589824
20,45,B3_action_cluster_4,128,18,activation_ls,16,18432,0,64,18496,6244416,3.4029366629464284,589824
20,45,B3_action_cluster_4,256,18,projection,4,4608,288,64,4960,6230880,3.3955601283482144,589824
20,45,B3_action_cluster_4,256,18,projection,8,9216,288,64,9568,6235488,3.3980712890625,589824
20,45,B3_action_cluster_4,256,18,projection,16,18432,0,64,18496,6244416,3.4029366629464284,589824
20,45,B3_action_cluster_4,256,18,activation_ls,4,4608,288,64,4960,6230880,3.3955601283482144,589824
20,45,B3_action_cluster_4,256,18,activation_ls,8,9216,288,64,9568,6235488,3.3980712890625,589824
20,45,B3_action_cluster_4,256,18,activation_ls,16,18432,0,64,18496,6244416,3.4029366629464284,589824
20,45,B3_action_cluster_4,512,18,projection,4,4608,288,64,4960,6230880,3.3955601283482144,589824
20,45,B3_action_cluster_4,512,18,projection,8,9216,288,64,9568,6235488,3.3980712890625,589824
20,45,B3_action_cluster_4,512,18,projection,16,18432,0,64,18496,6244416,3.4029366629464284,589824
20,45,B3_action_cluster_4,512,18,activation_ls,4,4608,288,64,4960,6230880,3.3955601283482144,589824
20,45,B3_action_cluster_4,512,18,activation_ls,8,9216,288,64,9568,6235488,3.3980712890625,589824
20,45,B3_action_cluster_4,512,18,activation_ls,16,18432,0,64,18496,6244416,3.4029366629464284,589824
20,45,B3_action_cluster_8,32,17,projection,4,4352,272,64,4688,6230608,3.395411900111607,1114112
20,45,B3_action_cluster_8,32,17,projection,8,8704,272,64,9040,6234960,3.3977835518973216,1114112
20,45,B3_action_cluster_8,32,17,projection,16,17408,0,64,17472,6243392,3.402378627232143,1114112
20,45,B3_action_cluster_8,32,17,activation_ls,4,4352,272,64,4688,6230608,3.395411900111607,1114112
20,45,B3_action_cluster_8,32,17,activation_ls,8,8704,272,64,9040,6234960,3.3977835518973216,1114112
20,45,B3_action_cluster_8,32,17,activation_ls,16,17408,0,64,17472,6243392,3.402378627232143,1114112
20,45,B3_action_cluster_8,64,17,projection,4,4352,272,64,4688,6230608,3.395411900111607,1114112
20,45,B3_action_cluster_8,64,17,projection,8,8704,272,64,9040,6234960,3.3977835518973216,1114112
20,45,B3_action_cluster_8,64,17,projection,16,17408,0,64,17472,6243392,3.402378627232143,1114112
20,45,B3_action_cluster_8,64,17,activation_ls,4,4352,272,64,4688,6230608,3.395411900111607,1114112
20,45,B3_action_cluster_8,64,17,activation_ls,8,8704,272,64,9040,6234960,3.3977835518973216,1114112
20,45,B3_action_cluster_8,64,17,activation_ls,16,17408,0,64,17472,6243392,3.402378627232143,1114112
20,45,B3_action_cluster_8,128,17,projection,4,4352,272,64,4688,6230608,3.395411900111607,1114112
20,45,B3_action_cluster_8,128,17,projection,8,8704,272,64,9040,6234960,3.3977835518973216,1114112
20,45,B3_action_cluster_8,128,17,projection,16,17408,0,64,17472,6243392,3.402378627232143,1114112
20,45,B3_action_cluster_8,128,17,activation_ls,4,4352,272,64,4688,6230608,3.395411900111607,1114112
20,45,B3_action_cluster_8,128,17,activation_ls,8,8704,272,64,9040,6234960,3.3977835518973216,1114112
20,45,B3_action_cluster_8,128,17,activation_ls,16,17408,0,64,17472,6243392,3.402378627232143,1114112
20,45,B3_action_cluster_8,256,17,projection,4,4352,272,64,4688,6230608,3.395411900111607,1114112
20,45,B3_action_cluster_8,256,17,projection,8,8704,272,64,9040,6234960,3.3977835518973216,1114112
20,45,B3_action_cluster_8,256,17,projection,16,17408,0,64,17472,6243392,3.402378627232143,1114112
20,45,B3_action_cluster_8,256,17,activation_ls,4,4352,272,64,4688,6230608,3.395411900111607,1114112
20,45,B3_action_cluster_8,256,17,activation_ls,8,8704,272,64,9040,6234960,3.3977835518973216,1114112
20,45,B3_action_cluster_8,256,17,activation_ls,16,17408,0,64,17472,6243392,3.402378627232143,1114112
20,45,B3_action_cluster_8,512,17,projection,4,4352,272,64,4688,6230608,3.395411900111607,1114112
20,45,B3_action_cluster_8,512,17,projection,8,8704,272,64,9040,6234960,3.3977835518973216,1114112
20,45,B3_action_cluster_8,512,17,projection,16,17408,0,64,17472,6243392,3.402378627232143,1114112
20,45,B3_action_cluster_8,512,17,activation_ls,4,4352,272,64,4688,6230608,3.395411900111607,1114112
20,45,B3_action_cluster_8,512,17,activation_ls,8,8704,272,64,9040,6234960,3.3977835518973216,1114112
20,45,B3_action_cluster_8,512,17,activation_ls,16,17408,0,64,17472,6243392,3.402378627232143,1114112
20,45,B4_per_expert_raw,32,32,projection,4,8192,512,64,8768,6234688,3.3976353236607144,3145728
20,45,B4_per_expert_raw,32,32,projection,8,16384,512,64,16960,6242880,3.402099609375,3145728
20,45,B4_per_expert_raw,32,32,projection,16,32768,0,64,32832,6258752,3.4107491629464284,3145728
20,45,B4_per_expert_raw,32,32,activation_ls,4,8192,512,64,8768,6234688,3.3976353236607144,3145728
20,45,B4_per_expert_raw,32,32,activation_ls,8,16384,512,64,16960,6242880,3.402099609375,3145728
20,45,B4_per_expert_raw,32,32,activation_ls,16,32768,0,64,32832,6258752,3.4107491629464284,3145728
20,45,B4_per_expert_raw,64,64,projection,4,16384,1024,64,17472,6243392,3.402378627232143,6291456
20,45,B4_per_expert_raw,64,64,projection,8,32768,1024,64,33856,6259776,3.4113071986607144,6291456
20,45,B4_per_expert_raw,64,64,projection,16,65536,0,64,65600,6291520,3.4286063058035716,6291456
20,45,B4_per_expert_raw,64,64,activation_ls,4,16384,1024,64,17472,6243392,3.402378627232143,6291456
20,45,B4_per_expert_raw,64,64,activation_ls,8,32768,1024,64,33856,6259776,3.4113071986607144,6291456
20,45,B4_per_expert_raw,64,64,activation_ls,16,65536,0,64,65600,6291520,3.4286063058035716,6291456
20,45,B4_per_expert_raw,128,128,projection,4,32768,2048,64,34880,6260800,3.411865234375,12582912
20,45,B4_per_expert_raw,128,128,projection,8,65536,2048,64,67648,6293568,3.429722377232143,12582912
20,45,B4_per_expert_raw,128,128,projection,16,131072,0,64,131136,6357056,3.464320591517857,12582912
20,45,B4_per_expert_raw,128,128,activation_ls,4,32768,2048,64,34880,6260800,3.411865234375,12582912
20,45,B4_per_expert_raw,128,128,activation_ls,8,65536,2048,64,67648,6293568,3.429722377232143,12582912
20,45,B4_per_expert_raw,128,128,activation_ls,16,131072,0,64,131136,6357056,3.464320591517857,12582912
20,45,B4_per_expert_raw,256,256,projection,4,65536,4096,64,69696,6295616,3.4308384486607144,25165824
20,45,B4_per_expert_raw,256,256,projection,8,131072,4096,64,135232,6361152,3.466552734375,25165824
20,45,B4_per_expert_raw,256,256,projection,16,262144,0,64,262208,6488128,3.5357491629464284,25165824
20,45,B4_per_expert_raw,256,256,activation_ls,4,65536,4096,64,69696,6295616,3.4308384486607144,25165824
20,45,B4_per_expert_raw,256,256,activation_ls,8,131072,4096,64,135232,6361152,3.466552734375,25165824
20,45,B4_per_expert_raw,256,256,activation_ls,16,262144,0,64,262208,6488128,3.5357491629464284,25165824
20,45,B4_per_expert_raw,512,512,projection,4,131072,8192,64,139328,6365248,3.468784877232143,50331648
20,45,B4_per_expert_raw,512,512,projection,8,262144,8192,64,270400,6496320,3.5402134486607144,50331648
20,45,B4_per_expert_raw,512,512,projection,16,524288,0,64,524352,6750272,3.6786063058035716,50331648
20,45,B4_per_expert_raw,512,512,activation_ls,4,131072,8192,64,139328,6365248,3.468784877232143,50331648
20,45,B4_per_expert_raw,512,512,activation_ls,8,262144,8192,64,270400,6496320,3.5402134486607144,50331648
20,45,B4_per_expert_raw,512,512,activation_ls,16,524288,0,64,524352,6750272,3.6786063058035716,50331648
20,46,B0_raw_shared,32,32,projection,4,8192,512,64,8768,6234688,3.3976353236607144,262144
20,46,B0_raw_shared,32,32,projection,8,16384,512,64,16960,6242880,3.402099609375,262144
20,46,B0_raw_shared,32,32,projection,16,32768,0,64,32832,6258752,3.4107491629464284,262144
20,46,B0_raw_shared,32,32,activation_ls,4,8192,512,64,8768,6234688,3.3976353236607144,262144
20,46,B0_raw_shared,32,32,activation_ls,8,16384,512,64,16960,6242880,3.402099609375,262144
20,46,B0_raw_shared,32,32,activation_ls,16,32768,0,64,32832,6258752,3.4107491629464284,262144
20,46,B0_raw_shared,64,64,projection,4,16384,1024,64,17472,6243392,3.402378627232143,524288
20,46,B0_raw_shared,64,64,projection,8,32768,1024,64,33856,6259776,3.4113071986607144,524288
20,46,B0_raw_shared,64,64,projection,16,65536,0,64,65600,6291520,3.4286063058035716,524288
20,46,B0_raw_shared,64,64,activation_ls,4,16384,1024,64,17472,6243392,3.402378627232143,524288
20,46,B0_raw_shared,64,64,activation_ls,8,32768,1024,64,33856,6259776,3.4113071986607144,524288
20,46,B0_raw_shared,64,64,activation_ls,16,65536,0,64,65600,6291520,3.4286063058035716,524288
20,46,B0_raw_shared,128,128,projection,4,32768,2048,64,34880,6260800,3.411865234375,1048576
20,46,B0_raw_shared,128,128,projection,8,65536,2048,64,67648,6293568,3.429722377232143,1048576
20,46,B0_raw_shared,128,128,projection,16,131072,0,64,131136,6357056,3.464320591517857,1048576
20,46,B0_raw_shared,128,128,activation_ls,4,32768,2048,64,34880,6260800,3.411865234375,1048576
20,46,B0_raw_shared,128,128,activation_ls,8,65536,2048,64,67648,6293568,3.429722377232143,1048576
20,46,B0_raw_shared,128,128,activation_ls,16,131072,0,64,131136,6357056,3.464320591517857,1048576
20,46,B0_raw_shared,256,256,projection,4,65536,4096,64,69696,6295616,3.4308384486607144,2097152
20,46,B0_raw_shared,256,256,projection,8,131072,4096,64,135232,6361152,3.466552734375,2097152
20,46,B0_raw_shared,256,256,projection,16,262144,0,64,262208,6488128,3.5357491629464284,2097152
20,46,B0_raw_shared,256,256,activation_ls,4,65536,4096,64,69696,6295616,3.4308384486607144,2097152
20,46,B0_raw_shared,256,256,activation_ls,8,131072,4096,64,135232,6361152,3.466552734375,2097152
20,46,B0_raw_shared,256,256,activation_ls,16,262144,0,64,262208,6488128,3.5357491629464284,2097152
20,46,B0_raw_shared,512,512,projection,4,131072,8192,64,139328,6365248,3.468784877232143,4194304
20,46,B0_raw_shared,512,512,projection,8,262144,8192,64,270400,6496320,3.5402134486607144,4194304
20,46,B0_raw_shared,512,512,projection,16,524288,0,64,524352,6750272,3.6786063058035716,4194304
20,46,B0_raw_shared,512,512,activation_ls,4,131072,8192,64,139328,6365248,3.468784877232143,4194304
20,46,B0_raw_shared,512,512,activation_ls,8,262144,8192,64,270400,6496320,3.5402134486607144,4194304
20,46,B0_raw_shared,512,512,activation_ls,16,524288,0,64,524352,6750272,3.6786063058035716,4194304
20,46,B1_action_shared,32,32,projection,4,8192,512,64,8768,6234688,3.3976353236607144,262144
20,46,B1_action_shared,32,32,projection,8,16384,512,64,16960,6242880,3.402099609375,262144
20,46,B1_action_shared,32,32,projection,16,32768,0,64,32832,6258752,3.4107491629464284,262144
20,46,B1_action_shared,32,32,activation_ls,4,8192,512,64,8768,6234688,3.3976353236607144,262144
20,46,B1_action_shared,32,32,activation_ls,8,16384,512,64,16960,6242880,3.402099609375,262144
20,46,B1_action_shared,32,32,activation_ls,16,32768,0,64,32832,6258752,3.4107491629464284,262144
20,46,B1_action_shared,64,64,projection,4,16384,1024,64,17472,6243392,3.402378627232143,524288
20,46,B1_action_shared,64,64,projection,8,32768,1024,64,33856,6259776,3.4113071986607144,524288
20,46,B1_action_shared,64,64,projection,16,65536,0,64,65600,6291520,3.4286063058035716,524288
20,46,B1_action_shared,64,64,activation_ls,4,16384,1024,64,17472,6243392,3.402378627232143,524288
20,46,B1_action_shared,64,64,activation_ls,8,32768,1024,64,33856,6259776,3.4113071986607144,524288
20,46,B1_action_shared,64,64,activation_ls,16,65536,0,64,65600,6291520,3.4286063058035716,524288
20,46,B1_action_shared,128,128,projection,4,32768,2048,64,34880,6260800,3.411865234375,1048576
20,46,B1_action_shared,128,128,projection,8,65536,2048,64,67648,6293568,3.429722377232143,1048576
20,46,B1_action_shared,128,128,projection,16,131072,0,64,131136,6357056,3.464320591517857,1048576
20,46,B1_action_shared,128,128,activation_ls,4,32768,2048,64,34880,6260800,3.411865234375,1048576
20,46,B1_action_shared,128,128,activation_ls,8,65536,2048,64,67648,6293568,3.429722377232143,1048576
20,46,B1_action_shared,128,128,activation_ls,16,131072,0,64,131136,6357056,3.464320591517857,1048576
20,46,B1_action_shared,256,256,projection,4,65536,4096,64,69696,6295616,3.4308384486607144,2097152
20,46,B1_action_shared,256,256,projection,8,131072,4096,64,135232,6361152,3.466552734375,2097152
20,46,B1_action_shared,256,256,projection,16,262144,0,64,262208,6488128,3.5357491629464284,2097152
20,46,B1_action_shared,256,256,activation_ls,4,65536,4096,64,69696,6295616,3.4308384486607144,2097152
20,46,B1_action_shared,256,256,activation_ls,8,131072,4096,64,135232,6361152,3.466552734375,2097152
20,46,B1_action_shared,256,256,activation_ls,16,262144,0,64,262208,6488128,3.5357491629464284,2097152
20,46,B1_action_shared,512,512,projection,4,131072,8192,64,139328,6365248,3.468784877232143,4194304
20,46,B1_action_shared,512,512,projection,8,262144,8192,64,270400,6496320,3.5402134486607144,4194304
20,46,B1_action_shared,512,512,projection,16,524288,0,64,524352,6750272,3.6786063058035716,4194304
20,46,B1_action_shared,512,512,activation_ls,4,131072,8192,64,139328,6365248,3.468784877232143,4194304
20,46,B1_action_shared,512,512,activation_ls,8,262144,8192,64,270400,6496320,3.5402134486607144,4194304
20,46,B1_action_shared,512,512,activation_ls,16,524288,0,64,524352,6750272,3.6786063058035716,4194304
20,46,B2_proxy_shared,32,32,projection,4,8192,512,64,8768,6234688,3.3976353236607144,262144
20,46,B2_proxy_shared,32,32,projection,8,16384,512,64,16960,6242880,3.402099609375,262144
20,46,B2_proxy_shared,32,32,projection,16,32768,0,64,32832,6258752,3.4107491629464284,262144
20,46,B2_proxy_shared,32,32,activation_ls,4,8192,512,64,8768,6234688,3.3976353236607144,262144
20,46,B2_proxy_shared,32,32,activation_ls,8,16384,512,64,16960,6242880,3.402099609375,262144
20,46,B2_proxy_shared,32,32,activation_ls,16,32768,0,64,32832,6258752,3.4107491629464284,262144
20,46,B2_proxy_shared,64,64,projection,4,16384,1024,64,17472,6243392,3.402378627232143,524288
20,46,B2_proxy_shared,64,64,projection,8,32768,1024,64,33856,6259776,3.4113071986607144,524288
20,46,B2_proxy_shared,64,64,projection,16,65536,0,64,65600,6291520,3.4286063058035716,524288
20,46,B2_proxy_shared,64,64,activation_ls,4,16384,1024,64,17472,6243392,3.402378627232143,524288
20,46,B2_proxy_shared,64,64,activation_ls,8,32768,1024,64,33856,6259776,3.4113071986607144,524288
20,46,B2_proxy_shared,64,64,activation_ls,16,65536,0,64,65600,6291520,3.4286063058035716,524288
20,46,B2_proxy_shared,128,128,projection,4,32768,2048,64,34880,6260800,3.411865234375,1048576
20,46,B2_proxy_shared,128,128,projection,8,65536,2048,64,67648,6293568,3.429722377232143,1048576
20,46,B2_proxy_shared,128,128,projection,16,131072,0,64,131136,6357056,3.464320591517857,1048576
20,46,B2_proxy_shared,128,128,activation_ls,4,32768,2048,64,34880,6260800,3.411865234375,1048576
20,46,B2_proxy_shared,128,128,activation_ls,8,65536,2048,64,67648,6293568,3.429722377232143,1048576
20,46,B2_proxy_shared,128,128,activation_ls,16,131072,0,64,131136,6357056,3.464320591517857,1048576
20,46,B2_proxy_shared,256,256,projection,4,65536,4096,64,69696,6295616,3.4308384486607144,2097152
20,46,B2_proxy_shared,256,256,projection,8,131072,4096,64,135232,6361152,3.466552734375,2097152
20,46,B2_proxy_shared,256,256,projection,16,262144,0,64,262208,6488128,3.5357491629464284,2097152
20,46,B2_proxy_shared,256,256,activation_ls,4,65536,4096,64,69696,6295616,3.4308384486607144,2097152
20,46,B2_proxy_shared,256,256,activation_ls,8,131072,4096,64,135232,6361152,3.466552734375,2097152
20,46,B2_proxy_shared,256,256,activation_ls,16,262144,0,64,262208,6488128,3.5357491629464284,2097152
20,46,B2_proxy_shared,512,512,projection,4,131072,8192,64,139328,6365248,3.468784877232143,4194304
20,46,B2_proxy_shared,512,512,projection,8,262144,8192,64,270400,6496320,3.5402134486607144,4194304
20,46,B2_proxy_shared,512,512,projection,16,524288,0,64,524352,6750272,3.6786063058035716,4194304
20,46,B2_proxy_shared,512,512,activation_ls,4,131072,8192,64,139328,6365248,3.468784877232143,4194304
20,46,B2_proxy_shared,512,512,activation_ls,8,262144,8192,64,270400,6496320,3.5402134486607144,4194304
20,46,B2_proxy_shared,512,512,activation_ls,16,524288,0,64,524352,6750272,3.6786063058035716,4194304
20,46,B3_action_cluster_4,32,18,projection,4,4608,288,64,4960,6230880,3.3955601283482144,589824
20,46,B3_action_cluster_4,32,18,projection,8,9216,288,64,9568,6235488,3.3980712890625,589824
20,46,B3_action_cluster_4,32,18,projection,16,18432,0,64,18496,6244416,3.4029366629464284,589824
20,46,B3_action_cluster_4,32,18,activation_ls,4,4608,288,64,4960,6230880,3.3955601283482144,589824
20,46,B3_action_cluster_4,32,18,activation_ls,8,9216,288,64,9568,6235488,3.3980712890625,589824
20,46,B3_action_cluster_4,32,18,activation_ls,16,18432,0,64,18496,6244416,3.4029366629464284,589824
20,46,B3_action_cluster_4,64,18,projection,4,4608,288,64,4960,6230880,3.3955601283482144,589824
20,46,B3_action_cluster_4,64,18,projection,8,9216,288,64,9568,6235488,3.3980712890625,589824
20,46,B3_action_cluster_4,64,18,projection,16,18432,0,64,18496,6244416,3.4029366629464284,589824
20,46,B3_action_cluster_4,64,18,activation_ls,4,4608,288,64,4960,6230880,3.3955601283482144,589824
20,46,B3_action_cluster_4,64,18,activation_ls,8,9216,288,64,9568,6235488,3.3980712890625,589824
20,46,B3_action_cluster_4,64,18,activation_ls,16,18432,0,64,18496,6244416,3.4029366629464284,589824
20,46,B3_action_cluster_4,128,18,projection,4,4608,288,64,4960,6230880,3.3955601283482144,589824
20,46,B3_action_cluster_4,128,18,projection,8,9216,288,64,9568,6235488,3.3980712890625,589824
20,46,B3_action_cluster_4,128,18,projection,16,18432,0,64,18496,6244416,3.4029366629464284,589824
20,46,B3_action_cluster_4,128,18,activation_ls,4,4608,288,64,4960,6230880,3.3955601283482144,589824
20,46,B3_action_cluster_4,128,18,activation_ls,8,9216,288,64,9568,6235488,3.3980712890625,589824
20,46,B3_action_cluster_4,128,18,activation_ls,16,18432,0,64,18496,6244416,3.4029366629464284,589824
20,46,B3_action_cluster_4,256,18,projection,4,4608,288,64,4960,6230880,3.3955601283482144,589824
20,46,B3_action_cluster_4,256,18,projection,8,9216,288,64,9568,6235488,3.3980712890625,589824
20,46,B3_action_cluster_4,256,18,projection,16,18432,0,64,18496,6244416,3.4029366629464284,589824
20,46,B3_action_cluster_4,256,18,activation_ls,4,4608,288,64,4960,6230880,3.3955601283482144,589824
20,46,B3_action_cluster_4,256,18,activation_ls,8,9216,288,64,9568,6235488,3.3980712890625,589824
20,46,B3_action_cluster_4,256,18,activation_ls,16,18432,0,64,18496,6244416,3.4029366629464284,589824
20,46,B3_action_cluster_4,512,18,projection,4,4608,288,64,4960,6230880,3.3955601283482144,589824
20,46,B3_action_cluster_4,512,18,projection,8,9216,288,64,9568,6235488,3.3980712890625,589824
20,46,B3_action_cluster_4,512,18,projection,16,18432,0,64,18496,6244416,3.4029366629464284,589824
20,46,B3_action_cluster_4,512,18,activation_ls,4,4608,288,64,4960,6230880,3.3955601283482144,589824
20,46,B3_action_cluster_4,512,18,activation_ls,8,9216,288,64,9568,6235488,3.3980712890625,589824
20,46,B3_action_cluster_4,512,18,activation_ls,16,18432,0,64,18496,6244416,3.4029366629464284,589824
20,46,B3_action_cluster_8,32,1,projection,4,256,16,64,336,6226256,3.393040248325893,65536
20,46,B3_action_cluster_8,32,1,projection,8,512,16,64,592,6226512,3.3931797572544644,65536
20,46,B3_action_cluster_8,32,1,projection,16,1024,0,64,1088,6227008,3.3934500558035716,65536
20,46,B3_action_cluster_8,32,1,activation_ls,4,256,16,64,336,6226256,3.393040248325893,65536
20,46,B3_action_cluster_8,32,1,activation_ls,8,512,16,64,592,6226512,3.3931797572544644,65536
20,46,B3_action_cluster_8,32,1,activation_ls,16,1024,0,64,1088,6227008,3.3934500558035716,65536
20,46,B3_action_cluster_8,64,1,projection,4,256,16,64,336,6226256,3.393040248325893,65536
20,46,B3_action_cluster_8,64,1,projection,8,512,16,64,592,6226512,3.3931797572544644,65536
20,46,B3_action_cluster_8,64,1,projection,16,1024,0,64,1088,6227008,3.3934500558035716,65536
20,46,B3_action_cluster_8,64,1,activation_ls,4,256,16,64,336,6226256,3.393040248325893,65536
20,46,B3_action_cluster_8,64,1,activation_ls,8,512,16,64,592,6226512,3.3931797572544644,65536
20,46,B3_action_cluster_8,64,1,activation_ls,16,1024,0,64,1088,6227008,3.3934500558035716,65536
20,46,B3_action_cluster_8,128,1,projection,4,256,16,64,336,6226256,3.393040248325893,65536
20,46,B3_action_cluster_8,128,1,projection,8,512,16,64,592,6226512,3.3931797572544644,65536
20,46,B3_action_cluster_8,128,1,projection,16,1024,0,64,1088,6227008,3.3934500558035716,65536
20,46,B3_action_cluster_8,128,1,activation_ls,4,256,16,64,336,6226256,3.393040248325893,65536
20,46,B3_action_cluster_8,128,1,activation_ls,8,512,16,64,592,6226512,3.3931797572544644,65536
20,46,B3_action_cluster_8,128,1,activation_ls,16,1024,0,64,1088,6227008,3.3934500558035716,65536
20,46,B3_action_cluster_8,256,1,projection,4,256,16,64,336,6226256,3.393040248325893,65536
20,46,B3_action_cluster_8,256,1,projection,8,512,16,64,592,6226512,3.3931797572544644,65536
20,46,B3_action_cluster_8,256,1,projection,16,1024,0,64,1088,6227008,3.3934500558035716,65536
20,46,B3_action_cluster_8,256,1,activation_ls,4,256,16,64,336,6226256,3.393040248325893,65536
20,46,B3_action_cluster_8,256,1,activation_ls,8,512,16,64,592,6226512,3.3931797572544644,65536
20,46,B3_action_cluster_8,256,1,activation_ls,16,1024,0,64,1088,6227008,3.3934500558035716,65536
20,46,B3_action_cluster_8,512,1,projection,4,256,16,64,336,6226256,3.393040248325893,65536
20,46,B3_action_cluster_8,512,1,projection,8,512,16,64,592,6226512,3.3931797572544644,65536
20,46,B3_action_cluster_8,512,1,projection,16,1024,0,64,1088,6227008,3.3934500558035716,65536
20,46,B3_action_cluster_8,512,1,activation_ls,4,256,16,64,336,6226256,3.393040248325893,65536
20,46,B3_action_cluster_8,512,1,activation_ls,8,512,16,64,592,6226512,3.3931797572544644,65536
20,46,B3_action_cluster_8,512,1,activation_ls,16,1024,0,64,1088,6227008,3.3934500558035716,65536
20,46,B4_per_expert_raw,32,32,projection,4,8192,512,64,8768,6234688,3.3976353236607144,3145728
20,46,B4_per_expert_raw,32,32,projection,8,16384,512,64,16960,6242880,3.402099609375,3145728
20,46,B4_per_expert_raw,32,32,projection,16,32768,0,64,32832,6258752,3.4107491629464284,3145728
20,46,B4_per_expert_raw,32,32,activation_ls,4,8192,512,64,8768,6234688,3.3976353236607144,3145728
20,46,B4_per_expert_raw,32,32,activation_ls,8,16384,512,64,16960,6242880,3.402099609375,3145728
20,46,B4_per_expert_raw,32,32,activation_ls,16,32768,0,64,32832,6258752,3.4107491629464284,3145728
20,46,B4_per_expert_raw,64,64,projection,4,16384,1024,64,17472,6243392,3.402378627232143,6291456
20,46,B4_per_expert_raw,64,64,projection,8,32768,1024,64,33856,6259776,3.4113071986607144,6291456
20,46,B4_per_expert_raw,64,64,projection,16,65536,0,64,65600,6291520,3.4286063058035716,6291456
20,46,B4_per_expert_raw,64,64,activation_ls,4,16384,1024,64,17472,6243392,3.402378627232143,6291456
20,46,B4_per_expert_raw,64,64,activation_ls,8,32768,1024,64,33856,6259776,3.4113071986607144,6291456
20,46,B4_per_expert_raw,64,64,activation_ls,16,65536,0,64,65600,6291520,3.4286063058035716,6291456
20,46,B4_per_expert_raw,128,128,projection,4,32768,2048,64,34880,6260800,3.411865234375,12582912
20,46,B4_per_expert_raw,128,128,projection,8,65536,2048,64,67648,6293568,3.429722377232143,12582912
20,46,B4_per_expert_raw,128,128,projection,16,131072,0,64,131136,6357056,3.464320591517857,12582912
20,46,B4_per_expert_raw,128,128,activation_ls,4,32768,2048,64,34880,6260800,3.411865234375,12582912
20,46,B4_per_expert_raw,128,128,activation_ls,8,65536,2048,64,67648,6293568,3.429722377232143,12582912
20,46,B4_per_expert_raw,128,128,activation_ls,16,131072,0,64,131136,6357056,3.464320591517857,12582912
20,46,B4_per_expert_raw,256,256,projection,4,65536,4096,64,69696,6295616,3.4308384486607144,25165824
20,46,B4_per_expert_raw,256,256,projection,8,131072,4096,64,135232,6361152,3.466552734375,25165824
20,46,B4_per_expert_raw,256,256,projection,16,262144,0,64,262208,6488128,3.5357491629464284,25165824
20,46,B4_per_expert_raw,256,256,activation_ls,4,65536,4096,64,69696,6295616,3.4308384486607144,25165824
20,46,B4_per_expert_raw,256,256,activation_ls,8,131072,4096,64,135232,6361152,3.466552734375,25165824
20,46,B4_per_expert_raw,256,256,activation_ls,16,262144,0,64,262208,6488128,3.5357491629464284,25165824
20,46,B4_per_expert_raw,512,512,projection,4,131072,8192,64,139328,6365248,3.468784877232143,50331648
20,46,B4_per_expert_raw,512,512,projection,8,262144,8192,64,270400,6496320,3.5402134486607144,50331648
20,46,B4_per_expert_raw,512,512,projection,16,524288,0,64,524352,6750272,3.6786063058035716,50331648
20,46,B4_per_expert_raw,512,512,activation_ls,4,131072,8192,64,139328,6365248,3.468784877232143,50331648
20,46,B4_per_expert_raw,512,512,activation_ls,8,262144,8192,64,270400,6496320,3.5402134486607144,50331648
20,46,B4_per_expert_raw,512,512,activation_ls,16,524288,0,64,524352,6750272,3.6786063058035716,50331648
20,54,B0_raw_shared,32,32,projection,4,8192,512,64,8768,6234688,3.3976353236607144,262144
20,54,B0_raw_shared,32,32,projection,8,16384,512,64,16960,6242880,3.402099609375,262144
20,54,B0_raw_shared,32,32,projection,16,32768,0,64,32832,6258752,3.4107491629464284,262144
20,54,B0_raw_shared,32,32,activation_ls,4,8192,512,64,8768,6234688,3.3976353236607144,262144
20,54,B0_raw_shared,32,32,activation_ls,8,16384,512,64,16960,6242880,3.402099609375,262144
20,54,B0_raw_shared,32,32,activation_ls,16,32768,0,64,32832,6258752,3.4107491629464284,262144
20,54,B0_raw_shared,64,64,projection,4,16384,1024,64,17472,6243392,3.402378627232143,524288
20,54,B0_raw_shared,64,64,projection,8,32768,1024,64,33856,6259776,3.4113071986607144,524288
20,54,B0_raw_shared,64,64,projection,16,65536,0,64,65600,6291520,3.4286063058035716,524288
20,54,B0_raw_shared,64,64,activation_ls,4,16384,1024,64,17472,6243392,3.402378627232143,524288
20,54,B0_raw_shared,64,64,activation_ls,8,32768,1024,64,33856,6259776,3.4113071986607144,524288
20,54,B0_raw_shared,64,64,activation_ls,16,65536,0,64,65600,6291520,3.4286063058035716,524288
20,54,B0_raw_shared,128,128,projection,4,32768,2048,64,34880,6260800,3.411865234375,1048576
20,54,B0_raw_shared,128,128,projection,8,65536,2048,64,67648,6293568,3.429722377232143,1048576
20,54,B0_raw_shared,128,128,projection,16,131072,0,64,131136,6357056,3.464320591517857,1048576
20,54,B0_raw_shared,128,128,activation_ls,4,32768,2048,64,34880,6260800,3.411865234375,1048576
20,54,B0_raw_shared,128,128,activation_ls,8,65536,2048,64,67648,6293568,3.429722377232143,1048576
20,54,B0_raw_shared,128,128,activation_ls,16,131072,0,64,131136,6357056,3.464320591517857,1048576
20,54,B0_raw_shared,256,256,projection,4,65536,4096,64,69696,6295616,3.4308384486607144,2097152
20,54,B0_raw_shared,256,256,projection,8,131072,4096,64,135232,6361152,3.466552734375,2097152
20,54,B0_raw_shared,256,256,projection,16,262144,0,64,262208,6488128,3.5357491629464284,2097152
20,54,B0_raw_shared,256,256,activation_ls,4,65536,4096,64,69696,6295616,3.4308384486607144,2097152
20,54,B0_raw_shared,256,256,activation_ls,8,131072,4096,64,135232,6361152,3.466552734375,2097152
20,54,B0_raw_shared,256,256,activation_ls,16,262144,0,64,262208,6488128,3.5357491629464284,2097152
20,54,B0_raw_shared,512,512,projection,4,131072,8192,64,139328,6365248,3.468784877232143,4194304
20,54,B0_raw_shared,512,512,projection,8,262144,8192,64,270400,6496320,3.5402134486607144,4194304
20,54,B0_raw_shared,512,512,projection,16,524288,0,64,524352,6750272,3.6786063058035716,4194304
20,54,B0_raw_shared,512,512,activation_ls,4,131072,8192,64,139328,6365248,3.468784877232143,4194304
20,54,B0_raw_shared,512,512,activation_ls,8,262144,8192,64,270400,6496320,3.5402134486607144,4194304
20,54,B0_raw_shared,512,512,activation_ls,16,524288,0,64,524352,6750272,3.6786063058035716,4194304
20,54,B1_action_shared,32,32,projection,4,8192,512,64,8768,6234688,3.3976353236607144,262144
20,54,B1_action_shared,32,32,projection,8,16384,512,64,16960,6242880,3.402099609375,262144
20,54,B1_action_shared,32,32,projection,16,32768,0,64,32832,6258752,3.4107491629464284,262144
20,54,B1_action_shared,32,32,activation_ls,4,8192,512,64,8768,6234688,3.3976353236607144,262144
20,54,B1_action_shared,32,32,activation_ls,8,16384,512,64,16960,6242880,3.402099609375,262144
20,54,B1_action_shared,32,32,activation_ls,16,32768,0,64,32832,6258752,3.4107491629464284,262144
20,54,B1_action_shared,64,64,projection,4,16384,1024,64,17472,6243392,3.402378627232143,524288
20,54,B1_action_shared,64,64,projection,8,32768,1024,64,33856,6259776,3.4113071986607144,524288
20,54,B1_action_shared,64,64,projection,16,65536,0,64,65600,6291520,3.4286063058035716,524288
20,54,B1_action_shared,64,64,activation_ls,4,16384,1024,64,17472,6243392,3.402378627232143,524288
20,54,B1_action_shared,64,64,activation_ls,8,32768,1024,64,33856,6259776,3.4113071986607144,524288
20,54,B1_action_shared,64,64,activation_ls,16,65536,0,64,65600,6291520,3.4286063058035716,524288
20,54,B1_action_shared,128,128,projection,4,32768,2048,64,34880,6260800,3.411865234375,1048576
20,54,B1_action_shared,128,128,projection,8,65536,2048,64,67648,6293568,3.429722377232143,1048576
20,54,B1_action_shared,128,128,projection,16,131072,0,64,131136,6357056,3.464320591517857,1048576
20,54,B1_action_shared,128,128,activation_ls,4,32768,2048,64,34880,6260800,3.411865234375,1048576
20,54,B1_action_shared,128,128,activation_ls,8,65536,2048,64,67648,6293568,3.429722377232143,1048576
20,54,B1_action_shared,128,128,activation_ls,16,131072,0,64,131136,6357056,3.464320591517857,1048576
20,54,B1_action_shared,256,256,projection,4,65536,4096,64,69696,6295616,3.4308384486607144,2097152
20,54,B1_action_shared,256,256,projection,8,131072,4096,64,135232,6361152,3.466552734375,2097152
20,54,B1_action_shared,256,256,projection,16,262144,0,64,262208,6488128,3.5357491629464284,2097152
20,54,B1_action_shared,256,256,activation_ls,4,65536,4096,64,69696,6295616,3.4308384486607144,2097152
20,54,B1_action_shared,256,256,activation_ls,8,131072,4096,64,135232,6361152,3.466552734375,2097152
20,54,B1_action_shared,256,256,activation_ls,16,262144,0,64,262208,6488128,3.5357491629464284,2097152
20,54,B1_action_shared,512,512,projection,4,131072,8192,64,139328,6365248,3.468784877232143,4194304
20,54,B1_action_shared,512,512,projection,8,262144,8192,64,270400,6496320,3.5402134486607144,4194304
20,54,B1_action_shared,512,512,projection,16,524288,0,64,524352,6750272,3.6786063058035716,4194304
20,54,B1_action_shared,512,512,activation_ls,4,131072,8192,64,139328,6365248,3.468784877232143,4194304
20,54,B1_action_shared,512,512,activation_ls,8,262144,8192,64,270400,6496320,3.5402134486607144,4194304
20,54,B1_action_shared,512,512,activation_ls,16,524288,0,64,524352,6750272,3.6786063058035716,4194304
20,54,B2_proxy_shared,32,32,projection,4,8192,512,64,8768,6234688,3.3976353236607144,262144
20,54,B2_proxy_shared,32,32,projection,8,16384,512,64,16960,6242880,3.402099609375,262144
20,54,B2_proxy_shared,32,32,projection,16,32768,0,64,32832,6258752,3.4107491629464284,262144
20,54,B2_proxy_shared,32,32,activation_ls,4,8192,512,64,8768,6234688,3.3976353236607144,262144
20,54,B2_proxy_shared,32,32,activation_ls,8,16384,512,64,16960,6242880,3.402099609375,262144
20,54,B2_proxy_shared,32,32,activation_ls,16,32768,0,64,32832,6258752,3.4107491629464284,262144
20,54,B2_proxy_shared,64,64,projection,4,16384,1024,64,17472,6243392,3.402378627232143,524288
20,54,B2_proxy_shared,64,64,projection,8,32768,1024,64,33856,6259776,3.4113071986607144,524288
20,54,B2_proxy_shared,64,64,projection,16,65536,0,64,65600,6291520,3.4286063058035716,524288
20,54,B2_proxy_shared,64,64,activation_ls,4,16384,1024,64,17472,6243392,3.402378627232143,524288
20,54,B2_proxy_shared,64,64,activation_ls,8,32768,1024,64,33856,6259776,3.4113071986607144,524288
20,54,B2_proxy_shared,64,64,activation_ls,16,65536,0,64,65600,6291520,3.4286063058035716,524288
20,54,B2_proxy_shared,128,128,projection,4,32768,2048,64,34880,6260800,3.411865234375,1048576
20,54,B2_proxy_shared,128,128,projection,8,65536,2048,64,67648,6293568,3.429722377232143,1048576
20,54,B2_proxy_shared,128,128,projection,16,131072,0,64,131136,6357056,3.464320591517857,1048576
20,54,B2_proxy_shared,128,128,activation_ls,4,32768,2048,64,34880,6260800,3.411865234375,1048576
20,54,B2_proxy_shared,128,128,activation_ls,8,65536,2048,64,67648,6293568,3.429722377232143,1048576
20,54,B2_proxy_shared,128,128,activation_ls,16,131072,0,64,131136,6357056,3.464320591517857,1048576
20,54,B2_proxy_shared,256,256,projection,4,65536,4096,64,69696,6295616,3.4308384486607144,2097152
20,54,B2_proxy_shared,256,256,projection,8,131072,4096,64,135232,6361152,3.466552734375,2097152
20,54,B2_proxy_shared,256,256,projection,16,262144,0,64,262208,6488128,3.5357491629464284,2097152
20,54,B2_proxy_shared,256,256,activation_ls,4,65536,4096,64,69696,6295616,3.4308384486607144,2097152
20,54,B2_proxy_shared,256,256,activation_ls,8,131072,4096,64,135232,6361152,3.466552734375,2097152
20,54,B2_proxy_shared,256,256,activation_ls,16,262144,0,64,262208,6488128,3.5357491629464284,2097152
20,54,B2_proxy_shared,512,512,projection,4,131072,8192,64,139328,6365248,3.468784877232143,4194304
20,54,B2_proxy_shared,512,512,projection,8,262144,8192,64,270400,6496320,3.5402134486607144,4194304
20,54,B2_proxy_shared,512,512,projection,16,524288,0,64,524352,6750272,3.6786063058035716,4194304
20,54,B2_proxy_shared,512,512,activation_ls,4,131072,8192,64,139328,6365248,3.468784877232143,4194304
20,54,B2_proxy_shared,512,512,activation_ls,8,262144,8192,64,270400,6496320,3.5402134486607144,4194304
20,54,B2_proxy_shared,512,512,activation_ls,16,524288,0,64,524352,6750272,3.6786063058035716,4194304
20,54,B3_action_cluster_4,32,19,projection,4,4864,304,64,5232,6231152,3.3957083565848216,622592
20,54,B3_action_cluster_4,32,19,projection,8,9728,304,64,10096,6236016,3.3983590262276784,622592
20,54,B3_action_cluster_4,32,19,projection,16,19456,0,64,19520,6245440,3.4034946986607144,622592
20,54,B3_action_cluster_4,32,19,activation_ls,4,4864,304,64,5232,6231152,3.3957083565848216,622592
20,54,B3_action_cluster_4,32,19,activation_ls,8,9728,304,64,10096,6236016,3.3983590262276784,622592
20,54,B3_action_cluster_4,32,19,activation_ls,16,19456,0,64,19520,6245440,3.4034946986607144,622592
20,54,B3_action_cluster_4,64,19,projection,4,4864,304,64,5232,6231152,3.3957083565848216,622592
20,54,B3_action_cluster_4,64,19,projection,8,9728,304,64,10096,6236016,3.3983590262276784,622592
20,54,B3_action_cluster_4,64,19,projection,16,19456,0,64,19520,6245440,3.4034946986607144,622592
20,54,B3_action_cluster_4,64,19,activation_ls,4,4864,304,64,5232,6231152,3.3957083565848216,622592
20,54,B3_action_cluster_4,64,19,activation_ls,8,9728,304,64,10096,6236016,3.3983590262276784,622592
20,54,B3_action_cluster_4,64,19,activation_ls,16,19456,0,64,19520,6245440,3.4034946986607144,622592
20,54,B3_action_cluster_4,128,19,projection,4,4864,304,64,5232,6231152,3.3957083565848216,622592
20,54,B3_action_cluster_4,128,19,projection,8,9728,304,64,10096,6236016,3.3983590262276784,622592
20,54,B3_action_cluster_4,128,19,projection,16,19456,0,64,19520,6245440,3.4034946986607144,622592
20,54,B3_action_cluster_4,128,19,activation_ls,4,4864,304,64,5232,6231152,3.3957083565848216,622592
20,54,B3_action_cluster_4,128,19,activation_ls,8,9728,304,64,10096,6236016,3.3983590262276784,622592
20,54,B3_action_cluster_4,128,19,activation_ls,16,19456,0,64,19520,6245440,3.4034946986607144,622592
20,54,B3_action_cluster_4,256,19,projection,4,4864,304,64,5232,6231152,3.3957083565848216,622592
20,54,B3_action_cluster_4,256,19,projection,8,9728,304,64,10096,6236016,3.3983590262276784,622592
20,54,B3_action_cluster_4,256,19,projection,16,19456,0,64,19520,6245440,3.4034946986607144,622592
20,54,B3_action_cluster_4,256,19,activation_ls,4,4864,304,64,5232,6231152,3.3957083565848216,622592
20,54,B3_action_cluster_4,256,19,activation_ls,8,9728,304,64,10096,6236016,3.3983590262276784,622592
20,54,B3_action_cluster_4,256,19,activation_ls,16,19456,0,64,19520,6245440,3.4034946986607144,622592
20,54,B3_action_cluster_4,512,19,projection,4,4864,304,64,5232,6231152,3.3957083565848216,622592
20,54,B3_action_cluster_4,512,19,projection,8,9728,304,64,10096,6236016,3.3983590262276784,622592
20,54,B3_action_cluster_4,512,19,projection,16,19456,0,64,19520,6245440,3.4034946986607144,622592
20,54,B3_action_cluster_4,512,19,activation_ls,4,4864,304,64,5232,6231152,3.3957083565848216,622592
20,54,B3_action_cluster_4,512,19,activation_ls,8,9728,304,64,10096,6236016,3.3983590262276784,622592
20,54,B3_action_cluster_4,512,19,activation_ls,16,19456,0,64,19520,6245440,3.4034946986607144,622592
20,54,B3_action_cluster_8,32,1,projection,4,256,16,64,336,6226256,3.393040248325893,65536
20,54,B3_action_cluster_8,32,1,projection,8,512,16,64,592,6226512,3.3931797572544644,65536
20,54,B3_action_cluster_8,32,1,projection,16,1024,0,64,1088,6227008,3.3934500558035716,65536
20,54,B3_action_cluster_8,32,1,activation_ls,4,256,16,64,336,6226256,3.393040248325893,65536
20,54,B3_action_cluster_8,32,1,activation_ls,8,512,16,64,592,6226512,3.3931797572544644,65536
20,54,B3_action_cluster_8,32,1,activation_ls,16,1024,0,64,1088,6227008,3.3934500558035716,65536
20,54,B3_action_cluster_8,64,1,projection,4,256,16,64,336,6226256,3.393040248325893,65536
20,54,B3_action_cluster_8,64,1,projection,8,512,16,64,592,6226512,3.3931797572544644,65536
20,54,B3_action_cluster_8,64,1,projection,16,1024,0,64,1088,6227008,3.3934500558035716,65536
20,54,B3_action_cluster_8,64,1,activation_ls,4,256,16,64,336,6226256,3.393040248325893,65536
20,54,B3_action_cluster_8,64,1,activation_ls,8,512,16,64,592,6226512,3.3931797572544644,65536
20,54,B3_action_cluster_8,64,1,activation_ls,16,1024,0,64,1088,6227008,3.3934500558035716,65536
20,54,B3_action_cluster_8,128,1,projection,4,256,16,64,336,6226256,3.393040248325893,65536
20,54,B3_action_cluster_8,128,1,projection,8,512,16,64,592,6226512,3.3931797572544644,65536
20,54,B3_action_cluster_8,128,1,projection,16,1024,0,64,1088,6227008,3.3934500558035716,65536
20,54,B3_action_cluster_8,128,1,activation_ls,4,256,16,64,336,6226256,3.393040248325893,65536
20,54,B3_action_cluster_8,128,1,activation_ls,8,512,16,64,592,6226512,3.3931797572544644,65536
20,54,B3_action_cluster_8,128,1,activation_ls,16,1024,0,64,1088,6227008,3.3934500558035716,65536
20,54,B3_action_cluster_8,256,1,projection,4,256,16,64,336,6226256,3.393040248325893,65536
20,54,B3_action_cluster_8,256,1,projection,8,512,16,64,592,6226512,3.3931797572544644,65536
20,54,B3_action_cluster_8,256,1,projection,16,1024,0,64,1088,6227008,3.3934500558035716,65536
20,54,B3_action_cluster_8,256,1,activation_ls,4,256,16,64,336,6226256,3.393040248325893,65536
20,54,B3_action_cluster_8,256,1,activation_ls,8,512,16,64,592,6226512,3.3931797572544644,65536
20,54,B3_action_cluster_8,256,1,activation_ls,16,1024,0,64,1088,6227008,3.3934500558035716,65536
20,54,B3_action_cluster_8,512,1,projection,4,256,16,64,336,6226256,3.393040248325893,65536
20,54,B3_action_cluster_8,512,1,projection,8,512,16,64,592,6226512,3.3931797572544644,65536
20,54,B3_action_cluster_8,512,1,projection,16,1024,0,64,1088,6227008,3.3934500558035716,65536
20,54,B3_action_cluster_8,512,1,activation_ls,4,256,16,64,336,6226256,3.393040248325893,65536
20,54,B3_action_cluster_8,512,1,activation_ls,8,512,16,64,592,6226512,3.3931797572544644,65536
20,54,B3_action_cluster_8,512,1,activation_ls,16,1024,0,64,1088,6227008,3.3934500558035716,65536
20,54,B4_per_expert_raw,32,32,projection,4,8192,512,64,8768,6234688,3.3976353236607144,3145728
20,54,B4_per_expert_raw,32,32,projection,8,16384,512,64,16960,6242880,3.402099609375,3145728
20,54,B4_per_expert_raw,32,32,projection,16,32768,0,64,32832,6258752,3.4107491629464284,3145728
20,54,B4_per_expert_raw,32,32,activation_ls,4,8192,512,64,8768,6234688,3.3976353236607144,3145728
20,54,B4_per_expert_raw,32,32,activation_ls,8,16384,512,64,16960,6242880,3.402099609375,3145728
20,54,B4_per_expert_raw,32,32,activation_ls,16,32768,0,64,32832,6258752,3.4107491629464284,3145728
20,54,B4_per_expert_raw,64,64,projection,4,16384,1024,64,17472,6243392,3.402378627232143,6291456
20,54,B4_per_expert_raw,64,64,projection,8,32768,1024,64,33856,6259776,3.4113071986607144,6291456
20,54,B4_per_expert_raw,64,64,projection,16,65536,0,64,65600,6291520,3.4286063058035716,6291456
20,54,B4_per_expert_raw,64,64,activation_ls,4,16384,1024,64,17472,6243392,3.402378627232143,6291456
20,54,B4_per_expert_raw,64,64,activation_ls,8,32768,1024,64,33856,6259776,3.4113071986607144,6291456
20,54,B4_per_expert_raw,64,64,activation_ls,16,65536,0,64,65600,6291520,3.4286063058035716,6291456
20,54,B4_per_expert_raw,128,128,projection,4,32768,2048,64,34880,6260800,3.411865234375,12582912
20,54,B4_per_expert_raw,128,128,projection,8,65536,2048,64,67648,6293568,3.429722377232143,12582912
20,54,B4_per_expert_raw,128,128,projection,16,131072,0,64,131136,6357056,3.464320591517857,12582912
20,54,B4_per_expert_raw,128,128,activation_ls,4,32768,2048,64,34880,6260800,3.411865234375,12582912
20,54,B4_per_expert_raw,128,128,activation_ls,8,65536,2048,64,67648,6293568,3.429722377232143,12582912
20,54,B4_per_expert_raw,128,128,activation_ls,16,131072,0,64,131136,6357056,3.464320591517857,12582912
20,54,B4_per_expert_raw,256,256,projection,4,65536,4096,64,69696,6295616,3.4308384486607144,25165824
20,54,B4_per_expert_raw,256,256,projection,8,131072,4096,64,135232,6361152,3.466552734375,25165824
20,54,B4_per_expert_raw,256,256,projection,16,262144,0,64,262208,6488128,3.5357491629464284,25165824
20,54,B4_per_expert_raw,256,256,activation_ls,4,65536,4096,64,69696,6295616,3.4308384486607144,25165824
20,54,B4_per_expert_raw,256,256,activation_ls,8,131072,4096,64,135232,6361152,3.466552734375,25165824
20,54,B4_per_expert_raw,256,256,activation_ls,16,262144,0,64,262208,6488128,3.5357491629464284,25165824
20,54,B4_per_expert_raw,512,512,projection,4,131072,8192,64,139328,6365248,3.468784877232143,50331648
20,54,B4_per_expert_raw,512,512,projection,8,262144,8192,64,270400,6496320,3.5402134486607144,50331648
20,54,B4_per_expert_raw,512,512,projection,16,524288,0,64,524352,6750272,3.6786063058035716,50331648
20,54,B4_per_expert_raw,512,512,activation_ls,4,131072,8192,64,139328,6365248,3.468784877232143,50331648
20,54,B4_per_expert_raw,512,512,activation_ls,8,262144,8192,64,270400,6496320,3.5402134486607144,50331648
20,54,B4_per_expert_raw,512,512,activation_ls,16,524288,0,64,524352,6750272,3.6786063058035716,50331648
20,72,B0_raw_shared,32,32,projection,4,8192,512,64,8768,6234688,3.3976353236607144,262144
20,72,B0_raw_shared,32,32,projection,8,16384,512,64,16960,6242880,3.402099609375,262144
20,72,B0_raw_shared,32,32,projection,16,32768,0,64,32832,6258752,3.4107491629464284,262144
20,72,B0_raw_shared,32,32,activation_ls,4,8192,512,64,8768,6234688,3.3976353236607144,262144
20,72,B0_raw_shared,32,32,activation_ls,8,16384,512,64,16960,6242880,3.402099609375,262144
20,72,B0_raw_shared,32,32,activation_ls,16,32768,0,64,32832,6258752,3.4107491629464284,262144
20,72,B0_raw_shared,64,64,projection,4,16384,1024,64,17472,6243392,3.402378627232143,524288
20,72,B0_raw_shared,64,64,projection,8,32768,1024,64,33856,6259776,3.4113071986607144,524288
20,72,B0_raw_shared,64,64,projection,16,65536,0,64,65600,6291520,3.4286063058035716,524288
20,72,B0_raw_shared,64,64,activation_ls,4,16384,1024,64,17472,6243392,3.402378627232143,524288
20,72,B0_raw_shared,64,64,activation_ls,8,32768,1024,64,33856,6259776,3.4113071986607144,524288
20,72,B0_raw_shared,64,64,activation_ls,16,65536,0,64,65600,6291520,3.4286063058035716,524288
20,72,B0_raw_shared,128,128,projection,4,32768,2048,64,34880,6260800,3.411865234375,1048576
20,72,B0_raw_shared,128,128,projection,8,65536,2048,64,67648,6293568,3.429722377232143,1048576
20,72,B0_raw_shared,128,128,projection,16,131072,0,64,131136,6357056,3.464320591517857,1048576
20,72,B0_raw_shared,128,128,activation_ls,4,32768,2048,64,34880,6260800,3.411865234375,1048576
20,72,B0_raw_shared,128,128,activation_ls,8,65536,2048,64,67648,6293568,3.429722377232143,1048576
20,72,B0_raw_shared,128,128,activation_ls,16,131072,0,64,131136,6357056,3.464320591517857,1048576
20,72,B0_raw_shared,256,256,projection,4,65536,4096,64,69696,6295616,3.4308384486607144,2097152
20,72,B0_raw_shared,256,256,projection,8,131072,4096,64,135232,6361152,3.466552734375,2097152
20,72,B0_raw_shared,256,256,projection,16,262144,0,64,262208,6488128,3.5357491629464284,2097152
20,72,B0_raw_shared,256,256,activation_ls,4,65536,4096,64,69696,6295616,3.4308384486607144,2097152
20,72,B0_raw_shared,256,256,activation_ls,8,131072,4096,64,135232,6361152,3.466552734375,2097152
20,72,B0_raw_shared,256,256,activation_ls,16,262144,0,64,262208,6488128,3.5357491629464284,2097152
20,72,B0_raw_shared,512,512,projection,4,131072,8192,64,139328,6365248,3.468784877232143,4194304
20,72,B0_raw_shared,512,512,projection,8,262144,8192,64,270400,6496320,3.5402134486607144,4194304
20,72,B0_raw_shared,512,512,projection,16,524288,0,64,524352,6750272,3.6786063058035716,4194304
20,72,B0_raw_shared,512,512,activation_ls,4,131072,8192,64,139328,6365248,3.468784877232143,4194304
20,72,B0_raw_shared,512,512,activation_ls,8,262144,8192,64,270400,6496320,3.5402134486607144,4194304
20,72,B0_raw_shared,512,512,activation_ls,16,524288,0,64,524352,6750272,3.6786063058035716,4194304
20,72,B1_action_shared,32,32,projection,4,8192,512,64,8768,6234688,3.3976353236607144,262144
20,72,B1_action_shared,32,32,projection,8,16384,512,64,16960,6242880,3.402099609375,262144
20,72,B1_action_shared,32,32,projection,16,32768,0,64,32832,6258752,3.4107491629464284,262144
20,72,B1_action_shared,32,32,activation_ls,4,8192,512,64,8768,6234688,3.3976353236607144,262144
20,72,B1_action_shared,32,32,activation_ls,8,16384,512,64,16960,6242880,3.402099609375,262144
20,72,B1_action_shared,32,32,activation_ls,16,32768,0,64,32832,6258752,3.4107491629464284,262144
20,72,B1_action_shared,64,64,projection,4,16384,1024,64,17472,6243392,3.402378627232143,524288
20,72,B1_action_shared,64,64,projection,8,32768,1024,64,33856,6259776,3.4113071986607144,524288
20,72,B1_action_shared,64,64,projection,16,65536,0,64,65600,6291520,3.4286063058035716,524288
20,72,B1_action_shared,64,64,activation_ls,4,16384,1024,64,17472,6243392,3.402378627232143,524288
20,72,B1_action_shared,64,64,activation_ls,8,32768,1024,64,33856,6259776,3.4113071986607144,524288
20,72,B1_action_shared,64,64,activation_ls,16,65536,0,64,65600,6291520,3.4286063058035716,524288
20,72,B1_action_shared,128,128,projection,4,32768,2048,64,34880,6260800,3.411865234375,1048576
20,72,B1_action_shared,128,128,projection,8,65536,2048,64,67648,6293568,3.429722377232143,1048576
20,72,B1_action_shared,128,128,projection,16,131072,0,64,131136,6357056,3.464320591517857,1048576
20,72,B1_action_shared,128,128,activation_ls,4,32768,2048,64,34880,6260800,3.411865234375,1048576
20,72,B1_action_shared,128,128,activation_ls,8,65536,2048,64,67648,6293568,3.429722377232143,1048576
20,72,B1_action_shared,128,128,activation_ls,16,131072,0,64,131136,6357056,3.464320591517857,1048576
20,72,B1_action_shared,256,256,projection,4,65536,4096,64,69696,6295616,3.4308384486607144,2097152
20,72,B1_action_shared,256,256,projection,8,131072,4096,64,135232,6361152,3.466552734375,2097152
20,72,B1_action_shared,256,256,projection,16,262144,0,64,262208,6488128,3.5357491629464284,2097152
20,72,B1_action_shared,256,256,activation_ls,4,65536,4096,64,69696,6295616,3.4308384486607144,2097152
20,72,B1_action_shared,256,256,activation_ls,8,131072,4096,64,135232,6361152,3.466552734375,2097152
20,72,B1_action_shared,256,256,activation_ls,16,262144,0,64,262208,6488128,3.5357491629464284,2097152
20,72,B1_action_shared,512,512,projection,4,131072,8192,64,139328,6365248,3.468784877232143,4194304
20,72,B1_action_shared,512,512,projection,8,262144,8192,64,270400,6496320,3.5402134486607144,4194304
20,72,B1_action_shared,512,512,projection,16,524288,0,64,524352,6750272,3.6786063058035716,4194304
20,72,B1_action_shared,512,512,activation_ls,4,131072,8192,64,139328,6365248,3.468784877232143,4194304
20,72,B1_action_shared,512,512,activation_ls,8,262144,8192,64,270400,6496320,3.5402134486607144,4194304
20,72,B1_action_shared,512,512,activation_ls,16,524288,0,64,524352,6750272,3.6786063058035716,4194304
20,72,B2_proxy_shared,32,32,projection,4,8192,512,64,8768,6234688,3.3976353236607144,262144
20,72,B2_proxy_shared,32,32,projection,8,16384,512,64,16960,6242880,3.402099609375,262144
20,72,B2_proxy_shared,32,32,projection,16,32768,0,64,32832,6258752,3.4107491629464284,262144
20,72,B2_proxy_shared,32,32,activation_ls,4,8192,512,64,8768,6234688,3.3976353236607144,262144
20,72,B2_proxy_shared,32,32,activation_ls,8,16384,512,64,16960,6242880,3.402099609375,262144
20,72,B2_proxy_shared,32,32,activation_ls,16,32768,0,64,32832,6258752,3.4107491629464284,262144
20,72,B2_proxy_shared,64,64,projection,4,16384,1024,64,17472,6243392,3.402378627232143,524288
20,72,B2_proxy_shared,64,64,projection,8,32768,1024,64,33856,6259776,3.4113071986607144,524288
20,72,B2_proxy_shared,64,64,projection,16,65536,0,64,65600,6291520,3.4286063058035716,524288
20,72,B2_proxy_shared,64,64,activation_ls,4,16384,1024,64,17472,6243392,3.402378627232143,524288
20,72,B2_proxy_shared,64,64,activation_ls,8,32768,1024,64,33856,6259776,3.4113071986607144,524288
20,72,B2_proxy_shared,64,64,activation_ls,16,65536,0,64,65600,6291520,3.4286063058035716,524288
20,72,B2_proxy_shared,128,128,projection,4,32768,2048,64,34880,6260800,3.411865234375,1048576
20,72,B2_proxy_shared,128,128,projection,8,65536,2048,64,67648,6293568,3.429722377232143,1048576
20,72,B2_proxy_shared,128,128,projection,16,131072,0,64,131136,6357056,3.464320591517857,1048576
20,72,B2_proxy_shared,128,128,activation_ls,4,32768,2048,64,34880,6260800,3.411865234375,1048576
20,72,B2_proxy_shared,128,128,activation_ls,8,65536,2048,64,67648,6293568,3.429722377232143,1048576
20,72,B2_proxy_shared,128,128,activation_ls,16,131072,0,64,131136,6357056,3.464320591517857,1048576
20,72,B2_proxy_shared,256,256,projection,4,65536,4096,64,69696,6295616,3.4308384486607144,2097152
20,72,B2_proxy_shared,256,256,projection,8,131072,4096,64,135232,6361152,3.466552734375,2097152
20,72,B2_proxy_shared,256,256,projection,16,262144,0,64,262208,6488128,3.5357491629464284,2097152
20,72,B2_proxy_shared,256,256,activation_ls,4,65536,4096,64,69696,6295616,3.4308384486607144,2097152
20,72,B2_proxy_shared,256,256,activation_ls,8,131072,4096,64,135232,6361152,3.466552734375,2097152
20,72,B2_proxy_shared,256,256,activation_ls,16,262144,0,64,262208,6488128,3.5357491629464284,2097152
20,72,B2_proxy_shared,512,512,projection,4,131072,8192,64,139328,6365248,3.468784877232143,4194304
20,72,B2_proxy_shared,512,512,projection,8,262144,8192,64,270400,6496320,3.5402134486607144,4194304
20,72,B2_proxy_shared,512,512,projection,16,524288,0,64,524352,6750272,3.6786063058035716,4194304
20,72,B2_proxy_shared,512,512,activation_ls,4,131072,8192,64,139328,6365248,3.468784877232143,4194304
20,72,B2_proxy_shared,512,512,activation_ls,8,262144,8192,64,270400,6496320,3.5402134486607144,4194304
20,72,B2_proxy_shared,512,512,activation_ls,16,524288,0,64,524352,6750272,3.6786063058035716,4194304
20,72,B3_action_cluster_4,32,32,projection,4,8192,512,64,8768,6234688,3.3976353236607144,1048576
20,72,B3_action_cluster_4,32,32,projection,8,16384,512,64,16960,6242880,3.402099609375,1048576
20,72,B3_action_cluster_4,32,32,projection,16,32768,0,64,32832,6258752,3.4107491629464284,1048576
20,72,B3_action_cluster_4,32,32,activation_ls,4,8192,512,64,8768,6234688,3.3976353236607144,1048576
20,72,B3_action_cluster_4,32,32,activation_ls,8,16384,512,64,16960,6242880,3.402099609375,1048576
20,72,B3_action_cluster_4,32,32,activation_ls,16,32768,0,64,32832,6258752,3.4107491629464284,1048576
20,72,B3_action_cluster_4,64,64,projection,4,16384,1024,64,17472,6243392,3.402378627232143,2097152
20,72,B3_action_cluster_4,64,64,projection,8,32768,1024,64,33856,6259776,3.4113071986607144,2097152
20,72,B3_action_cluster_4,64,64,projection,16,65536,0,64,65600,6291520,3.4286063058035716,2097152
20,72,B3_action_cluster_4,64,64,activation_ls,4,16384,1024,64,17472,6243392,3.402378627232143,2097152
20,72,B3_action_cluster_4,64,64,activation_ls,8,32768,1024,64,33856,6259776,3.4113071986607144,2097152
20,72,B3_action_cluster_4,64,64,activation_ls,16,65536,0,64,65600,6291520,3.4286063058035716,2097152
20,72,B3_action_cluster_4,128,128,projection,4,32768,2048,64,34880,6260800,3.411865234375,4194304
20,72,B3_action_cluster_4,128,128,projection,8,65536,2048,64,67648,6293568,3.429722377232143,4194304
20,72,B3_action_cluster_4,128,128,projection,16,131072,0,64,131136,6357056,3.464320591517857,4194304
20,72,B3_action_cluster_4,128,128,activation_ls,4,32768,2048,64,34880,6260800,3.411865234375,4194304
20,72,B3_action_cluster_4,128,128,activation_ls,8,65536,2048,64,67648,6293568,3.429722377232143,4194304
20,72,B3_action_cluster_4,128,128,activation_ls,16,131072,0,64,131136,6357056,3.464320591517857,4194304
20,72,B3_action_cluster_4,256,256,projection,4,65536,4096,64,69696,6295616,3.4308384486607144,8388608
20,72,B3_action_cluster_4,256,256,projection,8,131072,4096,64,135232,6361152,3.466552734375,8388608
20,72,B3_action_cluster_4,256,256,projection,16,262144,0,64,262208,6488128,3.5357491629464284,8388608
20,72,B3_action_cluster_4,256,256,activation_ls,4,65536,4096,64,69696,6295616,3.4308384486607144,8388608
20,72,B3_action_cluster_4,256,256,activation_ls,8,131072,4096,64,135232,6361152,3.466552734375,8388608
20,72,B3_action_cluster_4,256,256,activation_ls,16,262144,0,64,262208,6488128,3.5357491629464284,8388608
20,72,B3_action_cluster_4,512,419,projection,4,107264,6704,64,114032,6339952,3.4549996512276784,13729792
20,72,B3_action_cluster_4,512,419,projection,8,214528,6704,64,221296,6447216,3.513453892299107,13729792
20,72,B3_action_cluster_4,512,419,projection,16,429056,0,64,429120,6655040,3.626708984375,13729792
20,72,B3_action_cluster_4,512,419,activation_ls,4,107264,6704,64,114032,6339952,3.4549996512276784,13729792
20,72,B3_action_cluster_4,512,419,activation_ls,8,214528,6704,64,221296,6447216,3.513453892299107,13729792
20,72,B3_action_cluster_4,512,419,activation_ls,16,429056,0,64,429120,6655040,3.626708984375,13729792
20,72,B3_action_cluster_8,32,32,projection,4,8192,512,64,8768,6234688,3.3976353236607144,2097152
20,72,B3_action_cluster_8,32,32,projection,8,16384,512,64,16960,6242880,3.402099609375,2097152
20,72,B3_action_cluster_8,32,32,projection,16,32768,0,64,32832,6258752,3.4107491629464284,2097152
20,72,B3_action_cluster_8,32,32,activation_ls,4,8192,512,64,8768,6234688,3.3976353236607144,2097152
20,72,B3_action_cluster_8,32,32,activation_ls,8,16384,512,64,16960,6242880,3.402099609375,2097152
20,72,B3_action_cluster_8,32,32,activation_ls,16,32768,0,64,32832,6258752,3.4107491629464284,2097152
20,72,B3_action_cluster_8,64,64,projection,4,16384,1024,64,17472,6243392,3.402378627232143,4194304
20,72,B3_action_cluster_8,64,64,projection,8,32768,1024,64,33856,6259776,3.4113071986607144,4194304
20,72,B3_action_cluster_8,64,64,projection,16,65536,0,64,65600,6291520,3.4286063058035716,4194304
20,72,B3_action_cluster_8,64,64,activation_ls,4,16384,1024,64,17472,6243392,3.402378627232143,4194304
20,72,B3_action_cluster_8,64,64,activation_ls,8,32768,1024,64,33856,6259776,3.4113071986607144,4194304
20,72,B3_action_cluster_8,64,64,activation_ls,16,65536,0,64,65600,6291520,3.4286063058035716,4194304
20,72,B3_action_cluster_8,128,128,projection,4,32768,2048,64,34880,6260800,3.411865234375,8388608
20,72,B3_action_cluster_8,128,128,projection,8,65536,2048,64,67648,6293568,3.429722377232143,8388608
20,72,B3_action_cluster_8,128,128,projection,16,131072,0,64,131136,6357056,3.464320591517857,8388608
20,72,B3_action_cluster_8,128,128,activation_ls,4,32768,2048,64,34880,6260800,3.411865234375,8388608
20,72,B3_action_cluster_8,128,128,activation_ls,8,65536,2048,64,67648,6293568,3.429722377232143,8388608
20,72,B3_action_cluster_8,128,128,activation_ls,16,131072,0,64,131136,6357056,3.464320591517857,8388608
20,72,B3_action_cluster_8,256,256,projection,4,65536,4096,64,69696,6295616,3.4308384486607144,16777216
20,72,B3_action_cluster_8,256,256,projection,8,131072,4096,64,135232,6361152,3.466552734375,16777216
20,72,B3_action_cluster_8,256,256,projection,16,262144,0,64,262208,6488128,3.5357491629464284,16777216
20,72,B3_action_cluster_8,256,256,activation_ls,4,65536,4096,64,69696,6295616,3.4308384486607144,16777216
20,72,B3_action_cluster_8,256,256,activation_ls,8,131072,4096,64,135232,6361152,3.466552734375,16777216
20,72,B3_action_cluster_8,256,256,activation_ls,16,262144,0,64,262208,6488128,3.5357491629464284,16777216
20,72,B3_action_cluster_8,512,384,projection,4,98304,6144,64,104512,6330432,3.4498116629464284,25165824
20,72,B3_action_cluster_8,512,384,projection,8,196608,6144,64,202816,6428736,3.503383091517857,25165824
20,72,B3_action_cluster_8,512,384,projection,16,393216,0,64,393280,6619200,3.607177734375,25165824
20,72,B3_action_cluster_8,512,384,activation_ls,4,98304,6144,64,104512,6330432,3.4498116629464284,25165824
20,72,B3_action_cluster_8,512,384,activation_ls,8,196608,6144,64,202816,6428736,3.503383091517857,25165824
20,72,B3_action_cluster_8,512,384,activation_ls,16,393216,0,64,393280,6619200,3.607177734375,25165824
20,72,B4_per_expert_raw,32,32,projection,4,8192,512,64,8768,6234688,3.3976353236607144,3145728
20,72,B4_per_expert_raw,32,32,projection,8,16384,512,64,16960,6242880,3.402099609375,3145728
20,72,B4_per_expert_raw,32,32,projection,16,32768,0,64,32832,6258752,3.4107491629464284,3145728
20,72,B4_per_expert_raw,32,32,activation_ls,4,8192,512,64,8768,6234688,3.3976353236607144,3145728
20,72,B4_per_expert_raw,32,32,activation_ls,8,16384,512,64,16960,6242880,3.402099609375,3145728
20,72,B4_per_expert_raw,32,32,activation_ls,16,32768,0,64,32832,6258752,3.4107491629464284,3145728
20,72,B4_per_expert_raw,64,64,projection,4,16384,1024,64,17472,6243392,3.402378627232143,6291456
20,72,B4_per_expert_raw,64,64,projection,8,32768,1024,64,33856,6259776,3.4113071986607144,6291456
20,72,B4_per_expert_raw,64,64,projection,16,65536,0,64,65600,6291520,3.4286063058035716,6291456
20,72,B4_per_expert_raw,64,64,activation_ls,4,16384,1024,64,17472,6243392,3.402378627232143,6291456
20,72,B4_per_expert_raw,64,64,activation_ls,8,32768,1024,64,33856,6259776,3.4113071986607144,6291456
20,72,B4_per_expert_raw,64,64,activation_ls,16,65536,0,64,65600,6291520,3.4286063058035716,6291456
20,72,B4_per_expert_raw,128,128,projection,4,32768,2048,64,34880,6260800,3.411865234375,12582912
20,72,B4_per_expert_raw,128,128,projection,8,65536,2048,64,67648,6293568,3.429722377232143,12582912
20,72,B4_per_expert_raw,128,128,projection,16,131072,0,64,131136,6357056,3.464320591517857,12582912
20,72,B4_per_expert_raw,128,128,activation_ls,4,32768,2048,64,34880,6260800,3.411865234375,12582912
20,72,B4_per_expert_raw,128,128,activation_ls,8,65536,2048,64,67648,6293568,3.429722377232143,12582912
20,72,B4_per_expert_raw,128,128,activation_ls,16,131072,0,64,131136,6357056,3.464320591517857,12582912
20,72,B4_per_expert_raw,256,256,projection,4,65536,4096,64,69696,6295616,3.4308384486607144,25165824
20,72,B4_per_expert_raw,256,256,projection,8,131072,4096,64,135232,6361152,3.466552734375,25165824
20,72,B4_per_expert_raw,256,256,projection,16,262144,0,64,262208,6488128,3.5357491629464284,25165824
20,72,B4_per_expert_raw,256,256,activation_ls,4,65536,4096,64,69696,6295616,3.4308384486607144,25165824
20,72,B4_per_expert_raw,256,256,activation_ls,8,131072,4096,64,135232,6361152,3.466552734375,25165824
20,72,B4_per_expert_raw,256,256,activation_ls,16,262144,0,64,262208,6488128,3.5357491629464284,25165824
20,72,B4_per_expert_raw,512,512,projection,4,131072,8192,64,139328,6365248,3.468784877232143,50331648
20,72,B4_per_expert_raw,512,512,projection,8,262144,8192,64,270400,6496320,3.5402134486607144,50331648
20,72,B4_per_expert_raw,512,512,projection,16,524288,0,64,524352,6750272,3.6786063058035716,50331648
20,72,B4_per_expert_raw,512,512,activation_ls,4,131072,8192,64,139328,6365248,3.468784877232143,50331648
20,72,B4_per_expert_raw,512,512,activation_ls,8,262144,8192,64,270400,6496320,3.5402134486607144,50331648
20,72,B4_per_expert_raw,512,512,activation_ls,16,524288,0,64,524352,6750272,3.6786063058035716,50331648
20,142,B0_raw_shared,32,32,projection,4,8192,512,64,8768,6234688,3.3976353236607144,262144
20,142,B0_raw_shared,32,32,projection,8,16384,512,64,16960,6242880,3.402099609375,262144
20,142,B0_raw_shared,32,32,projection,16,32768,0,64,32832,6258752,3.4107491629464284,262144
20,142,B0_raw_shared,32,32,activation_ls,4,8192,512,64,8768,6234688,3.3976353236607144,262144
20,142,B0_raw_shared,32,32,activation_ls,8,16384,512,64,16960,6242880,3.402099609375,262144
20,142,B0_raw_shared,32,32,activation_ls,16,32768,0,64,32832,6258752,3.4107491629464284,262144
20,142,B0_raw_shared,64,64,projection,4,16384,1024,64,17472,6243392,3.402378627232143,524288
20,142,B0_raw_shared,64,64,projection,8,32768,1024,64,33856,6259776,3.4113071986607144,524288
20,142,B0_raw_shared,64,64,projection,16,65536,0,64,65600,6291520,3.4286063058035716,524288
20,142,B0_raw_shared,64,64,activation_ls,4,16384,1024,64,17472,6243392,3.402378627232143,524288
20,142,B0_raw_shared,64,64,activation_ls,8,32768,1024,64,33856,6259776,3.4113071986607144,524288
20,142,B0_raw_shared,64,64,activation_ls,16,65536,0,64,65600,6291520,3.4286063058035716,524288
20,142,B0_raw_shared,128,128,projection,4,32768,2048,64,34880,6260800,3.411865234375,1048576
20,142,B0_raw_shared,128,128,projection,8,65536,2048,64,67648,6293568,3.429722377232143,1048576
20,142,B0_raw_shared,128,128,projection,16,131072,0,64,131136,6357056,3.464320591517857,1048576
20,142,B0_raw_shared,128,128,activation_ls,4,32768,2048,64,34880,6260800,3.411865234375,1048576
20,142,B0_raw_shared,128,128,activation_ls,8,65536,2048,64,67648,6293568,3.429722377232143,1048576
20,142,B0_raw_shared,128,128,activation_ls,16,131072,0,64,131136,6357056,3.464320591517857,1048576
20,142,B0_raw_shared,256,256,projection,4,65536,4096,64,69696,6295616,3.4308384486607144,2097152
20,142,B0_raw_shared,256,256,projection,8,131072,4096,64,135232,6361152,3.466552734375,2097152
20,142,B0_raw_shared,256,256,projection,16,262144,0,64,262208,6488128,3.5357491629464284,2097152
20,142,B0_raw_shared,256,256,activation_ls,4,65536,4096,64,69696,6295616,3.4308384486607144,2097152
20,142,B0_raw_shared,256,256,activation_ls,8,131072,4096,64,135232,6361152,3.466552734375,2097152
20,142,B0_raw_shared,256,256,activation_ls,16,262144,0,64,262208,6488128,3.5357491629464284,2097152
20,142,B0_raw_shared,512,512,projection,4,131072,8192,64,139328,6365248,3.468784877232143,4194304
20,142,B0_raw_shared,512,512,projection,8,262144,8192,64,270400,6496320,3.5402134486607144,4194304
20,142,B0_raw_shared,512,512,projection,16,524288,0,64,524352,6750272,3.6786063058035716,4194304
20,142,B0_raw_shared,512,512,activation_ls,4,131072,8192,64,139328,6365248,3.468784877232143,4194304
20,142,B0_raw_shared,512,512,activation_ls,8,262144,8192,64,270400,6496320,3.5402134486607144,4194304
20,142,B0_raw_shared,512,512,activation_ls,16,524288,0,64,524352,6750272,3.6786063058035716,4194304
20,142,B1_action_shared,32,32,projection,4,8192,512,64,8768,6234688,3.3976353236607144,262144
20,142,B1_action_shared,32,32,projection,8,16384,512,64,16960,6242880,3.402099609375,262144
20,142,B1_action_shared,32,32,projection,16,32768,0,64,32832,6258752,3.4107491629464284,262144
20,142,B1_action_shared,32,32,activation_ls,4,8192,512,64,8768,6234688,3.3976353236607144,262144
20,142,B1_action_shared,32,32,activation_ls,8,16384,512,64,16960,6242880,3.402099609375,262144
20,142,B1_action_shared,32,32,activation_ls,16,32768,0,64,32832,6258752,3.4107491629464284,262144
20,142,B1_action_shared,64,64,projection,4,16384,1024,64,17472,6243392,3.402378627232143,524288
20,142,B1_action_shared,64,64,projection,8,32768,1024,64,33856,6259776,3.4113071986607144,524288
20,142,B1_action_shared,64,64,projection,16,65536,0,64,65600,6291520,3.4286063058035716,524288
20,142,B1_action_shared,64,64,activation_ls,4,16384,1024,64,17472,6243392,3.402378627232143,524288
20,142,B1_action_shared,64,64,activation_ls,8,32768,1024,64,33856,6259776,3.4113071986607144,524288
20,142,B1_action_shared,64,64,activation_ls,16,65536,0,64,65600,6291520,3.4286063058035716,524288
20,142,B1_action_shared,128,128,projection,4,32768,2048,64,34880,6260800,3.411865234375,1048576
20,142,B1_action_shared,128,128,projection,8,65536,2048,64,67648,6293568,3.429722377232143,1048576
20,142,B1_action_shared,128,128,projection,16,131072,0,64,131136,6357056,3.464320591517857,1048576
20,142,B1_action_shared,128,128,activation_ls,4,32768,2048,64,34880,6260800,3.411865234375,1048576
20,142,B1_action_shared,128,128,activation_ls,8,65536,2048,64,67648,6293568,3.429722377232143,1048576
20,142,B1_action_shared,128,128,activation_ls,16,131072,0,64,131136,6357056,3.464320591517857,1048576
20,142,B1_action_shared,256,256,projection,4,65536,4096,64,69696,6295616,3.4308384486607144,2097152
20,142,B1_action_shared,256,256,projection,8,131072,4096,64,135232,6361152,3.466552734375,2097152
20,142,B1_action_shared,256,256,projection,16,262144,0,64,262208,6488128,3.5357491629464284,2097152
20,142,B1_action_shared,256,256,activation_ls,4,65536,4096,64,69696,6295616,3.4308384486607144,2097152
20,142,B1_action_shared,256,256,activation_ls,8,131072,4096,64,135232,6361152,3.466552734375,2097152
20,142,B1_action_shared,256,256,activation_ls,16,262144,0,64,262208,6488128,3.5357491629464284,2097152
20,142,B1_action_shared,512,512,projection,4,131072,8192,64,139328,6365248,3.468784877232143,4194304
20,142,B1_action_shared,512,512,projection,8,262144,8192,64,270400,6496320,3.5402134486607144,4194304
20,142,B1_action_shared,512,512,projection,16,524288,0,64,524352,6750272,3.6786063058035716,4194304
20,142,B1_action_shared,512,512,activation_ls,4,131072,8192,64,139328,6365248,3.468784877232143,4194304
20,142,B1_action_shared,512,512,activation_ls,8,262144,8192,64,270400,6496320,3.5402134486607144,4194304
20,142,B1_action_shared,512,512,activation_ls,16,524288,0,64,524352,6750272,3.6786063058035716,4194304
20,142,B2_proxy_shared,32,32,projection,4,8192,512,64,8768,6234688,3.3976353236607144,262144
20,142,B2_proxy_shared,32,32,projection,8,16384,512,64,16960,6242880,3.402099609375,262144
20,142,B2_proxy_shared,32,32,projection,16,32768,0,64,32832,6258752,3.4107491629464284,262144
20,142,B2_proxy_shared,32,32,activation_ls,4,8192,512,64,8768,6234688,3.3976353236607144,262144
20,142,B2_proxy_shared,32,32,activation_ls,8,16384,512,64,16960,6242880,3.402099609375,262144
20,142,B2_proxy_shared,32,32,activation_ls,16,32768,0,64,32832,6258752,3.4107491629464284,262144
20,142,B2_proxy_shared,64,64,projection,4,16384,1024,64,17472,6243392,3.402378627232143,524288
20,142,B2_proxy_shared,64,64,projection,8,32768,1024,64,33856,6259776,3.4113071986607144,524288
20,142,B2_proxy_shared,64,64,projection,16,65536,0,64,65600,6291520,3.4286063058035716,524288
20,142,B2_proxy_shared,64,64,activation_ls,4,16384,1024,64,17472,6243392,3.402378627232143,524288
20,142,B2_proxy_shared,64,64,activation_ls,8,32768,1024,64,33856,6259776,3.4113071986607144,524288
20,142,B2_proxy_shared,64,64,activation_ls,16,65536,0,64,65600,6291520,3.4286063058035716,524288
20,142,B2_proxy_shared,128,128,projection,4,32768,2048,64,34880,6260800,3.411865234375,1048576
20,142,B2_proxy_shared,128,128,projection,8,65536,2048,64,67648,6293568,3.429722377232143,1048576
20,142,B2_proxy_shared,128,128,projection,16,131072,0,64,131136,6357056,3.464320591517857,1048576
20,142,B2_proxy_shared,128,128,activation_ls,4,32768,2048,64,34880,6260800,3.411865234375,1048576
20,142,B2_proxy_shared,128,128,activation_ls,8,65536,2048,64,67648,6293568,3.429722377232143,1048576
20,142,B2_proxy_shared,128,128,activation_ls,16,131072,0,64,131136,6357056,3.464320591517857,1048576
20,142,B2_proxy_shared,256,256,projection,4,65536,4096,64,69696,6295616,3.4308384486607144,2097152
20,142,B2_proxy_shared,256,256,projection,8,131072,4096,64,135232,6361152,3.466552734375,2097152
20,142,B2_proxy_shared,256,256,projection,16,262144,0,64,262208,6488128,3.5357491629464284,2097152
20,142,B2_proxy_shared,256,256,activation_ls,4,65536,4096,64,69696,6295616,3.4308384486607144,2097152
20,142,B2_proxy_shared,256,256,activation_ls,8,131072,4096,64,135232,6361152,3.466552734375,2097152
20,142,B2_proxy_shared,256,256,activation_ls,16,262144,0,64,262208,6488128,3.5357491629464284,2097152
20,142,B2_proxy_shared,512,512,projection,4,131072,8192,64,139328,6365248,3.468784877232143,4194304
20,142,B2_proxy_shared,512,512,projection,8,262144,8192,64,270400,6496320,3.5402134486607144,4194304
20,142,B2_proxy_shared,512,512,projection,16,524288,0,64,524352,6750272,3.6786063058035716,4194304
20,142,B2_proxy_shared,512,512,activation_ls,4,131072,8192,64,139328,6365248,3.468784877232143,4194304
20,142,B2_proxy_shared,512,512,activation_ls,8,262144,8192,64,270400,6496320,3.5402134486607144,4194304
20,142,B2_proxy_shared,512,512,activation_ls,16,524288,0,64,524352,6750272,3.6786063058035716,4194304
20,142,B3_action_cluster_4,32,19,projection,4,4864,304,64,5232,6231152,3.3957083565848216,622592
20,142,B3_action_cluster_4,32,19,projection,8,9728,304,64,10096,6236016,3.3983590262276784,622592
20,142,B3_action_cluster_4,32,19,projection,16,19456,0,64,19520,6245440,3.4034946986607144,622592
20,142,B3_action_cluster_4,32,19,activation_ls,4,4864,304,64,5232,6231152,3.3957083565848216,622592
20,142,B3_action_cluster_4,32,19,activation_ls,8,9728,304,64,10096,6236016,3.3983590262276784,622592
20,142,B3_action_cluster_4,32,19,activation_ls,16,19456,0,64,19520,6245440,3.4034946986607144,622592
20,142,B3_action_cluster_4,64,19,projection,4,4864,304,64,5232,6231152,3.3957083565848216,622592
20,142,B3_action_cluster_4,64,19,projection,8,9728,304,64,10096,6236016,3.3983590262276784,622592
20,142,B3_action_cluster_4,64,19,projection,16,19456,0,64,19520,6245440,3.4034946986607144,622592
20,142,B3_action_cluster_4,64,19,activation_ls,4,4864,304,64,5232,6231152,3.3957083565848216,622592
20,142,B3_action_cluster_4,64,19,activation_ls,8,9728,304,64,10096,6236016,3.3983590262276784,622592
20,142,B3_action_cluster_4,64,19,activation_ls,16,19456,0,64,19520,6245440,3.4034946986607144,622592
20,142,B3_action_cluster_4,128,19,projection,4,4864,304,64,5232,6231152,3.3957083565848216,622592
20,142,B3_action_cluster_4,128,19,projection,8,9728,304,64,10096,6236016,3.3983590262276784,622592
20,142,B3_action_cluster_4,128,19,projection,16,19456,0,64,19520,6245440,3.4034946986607144,622592
20,142,B3_action_cluster_4,128,19,activation_ls,4,4864,304,64,5232,6231152,3.3957083565848216,622592
20,142,B3_action_cluster_4,128,19,activation_ls,8,9728,304,64,10096,6236016,3.3983590262276784,622592
20,142,B3_action_cluster_4,128,19,activation_ls,16,19456,0,64,19520,6245440,3.4034946986607144,622592
20,142,B3_action_cluster_4,256,19,projection,4,4864,304,64,5232,6231152,3.3957083565848216,622592
20,142,B3_action_cluster_4,256,19,projection,8,9728,304,64,10096,6236016,3.3983590262276784,622592
20,142,B3_action_cluster_4,256,19,projection,16,19456,0,64,19520,6245440,3.4034946986607144,622592
20,142,B3_action_cluster_4,256,19,activation_ls,4,4864,304,64,5232,6231152,3.3957083565848216,622592
20,142,B3_action_cluster_4,256,19,activation_ls,8,9728,304,64,10096,6236016,3.3983590262276784,622592
20,142,B3_action_cluster_4,256,19,activation_ls,16,19456,0,64,19520,6245440,3.4034946986607144,622592
20,142,B3_action_cluster_4,512,19,projection,4,4864,304,64,5232,6231152,3.3957083565848216,622592
20,142,B3_action_cluster_4,512,19,projection,8,9728,304,64,10096,6236016,3.3983590262276784,622592
20,142,B3_action_cluster_4,512,19,projection,16,19456,0,64,19520,6245440,3.4034946986607144,622592
20,142,B3_action_cluster_4,512,19,activation_ls,4,4864,304,64,5232,6231152,3.3957083565848216,622592
20,142,B3_action_cluster_4,512,19,activation_ls,8,9728,304,64,10096,6236016,3.3983590262276784,622592
20,142,B3_action_cluster_4,512,19,activation_ls,16,19456,0,64,19520,6245440,3.4034946986607144,622592
20,142,B3_action_cluster_8,32,32,projection,4,8192,512,64,8768,6234688,3.3976353236607144,2097152
20,142,B3_action_cluster_8,32,32,projection,8,16384,512,64,16960,6242880,3.402099609375,2097152
20,142,B3_action_cluster_8,32,32,projection,16,32768,0,64,32832,6258752,3.4107491629464284,2097152
20,142,B3_action_cluster_8,32,32,activation_ls,4,8192,512,64,8768,6234688,3.3976353236607144,2097152
20,142,B3_action_cluster_8,32,32,activation_ls,8,16384,512,64,16960,6242880,3.402099609375,2097152
20,142,B3_action_cluster_8,32,32,activation_ls,16,32768,0,64,32832,6258752,3.4107491629464284,2097152
20,142,B3_action_cluster_8,64,51,projection,4,13056,816,64,13936,6239856,3.40045166015625,3342336
20,142,B3_action_cluster_8,64,51,projection,8,26112,816,64,26992,6252912,3.407566615513393,3342336
20,142,B3_action_cluster_8,64,51,projection,16,52224,0,64,52288,6278208,3.421351841517857,3342336
20,142,B3_action_cluster_8,64,51,activation_ls,4,13056,816,64,13936,6239856,3.40045166015625,3342336
20,142,B3_action_cluster_8,64,51,activation_ls,8,26112,816,64,26992,6252912,3.407566615513393,3342336
20,142,B3_action_cluster_8,64,51,activation_ls,16,52224,0,64,52288,6278208,3.421351841517857,3342336
20,142,B3_action_cluster_8,128,51,projection,4,13056,816,64,13936,6239856,3.40045166015625,3342336
20,142,B3_action_cluster_8,128,51,projection,8,26112,816,64,26992,6252912,3.407566615513393,3342336
20,142,B3_action_cluster_8,128,51,projection,16,52224,0,64,52288,6278208,3.421351841517857,3342336
20,142,B3_action_cluster_8,128,51,activation_ls,4,13056,816,64,13936,6239856,3.40045166015625,3342336
20,142,B3_action_cluster_8,128,51,activation_ls,8,26112,816,64,26992,6252912,3.407566615513393,3342336
20,142,B3_action_cluster_8,128,51,activation_ls,16,52224,0,64,52288,6278208,3.421351841517857,3342336
20,142,B3_action_cluster_8,256,51,projection,4,13056,816,64,13936,6239856,3.40045166015625,3342336
20,142,B3_action_cluster_8,256,51,projection,8,26112,816,64,26992,6252912,3.407566615513393,3342336
20,142,B3_action_cluster_8,256,51,projection,16,52224,0,64,52288,6278208,3.421351841517857,3342336
20,142,B3_action_cluster_8,256,51,activation_ls,4,13056,816,64,13936,6239856,3.40045166015625,3342336
20,142,B3_action_cluster_8,256,51,activation_ls,8,26112,816,64,26992,6252912,3.407566615513393,3342336
20,142,B3_action_cluster_8,256,51,activation_ls,16,52224,0,64,52288,6278208,3.421351841517857,3342336
20,142,B3_action_cluster_8,512,51,projection,4,13056,816,64,13936,6239856,3.40045166015625,3342336
20,142,B3_action_cluster_8,512,51,projection,8,26112,816,64,26992,6252912,3.407566615513393,3342336
20,142,B3_action_cluster_8,512,51,projection,16,52224,0,64,52288,6278208,3.421351841517857,3342336
20,142,B3_action_cluster_8,512,51,activation_ls,4,13056,816,64,13936,6239856,3.40045166015625,3342336
20,142,B3_action_cluster_8,512,51,activation_ls,8,26112,816,64,26992,6252912,3.407566615513393,3342336
20,142,B3_action_cluster_8,512,51,activation_ls,16,52224,0,64,52288,6278208,3.421351841517857,3342336
20,142,B4_per_expert_raw,32,32,projection,4,8192,512,64,8768,6234688,3.3976353236607144,3145728
20,142,B4_per_expert_raw,32,32,projection,8,16384,512,64,16960,6242880,3.402099609375,3145728
20,142,B4_per_expert_raw,32,32,projection,16,32768,0,64,32832,6258752,3.4107491629464284,3145728
20,142,B4_per_expert_raw,32,32,activation_ls,4,8192,512,64,8768,6234688,3.3976353236607144,3145728
20,142,B4_per_expert_raw,32,32,activation_ls,8,16384,512,64,16960,6242880,3.402099609375,3145728
20,142,B4_per_expert_raw,32,32,activation_ls,16,32768,0,64,32832,6258752,3.4107491629464284,3145728
20,142,B4_per_expert_raw,64,64,projection,4,16384,1024,64,17472,6243392,3.402378627232143,6291456
20,142,B4_per_expert_raw,64,64,projection,8,32768,1024,64,33856,6259776,3.4113071986607144,6291456
20,142,B4_per_expert_raw,64,64,projection,16,65536,0,64,65600,6291520,3.4286063058035716,6291456
20,142,B4_per_expert_raw,64,64,activation_ls,4,16384,1024,64,17472,6243392,3.402378627232143,6291456
20,142,B4_per_expert_raw,64,64,activation_ls,8,32768,1024,64,33856,6259776,3.4113071986607144,6291456
20,142,B4_per_expert_raw,64,64,activation_ls,16,65536,0,64,65600,6291520,3.4286063058035716,6291456
20,142,B4_per_expert_raw,128,128,projection,4,32768,2048,64,34880,6260800,3.411865234375,12582912
20,142,B4_per_expert_raw,128,128,projection,8,65536,2048,64,67648,6293568,3.429722377232143,12582912
20,142,B4_per_expert_raw,128,128,projection,16,131072,0,64,131136,6357056,3.464320591517857,12582912
20,142,B4_per_expert_raw,128,128,activation_ls,4,32768,2048,64,34880,6260800,3.411865234375,12582912
20,142,B4_per_expert_raw,128,128,activation_ls,8,65536,2048,64,67648,6293568,3.429722377232143,12582912
20,142,B4_per_expert_raw,128,128,activation_ls,16,131072,0,64,131136,6357056,3.464320591517857,12582912
20,142,B4_per_expert_raw,256,256,projection,4,65536,4096,64,69696,6295616,3.4308384486607144,25165824
20,142,B4_per_expert_raw,256,256,projection,8,131072,4096,64,135232,6361152,3.466552734375,25165824
20,142,B4_per_expert_raw,256,256,projection,16,262144,0,64,262208,6488128,3.5357491629464284,25165824
20,142,B4_per_expert_raw,256,256,activation_ls,4,65536,4096,64,69696,6295616,3.4308384486607144,25165824
20,142,B4_per_expert_raw,256,256,activation_ls,8,131072,4096,64,135232,6361152,3.466552734375,25165824
20,142,B4_per_expert_raw,256,256,activation_ls,16,262144,0,64,262208,6488128,3.5357491629464284,25165824
20,142,B4_per_expert_raw,512,512,projection,4,131072,8192,64,139328,6365248,3.468784877232143,50331648
20,142,B4_per_expert_raw,512,512,projection,8,262144,8192,64,270400,6496320,3.5402134486607144,50331648
20,142,B4_per_expert_raw,512,512,projection,16,524288,0,64,524352,6750272,3.6786063058035716,50331648
20,142,B4_per_expert_raw,512,512,activation_ls,4,131072,8192,64,139328,6365248,3.468784877232143,50331648
20,142,B4_per_expert_raw,512,512,activation_ls,8,262144,8192,64,270400,6496320,3.5402134486607144,50331648
20,142,B4_per_expert_raw,512,512,activation_ls,16,524288,0,64,524352,6750272,3.6786063058035716,50331648
20,148,B0_raw_shared,32,32,projection,4,8192,512,64,8768,6234688,3.3976353236607144,262144
20,148,B0_raw_shared,32,32,projection,8,16384,512,64,16960,6242880,3.402099609375,262144
20,148,B0_raw_shared,32,32,projection,16,32768,0,64,32832,6258752,3.4107491629464284,262144
20,148,B0_raw_shared,32,32,activation_ls,4,8192,512,64,8768,6234688,3.3976353236607144,262144
20,148,B0_raw_shared,32,32,activation_ls,8,16384,512,64,16960,6242880,3.402099609375,262144
20,148,B0_raw_shared,32,32,activation_ls,16,32768,0,64,32832,6258752,3.4107491629464284,262144
20,148,B0_raw_shared,64,64,projection,4,16384,1024,64,17472,6243392,3.402378627232143,524288
20,148,B0_raw_shared,64,64,projection,8,32768,1024,64,33856,6259776,3.4113071986607144,524288
20,148,B0_raw_shared,64,64,projection,16,65536,0,64,65600,6291520,3.4286063058035716,524288
20,148,B0_raw_shared,64,64,activation_ls,4,16384,1024,64,17472,6243392,3.402378627232143,524288
20,148,B0_raw_shared,64,64,activation_ls,8,32768,1024,64,33856,6259776,3.4113071986607144,524288
20,148,B0_raw_shared,64,64,activation_ls,16,65536,0,64,65600,6291520,3.4286063058035716,524288
20,148,B0_raw_shared,128,128,projection,4,32768,2048,64,34880,6260800,3.411865234375,1048576
20,148,B0_raw_shared,128,128,projection,8,65536,2048,64,67648,6293568,3.429722377232143,1048576
20,148,B0_raw_shared,128,128,projection,16,131072,0,64,131136,6357056,3.464320591517857,1048576
20,148,B0_raw_shared,128,128,activation_ls,4,32768,2048,64,34880,6260800,3.411865234375,1048576
20,148,B0_raw_shared,128,128,activation_ls,8,65536,2048,64,67648,6293568,3.429722377232143,1048576
20,148,B0_raw_shared,128,128,activation_ls,16,131072,0,64,131136,6357056,3.464320591517857,1048576
20,148,B0_raw_shared,256,256,projection,4,65536,4096,64,69696,6295616,3.4308384486607144,2097152
20,148,B0_raw_shared,256,256,projection,8,131072,4096,64,135232,6361152,3.466552734375,2097152
20,148,B0_raw_shared,256,256,projection,16,262144,0,64,262208,6488128,3.5357491629464284,2097152
20,148,B0_raw_shared,256,256,activation_ls,4,65536,4096,64,69696,6295616,3.4308384486607144,2097152
20,148,B0_raw_shared,256,256,activation_ls,8,131072,4096,64,135232,6361152,3.466552734375,2097152
20,148,B0_raw_shared,256,256,activation_ls,16,262144,0,64,262208,6488128,3.5357491629464284,2097152
20,148,B0_raw_shared,512,512,projection,4,131072,8192,64,139328,6365248,3.468784877232143,4194304
20,148,B0_raw_shared,512,512,projection,8,262144,8192,64,270400,6496320,3.5402134486607144,4194304
20,148,B0_raw_shared,512,512,projection,16,524288,0,64,524352,6750272,3.6786063058035716,4194304
20,148,B0_raw_shared,512,512,activation_ls,4,131072,8192,64,139328,6365248,3.468784877232143,4194304
20,148,B0_raw_shared,512,512,activation_ls,8,262144,8192,64,270400,6496320,3.5402134486607144,4194304
20,148,B0_raw_shared,512,512,activation_ls,16,524288,0,64,524352,6750272,3.6786063058035716,4194304
20,148,B1_action_shared,32,32,projection,4,8192,512,64,8768,6234688,3.3976353236607144,262144
20,148,B1_action_shared,32,32,projection,8,16384,512,64,16960,6242880,3.402099609375,262144
20,148,B1_action_shared,32,32,projection,16,32768,0,64,32832,6258752,3.4107491629464284,262144
20,148,B1_action_shared,32,32,activation_ls,4,8192,512,64,8768,6234688,3.3976353236607144,262144
20,148,B1_action_shared,32,32,activation_ls,8,16384,512,64,16960,6242880,3.402099609375,262144
20,148,B1_action_shared,32,32,activation_ls,16,32768,0,64,32832,6258752,3.4107491629464284,262144
20,148,B1_action_shared,64,64,projection,4,16384,1024,64,17472,6243392,3.402378627232143,524288
20,148,B1_action_shared,64,64,projection,8,32768,1024,64,33856,6259776,3.4113071986607144,524288
20,148,B1_action_shared,64,64,projection,16,65536,0,64,65600,6291520,3.4286063058035716,524288
20,148,B1_action_shared,64,64,activation_ls,4,16384,1024,64,17472,6243392,3.402378627232143,524288
20,148,B1_action_shared,64,64,activation_ls,8,32768,1024,64,33856,6259776,3.4113071986607144,524288
20,148,B1_action_shared,64,64,activation_ls,16,65536,0,64,65600,6291520,3.4286063058035716,524288
20,148,B1_action_shared,128,128,projection,4,32768,2048,64,34880,6260800,3.411865234375,1048576
20,148,B1_action_shared,128,128,projection,8,65536,2048,64,67648,6293568,3.429722377232143,1048576
20,148,B1_action_shared,128,128,projection,16,131072,0,64,131136,6357056,3.464320591517857,1048576
20,148,B1_action_shared,128,128,activation_ls,4,32768,2048,64,34880,6260800,3.411865234375,1048576
20,148,B1_action_shared,128,128,activation_ls,8,65536,2048,64,67648,6293568,3.429722377232143,1048576
20,148,B1_action_shared,128,128,activation_ls,16,131072,0,64,131136,6357056,3.464320591517857,1048576
20,148,B1_action_shared,256,256,projection,4,65536,4096,64,69696,6295616,3.4308384486607144,2097152
20,148,B1_action_shared,256,256,projection,8,131072,4096,64,135232,6361152,3.466552734375,2097152
20,148,B1_action_shared,256,256,projection,16,262144,0,64,262208,6488128,3.5357491629464284,2097152
20,148,B1_action_shared,256,256,activation_ls,4,65536,4096,64,69696,6295616,3.4308384486607144,2097152
20,148,B1_action_shared,256,256,activation_ls,8,131072,4096,64,135232,6361152,3.466552734375,2097152
20,148,B1_action_shared,256,256,activation_ls,16,262144,0,64,262208,6488128,3.5357491629464284,2097152
20,148,B1_action_shared,512,512,projection,4,131072,8192,64,139328,6365248,3.468784877232143,4194304
20,148,B1_action_shared,512,512,projection,8,262144,8192,64,270400,6496320,3.5402134486607144,4194304
20,148,B1_action_shared,512,512,projection,16,524288,0,64,524352,6750272,3.6786063058035716,4194304
20,148,B1_action_shared,512,512,activation_ls,4,131072,8192,64,139328,6365248,3.468784877232143,4194304
20,148,B1_action_shared,512,512,activation_ls,8,262144,8192,64,270400,6496320,3.5402134486607144,4194304
20,148,B1_action_shared,512,512,activation_ls,16,524288,0,64,524352,6750272,3.6786063058035716,4194304
20,148,B2_proxy_shared,32,32,projection,4,8192,512,64,8768,6234688,3.3976353236607144,262144
20,148,B2_proxy_shared,32,32,projection,8,16384,512,64,16960,6242880,3.402099609375,262144
20,148,B2_proxy_shared,32,32,projection,16,32768,0,64,32832,6258752,3.4107491629464284,262144
20,148,B2_proxy_shared,32,32,activation_ls,4,8192,512,64,8768,6234688,3.3976353236607144,262144
20,148,B2_proxy_shared,32,32,activation_ls,8,16384,512,64,16960,6242880,3.402099609375,262144
20,148,B2_proxy_shared,32,32,activation_ls,16,32768,0,64,32832,6258752,3.4107491629464284,262144
20,148,B2_proxy_shared,64,64,projection,4,16384,1024,64,17472,6243392,3.402378627232143,524288
20,148,B2_proxy_shared,64,64,projection,8,32768,1024,64,33856,6259776,3.4113071986607144,524288
20,148,B2_proxy_shared,64,64,projection,16,65536,0,64,65600,6291520,3.4286063058035716,524288
20,148,B2_proxy_shared,64,64,activation_ls,4,16384,1024,64,17472,6243392,3.402378627232143,524288
20,148,B2_proxy_shared,64,64,activation_ls,8,32768,1024,64,33856,6259776,3.4113071986607144,524288
20,148,B2_proxy_shared,64,64,activation_ls,16,65536,0,64,65600,6291520,3.4286063058035716,524288
20,148,B2_proxy_shared,128,128,projection,4,32768,2048,64,34880,6260800,3.411865234375,1048576
20,148,B2_proxy_shared,128,128,projection,8,65536,2048,64,67648,6293568,3.429722377232143,1048576
20,148,B2_proxy_shared,128,128,projection,16,131072,0,64,131136,6357056,3.464320591517857,1048576
20,148,B2_proxy_shared,128,128,activation_ls,4,32768,2048,64,34880,6260800,3.411865234375,1048576
20,148,B2_proxy_shared,128,128,activation_ls,8,65536,2048,64,67648,6293568,3.429722377232143,1048576
20,148,B2_proxy_shared,128,128,activation_ls,16,131072,0,64,131136,6357056,3.464320591517857,1048576
20,148,B2_proxy_shared,256,256,projection,4,65536,4096,64,69696,6295616,3.4308384486607144,2097152
20,148,B2_proxy_shared,256,256,projection,8,131072,4096,64,135232,6361152,3.466552734375,2097152
20,148,B2_proxy_shared,256,256,projection,16,262144,0,64,262208,6488128,3.5357491629464284,2097152
20,148,B2_proxy_shared,256,256,activation_ls,4,65536,4096,64,69696,6295616,3.4308384486607144,2097152
20,148,B2_proxy_shared,256,256,activation_ls,8,131072,4096,64,135232,6361152,3.466552734375,2097152
20,148,B2_proxy_shared,256,256,activation_ls,16,262144,0,64,262208,6488128,3.5357491629464284,2097152
20,148,B2_proxy_shared,512,512,projection,4,131072,8192,64,139328,6365248,3.468784877232143,4194304
20,148,B2_proxy_shared,512,512,projection,8,262144,8192,64,270400,6496320,3.5402134486607144,4194304
20,148,B2_proxy_shared,512,512,projection,16,524288,0,64,524352,6750272,3.6786063058035716,4194304
20,148,B2_proxy_shared,512,512,activation_ls,4,131072,8192,64,139328,6365248,3.468784877232143,4194304
20,148,B2_proxy_shared,512,512,activation_ls,8,262144,8192,64,270400,6496320,3.5402134486607144,4194304
20,148,B2_proxy_shared,512,512,activation_ls,16,524288,0,64,524352,6750272,3.6786063058035716,4194304
20,148,B3_action_cluster_4,32,32,projection,4,8192,512,64,8768,6234688,3.3976353236607144,1048576
20,148,B3_action_cluster_4,32,32,projection,8,16384,512,64,16960,6242880,3.402099609375,1048576
20,148,B3_action_cluster_4,32,32,projection,16,32768,0,64,32832,6258752,3.4107491629464284,1048576
20,148,B3_action_cluster_4,32,32,activation_ls,4,8192,512,64,8768,6234688,3.3976353236607144,1048576
20,148,B3_action_cluster_4,32,32,activation_ls,8,16384,512,64,16960,6242880,3.402099609375,1048576
20,148,B3_action_cluster_4,32,32,activation_ls,16,32768,0,64,32832,6258752,3.4107491629464284,1048576
20,148,B3_action_cluster_4,64,64,projection,4,16384,1024,64,17472,6243392,3.402378627232143,2097152
20,148,B3_action_cluster_4,64,64,projection,8,32768,1024,64,33856,6259776,3.4113071986607144,2097152
20,148,B3_action_cluster_4,64,64,projection,16,65536,0,64,65600,6291520,3.4286063058035716,2097152
20,148,B3_action_cluster_4,64,64,activation_ls,4,16384,1024,64,17472,6243392,3.402378627232143,2097152
20,148,B3_action_cluster_4,64,64,activation_ls,8,32768,1024,64,33856,6259776,3.4113071986607144,2097152
20,148,B3_action_cluster_4,64,64,activation_ls,16,65536,0,64,65600,6291520,3.4286063058035716,2097152
20,148,B3_action_cluster_4,128,128,projection,4,32768,2048,64,34880,6260800,3.411865234375,4194304
20,148,B3_action_cluster_4,128,128,projection,8,65536,2048,64,67648,6293568,3.429722377232143,4194304
20,148,B3_action_cluster_4,128,128,projection,16,131072,0,64,131136,6357056,3.464320591517857,4194304
20,148,B3_action_cluster_4,128,128,activation_ls,4,32768,2048,64,34880,6260800,3.411865234375,4194304
20,148,B3_action_cluster_4,128,128,activation_ls,8,65536,2048,64,67648,6293568,3.429722377232143,4194304
20,148,B3_action_cluster_4,128,128,activation_ls,16,131072,0,64,131136,6357056,3.464320591517857,4194304
20,148,B3_action_cluster_4,256,128,projection,4,32768,2048,64,34880,6260800,3.411865234375,4194304
20,148,B3_action_cluster_4,256,128,projection,8,65536,2048,64,67648,6293568,3.429722377232143,4194304
20,148,B3_action_cluster_4,256,128,projection,16,131072,0,64,131136,6357056,3.464320591517857,4194304
20,148,B3_action_cluster_4,256,128,activation_ls,4,32768,2048,64,34880,6260800,3.411865234375,4194304
20,148,B3_action_cluster_4,256,128,activation_ls,8,65536,2048,64,67648,6293568,3.429722377232143,4194304
20,148,B3_action_cluster_4,256,128,activation_ls,16,131072,0,64,131136,6357056,3.464320591517857,4194304
20,148,B3_action_cluster_4,512,128,projection,4,32768,2048,64,34880,6260800,3.411865234375,4194304
20,148,B3_action_cluster_4,512,128,projection,8,65536,2048,64,67648,6293568,3.429722377232143,4194304
20,148,B3_action_cluster_4,512,128,projection,16,131072,0,64,131136,6357056,3.464320591517857,4194304
20,148,B3_action_cluster_4,512,128,activation_ls,4,32768,2048,64,34880,6260800,3.411865234375,4194304
20,148,B3_action_cluster_4,512,128,activation_ls,8,65536,2048,64,67648,6293568,3.429722377232143,4194304
20,148,B3_action_cluster_4,512,128,activation_ls,16,131072,0,64,131136,6357056,3.464320591517857,4194304
20,148,B3_action_cluster_8,32,32,projection,4,8192,512,64,8768,6234688,3.3976353236607144,2097152
20,148,B3_action_cluster_8,32,32,projection,8,16384,512,64,16960,6242880,3.402099609375,2097152
20,148,B3_action_cluster_8,32,32,projection,16,32768,0,64,32832,6258752,3.4107491629464284,2097152
20,148,B3_action_cluster_8,32,32,activation_ls,4,8192,512,64,8768,6234688,3.3976353236607144,2097152
20,148,B3_action_cluster_8,32,32,activation_ls,8,16384,512,64,16960,6242880,3.402099609375,2097152
20,148,B3_action_cluster_8,32,32,activation_ls,16,32768,0,64,32832,6258752,3.4107491629464284,2097152
20,148,B3_action_cluster_8,64,64,projection,4,16384,1024,64,17472,6243392,3.402378627232143,4194304
20,148,B3_action_cluster_8,64,64,projection,8,32768,1024,64,33856,6259776,3.4113071986607144,4194304
20,148,B3_action_cluster_8,64,64,projection,16,65536,0,64,65600,6291520,3.4286063058035716,4194304
20,148,B3_action_cluster_8,64,64,activation_ls,4,16384,1024,64,17472,6243392,3.402378627232143,4194304
20,148,B3_action_cluster_8,64,64,activation_ls,8,32768,1024,64,33856,6259776,3.4113071986607144,4194304
20,148,B3_action_cluster_8,64,64,activation_ls,16,65536,0,64,65600,6291520,3.4286063058035716,4194304
20,148,B3_action_cluster_8,128,128,projection,4,32768,2048,64,34880,6260800,3.411865234375,8388608
20,148,B3_action_cluster_8,128,128,projection,8,65536,2048,64,67648,6293568,3.429722377232143,8388608
20,148,B3_action_cluster_8,128,128,projection,16,131072,0,64,131136,6357056,3.464320591517857,8388608
20,148,B3_action_cluster_8,128,128,activation_ls,4,32768,2048,64,34880,6260800,3.411865234375,8388608
20,148,B3_action_cluster_8,128,128,activation_ls,8,65536,2048,64,67648,6293568,3.429722377232143,8388608
20,148,B3_action_cluster_8,128,128,activation_ls,16,131072,0,64,131136,6357056,3.464320591517857,8388608
20,148,B3_action_cluster_8,256,128,projection,4,32768,2048,64,34880,6260800,3.411865234375,8388608
20,148,B3_action_cluster_8,256,128,projection,8,65536,2048,64,67648,6293568,3.429722377232143,8388608
20,148,B3_action_cluster_8,256,128,projection,16,131072,0,64,131136,6357056,3.464320591517857,8388608
20,148,B3_action_cluster_8,256,128,activation_ls,4,32768,2048,64,34880,6260800,3.411865234375,8388608
20,148,B3_action_cluster_8,256,128,activation_ls,8,65536,2048,64,67648,6293568,3.429722377232143,8388608
20,148,B3_action_cluster_8,256,128,activation_ls,16,131072,0,64,131136,6357056,3.464320591517857,8388608
20,148,B3_action_cluster_8,512,128,projection,4,32768,2048,64,34880,6260800,3.411865234375,8388608
20,148,B3_action_cluster_8,512,128,projection,8,65536,2048,64,67648,6293568,3.429722377232143,8388608
20,148,B3_action_cluster_8,512,128,projection,16,131072,0,64,131136,6357056,3.464320591517857,8388608
20,148,B3_action_cluster_8,512,128,activation_ls,4,32768,2048,64,34880,6260800,3.411865234375,8388608
20,148,B3_action_cluster_8,512,128,activation_ls,8,65536,2048,64,67648,6293568,3.429722377232143,8388608
20,148,B3_action_cluster_8,512,128,activation_ls,16,131072,0,64,131136,6357056,3.464320591517857,8388608
20,148,B4_per_expert_raw,32,32,projection,4,8192,512,64,8768,6234688,3.3976353236607144,3145728
20,148,B4_per_expert_raw,32,32,projection,8,16384,512,64,16960,6242880,3.402099609375,3145728
20,148,B4_per_expert_raw,32,32,projection,16,32768,0,64,32832,6258752,3.4107491629464284,3145728
20,148,B4_per_expert_raw,32,32,activation_ls,4,8192,512,64,8768,6234688,3.3976353236607144,3145728
20,148,B4_per_expert_raw,32,32,activation_ls,8,16384,512,64,16960,6242880,3.402099609375,3145728
20,148,B4_per_expert_raw,32,32,activation_ls,16,32768,0,64,32832,6258752,3.4107491629464284,3145728
20,148,B4_per_expert_raw,64,64,projection,4,16384,1024,64,17472,6243392,3.402378627232143,6291456
20,148,B4_per_expert_raw,64,64,projection,8,32768,1024,64,33856,6259776,3.4113071986607144,6291456
20,148,B4_per_expert_raw,64,64,projection,16,65536,0,64,65600,6291520,3.4286063058035716,6291456
20,148,B4_per_expert_raw,64,64,activation_ls,4,16384,1024,64,17472,6243392,3.402378627232143,6291456
20,148,B4_per_expert_raw,64,64,activation_ls,8,32768,1024,64,33856,6259776,3.4113071986607144,6291456
20,148,B4_per_expert_raw,64,64,activation_ls,16,65536,0,64,65600,6291520,3.4286063058035716,6291456
20,148,B4_per_expert_raw,128,128,projection,4,32768,2048,64,34880,6260800,3.411865234375,12582912
20,148,B4_per_expert_raw,128,128,projection,8,65536,2048,64,67648,6293568,3.429722377232143,12582912
20,148,B4_per_expert_raw,128,128,projection,16,131072,0,64,131136,6357056,3.464320591517857,12582912
20,148,B4_per_expert_raw,128,128,activation_ls,4,32768,2048,64,34880,6260800,3.411865234375,12582912
20,148,B4_per_expert_raw,128,128,activation_ls,8,65536,2048,64,67648,6293568,3.429722377232143,12582912
20,148,B4_per_expert_raw,128,128,activation_ls,16,131072,0,64,131136,6357056,3.464320591517857,12582912
20,148,B4_per_expert_raw,256,256,projection,4,65536,4096,64,69696,6295616,3.4308384486607144,25165824
20,148,B4_per_expert_raw,256,256,projection,8,131072,4096,64,135232,6361152,3.466552734375,25165824
20,148,B4_per_expert_raw,256,256,projection,16,262144,0,64,262208,6488128,3.5357491629464284,25165824
20,148,B4_per_expert_raw,256,256,activation_ls,4,65536,4096,64,69696,6295616,3.4308384486607144,25165824
20,148,B4_per_expert_raw,256,256,activation_ls,8,131072,4096,64,135232,6361152,3.466552734375,25165824
20,148,B4_per_expert_raw,256,256,activation_ls,16,262144,0,64,262208,6488128,3.5357491629464284,25165824
20,148,B4_per_expert_raw,512,512,projection,4,131072,8192,64,139328,6365248,3.468784877232143,50331648
20,148,B4_per_expert_raw,512,512,projection,8,262144,8192,64,270400,6496320,3.5402134486607144,50331648
20,148,B4_per_expert_raw,512,512,projection,16,524288,0,64,524352,6750272,3.6786063058035716,50331648
20,148,B4_per_expert_raw,512,512,activation_ls,4,131072,8192,64,139328,6365248,3.468784877232143,50331648
20,148,B4_per_expert_raw,512,512,activation_ls,8,262144,8192,64,270400,6496320,3.5402134486607144,50331648
20,148,B4_per_expert_raw,512,512,activation_ls,16,524288,0,64,524352,6750272,3.6786063058035716,50331648
20,156,B0_raw_shared,32,32,projection,4,8192,512,64,8768,6234688,3.3976353236607144,262144
20,156,B0_raw_shared,32,32,projection,8,16384,512,64,16960,6242880,3.402099609375,262144
20,156,B0_raw_shared,32,32,projection,16,32768,0,64,32832,6258752,3.4107491629464284,262144
20,156,B0_raw_shared,32,32,activation_ls,4,8192,512,64,8768,6234688,3.3976353236607144,262144
20,156,B0_raw_shared,32,32,activation_ls,8,16384,512,64,16960,6242880,3.402099609375,262144
20,156,B0_raw_shared,32,32,activation_ls,16,32768,0,64,32832,6258752,3.4107491629464284,262144
20,156,B0_raw_shared,64,64,projection,4,16384,1024,64,17472,6243392,3.402378627232143,524288
20,156,B0_raw_shared,64,64,projection,8,32768,1024,64,33856,6259776,3.4113071986607144,524288
20,156,B0_raw_shared,64,64,projection,16,65536,0,64,65600,6291520,3.4286063058035716,524288
20,156,B0_raw_shared,64,64,activation_ls,4,16384,1024,64,17472,6243392,3.402378627232143,524288
20,156,B0_raw_shared,64,64,activation_ls,8,32768,1024,64,33856,6259776,3.4113071986607144,524288
20,156,B0_raw_shared,64,64,activation_ls,16,65536,0,64,65600,6291520,3.4286063058035716,524288
20,156,B0_raw_shared,128,128,projection,4,32768,2048,64,34880,6260800,3.411865234375,1048576
20,156,B0_raw_shared,128,128,projection,8,65536,2048,64,67648,6293568,3.429722377232143,1048576
20,156,B0_raw_shared,128,128,projection,16,131072,0,64,131136,6357056,3.464320591517857,1048576
20,156,B0_raw_shared,128,128,activation_ls,4,32768,2048,64,34880,6260800,3.411865234375,1048576
20,156,B0_raw_shared,128,128,activation_ls,8,65536,2048,64,67648,6293568,3.429722377232143,1048576
20,156,B0_raw_shared,128,128,activation_ls,16,131072,0,64,131136,6357056,3.464320591517857,1048576
20,156,B0_raw_shared,256,256,projection,4,65536,4096,64,69696,6295616,3.4308384486607144,2097152
20,156,B0_raw_shared,256,256,projection,8,131072,4096,64,135232,6361152,3.466552734375,2097152
20,156,B0_raw_shared,256,256,projection,16,262144,0,64,262208,6488128,3.5357491629464284,2097152
20,156,B0_raw_shared,256,256,activation_ls,4,65536,4096,64,69696,6295616,3.4308384486607144,2097152
20,156,B0_raw_shared,256,256,activation_ls,8,131072,4096,64,135232,6361152,3.466552734375,2097152
20,156,B0_raw_shared,256,256,activation_ls,16,262144,0,64,262208,6488128,3.5357491629464284,2097152
20,156,B0_raw_shared,512,512,projection,4,131072,8192,64,139328,6365248,3.468784877232143,4194304
20,156,B0_raw_shared,512,512,projection,8,262144,8192,64,270400,6496320,3.5402134486607144,4194304
20,156,B0_raw_shared,512,512,projection,16,524288,0,64,524352,6750272,3.6786063058035716,4194304
20,156,B0_raw_shared,512,512,activation_ls,4,131072,8192,64,139328,6365248,3.468784877232143,4194304
20,156,B0_raw_shared,512,512,activation_ls,8,262144,8192,64,270400,6496320,3.5402134486607144,4194304
20,156,B0_raw_shared,512,512,activation_ls,16,524288,0,64,524352,6750272,3.6786063058035716,4194304
20,156,B1_action_shared,32,32,projection,4,8192,512,64,8768,6234688,3.3976353236607144,262144
20,156,B1_action_shared,32,32,projection,8,16384,512,64,16960,6242880,3.402099609375,262144
20,156,B1_action_shared,32,32,projection,16,32768,0,64,32832,6258752,3.4107491629464284,262144
20,156,B1_action_shared,32,32,activation_ls,4,8192,512,64,8768,6234688,3.3976353236607144,262144
20,156,B1_action_shared,32,32,activation_ls,8,16384,512,64,16960,6242880,3.402099609375,262144
20,156,B1_action_shared,32,32,activation_ls,16,32768,0,64,32832,6258752,3.4107491629464284,262144
20,156,B1_action_shared,64,64,projection,4,16384,1024,64,17472,6243392,3.402378627232143,524288
20,156,B1_action_shared,64,64,projection,8,32768,1024,64,33856,6259776,3.4113071986607144,524288
20,156,B1_action_shared,64,64,projection,16,65536,0,64,65600,6291520,3.4286063058035716,524288
20,156,B1_action_shared,64,64,activation_ls,4,16384,1024,64,17472,6243392,3.402378627232143,524288
20,156,B1_action_shared,64,64,activation_ls,8,32768,1024,64,33856,6259776,3.4113071986607144,524288
20,156,B1_action_shared,64,64,activation_ls,16,65536,0,64,65600,6291520,3.4286063058035716,524288
20,156,B1_action_shared,128,128,projection,4,32768,2048,64,34880,6260800,3.411865234375,1048576
20,156,B1_action_shared,128,128,projection,8,65536,2048,64,67648,6293568,3.429722377232143,1048576
20,156,B1_action_shared,128,128,projection,16,131072,0,64,131136,6357056,3.464320591517857,1048576
20,156,B1_action_shared,128,128,activation_ls,4,32768,2048,64,34880,6260800,3.411865234375,1048576
20,156,B1_action_shared,128,128,activation_ls,8,65536,2048,64,67648,6293568,3.429722377232143,1048576
20,156,B1_action_shared,128,128,activation_ls,16,131072,0,64,131136,6357056,3.464320591517857,1048576
20,156,B1_action_shared,256,256,projection,4,65536,4096,64,69696,6295616,3.4308384486607144,2097152
20,156,B1_action_shared,256,256,projection,8,131072,4096,64,135232,6361152,3.466552734375,2097152
20,156,B1_action_shared,256,256,projection,16,262144,0,64,262208,6488128,3.5357491629464284,2097152
20,156,B1_action_shared,256,256,activation_ls,4,65536,4096,64,69696,6295616,3.4308384486607144,2097152
20,156,B1_action_shared,256,256,activation_ls,8,131072,4096,64,135232,6361152,3.466552734375,2097152
20,156,B1_action_shared,256,256,activation_ls,16,262144,0,64,262208,6488128,3.5357491629464284,2097152
20,156,B1_action_shared,512,512,projection,4,131072,8192,64,139328,6365248,3.468784877232143,4194304
20,156,B1_action_shared,512,512,projection,8,262144,8192,64,270400,6496320,3.5402134486607144,4194304
20,156,B1_action_shared,512,512,projection,16,524288,0,64,524352,6750272,3.6786063058035716,4194304
20,156,B1_action_shared,512,512,activation_ls,4,131072,8192,64,139328,6365248,3.468784877232143,4194304
20,156,B1_action_shared,512,512,activation_ls,8,262144,8192,64,270400,6496320,3.5402134486607144,4194304
20,156,B1_action_shared,512,512,activation_ls,16,524288,0,64,524352,6750272,3.6786063058035716,4194304
20,156,B2_proxy_shared,32,32,projection,4,8192,512,64,8768,6234688,3.3976353236607144,262144
20,156,B2_proxy_shared,32,32,projection,8,16384,512,64,16960,6242880,3.402099609375,262144
20,156,B2_proxy_shared,32,32,projection,16,32768,0,64,32832,6258752,3.4107491629464284,262144
20,156,B2_proxy_shared,32,32,activation_ls,4,8192,512,64,8768,6234688,3.3976353236607144,262144
20,156,B2_proxy_shared,32,32,activation_ls,8,16384,512,64,16960,6242880,3.402099609375,262144
20,156,B2_proxy_shared,32,32,activation_ls,16,32768,0,64,32832,6258752,3.4107491629464284,262144
20,156,B2_proxy_shared,64,64,projection,4,16384,1024,64,17472,6243392,3.402378627232143,524288
20,156,B2_proxy_shared,64,64,projection,8,32768,1024,64,33856,6259776,3.4113071986607144,524288
20,156,B2_proxy_shared,64,64,projection,16,65536,0,64,65600,6291520,3.4286063058035716,524288
20,156,B2_proxy_shared,64,64,activation_ls,4,16384,1024,64,17472,6243392,3.402378627232143,524288
20,156,B2_proxy_shared,64,64,activation_ls,8,32768,1024,64,33856,6259776,3.4113071986607144,524288
20,156,B2_proxy_shared,64,64,activation_ls,16,65536,0,64,65600,6291520,3.4286063058035716,524288
20,156,B2_proxy_shared,128,128,projection,4,32768,2048,64,34880,6260800,3.411865234375,1048576
20,156,B2_proxy_shared,128,128,projection,8,65536,2048,64,67648,6293568,3.429722377232143,1048576
20,156,B2_proxy_shared,128,128,projection,16,131072,0,64,131136,6357056,3.464320591517857,1048576
20,156,B2_proxy_shared,128,128,activation_ls,4,32768,2048,64,34880,6260800,3.411865234375,1048576
20,156,B2_proxy_shared,128,128,activation_ls,8,65536,2048,64,67648,6293568,3.429722377232143,1048576
20,156,B2_proxy_shared,128,128,activation_ls,16,131072,0,64,131136,6357056,3.464320591517857,1048576
20,156,B2_proxy_shared,256,256,projection,4,65536,4096,64,69696,6295616,3.4308384486607144,2097152
20,156,B2_proxy_shared,256,256,projection,8,131072,4096,64,135232,6361152,3.466552734375,2097152
20,156,B2_proxy_shared,256,256,projection,16,262144,0,64,262208,6488128,3.5357491629464284,2097152
20,156,B2_proxy_shared,256,256,activation_ls,4,65536,4096,64,69696,6295616,3.4308384486607144,2097152
20,156,B2_proxy_shared,256,256,activation_ls,8,131072,4096,64,135232,6361152,3.466552734375,2097152
20,156,B2_proxy_shared,256,256,activation_ls,16,262144,0,64,262208,6488128,3.5357491629464284,2097152
20,156,B2_proxy_shared,512,512,projection,4,131072,8192,64,139328,6365248,3.468784877232143,4194304
20,156,B2_proxy_shared,512,512,projection,8,262144,8192,64,270400,6496320,3.5402134486607144,4194304
20,156,B2_proxy_shared,512,512,projection,16,524288,0,64,524352,6750272,3.6786063058035716,4194304
20,156,B2_proxy_shared,512,512,activation_ls,4,131072,8192,64,139328,6365248,3.468784877232143,4194304
20,156,B2_proxy_shared,512,512,activation_ls,8,262144,8192,64,270400,6496320,3.5402134486607144,4194304
20,156,B2_proxy_shared,512,512,activation_ls,16,524288,0,64,524352,6750272,3.6786063058035716,4194304
20,156,B3_action_cluster_4,32,32,projection,4,8192,512,64,8768,6234688,3.3976353236607144,1048576
20,156,B3_action_cluster_4,32,32,projection,8,16384,512,64,16960,6242880,3.402099609375,1048576
20,156,B3_action_cluster_4,32,32,projection,16,32768,0,64,32832,6258752,3.4107491629464284,1048576
20,156,B3_action_cluster_4,32,32,activation_ls,4,8192,512,64,8768,6234688,3.3976353236607144,1048576
20,156,B3_action_cluster_4,32,32,activation_ls,8,16384,512,64,16960,6242880,3.402099609375,1048576
20,156,B3_action_cluster_4,32,32,activation_ls,16,32768,0,64,32832,6258752,3.4107491629464284,1048576
20,156,B3_action_cluster_4,64,64,projection,4,16384,1024,64,17472,6243392,3.402378627232143,2097152
20,156,B3_action_cluster_4,64,64,projection,8,32768,1024,64,33856,6259776,3.4113071986607144,2097152
20,156,B3_action_cluster_4,64,64,projection,16,65536,0,64,65600,6291520,3.4286063058035716,2097152
20,156,B3_action_cluster_4,64,64,activation_ls,4,16384,1024,64,17472,6243392,3.402378627232143,2097152
20,156,B3_action_cluster_4,64,64,activation_ls,8,32768,1024,64,33856,6259776,3.4113071986607144,2097152
20,156,B3_action_cluster_4,64,64,activation_ls,16,65536,0,64,65600,6291520,3.4286063058035716,2097152
20,156,B3_action_cluster_4,128,128,projection,4,32768,2048,64,34880,6260800,3.411865234375,4194304
20,156,B3_action_cluster_4,128,128,projection,8,65536,2048,64,67648,6293568,3.429722377232143,4194304
20,156,B3_action_cluster_4,128,128,projection,16,131072,0,64,131136,6357056,3.464320591517857,4194304
20,156,B3_action_cluster_4,128,128,activation_ls,4,32768,2048,64,34880,6260800,3.411865234375,4194304
20,156,B3_action_cluster_4,128,128,activation_ls,8,65536,2048,64,67648,6293568,3.429722377232143,4194304
20,156,B3_action_cluster_4,128,128,activation_ls,16,131072,0,64,131136,6357056,3.464320591517857,4194304
20,156,B3_action_cluster_4,256,256,projection,4,65536,4096,64,69696,6295616,3.4308384486607144,8388608
20,156,B3_action_cluster_4,256,256,projection,8,131072,4096,64,135232,6361152,3.466552734375,8388608
20,156,B3_action_cluster_4,256,256,projection,16,262144,0,64,262208,6488128,3.5357491629464284,8388608
20,156,B3_action_cluster_4,256,256,activation_ls,4,65536,4096,64,69696,6295616,3.4308384486607144,8388608
20,156,B3_action_cluster_4,256,256,activation_ls,8,131072,4096,64,135232,6361152,3.466552734375,8388608
20,156,B3_action_cluster_4,256,256,activation_ls,16,262144,0,64,262208,6488128,3.5357491629464284,8388608
20,156,B3_action_cluster_4,512,419,projection,4,107264,6704,64,114032,6339952,3.4549996512276784,13729792
20,156,B3_action_cluster_4,512,419,projection,8,214528,6704,64,221296,6447216,3.513453892299107,13729792
20,156,B3_action_cluster_4,512,419,projection,16,429056,0,64,429120,6655040,3.626708984375,13729792
20,156,B3_action_cluster_4,512,419,activation_ls,4,107264,6704,64,114032,6339952,3.4549996512276784,13729792
20,156,B3_action_cluster_4,512,419,activation_ls,8,214528,6704,64,221296,6447216,3.513453892299107,13729792
20,156,B3_action_cluster_4,512,419,activation_ls,16,429056,0,64,429120,6655040,3.626708984375,13729792
20,156,B3_action_cluster_8,32,32,projection,4,8192,512,64,8768,6234688,3.3976353236607144,2097152
20,156,B3_action_cluster_8,32,32,projection,8,16384,512,64,16960,6242880,3.402099609375,2097152
20,156,B3_action_cluster_8,32,32,projection,16,32768,0,64,32832,6258752,3.4107491629464284,2097152
20,156,B3_action_cluster_8,32,32,activation_ls,4,8192,512,64,8768,6234688,3.3976353236607144,2097152
20,156,B3_action_cluster_8,32,32,activation_ls,8,16384,512,64,16960,6242880,3.402099609375,2097152
20,156,B3_action_cluster_8,32,32,activation_ls,16,32768,0,64,32832,6258752,3.4107491629464284,2097152
20,156,B3_action_cluster_8,64,51,projection,4,13056,816,64,13936,6239856,3.40045166015625,3342336
20,156,B3_action_cluster_8,64,51,projection,8,26112,816,64,26992,6252912,3.407566615513393,3342336
20,156,B3_action_cluster_8,64,51,projection,16,52224,0,64,52288,6278208,3.421351841517857,3342336
20,156,B3_action_cluster_8,64,51,activation_ls,4,13056,816,64,13936,6239856,3.40045166015625,3342336
20,156,B3_action_cluster_8,64,51,activation_ls,8,26112,816,64,26992,6252912,3.407566615513393,3342336
20,156,B3_action_cluster_8,64,51,activation_ls,16,52224,0,64,52288,6278208,3.421351841517857,3342336
20,156,B3_action_cluster_8,128,51,projection,4,13056,816,64,13936,6239856,3.40045166015625,3342336
20,156,B3_action_cluster_8,128,51,projection,8,26112,816,64,26992,6252912,3.407566615513393,3342336
20,156,B3_action_cluster_8,128,51,projection,16,52224,0,64,52288,6278208,3.421351841517857,3342336
20,156,B3_action_cluster_8,128,51,activation_ls,4,13056,816,64,13936,6239856,3.40045166015625,3342336
20,156,B3_action_cluster_8,128,51,activation_ls,8,26112,816,64,26992,6252912,3.407566615513393,3342336
20,156,B3_action_cluster_8,128,51,activation_ls,16,52224,0,64,52288,6278208,3.421351841517857,3342336
20,156,B3_action_cluster_8,256,51,projection,4,13056,816,64,13936,6239856,3.40045166015625,3342336
20,156,B3_action_cluster_8,256,51,projection,8,26112,816,64,26992,6252912,3.407566615513393,3342336
20,156,B3_action_cluster_8,256,51,projection,16,52224,0,64,52288,6278208,3.421351841517857,3342336
20,156,B3_action_cluster_8,256,51,activation_ls,4,13056,816,64,13936,6239856,3.40045166015625,3342336
20,156,B3_action_cluster_8,256,51,activation_ls,8,26112,816,64,26992,6252912,3.407566615513393,3342336
20,156,B3_action_cluster_8,256,51,activation_ls,16,52224,0,64,52288,6278208,3.421351841517857,3342336
20,156,B3_action_cluster_8,512,51,projection,4,13056,816,64,13936,6239856,3.40045166015625,3342336
20,156,B3_action_cluster_8,512,51,projection,8,26112,816,64,26992,6252912,3.407566615513393,3342336
20,156,B3_action_cluster_8,512,51,projection,16,52224,0,64,52288,6278208,3.421351841517857,3342336
20,156,B3_action_cluster_8,512,51,activation_ls,4,13056,816,64,13936,6239856,3.40045166015625,3342336
20,156,B3_action_cluster_8,512,51,activation_ls,8,26112,816,64,26992,6252912,3.407566615513393,3342336
20,156,B3_action_cluster_8,512,51,activation_ls,16,52224,0,64,52288,6278208,3.421351841517857,3342336
20,156,B4_per_expert_raw,32,32,projection,4,8192,512,64,8768,6234688,3.3976353236607144,3145728
20,156,B4_per_expert_raw,32,32,projection,8,16384,512,64,16960,6242880,3.402099609375,3145728
20,156,B4_per_expert_raw,32,32,projection,16,32768,0,64,32832,6258752,3.4107491629464284,3145728
20,156,B4_per_expert_raw,32,32,activation_ls,4,8192,512,64,8768,6234688,3.3976353236607144,3145728
20,156,B4_per_expert_raw,32,32,activation_ls,8,16384,512,64,16960,6242880,3.402099609375,3145728
20,156,B4_per_expert_raw,32,32,activation_ls,16,32768,0,64,32832,6258752,3.4107491629464284,3145728
20,156,B4_per_expert_raw,64,64,projection,4,16384,1024,64,17472,6243392,3.402378627232143,6291456
20,156,B4_per_expert_raw,64,64,projection,8,32768,1024,64,33856,6259776,3.4113071986607144,6291456
20,156,B4_per_expert_raw,64,64,projection,16,65536,0,64,65600,6291520,3.4286063058035716,6291456
20,156,B4_per_expert_raw,64,64,activation_ls,4,16384,1024,64,17472,6243392,3.402378627232143,6291456
20,156,B4_per_expert_raw,64,64,activation_ls,8,32768,1024,64,33856,6259776,3.4113071986607144,6291456
20,156,B4_per_expert_raw,64,64,activation_ls,16,65536,0,64,65600,6291520,3.4286063058035716,6291456
20,156,B4_per_expert_raw,128,128,projection,4,32768,2048,64,34880,6260800,3.411865234375,12582912
20,156,B4_per_expert_raw,128,128,projection,8,65536,2048,64,67648,6293568,3.429722377232143,12582912
20,156,B4_per_expert_raw,128,128,projection,16,131072,0,64,131136,6357056,3.464320591517857,12582912
20,156,B4_per_expert_raw,128,128,activation_ls,4,32768,2048,64,34880,6260800,3.411865234375,12582912
20,156,B4_per_expert_raw,128,128,activation_ls,8,65536,2048,64,67648,6293568,3.429722377232143,12582912
20,156,B4_per_expert_raw,128,128,activation_ls,16,131072,0,64,131136,6357056,3.464320591517857,12582912
20,156,B4_per_expert_raw,256,256,projection,4,65536,4096,64,69696,6295616,3.4308384486607144,25165824
20,156,B4_per_expert_raw,256,256,projection,8,131072,4096,64,135232,6361152,3.466552734375,25165824
20,156,B4_per_expert_raw,256,256,projection,16,262144,0,64,262208,6488128,3.5357491629464284,25165824
20,156,B4_per_expert_raw,256,256,activation_ls,4,65536,4096,64,69696,6295616,3.4308384486607144,25165824
20,156,B4_per_expert_raw,256,256,activation_ls,8,131072,4096,64,135232,6361152,3.466552734375,25165824
20,156,B4_per_expert_raw,256,256,activation_ls,16,262144,0,64,262208,6488128,3.5357491629464284,25165824
20,156,B4_per_expert_raw,512,512,projection,4,131072,8192,64,139328,6365248,3.468784877232143,50331648
20,156,B4_per_expert_raw,512,512,projection,8,262144,8192,64,270400,6496320,3.5402134486607144,50331648
20,156,B4_per_expert_raw,512,512,projection,16,524288,0,64,524352,6750272,3.6786063058035716,50331648
20,156,B4_per_expert_raw,512,512,activation_ls,4,131072,8192,64,139328,6365248,3.468784877232143,50331648
20,156,B4_per_expert_raw,512,512,activation_ls,8,262144,8192,64,270400,6496320,3.5402134486607144,50331648
20,156,B4_per_expert_raw,512,512,activation_ls,16,524288,0,64,524352,6750272,3.6786063058035716,50331648
20,232,B0_raw_shared,32,32,projection,4,8192,512,64,8768,6234688,3.3976353236607144,262144
20,232,B0_raw_shared,32,32,projection,8,16384,512,64,16960,6242880,3.402099609375,262144
20,232,B0_raw_shared,32,32,projection,16,32768,0,64,32832,6258752,3.4107491629464284,262144
20,232,B0_raw_shared,32,32,activation_ls,4,8192,512,64,8768,6234688,3.3976353236607144,262144
20,232,B0_raw_shared,32,32,activation_ls,8,16384,512,64,16960,6242880,3.402099609375,262144
20,232,B0_raw_shared,32,32,activation_ls,16,32768,0,64,32832,6258752,3.4107491629464284,262144
20,232,B0_raw_shared,64,64,projection,4,16384,1024,64,17472,6243392,3.402378627232143,524288
20,232,B0_raw_shared,64,64,projection,8,32768,1024,64,33856,6259776,3.4113071986607144,524288
20,232,B0_raw_shared,64,64,projection,16,65536,0,64,65600,6291520,3.4286063058035716,524288
20,232,B0_raw_shared,64,64,activation_ls,4,16384,1024,64,17472,6243392,3.402378627232143,524288
20,232,B0_raw_shared,64,64,activation_ls,8,32768,1024,64,33856,6259776,3.4113071986607144,524288
20,232,B0_raw_shared,64,64,activation_ls,16,65536,0,64,65600,6291520,3.4286063058035716,524288
20,232,B0_raw_shared,128,128,projection,4,32768,2048,64,34880,6260800,3.411865234375,1048576
20,232,B0_raw_shared,128,128,projection,8,65536,2048,64,67648,6293568,3.429722377232143,1048576
20,232,B0_raw_shared,128,128,projection,16,131072,0,64,131136,6357056,3.464320591517857,1048576
20,232,B0_raw_shared,128,128,activation_ls,4,32768,2048,64,34880,6260800,3.411865234375,1048576
20,232,B0_raw_shared,128,128,activation_ls,8,65536,2048,64,67648,6293568,3.429722377232143,1048576
20,232,B0_raw_shared,128,128,activation_ls,16,131072,0,64,131136,6357056,3.464320591517857,1048576
20,232,B0_raw_shared,256,256,projection,4,65536,4096,64,69696,6295616,3.4308384486607144,2097152
20,232,B0_raw_shared,256,256,projection,8,131072,4096,64,135232,6361152,3.466552734375,2097152
20,232,B0_raw_shared,256,256,projection,16,262144,0,64,262208,6488128,3.5357491629464284,2097152
20,232,B0_raw_shared,256,256,activation_ls,4,65536,4096,64,69696,6295616,3.4308384486607144,2097152
20,232,B0_raw_shared,256,256,activation_ls,8,131072,4096,64,135232,6361152,3.466552734375,2097152
20,232,B0_raw_shared,256,256,activation_ls,16,262144,0,64,262208,6488128,3.5357491629464284,2097152
20,232,B0_raw_shared,512,512,projection,4,131072,8192,64,139328,6365248,3.468784877232143,4194304
20,232,B0_raw_shared,512,512,projection,8,262144,8192,64,270400,6496320,3.5402134486607144,4194304
20,232,B0_raw_shared,512,512,projection,16,524288,0,64,524352,6750272,3.6786063058035716,4194304
20,232,B0_raw_shared,512,512,activation_ls,4,131072,8192,64,139328,6365248,3.468784877232143,4194304
20,232,B0_raw_shared,512,512,activation_ls,8,262144,8192,64,270400,6496320,3.5402134486607144,4194304
20,232,B0_raw_shared,512,512,activation_ls,16,524288,0,64,524352,6750272,3.6786063058035716,4194304
20,232,B1_action_shared,32,32,projection,4,8192,512,64,8768,6234688,3.3976353236607144,262144
20,232,B1_action_shared,32,32,projection,8,16384,512,64,16960,6242880,3.402099609375,262144
20,232,B1_action_shared,32,32,projection,16,32768,0,64,32832,6258752,3.4107491629464284,262144
20,232,B1_action_shared,32,32,activation_ls,4,8192,512,64,8768,6234688,3.3976353236607144,262144
20,232,B1_action_shared,32,32,activation_ls,8,16384,512,64,16960,6242880,3.402099609375,262144
20,232,B1_action_shared,32,32,activation_ls,16,32768,0,64,32832,6258752,3.4107491629464284,262144
20,232,B1_action_shared,64,64,projection,4,16384,1024,64,17472,6243392,3.402378627232143,524288
20,232,B1_action_shared,64,64,projection,8,32768,1024,64,33856,6259776,3.4113071986607144,524288
20,232,B1_action_shared,64,64,projection,16,65536,0,64,65600,6291520,3.4286063058035716,524288
20,232,B1_action_shared,64,64,activation_ls,4,16384,1024,64,17472,6243392,3.402378627232143,524288
20,232,B1_action_shared,64,64,activation_ls,8,32768,1024,64,33856,6259776,3.4113071986607144,524288
20,232,B1_action_shared,64,64,activation_ls,16,65536,0,64,65600,6291520,3.4286063058035716,524288
20,232,B1_action_shared,128,128,projection,4,32768,2048,64,34880,6260800,3.411865234375,1048576
20,232,B1_action_shared,128,128,projection,8,65536,2048,64,67648,6293568,3.429722377232143,1048576
20,232,B1_action_shared,128,128,projection,16,131072,0,64,131136,6357056,3.464320591517857,1048576
20,232,B1_action_shared,128,128,activation_ls,4,32768,2048,64,34880,6260800,3.411865234375,1048576
20,232,B1_action_shared,128,128,activation_ls,8,65536,2048,64,67648,6293568,3.429722377232143,1048576
20,232,B1_action_shared,128,128,activation_ls,16,131072,0,64,131136,6357056,3.464320591517857,1048576
20,232,B1_action_shared,256,256,projection,4,65536,4096,64,69696,6295616,3.4308384486607144,2097152
20,232,B1_action_shared,256,256,projection,8,131072,4096,64,135232,6361152,3.466552734375,2097152
20,232,B1_action_shared,256,256,projection,16,262144,0,64,262208,6488128,3.5357491629464284,2097152
20,232,B1_action_shared,256,256,activation_ls,4,65536,4096,64,69696,6295616,3.4308384486607144,2097152
20,232,B1_action_shared,256,256,activation_ls,8,131072,4096,64,135232,6361152,3.466552734375,2097152
20,232,B1_action_shared,256,256,activation_ls,16,262144,0,64,262208,6488128,3.5357491629464284,2097152
20,232,B1_action_shared,512,512,projection,4,131072,8192,64,139328,6365248,3.468784877232143,4194304
20,232,B1_action_shared,512,512,projection,8,262144,8192,64,270400,6496320,3.5402134486607144,4194304
20,232,B1_action_shared,512,512,projection,16,524288,0,64,524352,6750272,3.6786063058035716,4194304
20,232,B1_action_shared,512,512,activation_ls,4,131072,8192,64,139328,6365248,3.468784877232143,4194304
20,232,B1_action_shared,512,512,activation_ls,8,262144,8192,64,270400,6496320,3.5402134486607144,4194304
20,232,B1_action_shared,512,512,activation_ls,16,524288,0,64,524352,6750272,3.6786063058035716,4194304
20,232,B2_proxy_shared,32,32,projection,4,8192,512,64,8768,6234688,3.3976353236607144,262144
20,232,B2_proxy_shared,32,32,projection,8,16384,512,64,16960,6242880,3.402099609375,262144
20,232,B2_proxy_shared,32,32,projection,16,32768,0,64,32832,6258752,3.4107491629464284,262144
20,232,B2_proxy_shared,32,32,activation_ls,4,8192,512,64,8768,6234688,3.3976353236607144,262144
20,232,B2_proxy_shared,32,32,activation_ls,8,16384,512,64,16960,6242880,3.402099609375,262144
20,232,B2_proxy_shared,32,32,activation_ls,16,32768,0,64,32832,6258752,3.4107491629464284,262144
20,232,B2_proxy_shared,64,64,projection,4,16384,1024,64,17472,6243392,3.402378627232143,524288
20,232,B2_proxy_shared,64,64,projection,8,32768,1024,64,33856,6259776,3.4113071986607144,524288
20,232,B2_proxy_shared,64,64,projection,16,65536,0,64,65600,6291520,3.4286063058035716,524288
20,232,B2_proxy_shared,64,64,activation_ls,4,16384,1024,64,17472,6243392,3.402378627232143,524288
20,232,B2_proxy_shared,64,64,activation_ls,8,32768,1024,64,33856,6259776,3.4113071986607144,524288
20,232,B2_proxy_shared,64,64,activation_ls,16,65536,0,64,65600,6291520,3.4286063058035716,524288
20,232,B2_proxy_shared,128,128,projection,4,32768,2048,64,34880,6260800,3.411865234375,1048576
20,232,B2_proxy_shared,128,128,projection,8,65536,2048,64,67648,6293568,3.429722377232143,1048576
20,232,B2_proxy_shared,128,128,projection,16,131072,0,64,131136,6357056,3.464320591517857,1048576
20,232,B2_proxy_shared,128,128,activation_ls,4,32768,2048,64,34880,6260800,3.411865234375,1048576
20,232,B2_proxy_shared,128,128,activation_ls,8,65536,2048,64,67648,6293568,3.429722377232143,1048576
20,232,B2_proxy_shared,128,128,activation_ls,16,131072,0,64,131136,6357056,3.464320591517857,1048576
20,232,B2_proxy_shared,256,256,projection,4,65536,4096,64,69696,6295616,3.4308384486607144,2097152
20,232,B2_proxy_shared,256,256,projection,8,131072,4096,64,135232,6361152,3.466552734375,2097152
20,232,B2_proxy_shared,256,256,projection,16,262144,0,64,262208,6488128,3.5357491629464284,2097152
20,232,B2_proxy_shared,256,256,activation_ls,4,65536,4096,64,69696,6295616,3.4308384486607144,2097152
20,232,B2_proxy_shared,256,256,activation_ls,8,131072,4096,64,135232,6361152,3.466552734375,2097152
20,232,B2_proxy_shared,256,256,activation_ls,16,262144,0,64,262208,6488128,3.5357491629464284,2097152
20,232,B2_proxy_shared,512,512,projection,4,131072,8192,64,139328,6365248,3.468784877232143,4194304
20,232,B2_proxy_shared,512,512,projection,8,262144,8192,64,270400,6496320,3.5402134486607144,4194304
20,232,B2_proxy_shared,512,512,projection,16,524288,0,64,524352,6750272,3.6786063058035716,4194304
20,232,B2_proxy_shared,512,512,activation_ls,4,131072,8192,64,139328,6365248,3.468784877232143,4194304
20,232,B2_proxy_shared,512,512,activation_ls,8,262144,8192,64,270400,6496320,3.5402134486607144,4194304
20,232,B2_proxy_shared,512,512,activation_ls,16,524288,0,64,524352,6750272,3.6786063058035716,4194304
20,232,B3_action_cluster_4,32,32,projection,4,8192,512,64,8768,6234688,3.3976353236607144,1048576
20,232,B3_action_cluster_4,32,32,projection,8,16384,512,64,16960,6242880,3.402099609375,1048576
20,232,B3_action_cluster_4,32,32,projection,16,32768,0,64,32832,6258752,3.4107491629464284,1048576
20,232,B3_action_cluster_4,32,32,activation_ls,4,8192,512,64,8768,6234688,3.3976353236607144,1048576
20,232,B3_action_cluster_4,32,32,activation_ls,8,16384,512,64,16960,6242880,3.402099609375,1048576
20,232,B3_action_cluster_4,32,32,activation_ls,16,32768,0,64,32832,6258752,3.4107491629464284,1048576
20,232,B3_action_cluster_4,64,64,projection,4,16384,1024,64,17472,6243392,3.402378627232143,2097152
20,232,B3_action_cluster_4,64,64,projection,8,32768,1024,64,33856,6259776,3.4113071986607144,2097152
20,232,B3_action_cluster_4,64,64,projection,16,65536,0,64,65600,6291520,3.4286063058035716,2097152
20,232,B3_action_cluster_4,64,64,activation_ls,4,16384,1024,64,17472,6243392,3.402378627232143,2097152
20,232,B3_action_cluster_4,64,64,activation_ls,8,32768,1024,64,33856,6259776,3.4113071986607144,2097152
20,232,B3_action_cluster_4,64,64,activation_ls,16,65536,0,64,65600,6291520,3.4286063058035716,2097152
20,232,B3_action_cluster_4,128,128,projection,4,32768,2048,64,34880,6260800,3.411865234375,4194304
20,232,B3_action_cluster_4,128,128,projection,8,65536,2048,64,67648,6293568,3.429722377232143,4194304
20,232,B3_action_cluster_4,128,128,projection,16,131072,0,64,131136,6357056,3.464320591517857,4194304
20,232,B3_action_cluster_4,128,128,activation_ls,4,32768,2048,64,34880,6260800,3.411865234375,4194304
20,232,B3_action_cluster_4,128,128,activation_ls,8,65536,2048,64,67648,6293568,3.429722377232143,4194304
20,232,B3_action_cluster_4,128,128,activation_ls,16,131072,0,64,131136,6357056,3.464320591517857,4194304
20,232,B3_action_cluster_4,256,256,projection,4,65536,4096,64,69696,6295616,3.4308384486607144,8388608
20,232,B3_action_cluster_4,256,256,projection,8,131072,4096,64,135232,6361152,3.466552734375,8388608
20,232,B3_action_cluster_4,256,256,projection,16,262144,0,64,262208,6488128,3.5357491629464284,8388608
20,232,B3_action_cluster_4,256,256,activation_ls,4,65536,4096,64,69696,6295616,3.4308384486607144,8388608
20,232,B3_action_cluster_4,256,256,activation_ls,8,131072,4096,64,135232,6361152,3.466552734375,8388608
20,232,B3_action_cluster_4,256,256,activation_ls,16,262144,0,64,262208,6488128,3.5357491629464284,8388608
20,232,B3_action_cluster_4,512,419,projection,4,107264,6704,64,114032,6339952,3.4549996512276784,13729792
20,232,B3_action_cluster_4,512,419,projection,8,214528,6704,64,221296,6447216,3.513453892299107,13729792
20,232,B3_action_cluster_4,512,419,projection,16,429056,0,64,429120,6655040,3.626708984375,13729792
20,232,B3_action_cluster_4,512,419,activation_ls,4,107264,6704,64,114032,6339952,3.4549996512276784,13729792
20,232,B3_action_cluster_4,512,419,activation_ls,8,214528,6704,64,221296,6447216,3.513453892299107,13729792
20,232,B3_action_cluster_4,512,419,activation_ls,16,429056,0,64,429120,6655040,3.626708984375,13729792
20,232,B3_action_cluster_8,32,32,projection,4,8192,512,64,8768,6234688,3.3976353236607144,2097152
20,232,B3_action_cluster_8,32,32,projection,8,16384,512,64,16960,6242880,3.402099609375,2097152
20,232,B3_action_cluster_8,32,32,projection,16,32768,0,64,32832,6258752,3.4107491629464284,2097152
20,232,B3_action_cluster_8,32,32,activation_ls,4,8192,512,64,8768,6234688,3.3976353236607144,2097152
20,232,B3_action_cluster_8,32,32,activation_ls,8,16384,512,64,16960,6242880,3.402099609375,2097152
20,232,B3_action_cluster_8,32,32,activation_ls,16,32768,0,64,32832,6258752,3.4107491629464284,2097152
20,232,B3_action_cluster_8,64,64,projection,4,16384,1024,64,17472,6243392,3.402378627232143,4194304
20,232,B3_action_cluster_8,64,64,projection,8,32768,1024,64,33856,6259776,3.4113071986607144,4194304
20,232,B3_action_cluster_8,64,64,projection,16,65536,0,64,65600,6291520,3.4286063058035716,4194304
20,232,B3_action_cluster_8,64,64,activation_ls,4,16384,1024,64,17472,6243392,3.402378627232143,4194304
20,232,B3_action_cluster_8,64,64,activation_ls,8,32768,1024,64,33856,6259776,3.4113071986607144,4194304
20,232,B3_action_cluster_8,64,64,activation_ls,16,65536,0,64,65600,6291520,3.4286063058035716,4194304
20,232,B3_action_cluster_8,128,128,projection,4,32768,2048,64,34880,6260800,3.411865234375,8388608
20,232,B3_action_cluster_8,128,128,projection,8,65536,2048,64,67648,6293568,3.429722377232143,8388608
20,232,B3_action_cluster_8,128,128,projection,16,131072,0,64,131136,6357056,3.464320591517857,8388608
20,232,B3_action_cluster_8,128,128,activation_ls,4,32768,2048,64,34880,6260800,3.411865234375,8388608
20,232,B3_action_cluster_8,128,128,activation_ls,8,65536,2048,64,67648,6293568,3.429722377232143,8388608
20,232,B3_action_cluster_8,128,128,activation_ls,16,131072,0,64,131136,6357056,3.464320591517857,8388608
20,232,B3_action_cluster_8,256,256,projection,4,65536,4096,64,69696,6295616,3.4308384486607144,16777216
20,232,B3_action_cluster_8,256,256,projection,8,131072,4096,64,135232,6361152,3.466552734375,16777216
20,232,B3_action_cluster_8,256,256,projection,16,262144,0,64,262208,6488128,3.5357491629464284,16777216
20,232,B3_action_cluster_8,256,256,activation_ls,4,65536,4096,64,69696,6295616,3.4308384486607144,16777216
20,232,B3_action_cluster_8,256,256,activation_ls,8,131072,4096,64,135232,6361152,3.466552734375,16777216
20,232,B3_action_cluster_8,256,256,activation_ls,16,262144,0,64,262208,6488128,3.5357491629464284,16777216
20,232,B3_action_cluster_8,512,384,projection,4,98304,6144,64,104512,6330432,3.4498116629464284,25165824
20,232,B3_action_cluster_8,512,384,projection,8,196608,6144,64,202816,6428736,3.503383091517857,25165824
20,232,B3_action_cluster_8,512,384,projection,16,393216,0,64,393280,6619200,3.607177734375,25165824
20,232,B3_action_cluster_8,512,384,activation_ls,4,98304,6144,64,104512,6330432,3.4498116629464284,25165824
20,232,B3_action_cluster_8,512,384,activation_ls,8,196608,6144,64,202816,6428736,3.503383091517857,25165824
20,232,B3_action_cluster_8,512,384,activation_ls,16,393216,0,64,393280,6619200,3.607177734375,25165824
20,232,B4_per_expert_raw,32,32,projection,4,8192,512,64,8768,6234688,3.3976353236607144,3145728
20,232,B4_per_expert_raw,32,32,projection,8,16384,512,64,16960,6242880,3.402099609375,3145728
20,232,B4_per_expert_raw,32,32,projection,16,32768,0,64,32832,6258752,3.4107491629464284,3145728
20,232,B4_per_expert_raw,32,32,activation_ls,4,8192,512,64,8768,6234688,3.3976353236607144,3145728
20,232,B4_per_expert_raw,32,32,activation_ls,8,16384,512,64,16960,6242880,3.402099609375,3145728
20,232,B4_per_expert_raw,32,32,activation_ls,16,32768,0,64,32832,6258752,3.4107491629464284,3145728
20,232,B4_per_expert_raw,64,64,projection,4,16384,1024,64,17472,6243392,3.402378627232143,6291456
20,232,B4_per_expert_raw,64,64,projection,8,32768,1024,64,33856,6259776,3.4113071986607144,6291456
20,232,B4_per_expert_raw,64,64,projection,16,65536,0,64,65600,6291520,3.4286063058035716,6291456
20,232,B4_per_expert_raw,64,64,activation_ls,4,16384,1024,64,17472,6243392,3.402378627232143,6291456
20,232,B4_per_expert_raw,64,64,activation_ls,8,32768,1024,64,33856,6259776,3.4113071986607144,6291456
20,232,B4_per_expert_raw,64,64,activation_ls,16,65536,0,64,65600,6291520,3.4286063058035716,6291456
20,232,B4_per_expert_raw,128,128,projection,4,32768,2048,64,34880,6260800,3.411865234375,12582912
20,232,B4_per_expert_raw,128,128,projection,8,65536,2048,64,67648,6293568,3.429722377232143,12582912
20,232,B4_per_expert_raw,128,128,projection,16,131072,0,64,131136,6357056,3.464320591517857,12582912
20,232,B4_per_expert_raw,128,128,activation_ls,4,32768,2048,64,34880,6260800,3.411865234375,12582912
20,232,B4_per_expert_raw,128,128,activation_ls,8,65536,2048,64,67648,6293568,3.429722377232143,12582912
20,232,B4_per_expert_raw,128,128,activation_ls,16,131072,0,64,131136,6357056,3.464320591517857,12582912
20,232,B4_per_expert_raw,256,256,projection,4,65536,4096,64,69696,6295616,3.4308384486607144,25165824
20,232,B4_per_expert_raw,256,256,projection,8,131072,4096,64,135232,6361152,3.466552734375,25165824
20,232,B4_per_expert_raw,256,256,projection,16,262144,0,64,262208,6488128,3.5357491629464284,25165824
20,232,B4_per_expert_raw,256,256,activation_ls,4,65536,4096,64,69696,6295616,3.4308384486607144,25165824
20,232,B4_per_expert_raw,256,256,activation_ls,8,131072,4096,64,135232,6361152,3.466552734375,25165824
20,232,B4_per_expert_raw,256,256,activation_ls,16,262144,0,64,262208,6488128,3.5357491629464284,25165824
20,232,B4_per_expert_raw,512,512,projection,4,131072,8192,64,139328,6365248,3.468784877232143,50331648
20,232,B4_per_expert_raw,512,512,projection,8,262144,8192,64,270400,6496320,3.5402134486607144,50331648
20,232,B4_per_expert_raw,512,512,projection,16,524288,0,64,524352,6750272,3.6786063058035716,50331648
20,232,B4_per_expert_raw,512,512,activation_ls,4,131072,8192,64,139328,6365248,3.468784877232143,50331648
20,232,B4_per_expert_raw,512,512,activation_ls,8,262144,8192,64,270400,6496320,3.5402134486607144,50331648
20,232,B4_per_expert_raw,512,512,activation_ls,16,524288,0,64,524352,6750272,3.6786063058035716,50331648
20,240,B0_raw_shared,32,32,projection,4,8192,512,64,8768,6234688,3.3976353236607144,262144
20,240,B0_raw_shared,32,32,projection,8,16384,512,64,16960,6242880,3.402099609375,262144
20,240,B0_raw_shared,32,32,projection,16,32768,0,64,32832,6258752,3.4107491629464284,262144
20,240,B0_raw_shared,32,32,activation_ls,4,8192,512,64,8768,6234688,3.3976353236607144,262144
20,240,B0_raw_shared,32,32,activation_ls,8,16384,512,64,16960,6242880,3.402099609375,262144
20,240,B0_raw_shared,32,32,activation_ls,16,32768,0,64,32832,6258752,3.4107491629464284,262144
20,240,B0_raw_shared,64,64,projection,4,16384,1024,64,17472,6243392,3.402378627232143,524288
20,240,B0_raw_shared,64,64,projection,8,32768,1024,64,33856,6259776,3.4113071986607144,524288
20,240,B0_raw_shared,64,64,projection,16,65536,0,64,65600,6291520,3.4286063058035716,524288
20,240,B0_raw_shared,64,64,activation_ls,4,16384,1024,64,17472,6243392,3.402378627232143,524288
20,240,B0_raw_shared,64,64,activation_ls,8,32768,1024,64,33856,6259776,3.4113071986607144,524288
20,240,B0_raw_shared,64,64,activation_ls,16,65536,0,64,65600,6291520,3.4286063058035716,524288
20,240,B0_raw_shared,128,128,projection,4,32768,2048,64,34880,6260800,3.411865234375,1048576
20,240,B0_raw_shared,128,128,projection,8,65536,2048,64,67648,6293568,3.429722377232143,1048576
20,240,B0_raw_shared,128,128,projection,16,131072,0,64,131136,6357056,3.464320591517857,1048576
20,240,B0_raw_shared,128,128,activation_ls,4,32768,2048,64,34880,6260800,3.411865234375,1048576
20,240,B0_raw_shared,128,128,activation_ls,8,65536,2048,64,67648,6293568,3.429722377232143,1048576
20,240,B0_raw_shared,128,128,activation_ls,16,131072,0,64,131136,6357056,3.464320591517857,1048576
20,240,B0_raw_shared,256,256,projection,4,65536,4096,64,69696,6295616,3.4308384486607144,2097152
20,240,B0_raw_shared,256,256,projection,8,131072,4096,64,135232,6361152,3.466552734375,2097152
20,240,B0_raw_shared,256,256,projection,16,262144,0,64,262208,6488128,3.5357491629464284,2097152
20,240,B0_raw_shared,256,256,activation_ls,4,65536,4096,64,69696,6295616,3.4308384486607144,2097152
20,240,B0_raw_shared,256,256,activation_ls,8,131072,4096,64,135232,6361152,3.466552734375,2097152
20,240,B0_raw_shared,256,256,activation_ls,16,262144,0,64,262208,6488128,3.5357491629464284,2097152
20,240,B0_raw_shared,512,512,projection,4,131072,8192,64,139328,6365248,3.468784877232143,4194304
20,240,B0_raw_shared,512,512,projection,8,262144,8192,64,270400,6496320,3.5402134486607144,4194304
20,240,B0_raw_shared,512,512,projection,16,524288,0,64,524352,6750272,3.6786063058035716,4194304
20,240,B0_raw_shared,512,512,activation_ls,4,131072,8192,64,139328,6365248,3.468784877232143,4194304
20,240,B0_raw_shared,512,512,activation_ls,8,262144,8192,64,270400,6496320,3.5402134486607144,4194304
20,240,B0_raw_shared,512,512,activation_ls,16,524288,0,64,524352,6750272,3.6786063058035716,4194304
20,240,B1_action_shared,32,32,projection,4,8192,512,64,8768,6234688,3.3976353236607144,262144
20,240,B1_action_shared,32,32,projection,8,16384,512,64,16960,6242880,3.402099609375,262144
20,240,B1_action_shared,32,32,projection,16,32768,0,64,32832,6258752,3.4107491629464284,262144
20,240,B1_action_shared,32,32,activation_ls,4,8192,512,64,8768,6234688,3.3976353236607144,262144
20,240,B1_action_shared,32,32,activation_ls,8,16384,512,64,16960,6242880,3.402099609375,262144
20,240,B1_action_shared,32,32,activation_ls,16,32768,0,64,32832,6258752,3.4107491629464284,262144
20,240,B1_action_shared,64,64,projection,4,16384,1024,64,17472,6243392,3.402378627232143,524288
20,240,B1_action_shared,64,64,projection,8,32768,1024,64,33856,6259776,3.4113071986607144,524288
20,240,B1_action_shared,64,64,projection,16,65536,0,64,65600,6291520,3.4286063058035716,524288
20,240,B1_action_shared,64,64,activation_ls,4,16384,1024,64,17472,6243392,3.402378627232143,524288
20,240,B1_action_shared,64,64,activation_ls,8,32768,1024,64,33856,6259776,3.4113071986607144,524288
20,240,B1_action_shared,64,64,activation_ls,16,65536,0,64,65600,6291520,3.4286063058035716,524288
20,240,B1_action_shared,128,128,projection,4,32768,2048,64,34880,6260800,3.411865234375,1048576
20,240,B1_action_shared,128,128,projection,8,65536,2048,64,67648,6293568,3.429722377232143,1048576
20,240,B1_action_shared,128,128,projection,16,131072,0,64,131136,6357056,3.464320591517857,1048576
20,240,B1_action_shared,128,128,activation_ls,4,32768,2048,64,34880,6260800,3.411865234375,1048576
20,240,B1_action_shared,128,128,activation_ls,8,65536,2048,64,67648,6293568,3.429722377232143,1048576
20,240,B1_action_shared,128,128,activation_ls,16,131072,0,64,131136,6357056,3.464320591517857,1048576
20,240,B1_action_shared,256,256,projection,4,65536,4096,64,69696,6295616,3.4308384486607144,2097152
20,240,B1_action_shared,256,256,projection,8,131072,4096,64,135232,6361152,3.466552734375,2097152
20,240,B1_action_shared,256,256,projection,16,262144,0,64,262208,6488128,3.5357491629464284,2097152
20,240,B1_action_shared,256,256,activation_ls,4,65536,4096,64,69696,6295616,3.4308384486607144,2097152
20,240,B1_action_shared,256,256,activation_ls,8,131072,4096,64,135232,6361152,3.466552734375,2097152
20,240,B1_action_shared,256,256,activation_ls,16,262144,0,64,262208,6488128,3.5357491629464284,2097152
20,240,B1_action_shared,512,512,projection,4,131072,8192,64,139328,6365248,3.468784877232143,4194304
20,240,B1_action_shared,512,512,projection,8,262144,8192,64,270400,6496320,3.5402134486607144,4194304
20,240,B1_action_shared,512,512,projection,16,524288,0,64,524352,6750272,3.6786063058035716,4194304
20,240,B1_action_shared,512,512,activation_ls,4,131072,8192,64,139328,6365248,3.468784877232143,4194304
20,240,B1_action_shared,512,512,activation_ls,8,262144,8192,64,270400,6496320,3.5402134486607144,4194304
20,240,B1_action_shared,512,512,activation_ls,16,524288,0,64,524352,6750272,3.6786063058035716,4194304
20,240,B2_proxy_shared,32,32,projection,4,8192,512,64,8768,6234688,3.3976353236607144,262144
20,240,B2_proxy_shared,32,32,projection,8,16384,512,64,16960,6242880,3.402099609375,262144
20,240,B2_proxy_shared,32,32,projection,16,32768,0,64,32832,6258752,3.4107491629464284,262144
20,240,B2_proxy_shared,32,32,activation_ls,4,8192,512,64,8768,6234688,3.3976353236607144,262144
20,240,B2_proxy_shared,32,32,activation_ls,8,16384,512,64,16960,6242880,3.402099609375,262144
20,240,B2_proxy_shared,32,32,activation_ls,16,32768,0,64,32832,6258752,3.4107491629464284,262144
20,240,B2_proxy_shared,64,64,projection,4,16384,1024,64,17472,6243392,3.402378627232143,524288
20,240,B2_proxy_shared,64,64,projection,8,32768,1024,64,33856,6259776,3.4113071986607144,524288
20,240,B2_proxy_shared,64,64,projection,16,65536,0,64,65600,6291520,3.4286063058035716,524288
20,240,B2_proxy_shared,64,64,activation_ls,4,16384,1024,64,17472,6243392,3.402378627232143,524288
20,240,B2_proxy_shared,64,64,activation_ls,8,32768,1024,64,33856,6259776,3.4113071986607144,524288
20,240,B2_proxy_shared,64,64,activation_ls,16,65536,0,64,65600,6291520,3.4286063058035716,524288
20,240,B2_proxy_shared,128,128,projection,4,32768,2048,64,34880,6260800,3.411865234375,1048576
20,240,B2_proxy_shared,128,128,projection,8,65536,2048,64,67648,6293568,3.429722377232143,1048576
20,240,B2_proxy_shared,128,128,projection,16,131072,0,64,131136,6357056,3.464320591517857,1048576
20,240,B2_proxy_shared,128,128,activation_ls,4,32768,2048,64,34880,6260800,3.411865234375,1048576
20,240,B2_proxy_shared,128,128,activation_ls,8,65536,2048,64,67648,6293568,3.429722377232143,1048576
20,240,B2_proxy_shared,128,128,activation_ls,16,131072,0,64,131136,6357056,3.464320591517857,1048576
20,240,B2_proxy_shared,256,256,projection,4,65536,4096,64,69696,6295616,3.4308384486607144,2097152
20,240,B2_proxy_shared,256,256,projection,8,131072,4096,64,135232,6361152,3.466552734375,2097152
20,240,B2_proxy_shared,256,256,projection,16,262144,0,64,262208,6488128,3.5357491629464284,2097152
20,240,B2_proxy_shared,256,256,activation_ls,4,65536,4096,64,69696,6295616,3.4308384486607144,2097152
20,240,B2_proxy_shared,256,256,activation_ls,8,131072,4096,64,135232,6361152,3.466552734375,2097152
20,240,B2_proxy_shared,256,256,activation_ls,16,262144,0,64,262208,6488128,3.5357491629464284,2097152
20,240,B2_proxy_shared,512,512,projection,4,131072,8192,64,139328,6365248,3.468784877232143,4194304
20,240,B2_proxy_shared,512,512,projection,8,262144,8192,64,270400,6496320,3.5402134486607144,4194304
20,240,B2_proxy_shared,512,512,projection,16,524288,0,64,524352,6750272,3.6786063058035716,4194304
20,240,B2_proxy_shared,512,512,activation_ls,4,131072,8192,64,139328,6365248,3.468784877232143,4194304
20,240,B2_proxy_shared,512,512,activation_ls,8,262144,8192,64,270400,6496320,3.5402134486607144,4194304
20,240,B2_proxy_shared,512,512,activation_ls,16,524288,0,64,524352,6750272,3.6786063058035716,4194304
20,240,B3_action_cluster_4,32,32,projection,4,8192,512,64,8768,6234688,3.3976353236607144,1048576
20,240,B3_action_cluster_4,32,32,projection,8,16384,512,64,16960,6242880,3.402099609375,1048576
20,240,B3_action_cluster_4,32,32,projection,16,32768,0,64,32832,6258752,3.4107491629464284,1048576
20,240,B3_action_cluster_4,32,32,activation_ls,4,8192,512,64,8768,6234688,3.3976353236607144,1048576
20,240,B3_action_cluster_4,32,32,activation_ls,8,16384,512,64,16960,6242880,3.402099609375,1048576
20,240,B3_action_cluster_4,32,32,activation_ls,16,32768,0,64,32832,6258752,3.4107491629464284,1048576
20,240,B3_action_cluster_4,64,64,projection,4,16384,1024,64,17472,6243392,3.402378627232143,2097152
20,240,B3_action_cluster_4,64,64,projection,8,32768,1024,64,33856,6259776,3.4113071986607144,2097152
20,240,B3_action_cluster_4,64,64,projection,16,65536,0,64,65600,6291520,3.4286063058035716,2097152
20,240,B3_action_cluster_4,64,64,activation_ls,4,16384,1024,64,17472,6243392,3.402378627232143,2097152
20,240,B3_action_cluster_4,64,64,activation_ls,8,32768,1024,64,33856,6259776,3.4113071986607144,2097152
20,240,B3_action_cluster_4,64,64,activation_ls,16,65536,0,64,65600,6291520,3.4286063058035716,2097152
20,240,B3_action_cluster_4,128,128,projection,4,32768,2048,64,34880,6260800,3.411865234375,4194304
20,240,B3_action_cluster_4,128,128,projection,8,65536,2048,64,67648,6293568,3.429722377232143,4194304
20,240,B3_action_cluster_4,128,128,projection,16,131072,0,64,131136,6357056,3.464320591517857,4194304
20,240,B3_action_cluster_4,128,128,activation_ls,4,32768,2048,64,34880,6260800,3.411865234375,4194304
20,240,B3_action_cluster_4,128,128,activation_ls,8,65536,2048,64,67648,6293568,3.429722377232143,4194304
20,240,B3_action_cluster_4,128,128,activation_ls,16,131072,0,64,131136,6357056,3.464320591517857,4194304
20,240,B3_action_cluster_4,256,256,projection,4,65536,4096,64,69696,6295616,3.4308384486607144,8388608
20,240,B3_action_cluster_4,256,256,projection,8,131072,4096,64,135232,6361152,3.466552734375,8388608
20,240,B3_action_cluster_4,256,256,projection,16,262144,0,64,262208,6488128,3.5357491629464284,8388608
20,240,B3_action_cluster_4,256,256,activation_ls,4,65536,4096,64,69696,6295616,3.4308384486607144,8388608
20,240,B3_action_cluster_4,256,256,activation_ls,8,131072,4096,64,135232,6361152,3.466552734375,8388608
20,240,B3_action_cluster_4,256,256,activation_ls,16,262144,0,64,262208,6488128,3.5357491629464284,8388608
20,240,B3_action_cluster_4,512,419,projection,4,107264,6704,64,114032,6339952,3.4549996512276784,13729792
20,240,B3_action_cluster_4,512,419,projection,8,214528,6704,64,221296,6447216,3.513453892299107,13729792
20,240,B3_action_cluster_4,512,419,projection,16,429056,0,64,429120,6655040,3.626708984375,13729792
20,240,B3_action_cluster_4,512,419,activation_ls,4,107264,6704,64,114032,6339952,3.4549996512276784,13729792
20,240,B3_action_cluster_4,512,419,activation_ls,8,214528,6704,64,221296,6447216,3.513453892299107,13729792
20,240,B3_action_cluster_4,512,419,activation_ls,16,429056,0,64,429120,6655040,3.626708984375,13729792
20,240,B3_action_cluster_8,32,32,projection,4,8192,512,64,8768,6234688,3.3976353236607144,2097152
20,240,B3_action_cluster_8,32,32,projection,8,16384,512,64,16960,6242880,3.402099609375,2097152
20,240,B3_action_cluster_8,32,32,projection,16,32768,0,64,32832,6258752,3.4107491629464284,2097152
20,240,B3_action_cluster_8,32,32,activation_ls,4,8192,512,64,8768,6234688,3.3976353236607144,2097152
20,240,B3_action_cluster_8,32,32,activation_ls,8,16384,512,64,16960,6242880,3.402099609375,2097152
20,240,B3_action_cluster_8,32,32,activation_ls,16,32768,0,64,32832,6258752,3.4107491629464284,2097152
20,240,B3_action_cluster_8,64,64,projection,4,16384,1024,64,17472,6243392,3.402378627232143,4194304
20,240,B3_action_cluster_8,64,64,projection,8,32768,1024,64,33856,6259776,3.4113071986607144,4194304
20,240,B3_action_cluster_8,64,64,projection,16,65536,0,64,65600,6291520,3.4286063058035716,4194304
20,240,B3_action_cluster_8,64,64,activation_ls,4,16384,1024,64,17472,6243392,3.402378627232143,4194304
20,240,B3_action_cluster_8,64,64,activation_ls,8,32768,1024,64,33856,6259776,3.4113071986607144,4194304
20,240,B3_action_cluster_8,64,64,activation_ls,16,65536,0,64,65600,6291520,3.4286063058035716,4194304
20,240,B3_action_cluster_8,128,128,projection,4,32768,2048,64,34880,6260800,3.411865234375,8388608
20,240,B3_action_cluster_8,128,128,projection,8,65536,2048,64,67648,6293568,3.429722377232143,8388608
20,240,B3_action_cluster_8,128,128,projection,16,131072,0,64,131136,6357056,3.464320591517857,8388608
20,240,B3_action_cluster_8,128,128,activation_ls,4,32768,2048,64,34880,6260800,3.411865234375,8388608
20,240,B3_action_cluster_8,128,128,activation_ls,8,65536,2048,64,67648,6293568,3.429722377232143,8388608
20,240,B3_action_cluster_8,128,128,activation_ls,16,131072,0,64,131136,6357056,3.464320591517857,8388608
20,240,B3_action_cluster_8,256,256,projection,4,65536,4096,64,69696,6295616,3.4308384486607144,16777216
20,240,B3_action_cluster_8,256,256,projection,8,131072,4096,64,135232,6361152,3.466552734375,16777216
20,240,B3_action_cluster_8,256,256,projection,16,262144,0,64,262208,6488128,3.5357491629464284,16777216
20,240,B3_action_cluster_8,256,256,activation_ls,4,65536,4096,64,69696,6295616,3.4308384486607144,16777216
20,240,B3_action_cluster_8,256,256,activation_ls,8,131072,4096,64,135232,6361152,3.466552734375,16777216
20,240,B3_action_cluster_8,256,256,activation_ls,16,262144,0,64,262208,6488128,3.5357491629464284,16777216
20,240,B3_action_cluster_8,512,384,projection,4,98304,6144,64,104512,6330432,3.4498116629464284,25165824
20,240,B3_action_cluster_8,512,384,projection,8,196608,6144,64,202816,6428736,3.503383091517857,25165824
20,240,B3_action_cluster_8,512,384,projection,16,393216,0,64,393280,6619200,3.607177734375,25165824
20,240,B3_action_cluster_8,512,384,activation_ls,4,98304,6144,64,104512,6330432,3.4498116629464284,25165824
20,240,B3_action_cluster_8,512,384,activation_ls,8,196608,6144,64,202816,6428736,3.503383091517857,25165824
20,240,B3_action_cluster_8,512,384,activation_ls,16,393216,0,64,393280,6619200,3.607177734375,25165824
20,240,B4_per_expert_raw,32,32,projection,4,8192,512,64,8768,6234688,3.3976353236607144,3145728
20,240,B4_per_expert_raw,32,32,projection,8,16384,512,64,16960,6242880,3.402099609375,3145728
20,240,B4_per_expert_raw,32,32,projection,16,32768,0,64,32832,6258752,3.4107491629464284,3145728
20,240,B4_per_expert_raw,32,32,activation_ls,4,8192,512,64,8768,6234688,3.3976353236607144,3145728
20,240,B4_per_expert_raw,32,32,activation_ls,8,16384,512,64,16960,6242880,3.402099609375,3145728
20,240,B4_per_expert_raw,32,32,activation_ls,16,32768,0,64,32832,6258752,3.4107491629464284,3145728
20,240,B4_per_expert_raw,64,64,projection,4,16384,1024,64,17472,6243392,3.402378627232143,6291456
20,240,B4_per_expert_raw,64,64,projection,8,32768,1024,64,33856,6259776,3.4113071986607144,6291456
20,240,B4_per_expert_raw,64,64,projection,16,65536,0,64,65600,6291520,3.4286063058035716,6291456
20,240,B4_per_expert_raw,64,64,activation_ls,4,16384,1024,64,17472,6243392,3.402378627232143,6291456
20,240,B4_per_expert_raw,64,64,activation_ls,8,32768,1024,64,33856,6259776,3.4113071986607144,6291456
20,240,B4_per_expert_raw,64,64,activation_ls,16,65536,0,64,65600,6291520,3.4286063058035716,6291456
20,240,B4_per_expert_raw,128,128,projection,4,32768,2048,64,34880,6260800,3.411865234375,12582912
20,240,B4_per_expert_raw,128,128,projection,8,65536,2048,64,67648,6293568,3.429722377232143,12582912
20,240,B4_per_expert_raw,128,128,projection,16,131072,0,64,131136,6357056,3.464320591517857,12582912
20,240,B4_per_expert_raw,128,128,activation_ls,4,32768,2048,64,34880,6260800,3.411865234375,12582912
20,240,B4_per_expert_raw,128,128,activation_ls,8,65536,2048,64,67648,6293568,3.429722377232143,12582912
20,240,B4_per_expert_raw,128,128,activation_ls,16,131072,0,64,131136,6357056,3.464320591517857,12582912
20,240,B4_per_expert_raw,256,256,projection,4,65536,4096,64,69696,6295616,3.4308384486607144,25165824
20,240,B4_per_expert_raw,256,256,projection,8,131072,4096,64,135232,6361152,3.466552734375,25165824
20,240,B4_per_expert_raw,256,256,projection,16,262144,0,64,262208,6488128,3.5357491629464284,25165824
20,240,B4_per_expert_raw,256,256,activation_ls,4,65536,4096,64,69696,6295616,3.4308384486607144,25165824
20,240,B4_per_expert_raw,256,256,activation_ls,8,131072,4096,64,135232,6361152,3.466552734375,25165824
20,240,B4_per_expert_raw,256,256,activation_ls,16,262144,0,64,262208,6488128,3.5357491629464284,25165824
20,240,B4_per_expert_raw,512,512,projection,4,131072,8192,64,139328,6365248,3.468784877232143,50331648
20,240,B4_per_expert_raw,512,512,projection,8,262144,8192,64,270400,6496320,3.5402134486607144,50331648
20,240,B4_per_expert_raw,512,512,projection,16,524288,0,64,524352,6750272,3.6786063058035716,50331648
20,240,B4_per_expert_raw,512,512,activation_ls,4,131072,8192,64,139328,6365248,3.468784877232143,50331648
20,240,B4_per_expert_raw,512,512,activation_ls,8,262144,8192,64,270400,6496320,3.5402134486607144,50331648
20,240,B4_per_expert_raw,512,512,activation_ls,16,524288,0,64,524352,6750272,3.6786063058035716,50331648
39,22,B0_raw_shared,32,32,projection,4,8192,512,64,8768,6701632,2.9112822508896796,262144
39,22,B0_raw_shared,32,32,projection,8,16384,512,64,16960,6709824,2.9148409697508897,262144
39,22,B0_raw_shared,32,32,projection,16,32768,0,64,32832,6725696,2.921735987544484,262144
39,22,B0_raw_shared,32,32,activation_ls,4,8192,512,64,8768,6701632,2.9112822508896796,262144
39,22,B0_raw_shared,32,32,activation_ls,8,16384,512,64,16960,6709824,2.9148409697508897,262144
39,22,B0_raw_shared,32,32,activation_ls,16,32768,0,64,32832,6725696,2.921735987544484,262144
39,22,B0_raw_shared,64,64,projection,4,16384,1024,64,17472,6710336,2.915063389679715,524288
39,22,B0_raw_shared,64,64,projection,8,32768,1024,64,33856,6726720,2.9221808274021353,524288
39,22,B0_raw_shared,64,64,projection,16,65536,0,64,65600,6758464,2.9359708629893237,524288
39,22,B0_raw_shared,64,64,activation_ls,4,16384,1024,64,17472,6710336,2.915063389679715,524288
39,22,B0_raw_shared,64,64,activation_ls,8,32768,1024,64,33856,6726720,2.9221808274021353,524288
39,22,B0_raw_shared,64,64,activation_ls,16,65536,0,64,65600,6758464,2.9359708629893237,524288
39,22,B0_raw_shared,128,128,projection,4,32768,2048,64,34880,6727744,2.9226256672597866,1048576
39,22,B0_raw_shared,128,128,projection,8,65536,2048,64,67648,6760512,2.9368605427046264,1048576
39,22,B0_raw_shared,128,128,projection,16,131072,0,64,131136,6824000,2.9644406138790034,1048576
39,22,B0_raw_shared,128,128,activation_ls,4,32768,2048,64,34880,6727744,2.9226256672597866,1048576
39,22,B0_raw_shared,128,128,activation_ls,8,65536,2048,64,67648,6760512,2.9368605427046264,1048576
39,22,B0_raw_shared,128,128,activation_ls,16,131072,0,64,131136,6824000,2.9644406138790034,1048576
39,22,B0_raw_shared,256,256,projection,4,65536,4096,64,69696,6762560,2.937750222419929,2097152
39,22,B0_raw_shared,256,256,projection,8,131072,4096,64,135232,6828096,2.9662199733096086,2097152
39,22,B0_raw_shared,256,256,projection,16,262144,0,64,262208,6955072,3.021380115658363,2097152
39,22,B0_raw_shared,256,256,activation_ls,4,65536,4096,64,69696,6762560,2.937750222419929,2097152
39,22,B0_raw_shared,256,256,activation_ls,8,131072,4096,64,135232,6828096,2.9662199733096086,2097152
39,22,B0_raw_shared,256,256,activation_ls,16,262144,0,64,262208,6955072,3.021380115658363,2097152
39,22,B0_raw_shared,512,512,projection,4,131072,8192,64,139328,6832192,2.9679993327402134,4194304
39,22,B0_raw_shared,512,512,projection,8,262144,8192,64,270400,6963264,3.024938834519573,4194304
39,22,B0_raw_shared,512,512,projection,16,524288,0,64,524352,7217216,3.135259119217082,4194304
39,22,B0_raw_shared,512,512,activation_ls,4,131072,8192,64,139328,6832192,2.9679993327402134,4194304
39,22,B0_raw_shared,512,512,activation_ls,8,262144,8192,64,270400,6963264,3.024938834519573,4194304
39,22,B0_raw_shared,512,512,activation_ls,16,524288,0,64,524352,7217216,3.135259119217082,4194304
39,22,B1_action_shared,32,32,projection,4,8192,512,64,8768,6701632,2.9112822508896796,262144
39,22,B1_action_shared,32,32,projection,8,16384,512,64,16960,6709824,2.9148409697508897,262144
39,22,B1_action_shared,32,32,projection,16,32768,0,64,32832,6725696,2.921735987544484,262144
39,22,B1_action_shared,32,32,activation_ls,4,8192,512,64,8768,6701632,2.9112822508896796,262144
39,22,B1_action_shared,32,32,activation_ls,8,16384,512,64,16960,6709824,2.9148409697508897,262144
39,22,B1_action_shared,32,32,activation_ls,16,32768,0,64,32832,6725696,2.921735987544484,262144
39,22,B1_action_shared,64,64,projection,4,16384,1024,64,17472,6710336,2.915063389679715,524288
39,22,B1_action_shared,64,64,projection,8,32768,1024,64,33856,6726720,2.9221808274021353,524288
39,22,B1_action_shared,64,64,projection,16,65536,0,64,65600,6758464,2.9359708629893237,524288
39,22,B1_action_shared,64,64,activation_ls,4,16384,1024,64,17472,6710336,2.915063389679715,524288
39,22,B1_action_shared,64,64,activation_ls,8,32768,1024,64,33856,6726720,2.9221808274021353,524288
39,22,B1_action_shared,64,64,activation_ls,16,65536,0,64,65600,6758464,2.9359708629893237,524288
39,22,B1_action_shared,128,128,projection,4,32768,2048,64,34880,6727744,2.9226256672597866,1048576
39,22,B1_action_shared,128,128,projection,8,65536,2048,64,67648,6760512,2.9368605427046264,1048576
39,22,B1_action_shared,128,128,projection,16,131072,0,64,131136,6824000,2.9644406138790034,1048576
39,22,B1_action_shared,128,128,activation_ls,4,32768,2048,64,34880,6727744,2.9226256672597866,1048576
39,22,B1_action_shared,128,128,activation_ls,8,65536,2048,64,67648,6760512,2.9368605427046264,1048576
39,22,B1_action_shared,128,128,activation_ls,16,131072,0,64,131136,6824000,2.9644406138790034,1048576
39,22,B1_action_shared,256,256,projection,4,65536,4096,64,69696,6762560,2.937750222419929,2097152
39,22,B1_action_shared,256,256,projection,8,131072,4096,64,135232,6828096,2.9662199733096086,2097152
39,22,B1_action_shared,256,256,projection,16,262144,0,64,262208,6955072,3.021380115658363,2097152
39,22,B1_action_shared,256,256,activation_ls,4,65536,4096,64,69696,6762560,2.937750222419929,2097152
39,22,B1_action_shared,256,256,activation_ls,8,131072,4096,64,135232,6828096,2.9662199733096086,2097152
39,22,B1_action_shared,256,256,activation_ls,16,262144,0,64,262208,6955072,3.021380115658363,2097152
39,22,B1_action_shared,512,512,projection,4,131072,8192,64,139328,6832192,2.9679993327402134,4194304
39,22,B1_action_shared,512,512,projection,8,262144,8192,64,270400,6963264,3.024938834519573,4194304
39,22,B1_action_shared,512,512,projection,16,524288,0,64,524352,7217216,3.135259119217082,4194304
39,22,B1_action_shared,512,512,activation_ls,4,131072,8192,64,139328,6832192,2.9679993327402134,4194304
39,22,B1_action_shared,512,512,activation_ls,8,262144,8192,64,270400,6963264,3.024938834519573,4194304
39,22,B1_action_shared,512,512,activation_ls,16,524288,0,64,524352,7217216,3.135259119217082,4194304
39,22,B2_proxy_shared,32,32,projection,4,8192,512,64,8768,6701632,2.9112822508896796,262144
39,22,B2_proxy_shared,32,32,projection,8,16384,512,64,16960,6709824,2.9148409697508897,262144
39,22,B2_proxy_shared,32,32,projection,16,32768,0,64,32832,6725696,2.921735987544484,262144
39,22,B2_proxy_shared,32,32,activation_ls,4,8192,512,64,8768,6701632,2.9112822508896796,262144
39,22,B2_proxy_shared,32,32,activation_ls,8,16384,512,64,16960,6709824,2.9148409697508897,262144
39,22,B2_proxy_shared,32,32,activation_ls,16,32768,0,64,32832,6725696,2.921735987544484,262144
39,22,B2_proxy_shared,64,64,projection,4,16384,1024,64,17472,6710336,2.915063389679715,524288
39,22,B2_proxy_shared,64,64,projection,8,32768,1024,64,33856,6726720,2.9221808274021353,524288
39,22,B2_proxy_shared,64,64,projection,16,65536,0,64,65600,6758464,2.9359708629893237,524288
39,22,B2_proxy_shared,64,64,activation_ls,4,16384,1024,64,17472,6710336,2.915063389679715,524288
39,22,B2_proxy_shared,64,64,activation_ls,8,32768,1024,64,33856,6726720,2.9221808274021353,524288
39,22,B2_proxy_shared,64,64,activation_ls,16,65536,0,64,65600,6758464,2.9359708629893237,524288
39,22,B2_proxy_shared,128,128,projection,4,32768,2048,64,34880,6727744,2.9226256672597866,1048576
39,22,B2_proxy_shared,128,128,projection,8,65536,2048,64,67648,6760512,2.9368605427046264,1048576
39,22,B2_proxy_shared,128,128,projection,16,131072,0,64,131136,6824000,2.9644406138790034,1048576
39,22,B2_proxy_shared,128,128,activation_ls,4,32768,2048,64,34880,6727744,2.9226256672597866,1048576
39,22,B2_proxy_shared,128,128,activation_ls,8,65536,2048,64,67648,6760512,2.9368605427046264,1048576
39,22,B2_proxy_shared,128,128,activation_ls,16,131072,0,64,131136,6824000,2.9644406138790034,1048576
39,22,B2_proxy_shared,256,256,projection,4,65536,4096,64,69696,6762560,2.937750222419929,2097152
39,22,B2_proxy_shared,256,256,projection,8,131072,4096,64,135232,6828096,2.9662199733096086,2097152
39,22,B2_proxy_shared,256,256,projection,16,262144,0,64,262208,6955072,3.021380115658363,2097152
39,22,B2_proxy_shared,256,256,activation_ls,4,65536,4096,64,69696,6762560,2.937750222419929,2097152
39,22,B2_proxy_shared,256,256,activation_ls,8,131072,4096,64,135232,6828096,2.9662199733096086,2097152
39,22,B2_proxy_shared,256,256,activation_ls,16,262144,0,64,262208,6955072,3.021380115658363,2097152
39,22,B2_proxy_shared,512,512,projection,4,131072,8192,64,139328,6832192,2.9679993327402134,4194304
39,22,B2_proxy_shared,512,512,projection,8,262144,8192,64,270400,6963264,3.024938834519573,4194304
39,22,B2_proxy_shared,512,512,projection,16,524288,0,64,524352,7217216,3.135259119217082,4194304
39,22,B2_proxy_shared,512,512,activation_ls,4,131072,8192,64,139328,6832192,2.9679993327402134,4194304
39,22,B2_proxy_shared,512,512,activation_ls,8,262144,8192,64,270400,6963264,3.024938834519573,4194304
39,22,B2_proxy_shared,512,512,activation_ls,16,524288,0,64,524352,7217216,3.135259119217082,4194304
39,22,B3_action_cluster_4,32,32,projection,4,8192,512,64,8768,6701632,2.9112822508896796,1048576
39,22,B3_action_cluster_4,32,32,projection,8,16384,512,64,16960,6709824,2.9148409697508897,1048576
39,22,B3_action_cluster_4,32,32,projection,16,32768,0,64,32832,6725696,2.921735987544484,1048576
39,22,B3_action_cluster_4,32,32,activation_ls,4,8192,512,64,8768,6701632,2.9112822508896796,1048576
39,22,B3_action_cluster_4,32,32,activation_ls,8,16384,512,64,16960,6709824,2.9148409697508897,1048576
39,22,B3_action_cluster_4,32,32,activation_ls,16,32768,0,64,32832,6725696,2.921735987544484,1048576
39,22,B3_action_cluster_4,64,64,projection,4,16384,1024,64,17472,6710336,2.915063389679715,2097152
39,22,B3_action_cluster_4,64,64,projection,8,32768,1024,64,33856,6726720,2.9221808274021353,2097152
39,22,B3_action_cluster_4,64,64,projection,16,65536,0,64,65600,6758464,2.9359708629893237,2097152
39,22,B3_action_cluster_4,64,64,activation_ls,4,16384,1024,64,17472,6710336,2.915063389679715,2097152
39,22,B3_action_cluster_4,64,64,activation_ls,8,32768,1024,64,33856,6726720,2.9221808274021353,2097152
39,22,B3_action_cluster_4,64,64,activation_ls,16,65536,0,64,65600,6758464,2.9359708629893237,2097152
39,22,B3_action_cluster_4,128,128,projection,4,32768,2048,64,34880,6727744,2.9226256672597866,4194304
39,22,B3_action_cluster_4,128,128,projection,8,65536,2048,64,67648,6760512,2.9368605427046264,4194304
39,22,B3_action_cluster_4,128,128,projection,16,131072,0,64,131136,6824000,2.9644406138790034,4194304
39,22,B3_action_cluster_4,128,128,activation_ls,4,32768,2048,64,34880,6727744,2.9226256672597866,4194304
39,22,B3_action_cluster_4,128,128,activation_ls,8,65536,2048,64,67648,6760512,2.9368605427046264,4194304
39,22,B3_action_cluster_4,128,128,activation_ls,16,131072,0,64,131136,6824000,2.9644406138790034,4194304
39,22,B3_action_cluster_4,256,256,projection,4,65536,4096,64,69696,6762560,2.937750222419929,8388608
39,22,B3_action_cluster_4,256,256,projection,8,131072,4096,64,135232,6828096,2.9662199733096086,8388608
39,22,B3_action_cluster_4,256,256,projection,16,262144,0,64,262208,6955072,3.021380115658363,8388608
39,22,B3_action_cluster_4,256,256,activation_ls,4,65536,4096,64,69696,6762560,2.937750222419929,8388608
39,22,B3_action_cluster_4,256,256,activation_ls,8,131072,4096,64,135232,6828096,2.9662199733096086,8388608
39,22,B3_action_cluster_4,256,256,activation_ls,16,262144,0,64,262208,6955072,3.021380115658363,8388608
39,22,B3_action_cluster_4,512,315,projection,4,80640,5040,64,85744,6778608,2.944721697064057,10321920
39,22,B3_action_cluster_4,512,315,projection,8,161280,5040,64,166384,6859248,2.9797528358540926,10321920
39,22,B3_action_cluster_4,512,315,projection,16,322560,0,64,322624,7015488,3.0476256672597866,10321920
39,22,B3_action_cluster_4,512,315,activation_ls,4,80640,5040,64,85744,6778608,2.944721697064057,10321920
39,22,B3_action_cluster_4,512,315,activation_ls,8,161280,5040,64,166384,6859248,2.9797528358540926,10321920
39,22,B3_action_cluster_4,512,315,activation_ls,16,322560,0,64,322624,7015488,3.0476256672597866,10321920
39,22,B3_action_cluster_8,32,32,projection,4,8192,512,64,8768,6701632,2.9112822508896796,2097152
39,22,B3_action_cluster_8,32,32,projection,8,16384,512,64,16960,6709824,2.9148409697508897,2097152
39,22,B3_action_cluster_8,32,32,projection,16,32768,0,64,32832,6725696,2.921735987544484,2097152
39,22,B3_action_cluster_8,32,32,activation_ls,4,8192,512,64,8768,6701632,2.9112822508896796,2097152
39,22,B3_action_cluster_8,32,32,activation_ls,8,16384,512,64,16960,6709824,2.9148409697508897,2097152
39,22,B3_action_cluster_8,32,32,activation_ls,16,32768,0,64,32832,6725696,2.921735987544484,2097152
39,22,B3_action_cluster_8,64,64,projection,4,16384,1024,64,17472,6710336,2.915063389679715,4194304
39,22,B3_action_cluster_8,64,64,projection,8,32768,1024,64,33856,6726720,2.9221808274021353,4194304
39,22,B3_action_cluster_8,64,64,projection,16,65536,0,64,65600,6758464,2.9359708629893237,4194304
39,22,B3_action_cluster_8,64,64,activation_ls,4,16384,1024,64,17472,6710336,2.915063389679715,4194304
39,22,B3_action_cluster_8,64,64,activation_ls,8,32768,1024,64,33856,6726720,2.9221808274021353,4194304
39,22,B3_action_cluster_8,64,64,activation_ls,16,65536,0,64,65600,6758464,2.9359708629893237,4194304
39,22,B3_action_cluster_8,128,128,projection,4,32768,2048,64,34880,6727744,2.9226256672597866,8388608
39,22,B3_action_cluster_8,128,128,projection,8,65536,2048,64,67648,6760512,2.9368605427046264,8388608
39,22,B3_action_cluster_8,128,128,projection,16,131072,0,64,131136,6824000,2.9644406138790034,8388608
39,22,B3_action_cluster_8,128,128,activation_ls,4,32768,2048,64,34880,6727744,2.9226256672597866,8388608
39,22,B3_action_cluster_8,128,128,activation_ls,8,65536,2048,64,67648,6760512,2.9368605427046264,8388608
39,22,B3_action_cluster_8,128,128,activation_ls,16,131072,0,64,131136,6824000,2.9644406138790034,8388608
39,22,B3_action_cluster_8,256,256,projection,4,65536,4096,64,69696,6762560,2.937750222419929,16777216
39,22,B3_action_cluster_8,256,256,projection,8,131072,4096,64,135232,6828096,2.9662199733096086,16777216
39,22,B3_action_cluster_8,256,256,projection,16,262144,0,64,262208,6955072,3.021380115658363,16777216
39,22,B3_action_cluster_8,256,256,activation_ls,4,65536,4096,64,69696,6762560,2.937750222419929,16777216
39,22,B3_action_cluster_8,256,256,activation_ls,8,131072,4096,64,135232,6828096,2.9662199733096086,16777216
39,22,B3_action_cluster_8,256,256,activation_ls,16,262144,0,64,262208,6955072,3.021380115658363,16777216
39,22,B3_action_cluster_8,512,290,projection,4,74240,4640,64,78944,6771808,2.9417676823843415,19005440
39,22,B3_action_cluster_8,512,290,projection,8,148480,4640,64,153184,6846048,2.974018572064057,19005440
39,22,B3_action_cluster_8,512,290,projection,16,296960,0,64,297024,6989888,3.0365046708185055,19005440
39,22,B3_action_cluster_8,512,290,activation_ls,4,74240,4640,64,78944,6771808,2.9417676823843415,19005440
39,22,B3_action_cluster_8,512,290,activation_ls,8,148480,4640,64,153184,6846048,2.974018572064057,19005440
39,22,B3_action_cluster_8,512,290,activation_ls,16,296960,0,64,297024,6989888,3.0365046708185055,19005440
39,22,B4_per_expert_raw,32,32,projection,4,8192,512,64,8768,6701632,2.9112822508896796,3145728
39,22,B4_per_expert_raw,32,32,projection,8,16384,512,64,16960,6709824,2.9148409697508897,3145728
39,22,B4_per_expert_raw,32,32,projection,16,32768,0,64,32832,6725696,2.921735987544484,3145728
39,22,B4_per_expert_raw,32,32,activation_ls,4,8192,512,64,8768,6701632,2.9112822508896796,3145728
39,22,B4_per_expert_raw,32,32,activation_ls,8,16384,512,64,16960,6709824,2.9148409697508897,3145728
39,22,B4_per_expert_raw,32,32,activation_ls,16,32768,0,64,32832,6725696,2.921735987544484,3145728
39,22,B4_per_expert_raw,64,64,projection,4,16384,1024,64,17472,6710336,2.915063389679715,6291456
39,22,B4_per_expert_raw,64,64,projection,8,32768,1024,64,33856,6726720,2.9221808274021353,6291456
39,22,B4_per_expert_raw,64,64,projection,16,65536,0,64,65600,6758464,2.9359708629893237,6291456
39,22,B4_per_expert_raw,64,64,activation_ls,4,16384,1024,64,17472,6710336,2.915063389679715,6291456
39,22,B4_per_expert_raw,64,64,activation_ls,8,32768,1024,64,33856,6726720,2.9221808274021353,6291456
39,22,B4_per_expert_raw,64,64,activation_ls,16,65536,0,64,65600,6758464,2.9359708629893237,6291456
39,22,B4_per_expert_raw,128,128,projection,4,32768,2048,64,34880,6727744,2.9226256672597866,12582912
39,22,B4_per_expert_raw,128,128,projection,8,65536,2048,64,67648,6760512,2.9368605427046264,12582912
39,22,B4_per_expert_raw,128,128,projection,16,131072,0,64,131136,6824000,2.9644406138790034,12582912
39,22,B4_per_expert_raw,128,128,activation_ls,4,32768,2048,64,34880,6727744,2.9226256672597866,12582912
39,22,B4_per_expert_raw,128,128,activation_ls,8,65536,2048,64,67648,6760512,2.9368605427046264,12582912
39,22,B4_per_expert_raw,128,128,activation_ls,16,131072,0,64,131136,6824000,2.9644406138790034,12582912
39,22,B4_per_expert_raw,256,256,projection,4,65536,4096,64,69696,6762560,2.937750222419929,25165824
39,22,B4_per_expert_raw,256,256,projection,8,131072,4096,64,135232,6828096,2.9662199733096086,25165824
39,22,B4_per_expert_raw,256,256,projection,16,262144,0,64,262208,6955072,3.021380115658363,25165824
39,22,B4_per_expert_raw,256,256,activation_ls,4,65536,4096,64,69696,6762560,2.937750222419929,25165824
39,22,B4_per_expert_raw,256,256,activation_ls,8,131072,4096,64,135232,6828096,2.9662199733096086,25165824
39,22,B4_per_expert_raw,256,256,activation_ls,16,262144,0,64,262208,6955072,3.021380115658363,25165824
39,22,B4_per_expert_raw,512,512,projection,4,131072,8192,64,139328,6832192,2.9679993327402134,50331648
39,22,B4_per_expert_raw,512,512,projection,8,262144,8192,64,270400,6963264,3.024938834519573,50331648
39,22,B4_per_expert_raw,512,512,projection,16,524288,0,64,524352,7217216,3.135259119217082,50331648
39,22,B4_per_expert_raw,512,512,activation_ls,4,131072,8192,64,139328,6832192,2.9679993327402134,50331648
39,22,B4_per_expert_raw,512,512,activation_ls,8,262144,8192,64,270400,6963264,3.024938834519573,50331648
39,22,B4_per_expert_raw,512,512,activation_ls,16,524288,0,64,524352,7217216,3.135259119217082,50331648
39,28,B0_raw_shared,32,32,projection,4,8192,512,64,8768,6701632,2.9112822508896796,262144
39,28,B0_raw_shared,32,32,projection,8,16384,512,64,16960,6709824,2.9148409697508897,262144
39,28,B0_raw_shared,32,32,projection,16,32768,0,64,32832,6725696,2.921735987544484,262144
39,28,B0_raw_shared,32,32,activation_ls,4,8192,512,64,8768,6701632,2.9112822508896796,262144
39,28,B0_raw_shared,32,32,activation_ls,8,16384,512,64,16960,6709824,2.9148409697508897,262144
39,28,B0_raw_shared,32,32,activation_ls,16,32768,0,64,32832,6725696,2.921735987544484,262144
39,28,B0_raw_shared,64,64,projection,4,16384,1024,64,17472,6710336,2.915063389679715,524288
39,28,B0_raw_shared,64,64,projection,8,32768,1024,64,33856,6726720,2.9221808274021353,524288
39,28,B0_raw_shared,64,64,projection,16,65536,0,64,65600,6758464,2.9359708629893237,524288
39,28,B0_raw_shared,64,64,activation_ls,4,16384,1024,64,17472,6710336,2.915063389679715,524288
39,28,B0_raw_shared,64,64,activation_ls,8,32768,1024,64,33856,6726720,2.9221808274021353,524288
39,28,B0_raw_shared,64,64,activation_ls,16,65536,0,64,65600,6758464,2.9359708629893237,524288
39,28,B0_raw_shared,128,128,projection,4,32768,2048,64,34880,6727744,2.9226256672597866,1048576
39,28,B0_raw_shared,128,128,projection,8,65536,2048,64,67648,6760512,2.9368605427046264,1048576
39,28,B0_raw_shared,128,128,projection,16,131072,0,64,131136,6824000,2.9644406138790034,1048576
39,28,B0_raw_shared,128,128,activation_ls,4,32768,2048,64,34880,6727744,2.9226256672597866,1048576
39,28,B0_raw_shared,128,128,activation_ls,8,65536,2048,64,67648,6760512,2.9368605427046264,1048576
39,28,B0_raw_shared,128,128,activation_ls,16,131072,0,64,131136,6824000,2.9644406138790034,1048576
39,28,B0_raw_shared,256,256,projection,4,65536,4096,64,69696,6762560,2.937750222419929,2097152
39,28,B0_raw_shared,256,256,projection,8,131072,4096,64,135232,6828096,2.9662199733096086,2097152
39,28,B0_raw_shared,256,256,projection,16,262144,0,64,262208,6955072,3.021380115658363,2097152
39,28,B0_raw_shared,256,256,activation_ls,4,65536,4096,64,69696,6762560,2.937750222419929,2097152
39,28,B0_raw_shared,256,256,activation_ls,8,131072,4096,64,135232,6828096,2.9662199733096086,2097152
39,28,B0_raw_shared,256,256,activation_ls,16,262144,0,64,262208,6955072,3.021380115658363,2097152
39,28,B0_raw_shared,512,512,projection,4,131072,8192,64,139328,6832192,2.9679993327402134,4194304
39,28,B0_raw_shared,512,512,projection,8,262144,8192,64,270400,6963264,3.024938834519573,4194304
39,28,B0_raw_shared,512,512,projection,16,524288,0,64,524352,7217216,3.135259119217082,4194304
39,28,B0_raw_shared,512,512,activation_ls,4,131072,8192,64,139328,6832192,2.9679993327402134,4194304
39,28,B0_raw_shared,512,512,activation_ls,8,262144,8192,64,270400,6963264,3.024938834519573,4194304
39,28,B0_raw_shared,512,512,activation_ls,16,524288,0,64,524352,7217216,3.135259119217082,4194304
39,28,B1_action_shared,32,32,projection,4,8192,512,64,8768,6701632,2.9112822508896796,262144
39,28,B1_action_shared,32,32,projection,8,16384,512,64,16960,6709824,2.9148409697508897,262144
39,28,B1_action_shared,32,32,projection,16,32768,0,64,32832,6725696,2.921735987544484,262144
39,28,B1_action_shared,32,32,activation_ls,4,8192,512,64,8768,6701632,2.9112822508896796,262144
39,28,B1_action_shared,32,32,activation_ls,8,16384,512,64,16960,6709824,2.9148409697508897,262144
39,28,B1_action_shared,32,32,activation_ls,16,32768,0,64,32832,6725696,2.921735987544484,262144
39,28,B1_action_shared,64,64,projection,4,16384,1024,64,17472,6710336,2.915063389679715,524288
39,28,B1_action_shared,64,64,projection,8,32768,1024,64,33856,6726720,2.9221808274021353,524288
39,28,B1_action_shared,64,64,projection,16,65536,0,64,65600,6758464,2.9359708629893237,524288
39,28,B1_action_shared,64,64,activation_ls,4,16384,1024,64,17472,6710336,2.915063389679715,524288
39,28,B1_action_shared,64,64,activation_ls,8,32768,1024,64,33856,6726720,2.9221808274021353,524288
39,28,B1_action_shared,64,64,activation_ls,16,65536,0,64,65600,6758464,2.9359708629893237,524288
39,28,B1_action_shared,128,128,projection,4,32768,2048,64,34880,6727744,2.9226256672597866,1048576
39,28,B1_action_shared,128,128,projection,8,65536,2048,64,67648,6760512,2.9368605427046264,1048576
39,28,B1_action_shared,128,128,projection,16,131072,0,64,131136,6824000,2.9644406138790034,1048576
39,28,B1_action_shared,128,128,activation_ls,4,32768,2048,64,34880,6727744,2.9226256672597866,1048576
39,28,B1_action_shared,128,128,activation_ls,8,65536,2048,64,67648,6760512,2.9368605427046264,1048576
39,28,B1_action_shared,128,128,activation_ls,16,131072,0,64,131136,6824000,2.9644406138790034,1048576
39,28,B1_action_shared,256,256,projection,4,65536,4096,64,69696,6762560,2.937750222419929,2097152
39,28,B1_action_shared,256,256,projection,8,131072,4096,64,135232,6828096,2.9662199733096086,2097152
39,28,B1_action_shared,256,256,projection,16,262144,0,64,262208,6955072,3.021380115658363,2097152
39,28,B1_action_shared,256,256,activation_ls,4,65536,4096,64,69696,6762560,2.937750222419929,2097152
39,28,B1_action_shared,256,256,activation_ls,8,131072,4096,64,135232,6828096,2.9662199733096086,2097152
39,28,B1_action_shared,256,256,activation_ls,16,262144,0,64,262208,6955072,3.021380115658363,2097152
39,28,B1_action_shared,512,512,projection,4,131072,8192,64,139328,6832192,2.9679993327402134,4194304
39,28,B1_action_shared,512,512,projection,8,262144,8192,64,270400,6963264,3.024938834519573,4194304
39,28,B1_action_shared,512,512,projection,16,524288,0,64,524352,7217216,3.135259119217082,4194304
39,28,B1_action_shared,512,512,activation_ls,4,131072,8192,64,139328,6832192,2.9679993327402134,4194304
39,28,B1_action_shared,512,512,activation_ls,8,262144,8192,64,270400,6963264,3.024938834519573,4194304
39,28,B1_action_shared,512,512,activation_ls,16,524288,0,64,524352,7217216,3.135259119217082,4194304
39,28,B2_proxy_shared,32,32,projection,4,8192,512,64,8768,6701632,2.9112822508896796,262144
39,28,B2_proxy_shared,32,32,projection,8,16384,512,64,16960,6709824,2.9148409697508897,262144
39,28,B2_proxy_shared,32,32,projection,16,32768,0,64,32832,6725696,2.921735987544484,262144
39,28,B2_proxy_shared,32,32,activation_ls,4,8192,512,64,8768,6701632,2.9112822508896796,262144
39,28,B2_proxy_shared,32,32,activation_ls,8,16384,512,64,16960,6709824,2.9148409697508897,262144
39,28,B2_proxy_shared,32,32,activation_ls,16,32768,0,64,32832,6725696,2.921735987544484,262144
39,28,B2_proxy_shared,64,64,projection,4,16384,1024,64,17472,6710336,2.915063389679715,524288
39,28,B2_proxy_shared,64,64,projection,8,32768,1024,64,33856,6726720,2.9221808274021353,524288
39,28,B2_proxy_shared,64,64,projection,16,65536,0,64,65600,6758464,2.9359708629893237,524288
39,28,B2_proxy_shared,64,64,activation_ls,4,16384,1024,64,17472,6710336,2.915063389679715,524288
39,28,B2_proxy_shared,64,64,activation_ls,8,32768,1024,64,33856,6726720,2.9221808274021353,524288
39,28,B2_proxy_shared,64,64,activation_ls,16,65536,0,64,65600,6758464,2.9359708629893237,524288
39,28,B2_proxy_shared,128,128,projection,4,32768,2048,64,34880,6727744,2.9226256672597866,1048576
39,28,B2_proxy_shared,128,128,projection,8,65536,2048,64,67648,6760512,2.9368605427046264,1048576
39,28,B2_proxy_shared,128,128,projection,16,131072,0,64,131136,6824000,2.9644406138790034,1048576
39,28,B2_proxy_shared,128,128,activation_ls,4,32768,2048,64,34880,6727744,2.9226256672597866,1048576
39,28,B2_proxy_shared,128,128,activation_ls,8,65536,2048,64,67648,6760512,2.9368605427046264,1048576
39,28,B2_proxy_shared,128,128,activation_ls,16,131072,0,64,131136,6824000,2.9644406138790034,1048576
39,28,B2_proxy_shared,256,256,projection,4,65536,4096,64,69696,6762560,2.937750222419929,2097152
39,28,B2_proxy_shared,256,256,projection,8,131072,4096,64,135232,6828096,2.9662199733096086,2097152
39,28,B2_proxy_shared,256,256,projection,16,262144,0,64,262208,6955072,3.021380115658363,2097152
39,28,B2_proxy_shared,256,256,activation_ls,4,65536,4096,64,69696,6762560,2.937750222419929,2097152
39,28,B2_proxy_shared,256,256,activation_ls,8,131072,4096,64,135232,6828096,2.9662199733096086,2097152
39,28,B2_proxy_shared,256,256,activation_ls,16,262144,0,64,262208,6955072,3.021380115658363,2097152
39,28,B2_proxy_shared,512,512,projection,4,131072,8192,64,139328,6832192,2.9679993327402134,4194304
39,28,B2_proxy_shared,512,512,projection,8,262144,8192,64,270400,6963264,3.024938834519573,4194304
39,28,B2_proxy_shared,512,512,projection,16,524288,0,64,524352,7217216,3.135259119217082,4194304
39,28,B2_proxy_shared,512,512,activation_ls,4,131072,8192,64,139328,6832192,2.9679993327402134,4194304
39,28,B2_proxy_shared,512,512,activation_ls,8,262144,8192,64,270400,6963264,3.024938834519573,4194304
39,28,B2_proxy_shared,512,512,activation_ls,16,524288,0,64,524352,7217216,3.135259119217082,4194304
39,28,B3_action_cluster_4,32,32,projection,4,8192,512,64,8768,6701632,2.9112822508896796,1048576
39,28,B3_action_cluster_4,32,32,projection,8,16384,512,64,16960,6709824,2.9148409697508897,1048576
39,28,B3_action_cluster_4,32,32,projection,16,32768,0,64,32832,6725696,2.921735987544484,1048576
39,28,B3_action_cluster_4,32,32,activation_ls,4,8192,512,64,8768,6701632,2.9112822508896796,1048576
39,28,B3_action_cluster_4,32,32,activation_ls,8,16384,512,64,16960,6709824,2.9148409697508897,1048576
39,28,B3_action_cluster_4,32,32,activation_ls,16,32768,0,64,32832,6725696,2.921735987544484,1048576
39,28,B3_action_cluster_4,64,64,projection,4,16384,1024,64,17472,6710336,2.915063389679715,2097152
39,28,B3_action_cluster_4,64,64,projection,8,32768,1024,64,33856,6726720,2.9221808274021353,2097152
39,28,B3_action_cluster_4,64,64,projection,16,65536,0,64,65600,6758464,2.9359708629893237,2097152
39,28,B3_action_cluster_4,64,64,activation_ls,4,16384,1024,64,17472,6710336,2.915063389679715,2097152
39,28,B3_action_cluster_4,64,64,activation_ls,8,32768,1024,64,33856,6726720,2.9221808274021353,2097152
39,28,B3_action_cluster_4,64,64,activation_ls,16,65536,0,64,65600,6758464,2.9359708629893237,2097152
39,28,B3_action_cluster_4,128,128,projection,4,32768,2048,64,34880,6727744,2.9226256672597866,4194304
39,28,B3_action_cluster_4,128,128,projection,8,65536,2048,64,67648,6760512,2.9368605427046264,4194304
39,28,B3_action_cluster_4,128,128,projection,16,131072,0,64,131136,6824000,2.9644406138790034,4194304
39,28,B3_action_cluster_4,128,128,activation_ls,4,32768,2048,64,34880,6727744,2.9226256672597866,4194304
39,28,B3_action_cluster_4,128,128,activation_ls,8,65536,2048,64,67648,6760512,2.9368605427046264,4194304
39,28,B3_action_cluster_4,128,128,activation_ls,16,131072,0,64,131136,6824000,2.9644406138790034,4194304
39,28,B3_action_cluster_4,256,256,projection,4,65536,4096,64,69696,6762560,2.937750222419929,8388608
39,28,B3_action_cluster_4,256,256,projection,8,131072,4096,64,135232,6828096,2.9662199733096086,8388608
39,28,B3_action_cluster_4,256,256,projection,16,262144,0,64,262208,6955072,3.021380115658363,8388608
39,28,B3_action_cluster_4,256,256,activation_ls,4,65536,4096,64,69696,6762560,2.937750222419929,8388608
39,28,B3_action_cluster_4,256,256,activation_ls,8,131072,4096,64,135232,6828096,2.9662199733096086,8388608
39,28,B3_action_cluster_4,256,256,activation_ls,16,262144,0,64,262208,6955072,3.021380115658363,8388608
39,28,B3_action_cluster_4,512,315,projection,4,80640,5040,64,85744,6778608,2.944721697064057,10321920
39,28,B3_action_cluster_4,512,315,projection,8,161280,5040,64,166384,6859248,2.9797528358540926,10321920
39,28,B3_action_cluster_4,512,315,projection,16,322560,0,64,322624,7015488,3.0476256672597866,10321920
39,28,B3_action_cluster_4,512,315,activation_ls,4,80640,5040,64,85744,6778608,2.944721697064057,10321920
39,28,B3_action_cluster_4,512,315,activation_ls,8,161280,5040,64,166384,6859248,2.9797528358540926,10321920
39,28,B3_action_cluster_4,512,315,activation_ls,16,322560,0,64,322624,7015488,3.0476256672597866,10321920
39,28,B3_action_cluster_8,32,1,projection,4,256,16,64,336,6693200,2.9076192726868326,65536
39,28,B3_action_cluster_8,32,1,projection,8,512,16,64,592,6693456,2.9077304826512456,65536
39,28,B3_action_cluster_8,32,1,projection,16,1024,0,64,1088,6693952,2.9079459519572954,65536
39,28,B3_action_cluster_8,32,1,activation_ls,4,256,16,64,336,6693200,2.9076192726868326,65536
39,28,B3_action_cluster_8,32,1,activation_ls,8,512,16,64,592,6693456,2.9077304826512456,65536
39,28,B3_action_cluster_8,32,1,activation_ls,16,1024,0,64,1088,6693952,2.9079459519572954,65536
39,28,B3_action_cluster_8,64,1,projection,4,256,16,64,336,6693200,2.9076192726868326,65536
39,28,B3_action_cluster_8,64,1,projection,8,512,16,64,592,6693456,2.9077304826512456,65536
39,28,B3_action_cluster_8,64,1,projection,16,1024,0,64,1088,6693952,2.9079459519572954,65536
39,28,B3_action_cluster_8,64,1,activation_ls,4,256,16,64,336,6693200,2.9076192726868326,65536
39,28,B3_action_cluster_8,64,1,activation_ls,8,512,16,64,592,6693456,2.9077304826512456,65536
39,28,B3_action_cluster_8,64,1,activation_ls,16,1024,0,64,1088,6693952,2.9079459519572954,65536
39,28,B3_action_cluster_8,128,1,projection,4,256,16,64,336,6693200,2.9076192726868326,65536
39,28,B3_action_cluster_8,128,1,projection,8,512,16,64,592,6693456,2.9077304826512456,65536
39,28,B3_action_cluster_8,128,1,projection,16,1024,0,64,1088,6693952,2.9079459519572954,65536
39,28,B3_action_cluster_8,128,1,activation_ls,4,256,16,64,336,6693200,2.9076192726868326,65536
39,28,B3_action_cluster_8,128,1,activation_ls,8,512,16,64,592,6693456,2.9077304826512456,65536
39,28,B3_action_cluster_8,128,1,activation_ls,16,1024,0,64,1088,6693952,2.9079459519572954,65536
39,28,B3_action_cluster_8,256,1,projection,4,256,16,64,336,6693200,2.9076192726868326,65536
39,28,B3_action_cluster_8,256,1,projection,8,512,16,64,592,6693456,2.9077304826512456,65536
39,28,B3_action_cluster_8,256,1,projection,16,1024,0,64,1088,6693952,2.9079459519572954,65536
39,28,B3_action_cluster_8,256,1,activation_ls,4,256,16,64,336,6693200,2.9076192726868326,65536
39,28,B3_action_cluster_8,256,1,activation_ls,8,512,16,64,592,6693456,2.9077304826512456,65536
39,28,B3_action_cluster_8,256,1,activation_ls,16,1024,0,64,1088,6693952,2.9079459519572954,65536
39,28,B3_action_cluster_8,512,1,projection,4,256,16,64,336,6693200,2.9076192726868326,65536
39,28,B3_action_cluster_8,512,1,projection,8,512,16,64,592,6693456,2.9077304826512456,65536
39,28,B3_action_cluster_8,512,1,projection,16,1024,0,64,1088,6693952,2.9079459519572954,65536
39,28,B3_action_cluster_8,512,1,activation_ls,4,256,16,64,336,6693200,2.9076192726868326,65536
39,28,B3_action_cluster_8,512,1,activation_ls,8,512,16,64,592,6693456,2.9077304826512456,65536
39,28,B3_action_cluster_8,512,1,activation_ls,16,1024,0,64,1088,6693952,2.9079459519572954,65536
39,28,B4_per_expert_raw,32,32,projection,4,8192,512,64,8768,6701632,2.9112822508896796,3145728
39,28,B4_per_expert_raw,32,32,projection,8,16384,512,64,16960,6709824,2.9148409697508897,3145728
39,28,B4_per_expert_raw,32,32,projection,16,32768,0,64,32832,6725696,2.921735987544484,3145728
39,28,B4_per_expert_raw,32,32,activation_ls,4,8192,512,64,8768,6701632,2.9112822508896796,3145728
39,28,B4_per_expert_raw,32,32,activation_ls,8,16384,512,64,16960,6709824,2.9148409697508897,3145728
39,28,B4_per_expert_raw,32,32,activation_ls,16,32768,0,64,32832,6725696,2.921735987544484,3145728
39,28,B4_per_expert_raw,64,64,projection,4,16384,1024,64,17472,6710336,2.915063389679715,6291456
39,28,B4_per_expert_raw,64,64,projection,8,32768,1024,64,33856,6726720,2.9221808274021353,6291456
39,28,B4_per_expert_raw,64,64,projection,16,65536,0,64,65600,6758464,2.9359708629893237,6291456
39,28,B4_per_expert_raw,64,64,activation_ls,4,16384,1024,64,17472,6710336,2.915063389679715,6291456
39,28,B4_per_expert_raw,64,64,activation_ls,8,32768,1024,64,33856,6726720,2.9221808274021353,6291456
39,28,B4_per_expert_raw,64,64,activation_ls,16,65536,0,64,65600,6758464,2.9359708629893237,6291456
39,28,B4_per_expert_raw,128,128,projection,4,32768,2048,64,34880,6727744,2.9226256672597866,12582912
39,28,B4_per_expert_raw,128,128,projection,8,65536,2048,64,67648,6760512,2.9368605427046264,12582912
39,28,B4_per_expert_raw,128,128,projection,16,131072,0,64,131136,6824000,2.9644406138790034,12582912
39,28,B4_per_expert_raw,128,128,activation_ls,4,32768,2048,64,34880,6727744,2.9226256672597866,12582912
39,28,B4_per_expert_raw,128,128,activation_ls,8,65536,2048,64,67648,6760512,2.9368605427046264,12582912
39,28,B4_per_expert_raw,128,128,activation_ls,16,131072,0,64,131136,6824000,2.9644406138790034,12582912
39,28,B4_per_expert_raw,256,256,projection,4,65536,4096,64,69696,6762560,2.937750222419929,25165824
39,28,B4_per_expert_raw,256,256,projection,8,131072,4096,64,135232,6828096,2.9662199733096086,25165824
39,28,B4_per_expert_raw,256,256,projection,16,262144,0,64,262208,6955072,3.021380115658363,25165824
39,28,B4_per_expert_raw,256,256,activation_ls,4,65536,4096,64,69696,6762560,2.937750222419929,25165824
39,28,B4_per_expert_raw,256,256,activation_ls,8,131072,4096,64,135232,6828096,2.9662199733096086,25165824
39,28,B4_per_expert_raw,256,256,activation_ls,16,262144,0,64,262208,6955072,3.021380115658363,25165824
39,28,B4_per_expert_raw,512,512,projection,4,131072,8192,64,139328,6832192,2.9679993327402134,50331648
39,28,B4_per_expert_raw,512,512,projection,8,262144,8192,64,270400,6963264,3.024938834519573,50331648
39,28,B4_per_expert_raw,512,512,projection,16,524288,0,64,524352,7217216,3.135259119217082,50331648
39,28,B4_per_expert_raw,512,512,activation_ls,4,131072,8192,64,139328,6832192,2.9679993327402134,50331648
39,28,B4_per_expert_raw,512,512,activation_ls,8,262144,8192,64,270400,6963264,3.024938834519573,50331648
39,28,B4_per_expert_raw,512,512,activation_ls,16,524288,0,64,524352,7217216,3.135259119217082,50331648
39,37,B0_raw_shared,32,32,projection,4,8192,512,64,8768,6701632,2.9112822508896796,262144
39,37,B0_raw_shared,32,32,projection,8,16384,512,64,16960,6709824,2.9148409697508897,262144
39,37,B0_raw_shared,32,32,projection,16,32768,0,64,32832,6725696,2.921735987544484,262144
39,37,B0_raw_shared,32,32,activation_ls,4,8192,512,64,8768,6701632,2.9112822508896796,262144
39,37,B0_raw_shared,32,32,activation_ls,8,16384,512,64,16960,6709824,2.9148409697508897,262144
39,37,B0_raw_shared,32,32,activation_ls,16,32768,0,64,32832,6725696,2.921735987544484,262144
39,37,B0_raw_shared,64,64,projection,4,16384,1024,64,17472,6710336,2.915063389679715,524288
39,37,B0_raw_shared,64,64,projection,8,32768,1024,64,33856,6726720,2.9221808274021353,524288
39,37,B0_raw_shared,64,64,projection,16,65536,0,64,65600,6758464,2.9359708629893237,524288
39,37,B0_raw_shared,64,64,activation_ls,4,16384,1024,64,17472,6710336,2.915063389679715,524288
39,37,B0_raw_shared,64,64,activation_ls,8,32768,1024,64,33856,6726720,2.9221808274021353,524288
39,37,B0_raw_shared,64,64,activation_ls,16,65536,0,64,65600,6758464,2.9359708629893237,524288
39,37,B0_raw_shared,128,128,projection,4,32768,2048,64,34880,6727744,2.9226256672597866,1048576
39,37,B0_raw_shared,128,128,projection,8,65536,2048,64,67648,6760512,2.9368605427046264,1048576
39,37,B0_raw_shared,128,128,projection,16,131072,0,64,131136,6824000,2.9644406138790034,1048576
39,37,B0_raw_shared,128,128,activation_ls,4,32768,2048,64,34880,6727744,2.9226256672597866,1048576
39,37,B0_raw_shared,128,128,activation_ls,8,65536,2048,64,67648,6760512,2.9368605427046264,1048576
39,37,B0_raw_shared,128,128,activation_ls,16,131072,0,64,131136,6824000,2.9644406138790034,1048576
39,37,B0_raw_shared,256,256,projection,4,65536,4096,64,69696,6762560,2.937750222419929,2097152
39,37,B0_raw_shared,256,256,projection,8,131072,4096,64,135232,6828096,2.9662199733096086,2097152
39,37,B0_raw_shared,256,256,projection,16,262144,0,64,262208,6955072,3.021380115658363,2097152
39,37,B0_raw_shared,256,256,activation_ls,4,65536,4096,64,69696,6762560,2.937750222419929,2097152
39,37,B0_raw_shared,256,256,activation_ls,8,131072,4096,64,135232,6828096,2.9662199733096086,2097152
39,37,B0_raw_shared,256,256,activation_ls,16,262144,0,64,262208,6955072,3.021380115658363,2097152
39,37,B0_raw_shared,512,512,projection,4,131072,8192,64,139328,6832192,2.9679993327402134,4194304
39,37,B0_raw_shared,512,512,projection,8,262144,8192,64,270400,6963264,3.024938834519573,4194304
39,37,B0_raw_shared,512,512,projection,16,524288,0,64,524352,7217216,3.135259119217082,4194304
39,37,B0_raw_shared,512,512,activation_ls,4,131072,8192,64,139328,6832192,2.9679993327402134,4194304
39,37,B0_raw_shared,512,512,activation_ls,8,262144,8192,64,270400,6963264,3.024938834519573,4194304
39,37,B0_raw_shared,512,512,activation_ls,16,524288,0,64,524352,7217216,3.135259119217082,4194304
39,37,B1_action_shared,32,32,projection,4,8192,512,64,8768,6701632,2.9112822508896796,262144
39,37,B1_action_shared,32,32,projection,8,16384,512,64,16960,6709824,2.9148409697508897,262144
39,37,B1_action_shared,32,32,projection,16,32768,0,64,32832,6725696,2.921735987544484,262144
39,37,B1_action_shared,32,32,activation_ls,4,8192,512,64,8768,6701632,2.9112822508896796,262144
39,37,B1_action_shared,32,32,activation_ls,8,16384,512,64,16960,6709824,2.9148409697508897,262144
39,37,B1_action_shared,32,32,activation_ls,16,32768,0,64,32832,6725696,2.921735987544484,262144
39,37,B1_action_shared,64,64,projection,4,16384,1024,64,17472,6710336,2.915063389679715,524288
39,37,B1_action_shared,64,64,projection,8,32768,1024,64,33856,6726720,2.9221808274021353,524288
39,37,B1_action_shared,64,64,projection,16,65536,0,64,65600,6758464,2.9359708629893237,524288
39,37,B1_action_shared,64,64,activation_ls,4,16384,1024,64,17472,6710336,2.915063389679715,524288
39,37,B1_action_shared,64,64,activation_ls,8,32768,1024,64,33856,6726720,2.9221808274021353,524288
39,37,B1_action_shared,64,64,activation_ls,16,65536,0,64,65600,6758464,2.9359708629893237,524288
39,37,B1_action_shared,128,128,projection,4,32768,2048,64,34880,6727744,2.9226256672597866,1048576
39,37,B1_action_shared,128,128,projection,8,65536,2048,64,67648,6760512,2.9368605427046264,1048576
39,37,B1_action_shared,128,128,projection,16,131072,0,64,131136,6824000,2.9644406138790034,1048576
39,37,B1_action_shared,128,128,activation_ls,4,32768,2048,64,34880,6727744,2.9226256672597866,1048576
39,37,B1_action_shared,128,128,activation_ls,8,65536,2048,64,67648,6760512,2.9368605427046264,1048576
39,37,B1_action_shared,128,128,activation_ls,16,131072,0,64,131136,6824000,2.9644406138790034,1048576
39,37,B1_action_shared,256,256,projection,4,65536,4096,64,69696,6762560,2.937750222419929,2097152
39,37,B1_action_shared,256,256,projection,8,131072,4096,64,135232,6828096,2.9662199733096086,2097152
39,37,B1_action_shared,256,256,projection,16,262144,0,64,262208,6955072,3.021380115658363,2097152
39,37,B1_action_shared,256,256,activation_ls,4,65536,4096,64,69696,6762560,2.937750222419929,2097152
39,37,B1_action_shared,256,256,activation_ls,8,131072,4096,64,135232,6828096,2.9662199733096086,2097152
39,37,B1_action_shared,256,256,activation_ls,16,262144,0,64,262208,6955072,3.021380115658363,2097152
39,37,B1_action_shared,512,512,projection,4,131072,8192,64,139328,6832192,2.9679993327402134,4194304
39,37,B1_action_shared,512,512,projection,8,262144,8192,64,270400,6963264,3.024938834519573,4194304
39,37,B1_action_shared,512,512,projection,16,524288,0,64,524352,7217216,3.135259119217082,4194304
39,37,B1_action_shared,512,512,activation_ls,4,131072,8192,64,139328,6832192,2.9679993327402134,4194304
39,37,B1_action_shared,512,512,activation_ls,8,262144,8192,64,270400,6963264,3.024938834519573,4194304
39,37,B1_action_shared,512,512,activation_ls,16,524288,0,64,524352,7217216,3.135259119217082,4194304
39,37,B2_proxy_shared,32,32,projection,4,8192,512,64,8768,6701632,2.9112822508896796,262144
39,37,B2_proxy_shared,32,32,projection,8,16384,512,64,16960,6709824,2.9148409697508897,262144
39,37,B2_proxy_shared,32,32,projection,16,32768,0,64,32832,6725696,2.921735987544484,262144
39,37,B2_proxy_shared,32,32,activation_ls,4,8192,512,64,8768,6701632,2.9112822508896796,262144
39,37,B2_proxy_shared,32,32,activation_ls,8,16384,512,64,16960,6709824,2.9148409697508897,262144
39,37,B2_proxy_shared,32,32,activation_ls,16,32768,0,64,32832,6725696,2.921735987544484,262144
39,37,B2_proxy_shared,64,64,projection,4,16384,1024,64,17472,6710336,2.915063389679715,524288
39,37,B2_proxy_shared,64,64,projection,8,32768,1024,64,33856,6726720,2.9221808274021353,524288
39,37,B2_proxy_shared,64,64,projection,16,65536,0,64,65600,6758464,2.9359708629893237,524288
39,37,B2_proxy_shared,64,64,activation_ls,4,16384,1024,64,17472,6710336,2.915063389679715,524288
39,37,B2_proxy_shared,64,64,activation_ls,8,32768,1024,64,33856,6726720,2.9221808274021353,524288
39,37,B2_proxy_shared,64,64,activation_ls,16,65536,0,64,65600,6758464,2.9359708629893237,524288
39,37,B2_proxy_shared,128,128,projection,4,32768,2048,64,34880,6727744,2.9226256672597866,1048576
39,37,B2_proxy_shared,128,128,projection,8,65536,2048,64,67648,6760512,2.9368605427046264,1048576
39,37,B2_proxy_shared,128,128,projection,16,131072,0,64,131136,6824000,2.9644406138790034,1048576
39,37,B2_proxy_shared,128,128,activation_ls,4,32768,2048,64,34880,6727744,2.9226256672597866,1048576
39,37,B2_proxy_shared,128,128,activation_ls,8,65536,2048,64,67648,6760512,2.9368605427046264,1048576
39,37,B2_proxy_shared,128,128,activation_ls,16,131072,0,64,131136,6824000,2.9644406138790034,1048576
39,37,B2_proxy_shared,256,256,projection,4,65536,4096,64,69696,6762560,2.937750222419929,2097152
39,37,B2_proxy_shared,256,256,projection,8,131072,4096,64,135232,6828096,2.9662199733096086,2097152
39,37,B2_proxy_shared,256,256,projection,16,262144,0,64,262208,6955072,3.021380115658363,2097152
39,37,B2_proxy_shared,256,256,activation_ls,4,65536,4096,64,69696,6762560,2.937750222419929,2097152
39,37,B2_proxy_shared,256,256,activation_ls,8,131072,4096,64,135232,6828096,2.9662199733096086,2097152
39,37,B2_proxy_shared,256,256,activation_ls,16,262144,0,64,262208,6955072,3.021380115658363,2097152
39,37,B2_proxy_shared,512,512,projection,4,131072,8192,64,139328,6832192,2.9679993327402134,4194304
39,37,B2_proxy_shared,512,512,projection,8,262144,8192,64,270400,6963264,3.024938834519573,4194304
39,37,B2_proxy_shared,512,512,projection,16,524288,0,64,524352,7217216,3.135259119217082,4194304
39,37,B2_proxy_shared,512,512,activation_ls,4,131072,8192,64,139328,6832192,2.9679993327402134,4194304
39,37,B2_proxy_shared,512,512,activation_ls,8,262144,8192,64,270400,6963264,3.024938834519573,4194304
39,37,B2_proxy_shared,512,512,activation_ls,16,524288,0,64,524352,7217216,3.135259119217082,4194304
39,37,B3_action_cluster_4,32,32,projection,4,8192,512,64,8768,6701632,2.9112822508896796,1048576
39,37,B3_action_cluster_4,32,32,projection,8,16384,512,64,16960,6709824,2.9148409697508897,1048576
39,37,B3_action_cluster_4,32,32,projection,16,32768,0,64,32832,6725696,2.921735987544484,1048576
39,37,B3_action_cluster_4,32,32,activation_ls,4,8192,512,64,8768,6701632,2.9112822508896796,1048576
39,37,B3_action_cluster_4,32,32,activation_ls,8,16384,512,64,16960,6709824,2.9148409697508897,1048576
39,37,B3_action_cluster_4,32,32,activation_ls,16,32768,0,64,32832,6725696,2.921735987544484,1048576
39,37,B3_action_cluster_4,64,64,projection,4,16384,1024,64,17472,6710336,2.915063389679715,2097152
39,37,B3_action_cluster_4,64,64,projection,8,32768,1024,64,33856,6726720,2.9221808274021353,2097152
39,37,B3_action_cluster_4,64,64,projection,16,65536,0,64,65600,6758464,2.9359708629893237,2097152
39,37,B3_action_cluster_4,64,64,activation_ls,4,16384,1024,64,17472,6710336,2.915063389679715,2097152
39,37,B3_action_cluster_4,64,64,activation_ls,8,32768,1024,64,33856,6726720,2.9221808274021353,2097152
39,37,B3_action_cluster_4,64,64,activation_ls,16,65536,0,64,65600,6758464,2.9359708629893237,2097152
39,37,B3_action_cluster_4,128,128,projection,4,32768,2048,64,34880,6727744,2.9226256672597866,4194304
39,37,B3_action_cluster_4,128,128,projection,8,65536,2048,64,67648,6760512,2.9368605427046264,4194304
39,37,B3_action_cluster_4,128,128,projection,16,131072,0,64,131136,6824000,2.9644406138790034,4194304
39,37,B3_action_cluster_4,128,128,activation_ls,4,32768,2048,64,34880,6727744,2.9226256672597866,4194304
39,37,B3_action_cluster_4,128,128,activation_ls,8,65536,2048,64,67648,6760512,2.9368605427046264,4194304
39,37,B3_action_cluster_4,128,128,activation_ls,16,131072,0,64,131136,6824000,2.9644406138790034,4194304
39,37,B3_action_cluster_4,256,256,projection,4,65536,4096,64,69696,6762560,2.937750222419929,8388608
39,37,B3_action_cluster_4,256,256,projection,8,131072,4096,64,135232,6828096,2.9662199733096086,8388608
39,37,B3_action_cluster_4,256,256,projection,16,262144,0,64,262208,6955072,3.021380115658363,8388608
39,37,B3_action_cluster_4,256,256,activation_ls,4,65536,4096,64,69696,6762560,2.937750222419929,8388608
39,37,B3_action_cluster_4,256,256,activation_ls,8,131072,4096,64,135232,6828096,2.9662199733096086,8388608
39,37,B3_action_cluster_4,256,256,activation_ls,16,262144,0,64,262208,6955072,3.021380115658363,8388608
39,37,B3_action_cluster_4,512,315,projection,4,80640,5040,64,85744,6778608,2.944721697064057,10321920
39,37,B3_action_cluster_4,512,315,projection,8,161280,5040,64,166384,6859248,2.9797528358540926,10321920
39,37,B3_action_cluster_4,512,315,projection,16,322560,0,64,322624,7015488,3.0476256672597866,10321920
39,37,B3_action_cluster_4,512,315,activation_ls,4,80640,5040,64,85744,6778608,2.944721697064057,10321920
39,37,B3_action_cluster_4,512,315,activation_ls,8,161280,5040,64,166384,6859248,2.9797528358540926,10321920
39,37,B3_action_cluster_4,512,315,activation_ls,16,322560,0,64,322624,7015488,3.0476256672597866,10321920
39,37,B3_action_cluster_8,32,32,projection,4,8192,512,64,8768,6701632,2.9112822508896796,2097152
39,37,B3_action_cluster_8,32,32,projection,8,16384,512,64,16960,6709824,2.9148409697508897,2097152
39,37,B3_action_cluster_8,32,32,projection,16,32768,0,64,32832,6725696,2.921735987544484,2097152
39,37,B3_action_cluster_8,32,32,activation_ls,4,8192,512,64,8768,6701632,2.9112822508896796,2097152
39,37,B3_action_cluster_8,32,32,activation_ls,8,16384,512,64,16960,6709824,2.9148409697508897,2097152
39,37,B3_action_cluster_8,32,32,activation_ls,16,32768,0,64,32832,6725696,2.921735987544484,2097152
39,37,B3_action_cluster_8,64,64,projection,4,16384,1024,64,17472,6710336,2.915063389679715,4194304
39,37,B3_action_cluster_8,64,64,projection,8,32768,1024,64,33856,6726720,2.9221808274021353,4194304
39,37,B3_action_cluster_8,64,64,projection,16,65536,0,64,65600,6758464,2.9359708629893237,4194304
39,37,B3_action_cluster_8,64,64,activation_ls,4,16384,1024,64,17472,6710336,2.915063389679715,4194304
39,37,B3_action_cluster_8,64,64,activation_ls,8,32768,1024,64,33856,6726720,2.9221808274021353,4194304
39,37,B3_action_cluster_8,64,64,activation_ls,16,65536,0,64,65600,6758464,2.9359708629893237,4194304
39,37,B3_action_cluster_8,128,128,projection,4,32768,2048,64,34880,6727744,2.9226256672597866,8388608
39,37,B3_action_cluster_8,128,128,projection,8,65536,2048,64,67648,6760512,2.9368605427046264,8388608
39,37,B3_action_cluster_8,128,128,projection,16,131072,0,64,131136,6824000,2.9644406138790034,8388608
39,37,B3_action_cluster_8,128,128,activation_ls,4,32768,2048,64,34880,6727744,2.9226256672597866,8388608
39,37,B3_action_cluster_8,128,128,activation_ls,8,65536,2048,64,67648,6760512,2.9368605427046264,8388608
39,37,B3_action_cluster_8,128,128,activation_ls,16,131072,0,64,131136,6824000,2.9644406138790034,8388608
39,37,B3_action_cluster_8,256,256,projection,4,65536,4096,64,69696,6762560,2.937750222419929,16777216
39,37,B3_action_cluster_8,256,256,projection,8,131072,4096,64,135232,6828096,2.9662199733096086,16777216
39,37,B3_action_cluster_8,256,256,projection,16,262144,0,64,262208,6955072,3.021380115658363,16777216
39,37,B3_action_cluster_8,256,256,activation_ls,4,65536,4096,64,69696,6762560,2.937750222419929,16777216
39,37,B3_action_cluster_8,256,256,activation_ls,8,131072,4096,64,135232,6828096,2.9662199733096086,16777216
39,37,B3_action_cluster_8,256,256,activation_ls,16,262144,0,64,262208,6955072,3.021380115658363,16777216
39,37,B3_action_cluster_8,512,290,projection,4,74240,4640,64,78944,6771808,2.9417676823843415,19005440
39,37,B3_action_cluster_8,512,290,projection,8,148480,4640,64,153184,6846048,2.974018572064057,19005440
39,37,B3_action_cluster_8,512,290,projection,16,296960,0,64,297024,6989888,3.0365046708185055,19005440
39,37,B3_action_cluster_8,512,290,activation_ls,4,74240,4640,64,78944,6771808,2.9417676823843415,19005440
39,37,B3_action_cluster_8,512,290,activation_ls,8,148480,4640,64,153184,6846048,2.974018572064057,19005440
39,37,B3_action_cluster_8,512,290,activation_ls,16,296960,0,64,297024,6989888,3.0365046708185055,19005440
39,37,B4_per_expert_raw,32,32,projection,4,8192,512,64,8768,6701632,2.9112822508896796,3145728
39,37,B4_per_expert_raw,32,32,projection,8,16384,512,64,16960,6709824,2.9148409697508897,3145728
39,37,B4_per_expert_raw,32,32,projection,16,32768,0,64,32832,6725696,2.921735987544484,3145728
39,37,B4_per_expert_raw,32,32,activation_ls,4,8192,512,64,8768,6701632,2.9112822508896796,3145728
39,37,B4_per_expert_raw,32,32,activation_ls,8,16384,512,64,16960,6709824,2.9148409697508897,3145728
39,37,B4_per_expert_raw,32,32,activation_ls,16,32768,0,64,32832,6725696,2.921735987544484,3145728
39,37,B4_per_expert_raw,64,64,projection,4,16384,1024,64,17472,6710336,2.915063389679715,6291456
39,37,B4_per_expert_raw,64,64,projection,8,32768,1024,64,33856,6726720,2.9221808274021353,6291456
39,37,B4_per_expert_raw,64,64,projection,16,65536,0,64,65600,6758464,2.9359708629893237,6291456
39,37,B4_per_expert_raw,64,64,activation_ls,4,16384,1024,64,17472,6710336,2.915063389679715,6291456
39,37,B4_per_expert_raw,64,64,activation_ls,8,32768,1024,64,33856,6726720,2.9221808274021353,6291456
39,37,B4_per_expert_raw,64,64,activation_ls,16,65536,0,64,65600,6758464,2.9359708629893237,6291456
39,37,B4_per_expert_raw,128,128,projection,4,32768,2048,64,34880,6727744,2.9226256672597866,12582912
39,37,B4_per_expert_raw,128,128,projection,8,65536,2048,64,67648,6760512,2.9368605427046264,12582912
39,37,B4_per_expert_raw,128,128,projection,16,131072,0,64,131136,6824000,2.9644406138790034,12582912
39,37,B4_per_expert_raw,128,128,activation_ls,4,32768,2048,64,34880,6727744,2.9226256672597866,12582912
39,37,B4_per_expert_raw,128,128,activation_ls,8,65536,2048,64,67648,6760512,2.9368605427046264,12582912
39,37,B4_per_expert_raw,128,128,activation_ls,16,131072,0,64,131136,6824000,2.9644406138790034,12582912
39,37,B4_per_expert_raw,256,256,projection,4,65536,4096,64,69696,6762560,2.937750222419929,25165824
39,37,B4_per_expert_raw,256,256,projection,8,131072,4096,64,135232,6828096,2.9662199733096086,25165824
39,37,B4_per_expert_raw,256,256,projection,16,262144,0,64,262208,6955072,3.021380115658363,25165824
39,37,B4_per_expert_raw,256,256,activation_ls,4,65536,4096,64,69696,6762560,2.937750222419929,25165824
39,37,B4_per_expert_raw,256,256,activation_ls,8,131072,4096,64,135232,6828096,2.9662199733096086,25165824
39,37,B4_per_expert_raw,256,256,activation_ls,16,262144,0,64,262208,6955072,3.021380115658363,25165824
39,37,B4_per_expert_raw,512,512,projection,4,131072,8192,64,139328,6832192,2.9679993327402134,50331648
39,37,B4_per_expert_raw,512,512,projection,8,262144,8192,64,270400,6963264,3.024938834519573,50331648
39,37,B4_per_expert_raw,512,512,projection,16,524288,0,64,524352,7217216,3.135259119217082,50331648
39,37,B4_per_expert_raw,512,512,activation_ls,4,131072,8192,64,139328,6832192,2.9679993327402134,50331648
39,37,B4_per_expert_raw,512,512,activation_ls,8,262144,8192,64,270400,6963264,3.024938834519573,50331648
39,37,B4_per_expert_raw,512,512,activation_ls,16,524288,0,64,524352,7217216,3.135259119217082,50331648
39,43,B0_raw_shared,32,32,projection,4,8192,512,64,8768,6701632,2.9112822508896796,262144
39,43,B0_raw_shared,32,32,projection,8,16384,512,64,16960,6709824,2.9148409697508897,262144
39,43,B0_raw_shared,32,32,projection,16,32768,0,64,32832,6725696,2.921735987544484,262144
39,43,B0_raw_shared,32,32,activation_ls,4,8192,512,64,8768,6701632,2.9112822508896796,262144
39,43,B0_raw_shared,32,32,activation_ls,8,16384,512,64,16960,6709824,2.9148409697508897,262144
39,43,B0_raw_shared,32,32,activation_ls,16,32768,0,64,32832,6725696,2.921735987544484,262144
39,43,B0_raw_shared,64,64,projection,4,16384,1024,64,17472,6710336,2.915063389679715,524288
39,43,B0_raw_shared,64,64,projection,8,32768,1024,64,33856,6726720,2.9221808274021353,524288
39,43,B0_raw_shared,64,64,projection,16,65536,0,64,65600,6758464,2.9359708629893237,524288
39,43,B0_raw_shared,64,64,activation_ls,4,16384,1024,64,17472,6710336,2.915063389679715,524288
39,43,B0_raw_shared,64,64,activation_ls,8,32768,1024,64,33856,6726720,2.9221808274021353,524288
39,43,B0_raw_shared,64,64,activation_ls,16,65536,0,64,65600,6758464,2.9359708629893237,524288
39,43,B0_raw_shared,128,128,projection,4,32768,2048,64,34880,6727744,2.9226256672597866,1048576
39,43,B0_raw_shared,128,128,projection,8,65536,2048,64,67648,6760512,2.9368605427046264,1048576
39,43,B0_raw_shared,128,128,projection,16,131072,0,64,131136,6824000,2.9644406138790034,1048576
39,43,B0_raw_shared,128,128,activation_ls,4,32768,2048,64,34880,6727744,2.9226256672597866,1048576
39,43,B0_raw_shared,128,128,activation_ls,8,65536,2048,64,67648,6760512,2.9368605427046264,1048576
39,43,B0_raw_shared,128,128,activation_ls,16,131072,0,64,131136,6824000,2.9644406138790034,1048576
39,43,B0_raw_shared,256,256,projection,4,65536,4096,64,69696,6762560,2.937750222419929,2097152
39,43,B0_raw_shared,256,256,projection,8,131072,4096,64,135232,6828096,2.9662199733096086,2097152
39,43,B0_raw_shared,256,256,projection,16,262144,0,64,262208,6955072,3.021380115658363,2097152
39,43,B0_raw_shared,256,256,activation_ls,4,65536,4096,64,69696,6762560,2.937750222419929,2097152
39,43,B0_raw_shared,256,256,activation_ls,8,131072,4096,64,135232,6828096,2.9662199733096086,2097152
39,43,B0_raw_shared,256,256,activation_ls,16,262144,0,64,262208,6955072,3.021380115658363,2097152
39,43,B0_raw_shared,512,512,projection,4,131072,8192,64,139328,6832192,2.9679993327402134,4194304
39,43,B0_raw_shared,512,512,projection,8,262144,8192,64,270400,6963264,3.024938834519573,4194304
39,43,B0_raw_shared,512,512,projection,16,524288,0,64,524352,7217216,3.135259119217082,4194304
39,43,B0_raw_shared,512,512,activation_ls,4,131072,8192,64,139328,6832192,2.9679993327402134,4194304
39,43,B0_raw_shared,512,512,activation_ls,8,262144,8192,64,270400,6963264,3.024938834519573,4194304
39,43,B0_raw_shared,512,512,activation_ls,16,524288,0,64,524352,7217216,3.135259119217082,4194304
39,43,B1_action_shared,32,32,projection,4,8192,512,64,8768,6701632,2.9112822508896796,262144
39,43,B1_action_shared,32,32,projection,8,16384,512,64,16960,6709824,2.9148409697508897,262144
39,43,B1_action_shared,32,32,projection,16,32768,0,64,32832,6725696,2.921735987544484,262144
39,43,B1_action_shared,32,32,activation_ls,4,8192,512,64,8768,6701632,2.9112822508896796,262144
39,43,B1_action_shared,32,32,activation_ls,8,16384,512,64,16960,6709824,2.9148409697508897,262144
39,43,B1_action_shared,32,32,activation_ls,16,32768,0,64,32832,6725696,2.921735987544484,262144
39,43,B1_action_shared,64,64,projection,4,16384,1024,64,17472,6710336,2.915063389679715,524288
39,43,B1_action_shared,64,64,projection,8,32768,1024,64,33856,6726720,2.9221808274021353,524288
39,43,B1_action_shared,64,64,projection,16,65536,0,64,65600,6758464,2.9359708629893237,524288
39,43,B1_action_shared,64,64,activation_ls,4,16384,1024,64,17472,6710336,2.915063389679715,524288
39,43,B1_action_shared,64,64,activation_ls,8,32768,1024,64,33856,6726720,2.9221808274021353,524288
39,43,B1_action_shared,64,64,activation_ls,16,65536,0,64,65600,6758464,2.9359708629893237,524288
39,43,B1_action_shared,128,128,projection,4,32768,2048,64,34880,6727744,2.9226256672597866,1048576
39,43,B1_action_shared,128,128,projection,8,65536,2048,64,67648,6760512,2.9368605427046264,1048576
39,43,B1_action_shared,128,128,projection,16,131072,0,64,131136,6824000,2.9644406138790034,1048576
39,43,B1_action_shared,128,128,activation_ls,4,32768,2048,64,34880,6727744,2.9226256672597866,1048576
39,43,B1_action_shared,128,128,activation_ls,8,65536,2048,64,67648,6760512,2.9368605427046264,1048576
39,43,B1_action_shared,128,128,activation_ls,16,131072,0,64,131136,6824000,2.9644406138790034,1048576
39,43,B1_action_shared,256,256,projection,4,65536,4096,64,69696,6762560,2.937750222419929,2097152
39,43,B1_action_shared,256,256,projection,8,131072,4096,64,135232,6828096,2.9662199733096086,2097152
39,43,B1_action_shared,256,256,projection,16,262144,0,64,262208,6955072,3.021380115658363,2097152
39,43,B1_action_shared,256,256,activation_ls,4,65536,4096,64,69696,6762560,2.937750222419929,2097152
39,43,B1_action_shared,256,256,activation_ls,8,131072,4096,64,135232,6828096,2.9662199733096086,2097152
39,43,B1_action_shared,256,256,activation_ls,16,262144,0,64,262208,6955072,3.021380115658363,2097152
39,43,B1_action_shared,512,512,projection,4,131072,8192,64,139328,6832192,2.9679993327402134,4194304
39,43,B1_action_shared,512,512,projection,8,262144,8192,64,270400,6963264,3.024938834519573,4194304
39,43,B1_action_shared,512,512,projection,16,524288,0,64,524352,7217216,3.135259119217082,4194304
39,43,B1_action_shared,512,512,activation_ls,4,131072,8192,64,139328,6832192,2.9679993327402134,4194304
39,43,B1_action_shared,512,512,activation_ls,8,262144,8192,64,270400,6963264,3.024938834519573,4194304
39,43,B1_action_shared,512,512,activation_ls,16,524288,0,64,524352,7217216,3.135259119217082,4194304
39,43,B2_proxy_shared,32,32,projection,4,8192,512,64,8768,6701632,2.9112822508896796,262144
39,43,B2_proxy_shared,32,32,projection,8,16384,512,64,16960,6709824,2.9148409697508897,262144
39,43,B2_proxy_shared,32,32,projection,16,32768,0,64,32832,6725696,2.921735987544484,262144
39,43,B2_proxy_shared,32,32,activation_ls,4,8192,512,64,8768,6701632,2.9112822508896796,262144
39,43,B2_proxy_shared,32,32,activation_ls,8,16384,512,64,16960,6709824,2.9148409697508897,262144
39,43,B2_proxy_shared,32,32,activation_ls,16,32768,0,64,32832,6725696,2.921735987544484,262144
39,43,B2_proxy_shared,64,64,projection,4,16384,1024,64,17472,6710336,2.915063389679715,524288
39,43,B2_proxy_shared,64,64,projection,8,32768,1024,64,33856,6726720,2.9221808274021353,524288
39,43,B2_proxy_shared,64,64,projection,16,65536,0,64,65600,6758464,2.9359708629893237,524288
39,43,B2_proxy_shared,64,64,activation_ls,4,16384,1024,64,17472,6710336,2.915063389679715,524288
39,43,B2_proxy_shared,64,64,activation_ls,8,32768,1024,64,33856,6726720,2.9221808274021353,524288
39,43,B2_proxy_shared,64,64,activation_ls,16,65536,0,64,65600,6758464,2.9359708629893237,524288
39,43,B2_proxy_shared,128,128,projection,4,32768,2048,64,34880,6727744,2.9226256672597866,1048576
39,43,B2_proxy_shared,128,128,projection,8,65536,2048,64,67648,6760512,2.9368605427046264,1048576
39,43,B2_proxy_shared,128,128,projection,16,131072,0,64,131136,6824000,2.9644406138790034,1048576
39,43,B2_proxy_shared,128,128,activation_ls,4,32768,2048,64,34880,6727744,2.9226256672597866,1048576
39,43,B2_proxy_shared,128,128,activation_ls,8,65536,2048,64,67648,6760512,2.9368605427046264,1048576
39,43,B2_proxy_shared,128,128,activation_ls,16,131072,0,64,131136,6824000,2.9644406138790034,1048576
39,43,B2_proxy_shared,256,256,projection,4,65536,4096,64,69696,6762560,2.937750222419929,2097152
39,43,B2_proxy_shared,256,256,projection,8,131072,4096,64,135232,6828096,2.9662199733096086,2097152
39,43,B2_proxy_shared,256,256,projection,16,262144,0,64,262208,6955072,3.021380115658363,2097152
39,43,B2_proxy_shared,256,256,activation_ls,4,65536,4096,64,69696,6762560,2.937750222419929,2097152
39,43,B2_proxy_shared,256,256,activation_ls,8,131072,4096,64,135232,6828096,2.9662199733096086,2097152
39,43,B2_proxy_shared,256,256,activation_ls,16,262144,0,64,262208,6955072,3.021380115658363,2097152
39,43,B2_proxy_shared,512,512,projection,4,131072,8192,64,139328,6832192,2.9679993327402134,4194304
39,43,B2_proxy_shared,512,512,projection,8,262144,8192,64,270400,6963264,3.024938834519573,4194304
39,43,B2_proxy_shared,512,512,projection,16,524288,0,64,524352,7217216,3.135259119217082,4194304
39,43,B2_proxy_shared,512,512,activation_ls,4,131072,8192,64,139328,6832192,2.9679993327402134,4194304
39,43,B2_proxy_shared,512,512,activation_ls,8,262144,8192,64,270400,6963264,3.024938834519573,4194304
39,43,B2_proxy_shared,512,512,activation_ls,16,524288,0,64,524352,7217216,3.135259119217082,4194304
39,43,B3_action_cluster_4,32,1,projection,4,256,16,64,336,6693200,2.9076192726868326,32768
39,43,B3_action_cluster_4,32,1,projection,8,512,16,64,592,6693456,2.9077304826512456,32768
39,43,B3_action_cluster_4,32,1,projection,16,1024,0,64,1088,6693952,2.9079459519572954,32768
39,43,B3_action_cluster_4,32,1,activation_ls,4,256,16,64,336,6693200,2.9076192726868326,32768
39,43,B3_action_cluster_4,32,1,activation_ls,8,512,16,64,592,6693456,2.9077304826512456,32768
39,43,B3_action_cluster_4,32,1,activation_ls,16,1024,0,64,1088,6693952,2.9079459519572954,32768
39,43,B3_action_cluster_4,64,1,projection,4,256,16,64,336,6693200,2.9076192726868326,32768
39,43,B3_action_cluster_4,64,1,projection,8,512,16,64,592,6693456,2.9077304826512456,32768
39,43,B3_action_cluster_4,64,1,projection,16,1024,0,64,1088,6693952,2.9079459519572954,32768
39,43,B3_action_cluster_4,64,1,activation_ls,4,256,16,64,336,6693200,2.9076192726868326,32768
39,43,B3_action_cluster_4,64,1,activation_ls,8,512,16,64,592,6693456,2.9077304826512456,32768
39,43,B3_action_cluster_4,64,1,activation_ls,16,1024,0,64,1088,6693952,2.9079459519572954,32768
39,43,B3_action_cluster_4,128,1,projection,4,256,16,64,336,6693200,2.9076192726868326,32768
39,43,B3_action_cluster_4,128,1,projection,8,512,16,64,592,6693456,2.9077304826512456,32768
39,43,B3_action_cluster_4,128,1,projection,16,1024,0,64,1088,6693952,2.9079459519572954,32768
39,43,B3_action_cluster_4,128,1,activation_ls,4,256,16,64,336,6693200,2.9076192726868326,32768
39,43,B3_action_cluster_4,128,1,activation_ls,8,512,16,64,592,6693456,2.9077304826512456,32768
39,43,B3_action_cluster_4,128,1,activation_ls,16,1024,0,64,1088,6693952,2.9079459519572954,32768
39,43,B3_action_cluster_4,256,1,projection,4,256,16,64,336,6693200,2.9076192726868326,32768
39,43,B3_action_cluster_4,256,1,projection,8,512,16,64,592,6693456,2.9077304826512456,32768
39,43,B3_action_cluster_4,256,1,projection,16,1024,0,64,1088,6693952,2.9079459519572954,32768
39,43,B3_action_cluster_4,256,1,activation_ls,4,256,16,64,336,6693200,2.9076192726868326,32768
39,43,B3_action_cluster_4,256,1,activation_ls,8,512,16,64,592,6693456,2.9077304826512456,32768
39,43,B3_action_cluster_4,256,1,activation_ls,16,1024,0,64,1088,6693952,2.9079459519572954,32768
39,43,B3_action_cluster_4,512,1,projection,4,256,16,64,336,6693200,2.9076192726868326,32768
39,43,B3_action_cluster_4,512,1,projection,8,512,16,64,592,6693456,2.9077304826512456,32768
39,43,B3_action_cluster_4,512,1,projection,16,1024,0,64,1088,6693952,2.9079459519572954,32768
39,43,B3_action_cluster_4,512,1,activation_ls,4,256,16,64,336,6693200,2.9076192726868326,32768
39,43,B3_action_cluster_4,512,1,activation_ls,8,512,16,64,592,6693456,2.9077304826512456,32768
39,43,B3_action_cluster_4,512,1,activation_ls,16,1024,0,64,1088,6693952,2.9079459519572954,32768
39,43,B3_action_cluster_8,32,32,projection,4,8192,512,64,8768,6701632,2.9112822508896796,2097152
39,43,B3_action_cluster_8,32,32,projection,8,16384,512,64,16960,6709824,2.9148409697508897,2097152
39,43,B3_action_cluster_8,32,32,projection,16,32768,0,64,32832,6725696,2.921735987544484,2097152
39,43,B3_action_cluster_8,32,32,activation_ls,4,8192,512,64,8768,6701632,2.9112822508896796,2097152
39,43,B3_action_cluster_8,32,32,activation_ls,8,16384,512,64,16960,6709824,2.9148409697508897,2097152
39,43,B3_action_cluster_8,32,32,activation_ls,16,32768,0,64,32832,6725696,2.921735987544484,2097152
39,43,B3_action_cluster_8,64,64,projection,4,16384,1024,64,17472,6710336,2.915063389679715,4194304
39,43,B3_action_cluster_8,64,64,projection,8,32768,1024,64,33856,6726720,2.9221808274021353,4194304
39,43,B3_action_cluster_8,64,64,projection,16,65536,0,64,65600,6758464,2.9359708629893237,4194304
39,43,B3_action_cluster_8,64,64,activation_ls,4,16384,1024,64,17472,6710336,2.915063389679715,4194304
39,43,B3_action_cluster_8,64,64,activation_ls,8,32768,1024,64,33856,6726720,2.9221808274021353,4194304
39,43,B3_action_cluster_8,64,64,activation_ls,16,65536,0,64,65600,6758464,2.9359708629893237,4194304
39,43,B3_action_cluster_8,128,128,projection,4,32768,2048,64,34880,6727744,2.9226256672597866,8388608
39,43,B3_action_cluster_8,128,128,projection,8,65536,2048,64,67648,6760512,2.9368605427046264,8388608
39,43,B3_action_cluster_8,128,128,projection,16,131072,0,64,131136,6824000,2.9644406138790034,8388608
39,43,B3_action_cluster_8,128,128,activation_ls,4,32768,2048,64,34880,6727744,2.9226256672597866,8388608
39,43,B3_action_cluster_8,128,128,activation_ls,8,65536,2048,64,67648,6760512,2.9368605427046264,8388608
39,43,B3_action_cluster_8,128,128,activation_ls,16,131072,0,64,131136,6824000,2.9644406138790034,8388608
39,43,B3_action_cluster_8,256,256,projection,4,65536,4096,64,69696,6762560,2.937750222419929,16777216
39,43,B3_action_cluster_8,256,256,projection,8,131072,4096,64,135232,6828096,2.9662199733096086,16777216
39,43,B3_action_cluster_8,256,256,projection,16,262144,0,64,262208,6955072,3.021380115658363,16777216
39,43,B3_action_cluster_8,256,256,activation_ls,4,65536,4096,64,69696,6762560,2.937750222419929,16777216
39,43,B3_action_cluster_8,256,256,activation_ls,8,131072,4096,64,135232,6828096,2.9662199733096086,16777216
39,43,B3_action_cluster_8,256,256,activation_ls,16,262144,0,64,262208,6955072,3.021380115658363,16777216
39,43,B3_action_cluster_8,512,290,projection,4,74240,4640,64,78944,6771808,2.9417676823843415,19005440
39,43,B3_action_cluster_8,512,290,projection,8,148480,4640,64,153184,6846048,2.974018572064057,19005440
39,43,B3_action_cluster_8,512,290,projection,16,296960,0,64,297024,6989888,3.0365046708185055,19005440
39,43,B3_action_cluster_8,512,290,activation_ls,4,74240,4640,64,78944,6771808,2.9417676823843415,19005440
39,43,B3_action_cluster_8,512,290,activation_ls,8,148480,4640,64,153184,6846048,2.974018572064057,19005440
39,43,B3_action_cluster_8,512,290,activation_ls,16,296960,0,64,297024,6989888,3.0365046708185055,19005440
39,43,B4_per_expert_raw,32,32,projection,4,8192,512,64,8768,6701632,2.9112822508896796,3145728
39,43,B4_per_expert_raw,32,32,projection,8,16384,512,64,16960,6709824,2.9148409697508897,3145728
39,43,B4_per_expert_raw,32,32,projection,16,32768,0,64,32832,6725696,2.921735987544484,3145728
39,43,B4_per_expert_raw,32,32,activation_ls,4,8192,512,64,8768,6701632,2.9112822508896796,3145728
39,43,B4_per_expert_raw,32,32,activation_ls,8,16384,512,64,16960,6709824,2.9148409697508897,3145728
39,43,B4_per_expert_raw,32,32,activation_ls,16,32768,0,64,32832,6725696,2.921735987544484,3145728
39,43,B4_per_expert_raw,64,64,projection,4,16384,1024,64,17472,6710336,2.915063389679715,6291456
39,43,B4_per_expert_raw,64,64,projection,8,32768,1024,64,33856,6726720,2.9221808274021353,6291456
39,43,B4_per_expert_raw,64,64,projection,16,65536,0,64,65600,6758464,2.9359708629893237,6291456
39,43,B4_per_expert_raw,64,64,activation_ls,4,16384,1024,64,17472,6710336,2.915063389679715,6291456
39,43,B4_per_expert_raw,64,64,activation_ls,8,32768,1024,64,33856,6726720,2.9221808274021353,6291456
39,43,B4_per_expert_raw,64,64,activation_ls,16,65536,0,64,65600,6758464,2.9359708629893237,6291456
39,43,B4_per_expert_raw,128,128,projection,4,32768,2048,64,34880,6727744,2.9226256672597866,12582912
39,43,B4_per_expert_raw,128,128,projection,8,65536,2048,64,67648,6760512,2.9368605427046264,12582912
39,43,B4_per_expert_raw,128,128,projection,16,131072,0,64,131136,6824000,2.9644406138790034,12582912
39,43,B4_per_expert_raw,128,128,activation_ls,4,32768,2048,64,34880,6727744,2.9226256672597866,12582912
39,43,B4_per_expert_raw,128,128,activation_ls,8,65536,2048,64,67648,6760512,2.9368605427046264,12582912
39,43,B4_per_expert_raw,128,128,activation_ls,16,131072,0,64,131136,6824000,2.9644406138790034,12582912
39,43,B4_per_expert_raw,256,256,projection,4,65536,4096,64,69696,6762560,2.937750222419929,25165824
39,43,B4_per_expert_raw,256,256,projection,8,131072,4096,64,135232,6828096,2.9662199733096086,25165824
39,43,B4_per_expert_raw,256,256,projection,16,262144,0,64,262208,6955072,3.021380115658363,25165824
39,43,B4_per_expert_raw,256,256,activation_ls,4,65536,4096,64,69696,6762560,2.937750222419929,25165824
39,43,B4_per_expert_raw,256,256,activation_ls,8,131072,4096,64,135232,6828096,2.9662199733096086,25165824
39,43,B4_per_expert_raw,256,256,activation_ls,16,262144,0,64,262208,6955072,3.021380115658363,25165824
39,43,B4_per_expert_raw,512,512,projection,4,131072,8192,64,139328,6832192,2.9679993327402134,50331648
39,43,B4_per_expert_raw,512,512,projection,8,262144,8192,64,270400,6963264,3.024938834519573,50331648
39,43,B4_per_expert_raw,512,512,projection,16,524288,0,64,524352,7217216,3.135259119217082,50331648
39,43,B4_per_expert_raw,512,512,activation_ls,4,131072,8192,64,139328,6832192,2.9679993327402134,50331648
39,43,B4_per_expert_raw,512,512,activation_ls,8,262144,8192,64,270400,6963264,3.024938834519573,50331648
39,43,B4_per_expert_raw,512,512,activation_ls,16,524288,0,64,524352,7217216,3.135259119217082,50331648
39,55,B0_raw_shared,32,32,projection,4,8192,512,64,8768,6701632,2.9112822508896796,262144
39,55,B0_raw_shared,32,32,projection,8,16384,512,64,16960,6709824,2.9148409697508897,262144
39,55,B0_raw_shared,32,32,projection,16,32768,0,64,32832,6725696,2.921735987544484,262144
39,55,B0_raw_shared,32,32,activation_ls,4,8192,512,64,8768,6701632,2.9112822508896796,262144
39,55,B0_raw_shared,32,32,activation_ls,8,16384,512,64,16960,6709824,2.9148409697508897,262144
39,55,B0_raw_shared,32,32,activation_ls,16,32768,0,64,32832,6725696,2.921735987544484,262144
39,55,B0_raw_shared,64,64,projection,4,16384,1024,64,17472,6710336,2.915063389679715,524288
39,55,B0_raw_shared,64,64,projection,8,32768,1024,64,33856,6726720,2.9221808274021353,524288
39,55,B0_raw_shared,64,64,projection,16,65536,0,64,65600,6758464,2.9359708629893237,524288
39,55,B0_raw_shared,64,64,activation_ls,4,16384,1024,64,17472,6710336,2.915063389679715,524288
39,55,B0_raw_shared,64,64,activation_ls,8,32768,1024,64,33856,6726720,2.9221808274021353,524288
39,55,B0_raw_shared,64,64,activation_ls,16,65536,0,64,65600,6758464,2.9359708629893237,524288
39,55,B0_raw_shared,128,128,projection,4,32768,2048,64,34880,6727744,2.9226256672597866,1048576
39,55,B0_raw_shared,128,128,projection,8,65536,2048,64,67648,6760512,2.9368605427046264,1048576
39,55,B0_raw_shared,128,128,projection,16,131072,0,64,131136,6824000,2.9644406138790034,1048576
39,55,B0_raw_shared,128,128,activation_ls,4,32768,2048,64,34880,6727744,2.9226256672597866,1048576
39,55,B0_raw_shared,128,128,activation_ls,8,65536,2048,64,67648,6760512,2.9368605427046264,1048576
39,55,B0_raw_shared,128,128,activation_ls,16,131072,0,64,131136,6824000,2.9644406138790034,1048576
39,55,B0_raw_shared,256,256,projection,4,65536,4096,64,69696,6762560,2.937750222419929,2097152
39,55,B0_raw_shared,256,256,projection,8,131072,4096,64,135232,6828096,2.9662199733096086,2097152
39,55,B0_raw_shared,256,256,projection,16,262144,0,64,262208,6955072,3.021380115658363,2097152
39,55,B0_raw_shared,256,256,activation_ls,4,65536,4096,64,69696,6762560,2.937750222419929,2097152
39,55,B0_raw_shared,256,256,activation_ls,8,131072,4096,64,135232,6828096,2.9662199733096086,2097152
39,55,B0_raw_shared,256,256,activation_ls,16,262144,0,64,262208,6955072,3.021380115658363,2097152
39,55,B0_raw_shared,512,512,projection,4,131072,8192,64,139328,6832192,2.9679993327402134,4194304
39,55,B0_raw_shared,512,512,projection,8,262144,8192,64,270400,6963264,3.024938834519573,4194304
39,55,B0_raw_shared,512,512,projection,16,524288,0,64,524352,7217216,3.135259119217082,4194304
39,55,B0_raw_shared,512,512,activation_ls,4,131072,8192,64,139328,6832192,2.9679993327402134,4194304
39,55,B0_raw_shared,512,512,activation_ls,8,262144,8192,64,270400,6963264,3.024938834519573,4194304
39,55,B0_raw_shared,512,512,activation_ls,16,524288,0,64,524352,7217216,3.135259119217082,4194304
39,55,B1_action_shared,32,32,projection,4,8192,512,64,8768,6701632,2.9112822508896796,262144
39,55,B1_action_shared,32,32,projection,8,16384,512,64,16960,6709824,2.9148409697508897,262144
39,55,B1_action_shared,32,32,projection,16,32768,0,64,32832,6725696,2.921735987544484,262144
39,55,B1_action_shared,32,32,activation_ls,4,8192,512,64,8768,6701632,2.9112822508896796,262144
39,55,B1_action_shared,32,32,activation_ls,8,16384,512,64,16960,6709824,2.9148409697508897,262144
39,55,B1_action_shared,32,32,activation_ls,16,32768,0,64,32832,6725696,2.921735987544484,262144
39,55,B1_action_shared,64,64,projection,4,16384,1024,64,17472,6710336,2.915063389679715,524288
39,55,B1_action_shared,64,64,projection,8,32768,1024,64,33856,6726720,2.9221808274021353,524288
39,55,B1_action_shared,64,64,projection,16,65536,0,64,65600,6758464,2.9359708629893237,524288
39,55,B1_action_shared,64,64,activation_ls,4,16384,1024,64,17472,6710336,2.915063389679715,524288
39,55,B1_action_shared,64,64,activation_ls,8,32768,1024,64,33856,6726720,2.9221808274021353,524288
39,55,B1_action_shared,64,64,activation_ls,16,65536,0,64,65600,6758464,2.9359708629893237,524288
39,55,B1_action_shared,128,128,projection,4,32768,2048,64,34880,6727744,2.9226256672597866,1048576
39,55,B1_action_shared,128,128,projection,8,65536,2048,64,67648,6760512,2.9368605427046264,1048576
39,55,B1_action_shared,128,128,projection,16,131072,0,64,131136,6824000,2.9644406138790034,1048576
39,55,B1_action_shared,128,128,activation_ls,4,32768,2048,64,34880,6727744,2.9226256672597866,1048576
39,55,B1_action_shared,128,128,activation_ls,8,65536,2048,64,67648,6760512,2.9368605427046264,1048576
39,55,B1_action_shared,128,128,activation_ls,16,131072,0,64,131136,6824000,2.9644406138790034,1048576
39,55,B1_action_shared,256,256,projection,4,65536,4096,64,69696,6762560,2.937750222419929,2097152
39,55,B1_action_shared,256,256,projection,8,131072,4096,64,135232,6828096,2.9662199733096086,2097152
39,55,B1_action_shared,256,256,projection,16,262144,0,64,262208,6955072,3.021380115658363,2097152
39,55,B1_action_shared,256,256,activation_ls,4,65536,4096,64,69696,6762560,2.937750222419929,2097152
39,55,B1_action_shared,256,256,activation_ls,8,131072,4096,64,135232,6828096,2.9662199733096086,2097152
39,55,B1_action_shared,256,256,activation_ls,16,262144,0,64,262208,6955072,3.021380115658363,2097152
39,55,B1_action_shared,512,512,projection,4,131072,8192,64,139328,6832192,2.9679993327402134,4194304
39,55,B1_action_shared,512,512,projection,8,262144,8192,64,270400,6963264,3.024938834519573,4194304
39,55,B1_action_shared,512,512,projection,16,524288,0,64,524352,7217216,3.135259119217082,4194304
39,55,B1_action_shared,512,512,activation_ls,4,131072,8192,64,139328,6832192,2.9679993327402134,4194304
39,55,B1_action_shared,512,512,activation_ls,8,262144,8192,64,270400,6963264,3.024938834519573,4194304
39,55,B1_action_shared,512,512,activation_ls,16,524288,0,64,524352,7217216,3.135259119217082,4194304
39,55,B2_proxy_shared,32,32,projection,4,8192,512,64,8768,6701632,2.9112822508896796,262144
39,55,B2_proxy_shared,32,32,projection,8,16384,512,64,16960,6709824,2.9148409697508897,262144
39,55,B2_proxy_shared,32,32,projection,16,32768,0,64,32832,6725696,2.921735987544484,262144
39,55,B2_proxy_shared,32,32,activation_ls,4,8192,512,64,8768,6701632,2.9112822508896796,262144
39,55,B2_proxy_shared,32,32,activation_ls,8,16384,512,64,16960,6709824,2.9148409697508897,262144
39,55,B2_proxy_shared,32,32,activation_ls,16,32768,0,64,32832,6725696,2.921735987544484,262144
39,55,B2_proxy_shared,64,64,projection,4,16384,1024,64,17472,6710336,2.915063389679715,524288
39,55,B2_proxy_shared,64,64,projection,8,32768,1024,64,33856,6726720,2.9221808274021353,524288
39,55,B2_proxy_shared,64,64,projection,16,65536,0,64,65600,6758464,2.9359708629893237,524288
39,55,B2_proxy_shared,64,64,activation_ls,4,16384,1024,64,17472,6710336,2.915063389679715,524288
39,55,B2_proxy_shared,64,64,activation_ls,8,32768,1024,64,33856,6726720,2.9221808274021353,524288
39,55,B2_proxy_shared,64,64,activation_ls,16,65536,0,64,65600,6758464,2.9359708629893237,524288
39,55,B2_proxy_shared,128,128,projection,4,32768,2048,64,34880,6727744,2.9226256672597866,1048576
39,55,B2_proxy_shared,128,128,projection,8,65536,2048,64,67648,6760512,2.9368605427046264,1048576
39,55,B2_proxy_shared,128,128,projection,16,131072,0,64,131136,6824000,2.9644406138790034,1048576
39,55,B2_proxy_shared,128,128,activation_ls,4,32768,2048,64,34880,6727744,2.9226256672597866,1048576
39,55,B2_proxy_shared,128,128,activation_ls,8,65536,2048,64,67648,6760512,2.9368605427046264,1048576
39,55,B2_proxy_shared,128,128,activation_ls,16,131072,0,64,131136,6824000,2.9644406138790034,1048576
39,55,B2_proxy_shared,256,256,projection,4,65536,4096,64,69696,6762560,2.937750222419929,2097152
39,55,B2_proxy_shared,256,256,projection,8,131072,4096,64,135232,6828096,2.9662199733096086,2097152
39,55,B2_proxy_shared,256,256,projection,16,262144,0,64,262208,6955072,3.021380115658363,2097152
39,55,B2_proxy_shared,256,256,activation_ls,4,65536,4096,64,69696,6762560,2.937750222419929,2097152
39,55,B2_proxy_shared,256,256,activation_ls,8,131072,4096,64,135232,6828096,2.9662199733096086,2097152
39,55,B2_proxy_shared,256,256,activation_ls,16,262144,0,64,262208,6955072,3.021380115658363,2097152
39,55,B2_proxy_shared,512,512,projection,4,131072,8192,64,139328,6832192,2.9679993327402134,4194304
39,55,B2_proxy_shared,512,512,projection,8,262144,8192,64,270400,6963264,3.024938834519573,4194304
39,55,B2_proxy_shared,512,512,projection,16,524288,0,64,524352,7217216,3.135259119217082,4194304
39,55,B2_proxy_shared,512,512,activation_ls,4,131072,8192,64,139328,6832192,2.9679993327402134,4194304
39,55,B2_proxy_shared,512,512,activation_ls,8,262144,8192,64,270400,6963264,3.024938834519573,4194304
39,55,B2_proxy_shared,512,512,activation_ls,16,524288,0,64,524352,7217216,3.135259119217082,4194304
39,55,B3_action_cluster_4,32,32,projection,4,8192,512,64,8768,6701632,2.9112822508896796,1048576
39,55,B3_action_cluster_4,32,32,projection,8,16384,512,64,16960,6709824,2.9148409697508897,1048576
39,55,B3_action_cluster_4,32,32,projection,16,32768,0,64,32832,6725696,2.921735987544484,1048576
39,55,B3_action_cluster_4,32,32,activation_ls,4,8192,512,64,8768,6701632,2.9112822508896796,1048576
39,55,B3_action_cluster_4,32,32,activation_ls,8,16384,512,64,16960,6709824,2.9148409697508897,1048576
39,55,B3_action_cluster_4,32,32,activation_ls,16,32768,0,64,32832,6725696,2.921735987544484,1048576
39,55,B3_action_cluster_4,64,64,projection,4,16384,1024,64,17472,6710336,2.915063389679715,2097152
39,55,B3_action_cluster_4,64,64,projection,8,32768,1024,64,33856,6726720,2.9221808274021353,2097152
39,55,B3_action_cluster_4,64,64,projection,16,65536,0,64,65600,6758464,2.9359708629893237,2097152
39,55,B3_action_cluster_4,64,64,activation_ls,4,16384,1024,64,17472,6710336,2.915063389679715,2097152
39,55,B3_action_cluster_4,64,64,activation_ls,8,32768,1024,64,33856,6726720,2.9221808274021353,2097152
39,55,B3_action_cluster_4,64,64,activation_ls,16,65536,0,64,65600,6758464,2.9359708629893237,2097152
39,55,B3_action_cluster_4,128,128,projection,4,32768,2048,64,34880,6727744,2.9226256672597866,4194304
39,55,B3_action_cluster_4,128,128,projection,8,65536,2048,64,67648,6760512,2.9368605427046264,4194304
39,55,B3_action_cluster_4,128,128,projection,16,131072,0,64,131136,6824000,2.9644406138790034,4194304
39,55,B3_action_cluster_4,128,128,activation_ls,4,32768,2048,64,34880,6727744,2.9226256672597866,4194304
39,55,B3_action_cluster_4,128,128,activation_ls,8,65536,2048,64,67648,6760512,2.9368605427046264,4194304
39,55,B3_action_cluster_4,128,128,activation_ls,16,131072,0,64,131136,6824000,2.9644406138790034,4194304
39,55,B3_action_cluster_4,256,256,projection,4,65536,4096,64,69696,6762560,2.937750222419929,8388608
39,55,B3_action_cluster_4,256,256,projection,8,131072,4096,64,135232,6828096,2.9662199733096086,8388608
39,55,B3_action_cluster_4,256,256,projection,16,262144,0,64,262208,6955072,3.021380115658363,8388608
39,55,B3_action_cluster_4,256,256,activation_ls,4,65536,4096,64,69696,6762560,2.937750222419929,8388608
39,55,B3_action_cluster_4,256,256,activation_ls,8,131072,4096,64,135232,6828096,2.9662199733096086,8388608
39,55,B3_action_cluster_4,256,256,activation_ls,16,262144,0,64,262208,6955072,3.021380115658363,8388608
39,55,B3_action_cluster_4,512,315,projection,4,80640,5040,64,85744,6778608,2.944721697064057,10321920
39,55,B3_action_cluster_4,512,315,projection,8,161280,5040,64,166384,6859248,2.9797528358540926,10321920
39,55,B3_action_cluster_4,512,315,projection,16,322560,0,64,322624,7015488,3.0476256672597866,10321920
39,55,B3_action_cluster_4,512,315,activation_ls,4,80640,5040,64,85744,6778608,2.944721697064057,10321920
39,55,B3_action_cluster_4,512,315,activation_ls,8,161280,5040,64,166384,6859248,2.9797528358540926,10321920
39,55,B3_action_cluster_4,512,315,activation_ls,16,322560,0,64,322624,7015488,3.0476256672597866,10321920
39,55,B3_action_cluster_8,32,32,projection,4,8192,512,64,8768,6701632,2.9112822508896796,2097152
39,55,B3_action_cluster_8,32,32,projection,8,16384,512,64,16960,6709824,2.9148409697508897,2097152
39,55,B3_action_cluster_8,32,32,projection,16,32768,0,64,32832,6725696,2.921735987544484,2097152
39,55,B3_action_cluster_8,32,32,activation_ls,4,8192,512,64,8768,6701632,2.9112822508896796,2097152
39,55,B3_action_cluster_8,32,32,activation_ls,8,16384,512,64,16960,6709824,2.9148409697508897,2097152
39,55,B3_action_cluster_8,32,32,activation_ls,16,32768,0,64,32832,6725696,2.921735987544484,2097152
39,55,B3_action_cluster_8,64,64,projection,4,16384,1024,64,17472,6710336,2.915063389679715,4194304
39,55,B3_action_cluster_8,64,64,projection,8,32768,1024,64,33856,6726720,2.9221808274021353,4194304
39,55,B3_action_cluster_8,64,64,projection,16,65536,0,64,65600,6758464,2.9359708629893237,4194304
39,55,B3_action_cluster_8,64,64,activation_ls,4,16384,1024,64,17472,6710336,2.915063389679715,4194304
39,55,B3_action_cluster_8,64,64,activation_ls,8,32768,1024,64,33856,6726720,2.9221808274021353,4194304
39,55,B3_action_cluster_8,64,64,activation_ls,16,65536,0,64,65600,6758464,2.9359708629893237,4194304
39,55,B3_action_cluster_8,128,128,projection,4,32768,2048,64,34880,6727744,2.9226256672597866,8388608
39,55,B3_action_cluster_8,128,128,projection,8,65536,2048,64,67648,6760512,2.9368605427046264,8388608
39,55,B3_action_cluster_8,128,128,projection,16,131072,0,64,131136,6824000,2.9644406138790034,8388608
39,55,B3_action_cluster_8,128,128,activation_ls,4,32768,2048,64,34880,6727744,2.9226256672597866,8388608
39,55,B3_action_cluster_8,128,128,activation_ls,8,65536,2048,64,67648,6760512,2.9368605427046264,8388608
39,55,B3_action_cluster_8,128,128,activation_ls,16,131072,0,64,131136,6824000,2.9644406138790034,8388608
39,55,B3_action_cluster_8,256,256,projection,4,65536,4096,64,69696,6762560,2.937750222419929,16777216
39,55,B3_action_cluster_8,256,256,projection,8,131072,4096,64,135232,6828096,2.9662199733096086,16777216
39,55,B3_action_cluster_8,256,256,projection,16,262144,0,64,262208,6955072,3.021380115658363,16777216
39,55,B3_action_cluster_8,256,256,activation_ls,4,65536,4096,64,69696,6762560,2.937750222419929,16777216
39,55,B3_action_cluster_8,256,256,activation_ls,8,131072,4096,64,135232,6828096,2.9662199733096086,16777216
39,55,B3_action_cluster_8,256,256,activation_ls,16,262144,0,64,262208,6955072,3.021380115658363,16777216
39,55,B3_action_cluster_8,512,290,projection,4,74240,4640,64,78944,6771808,2.9417676823843415,19005440
39,55,B3_action_cluster_8,512,290,projection,8,148480,4640,64,153184,6846048,2.974018572064057,19005440
39,55,B3_action_cluster_8,512,290,projection,16,296960,0,64,297024,6989888,3.0365046708185055,19005440
39,55,B3_action_cluster_8,512,290,activation_ls,4,74240,4640,64,78944,6771808,2.9417676823843415,19005440
39,55,B3_action_cluster_8,512,290,activation_ls,8,148480,4640,64,153184,6846048,2.974018572064057,19005440
39,55,B3_action_cluster_8,512,290,activation_ls,16,296960,0,64,297024,6989888,3.0365046708185055,19005440
39,55,B4_per_expert_raw,32,32,projection,4,8192,512,64,8768,6701632,2.9112822508896796,3145728
39,55,B4_per_expert_raw,32,32,projection,8,16384,512,64,16960,6709824,2.9148409697508897,3145728
39,55,B4_per_expert_raw,32,32,projection,16,32768,0,64,32832,6725696,2.921735987544484,3145728
39,55,B4_per_expert_raw,32,32,activation_ls,4,8192,512,64,8768,6701632,2.9112822508896796,3145728
39,55,B4_per_expert_raw,32,32,activation_ls,8,16384,512,64,16960,6709824,2.9148409697508897,3145728
39,55,B4_per_expert_raw,32,32,activation_ls,16,32768,0,64,32832,6725696,2.921735987544484,3145728
39,55,B4_per_expert_raw,64,64,projection,4,16384,1024,64,17472,6710336,2.915063389679715,6291456
39,55,B4_per_expert_raw,64,64,projection,8,32768,1024,64,33856,6726720,2.9221808274021353,6291456
39,55,B4_per_expert_raw,64,64,projection,16,65536,0,64,65600,6758464,2.9359708629893237,6291456
39,55,B4_per_expert_raw,64,64,activation_ls,4,16384,1024,64,17472,6710336,2.915063389679715,6291456
39,55,B4_per_expert_raw,64,64,activation_ls,8,32768,1024,64,33856,6726720,2.9221808274021353,6291456
39,55,B4_per_expert_raw,64,64,activation_ls,16,65536,0,64,65600,6758464,2.9359708629893237,6291456
39,55,B4_per_expert_raw,128,128,projection,4,32768,2048,64,34880,6727744,2.9226256672597866,12582912
39,55,B4_per_expert_raw,128,128,projection,8,65536,2048,64,67648,6760512,2.9368605427046264,12582912
39,55,B4_per_expert_raw,128,128,projection,16,131072,0,64,131136,6824000,2.9644406138790034,12582912
39,55,B4_per_expert_raw,128,128,activation_ls,4,32768,2048,64,34880,6727744,2.9226256672597866,12582912
39,55,B4_per_expert_raw,128,128,activation_ls,8,65536,2048,64,67648,6760512,2.9368605427046264,12582912
39,55,B4_per_expert_raw,128,128,activation_ls,16,131072,0,64,131136,6824000,2.9644406138790034,12582912
39,55,B4_per_expert_raw,256,256,projection,4,65536,4096,64,69696,6762560,2.937750222419929,25165824
39,55,B4_per_expert_raw,256,256,projection,8,131072,4096,64,135232,6828096,2.9662199733096086,25165824
39,55,B4_per_expert_raw,256,256,projection,16,262144,0,64,262208,6955072,3.021380115658363,25165824
39,55,B4_per_expert_raw,256,256,activation_ls,4,65536,4096,64,69696,6762560,2.937750222419929,25165824
39,55,B4_per_expert_raw,256,256,activation_ls,8,131072,4096,64,135232,6828096,2.9662199733096086,25165824
39,55,B4_per_expert_raw,256,256,activation_ls,16,262144,0,64,262208,6955072,3.021380115658363,25165824
39,55,B4_per_expert_raw,512,512,projection,4,131072,8192,64,139328,6832192,2.9679993327402134,50331648
39,55,B4_per_expert_raw,512,512,projection,8,262144,8192,64,270400,6963264,3.024938834519573,50331648
39,55,B4_per_expert_raw,512,512,projection,16,524288,0,64,524352,7217216,3.135259119217082,50331648
39,55,B4_per_expert_raw,512,512,activation_ls,4,131072,8192,64,139328,6832192,2.9679993327402134,50331648
39,55,B4_per_expert_raw,512,512,activation_ls,8,262144,8192,64,270400,6963264,3.024938834519573,50331648
39,55,B4_per_expert_raw,512,512,activation_ls,16,524288,0,64,524352,7217216,3.135259119217082,50331648
39,70,B0_raw_shared,32,32,projection,4,8192,512,64,8768,6701632,2.9112822508896796,262144
39,70,B0_raw_shared,32,32,projection,8,16384,512,64,16960,6709824,2.9148409697508897,262144
39,70,B0_raw_shared,32,32,projection,16,32768,0,64,32832,6725696,2.921735987544484,262144
39,70,B0_raw_shared,32,32,activation_ls,4,8192,512,64,8768,6701632,2.9112822508896796,262144
39,70,B0_raw_shared,32,32,activation_ls,8,16384,512,64,16960,6709824,2.9148409697508897,262144
39,70,B0_raw_shared,32,32,activation_ls,16,32768,0,64,32832,6725696,2.921735987544484,262144
39,70,B0_raw_shared,64,64,projection,4,16384,1024,64,17472,6710336,2.915063389679715,524288
39,70,B0_raw_shared,64,64,projection,8,32768,1024,64,33856,6726720,2.9221808274021353,524288
39,70,B0_raw_shared,64,64,projection,16,65536,0,64,65600,6758464,2.9359708629893237,524288
39,70,B0_raw_shared,64,64,activation_ls,4,16384,1024,64,17472,6710336,2.915063389679715,524288
39,70,B0_raw_shared,64,64,activation_ls,8,32768,1024,64,33856,6726720,2.9221808274021353,524288
39,70,B0_raw_shared,64,64,activation_ls,16,65536,0,64,65600,6758464,2.9359708629893237,524288
39,70,B0_raw_shared,128,128,projection,4,32768,2048,64,34880,6727744,2.9226256672597866,1048576
39,70,B0_raw_shared,128,128,projection,8,65536,2048,64,67648,6760512,2.9368605427046264,1048576
39,70,B0_raw_shared,128,128,projection,16,131072,0,64,131136,6824000,2.9644406138790034,1048576
39,70,B0_raw_shared,128,128,activation_ls,4,32768,2048,64,34880,6727744,2.9226256672597866,1048576
39,70,B0_raw_shared,128,128,activation_ls,8,65536,2048,64,67648,6760512,2.9368605427046264,1048576
39,70,B0_raw_shared,128,128,activation_ls,16,131072,0,64,131136,6824000,2.9644406138790034,1048576
39,70,B0_raw_shared,256,256,projection,4,65536,4096,64,69696,6762560,2.937750222419929,2097152
39,70,B0_raw_shared,256,256,projection,8,131072,4096,64,135232,6828096,2.9662199733096086,2097152
39,70,B0_raw_shared,256,256,projection,16,262144,0,64,262208,6955072,3.021380115658363,2097152
39,70,B0_raw_shared,256,256,activation_ls,4,65536,4096,64,69696,6762560,2.937750222419929,2097152
39,70,B0_raw_shared,256,256,activation_ls,8,131072,4096,64,135232,6828096,2.9662199733096086,2097152
39,70,B0_raw_shared,256,256,activation_ls,16,262144,0,64,262208,6955072,3.021380115658363,2097152
39,70,B0_raw_shared,512,512,projection,4,131072,8192,64,139328,6832192,2.9679993327402134,4194304
39,70,B0_raw_shared,512,512,projection,8,262144,8192,64,270400,6963264,3.024938834519573,4194304
39,70,B0_raw_shared,512,512,projection,16,524288,0,64,524352,7217216,3.135259119217082,4194304
39,70,B0_raw_shared,512,512,activation_ls,4,131072,8192,64,139328,6832192,2.9679993327402134,4194304
39,70,B0_raw_shared,512,512,activation_ls,8,262144,8192,64,270400,6963264,3.024938834519573,4194304
39,70,B0_raw_shared,512,512,activation_ls,16,524288,0,64,524352,7217216,3.135259119217082,4194304
39,70,B1_action_shared,32,32,projection,4,8192,512,64,8768,6701632,2.9112822508896796,262144
39,70,B1_action_shared,32,32,projection,8,16384,512,64,16960,6709824,2.9148409697508897,262144
39,70,B1_action_shared,32,32,projection,16,32768,0,64,32832,6725696,2.921735987544484,262144
39,70,B1_action_shared,32,32,activation_ls,4,8192,512,64,8768,6701632,2.9112822508896796,262144
39,70,B1_action_shared,32,32,activation_ls,8,16384,512,64,16960,6709824,2.9148409697508897,262144
39,70,B1_action_shared,32,32,activation_ls,16,32768,0,64,32832,6725696,2.921735987544484,262144
39,70,B1_action_shared,64,64,projection,4,16384,1024,64,17472,6710336,2.915063389679715,524288
39,70,B1_action_shared,64,64,projection,8,32768,1024,64,33856,6726720,2.9221808274021353,524288
39,70,B1_action_shared,64,64,projection,16,65536,0,64,65600,6758464,2.9359708629893237,524288
39,70,B1_action_shared,64,64,activation_ls,4,16384,1024,64,17472,6710336,2.915063389679715,524288
39,70,B1_action_shared,64,64,activation_ls,8,32768,1024,64,33856,6726720,2.9221808274021353,524288
39,70,B1_action_shared,64,64,activation_ls,16,65536,0,64,65600,6758464,2.9359708629893237,524288
39,70,B1_action_shared,128,128,projection,4,32768,2048,64,34880,6727744,2.9226256672597866,1048576
39,70,B1_action_shared,128,128,projection,8,65536,2048,64,67648,6760512,2.9368605427046264,1048576
39,70,B1_action_shared,128,128,projection,16,131072,0,64,131136,6824000,2.9644406138790034,1048576
39,70,B1_action_shared,128,128,activation_ls,4,32768,2048,64,34880,6727744,2.9226256672597866,1048576
39,70,B1_action_shared,128,128,activation_ls,8,65536,2048,64,67648,6760512,2.9368605427046264,1048576
39,70,B1_action_shared,128,128,activation_ls,16,131072,0,64,131136,6824000,2.9644406138790034,1048576
39,70,B1_action_shared,256,256,projection,4,65536,4096,64,69696,6762560,2.937750222419929,2097152
39,70,B1_action_shared,256,256,projection,8,131072,4096,64,135232,6828096,2.9662199733096086,2097152
39,70,B1_action_shared,256,256,projection,16,262144,0,64,262208,6955072,3.021380115658363,2097152
39,70,B1_action_shared,256,256,activation_ls,4,65536,4096,64,69696,6762560,2.937750222419929,2097152
39,70,B1_action_shared,256,256,activation_ls,8,131072,4096,64,135232,6828096,2.9662199733096086,2097152
39,70,B1_action_shared,256,256,activation_ls,16,262144,0,64,262208,6955072,3.021380115658363,2097152
39,70,B1_action_shared,512,512,projection,4,131072,8192,64,139328,6832192,2.9679993327402134,4194304
39,70,B1_action_shared,512,512,projection,8,262144,8192,64,270400,6963264,3.024938834519573,4194304
39,70,B1_action_shared,512,512,projection,16,524288,0,64,524352,7217216,3.135259119217082,4194304
39,70,B1_action_shared,512,512,activation_ls,4,131072,8192,64,139328,6832192,2.9679993327402134,4194304
39,70,B1_action_shared,512,512,activation_ls,8,262144,8192,64,270400,6963264,3.024938834519573,4194304
39,70,B1_action_shared,512,512,activation_ls,16,524288,0,64,524352,7217216,3.135259119217082,4194304
39,70,B2_proxy_shared,32,32,projection,4,8192,512,64,8768,6701632,2.9112822508896796,262144
39,70,B2_proxy_shared,32,32,projection,8,16384,512,64,16960,6709824,2.9148409697508897,262144
39,70,B2_proxy_shared,32,32,projection,16,32768,0,64,32832,6725696,2.921735987544484,262144
39,70,B2_proxy_shared,32,32,activation_ls,4,8192,512,64,8768,6701632,2.9112822508896796,262144
39,70,B2_proxy_shared,32,32,activation_ls,8,16384,512,64,16960,6709824,2.9148409697508897,262144
39,70,B2_proxy_shared,32,32,activation_ls,16,32768,0,64,32832,6725696,2.921735987544484,262144
39,70,B2_proxy_shared,64,64,projection,4,16384,1024,64,17472,6710336,2.915063389679715,524288
39,70,B2_proxy_shared,64,64,projection,8,32768,1024,64,33856,6726720,2.9221808274021353,524288
39,70,B2_proxy_shared,64,64,projection,16,65536,0,64,65600,6758464,2.9359708629893237,524288
39,70,B2_proxy_shared,64,64,activation_ls,4,16384,1024,64,17472,6710336,2.915063389679715,524288
39,70,B2_proxy_shared,64,64,activation_ls,8,32768,1024,64,33856,6726720,2.9221808274021353,524288
39,70,B2_proxy_shared,64,64,activation_ls,16,65536,0,64,65600,6758464,2.9359708629893237,524288
39,70,B2_proxy_shared,128,128,projection,4,32768,2048,64,34880,6727744,2.9226256672597866,1048576
39,70,B2_proxy_shared,128,128,projection,8,65536,2048,64,67648,6760512,2.9368605427046264,1048576
39,70,B2_proxy_shared,128,128,projection,16,131072,0,64,131136,6824000,2.9644406138790034,1048576
39,70,B2_proxy_shared,128,128,activation_ls,4,32768,2048,64,34880,6727744,2.9226256672597866,1048576
39,70,B2_proxy_shared,128,128,activation_ls,8,65536,2048,64,67648,6760512,2.9368605427046264,1048576
39,70,B2_proxy_shared,128,128,activation_ls,16,131072,0,64,131136,6824000,2.9644406138790034,1048576
39,70,B2_proxy_shared,256,256,projection,4,65536,4096,64,69696,6762560,2.937750222419929,2097152
39,70,B2_proxy_shared,256,256,projection,8,131072,4096,64,135232,6828096,2.9662199733096086,2097152
39,70,B2_proxy_shared,256,256,projection,16,262144,0,64,262208,6955072,3.021380115658363,2097152
39,70,B2_proxy_shared,256,256,activation_ls,4,65536,4096,64,69696,6762560,2.937750222419929,2097152
39,70,B2_proxy_shared,256,256,activation_ls,8,131072,4096,64,135232,6828096,2.9662199733096086,2097152
39,70,B2_proxy_shared,256,256,activation_ls,16,262144,0,64,262208,6955072,3.021380115658363,2097152
39,70,B2_proxy_shared,512,512,projection,4,131072,8192,64,139328,6832192,2.9679993327402134,4194304
39,70,B2_proxy_shared,512,512,projection,8,262144,8192,64,270400,6963264,3.024938834519573,4194304
39,70,B2_proxy_shared,512,512,projection,16,524288,0,64,524352,7217216,3.135259119217082,4194304
39,70,B2_proxy_shared,512,512,activation_ls,4,131072,8192,64,139328,6832192,2.9679993327402134,4194304
39,70,B2_proxy_shared,512,512,activation_ls,8,262144,8192,64,270400,6963264,3.024938834519573,4194304
39,70,B2_proxy_shared,512,512,activation_ls,16,524288,0,64,524352,7217216,3.135259119217082,4194304
39,70,B3_action_cluster_4,32,32,projection,4,8192,512,64,8768,6701632,2.9112822508896796,1048576
39,70,B3_action_cluster_4,32,32,projection,8,16384,512,64,16960,6709824,2.9148409697508897,1048576
39,70,B3_action_cluster_4,32,32,projection,16,32768,0,64,32832,6725696,2.921735987544484,1048576
39,70,B3_action_cluster_4,32,32,activation_ls,4,8192,512,64,8768,6701632,2.9112822508896796,1048576
39,70,B3_action_cluster_4,32,32,activation_ls,8,16384,512,64,16960,6709824,2.9148409697508897,1048576
39,70,B3_action_cluster_4,32,32,activation_ls,16,32768,0,64,32832,6725696,2.921735987544484,1048576
39,70,B3_action_cluster_4,64,64,projection,4,16384,1024,64,17472,6710336,2.915063389679715,2097152
39,70,B3_action_cluster_4,64,64,projection,8,32768,1024,64,33856,6726720,2.9221808274021353,2097152
39,70,B3_action_cluster_4,64,64,projection,16,65536,0,64,65600,6758464,2.9359708629893237,2097152
39,70,B3_action_cluster_4,64,64,activation_ls,4,16384,1024,64,17472,6710336,2.915063389679715,2097152
39,70,B3_action_cluster_4,64,64,activation_ls,8,32768,1024,64,33856,6726720,2.9221808274021353,2097152
39,70,B3_action_cluster_4,64,64,activation_ls,16,65536,0,64,65600,6758464,2.9359708629893237,2097152
39,70,B3_action_cluster_4,128,128,projection,4,32768,2048,64,34880,6727744,2.9226256672597866,4194304
39,70,B3_action_cluster_4,128,128,projection,8,65536,2048,64,67648,6760512,2.9368605427046264,4194304
39,70,B3_action_cluster_4,128,128,projection,16,131072,0,64,131136,6824000,2.9644406138790034,4194304
39,70,B3_action_cluster_4,128,128,activation_ls,4,32768,2048,64,34880,6727744,2.9226256672597866,4194304
39,70,B3_action_cluster_4,128,128,activation_ls,8,65536,2048,64,67648,6760512,2.9368605427046264,4194304
39,70,B3_action_cluster_4,128,128,activation_ls,16,131072,0,64,131136,6824000,2.9644406138790034,4194304
39,70,B3_action_cluster_4,256,226,projection,4,57856,3616,64,61536,6754400,2.9342054048042705,7405568
39,70,B3_action_cluster_4,256,226,projection,8,115712,3616,64,119392,6812256,2.959338856761566,7405568
39,70,B3_action_cluster_4,256,226,projection,16,231424,0,64,231488,6924352,3.0080349199288254,7405568
39,70,B3_action_cluster_4,256,226,activation_ls,4,57856,3616,64,61536,6754400,2.9342054048042705,7405568
39,70,B3_action_cluster_4,256,226,activation_ls,8,115712,3616,64,119392,6812256,2.959338856761566,7405568
39,70,B3_action_cluster_4,256,226,activation_ls,16,231424,0,64,231488,6924352,3.0080349199288254,7405568
39,70,B3_action_cluster_4,512,226,projection,4,57856,3616,64,61536,6754400,2.9342054048042705,7405568
39,70,B3_action_cluster_4,512,226,projection,8,115712,3616,64,119392,6812256,2.959338856761566,7405568
39,70,B3_action_cluster_4,512,226,projection,16,231424,0,64,231488,6924352,3.0080349199288254,7405568
39,70,B3_action_cluster_4,512,226,activation_ls,4,57856,3616,64,61536,6754400,2.9342054048042705,7405568
39,70,B3_action_cluster_4,512,226,activation_ls,8,115712,3616,64,119392,6812256,2.959338856761566,7405568
39,70,B3_action_cluster_4,512,226,activation_ls,16,231424,0,64,231488,6924352,3.0080349199288254,7405568
39,70,B3_action_cluster_8,32,32,projection,4,8192,512,64,8768,6701632,2.9112822508896796,2097152
39,70,B3_action_cluster_8,32,32,projection,8,16384,512,64,16960,6709824,2.9148409697508897,2097152
39,70,B3_action_cluster_8,32,32,projection,16,32768,0,64,32832,6725696,2.921735987544484,2097152
39,70,B3_action_cluster_8,32,32,activation_ls,4,8192,512,64,8768,6701632,2.9112822508896796,2097152
39,70,B3_action_cluster_8,32,32,activation_ls,8,16384,512,64,16960,6709824,2.9148409697508897,2097152
39,70,B3_action_cluster_8,32,32,activation_ls,16,32768,0,64,32832,6725696,2.921735987544484,2097152
39,70,B3_action_cluster_8,64,64,projection,4,16384,1024,64,17472,6710336,2.915063389679715,4194304
39,70,B3_action_cluster_8,64,64,projection,8,32768,1024,64,33856,6726720,2.9221808274021353,4194304
39,70,B3_action_cluster_8,64,64,projection,16,65536,0,64,65600,6758464,2.9359708629893237,4194304
39,70,B3_action_cluster_8,64,64,activation_ls,4,16384,1024,64,17472,6710336,2.915063389679715,4194304
39,70,B3_action_cluster_8,64,64,activation_ls,8,32768,1024,64,33856,6726720,2.9221808274021353,4194304
39,70,B3_action_cluster_8,64,64,activation_ls,16,65536,0,64,65600,6758464,2.9359708629893237,4194304
39,70,B3_action_cluster_8,128,122,projection,4,31232,1952,64,33248,6726112,2.9219167037366547,7995392
39,70,B3_action_cluster_8,128,122,projection,8,62464,1952,64,64480,6757344,2.9354843193950177,7995392
39,70,B3_action_cluster_8,128,122,projection,16,124928,0,64,124992,6817856,2.961771574733096,7995392
39,70,B3_action_cluster_8,128,122,activation_ls,4,31232,1952,64,33248,6726112,2.9219167037366547,7995392
39,70,B3_action_cluster_8,128,122,activation_ls,8,62464,1952,64,64480,6757344,2.9354843193950177,7995392
39,70,B3_action_cluster_8,128,122,activation_ls,16,124928,0,64,124992,6817856,2.961771574733096,7995392
39,70,B3_action_cluster_8,256,122,projection,4,31232,1952,64,33248,6726112,2.9219167037366547,7995392
39,70,B3_action_cluster_8,256,122,projection,8,62464,1952,64,64480,6757344,2.9354843193950177,7995392
39,70,B3_action_cluster_8,256,122,projection,16,124928,0,64,124992,6817856,2.961771574733096,7995392
39,70,B3_action_cluster_8,256,122,activation_ls,4,31232,1952,64,33248,6726112,2.9219167037366547,7995392
39,70,B3_action_cluster_8,256,122,activation_ls,8,62464,1952,64,64480,6757344,2.9354843193950177,7995392
39,70,B3_action_cluster_8,256,122,activation_ls,16,124928,0,64,124992,6817856,2.961771574733096,7995392
39,70,B3_action_cluster_8,512,122,projection,4,31232,1952,64,33248,6726112,2.9219167037366547,7995392
39,70,B3_action_cluster_8,512,122,projection,8,62464,1952,64,64480,6757344,2.9354843193950177,7995392
39,70,B3_action_cluster_8,512,122,projection,16,124928,0,64,124992,6817856,2.961771574733096,7995392
39,70,B3_action_cluster_8,512,122,activation_ls,4,31232,1952,64,33248,6726112,2.9219167037366547,7995392
39,70,B3_action_cluster_8,512,122,activation_ls,8,62464,1952,64,64480,6757344,2.9354843193950177,7995392
39,70,B3_action_cluster_8,512,122,activation_ls,16,124928,0,64,124992,6817856,2.961771574733096,7995392
39,70,B4_per_expert_raw,32,32,projection,4,8192,512,64,8768,6701632,2.9112822508896796,3145728
39,70,B4_per_expert_raw,32,32,projection,8,16384,512,64,16960,6709824,2.9148409697508897,3145728
39,70,B4_per_expert_raw,32,32,projection,16,32768,0,64,32832,6725696,2.921735987544484,3145728
39,70,B4_per_expert_raw,32,32,activation_ls,4,8192,512,64,8768,6701632,2.9112822508896796,3145728
39,70,B4_per_expert_raw,32,32,activation_ls,8,16384,512,64,16960,6709824,2.9148409697508897,3145728
39,70,B4_per_expert_raw,32,32,activation_ls,16,32768,0,64,32832,6725696,2.921735987544484,3145728
39,70,B4_per_expert_raw,64,64,projection,4,16384,1024,64,17472,6710336,2.915063389679715,6291456
39,70,B4_per_expert_raw,64,64,projection,8,32768,1024,64,33856,6726720,2.9221808274021353,6291456
39,70,B4_per_expert_raw,64,64,projection,16,65536,0,64,65600,6758464,2.9359708629893237,6291456
39,70,B4_per_expert_raw,64,64,activation_ls,4,16384,1024,64,17472,6710336,2.915063389679715,6291456
39,70,B4_per_expert_raw,64,64,activation_ls,8,32768,1024,64,33856,6726720,2.9221808274021353,6291456
39,70,B4_per_expert_raw,64,64,activation_ls,16,65536,0,64,65600,6758464,2.9359708629893237,6291456
39,70,B4_per_expert_raw,128,128,projection,4,32768,2048,64,34880,6727744,2.9226256672597866,12582912
39,70,B4_per_expert_raw,128,128,projection,8,65536,2048,64,67648,6760512,2.9368605427046264,12582912
39,70,B4_per_expert_raw,128,128,projection,16,131072,0,64,131136,6824000,2.9644406138790034,12582912
39,70,B4_per_expert_raw,128,128,activation_ls,4,32768,2048,64,34880,6727744,2.9226256672597866,12582912
39,70,B4_per_expert_raw,128,128,activation_ls,8,65536,2048,64,67648,6760512,2.9368605427046264,12582912
39,70,B4_per_expert_raw,128,128,activation_ls,16,131072,0,64,131136,6824000,2.9644406138790034,12582912
39,70,B4_per_expert_raw,256,256,projection,4,65536,4096,64,69696,6762560,2.937750222419929,25165824
39,70,B4_per_expert_raw,256,256,projection,8,131072,4096,64,135232,6828096,2.9662199733096086,25165824
39,70,B4_per_expert_raw,256,256,projection,16,262144,0,64,262208,6955072,3.021380115658363,25165824
39,70,B4_per_expert_raw,256,256,activation_ls,4,65536,4096,64,69696,6762560,2.937750222419929,25165824
39,70,B4_per_expert_raw,256,256,activation_ls,8,131072,4096,64,135232,6828096,2.9662199733096086,25165824
39,70,B4_per_expert_raw,256,256,activation_ls,16,262144,0,64,262208,6955072,3.021380115658363,25165824
39,70,B4_per_expert_raw,512,512,projection,4,131072,8192,64,139328,6832192,2.9679993327402134,50331648
39,70,B4_per_expert_raw,512,512,projection,8,262144,8192,64,270400,6963264,3.024938834519573,50331648
39,70,B4_per_expert_raw,512,512,projection,16,524288,0,64,524352,7217216,3.135259119217082,50331648
39,70,B4_per_expert_raw,512,512,activation_ls,4,131072,8192,64,139328,6832192,2.9679993327402134,50331648
39,70,B4_per_expert_raw,512,512,activation_ls,8,262144,8192,64,270400,6963264,3.024938834519573,50331648
39,70,B4_per_expert_raw,512,512,activation_ls,16,524288,0,64,524352,7217216,3.135259119217082,50331648
39,119,B0_raw_shared,32,32,projection,4,8192,512,64,8768,6701632,2.9112822508896796,262144
39,119,B0_raw_shared,32,32,projection,8,16384,512,64,16960,6709824,2.9148409697508897,262144
39,119,B0_raw_shared,32,32,projection,16,32768,0,64,32832,6725696,2.921735987544484,262144
39,119,B0_raw_shared,32,32,activation_ls,4,8192,512,64,8768,6701632,2.9112822508896796,262144
39,119,B0_raw_shared,32,32,activation_ls,8,16384,512,64,16960,6709824,2.9148409697508897,262144
39,119,B0_raw_shared,32,32,activation_ls,16,32768,0,64,32832,6725696,2.921735987544484,262144
39,119,B0_raw_shared,64,64,projection,4,16384,1024,64,17472,6710336,2.915063389679715,524288
39,119,B0_raw_shared,64,64,projection,8,32768,1024,64,33856,6726720,2.9221808274021353,524288
39,119,B0_raw_shared,64,64,projection,16,65536,0,64,65600,6758464,2.9359708629893237,524288
39,119,B0_raw_shared,64,64,activation_ls,4,16384,1024,64,17472,6710336,2.915063389679715,524288
39,119,B0_raw_shared,64,64,activation_ls,8,32768,1024,64,33856,6726720,2.9221808274021353,524288
39,119,B0_raw_shared,64,64,activation_ls,16,65536,0,64,65600,6758464,2.9359708629893237,524288
39,119,B0_raw_shared,128,128,projection,4,32768,2048,64,34880,6727744,2.9226256672597866,1048576
39,119,B0_raw_shared,128,128,projection,8,65536,2048,64,67648,6760512,2.9368605427046264,1048576
39,119,B0_raw_shared,128,128,projection,16,131072,0,64,131136,6824000,2.9644406138790034,1048576
39,119,B0_raw_shared,128,128,activation_ls,4,32768,2048,64,34880,6727744,2.9226256672597866,1048576
39,119,B0_raw_shared,128,128,activation_ls,8,65536,2048,64,67648,6760512,2.9368605427046264,1048576
39,119,B0_raw_shared,128,128,activation_ls,16,131072,0,64,131136,6824000,2.9644406138790034,1048576
39,119,B0_raw_shared,256,256,projection,4,65536,4096,64,69696,6762560,2.937750222419929,2097152
39,119,B0_raw_shared,256,256,projection,8,131072,4096,64,135232,6828096,2.9662199733096086,2097152
39,119,B0_raw_shared,256,256,projection,16,262144,0,64,262208,6955072,3.021380115658363,2097152
39,119,B0_raw_shared,256,256,activation_ls,4,65536,4096,64,69696,6762560,2.937750222419929,2097152
39,119,B0_raw_shared,256,256,activation_ls,8,131072,4096,64,135232,6828096,2.9662199733096086,2097152
39,119,B0_raw_shared,256,256,activation_ls,16,262144,0,64,262208,6955072,3.021380115658363,2097152
39,119,B0_raw_shared,512,512,projection,4,131072,8192,64,139328,6832192,2.9679993327402134,4194304
39,119,B0_raw_shared,512,512,projection,8,262144,8192,64,270400,6963264,3.024938834519573,4194304
39,119,B0_raw_shared,512,512,projection,16,524288,0,64,524352,7217216,3.135259119217082,4194304
39,119,B0_raw_shared,512,512,activation_ls,4,131072,8192,64,139328,6832192,2.9679993327402134,4194304
39,119,B0_raw_shared,512,512,activation_ls,8,262144,8192,64,270400,6963264,3.024938834519573,4194304
39,119,B0_raw_shared,512,512,activation_ls,16,524288,0,64,524352,7217216,3.135259119217082,4194304
39,119,B1_action_shared,32,32,projection,4,8192,512,64,8768,6701632,2.9112822508896796,262144
39,119,B1_action_shared,32,32,projection,8,16384,512,64,16960,6709824,2.9148409697508897,262144
39,119,B1_action_shared,32,32,projection,16,32768,0,64,32832,6725696,2.921735987544484,262144
39,119,B1_action_shared,32,32,activation_ls,4,8192,512,64,8768,6701632,2.9112822508896796,262144
39,119,B1_action_shared,32,32,activation_ls,8,16384,512,64,16960,6709824,2.9148409697508897,262144
39,119,B1_action_shared,32,32,activation_ls,16,32768,0,64,32832,6725696,2.921735987544484,262144
39,119,B1_action_shared,64,64,projection,4,16384,1024,64,17472,6710336,2.915063389679715,524288
39,119,B1_action_shared,64,64,projection,8,32768,1024,64,33856,6726720,2.9221808274021353,524288
39,119,B1_action_shared,64,64,projection,16,65536,0,64,65600,6758464,2.9359708629893237,524288
39,119,B1_action_shared,64,64,activation_ls,4,16384,1024,64,17472,6710336,2.915063389679715,524288
39,119,B1_action_shared,64,64,activation_ls,8,32768,1024,64,33856,6726720,2.9221808274021353,524288
39,119,B1_action_shared,64,64,activation_ls,16,65536,0,64,65600,6758464,2.9359708629893237,524288
39,119,B1_action_shared,128,128,projection,4,32768,2048,64,34880,6727744,2.9226256672597866,1048576
39,119,B1_action_shared,128,128,projection,8,65536,2048,64,67648,6760512,2.9368605427046264,1048576
39,119,B1_action_shared,128,128,projection,16,131072,0,64,131136,6824000,2.9644406138790034,1048576
39,119,B1_action_shared,128,128,activation_ls,4,32768,2048,64,34880,6727744,2.9226256672597866,1048576
39,119,B1_action_shared,128,128,activation_ls,8,65536,2048,64,67648,6760512,2.9368605427046264,1048576
39,119,B1_action_shared,128,128,activation_ls,16,131072,0,64,131136,6824000,2.9644406138790034,1048576
39,119,B1_action_shared,256,256,projection,4,65536,4096,64,69696,6762560,2.937750222419929,2097152
39,119,B1_action_shared,256,256,projection,8,131072,4096,64,135232,6828096,2.9662199733096086,2097152
39,119,B1_action_shared,256,256,projection,16,262144,0,64,262208,6955072,3.021380115658363,2097152
39,119,B1_action_shared,256,256,activation_ls,4,65536,4096,64,69696,6762560,2.937750222419929,2097152
39,119,B1_action_shared,256,256,activation_ls,8,131072,4096,64,135232,6828096,2.9662199733096086,2097152
39,119,B1_action_shared,256,256,activation_ls,16,262144,0,64,262208,6955072,3.021380115658363,2097152
39,119,B1_action_shared,512,512,projection,4,131072,8192,64,139328,6832192,2.9679993327402134,4194304
39,119,B1_action_shared,512,512,projection,8,262144,8192,64,270400,6963264,3.024938834519573,4194304
39,119,B1_action_shared,512,512,projection,16,524288,0,64,524352,7217216,3.135259119217082,4194304
39,119,B1_action_shared,512,512,activation_ls,4,131072,8192,64,139328,6832192,2.9679993327402134,4194304
39,119,B1_action_shared,512,512,activation_ls,8,262144,8192,64,270400,6963264,3.024938834519573,4194304
39,119,B1_action_shared,512,512,activation_ls,16,524288,0,64,524352,7217216,3.135259119217082,4194304
39,119,B2_proxy_shared,32,32,projection,4,8192,512,64,8768,6701632,2.9112822508896796,262144
39,119,B2_proxy_shared,32,32,projection,8,16384,512,64,16960,6709824,2.9148409697508897,262144
39,119,B2_proxy_shared,32,32,projection,16,32768,0,64,32832,6725696,2.921735987544484,262144
39,119,B2_proxy_shared,32,32,activation_ls,4,8192,512,64,8768,6701632,2.9112822508896796,262144
39,119,B2_proxy_shared,32,32,activation_ls,8,16384,512,64,16960,6709824,2.9148409697508897,262144
39,119,B2_proxy_shared,32,32,activation_ls,16,32768,0,64,32832,6725696,2.921735987544484,262144
39,119,B2_proxy_shared,64,64,projection,4,16384,1024,64,17472,6710336,2.915063389679715,524288
39,119,B2_proxy_shared,64,64,projection,8,32768,1024,64,33856,6726720,2.9221808274021353,524288
39,119,B2_proxy_shared,64,64,projection,16,65536,0,64,65600,6758464,2.9359708629893237,524288
39,119,B2_proxy_shared,64,64,activation_ls,4,16384,1024,64,17472,6710336,2.915063389679715,524288
39,119,B2_proxy_shared,64,64,activation_ls,8,32768,1024,64,33856,6726720,2.9221808274021353,524288
39,119,B2_proxy_shared,64,64,activation_ls,16,65536,0,64,65600,6758464,2.9359708629893237,524288
39,119,B2_proxy_shared,128,128,projection,4,32768,2048,64,34880,6727744,2.9226256672597866,1048576
39,119,B2_proxy_shared,128,128,projection,8,65536,2048,64,67648,6760512,2.9368605427046264,1048576
39,119,B2_proxy_shared,128,128,projection,16,131072,0,64,131136,6824000,2.9644406138790034,1048576
39,119,B2_proxy_shared,128,128,activation_ls,4,32768,2048,64,34880,6727744,2.9226256672597866,1048576
39,119,B2_proxy_shared,128,128,activation_ls,8,65536,2048,64,67648,6760512,2.9368605427046264,1048576
39,119,B2_proxy_shared,128,128,activation_ls,16,131072,0,64,131136,6824000,2.9644406138790034,1048576
39,119,B2_proxy_shared,256,256,projection,4,65536,4096,64,69696,6762560,2.937750222419929,2097152
39,119,B2_proxy_shared,256,256,projection,8,131072,4096,64,135232,6828096,2.9662199733096086,2097152
39,119,B2_proxy_shared,256,256,projection,16,262144,0,64,262208,6955072,3.021380115658363,2097152
39,119,B2_proxy_shared,256,256,activation_ls,4,65536,4096,64,69696,6762560,2.937750222419929,2097152
39,119,B2_proxy_shared,256,256,activation_ls,8,131072,4096,64,135232,6828096,2.9662199733096086,2097152
39,119,B2_proxy_shared,256,256,activation_ls,16,262144,0,64,262208,6955072,3.021380115658363,2097152
39,119,B2_proxy_shared,512,512,projection,4,131072,8192,64,139328,6832192,2.9679993327402134,4194304
39,119,B2_proxy_shared,512,512,projection,8,262144,8192,64,270400,6963264,3.024938834519573,4194304
39,119,B2_proxy_shared,512,512,projection,16,524288,0,64,524352,7217216,3.135259119217082,4194304
39,119,B2_proxy_shared,512,512,activation_ls,4,131072,8192,64,139328,6832192,2.9679993327402134,4194304
39,119,B2_proxy_shared,512,512,activation_ls,8,262144,8192,64,270400,6963264,3.024938834519573,4194304
39,119,B2_proxy_shared,512,512,activation_ls,16,524288,0,64,524352,7217216,3.135259119217082,4194304
39,119,B3_action_cluster_4,32,32,projection,4,8192,512,64,8768,6701632,2.9112822508896796,1048576
39,119,B3_action_cluster_4,32,32,projection,8,16384,512,64,16960,6709824,2.9148409697508897,1048576
39,119,B3_action_cluster_4,32,32,projection,16,32768,0,64,32832,6725696,2.921735987544484,1048576
39,119,B3_action_cluster_4,32,32,activation_ls,4,8192,512,64,8768,6701632,2.9112822508896796,1048576
39,119,B3_action_cluster_4,32,32,activation_ls,8,16384,512,64,16960,6709824,2.9148409697508897,1048576
39,119,B3_action_cluster_4,32,32,activation_ls,16,32768,0,64,32832,6725696,2.921735987544484,1048576
39,119,B3_action_cluster_4,64,64,projection,4,16384,1024,64,17472,6710336,2.915063389679715,2097152
39,119,B3_action_cluster_4,64,64,projection,8,32768,1024,64,33856,6726720,2.9221808274021353,2097152
39,119,B3_action_cluster_4,64,64,projection,16,65536,0,64,65600,6758464,2.9359708629893237,2097152
39,119,B3_action_cluster_4,64,64,activation_ls,4,16384,1024,64,17472,6710336,2.915063389679715,2097152
39,119,B3_action_cluster_4,64,64,activation_ls,8,32768,1024,64,33856,6726720,2.9221808274021353,2097152
39,119,B3_action_cluster_4,64,64,activation_ls,16,65536,0,64,65600,6758464,2.9359708629893237,2097152
39,119,B3_action_cluster_4,128,128,projection,4,32768,2048,64,34880,6727744,2.9226256672597866,4194304
39,119,B3_action_cluster_4,128,128,projection,8,65536,2048,64,67648,6760512,2.9368605427046264,4194304
39,119,B3_action_cluster_4,128,128,projection,16,131072,0,64,131136,6824000,2.9644406138790034,4194304
39,119,B3_action_cluster_4,128,128,activation_ls,4,32768,2048,64,34880,6727744,2.9226256672597866,4194304
39,119,B3_action_cluster_4,128,128,activation_ls,8,65536,2048,64,67648,6760512,2.9368605427046264,4194304
39,119,B3_action_cluster_4,128,128,activation_ls,16,131072,0,64,131136,6824000,2.9644406138790034,4194304
39,119,B3_action_cluster_4,256,256,projection,4,65536,4096,64,69696,6762560,2.937750222419929,8388608
39,119,B3_action_cluster_4,256,256,projection,8,131072,4096,64,135232,6828096,2.9662199733096086,8388608
39,119,B3_action_cluster_4,256,256,projection,16,262144,0,64,262208,6955072,3.021380115658363,8388608
39,119,B3_action_cluster_4,256,256,activation_ls,4,65536,4096,64,69696,6762560,2.937750222419929,8388608
39,119,B3_action_cluster_4,256,256,activation_ls,8,131072,4096,64,135232,6828096,2.9662199733096086,8388608
39,119,B3_action_cluster_4,256,256,activation_ls,16,262144,0,64,262208,6955072,3.021380115658363,8388608
39,119,B3_action_cluster_4,512,315,projection,4,80640,5040,64,85744,6778608,2.944721697064057,10321920
39,119,B3_action_cluster_4,512,315,projection,8,161280,5040,64,166384,6859248,2.9797528358540926,10321920
39,119,B3_action_cluster_4,512,315,projection,16,322560,0,64,322624,7015488,3.0476256672597866,10321920
39,119,B3_action_cluster_4,512,315,activation_ls,4,80640,5040,64,85744,6778608,2.944721697064057,10321920
39,119,B3_action_cluster_4,512,315,activation_ls,8,161280,5040,64,166384,6859248,2.9797528358540926,10321920
39,119,B3_action_cluster_4,512,315,activation_ls,16,322560,0,64,322624,7015488,3.0476256672597866,10321920
39,119,B3_action_cluster_8,32,1,projection,4,256,16,64,336,6693200,2.9076192726868326,65536
39,119,B3_action_cluster_8,32,1,projection,8,512,16,64,592,6693456,2.9077304826512456,65536
39,119,B3_action_cluster_8,32,1,projection,16,1024,0,64,1088,6693952,2.9079459519572954,65536
39,119,B3_action_cluster_8,32,1,activation_ls,4,256,16,64,336,6693200,2.9076192726868326,65536
39,119,B3_action_cluster_8,32,1,activation_ls,8,512,16,64,592,6693456,2.9077304826512456,65536
39,119,B3_action_cluster_8,32,1,activation_ls,16,1024,0,64,1088,6693952,2.9079459519572954,65536
39,119,B3_action_cluster_8,64,1,projection,4,256,16,64,336,6693200,2.9076192726868326,65536
39,119,B3_action_cluster_8,64,1,projection,8,512,16,64,592,6693456,2.9077304826512456,65536
39,119,B3_action_cluster_8,64,1,projection,16,1024,0,64,1088,6693952,2.9079459519572954,65536
39,119,B3_action_cluster_8,64,1,activation_ls,4,256,16,64,336,6693200,2.9076192726868326,65536
39,119,B3_action_cluster_8,64,1,activation_ls,8,512,16,64,592,6693456,2.9077304826512456,65536
39,119,B3_action_cluster_8,64,1,activation_ls,16,1024,0,64,1088,6693952,2.9079459519572954,65536
39,119,B3_action_cluster_8,128,1,projection,4,256,16,64,336,6693200,2.9076192726868326,65536
39,119,B3_action_cluster_8,128,1,projection,8,512,16,64,592,6693456,2.9077304826512456,65536
39,119,B3_action_cluster_8,128,1,projection,16,1024,0,64,1088,6693952,2.9079459519572954,65536
39,119,B3_action_cluster_8,128,1,activation_ls,4,256,16,64,336,6693200,2.9076192726868326,65536
39,119,B3_action_cluster_8,128,1,activation_ls,8,512,16,64,592,6693456,2.9077304826512456,65536
39,119,B3_action_cluster_8,128,1,activation_ls,16,1024,0,64,1088,6693952,2.9079459519572954,65536
39,119,B3_action_cluster_8,256,1,projection,4,256,16,64,336,6693200,2.9076192726868326,65536
39,119,B3_action_cluster_8,256,1,projection,8,512,16,64,592,6693456,2.9077304826512456,65536
39,119,B3_action_cluster_8,256,1,projection,16,1024,0,64,1088,6693952,2.9079459519572954,65536
39,119,B3_action_cluster_8,256,1,activation_ls,4,256,16,64,336,6693200,2.9076192726868326,65536
39,119,B3_action_cluster_8,256,1,activation_ls,8,512,16,64,592,6693456,2.9077304826512456,65536
39,119,B3_action_cluster_8,256,1,activation_ls,16,1024,0,64,1088,6693952,2.9079459519572954,65536
39,119,B3_action_cluster_8,512,1,projection,4,256,16,64,336,6693200,2.9076192726868326,65536
39,119,B3_action_cluster_8,512,1,projection,8,512,16,64,592,6693456,2.9077304826512456,65536
39,119,B3_action_cluster_8,512,1,projection,16,1024,0,64,1088,6693952,2.9079459519572954,65536
39,119,B3_action_cluster_8,512,1,activation_ls,4,256,16,64,336,6693200,2.9076192726868326,65536
39,119,B3_action_cluster_8,512,1,activation_ls,8,512,16,64,592,6693456,2.9077304826512456,65536
39,119,B3_action_cluster_8,512,1,activation_ls,16,1024,0,64,1088,6693952,2.9079459519572954,65536
39,119,B4_per_expert_raw,32,32,projection,4,8192,512,64,8768,6701632,2.9112822508896796,3145728
39,119,B4_per_expert_raw,32,32,projection,8,16384,512,64,16960,6709824,2.9148409697508897,3145728
39,119,B4_per_expert_raw,32,32,projection,16,32768,0,64,32832,6725696,2.921735987544484,3145728
39,119,B4_per_expert_raw,32,32,activation_ls,4,8192,512,64,8768,6701632,2.9112822508896796,3145728
39,119,B4_per_expert_raw,32,32,activation_ls,8,16384,512,64,16960,6709824,2.9148409697508897,3145728
39,119,B4_per_expert_raw,32,32,activation_ls,16,32768,0,64,32832,6725696,2.921735987544484,3145728
39,119,B4_per_expert_raw,64,64,projection,4,16384,1024,64,17472,6710336,2.915063389679715,6291456
39,119,B4_per_expert_raw,64,64,projection,8,32768,1024,64,33856,6726720,2.9221808274021353,6291456
39,119,B4_per_expert_raw,64,64,projection,16,65536,0,64,65600,6758464,2.9359708629893237,6291456
39,119,B4_per_expert_raw,64,64,activation_ls,4,16384,1024,64,17472,6710336,2.915063389679715,6291456
39,119,B4_per_expert_raw,64,64,activation_ls,8,32768,1024,64,33856,6726720,2.9221808274021353,6291456
39,119,B4_per_expert_raw,64,64,activation_ls,16,65536,0,64,65600,6758464,2.9359708629893237,6291456
39,119,B4_per_expert_raw,128,128,projection,4,32768,2048,64,34880,6727744,2.9226256672597866,12582912
39,119,B4_per_expert_raw,128,128,projection,8,65536,2048,64,67648,6760512,2.9368605427046264,12582912
39,119,B4_per_expert_raw,128,128,projection,16,131072,0,64,131136,6824000,2.9644406138790034,12582912
39,119,B4_per_expert_raw,128,128,activation_ls,4,32768,2048,64,34880,6727744,2.9226256672597866,12582912
39,119,B4_per_expert_raw,128,128,activation_ls,8,65536,2048,64,67648,6760512,2.9368605427046264,12582912
39,119,B4_per_expert_raw,128,128,activation_ls,16,131072,0,64,131136,6824000,2.9644406138790034,12582912
39,119,B4_per_expert_raw,256,256,projection,4,65536,4096,64,69696,6762560,2.937750222419929,25165824
39,119,B4_per_expert_raw,256,256,projection,8,131072,4096,64,135232,6828096,2.9662199733096086,25165824
39,119,B4_per_expert_raw,256,256,projection,16,262144,0,64,262208,6955072,3.021380115658363,25165824
39,119,B4_per_expert_raw,256,256,activation_ls,4,65536,4096,64,69696,6762560,2.937750222419929,25165824
39,119,B4_per_expert_raw,256,256,activation_ls,8,131072,4096,64,135232,6828096,2.9662199733096086,25165824
39,119,B4_per_expert_raw,256,256,activation_ls,16,262144,0,64,262208,6955072,3.021380115658363,25165824
39,119,B4_per_expert_raw,512,512,projection,4,131072,8192,64,139328,6832192,2.9679993327402134,50331648
39,119,B4_per_expert_raw,512,512,projection,8,262144,8192,64,270400,6963264,3.024938834519573,50331648
39,119,B4_per_expert_raw,512,512,projection,16,524288,0,64,524352,7217216,3.135259119217082,50331648
39,119,B4_per_expert_raw,512,512,activation_ls,4,131072,8192,64,139328,6832192,2.9679993327402134,50331648
39,119,B4_per_expert_raw,512,512,activation_ls,8,262144,8192,64,270400,6963264,3.024938834519573,50331648
39,119,B4_per_expert_raw,512,512,activation_ls,16,524288,0,64,524352,7217216,3.135259119217082,50331648
39,147,B0_raw_shared,32,32,projection,4,8192,512,64,8768,6701632,2.9112822508896796,262144
39,147,B0_raw_shared,32,32,projection,8,16384,512,64,16960,6709824,2.9148409697508897,262144
39,147,B0_raw_shared,32,32,projection,16,32768,0,64,32832,6725696,2.921735987544484,262144
39,147,B0_raw_shared,32,32,activation_ls,4,8192,512,64,8768,6701632,2.9112822508896796,262144
39,147,B0_raw_shared,32,32,activation_ls,8,16384,512,64,16960,6709824,2.9148409697508897,262144
39,147,B0_raw_shared,32,32,activation_ls,16,32768,0,64,32832,6725696,2.921735987544484,262144
39,147,B0_raw_shared,64,64,projection,4,16384,1024,64,17472,6710336,2.915063389679715,524288
39,147,B0_raw_shared,64,64,projection,8,32768,1024,64,33856,6726720,2.9221808274021353,524288
39,147,B0_raw_shared,64,64,projection,16,65536,0,64,65600,6758464,2.9359708629893237,524288
39,147,B0_raw_shared,64,64,activation_ls,4,16384,1024,64,17472,6710336,2.915063389679715,524288
39,147,B0_raw_shared,64,64,activation_ls,8,32768,1024,64,33856,6726720,2.9221808274021353,524288
39,147,B0_raw_shared,64,64,activation_ls,16,65536,0,64,65600,6758464,2.9359708629893237,524288
39,147,B0_raw_shared,128,128,projection,4,32768,2048,64,34880,6727744,2.9226256672597866,1048576
39,147,B0_raw_shared,128,128,projection,8,65536,2048,64,67648,6760512,2.9368605427046264,1048576
39,147,B0_raw_shared,128,128,projection,16,131072,0,64,131136,6824000,2.9644406138790034,1048576
39,147,B0_raw_shared,128,128,activation_ls,4,32768,2048,64,34880,6727744,2.9226256672597866,1048576
39,147,B0_raw_shared,128,128,activation_ls,8,65536,2048,64,67648,6760512,2.9368605427046264,1048576
39,147,B0_raw_shared,128,128,activation_ls,16,131072,0,64,131136,6824000,2.9644406138790034,1048576
39,147,B0_raw_shared,256,256,projection,4,65536,4096,64,69696,6762560,2.937750222419929,2097152
39,147,B0_raw_shared,256,256,projection,8,131072,4096,64,135232,6828096,2.9662199733096086,2097152
39,147,B0_raw_shared,256,256,projection,16,262144,0,64,262208,6955072,3.021380115658363,2097152
39,147,B0_raw_shared,256,256,activation_ls,4,65536,4096,64,69696,6762560,2.937750222419929,2097152
39,147,B0_raw_shared,256,256,activation_ls,8,131072,4096,64,135232,6828096,2.9662199733096086,2097152
39,147,B0_raw_shared,256,256,activation_ls,16,262144,0,64,262208,6955072,3.021380115658363,2097152
39,147,B0_raw_shared,512,512,projection,4,131072,8192,64,139328,6832192,2.9679993327402134,4194304
39,147,B0_raw_shared,512,512,projection,8,262144,8192,64,270400,6963264,3.024938834519573,4194304
39,147,B0_raw_shared,512,512,projection,16,524288,0,64,524352,7217216,3.135259119217082,4194304
39,147,B0_raw_shared,512,512,activation_ls,4,131072,8192,64,139328,6832192,2.9679993327402134,4194304
39,147,B0_raw_shared,512,512,activation_ls,8,262144,8192,64,270400,6963264,3.024938834519573,4194304
39,147,B0_raw_shared,512,512,activation_ls,16,524288,0,64,524352,7217216,3.135259119217082,4194304
39,147,B1_action_shared,32,32,projection,4,8192,512,64,8768,6701632,2.9112822508896796,262144
39,147,B1_action_shared,32,32,projection,8,16384,512,64,16960,6709824,2.9148409697508897,262144
39,147,B1_action_shared,32,32,projection,16,32768,0,64,32832,6725696,2.921735987544484,262144
39,147,B1_action_shared,32,32,activation_ls,4,8192,512,64,8768,6701632,2.9112822508896796,262144
39,147,B1_action_shared,32,32,activation_ls,8,16384,512,64,16960,6709824,2.9148409697508897,262144
39,147,B1_action_shared,32,32,activation_ls,16,32768,0,64,32832,6725696,2.921735987544484,262144
39,147,B1_action_shared,64,64,projection,4,16384,1024,64,17472,6710336,2.915063389679715,524288
39,147,B1_action_shared,64,64,projection,8,32768,1024,64,33856,6726720,2.9221808274021353,524288
39,147,B1_action_shared,64,64,projection,16,65536,0,64,65600,6758464,2.9359708629893237,524288
39,147,B1_action_shared,64,64,activation_ls,4,16384,1024,64,17472,6710336,2.915063389679715,524288
39,147,B1_action_shared,64,64,activation_ls,8,32768,1024,64,33856,6726720,2.9221808274021353,524288
39,147,B1_action_shared,64,64,activation_ls,16,65536,0,64,65600,6758464,2.9359708629893237,524288
39,147,B1_action_shared,128,128,projection,4,32768,2048,64,34880,6727744,2.9226256672597866,1048576
39,147,B1_action_shared,128,128,projection,8,65536,2048,64,67648,6760512,2.9368605427046264,1048576
39,147,B1_action_shared,128,128,projection,16,131072,0,64,131136,6824000,2.9644406138790034,1048576
39,147,B1_action_shared,128,128,activation_ls,4,32768,2048,64,34880,6727744,2.9226256672597866,1048576
39,147,B1_action_shared,128,128,activation_ls,8,65536,2048,64,67648,6760512,2.9368605427046264,1048576
39,147,B1_action_shared,128,128,activation_ls,16,131072,0,64,131136,6824000,2.9644406138790034,1048576
39,147,B1_action_shared,256,256,projection,4,65536,4096,64,69696,6762560,2.937750222419929,2097152
39,147,B1_action_shared,256,256,projection,8,131072,4096,64,135232,6828096,2.9662199733096086,2097152
39,147,B1_action_shared,256,256,projection,16,262144,0,64,262208,6955072,3.021380115658363,2097152
39,147,B1_action_shared,256,256,activation_ls,4,65536,4096,64,69696,6762560,2.937750222419929,2097152
39,147,B1_action_shared,256,256,activation_ls,8,131072,4096,64,135232,6828096,2.9662199733096086,2097152
39,147,B1_action_shared,256,256,activation_ls,16,262144,0,64,262208,6955072,3.021380115658363,2097152
39,147,B1_action_shared,512,512,projection,4,131072,8192,64,139328,6832192,2.9679993327402134,4194304
39,147,B1_action_shared,512,512,projection,8,262144,8192,64,270400,6963264,3.024938834519573,4194304
39,147,B1_action_shared,512,512,projection,16,524288,0,64,524352,7217216,3.135259119217082,4194304
39,147,B1_action_shared,512,512,activation_ls,4,131072,8192,64,139328,6832192,2.9679993327402134,4194304
39,147,B1_action_shared,512,512,activation_ls,8,262144,8192,64,270400,6963264,3.024938834519573,4194304
39,147,B1_action_shared,512,512,activation_ls,16,524288,0,64,524352,7217216,3.135259119217082,4194304
39,147,B2_proxy_shared,32,32,projection,4,8192,512,64,8768,6701632,2.9112822508896796,262144
39,147,B2_proxy_shared,32,32,projection,8,16384,512,64,16960,6709824,2.9148409697508897,262144
39,147,B2_proxy_shared,32,32,projection,16,32768,0,64,32832,6725696,2.921735987544484,262144
39,147,B2_proxy_shared,32,32,activation_ls,4,8192,512,64,8768,6701632,2.9112822508896796,262144
39,147,B2_proxy_shared,32,32,activation_ls,8,16384,512,64,16960,6709824,2.9148409697508897,262144
39,147,B2_proxy_shared,32,32,activation_ls,16,32768,0,64,32832,6725696,2.921735987544484,262144
39,147,B2_proxy_shared,64,64,projection,4,16384,1024,64,17472,6710336,2.915063389679715,524288
39,147,B2_proxy_shared,64,64,projection,8,32768,1024,64,33856,6726720,2.9221808274021353,524288
39,147,B2_proxy_shared,64,64,projection,16,65536,0,64,65600,6758464,2.9359708629893237,524288
39,147,B2_proxy_shared,64,64,activation_ls,4,16384,1024,64,17472,6710336,2.915063389679715,524288
39,147,B2_proxy_shared,64,64,activation_ls,8,32768,1024,64,33856,6726720,2.9221808274021353,524288
39,147,B2_proxy_shared,64,64,activation_ls,16,65536,0,64,65600,6758464,2.9359708629893237,524288
39,147,B2_proxy_shared,128,128,projection,4,32768,2048,64,34880,6727744,2.9226256672597866,1048576
39,147,B2_proxy_shared,128,128,projection,8,65536,2048,64,67648,6760512,2.9368605427046264,1048576
39,147,B2_proxy_shared,128,128,projection,16,131072,0,64,131136,6824000,2.9644406138790034,1048576
39,147,B2_proxy_shared,128,128,activation_ls,4,32768,2048,64,34880,6727744,2.9226256672597866,1048576
39,147,B2_proxy_shared,128,128,activation_ls,8,65536,2048,64,67648,6760512,2.9368605427046264,1048576
39,147,B2_proxy_shared,128,128,activation_ls,16,131072,0,64,131136,6824000,2.9644406138790034,1048576
39,147,B2_proxy_shared,256,256,projection,4,65536,4096,64,69696,6762560,2.937750222419929,2097152
39,147,B2_proxy_shared,256,256,projection,8,131072,4096,64,135232,6828096,2.9662199733096086,2097152
39,147,B2_proxy_shared,256,256,projection,16,262144,0,64,262208,6955072,3.021380115658363,2097152
39,147,B2_proxy_shared,256,256,activation_ls,4,65536,4096,64,69696,6762560,2.937750222419929,2097152
39,147,B2_proxy_shared,256,256,activation_ls,8,131072,4096,64,135232,6828096,2.9662199733096086,2097152
39,147,B2_proxy_shared,256,256,activation_ls,16,262144,0,64,262208,6955072,3.021380115658363,2097152
39,147,B2_proxy_shared,512,512,projection,4,131072,8192,64,139328,6832192,2.9679993327402134,4194304
39,147,B2_proxy_shared,512,512,projection,8,262144,8192,64,270400,6963264,3.024938834519573,4194304
39,147,B2_proxy_shared,512,512,projection,16,524288,0,64,524352,7217216,3.135259119217082,4194304
39,147,B2_proxy_shared,512,512,activation_ls,4,131072,8192,64,139328,6832192,2.9679993327402134,4194304
39,147,B2_proxy_shared,512,512,activation_ls,8,262144,8192,64,270400,6963264,3.024938834519573,4194304
39,147,B2_proxy_shared,512,512,activation_ls,16,524288,0,64,524352,7217216,3.135259119217082,4194304
39,147,B3_action_cluster_4,32,32,projection,4,8192,512,64,8768,6701632,2.9112822508896796,1048576
39,147,B3_action_cluster_4,32,32,projection,8,16384,512,64,16960,6709824,2.9148409697508897,1048576
39,147,B3_action_cluster_4,32,32,projection,16,32768,0,64,32832,6725696,2.921735987544484,1048576
39,147,B3_action_cluster_4,32,32,activation_ls,4,8192,512,64,8768,6701632,2.9112822508896796,1048576
39,147,B3_action_cluster_4,32,32,activation_ls,8,16384,512,64,16960,6709824,2.9148409697508897,1048576
39,147,B3_action_cluster_4,32,32,activation_ls,16,32768,0,64,32832,6725696,2.921735987544484,1048576
39,147,B3_action_cluster_4,64,64,projection,4,16384,1024,64,17472,6710336,2.915063389679715,2097152
39,147,B3_action_cluster_4,64,64,projection,8,32768,1024,64,33856,6726720,2.9221808274021353,2097152
39,147,B3_action_cluster_4,64,64,projection,16,65536,0,64,65600,6758464,2.9359708629893237,2097152
39,147,B3_action_cluster_4,64,64,activation_ls,4,16384,1024,64,17472,6710336,2.915063389679715,2097152
39,147,B3_action_cluster_4,64,64,activation_ls,8,32768,1024,64,33856,6726720,2.9221808274021353,2097152
39,147,B3_action_cluster_4,64,64,activation_ls,16,65536,0,64,65600,6758464,2.9359708629893237,2097152
39,147,B3_action_cluster_4,128,128,projection,4,32768,2048,64,34880,6727744,2.9226256672597866,4194304
39,147,B3_action_cluster_4,128,128,projection,8,65536,2048,64,67648,6760512,2.9368605427046264,4194304
39,147,B3_action_cluster_4,128,128,projection,16,131072,0,64,131136,6824000,2.9644406138790034,4194304
39,147,B3_action_cluster_4,128,128,activation_ls,4,32768,2048,64,34880,6727744,2.9226256672597866,4194304
39,147,B3_action_cluster_4,128,128,activation_ls,8,65536,2048,64,67648,6760512,2.9368605427046264,4194304
39,147,B3_action_cluster_4,128,128,activation_ls,16,131072,0,64,131136,6824000,2.9644406138790034,4194304
39,147,B3_action_cluster_4,256,256,projection,4,65536,4096,64,69696,6762560,2.937750222419929,8388608
39,147,B3_action_cluster_4,256,256,projection,8,131072,4096,64,135232,6828096,2.9662199733096086,8388608
39,147,B3_action_cluster_4,256,256,projection,16,262144,0,64,262208,6955072,3.021380115658363,8388608
39,147,B3_action_cluster_4,256,256,activation_ls,4,65536,4096,64,69696,6762560,2.937750222419929,8388608
39,147,B3_action_cluster_4,256,256,activation_ls,8,131072,4096,64,135232,6828096,2.9662199733096086,8388608
39,147,B3_action_cluster_4,256,256,activation_ls,16,262144,0,64,262208,6955072,3.021380115658363,8388608
39,147,B3_action_cluster_4,512,315,projection,4,80640,5040,64,85744,6778608,2.944721697064057,10321920
39,147,B3_action_cluster_4,512,315,projection,8,161280,5040,64,166384,6859248,2.9797528358540926,10321920
39,147,B3_action_cluster_4,512,315,projection,16,322560,0,64,322624,7015488,3.0476256672597866,10321920
39,147,B3_action_cluster_4,512,315,activation_ls,4,80640,5040,64,85744,6778608,2.944721697064057,10321920
39,147,B3_action_cluster_4,512,315,activation_ls,8,161280,5040,64,166384,6859248,2.9797528358540926,10321920
39,147,B3_action_cluster_4,512,315,activation_ls,16,322560,0,64,322624,7015488,3.0476256672597866,10321920
39,147,B3_action_cluster_8,32,23,projection,4,5888,368,64,6320,6699184,2.9102188056049823,1507328
39,147,B3_action_cluster_8,32,23,projection,8,11776,368,64,12208,6705072,2.9127766347864767,1507328
39,147,B3_action_cluster_8,32,23,projection,16,23552,0,64,23616,6716480,2.9177324288256226,1507328
39,147,B3_action_cluster_8,32,23,activation_ls,4,5888,368,64,6320,6699184,2.9102188056049823,1507328
39,147,B3_action_cluster_8,32,23,activation_ls,8,11776,368,64,12208,6705072,2.9127766347864767,1507328
39,147,B3_action_cluster_8,32,23,activation_ls,16,23552,0,64,23616,6716480,2.9177324288256226,1507328
39,147,B3_action_cluster_8,64,23,projection,4,5888,368,64,6320,6699184,2.9102188056049823,1507328
39,147,B3_action_cluster_8,64,23,projection,8,11776,368,64,12208,6705072,2.9127766347864767,1507328
39,147,B3_action_cluster_8,64,23,projection,16,23552,0,64,23616,6716480,2.9177324288256226,1507328
39,147,B3_action_cluster_8,64,23,activation_ls,4,5888,368,64,6320,6699184,2.9102188056049823,1507328
39,147,B3_action_cluster_8,64,23,activation_ls,8,11776,368,64,12208,6705072,2.9127766347864767,1507328
39,147,B3_action_cluster_8,64,23,activation_ls,16,23552,0,64,23616,6716480,2.9177324288256226,1507328
39,147,B3_action_cluster_8,128,23,projection,4,5888,368,64,6320,6699184,2.9102188056049823,1507328
39,147,B3_action_cluster_8,128,23,projection,8,11776,368,64,12208,6705072,2.9127766347864767,1507328
39,147,B3_action_cluster_8,128,23,projection,16,23552,0,64,23616,6716480,2.9177324288256226,1507328
39,147,B3_action_cluster_8,128,23,activation_ls,4,5888,368,64,6320,6699184,2.9102188056049823,1507328
39,147,B3_action_cluster_8,128,23,activation_ls,8,11776,368,64,12208,6705072,2.9127766347864767,1507328
39,147,B3_action_cluster_8,128,23,activation_ls,16,23552,0,64,23616,6716480,2.9177324288256226,1507328
39,147,B3_action_cluster_8,256,23,projection,4,5888,368,64,6320,6699184,2.9102188056049823,1507328
39,147,B3_action_cluster_8,256,23,projection,8,11776,368,64,12208,6705072,2.9127766347864767,1507328
39,147,B3_action_cluster_8,256,23,projection,16,23552,0,64,23616,6716480,2.9177324288256226,1507328
39,147,B3_action_cluster_8,256,23,activation_ls,4,5888,368,64,6320,6699184,2.9102188056049823,1507328
39,147,B3_action_cluster_8,256,23,activation_ls,8,11776,368,64,12208,6705072,2.9127766347864767,1507328
39,147,B3_action_cluster_8,256,23,activation_ls,16,23552,0,64,23616,6716480,2.9177324288256226,1507328
39,147,B3_action_cluster_8,512,23,projection,4,5888,368,64,6320,6699184,2.9102188056049823,1507328
39,147,B3_action_cluster_8,512,23,projection,8,11776,368,64,12208,6705072,2.9127766347864767,1507328
39,147,B3_action_cluster_8,512,23,projection,16,23552,0,64,23616,6716480,2.9177324288256226,1507328
39,147,B3_action_cluster_8,512,23,activation_ls,4,5888,368,64,6320,6699184,2.9102188056049823,1507328
39,147,B3_action_cluster_8,512,23,activation_ls,8,11776,368,64,12208,6705072,2.9127766347864767,1507328
39,147,B3_action_cluster_8,512,23,activation_ls,16,23552,0,64,23616,6716480,2.9177324288256226,1507328
39,147,B4_per_expert_raw,32,32,projection,4,8192,512,64,8768,6701632,2.9112822508896796,3145728
39,147,B4_per_expert_raw,32,32,projection,8,16384,512,64,16960,6709824,2.9148409697508897,3145728
39,147,B4_per_expert_raw,32,32,projection,16,32768,0,64,32832,6725696,2.921735987544484,3145728
39,147,B4_per_expert_raw,32,32,activation_ls,4,8192,512,64,8768,6701632,2.9112822508896796,3145728
39,147,B4_per_expert_raw,32,32,activation_ls,8,16384,512,64,16960,6709824,2.9148409697508897,3145728
39,147,B4_per_expert_raw,32,32,activation_ls,16,32768,0,64,32832,6725696,2.921735987544484,3145728
39,147,B4_per_expert_raw,64,64,projection,4,16384,1024,64,17472,6710336,2.915063389679715,6291456
39,147,B4_per_expert_raw,64,64,projection,8,32768,1024,64,33856,6726720,2.9221808274021353,6291456
39,147,B4_per_expert_raw,64,64,projection,16,65536,0,64,65600,6758464,2.9359708629893237,6291456
39,147,B4_per_expert_raw,64,64,activation_ls,4,16384,1024,64,17472,6710336,2.915063389679715,6291456
39,147,B4_per_expert_raw,64,64,activation_ls,8,32768,1024,64,33856,6726720,2.9221808274021353,6291456
39,147,B4_per_expert_raw,64,64,activation_ls,16,65536,0,64,65600,6758464,2.9359708629893237,6291456
39,147,B4_per_expert_raw,128,128,projection,4,32768,2048,64,34880,6727744,2.9226256672597866,12582912
39,147,B4_per_expert_raw,128,128,projection,8,65536,2048,64,67648,6760512,2.9368605427046264,12582912
39,147,B4_per_expert_raw,128,128,projection,16,131072,0,64,131136,6824000,2.9644406138790034,12582912
39,147,B4_per_expert_raw,128,128,activation_ls,4,32768,2048,64,34880,6727744,2.9226256672597866,12582912
39,147,B4_per_expert_raw,128,128,activation_ls,8,65536,2048,64,67648,6760512,2.9368605427046264,12582912
39,147,B4_per_expert_raw,128,128,activation_ls,16,131072,0,64,131136,6824000,2.9644406138790034,12582912
39,147,B4_per_expert_raw,256,256,projection,4,65536,4096,64,69696,6762560,2.937750222419929,25165824
39,147,B4_per_expert_raw,256,256,projection,8,131072,4096,64,135232,6828096,2.9662199733096086,25165824
39,147,B4_per_expert_raw,256,256,projection,16,262144,0,64,262208,6955072,3.021380115658363,25165824
39,147,B4_per_expert_raw,256,256,activation_ls,4,65536,4096,64,69696,6762560,2.937750222419929,25165824
39,147,B4_per_expert_raw,256,256,activation_ls,8,131072,4096,64,135232,6828096,2.9662199733096086,25165824
39,147,B4_per_expert_raw,256,256,activation_ls,16,262144,0,64,262208,6955072,3.021380115658363,25165824
39,147,B4_per_expert_raw,512,512,projection,4,131072,8192,64,139328,6832192,2.9679993327402134,50331648
39,147,B4_per_expert_raw,512,512,projection,8,262144,8192,64,270400,6963264,3.024938834519573,50331648
39,147,B4_per_expert_raw,512,512,projection,16,524288,0,64,524352,7217216,3.135259119217082,50331648
39,147,B4_per_expert_raw,512,512,activation_ls,4,131072,8192,64,139328,6832192,2.9679993327402134,50331648
39,147,B4_per_expert_raw,512,512,activation_ls,8,262144,8192,64,270400,6963264,3.024938834519573,50331648
39,147,B4_per_expert_raw,512,512,activation_ls,16,524288,0,64,524352,7217216,3.135259119217082,50331648
39,153,B0_raw_shared,32,32,projection,4,8192,512,64,8768,6701632,2.9112822508896796,262144
39,153,B0_raw_shared,32,32,projection,8,16384,512,64,16960,6709824,2.9148409697508897,262144
39,153,B0_raw_shared,32,32,projection,16,32768,0,64,32832,6725696,2.921735987544484,262144
39,153,B0_raw_shared,32,32,activation_ls,4,8192,512,64,8768,6701632,2.9112822508896796,262144
39,153,B0_raw_shared,32,32,activation_ls,8,16384,512,64,16960,6709824,2.9148409697508897,262144
39,153,B0_raw_shared,32,32,activation_ls,16,32768,0,64,32832,6725696,2.921735987544484,262144
39,153,B0_raw_shared,64,64,projection,4,16384,1024,64,17472,6710336,2.915063389679715,524288
39,153,B0_raw_shared,64,64,projection,8,32768,1024,64,33856,6726720,2.9221808274021353,524288
39,153,B0_raw_shared,64,64,projection,16,65536,0,64,65600,6758464,2.9359708629893237,524288
39,153,B0_raw_shared,64,64,activation_ls,4,16384,1024,64,17472,6710336,2.915063389679715,524288
39,153,B0_raw_shared,64,64,activation_ls,8,32768,1024,64,33856,6726720,2.9221808274021353,524288
39,153,B0_raw_shared,64,64,activation_ls,16,65536,0,64,65600,6758464,2.9359708629893237,524288
39,153,B0_raw_shared,128,128,projection,4,32768,2048,64,34880,6727744,2.9226256672597866,1048576
39,153,B0_raw_shared,128,128,projection,8,65536,2048,64,67648,6760512,2.9368605427046264,1048576
39,153,B0_raw_shared,128,128,projection,16,131072,0,64,131136,6824000,2.9644406138790034,1048576
39,153,B0_raw_shared,128,128,activation_ls,4,32768,2048,64,34880,6727744,2.9226256672597866,1048576
39,153,B0_raw_shared,128,128,activation_ls,8,65536,2048,64,67648,6760512,2.9368605427046264,1048576
39,153,B0_raw_shared,128,128,activation_ls,16,131072,0,64,131136,6824000,2.9644406138790034,1048576
39,153,B0_raw_shared,256,256,projection,4,65536,4096,64,69696,6762560,2.937750222419929,2097152
39,153,B0_raw_shared,256,256,projection,8,131072,4096,64,135232,6828096,2.9662199733096086,2097152
39,153,B0_raw_shared,256,256,projection,16,262144,0,64,262208,6955072,3.021380115658363,2097152
39,153,B0_raw_shared,256,256,activation_ls,4,65536,4096,64,69696,6762560,2.937750222419929,2097152
39,153,B0_raw_shared,256,256,activation_ls,8,131072,4096,64,135232,6828096,2.9662199733096086,2097152
39,153,B0_raw_shared,256,256,activation_ls,16,262144,0,64,262208,6955072,3.021380115658363,2097152
39,153,B0_raw_shared,512,512,projection,4,131072,8192,64,139328,6832192,2.9679993327402134,4194304
39,153,B0_raw_shared,512,512,projection,8,262144,8192,64,270400,6963264,3.024938834519573,4194304
39,153,B0_raw_shared,512,512,projection,16,524288,0,64,524352,7217216,3.135259119217082,4194304
39,153,B0_raw_shared,512,512,activation_ls,4,131072,8192,64,139328,6832192,2.9679993327402134,4194304
39,153,B0_raw_shared,512,512,activation_ls,8,262144,8192,64,270400,6963264,3.024938834519573,4194304
39,153,B0_raw_shared,512,512,activation_ls,16,524288,0,64,524352,7217216,3.135259119217082,4194304
39,153,B1_action_shared,32,32,projection,4,8192,512,64,8768,6701632,2.9112822508896796,262144
39,153,B1_action_shared,32,32,projection,8,16384,512,64,16960,6709824,2.9148409697508897,262144
39,153,B1_action_shared,32,32,projection,16,32768,0,64,32832,6725696,2.921735987544484,262144
39,153,B1_action_shared,32,32,activation_ls,4,8192,512,64,8768,6701632,2.9112822508896796,262144
39,153,B1_action_shared,32,32,activation_ls,8,16384,512,64,16960,6709824,2.9148409697508897,262144
39,153,B1_action_shared,32,32,activation_ls,16,32768,0,64,32832,6725696,2.921735987544484,262144
39,153,B1_action_shared,64,64,projection,4,16384,1024,64,17472,6710336,2.915063389679715,524288
39,153,B1_action_shared,64,64,projection,8,32768,1024,64,33856,6726720,2.9221808274021353,524288
39,153,B1_action_shared,64,64,projection,16,65536,0,64,65600,6758464,2.9359708629893237,524288
39,153,B1_action_shared,64,64,activation_ls,4,16384,1024,64,17472,6710336,2.915063389679715,524288
39,153,B1_action_shared,64,64,activation_ls,8,32768,1024,64,33856,6726720,2.9221808274021353,524288
39,153,B1_action_shared,64,64,activation_ls,16,65536,0,64,65600,6758464,2.9359708629893237,524288
39,153,B1_action_shared,128,128,projection,4,32768,2048,64,34880,6727744,2.9226256672597866,1048576
39,153,B1_action_shared,128,128,projection,8,65536,2048,64,67648,6760512,2.9368605427046264,1048576
39,153,B1_action_shared,128,128,projection,16,131072,0,64,131136,6824000,2.9644406138790034,1048576
39,153,B1_action_shared,128,128,activation_ls,4,32768,2048,64,34880,6727744,2.9226256672597866,1048576
39,153,B1_action_shared,128,128,activation_ls,8,65536,2048,64,67648,6760512,2.9368605427046264,1048576
39,153,B1_action_shared,128,128,activation_ls,16,131072,0,64,131136,6824000,2.9644406138790034,1048576
39,153,B1_action_shared,256,256,projection,4,65536,4096,64,69696,6762560,2.937750222419929,2097152
39,153,B1_action_shared,256,256,projection,8,131072,4096,64,135232,6828096,2.9662199733096086,2097152
39,153,B1_action_shared,256,256,projection,16,262144,0,64,262208,6955072,3.021380115658363,2097152
39,153,B1_action_shared,256,256,activation_ls,4,65536,4096,64,69696,6762560,2.937750222419929,2097152
39,153,B1_action_shared,256,256,activation_ls,8,131072,4096,64,135232,6828096,2.9662199733096086,2097152
39,153,B1_action_shared,256,256,activation_ls,16,262144,0,64,262208,6955072,3.021380115658363,2097152
39,153,B1_action_shared,512,512,projection,4,131072,8192,64,139328,6832192,2.9679993327402134,4194304
39,153,B1_action_shared,512,512,projection,8,262144,8192,64,270400,6963264,3.024938834519573,4194304
39,153,B1_action_shared,512,512,projection,16,524288,0,64,524352,7217216,3.135259119217082,4194304
39,153,B1_action_shared,512,512,activation_ls,4,131072,8192,64,139328,6832192,2.9679993327402134,4194304
39,153,B1_action_shared,512,512,activation_ls,8,262144,8192,64,270400,6963264,3.024938834519573,4194304
39,153,B1_action_shared,512,512,activation_ls,16,524288,0,64,524352,7217216,3.135259119217082,4194304
39,153,B2_proxy_shared,32,32,projection,4,8192,512,64,8768,6701632,2.9112822508896796,262144
39,153,B2_proxy_shared,32,32,projection,8,16384,512,64,16960,6709824,2.9148409697508897,262144
39,153,B2_proxy_shared,32,32,projection,16,32768,0,64,32832,6725696,2.921735987544484,262144
39,153,B2_proxy_shared,32,32,activation_ls,4,8192,512,64,8768,6701632,2.9112822508896796,262144
39,153,B2_proxy_shared,32,32,activation_ls,8,16384,512,64,16960,6709824,2.9148409697508897,262144
39,153,B2_proxy_shared,32,32,activation_ls,16,32768,0,64,32832,6725696,2.921735987544484,262144
39,153,B2_proxy_shared,64,64,projection,4,16384,1024,64,17472,6710336,2.915063389679715,524288
39,153,B2_proxy_shared,64,64,projection,8,32768,1024,64,33856,6726720,2.9221808274021353,524288
39,153,B2_proxy_shared,64,64,projection,16,65536,0,64,65600,6758464,2.9359708629893237,524288
39,153,B2_proxy_shared,64,64,activation_ls,4,16384,1024,64,17472,6710336,2.915063389679715,524288
39,153,B2_proxy_shared,64,64,activation_ls,8,32768,1024,64,33856,6726720,2.9221808274021353,524288
39,153,B2_proxy_shared,64,64,activation_ls,16,65536,0,64,65600,6758464,2.9359708629893237,524288
39,153,B2_proxy_shared,128,128,projection,4,32768,2048,64,34880,6727744,2.9226256672597866,1048576
39,153,B2_proxy_shared,128,128,projection,8,65536,2048,64,67648,6760512,2.9368605427046264,1048576
39,153,B2_proxy_shared,128,128,projection,16,131072,0,64,131136,6824000,2.9644406138790034,1048576
39,153,B2_proxy_shared,128,128,activation_ls,4,32768,2048,64,34880,6727744,2.9226256672597866,1048576
39,153,B2_proxy_shared,128,128,activation_ls,8,65536,2048,64,67648,6760512,2.9368605427046264,1048576
39,153,B2_proxy_shared,128,128,activation_ls,16,131072,0,64,131136,6824000,2.9644406138790034,1048576
39,153,B2_proxy_shared,256,256,projection,4,65536,4096,64,69696,6762560,2.937750222419929,2097152
39,153,B2_proxy_shared,256,256,projection,8,131072,4096,64,135232,6828096,2.9662199733096086,2097152
39,153,B2_proxy_shared,256,256,projection,16,262144,0,64,262208,6955072,3.021380115658363,2097152
39,153,B2_proxy_shared,256,256,activation_ls,4,65536,4096,64,69696,6762560,2.937750222419929,2097152
39,153,B2_proxy_shared,256,256,activation_ls,8,131072,4096,64,135232,6828096,2.9662199733096086,2097152
39,153,B2_proxy_shared,256,256,activation_ls,16,262144,0,64,262208,6955072,3.021380115658363,2097152
39,153,B2_proxy_shared,512,512,projection,4,131072,8192,64,139328,6832192,2.9679993327402134,4194304
39,153,B2_proxy_shared,512,512,projection,8,262144,8192,64,270400,6963264,3.024938834519573,4194304
39,153,B2_proxy_shared,512,512,projection,16,524288,0,64,524352,7217216,3.135259119217082,4194304
39,153,B2_proxy_shared,512,512,activation_ls,4,131072,8192,64,139328,6832192,2.9679993327402134,4194304
39,153,B2_proxy_shared,512,512,activation_ls,8,262144,8192,64,270400,6963264,3.024938834519573,4194304
39,153,B2_proxy_shared,512,512,activation_ls,16,524288,0,64,524352,7217216,3.135259119217082,4194304
39,153,B3_action_cluster_4,32,32,projection,4,8192,512,64,8768,6701632,2.9112822508896796,1048576
39,153,B3_action_cluster_4,32,32,projection,8,16384,512,64,16960,6709824,2.9148409697508897,1048576
39,153,B3_action_cluster_4,32,32,projection,16,32768,0,64,32832,6725696,2.921735987544484,1048576
39,153,B3_action_cluster_4,32,32,activation_ls,4,8192,512,64,8768,6701632,2.9112822508896796,1048576
39,153,B3_action_cluster_4,32,32,activation_ls,8,16384,512,64,16960,6709824,2.9148409697508897,1048576
39,153,B3_action_cluster_4,32,32,activation_ls,16,32768,0,64,32832,6725696,2.921735987544484,1048576
39,153,B3_action_cluster_4,64,64,projection,4,16384,1024,64,17472,6710336,2.915063389679715,2097152
39,153,B3_action_cluster_4,64,64,projection,8,32768,1024,64,33856,6726720,2.9221808274021353,2097152
39,153,B3_action_cluster_4,64,64,projection,16,65536,0,64,65600,6758464,2.9359708629893237,2097152
39,153,B3_action_cluster_4,64,64,activation_ls,4,16384,1024,64,17472,6710336,2.915063389679715,2097152
39,153,B3_action_cluster_4,64,64,activation_ls,8,32768,1024,64,33856,6726720,2.9221808274021353,2097152
39,153,B3_action_cluster_4,64,64,activation_ls,16,65536,0,64,65600,6758464,2.9359708629893237,2097152
39,153,B3_action_cluster_4,128,128,projection,4,32768,2048,64,34880,6727744,2.9226256672597866,4194304
39,153,B3_action_cluster_4,128,128,projection,8,65536,2048,64,67648,6760512,2.9368605427046264,4194304
39,153,B3_action_cluster_4,128,128,projection,16,131072,0,64,131136,6824000,2.9644406138790034,4194304
39,153,B3_action_cluster_4,128,128,activation_ls,4,32768,2048,64,34880,6727744,2.9226256672597866,4194304
39,153,B3_action_cluster_4,128,128,activation_ls,8,65536,2048,64,67648,6760512,2.9368605427046264,4194304
39,153,B3_action_cluster_4,128,128,activation_ls,16,131072,0,64,131136,6824000,2.9644406138790034,4194304
39,153,B3_action_cluster_4,256,256,projection,4,65536,4096,64,69696,6762560,2.937750222419929,8388608
39,153,B3_action_cluster_4,256,256,projection,8,131072,4096,64,135232,6828096,2.9662199733096086,8388608
39,153,B3_action_cluster_4,256,256,projection,16,262144,0,64,262208,6955072,3.021380115658363,8388608
39,153,B3_action_cluster_4,256,256,activation_ls,4,65536,4096,64,69696,6762560,2.937750222419929,8388608
39,153,B3_action_cluster_4,256,256,activation_ls,8,131072,4096,64,135232,6828096,2.9662199733096086,8388608
39,153,B3_action_cluster_4,256,256,activation_ls,16,262144,0,64,262208,6955072,3.021380115658363,8388608
39,153,B3_action_cluster_4,512,315,projection,4,80640,5040,64,85744,6778608,2.944721697064057,10321920
39,153,B3_action_cluster_4,512,315,projection,8,161280,5040,64,166384,6859248,2.9797528358540926,10321920
39,153,B3_action_cluster_4,512,315,projection,16,322560,0,64,322624,7015488,3.0476256672597866,10321920
39,153,B3_action_cluster_4,512,315,activation_ls,4,80640,5040,64,85744,6778608,2.944721697064057,10321920
39,153,B3_action_cluster_4,512,315,activation_ls,8,161280,5040,64,166384,6859248,2.9797528358540926,10321920
39,153,B3_action_cluster_4,512,315,activation_ls,16,322560,0,64,322624,7015488,3.0476256672597866,10321920
39,153,B3_action_cluster_8,32,1,projection,4,256,16,64,336,6693200,2.9076192726868326,65536
39,153,B3_action_cluster_8,32,1,projection,8,512,16,64,592,6693456,2.9077304826512456,65536
39,153,B3_action_cluster_8,32,1,projection,16,1024,0,64,1088,6693952,2.9079459519572954,65536
39,153,B3_action_cluster_8,32,1,activation_ls,4,256,16,64,336,6693200,2.9076192726868326,65536
39,153,B3_action_cluster_8,32,1,activation_ls,8,512,16,64,592,6693456,2.9077304826512456,65536
39,153,B3_action_cluster_8,32,1,activation_ls,16,1024,0,64,1088,6693952,2.9079459519572954,65536
39,153,B3_action_cluster_8,64,1,projection,4,256,16,64,336,6693200,2.9076192726868326,65536
39,153,B3_action_cluster_8,64,1,projection,8,512,16,64,592,6693456,2.9077304826512456,65536
39,153,B3_action_cluster_8,64,1,projection,16,1024,0,64,1088,6693952,2.9079459519572954,65536
39,153,B3_action_cluster_8,64,1,activation_ls,4,256,16,64,336,6693200,2.9076192726868326,65536
39,153,B3_action_cluster_8,64,1,activation_ls,8,512,16,64,592,6693456,2.9077304826512456,65536
39,153,B3_action_cluster_8,64,1,activation_ls,16,1024,0,64,1088,6693952,2.9079459519572954,65536
39,153,B3_action_cluster_8,128,1,projection,4,256,16,64,336,6693200,2.9076192726868326,65536
39,153,B3_action_cluster_8,128,1,projection,8,512,16,64,592,6693456,2.9077304826512456,65536
39,153,B3_action_cluster_8,128,1,projection,16,1024,0,64,1088,6693952,2.9079459519572954,65536
39,153,B3_action_cluster_8,128,1,activation_ls,4,256,16,64,336,6693200,2.9076192726868326,65536
39,153,B3_action_cluster_8,128,1,activation_ls,8,512,16,64,592,6693456,2.9077304826512456,65536
39,153,B3_action_cluster_8,128,1,activation_ls,16,1024,0,64,1088,6693952,2.9079459519572954,65536
39,153,B3_action_cluster_8,256,1,projection,4,256,16,64,336,6693200,2.9076192726868326,65536
39,153,B3_action_cluster_8,256,1,projection,8,512,16,64,592,6693456,2.9077304826512456,65536
39,153,B3_action_cluster_8,256,1,projection,16,1024,0,64,1088,6693952,2.9079459519572954,65536
39,153,B3_action_cluster_8,256,1,activation_ls,4,256,16,64,336,6693200,2.9076192726868326,65536
39,153,B3_action_cluster_8,256,1,activation_ls,8,512,16,64,592,6693456,2.9077304826512456,65536
39,153,B3_action_cluster_8,256,1,activation_ls,16,1024,0,64,1088,6693952,2.9079459519572954,65536
39,153,B3_action_cluster_8,512,1,projection,4,256,16,64,336,6693200,2.9076192726868326,65536
39,153,B3_action_cluster_8,512,1,projection,8,512,16,64,592,6693456,2.9077304826512456,65536
39,153,B3_action_cluster_8,512,1,projection,16,1024,0,64,1088,6693952,2.9079459519572954,65536
39,153,B3_action_cluster_8,512,1,activation_ls,4,256,16,64,336,6693200,2.9076192726868326,65536
39,153,B3_action_cluster_8,512,1,activation_ls,8,512,16,64,592,6693456,2.9077304826512456,65536
39,153,B3_action_cluster_8,512,1,activation_ls,16,1024,0,64,1088,6693952,2.9079459519572954,65536
39,153,B4_per_expert_raw,32,32,projection,4,8192,512,64,8768,6701632,2.9112822508896796,3145728
39,153,B4_per_expert_raw,32,32,projection,8,16384,512,64,16960,6709824,2.9148409697508897,3145728
39,153,B4_per_expert_raw,32,32,projection,16,32768,0,64,32832,6725696,2.921735987544484,3145728
39,153,B4_per_expert_raw,32,32,activation_ls,4,8192,512,64,8768,6701632,2.9112822508896796,3145728
39,153,B4_per_expert_raw,32,32,activation_ls,8,16384,512,64,16960,6709824,2.9148409697508897,3145728
39,153,B4_per_expert_raw,32,32,activation_ls,16,32768,0,64,32832,6725696,2.921735987544484,3145728
39,153,B4_per_expert_raw,64,64,projection,4,16384,1024,64,17472,6710336,2.915063389679715,6291456
39,153,B4_per_expert_raw,64,64,projection,8,32768,1024,64,33856,6726720,2.9221808274021353,6291456
39,153,B4_per_expert_raw,64,64,projection,16,65536,0,64,65600,6758464,2.9359708629893237,6291456
39,153,B4_per_expert_raw,64,64,activation_ls,4,16384,1024,64,17472,6710336,2.915063389679715,6291456
39,153,B4_per_expert_raw,64,64,activation_ls,8,32768,1024,64,33856,6726720,2.9221808274021353,6291456
39,153,B4_per_expert_raw,64,64,activation_ls,16,65536,0,64,65600,6758464,2.9359708629893237,6291456
39,153,B4_per_expert_raw,128,128,projection,4,32768,2048,64,34880,6727744,2.9226256672597866,12582912
39,153,B4_per_expert_raw,128,128,projection,8,65536,2048,64,67648,6760512,2.9368605427046264,12582912
39,153,B4_per_expert_raw,128,128,projection,16,131072,0,64,131136,6824000,2.9644406138790034,12582912
39,153,B4_per_expert_raw,128,128,activation_ls,4,32768,2048,64,34880,6727744,2.9226256672597866,12582912
39,153,B4_per_expert_raw,128,128,activation_ls,8,65536,2048,64,67648,6760512,2.9368605427046264,12582912
39,153,B4_per_expert_raw,128,128,activation_ls,16,131072,0,64,131136,6824000,2.9644406138790034,12582912
39,153,B4_per_expert_raw,256,256,projection,4,65536,4096,64,69696,6762560,2.937750222419929,25165824
39,153,B4_per_expert_raw,256,256,projection,8,131072,4096,64,135232,6828096,2.9662199733096086,25165824
39,153,B4_per_expert_raw,256,256,projection,16,262144,0,64,262208,6955072,3.021380115658363,25165824
39,153,B4_per_expert_raw,256,256,activation_ls,4,65536,4096,64,69696,6762560,2.937750222419929,25165824
39,153,B4_per_expert_raw,256,256,activation_ls,8,131072,4096,64,135232,6828096,2.9662199733096086,25165824
39,153,B4_per_expert_raw,256,256,activation_ls,16,262144,0,64,262208,6955072,3.021380115658363,25165824
39,153,B4_per_expert_raw,512,512,projection,4,131072,8192,64,139328,6832192,2.9679993327402134,50331648
39,153,B4_per_expert_raw,512,512,projection,8,262144,8192,64,270400,6963264,3.024938834519573,50331648
39,153,B4_per_expert_raw,512,512,projection,16,524288,0,64,524352,7217216,3.135259119217082,50331648
39,153,B4_per_expert_raw,512,512,activation_ls,4,131072,8192,64,139328,6832192,2.9679993327402134,50331648
39,153,B4_per_expert_raw,512,512,activation_ls,8,262144,8192,64,270400,6963264,3.024938834519573,50331648
39,153,B4_per_expert_raw,512,512,activation_ls,16,524288,0,64,524352,7217216,3.135259119217082,50331648
39,189,B0_raw_shared,32,32,projection,4,8192,512,64,8768,6701632,2.9112822508896796,262144
39,189,B0_raw_shared,32,32,projection,8,16384,512,64,16960,6709824,2.9148409697508897,262144
39,189,B0_raw_shared,32,32,projection,16,32768,0,64,32832,6725696,2.921735987544484,262144
39,189,B0_raw_shared,32,32,activation_ls,4,8192,512,64,8768,6701632,2.9112822508896796,262144
39,189,B0_raw_shared,32,32,activation_ls,8,16384,512,64,16960,6709824,2.9148409697508897,262144
39,189,B0_raw_shared,32,32,activation_ls,16,32768,0,64,32832,6725696,2.921735987544484,262144
39,189,B0_raw_shared,64,64,projection,4,16384,1024,64,17472,6710336,2.915063389679715,524288
39,189,B0_raw_shared,64,64,projection,8,32768,1024,64,33856,6726720,2.9221808274021353,524288
39,189,B0_raw_shared,64,64,projection,16,65536,0,64,65600,6758464,2.9359708629893237,524288
39,189,B0_raw_shared,64,64,activation_ls,4,16384,1024,64,17472,6710336,2.915063389679715,524288
39,189,B0_raw_shared,64,64,activation_ls,8,32768,1024,64,33856,6726720,2.9221808274021353,524288
39,189,B0_raw_shared,64,64,activation_ls,16,65536,0,64,65600,6758464,2.9359708629893237,524288
39,189,B0_raw_shared,128,128,projection,4,32768,2048,64,34880,6727744,2.9226256672597866,1048576
39,189,B0_raw_shared,128,128,projection,8,65536,2048,64,67648,6760512,2.9368605427046264,1048576
39,189,B0_raw_shared,128,128,projection,16,131072,0,64,131136,6824000,2.9644406138790034,1048576
39,189,B0_raw_shared,128,128,activation_ls,4,32768,2048,64,34880,6727744,2.9226256672597866,1048576
39,189,B0_raw_shared,128,128,activation_ls,8,65536,2048,64,67648,6760512,2.9368605427046264,1048576
39,189,B0_raw_shared,128,128,activation_ls,16,131072,0,64,131136,6824000,2.9644406138790034,1048576
39,189,B0_raw_shared,256,256,projection,4,65536,4096,64,69696,6762560,2.937750222419929,2097152
39,189,B0_raw_shared,256,256,projection,8,131072,4096,64,135232,6828096,2.9662199733096086,2097152
39,189,B0_raw_shared,256,256,projection,16,262144,0,64,262208,6955072,3.021380115658363,2097152
39,189,B0_raw_shared,256,256,activation_ls,4,65536,4096,64,69696,6762560,2.937750222419929,2097152
39,189,B0_raw_shared,256,256,activation_ls,8,131072,4096,64,135232,6828096,2.9662199733096086,2097152
39,189,B0_raw_shared,256,256,activation_ls,16,262144,0,64,262208,6955072,3.021380115658363,2097152
39,189,B0_raw_shared,512,512,projection,4,131072,8192,64,139328,6832192,2.9679993327402134,4194304
39,189,B0_raw_shared,512,512,projection,8,262144,8192,64,270400,6963264,3.024938834519573,4194304
39,189,B0_raw_shared,512,512,projection,16,524288,0,64,524352,7217216,3.135259119217082,4194304
39,189,B0_raw_shared,512,512,activation_ls,4,131072,8192,64,139328,6832192,2.9679993327402134,4194304
39,189,B0_raw_shared,512,512,activation_ls,8,262144,8192,64,270400,6963264,3.024938834519573,4194304
39,189,B0_raw_shared,512,512,activation_ls,16,524288,0,64,524352,7217216,3.135259119217082,4194304
39,189,B1_action_shared,32,32,projection,4,8192,512,64,8768,6701632,2.9112822508896796,262144
39,189,B1_action_shared,32,32,projection,8,16384,512,64,16960,6709824,2.9148409697508897,262144
39,189,B1_action_shared,32,32,projection,16,32768,0,64,32832,6725696,2.921735987544484,262144
39,189,B1_action_shared,32,32,activation_ls,4,8192,512,64,8768,6701632,2.9112822508896796,262144
39,189,B1_action_shared,32,32,activation_ls,8,16384,512,64,16960,6709824,2.9148409697508897,262144
39,189,B1_action_shared,32,32,activation_ls,16,32768,0,64,32832,6725696,2.921735987544484,262144
39,189,B1_action_shared,64,64,projection,4,16384,1024,64,17472,6710336,2.915063389679715,524288
39,189,B1_action_shared,64,64,projection,8,32768,1024,64,33856,6726720,2.9221808274021353,524288
39,189,B1_action_shared,64,64,projection,16,65536,0,64,65600,6758464,2.9359708629893237,524288
39,189,B1_action_shared,64,64,activation_ls,4,16384,1024,64,17472,6710336,2.915063389679715,524288
39,189,B1_action_shared,64,64,activation_ls,8,32768,1024,64,33856,6726720,2.9221808274021353,524288
39,189,B1_action_shared,64,64,activation_ls,16,65536,0,64,65600,6758464,2.9359708629893237,524288
39,189,B1_action_shared,128,128,projection,4,32768,2048,64,34880,6727744,2.9226256672597866,1048576
39,189,B1_action_shared,128,128,projection,8,65536,2048,64,67648,6760512,2.9368605427046264,1048576
39,189,B1_action_shared,128,128,projection,16,131072,0,64,131136,6824000,2.9644406138790034,1048576
39,189,B1_action_shared,128,128,activation_ls,4,32768,2048,64,34880,6727744,2.9226256672597866,1048576
39,189,B1_action_shared,128,128,activation_ls,8,65536,2048,64,67648,6760512,2.9368605427046264,1048576
39,189,B1_action_shared,128,128,activation_ls,16,131072,0,64,131136,6824000,2.9644406138790034,1048576
39,189,B1_action_shared,256,256,projection,4,65536,4096,64,69696,6762560,2.937750222419929,2097152
39,189,B1_action_shared,256,256,projection,8,131072,4096,64,135232,6828096,2.9662199733096086,2097152
39,189,B1_action_shared,256,256,projection,16,262144,0,64,262208,6955072,3.021380115658363,2097152
39,189,B1_action_shared,256,256,activation_ls,4,65536,4096,64,69696,6762560,2.937750222419929,2097152
39,189,B1_action_shared,256,256,activation_ls,8,131072,4096,64,135232,6828096,2.9662199733096086,2097152
39,189,B1_action_shared,256,256,activation_ls,16,262144,0,64,262208,6955072,3.021380115658363,2097152
39,189,B1_action_shared,512,512,projection,4,131072,8192,64,139328,6832192,2.9679993327402134,4194304
39,189,B1_action_shared,512,512,projection,8,262144,8192,64,270400,6963264,3.024938834519573,4194304
39,189,B1_action_shared,512,512,projection,16,524288,0,64,524352,7217216,3.135259119217082,4194304
39,189,B1_action_shared,512,512,activation_ls,4,131072,8192,64,139328,6832192,2.9679993327402134,4194304
39,189,B1_action_shared,512,512,activation_ls,8,262144,8192,64,270400,6963264,3.024938834519573,4194304
39,189,B1_action_shared,512,512,activation_ls,16,524288,0,64,524352,7217216,3.135259119217082,4194304
39,189,B2_proxy_shared,32,32,projection,4,8192,512,64,8768,6701632,2.9112822508896796,262144
39,189,B2_proxy_shared,32,32,projection,8,16384,512,64,16960,6709824,2.9148409697508897,262144
39,189,B2_proxy_shared,32,32,projection,16,32768,0,64,32832,6725696,2.921735987544484,262144
39,189,B2_proxy_shared,32,32,activation_ls,4,8192,512,64,8768,6701632,2.9112822508896796,262144
39,189,B2_proxy_shared,32,32,activation_ls,8,16384,512,64,16960,6709824,2.9148409697508897,262144
39,189,B2_proxy_shared,32,32,activation_ls,16,32768,0,64,32832,6725696,2.921735987544484,262144
39,189,B2_proxy_shared,64,64,projection,4,16384,1024,64,17472,6710336,2.915063389679715,524288
39,189,B2_proxy_shared,64,64,projection,8,32768,1024,64,33856,6726720,2.9221808274021353,524288
39,189,B2_proxy_shared,64,64,projection,16,65536,0,64,65600,6758464,2.9359708629893237,524288
39,189,B2_proxy_shared,64,64,activation_ls,4,16384,1024,64,17472,6710336,2.915063389679715,524288
39,189,B2_proxy_shared,64,64,activation_ls,8,32768,1024,64,33856,6726720,2.9221808274021353,524288
39,189,B2_proxy_shared,64,64,activation_ls,16,65536,0,64,65600,6758464,2.9359708629893237,524288
39,189,B2_proxy_shared,128,128,projection,4,32768,2048,64,34880,6727744,2.9226256672597866,1048576
39,189,B2_proxy_shared,128,128,projection,8,65536,2048,64,67648,6760512,2.9368605427046264,1048576
39,189,B2_proxy_shared,128,128,projection,16,131072,0,64,131136,6824000,2.9644406138790034,1048576
39,189,B2_proxy_shared,128,128,activation_ls,4,32768,2048,64,34880,6727744,2.9226256672597866,1048576
39,189,B2_proxy_shared,128,128,activation_ls,8,65536,2048,64,67648,6760512,2.9368605427046264,1048576
39,189,B2_proxy_shared,128,128,activation_ls,16,131072,0,64,131136,6824000,2.9644406138790034,1048576
39,189,B2_proxy_shared,256,256,projection,4,65536,4096,64,69696,6762560,2.937750222419929,2097152
39,189,B2_proxy_shared,256,256,projection,8,131072,4096,64,135232,6828096,2.9662199733096086,2097152
39,189,B2_proxy_shared,256,256,projection,16,262144,0,64,262208,6955072,3.021380115658363,2097152
39,189,B2_proxy_shared,256,256,activation_ls,4,65536,4096,64,69696,6762560,2.937750222419929,2097152
39,189,B2_proxy_shared,256,256,activation_ls,8,131072,4096,64,135232,6828096,2.9662199733096086,2097152
39,189,B2_proxy_shared,256,256,activation_ls,16,262144,0,64,262208,6955072,3.021380115658363,2097152
39,189,B2_proxy_shared,512,512,projection,4,131072,8192,64,139328,6832192,2.9679993327402134,4194304
39,189,B2_proxy_shared,512,512,projection,8,262144,8192,64,270400,6963264,3.024938834519573,4194304
39,189,B2_proxy_shared,512,512,projection,16,524288,0,64,524352,7217216,3.135259119217082,4194304
39,189,B2_proxy_shared,512,512,activation_ls,4,131072,8192,64,139328,6832192,2.9679993327402134,4194304
39,189,B2_proxy_shared,512,512,activation_ls,8,262144,8192,64,270400,6963264,3.024938834519573,4194304
39,189,B2_proxy_shared,512,512,activation_ls,16,524288,0,64,524352,7217216,3.135259119217082,4194304
39,189,B3_action_cluster_4,32,32,projection,4,8192,512,64,8768,6701632,2.9112822508896796,1048576
39,189,B3_action_cluster_4,32,32,projection,8,16384,512,64,16960,6709824,2.9148409697508897,1048576
39,189,B3_action_cluster_4,32,32,projection,16,32768,0,64,32832,6725696,2.921735987544484,1048576
39,189,B3_action_cluster_4,32,32,activation_ls,4,8192,512,64,8768,6701632,2.9112822508896796,1048576
39,189,B3_action_cluster_4,32,32,activation_ls,8,16384,512,64,16960,6709824,2.9148409697508897,1048576
39,189,B3_action_cluster_4,32,32,activation_ls,16,32768,0,64,32832,6725696,2.921735987544484,1048576
39,189,B3_action_cluster_4,64,64,projection,4,16384,1024,64,17472,6710336,2.915063389679715,2097152
39,189,B3_action_cluster_4,64,64,projection,8,32768,1024,64,33856,6726720,2.9221808274021353,2097152
39,189,B3_action_cluster_4,64,64,projection,16,65536,0,64,65600,6758464,2.9359708629893237,2097152
39,189,B3_action_cluster_4,64,64,activation_ls,4,16384,1024,64,17472,6710336,2.915063389679715,2097152
39,189,B3_action_cluster_4,64,64,activation_ls,8,32768,1024,64,33856,6726720,2.9221808274021353,2097152
39,189,B3_action_cluster_4,64,64,activation_ls,16,65536,0,64,65600,6758464,2.9359708629893237,2097152
39,189,B3_action_cluster_4,128,128,projection,4,32768,2048,64,34880,6727744,2.9226256672597866,4194304
39,189,B3_action_cluster_4,128,128,projection,8,65536,2048,64,67648,6760512,2.9368605427046264,4194304
39,189,B3_action_cluster_4,128,128,projection,16,131072,0,64,131136,6824000,2.9644406138790034,4194304
39,189,B3_action_cluster_4,128,128,activation_ls,4,32768,2048,64,34880,6727744,2.9226256672597866,4194304
39,189,B3_action_cluster_4,128,128,activation_ls,8,65536,2048,64,67648,6760512,2.9368605427046264,4194304
39,189,B3_action_cluster_4,128,128,activation_ls,16,131072,0,64,131136,6824000,2.9644406138790034,4194304
39,189,B3_action_cluster_4,256,226,projection,4,57856,3616,64,61536,6754400,2.9342054048042705,7405568
39,189,B3_action_cluster_4,256,226,projection,8,115712,3616,64,119392,6812256,2.959338856761566,7405568
39,189,B3_action_cluster_4,256,226,projection,16,231424,0,64,231488,6924352,3.0080349199288254,7405568
39,189,B3_action_cluster_4,256,226,activation_ls,4,57856,3616,64,61536,6754400,2.9342054048042705,7405568
39,189,B3_action_cluster_4,256,226,activation_ls,8,115712,3616,64,119392,6812256,2.959338856761566,7405568
39,189,B3_action_cluster_4,256,226,activation_ls,16,231424,0,64,231488,6924352,3.0080349199288254,7405568
39,189,B3_action_cluster_4,512,226,projection,4,57856,3616,64,61536,6754400,2.9342054048042705,7405568
39,189,B3_action_cluster_4,512,226,projection,8,115712,3616,64,119392,6812256,2.959338856761566,7405568
39,189,B3_action_cluster_4,512,226,projection,16,231424,0,64,231488,6924352,3.0080349199288254,7405568
39,189,B3_action_cluster_4,512,226,activation_ls,4,57856,3616,64,61536,6754400,2.9342054048042705,7405568
39,189,B3_action_cluster_4,512,226,activation_ls,8,115712,3616,64,119392,6812256,2.959338856761566,7405568
39,189,B3_action_cluster_4,512,226,activation_ls,16,231424,0,64,231488,6924352,3.0080349199288254,7405568
39,189,B3_action_cluster_8,32,32,projection,4,8192,512,64,8768,6701632,2.9112822508896796,2097152
39,189,B3_action_cluster_8,32,32,projection,8,16384,512,64,16960,6709824,2.9148409697508897,2097152
39,189,B3_action_cluster_8,32,32,projection,16,32768,0,64,32832,6725696,2.921735987544484,2097152
39,189,B3_action_cluster_8,32,32,activation_ls,4,8192,512,64,8768,6701632,2.9112822508896796,2097152
39,189,B3_action_cluster_8,32,32,activation_ls,8,16384,512,64,16960,6709824,2.9148409697508897,2097152
39,189,B3_action_cluster_8,32,32,activation_ls,16,32768,0,64,32832,6725696,2.921735987544484,2097152
39,189,B3_action_cluster_8,64,64,projection,4,16384,1024,64,17472,6710336,2.915063389679715,4194304
39,189,B3_action_cluster_8,64,64,projection,8,32768,1024,64,33856,6726720,2.9221808274021353,4194304
39,189,B3_action_cluster_8,64,64,projection,16,65536,0,64,65600,6758464,2.9359708629893237,4194304
39,189,B3_action_cluster_8,64,64,activation_ls,4,16384,1024,64,17472,6710336,2.915063389679715,4194304
39,189,B3_action_cluster_8,64,64,activation_ls,8,32768,1024,64,33856,6726720,2.9221808274021353,4194304
39,189,B3_action_cluster_8,64,64,activation_ls,16,65536,0,64,65600,6758464,2.9359708629893237,4194304
39,189,B3_action_cluster_8,128,104,projection,4,26624,1664,64,28352,6721216,2.91978981316726,6815744
39,189,B3_action_cluster_8,128,104,projection,8,53248,1664,64,54976,6747840,2.9313556494661923,6815744
39,189,B3_action_cluster_8,128,104,projection,16,106496,0,64,106560,6799424,2.9537644572953736,6815744
39,189,B3_action_cluster_8,128,104,activation_ls,4,26624,1664,64,28352,6721216,2.91978981316726,6815744
39,189,B3_action_cluster_8,128,104,activation_ls,8,53248,1664,64,54976,6747840,2.9313556494661923,6815744
39,189,B3_action_cluster_8,128,104,activation_ls,16,106496,0,64,106560,6799424,2.9537644572953736,6815744
39,189,B3_action_cluster_8,256,104,projection,4,26624,1664,64,28352,6721216,2.91978981316726,6815744
39,189,B3_action_cluster_8,256,104,projection,8,53248,1664,64,54976,6747840,2.9313556494661923,6815744
39,189,B3_action_cluster_8,256,104,projection,16,106496,0,64,106560,6799424,2.9537644572953736,6815744
39,189,B3_action_cluster_8,256,104,activation_ls,4,26624,1664,64,28352,6721216,2.91978981316726,6815744
39,189,B3_action_cluster_8,256,104,activation_ls,8,53248,1664,64,54976,6747840,2.9313556494661923,6815744
39,189,B3_action_cluster_8,256,104,activation_ls,16,106496,0,64,106560,6799424,2.9537644572953736,6815744
39,189,B3_action_cluster_8,512,104,projection,4,26624,1664,64,28352,6721216,2.91978981316726,6815744
39,189,B3_action_cluster_8,512,104,projection,8,53248,1664,64,54976,6747840,2.9313556494661923,6815744
39,189,B3_action_cluster_8,512,104,projection,16,106496,0,64,106560,6799424,2.9537644572953736,6815744
39,189,B3_action_cluster_8,512,104,activation_ls,4,26624,1664,64,28352,6721216,2.91978981316726,6815744
39,189,B3_action_cluster_8,512,104,activation_ls,8,53248,1664,64,54976,6747840,2.9313556494661923,6815744
39,189,B3_action_cluster_8,512,104,activation_ls,16,106496,0,64,106560,6799424,2.9537644572953736,6815744
39,189,B4_per_expert_raw,32,32,projection,4,8192,512,64,8768,6701632,2.9112822508896796,3145728
39,189,B4_per_expert_raw,32,32,projection,8,16384,512,64,16960,6709824,2.9148409697508897,3145728
39,189,B4_per_expert_raw,32,32,projection,16,32768,0,64,32832,6725696,2.921735987544484,3145728
39,189,B4_per_expert_raw,32,32,activation_ls,4,8192,512,64,8768,6701632,2.9112822508896796,3145728
39,189,B4_per_expert_raw,32,32,activation_ls,8,16384,512,64,16960,6709824,2.9148409697508897,3145728
39,189,B4_per_expert_raw,32,32,activation_ls,16,32768,0,64,32832,6725696,2.921735987544484,3145728
39,189,B4_per_expert_raw,64,64,projection,4,16384,1024,64,17472,6710336,2.915063389679715,6291456
39,189,B4_per_expert_raw,64,64,projection,8,32768,1024,64,33856,6726720,2.9221808274021353,6291456
39,189,B4_per_expert_raw,64,64,projection,16,65536,0,64,65600,6758464,2.9359708629893237,6291456
39,189,B4_per_expert_raw,64,64,activation_ls,4,16384,1024,64,17472,6710336,2.915063389679715,6291456
39,189,B4_per_expert_raw,64,64,activation_ls,8,32768,1024,64,33856,6726720,2.9221808274021353,6291456
39,189,B4_per_expert_raw,64,64,activation_ls,16,65536,0,64,65600,6758464,2.9359708629893237,6291456
39,189,B4_per_expert_raw,128,128,projection,4,32768,2048,64,34880,6727744,2.9226256672597866,12582912
39,189,B4_per_expert_raw,128,128,projection,8,65536,2048,64,67648,6760512,2.9368605427046264,12582912
39,189,B4_per_expert_raw,128,128,projection,16,131072,0,64,131136,6824000,2.9644406138790034,12582912
39,189,B4_per_expert_raw,128,128,activation_ls,4,32768,2048,64,34880,6727744,2.9226256672597866,12582912
39,189,B4_per_expert_raw,128,128,activation_ls,8,65536,2048,64,67648,6760512,2.9368605427046264,12582912
39,189,B4_per_expert_raw,128,128,activation_ls,16,131072,0,64,131136,6824000,2.9644406138790034,12582912
39,189,B4_per_expert_raw,256,256,projection,4,65536,4096,64,69696,6762560,2.937750222419929,25165824
39,189,B4_per_expert_raw,256,256,projection,8,131072,4096,64,135232,6828096,2.9662199733096086,25165824
39,189,B4_per_expert_raw,256,256,projection,16,262144,0,64,262208,6955072,3.021380115658363,25165824
39,189,B4_per_expert_raw,256,256,activation_ls,4,65536,4096,64,69696,6762560,2.937750222419929,25165824
39,189,B4_per_expert_raw,256,256,activation_ls,8,131072,4096,64,135232,6828096,2.9662199733096086,25165824
39,189,B4_per_expert_raw,256,256,activation_ls,16,262144,0,64,262208,6955072,3.021380115658363,25165824
39,189,B4_per_expert_raw,512,512,projection,4,131072,8192,64,139328,6832192,2.9679993327402134,50331648
39,189,B4_per_expert_raw,512,512,projection,8,262144,8192,64,270400,6963264,3.024938834519573,50331648
39,189,B4_per_expert_raw,512,512,projection,16,524288,0,64,524352,7217216,3.135259119217082,50331648
39,189,B4_per_expert_raw,512,512,activation_ls,4,131072,8192,64,139328,6832192,2.9679993327402134,50331648
39,189,B4_per_expert_raw,512,512,activation_ls,8,262144,8192,64,270400,6963264,3.024938834519573,50331648
39,189,B4_per_expert_raw,512,512,activation_ls,16,524288,0,64,524352,7217216,3.135259119217082,50331648
39,193,B0_raw_shared,32,32,projection,4,8192,512,64,8768,6701632,2.9112822508896796,262144
39,193,B0_raw_shared,32,32,projection,8,16384,512,64,16960,6709824,2.9148409697508897,262144
39,193,B0_raw_shared,32,32,projection,16,32768,0,64,32832,6725696,2.921735987544484,262144
39,193,B0_raw_shared,32,32,activation_ls,4,8192,512,64,8768,6701632,2.9112822508896796,262144
39,193,B0_raw_shared,32,32,activation_ls,8,16384,512,64,16960,6709824,2.9148409697508897,262144
39,193,B0_raw_shared,32,32,activation_ls,16,32768,0,64,32832,6725696,2.921735987544484,262144
39,193,B0_raw_shared,64,64,projection,4,16384,1024,64,17472,6710336,2.915063389679715,524288
39,193,B0_raw_shared,64,64,projection,8,32768,1024,64,33856,6726720,2.9221808274021353,524288
39,193,B0_raw_shared,64,64,projection,16,65536,0,64,65600,6758464,2.9359708629893237,524288
39,193,B0_raw_shared,64,64,activation_ls,4,16384,1024,64,17472,6710336,2.915063389679715,524288
39,193,B0_raw_shared,64,64,activation_ls,8,32768,1024,64,33856,6726720,2.9221808274021353,524288
39,193,B0_raw_shared,64,64,activation_ls,16,65536,0,64,65600,6758464,2.9359708629893237,524288
39,193,B0_raw_shared,128,128,projection,4,32768,2048,64,34880,6727744,2.9226256672597866,1048576
39,193,B0_raw_shared,128,128,projection,8,65536,2048,64,67648,6760512,2.9368605427046264,1048576
39,193,B0_raw_shared,128,128,projection,16,131072,0,64,131136,6824000,2.9644406138790034,1048576
39,193,B0_raw_shared,128,128,activation_ls,4,32768,2048,64,34880,6727744,2.9226256672597866,1048576
39,193,B0_raw_shared,128,128,activation_ls,8,65536,2048,64,67648,6760512,2.9368605427046264,1048576
39,193,B0_raw_shared,128,128,activation_ls,16,131072,0,64,131136,6824000,2.9644406138790034,1048576
39,193,B0_raw_shared,256,256,projection,4,65536,4096,64,69696,6762560,2.937750222419929,2097152
39,193,B0_raw_shared,256,256,projection,8,131072,4096,64,135232,6828096,2.9662199733096086,2097152
39,193,B0_raw_shared,256,256,projection,16,262144,0,64,262208,6955072,3.021380115658363,2097152
39,193,B0_raw_shared,256,256,activation_ls,4,65536,4096,64,69696,6762560,2.937750222419929,2097152
39,193,B0_raw_shared,256,256,activation_ls,8,131072,4096,64,135232,6828096,2.9662199733096086,2097152
39,193,B0_raw_shared,256,256,activation_ls,16,262144,0,64,262208,6955072,3.021380115658363,2097152
39,193,B0_raw_shared,512,512,projection,4,131072,8192,64,139328,6832192,2.9679993327402134,4194304
39,193,B0_raw_shared,512,512,projection,8,262144,8192,64,270400,6963264,3.024938834519573,4194304
39,193,B0_raw_shared,512,512,projection,16,524288,0,64,524352,7217216,3.135259119217082,4194304
39,193,B0_raw_shared,512,512,activation_ls,4,131072,8192,64,139328,6832192,2.9679993327402134,4194304
39,193,B0_raw_shared,512,512,activation_ls,8,262144,8192,64,270400,6963264,3.024938834519573,4194304
39,193,B0_raw_shared,512,512,activation_ls,16,524288,0,64,524352,7217216,3.135259119217082,4194304
39,193,B1_action_shared,32,32,projection,4,8192,512,64,8768,6701632,2.9112822508896796,262144
39,193,B1_action_shared,32,32,projection,8,16384,512,64,16960,6709824,2.9148409697508897,262144
39,193,B1_action_shared,32,32,projection,16,32768,0,64,32832,6725696,2.921735987544484,262144
39,193,B1_action_shared,32,32,activation_ls,4,8192,512,64,8768,6701632,2.9112822508896796,262144
39,193,B1_action_shared,32,32,activation_ls,8,16384,512,64,16960,6709824,2.9148409697508897,262144
39,193,B1_action_shared,32,32,activation_ls,16,32768,0,64,32832,6725696,2.921735987544484,262144
39,193,B1_action_shared,64,64,projection,4,16384,1024,64,17472,6710336,2.915063389679715,524288
39,193,B1_action_shared,64,64,projection,8,32768,1024,64,33856,6726720,2.9221808274021353,524288
39,193,B1_action_shared,64,64,projection,16,65536,0,64,65600,6758464,2.9359708629893237,524288
39,193,B1_action_shared,64,64,activation_ls,4,16384,1024,64,17472,6710336,2.915063389679715,524288
39,193,B1_action_shared,64,64,activation_ls,8,32768,1024,64,33856,6726720,2.9221808274021353,524288
39,193,B1_action_shared,64,64,activation_ls,16,65536,0,64,65600,6758464,2.9359708629893237,524288
39,193,B1_action_shared,128,128,projection,4,32768,2048,64,34880,6727744,2.9226256672597866,1048576
39,193,B1_action_shared,128,128,projection,8,65536,2048,64,67648,6760512,2.9368605427046264,1048576
39,193,B1_action_shared,128,128,projection,16,131072,0,64,131136,6824000,2.9644406138790034,1048576
39,193,B1_action_shared,128,128,activation_ls,4,32768,2048,64,34880,6727744,2.9226256672597866,1048576
39,193,B1_action_shared,128,128,activation_ls,8,65536,2048,64,67648,6760512,2.9368605427046264,1048576
39,193,B1_action_shared,128,128,activation_ls,16,131072,0,64,131136,6824000,2.9644406138790034,1048576
39,193,B1_action_shared,256,256,projection,4,65536,4096,64,69696,6762560,2.937750222419929,2097152
39,193,B1_action_shared,256,256,projection,8,131072,4096,64,135232,6828096,2.9662199733096086,2097152
39,193,B1_action_shared,256,256,projection,16,262144,0,64,262208,6955072,3.021380115658363,2097152
39,193,B1_action_shared,256,256,activation_ls,4,65536,4096,64,69696,6762560,2.937750222419929,2097152
39,193,B1_action_shared,256,256,activation_ls,8,131072,4096,64,135232,6828096,2.9662199733096086,2097152
39,193,B1_action_shared,256,256,activation_ls,16,262144,0,64,262208,6955072,3.021380115658363,2097152
39,193,B1_action_shared,512,512,projection,4,131072,8192,64,139328,6832192,2.9679993327402134,4194304
39,193,B1_action_shared,512,512,projection,8,262144,8192,64,270400,6963264,3.024938834519573,4194304
39,193,B1_action_shared,512,512,projection,16,524288,0,64,524352,7217216,3.135259119217082,4194304
39,193,B1_action_shared,512,512,activation_ls,4,131072,8192,64,139328,6832192,2.9679993327402134,4194304
39,193,B1_action_shared,512,512,activation_ls,8,262144,8192,64,270400,6963264,3.024938834519573,4194304
39,193,B1_action_shared,512,512,activation_ls,16,524288,0,64,524352,7217216,3.135259119217082,4194304
39,193,B2_proxy_shared,32,32,projection,4,8192,512,64,8768,6701632,2.9112822508896796,262144
39,193,B2_proxy_shared,32,32,projection,8,16384,512,64,16960,6709824,2.9148409697508897,262144
39,193,B2_proxy_shared,32,32,projection,16,32768,0,64,32832,6725696,2.921735987544484,262144
39,193,B2_proxy_shared,32,32,activation_ls,4,8192,512,64,8768,6701632,2.9112822508896796,262144
39,193,B2_proxy_shared,32,32,activation_ls,8,16384,512,64,16960,6709824,2.9148409697508897,262144
39,193,B2_proxy_shared,32,32,activation_ls,16,32768,0,64,32832,6725696,2.921735987544484,262144
39,193,B2_proxy_shared,64,64,projection,4,16384,1024,64,17472,6710336,2.915063389679715,524288
39,193,B2_proxy_shared,64,64,projection,8,32768,1024,64,33856,6726720,2.9221808274021353,524288
39,193,B2_proxy_shared,64,64,projection,16,65536,0,64,65600,6758464,2.9359708629893237,524288
39,193,B2_proxy_shared,64,64,activation_ls,4,16384,1024,64,17472,6710336,2.915063389679715,524288
39,193,B2_proxy_shared,64,64,activation_ls,8,32768,1024,64,33856,6726720,2.9221808274021353,524288
39,193,B2_proxy_shared,64,64,activation_ls,16,65536,0,64,65600,6758464,2.9359708629893237,524288
39,193,B2_proxy_shared,128,128,projection,4,32768,2048,64,34880,6727744,2.9226256672597866,1048576
39,193,B2_proxy_shared,128,128,projection,8,65536,2048,64,67648,6760512,2.9368605427046264,1048576
39,193,B2_proxy_shared,128,128,projection,16,131072,0,64,131136,6824000,2.9644406138790034,1048576
39,193,B2_proxy_shared,128,128,activation_ls,4,32768,2048,64,34880,6727744,2.9226256672597866,1048576
39,193,B2_proxy_shared,128,128,activation_ls,8,65536,2048,64,67648,6760512,2.9368605427046264,1048576
39,193,B2_proxy_shared,128,128,activation_ls,16,131072,0,64,131136,6824000,2.9644406138790034,1048576
39,193,B2_proxy_shared,256,256,projection,4,65536,4096,64,69696,6762560,2.937750222419929,2097152
39,193,B2_proxy_shared,256,256,projection,8,131072,4096,64,135232,6828096,2.9662199733096086,2097152
39,193,B2_proxy_shared,256,256,projection,16,262144,0,64,262208,6955072,3.021380115658363,2097152
39,193,B2_proxy_shared,256,256,activation_ls,4,65536,4096,64,69696,6762560,2.937750222419929,2097152
39,193,B2_proxy_shared,256,256,activation_ls,8,131072,4096,64,135232,6828096,2.9662199733096086,2097152
39,193,B2_proxy_shared,256,256,activation_ls,16,262144,0,64,262208,6955072,3.021380115658363,2097152
39,193,B2_proxy_shared,512,512,projection,4,131072,8192,64,139328,6832192,2.9679993327402134,4194304
39,193,B2_proxy_shared,512,512,projection,8,262144,8192,64,270400,6963264,3.024938834519573,4194304
39,193,B2_proxy_shared,512,512,projection,16,524288,0,64,524352,7217216,3.135259119217082,4194304
39,193,B2_proxy_shared,512,512,activation_ls,4,131072,8192,64,139328,6832192,2.9679993327402134,4194304
39,193,B2_proxy_shared,512,512,activation_ls,8,262144,8192,64,270400,6963264,3.024938834519573,4194304
39,193,B2_proxy_shared,512,512,activation_ls,16,524288,0,64,524352,7217216,3.135259119217082,4194304
39,193,B3_action_cluster_4,32,22,projection,4,5632,352,64,6048,6698912,2.9101006450177938,720896
39,193,B3_action_cluster_4,32,22,projection,8,11264,352,64,11680,6704544,2.9125472642348753,720896
39,193,B3_action_cluster_4,32,22,projection,16,22528,0,64,22592,6715456,2.9172875889679717,720896
39,193,B3_action_cluster_4,32,22,activation_ls,4,5632,352,64,6048,6698912,2.9101006450177938,720896
39,193,B3_action_cluster_4,32,22,activation_ls,8,11264,352,64,11680,6704544,2.9125472642348753,720896
39,193,B3_action_cluster_4,32,22,activation_ls,16,22528,0,64,22592,6715456,2.9172875889679717,720896
39,193,B3_action_cluster_4,64,22,projection,4,5632,352,64,6048,6698912,2.9101006450177938,720896
39,193,B3_action_cluster_4,64,22,projection,8,11264,352,64,11680,6704544,2.9125472642348753,720896
39,193,B3_action_cluster_4,64,22,projection,16,22528,0,64,22592,6715456,2.9172875889679717,720896
39,193,B3_action_cluster_4,64,22,activation_ls,4,5632,352,64,6048,6698912,2.9101006450177938,720896
39,193,B3_action_cluster_4,64,22,activation_ls,8,11264,352,64,11680,6704544,2.9125472642348753,720896
39,193,B3_action_cluster_4,64,22,activation_ls,16,22528,0,64,22592,6715456,2.9172875889679717,720896
39,193,B3_action_cluster_4,128,22,projection,4,5632,352,64,6048,6698912,2.9101006450177938,720896
39,193,B3_action_cluster_4,128,22,projection,8,11264,352,64,11680,6704544,2.9125472642348753,720896
39,193,B3_action_cluster_4,128,22,projection,16,22528,0,64,22592,6715456,2.9172875889679717,720896
39,193,B3_action_cluster_4,128,22,activation_ls,4,5632,352,64,6048,6698912,2.9101006450177938,720896
39,193,B3_action_cluster_4,128,22,activation_ls,8,11264,352,64,11680,6704544,2.9125472642348753,720896
39,193,B3_action_cluster_4,128,22,activation_ls,16,22528,0,64,22592,6715456,2.9172875889679717,720896
39,193,B3_action_cluster_4,256,22,projection,4,5632,352,64,6048,6698912,2.9101006450177938,720896
39,193,B3_action_cluster_4,256,22,projection,8,11264,352,64,11680,6704544,2.9125472642348753,720896
39,193,B3_action_cluster_4,256,22,projection,16,22528,0,64,22592,6715456,2.9172875889679717,720896
39,193,B3_action_cluster_4,256,22,activation_ls,4,5632,352,64,6048,6698912,2.9101006450177938,720896
39,193,B3_action_cluster_4,256,22,activation_ls,8,11264,352,64,11680,6704544,2.9125472642348753,720896
39,193,B3_action_cluster_4,256,22,activation_ls,16,22528,0,64,22592,6715456,2.9172875889679717,720896
39,193,B3_action_cluster_4,512,22,projection,4,5632,352,64,6048,6698912,2.9101006450177938,720896
39,193,B3_action_cluster_4,512,22,projection,8,11264,352,64,11680,6704544,2.9125472642348753,720896
39,193,B3_action_cluster_4,512,22,projection,16,22528,0,64,22592,6715456,2.9172875889679717,720896
39,193,B3_action_cluster_4,512,22,activation_ls,4,5632,352,64,6048,6698912,2.9101006450177938,720896
39,193,B3_action_cluster_4,512,22,activation_ls,8,11264,352,64,11680,6704544,2.9125472642348753,720896
39,193,B3_action_cluster_4,512,22,activation_ls,16,22528,0,64,22592,6715456,2.9172875889679717,720896
39,193,B3_action_cluster_8,32,22,projection,4,5632,352,64,6048,6698912,2.9101006450177938,1441792
39,193,B3_action_cluster_8,32,22,projection,8,11264,352,64,11680,6704544,2.9125472642348753,1441792
39,193,B3_action_cluster_8,32,22,projection,16,22528,0,64,22592,6715456,2.9172875889679717,1441792
39,193,B3_action_cluster_8,32,22,activation_ls,4,5632,352,64,6048,6698912,2.9101006450177938,1441792
39,193,B3_action_cluster_8,32,22,activation_ls,8,11264,352,64,11680,6704544,2.9125472642348753,1441792
39,193,B3_action_cluster_8,32,22,activation_ls,16,22528,0,64,22592,6715456,2.9172875889679717,1441792
39,193,B3_action_cluster_8,64,22,projection,4,5632,352,64,6048,6698912,2.9101006450177938,1441792
39,193,B3_action_cluster_8,64,22,projection,8,11264,352,64,11680,6704544,2.9125472642348753,1441792
39,193,B3_action_cluster_8,64,22,projection,16,22528,0,64,22592,6715456,2.9172875889679717,1441792
39,193,B3_action_cluster_8,64,22,activation_ls,4,5632,352,64,6048,6698912,2.9101006450177938,1441792
39,193,B3_action_cluster_8,64,22,activation_ls,8,11264,352,64,11680,6704544,2.9125472642348753,1441792
39,193,B3_action_cluster_8,64,22,activation_ls,16,22528,0,64,22592,6715456,2.9172875889679717,1441792
39,193,B3_action_cluster_8,128,22,projection,4,5632,352,64,6048,6698912,2.9101006450177938,1441792
39,193,B3_action_cluster_8,128,22,projection,8,11264,352,64,11680,6704544,2.9125472642348753,1441792
39,193,B3_action_cluster_8,128,22,projection,16,22528,0,64,22592,6715456,2.9172875889679717,1441792
39,193,B3_action_cluster_8,128,22,activation_ls,4,5632,352,64,6048,6698912,2.9101006450177938,1441792
39,193,B3_action_cluster_8,128,22,activation_ls,8,11264,352,64,11680,6704544,2.9125472642348753,1441792
39,193,B3_action_cluster_8,128,22,activation_ls,16,22528,0,64,22592,6715456,2.9172875889679717,1441792
39,193,B3_action_cluster_8,256,22,projection,4,5632,352,64,6048,6698912,2.9101006450177938,1441792
39,193,B3_action_cluster_8,256,22,projection,8,11264,352,64,11680,6704544,2.9125472642348753,1441792
39,193,B3_action_cluster_8,256,22,projection,16,22528,0,64,22592,6715456,2.9172875889679717,1441792
39,193,B3_action_cluster_8,256,22,activation_ls,4,5632,352,64,6048,6698912,2.9101006450177938,1441792
39,193,B3_action_cluster_8,256,22,activation_ls,8,11264,352,64,11680,6704544,2.9125472642348753,1441792
39,193,B3_action_cluster_8,256,22,activation_ls,16,22528,0,64,22592,6715456,2.9172875889679717,1441792
39,193,B3_action_cluster_8,512,22,projection,4,5632,352,64,6048,6698912,2.9101006450177938,1441792
39,193,B3_action_cluster_8,512,22,projection,8,11264,352,64,11680,6704544,2.9125472642348753,1441792
39,193,B3_action_cluster_8,512,22,projection,16,22528,0,64,22592,6715456,2.9172875889679717,1441792
39,193,B3_action_cluster_8,512,22,activation_ls,4,5632,352,64,6048,6698912,2.9101006450177938,1441792
39,193,B3_action_cluster_8,512,22,activation_ls,8,11264,352,64,11680,6704544,2.9125472642348753,1441792
39,193,B3_action_cluster_8,512,22,activation_ls,16,22528,0,64,22592,6715456,2.9172875889679717,1441792
39,193,B4_per_expert_raw,32,32,projection,4,8192,512,64,8768,6701632,2.9112822508896796,3145728
39,193,B4_per_expert_raw,32,32,projection,8,16384,512,64,16960,6709824,2.9148409697508897,3145728
39,193,B4_per_expert_raw,32,32,projection,16,32768,0,64,32832,6725696,2.921735987544484,3145728
39,193,B4_per_expert_raw,32,32,activation_ls,4,8192,512,64,8768,6701632,2.9112822508896796,3145728
39,193,B4_per_expert_raw,32,32,activation_ls,8,16384,512,64,16960,6709824,2.9148409697508897,3145728
39,193,B4_per_expert_raw,32,32,activation_ls,16,32768,0,64,32832,6725696,2.921735987544484,3145728
39,193,B4_per_expert_raw,64,64,projection,4,16384,1024,64,17472,6710336,2.915063389679715,6291456
39,193,B4_per_expert_raw,64,64,projection,8,32768,1024,64,33856,6726720,2.9221808274021353,6291456
39,193,B4_per_expert_raw,64,64,projection,16,65536,0,64,65600,6758464,2.9359708629893237,6291456
39,193,B4_per_expert_raw,64,64,activation_ls,4,16384,1024,64,17472,6710336,2.915063389679715,6291456
39,193,B4_per_expert_raw,64,64,activation_ls,8,32768,1024,64,33856,6726720,2.9221808274021353,6291456
39,193,B4_per_expert_raw,64,64,activation_ls,16,65536,0,64,65600,6758464,2.9359708629893237,6291456
39,193,B4_per_expert_raw,128,128,projection,4,32768,2048,64,34880,6727744,2.9226256672597866,12582912
39,193,B4_per_expert_raw,128,128,projection,8,65536,2048,64,67648,6760512,2.9368605427046264,12582912
39,193,B4_per_expert_raw,128,128,projection,16,131072,0,64,131136,6824000,2.9644406138790034,12582912
39,193,B4_per_expert_raw,128,128,activation_ls,4,32768,2048,64,34880,6727744,2.9226256672597866,12582912
39,193,B4_per_expert_raw,128,128,activation_ls,8,65536,2048,64,67648,6760512,2.9368605427046264,12582912
39,193,B4_per_expert_raw,128,128,activation_ls,16,131072,0,64,131136,6824000,2.9644406138790034,12582912
39,193,B4_per_expert_raw,256,256,projection,4,65536,4096,64,69696,6762560,2.937750222419929,25165824
39,193,B4_per_expert_raw,256,256,projection,8,131072,4096,64,135232,6828096,2.9662199733096086,25165824
39,193,B4_per_expert_raw,256,256,projection,16,262144,0,64,262208,6955072,3.021380115658363,25165824
39,193,B4_per_expert_raw,256,256,activation_ls,4,65536,4096,64,69696,6762560,2.937750222419929,25165824
39,193,B4_per_expert_raw,256,256,activation_ls,8,131072,4096,64,135232,6828096,2.9662199733096086,25165824
39,193,B4_per_expert_raw,256,256,activation_ls,16,262144,0,64,262208,6955072,3.021380115658363,25165824
39,193,B4_per_expert_raw,512,512,projection,4,131072,8192,64,139328,6832192,2.9679993327402134,50331648
39,193,B4_per_expert_raw,512,512,projection,8,262144,8192,64,270400,6963264,3.024938834519573,50331648
39,193,B4_per_expert_raw,512,512,projection,16,524288,0,64,524352,7217216,3.135259119217082,50331648
39,193,B4_per_expert_raw,512,512,activation_ls,4,131072,8192,64,139328,6832192,2.9679993327402134,50331648
39,193,B4_per_expert_raw,512,512,activation_ls,8,262144,8192,64,270400,6963264,3.024938834519573,50331648
39,193,B4_per_expert_raw,512,512,activation_ls,16,524288,0,64,524352,7217216,3.135259119217082,50331648
39,235,B0_raw_shared,32,32,projection,4,8192,512,64,8768,6701632,2.9112822508896796,262144
39,235,B0_raw_shared,32,32,projection,8,16384,512,64,16960,6709824,2.9148409697508897,262144
39,235,B0_raw_shared,32,32,projection,16,32768,0,64,32832,6725696,2.921735987544484,262144
39,235,B0_raw_shared,32,32,activation_ls,4,8192,512,64,8768,6701632,2.9112822508896796,262144
39,235,B0_raw_shared,32,32,activation_ls,8,16384,512,64,16960,6709824,2.9148409697508897,262144
39,235,B0_raw_shared,32,32,activation_ls,16,32768,0,64,32832,6725696,2.921735987544484,262144
39,235,B0_raw_shared,64,64,projection,4,16384,1024,64,17472,6710336,2.915063389679715,524288
39,235,B0_raw_shared,64,64,projection,8,32768,1024,64,33856,6726720,2.9221808274021353,524288
39,235,B0_raw_shared,64,64,projection,16,65536,0,64,65600,6758464,2.9359708629893237,524288
39,235,B0_raw_shared,64,64,activation_ls,4,16384,1024,64,17472,6710336,2.915063389679715,524288
39,235,B0_raw_shared,64,64,activation_ls,8,32768,1024,64,33856,6726720,2.9221808274021353,524288
39,235,B0_raw_shared,64,64,activation_ls,16,65536,0,64,65600,6758464,2.9359708629893237,524288
39,235,B0_raw_shared,128,128,projection,4,32768,2048,64,34880,6727744,2.9226256672597866,1048576
39,235,B0_raw_shared,128,128,projection,8,65536,2048,64,67648,6760512,2.9368605427046264,1048576
39,235,B0_raw_shared,128,128,projection,16,131072,0,64,131136,6824000,2.9644406138790034,1048576
39,235,B0_raw_shared,128,128,activation_ls,4,32768,2048,64,34880,6727744,2.9226256672597866,1048576
39,235,B0_raw_shared,128,128,activation_ls,8,65536,2048,64,67648,6760512,2.9368605427046264,1048576
39,235,B0_raw_shared,128,128,activation_ls,16,131072,0,64,131136,6824000,2.9644406138790034,1048576
39,235,B0_raw_shared,256,256,projection,4,65536,4096,64,69696,6762560,2.937750222419929,2097152
39,235,B0_raw_shared,256,256,projection,8,131072,4096,64,135232,6828096,2.9662199733096086,2097152
39,235,B0_raw_shared,256,256,projection,16,262144,0,64,262208,6955072,3.021380115658363,2097152
39,235,B0_raw_shared,256,256,activation_ls,4,65536,4096,64,69696,6762560,2.937750222419929,2097152
39,235,B0_raw_shared,256,256,activation_ls,8,131072,4096,64,135232,6828096,2.9662199733096086,2097152
39,235,B0_raw_shared,256,256,activation_ls,16,262144,0,64,262208,6955072,3.021380115658363,2097152
39,235,B0_raw_shared,512,512,projection,4,131072,8192,64,139328,6832192,2.9679993327402134,4194304
39,235,B0_raw_shared,512,512,projection,8,262144,8192,64,270400,6963264,3.024938834519573,4194304
39,235,B0_raw_shared,512,512,projection,16,524288,0,64,524352,7217216,3.135259119217082,4194304
39,235,B0_raw_shared,512,512,activation_ls,4,131072,8192,64,139328,6832192,2.9679993327402134,4194304
39,235,B0_raw_shared,512,512,activation_ls,8,262144,8192,64,270400,6963264,3.024938834519573,4194304
39,235,B0_raw_shared,512,512,activation_ls,16,524288,0,64,524352,7217216,3.135259119217082,4194304
39,235,B1_action_shared,32,32,projection,4,8192,512,64,8768,6701632,2.9112822508896796,262144
39,235,B1_action_shared,32,32,projection,8,16384,512,64,16960,6709824,2.9148409697508897,262144
39,235,B1_action_shared,32,32,projection,16,32768,0,64,32832,6725696,2.921735987544484,262144
39,235,B1_action_shared,32,32,activation_ls,4,8192,512,64,8768,6701632,2.9112822508896796,262144
39,235,B1_action_shared,32,32,activation_ls,8,16384,512,64,16960,6709824,2.9148409697508897,262144
39,235,B1_action_shared,32,32,activation_ls,16,32768,0,64,32832,6725696,2.921735987544484,262144
39,235,B1_action_shared,64,64,projection,4,16384,1024,64,17472,6710336,2.915063389679715,524288
39,235,B1_action_shared,64,64,projection,8,32768,1024,64,33856,6726720,2.9221808274021353,524288
39,235,B1_action_shared,64,64,projection,16,65536,0,64,65600,6758464,2.9359708629893237,524288
39,235,B1_action_shared,64,64,activation_ls,4,16384,1024,64,17472,6710336,2.915063389679715,524288
39,235,B1_action_shared,64,64,activation_ls,8,32768,1024,64,33856,6726720,2.9221808274021353,524288
39,235,B1_action_shared,64,64,activation_ls,16,65536,0,64,65600,6758464,2.9359708629893237,524288
39,235,B1_action_shared,128,128,projection,4,32768,2048,64,34880,6727744,2.9226256672597866,1048576
39,235,B1_action_shared,128,128,projection,8,65536,2048,64,67648,6760512,2.9368605427046264,1048576
39,235,B1_action_shared,128,128,projection,16,131072,0,64,131136,6824000,2.9644406138790034,1048576
39,235,B1_action_shared,128,128,activation_ls,4,32768,2048,64,34880,6727744,2.9226256672597866,1048576
39,235,B1_action_shared,128,128,activation_ls,8,65536,2048,64,67648,6760512,2.9368605427046264,1048576
39,235,B1_action_shared,128,128,activation_ls,16,131072,0,64,131136,6824000,2.9644406138790034,1048576
39,235,B1_action_shared,256,256,projection,4,65536,4096,64,69696,6762560,2.937750222419929,2097152
39,235,B1_action_shared,256,256,projection,8,131072,4096,64,135232,6828096,2.9662199733096086,2097152
39,235,B1_action_shared,256,256,projection,16,262144,0,64,262208,6955072,3.021380115658363,2097152
39,235,B1_action_shared,256,256,activation_ls,4,65536,4096,64,69696,6762560,2.937750222419929,2097152
39,235,B1_action_shared,256,256,activation_ls,8,131072,4096,64,135232,6828096,2.9662199733096086,2097152
39,235,B1_action_shared,256,256,activation_ls,16,262144,0,64,262208,6955072,3.021380115658363,2097152
39,235,B1_action_shared,512,512,projection,4,131072,8192,64,139328,6832192,2.9679993327402134,4194304
39,235,B1_action_shared,512,512,projection,8,262144,8192,64,270400,6963264,3.024938834519573,4194304
39,235,B1_action_shared,512,512,projection,16,524288,0,64,524352,7217216,3.135259119217082,4194304
39,235,B1_action_shared,512,512,activation_ls,4,131072,8192,64,139328,6832192,2.9679993327402134,4194304
39,235,B1_action_shared,512,512,activation_ls,8,262144,8192,64,270400,6963264,3.024938834519573,4194304
39,235,B1_action_shared,512,512,activation_ls,16,524288,0,64,524352,7217216,3.135259119217082,4194304
39,235,B2_proxy_shared,32,32,projection,4,8192,512,64,8768,6701632,2.9112822508896796,262144
39,235,B2_proxy_shared,32,32,projection,8,16384,512,64,16960,6709824,2.9148409697508897,262144
39,235,B2_proxy_shared,32,32,projection,16,32768,0,64,32832,6725696,2.921735987544484,262144
39,235,B2_proxy_shared,32,32,activation_ls,4,8192,512,64,8768,6701632,2.9112822508896796,262144
39,235,B2_proxy_shared,32,32,activation_ls,8,16384,512,64,16960,6709824,2.9148409697508897,262144
39,235,B2_proxy_shared,32,32,activation_ls,16,32768,0,64,32832,6725696,2.921735987544484,262144
39,235,B2_proxy_shared,64,64,projection,4,16384,1024,64,17472,6710336,2.915063389679715,524288
39,235,B2_proxy_shared,64,64,projection,8,32768,1024,64,33856,6726720,2.9221808274021353,524288
39,235,B2_proxy_shared,64,64,projection,16,65536,0,64,65600,6758464,2.9359708629893237,524288
39,235,B2_proxy_shared,64,64,activation_ls,4,16384,1024,64,17472,6710336,2.915063389679715,524288
39,235,B2_proxy_shared,64,64,activation_ls,8,32768,1024,64,33856,6726720,2.9221808274021353,524288
39,235,B2_proxy_shared,64,64,activation_ls,16,65536,0,64,65600,6758464,2.9359708629893237,524288
39,235,B2_proxy_shared,128,128,projection,4,32768,2048,64,34880,6727744,2.9226256672597866,1048576
39,235,B2_proxy_shared,128,128,projection,8,65536,2048,64,67648,6760512,2.9368605427046264,1048576
39,235,B2_proxy_shared,128,128,projection,16,131072,0,64,131136,6824000,2.9644406138790034,1048576
39,235,B2_proxy_shared,128,128,activation_ls,4,32768,2048,64,34880,6727744,2.9226256672597866,1048576
39,235,B2_proxy_shared,128,128,activation_ls,8,65536,2048,64,67648,6760512,2.9368605427046264,1048576
39,235,B2_proxy_shared,128,128,activation_ls,16,131072,0,64,131136,6824000,2.9644406138790034,1048576
39,235,B2_proxy_shared,256,256,projection,4,65536,4096,64,69696,6762560,2.937750222419929,2097152
39,235,B2_proxy_shared,256,256,projection,8,131072,4096,64,135232,6828096,2.9662199733096086,2097152
39,235,B2_proxy_shared,256,256,projection,16,262144,0,64,262208,6955072,3.021380115658363,2097152
39,235,B2_proxy_shared,256,256,activation_ls,4,65536,4096,64,69696,6762560,2.937750222419929,2097152
39,235,B2_proxy_shared,256,256,activation_ls,8,131072,4096,64,135232,6828096,2.9662199733096086,2097152
39,235,B2_proxy_shared,256,256,activation_ls,16,262144,0,64,262208,6955072,3.021380115658363,2097152
39,235,B2_proxy_shared,512,512,projection,4,131072,8192,64,139328,6832192,2.9679993327402134,4194304
39,235,B2_proxy_shared,512,512,projection,8,262144,8192,64,270400,6963264,3.024938834519573,4194304
39,235,B2_proxy_shared,512,512,projection,16,524288,0,64,524352,7217216,3.135259119217082,4194304
39,235,B2_proxy_shared,512,512,activation_ls,4,131072,8192,64,139328,6832192,2.9679993327402134,4194304
39,235,B2_proxy_shared,512,512,activation_ls,8,262144,8192,64,270400,6963264,3.024938834519573,4194304
39,235,B2_proxy_shared,512,512,activation_ls,16,524288,0,64,524352,7217216,3.135259119217082,4194304
39,235,B3_action_cluster_4,32,32,projection,4,8192,512,64,8768,6701632,2.9112822508896796,1048576
39,235,B3_action_cluster_4,32,32,projection,8,16384,512,64,16960,6709824,2.9148409697508897,1048576
39,235,B3_action_cluster_4,32,32,projection,16,32768,0,64,32832,6725696,2.921735987544484,1048576
39,235,B3_action_cluster_4,32,32,activation_ls,4,8192,512,64,8768,6701632,2.9112822508896796,1048576
39,235,B3_action_cluster_4,32,32,activation_ls,8,16384,512,64,16960,6709824,2.9148409697508897,1048576
39,235,B3_action_cluster_4,32,32,activation_ls,16,32768,0,64,32832,6725696,2.921735987544484,1048576
39,235,B3_action_cluster_4,64,64,projection,4,16384,1024,64,17472,6710336,2.915063389679715,2097152
39,235,B3_action_cluster_4,64,64,projection,8,32768,1024,64,33856,6726720,2.9221808274021353,2097152
39,235,B3_action_cluster_4,64,64,projection,16,65536,0,64,65600,6758464,2.9359708629893237,2097152
39,235,B3_action_cluster_4,64,64,activation_ls,4,16384,1024,64,17472,6710336,2.915063389679715,2097152
39,235,B3_action_cluster_4,64,64,activation_ls,8,32768,1024,64,33856,6726720,2.9221808274021353,2097152
39,235,B3_action_cluster_4,64,64,activation_ls,16,65536,0,64,65600,6758464,2.9359708629893237,2097152
39,235,B3_action_cluster_4,128,128,projection,4,32768,2048,64,34880,6727744,2.9226256672597866,4194304
39,235,B3_action_cluster_4,128,128,projection,8,65536,2048,64,67648,6760512,2.9368605427046264,4194304
39,235,B3_action_cluster_4,128,128,projection,16,131072,0,64,131136,6824000,2.9644406138790034,4194304
39,235,B3_action_cluster_4,128,128,activation_ls,4,32768,2048,64,34880,6727744,2.9226256672597866,4194304
39,235,B3_action_cluster_4,128,128,activation_ls,8,65536,2048,64,67648,6760512,2.9368605427046264,4194304
39,235,B3_action_cluster_4,128,128,activation_ls,16,131072,0,64,131136,6824000,2.9644406138790034,4194304
39,235,B3_action_cluster_4,256,256,projection,4,65536,4096,64,69696,6762560,2.937750222419929,8388608
39,235,B3_action_cluster_4,256,256,projection,8,131072,4096,64,135232,6828096,2.9662199733096086,8388608
39,235,B3_action_cluster_4,256,256,projection,16,262144,0,64,262208,6955072,3.021380115658363,8388608
39,235,B3_action_cluster_4,256,256,activation_ls,4,65536,4096,64,69696,6762560,2.937750222419929,8388608
39,235,B3_action_cluster_4,256,256,activation_ls,8,131072,4096,64,135232,6828096,2.9662199733096086,8388608
39,235,B3_action_cluster_4,256,256,activation_ls,16,262144,0,64,262208,6955072,3.021380115658363,8388608
39,235,B3_action_cluster_4,512,315,projection,4,80640,5040,64,85744,6778608,2.944721697064057,10321920
39,235,B3_action_cluster_4,512,315,projection,8,161280,5040,64,166384,6859248,2.9797528358540926,10321920
39,235,B3_action_cluster_4,512,315,projection,16,322560,0,64,322624,7015488,3.0476256672597866,10321920
39,235,B3_action_cluster_4,512,315,activation_ls,4,80640,5040,64,85744,6778608,2.944721697064057,10321920
39,235,B3_action_cluster_4,512,315,activation_ls,8,161280,5040,64,166384,6859248,2.9797528358540926,10321920
39,235,B3_action_cluster_4,512,315,activation_ls,16,322560,0,64,322624,7015488,3.0476256672597866,10321920
39,235,B3_action_cluster_8,32,32,projection,4,8192,512,64,8768,6701632,2.9112822508896796,2097152
39,235,B3_action_cluster_8,32,32,projection,8,16384,512,64,16960,6709824,2.9148409697508897,2097152
39,235,B3_action_cluster_8,32,32,projection,16,32768,0,64,32832,6725696,2.921735987544484,2097152
39,235,B3_action_cluster_8,32,32,activation_ls,4,8192,512,64,8768,6701632,2.9112822508896796,2097152
39,235,B3_action_cluster_8,32,32,activation_ls,8,16384,512,64,16960,6709824,2.9148409697508897,2097152
39,235,B3_action_cluster_8,32,32,activation_ls,16,32768,0,64,32832,6725696,2.921735987544484,2097152
39,235,B3_action_cluster_8,64,64,projection,4,16384,1024,64,17472,6710336,2.915063389679715,4194304
39,235,B3_action_cluster_8,64,64,projection,8,32768,1024,64,33856,6726720,2.9221808274021353,4194304
39,235,B3_action_cluster_8,64,64,projection,16,65536,0,64,65600,6758464,2.9359708629893237,4194304
39,235,B3_action_cluster_8,64,64,activation_ls,4,16384,1024,64,17472,6710336,2.915063389679715,4194304
39,235,B3_action_cluster_8,64,64,activation_ls,8,32768,1024,64,33856,6726720,2.9221808274021353,4194304
39,235,B3_action_cluster_8,64,64,activation_ls,16,65536,0,64,65600,6758464,2.9359708629893237,4194304
39,235,B3_action_cluster_8,128,128,projection,4,32768,2048,64,34880,6727744,2.9226256672597866,8388608
39,235,B3_action_cluster_8,128,128,projection,8,65536,2048,64,67648,6760512,2.9368605427046264,8388608
39,235,B3_action_cluster_8,128,128,projection,16,131072,0,64,131136,6824000,2.9644406138790034,8388608
39,235,B3_action_cluster_8,128,128,activation_ls,4,32768,2048,64,34880,6727744,2.9226256672597866,8388608
39,235,B3_action_cluster_8,128,128,activation_ls,8,65536,2048,64,67648,6760512,2.9368605427046264,8388608
39,235,B3_action_cluster_8,128,128,activation_ls,16,131072,0,64,131136,6824000,2.9644406138790034,8388608
39,235,B3_action_cluster_8,256,256,projection,4,65536,4096,64,69696,6762560,2.937750222419929,16777216
39,235,B3_action_cluster_8,256,256,projection,8,131072,4096,64,135232,6828096,2.9662199733096086,16777216
39,235,B3_action_cluster_8,256,256,projection,16,262144,0,64,262208,6955072,3.021380115658363,16777216
39,235,B3_action_cluster_8,256,256,activation_ls,4,65536,4096,64,69696,6762560,2.937750222419929,16777216
39,235,B3_action_cluster_8,256,256,activation_ls,8,131072,4096,64,135232,6828096,2.9662199733096086,16777216
39,235,B3_action_cluster_8,256,256,activation_ls,16,262144,0,64,262208,6955072,3.021380115658363,16777216
39,235,B3_action_cluster_8,512,290,projection,4,74240,4640,64,78944,6771808,2.9417676823843415,19005440
39,235,B3_action_cluster_8,512,290,projection,8,148480,4640,64,153184,6846048,2.974018572064057,19005440
39,235,B3_action_cluster_8,512,290,projection,16,296960,0,64,297024,6989888,3.0365046708185055,19005440
39,235,B3_action_cluster_8,512,290,activation_ls,4,74240,4640,64,78944,6771808,2.9417676823843415,19005440
39,235,B3_action_cluster_8,512,290,activation_ls,8,148480,4640,64,153184,6846048,2.974018572064057,19005440
39,235,B3_action_cluster_8,512,290,activation_ls,16,296960,0,64,297024,6989888,3.0365046708185055,19005440
39,235,B4_per_expert_raw,32,32,projection,4,8192,512,64,8768,6701632,2.9112822508896796,3145728
39,235,B4_per_expert_raw,32,32,projection,8,16384,512,64,16960,6709824,2.9148409697508897,3145728
39,235,B4_per_expert_raw,32,32,projection,16,32768,0,64,32832,6725696,2.921735987544484,3145728
39,235,B4_per_expert_raw,32,32,activation_ls,4,8192,512,64,8768,6701632,2.9112822508896796,3145728
39,235,B4_per_expert_raw,32,32,activation_ls,8,16384,512,64,16960,6709824,2.9148409697508897,3145728
39,235,B4_per_expert_raw,32,32,activation_ls,16,32768,0,64,32832,6725696,2.921735987544484,3145728
39,235,B4_per_expert_raw,64,64,projection,4,16384,1024,64,17472,6710336,2.915063389679715,6291456
39,235,B4_per_expert_raw,64,64,projection,8,32768,1024,64,33856,6726720,2.9221808274021353,6291456
39,235,B4_per_expert_raw,64,64,projection,16,65536,0,64,65600,6758464,2.9359708629893237,6291456
39,235,B4_per_expert_raw,64,64,activation_ls,4,16384,1024,64,17472,6710336,2.915063389679715,6291456
39,235,B4_per_expert_raw,64,64,activation_ls,8,32768,1024,64,33856,6726720,2.9221808274021353,6291456
39,235,B4_per_expert_raw,64,64,activation_ls,16,65536,0,64,65600,6758464,2.9359708629893237,6291456
39,235,B4_per_expert_raw,128,128,projection,4,32768,2048,64,34880,6727744,2.9226256672597866,12582912
39,235,B4_per_expert_raw,128,128,projection,8,65536,2048,64,67648,6760512,2.9368605427046264,12582912
39,235,B4_per_expert_raw,128,128,projection,16,131072,0,64,131136,6824000,2.9644406138790034,12582912
39,235,B4_per_expert_raw,128,128,activation_ls,4,32768,2048,64,34880,6727744,2.9226256672597866,12582912
39,235,B4_per_expert_raw,128,128,activation_ls,8,65536,2048,64,67648,6760512,2.9368605427046264,12582912
39,235,B4_per_expert_raw,128,128,activation_ls,16,131072,0,64,131136,6824000,2.9644406138790034,12582912
39,235,B4_per_expert_raw,256,256,projection,4,65536,4096,64,69696,6762560,2.937750222419929,25165824
39,235,B4_per_expert_raw,256,256,projection,8,131072,4096,64,135232,6828096,2.9662199733096086,25165824
39,235,B4_per_expert_raw,256,256,projection,16,262144,0,64,262208,6955072,3.021380115658363,25165824
39,235,B4_per_expert_raw,256,256,activation_ls,4,65536,4096,64,69696,6762560,2.937750222419929,25165824
39,235,B4_per_expert_raw,256,256,activation_ls,8,131072,4096,64,135232,6828096,2.9662199733096086,25165824
39,235,B4_per_expert_raw,256,256,activation_ls,16,262144,0,64,262208,6955072,3.021380115658363,25165824
39,235,B4_per_expert_raw,512,512,projection,4,131072,8192,64,139328,6832192,2.9679993327402134,50331648
39,235,B4_per_expert_raw,512,512,projection,8,262144,8192,64,270400,6963264,3.024938834519573,50331648
39,235,B4_per_expert_raw,512,512,projection,16,524288,0,64,524352,7217216,3.135259119217082,50331648
39,235,B4_per_expert_raw,512,512,activation_ls,4,131072,8192,64,139328,6832192,2.9679993327402134,50331648
39,235,B4_per_expert_raw,512,512,activation_ls,8,262144,8192,64,270400,6963264,3.024938834519573,50331648
39,235,B4_per_expert_raw,512,512,activation_ls,16,524288,0,64,524352,7217216,3.135259119217082,50331648
