method,budget_bpw,layer,expert_id,expert_stratum,invocations,mean,median
independent_direct_generalized_native,0.75,0,1,median,4,0.4498835802078247,0.4347728192806244
independent_direct_generalized_native,0.75,0,8,cold,1,0.6079557538032532,0.6079557538032532
independent_direct_generalized_native,0.75,0,17,cold,4,0.4038463979959488,0.407039612531662
independent_direct_generalized_native,0.75,0,22,median,4,0.3884085863828659,0.33677244186401367
independent_direct_generalized_native,0.75,0,114,median,1,0.6260761022567749,0.6260761022567749
independent_direct_generalized_native,0.75,0,158,median,4,0.3976861834526062,0.40781325101852417
independent_direct_generalized_native,0.75,0,164,cold,3,0.5227403044700623,0.5220059752464294
independent_direct_generalized_native,0.75,0,181,hot,4,0.3701915442943573,0.3532579839229584
independent_direct_generalized_native,0.75,0,206,hot,4,0.46965543925762177,0.46712061762809753
independent_direct_generalized_native,0.75,0,238,hot,4,0.4452604502439499,0.39836516976356506
independent_direct_generalized_native,0.75,0,248,cold,4,0.36241790652275085,0.33433255553245544
independent_direct_generalized_native,0.75,0,252,hot,4,0.76689612865448,0.7724316716194153
independent_direct_generalized_native,0.75,4,28,hot,4,0.42175067961215973,0.4198301136493683
independent_direct_generalized_native,0.75,4,36,median,4,0.3308018445968628,0.333856463432312
independent_direct_generalized_native,0.75,4,82,median,4,0.4734503775835037,0.4882897436618805
independent_direct_generalized_native,0.75,4,111,cold,1,0.43448203802108765,0.43448203802108765
independent_direct_generalized_native,0.75,4,129,hot,4,0.4013364911079407,0.4176068902015686
independent_direct_generalized_native,0.75,4,134,hot,4,0.37866920232772827,0.3732755780220032
independent_direct_generalized_native,0.75,4,143,cold,1,0.342579185962677,0.342579185962677
independent_direct_generalized_native,0.75,4,154,hot,4,0.38478873670101166,0.38699275255203247
independent_direct_generalized_native,0.75,4,190,median,4,0.4647136330604553,0.42911821603775024
independent_direct_generalized_native,0.75,4,193,median,4,0.3371580243110657,0.345893919467926
independent_direct_generalized_native,0.75,20,30,cold,1,0.31661009788513184,0.31661009788513184
independent_direct_generalized_native,0.75,20,44,median,3,0.3658607006072998,0.346785306930542
independent_direct_generalized_native,0.75,20,45,median,1,0.30669480562210083,0.30669480562210083
independent_direct_generalized_native,0.75,20,72,hot,4,0.4317396581172943,0.4257730543613434
independent_direct_generalized_native,0.75,20,142,median,3,0.5310643911361694,0.537267804145813
independent_direct_generalized_native,0.75,20,148,hot,4,0.4420427680015564,0.44860032200813293
independent_direct_generalized_native,0.75,20,232,hot,4,0.48150308430194855,0.5052286684513092
independent_direct_generalized_native,0.75,20,240,hot,4,0.42629869282245636,0.41297709941864014
independent_direct_generalized_native,0.75,39,22,hot,4,0.3596319407224655,0.37657082080841064
independent_direct_generalized_native,0.75,39,37,median,4,0.49298784136772156,0.49878785014152527
independent_direct_generalized_native,0.75,39,43,cold,2,0.3094092905521393,0.3094092905521393
independent_direct_generalized_native,0.75,39,55,median,4,0.371575266122818,0.3717676103115082
independent_direct_generalized_native,0.75,39,70,hot,4,0.3389413356781006,0.34363478422164917
independent_direct_generalized_native,0.75,39,147,median,4,0.4533700495958328,0.4557788074016571
independent_direct_generalized_native,0.75,39,189,hot,4,0.38307352364063263,0.37055158615112305
independent_direct_generalized_native,0.75,39,193,median,4,0.46662437915802,0.45895496010780334
independent_direct_generalized_native,0.75,39,235,hot,4,0.3588815778493881,0.39595112204551697
independent_direct_generalized_native,1.0,0,1,median,4,0.4498835802078247,0.4347728192806244
independent_direct_generalized_native,1.0,0,8,cold,1,0.6079557538032532,0.6079557538032532
independent_direct_generalized_native,1.0,0,17,cold,4,0.4038463979959488,0.407039612531662
independent_direct_generalized_native,1.0,0,22,median,4,0.3884085863828659,0.33677244186401367
independent_direct_generalized_native,1.0,0,114,median,1,0.6260761022567749,0.6260761022567749
independent_direct_generalized_native,1.0,0,158,median,4,0.3976861834526062,0.40781325101852417
independent_direct_generalized_native,1.0,0,164,cold,3,0.5227403044700623,0.5220059752464294
independent_direct_generalized_native,1.0,0,181,hot,4,0.3701915442943573,0.3532579839229584
independent_direct_generalized_native,1.0,0,206,hot,4,0.46965543925762177,0.46712061762809753
independent_direct_generalized_native,1.0,0,238,hot,4,0.4452604502439499,0.39836516976356506
independent_direct_generalized_native,1.0,0,248,cold,4,0.36241790652275085,0.33433255553245544
independent_direct_generalized_native,1.0,0,252,hot,4,0.76689612865448,0.7724316716194153
independent_direct_generalized_native,1.0,4,28,hot,4,0.42175067961215973,0.4198301136493683
independent_direct_generalized_native,1.0,4,36,median,4,0.3308018445968628,0.333856463432312
independent_direct_generalized_native,1.0,4,82,median,4,0.4734503775835037,0.4882897436618805
independent_direct_generalized_native,1.0,4,111,cold,1,0.43448203802108765,0.43448203802108765
independent_direct_generalized_native,1.0,4,129,hot,4,0.4013364911079407,0.4176068902015686
independent_direct_generalized_native,1.0,4,134,hot,4,0.37866920232772827,0.3732755780220032
independent_direct_generalized_native,1.0,4,143,cold,1,0.342579185962677,0.342579185962677
independent_direct_generalized_native,1.0,4,154,hot,4,0.38478873670101166,0.38699275255203247
independent_direct_generalized_native,1.0,4,190,median,4,0.4647136330604553,0.42911821603775024
independent_direct_generalized_native,1.0,4,193,median,4,0.3371580243110657,0.345893919467926
independent_direct_generalized_native,1.0,20,30,cold,1,0.31661009788513184,0.31661009788513184
independent_direct_generalized_native,1.0,20,44,median,3,0.3658607006072998,0.346785306930542
independent_direct_generalized_native,1.0,20,45,median,1,0.30669480562210083,0.30669480562210083
independent_direct_generalized_native,1.0,20,72,hot,4,0.4317396581172943,0.4257730543613434
independent_direct_generalized_native,1.0,20,142,median,3,0.5310643911361694,0.537267804145813
independent_direct_generalized_native,1.0,20,148,hot,4,0.4420427680015564,0.44860032200813293
independent_direct_generalized_native,1.0,20,232,hot,4,0.48150308430194855,0.5052286684513092
independent_direct_generalized_native,1.0,20,240,hot,4,0.42629869282245636,0.41297709941864014
independent_direct_generalized_native,1.0,39,22,hot,4,0.3596319407224655,0.37657082080841064
independent_direct_generalized_native,1.0,39,37,median,4,0.49298784136772156,0.49878785014152527
independent_direct_generalized_native,1.0,39,43,cold,2,0.3094092905521393,0.3094092905521393
independent_direct_generalized_native,1.0,39,55,median,4,0.371575266122818,0.3717676103115082
independent_direct_generalized_native,1.0,39,70,hot,4,0.3389413356781006,0.34363478422164917
independent_direct_generalized_native,1.0,39,147,median,4,0.4533700495958328,0.4557788074016571
independent_direct_generalized_native,1.0,39,189,hot,4,0.38307352364063263,0.37055158615112305
independent_direct_generalized_native,1.0,39,193,median,4,0.46662437915802,0.45895496010780334
independent_direct_generalized_native,1.0,39,235,hot,4,0.3588815778493881,0.39595112204551697
independent_direct_generalized_native,1.25,0,1,median,4,0.4498835802078247,0.4347728192806244
independent_direct_generalized_native,1.25,0,8,cold,1,0.6079557538032532,0.6079557538032532
independent_direct_generalized_native,1.25,0,17,cold,4,0.4038463979959488,0.407039612531662
independent_direct_generalized_native,1.25,0,22,median,4,0.3884085863828659,0.33677244186401367
independent_direct_generalized_native,1.25,0,114,median,1,0.6260761022567749,0.6260761022567749
independent_direct_generalized_native,1.25,0,158,median,4,0.3976861834526062,0.40781325101852417
independent_direct_generalized_native,1.25,0,164,cold,3,0.5227403044700623,0.5220059752464294
independent_direct_generalized_native,1.25,0,181,hot,4,0.3701915442943573,0.3532579839229584
independent_direct_generalized_native,1.25,0,206,hot,4,0.46965543925762177,0.46712061762809753
independent_direct_generalized_native,1.25,0,238,hot,4,0.4452604502439499,0.39836516976356506
independent_direct_generalized_native,1.25,0,248,cold,4,0.36241790652275085,0.33433255553245544
independent_direct_generalized_native,1.25,0,252,hot,4,0.76689612865448,0.7724316716194153
independent_direct_generalized_native,1.25,4,28,hot,4,0.42175067961215973,0.4198301136493683
independent_direct_generalized_native,1.25,4,36,median,4,0.3308018445968628,0.333856463432312
independent_direct_generalized_native,1.25,4,82,median,4,0.4734503775835037,0.4882897436618805
independent_direct_generalized_native,1.25,4,111,cold,1,0.43448203802108765,0.43448203802108765
independent_direct_generalized_native,1.25,4,129,hot,4,0.4013364911079407,0.4176068902015686
independent_direct_generalized_native,1.25,4,134,hot,4,0.37866920232772827,0.3732755780220032
independent_direct_generalized_native,1.25,4,143,cold,1,0.342579185962677,0.342579185962677
independent_direct_generalized_native,1.25,4,154,hot,4,0.38478873670101166,0.38699275255203247
independent_direct_generalized_native,1.25,4,190,median,4,0.4647136330604553,0.42911821603775024
independent_direct_generalized_native,1.25,4,193,median,4,0.3371580243110657,0.345893919467926
independent_direct_generalized_native,1.25,20,30,cold,1,0.31661009788513184,0.31661009788513184
independent_direct_generalized_native,1.25,20,44,median,3,0.3658607006072998,0.346785306930542
independent_direct_generalized_native,1.25,20,45,median,1,0.30669480562210083,0.30669480562210083
independent_direct_generalized_native,1.25,20,72,hot,4,0.4317396581172943,0.4257730543613434
independent_direct_generalized_native,1.25,20,142,median,3,0.5310643911361694,0.537267804145813
independent_direct_generalized_native,1.25,20,148,hot,4,0.4420427680015564,0.44860032200813293
independent_direct_generalized_native,1.25,20,232,hot,4,0.48150308430194855,0.5052286684513092
independent_direct_generalized_native,1.25,20,240,hot,4,0.42629869282245636,0.41297709941864014
independent_direct_generalized_native,1.25,39,22,hot,4,0.3596319407224655,0.37657082080841064
independent_direct_generalized_native,1.25,39,37,median,4,0.49298784136772156,0.49878785014152527
independent_direct_generalized_native,1.25,39,43,cold,2,0.3094092905521393,0.3094092905521393
independent_direct_generalized_native,1.25,39,55,median,4,0.371575266122818,0.3717676103115082
independent_direct_generalized_native,1.25,39,70,hot,4,0.3389413356781006,0.34363478422164917
independent_direct_generalized_native,1.25,39,147,median,4,0.4533700495958328,0.4557788074016571
independent_direct_generalized_native,1.25,39,189,hot,4,0.38307352364063263,0.37055158615112305
independent_direct_generalized_native,1.25,39,193,median,4,0.46662437915802,0.45895496010780334
independent_direct_generalized_native,1.25,39,235,hot,4,0.3588815778493881,0.39595112204551697
independent_direct_generalized_native,1.5,0,1,median,4,0.5976240932941437,0.5765191912651062
independent_direct_generalized_native,1.5,0,8,cold,1,0.718070387840271,0.718070387840271
independent_direct_generalized_native,1.5,0,17,cold,4,0.6388493329286575,0.6280762851238251
independent_direct_generalized_native,1.5,0,22,median,4,0.6470730155706406,0.5969449877738953
independent_direct_generalized_native,1.5,0,114,median,1,0.8155653476715088,0.8155653476715088
independent_direct_generalized_native,1.5,0,158,median,4,0.7028915882110596,0.7013883590698242
independent_direct_generalized_native,1.5,0,164,cold,3,0.7149767478307089,0.7520168423652649
independent_direct_generalized_native,1.5,0,181,hot,4,0.7181872129440308,0.704075813293457
independent_direct_generalized_native,1.5,0,206,hot,4,0.7343829274177551,0.7302559614181519
independent_direct_generalized_native,1.5,0,238,hot,4,0.7271065562963486,0.7246826887130737
independent_direct_generalized_native,1.5,0,248,cold,4,0.6154141575098038,0.6185922026634216
independent_direct_generalized_native,1.5,0,252,hot,4,0.9132772535085678,0.9230596423149109
independent_direct_generalized_native,1.5,4,28,hot,4,0.6392188966274261,0.6742625534534454
independent_direct_generalized_native,1.5,4,36,median,4,0.5971013754606247,0.6134465038776398
independent_direct_generalized_native,1.5,4,82,median,4,0.7192934900522232,0.7302245795726776
independent_direct_generalized_native,1.5,4,111,cold,1,0.560623049736023,0.560623049736023
independent_direct_generalized_native,1.5,4,129,hot,4,0.6385162770748138,0.6411556601524353
independent_direct_generalized_native,1.5,4,134,hot,4,0.6394778937101364,0.6518593728542328
independent_direct_generalized_native,1.5,4,143,cold,1,0.5864835977554321,0.5864835977554321
independent_direct_generalized_native,1.5,4,154,hot,4,0.6579817086458206,0.6537964344024658
independent_direct_generalized_native,1.5,4,190,median,4,0.7618347853422165,0.7512940466403961
independent_direct_generalized_native,1.5,4,193,median,4,0.6304616630077362,0.6263708472251892
independent_direct_generalized_native,1.5,20,30,cold,1,0.4766795039176941,0.4766795039176941
independent_direct_generalized_native,1.5,20,44,median,3,0.6412067413330078,0.6822469234466553
independent_direct_generalized_native,1.5,20,45,median,1,0.590140163898468,0.590140163898468
independent_direct_generalized_native,1.5,20,72,hot,4,0.6751775443553925,0.6728927791118622
independent_direct_generalized_native,1.5,20,142,median,3,0.7100389202435812,0.7117497324943542
independent_direct_generalized_native,1.5,20,148,hot,4,0.7030245512723923,0.7107972502708435
independent_direct_generalized_native,1.5,20,232,hot,4,0.7278306633234024,0.7183370590209961
independent_direct_generalized_native,1.5,20,240,hot,4,0.6608693599700928,0.6560141146183014
independent_direct_generalized_native,1.5,39,22,hot,4,0.6306539475917816,0.6352483034133911
independent_direct_generalized_native,1.5,39,37,median,4,0.7205583155155182,0.7500315308570862
independent_direct_generalized_native,1.5,39,43,cold,2,0.5171168446540833,0.5171168446540833
independent_direct_generalized_native,1.5,39,55,median,4,0.5948075950145721,0.5858848094940186
independent_direct_generalized_native,1.5,39,70,hot,4,0.6507026553153992,0.6658503413200378
independent_direct_generalized_native,1.5,39,147,median,4,0.6937831044197083,0.6934787034988403
independent_direct_generalized_native,1.5,39,189,hot,4,0.6157041490077972,0.6011048257350922
independent_direct_generalized_native,1.5,39,193,median,4,0.6363774240016937,0.6421642005443573
independent_direct_generalized_native,1.5,39,235,hot,4,0.5907132923603058,0.5864385962486267
independent_direct_generalized_native,2.0,0,1,median,4,0.5976240932941437,0.5765191912651062
independent_direct_generalized_native,2.0,0,8,cold,1,0.718070387840271,0.718070387840271
independent_direct_generalized_native,2.0,0,17,cold,4,0.6388493329286575,0.6280762851238251
independent_direct_generalized_native,2.0,0,22,median,4,0.6470730155706406,0.5969449877738953
independent_direct_generalized_native,2.0,0,114,median,1,0.8155653476715088,0.8155653476715088
independent_direct_generalized_native,2.0,0,158,median,4,0.7028915882110596,0.7013883590698242
independent_direct_generalized_native,2.0,0,164,cold,3,0.7149767478307089,0.7520168423652649
independent_direct_generalized_native,2.0,0,181,hot,4,0.7181872129440308,0.704075813293457
independent_direct_generalized_native,2.0,0,206,hot,4,0.7343829274177551,0.7302559614181519
independent_direct_generalized_native,2.0,0,238,hot,4,0.7271065562963486,0.7246826887130737
independent_direct_generalized_native,2.0,0,248,cold,4,0.6154141575098038,0.6185922026634216
independent_direct_generalized_native,2.0,0,252,hot,4,0.9132772535085678,0.9230596423149109
independent_direct_generalized_native,2.0,4,28,hot,4,0.6392188966274261,0.6742625534534454
independent_direct_generalized_native,2.0,4,36,median,4,0.5971013754606247,0.6134465038776398
independent_direct_generalized_native,2.0,4,82,median,4,0.7192934900522232,0.7302245795726776
independent_direct_generalized_native,2.0,4,111,cold,1,0.560623049736023,0.560623049736023
independent_direct_generalized_native,2.0,4,129,hot,4,0.6385162770748138,0.6411556601524353
independent_direct_generalized_native,2.0,4,134,hot,4,0.6394778937101364,0.6518593728542328
independent_direct_generalized_native,2.0,4,143,cold,1,0.5864835977554321,0.5864835977554321
independent_direct_generalized_native,2.0,4,154,hot,4,0.6579817086458206,0.6537964344024658
independent_direct_generalized_native,2.0,4,190,median,4,0.7618347853422165,0.7512940466403961
independent_direct_generalized_native,2.0,4,193,median,4,0.6304616630077362,0.6263708472251892
independent_direct_generalized_native,2.0,20,30,cold,1,0.4766795039176941,0.4766795039176941
independent_direct_generalized_native,2.0,20,44,median,3,0.6412067413330078,0.6822469234466553
independent_direct_generalized_native,2.0,20,45,median,1,0.590140163898468,0.590140163898468
independent_direct_generalized_native,2.0,20,72,hot,4,0.6751775443553925,0.6728927791118622
independent_direct_generalized_native,2.0,20,142,median,3,0.7100389202435812,0.7117497324943542
independent_direct_generalized_native,2.0,20,148,hot,4,0.7030245512723923,0.7107972502708435
independent_direct_generalized_native,2.0,20,232,hot,4,0.7278306633234024,0.7183370590209961
independent_direct_generalized_native,2.0,20,240,hot,4,0.6608693599700928,0.6560141146183014
independent_direct_generalized_native,2.0,39,22,hot,4,0.6306539475917816,0.6352483034133911
independent_direct_generalized_native,2.0,39,37,median,4,0.7205583155155182,0.7500315308570862
independent_direct_generalized_native,2.0,39,43,cold,2,0.5171168446540833,0.5171168446540833
independent_direct_generalized_native,2.0,39,55,median,4,0.5948075950145721,0.5858848094940186
independent_direct_generalized_native,2.0,39,70,hot,4,0.6507026553153992,0.6658503413200378
independent_direct_generalized_native,2.0,39,147,median,4,0.6937831044197083,0.6934787034988403
independent_direct_generalized_native,2.0,39,189,hot,4,0.6157041490077972,0.6011048257350922
independent_direct_generalized_native,2.0,39,193,median,4,0.6363774240016937,0.6421642005443573
independent_direct_generalized_native,2.0,39,235,hot,4,0.5907132923603058,0.5864385962486267
independent_direct_generalized_native,2.25,0,1,median,4,0.7344526946544647,0.743880569934845
independent_direct_generalized_native,2.25,0,8,cold,1,0.7608460187911987,0.7608460187911987
independent_direct_generalized_native,2.25,0,17,cold,4,0.7605702131986618,0.7722482681274414
independent_direct_generalized_native,2.25,0,22,median,4,0.7999134659767151,0.775102436542511
independent_direct_generalized_native,2.25,0,114,median,1,0.852523922920227,0.852523922920227
independent_direct_generalized_native,2.25,0,158,median,4,0.8649140447378159,0.8563828766345978
independent_direct_generalized_native,2.25,0,164,cold,3,0.8373334010442098,0.8607351779937744
independent_direct_generalized_native,2.25,0,181,hot,4,0.8388018012046814,0.8342720866203308
independent_direct_generalized_native,2.25,0,206,hot,4,0.8934312909841537,0.9046264290809631
independent_direct_generalized_native,2.25,0,238,hot,4,0.8701053410768509,0.8692981004714966
independent_direct_generalized_native,2.25,0,248,cold,4,0.7744223475456238,0.7926492094993591
independent_direct_generalized_native,2.25,0,252,hot,4,0.956757515668869,0.9640235900878906
independent_direct_generalized_native,2.25,4,28,hot,4,0.831584021449089,0.8529272079467773
independent_direct_generalized_native,2.25,4,36,median,4,0.8105860352516174,0.830080509185791
independent_direct_generalized_native,2.25,4,82,median,4,0.8354116529226303,0.8530549108982086
independent_direct_generalized_native,2.25,4,111,cold,1,0.7747927308082581,0.7747927308082581
independent_direct_generalized_native,2.25,4,129,hot,4,0.8254185020923615,0.8268891274929047
independent_direct_generalized_native,2.25,4,134,hot,4,0.8091487288475037,0.792150616645813
independent_direct_generalized_native,2.25,4,143,cold,1,0.8692847490310669,0.8692847490310669
independent_direct_generalized_native,2.25,4,154,hot,4,0.8288299143314362,0.8371237516403198
independent_direct_generalized_native,2.25,4,190,median,4,0.8875725269317627,0.8959324359893799
independent_direct_generalized_native,2.25,4,193,median,4,0.8437035083770752,0.843424379825592
independent_direct_generalized_native,2.25,20,30,cold,1,0.8340502977371216,0.8340502977371216
independent_direct_generalized_native,2.25,20,44,median,3,0.8553709387779236,0.8673769235610962
independent_direct_generalized_native,2.25,20,45,median,1,0.864094078540802,0.864094078540802
independent_direct_generalized_native,2.25,20,72,hot,4,0.8004219979047775,0.7724699676036835
independent_direct_generalized_native,2.25,20,142,median,3,0.8630671501159668,0.9008917212486267
independent_direct_generalized_native,2.25,20,148,hot,4,0.8573282063007355,0.8416651487350464
independent_direct_generalized_native,2.25,20,232,hot,4,0.8567580729722977,0.8694839775562286
independent_direct_generalized_native,2.25,20,240,hot,4,0.8368623554706573,0.8473220765590668
independent_direct_generalized_native,2.25,39,22,hot,4,0.846601814031601,0.8613332509994507
independent_direct_generalized_native,2.25,39,37,median,4,0.891019657254219,0.8972906172275543
independent_direct_generalized_native,2.25,39,43,cold,2,0.7150934934616089,0.7150934934616089
independent_direct_generalized_native,2.25,39,55,median,4,0.8145925104618073,0.8276722729206085
independent_direct_generalized_native,2.25,39,70,hot,4,0.8154198080301285,0.801848977804184
independent_direct_generalized_native,2.25,39,147,median,4,0.834164023399353,0.8192505836486816
independent_direct_generalized_native,2.25,39,189,hot,4,0.7765042930841446,0.7896864116191864
independent_direct_generalized_native,2.25,39,193,median,4,0.8107161372900009,0.8083098530769348
independent_direct_generalized_native,2.25,39,235,hot,4,0.7580687254667282,0.7448033094406128
independent_direct_generalized_native,3.0,0,1,median,4,0.8393942564725876,0.8496302366256714
independent_direct_generalized_native,3.0,0,8,cold,1,0.8390408754348755,0.8390408754348755
independent_direct_generalized_native,3.0,0,17,cold,4,0.8862904161214828,0.9040942788124084
independent_direct_generalized_native,3.0,0,22,median,4,0.9165923297405243,0.9229366183280945
independent_direct_generalized_native,3.0,0,114,median,1,0.903484046459198,0.903484046459198
independent_direct_generalized_native,3.0,0,158,median,4,0.951444461941719,0.9612461030483246
independent_direct_generalized_native,3.0,0,164,cold,3,0.9200944105784098,0.9279847145080566
independent_direct_generalized_native,3.0,0,181,hot,4,0.9246731698513031,0.9232035577297211
independent_direct_generalized_native,3.0,0,206,hot,4,0.9382253438234329,0.9471478462219238
independent_direct_generalized_native,3.0,0,238,hot,4,0.924713984131813,0.9213346540927887
independent_direct_generalized_native,3.0,0,248,cold,4,0.9061179608106613,0.9309421479701996
independent_direct_generalized_native,3.0,0,252,hot,4,0.9633665382862091,0.9712052941322327
independent_direct_generalized_native,3.0,4,28,hot,4,0.9151550084352493,0.9242796003818512
independent_direct_generalized_native,3.0,4,36,median,4,0.901089534163475,0.90223228931427
independent_direct_generalized_native,3.0,4,82,median,4,0.9107886999845505,0.915314257144928
independent_direct_generalized_native,3.0,4,111,cold,1,0.8249171376228333,0.8249171376228333
independent_direct_generalized_native,3.0,4,129,hot,4,0.9149839282035828,0.9153439402580261
independent_direct_generalized_native,3.0,4,134,hot,4,0.8918401449918747,0.8861382305622101
independent_direct_generalized_native,3.0,4,143,cold,1,0.9157621264457703,0.9157621264457703
independent_direct_generalized_native,3.0,4,154,hot,4,0.9284093230962753,0.9264058470726013
independent_direct_generalized_native,3.0,4,190,median,4,0.9498968124389648,0.9512230753898621
independent_direct_generalized_native,3.0,4,193,median,4,0.9019287079572678,0.9088972210884094
independent_direct_generalized_native,3.0,20,30,cold,1,0.9018169045448303,0.9018169045448303
independent_direct_generalized_native,3.0,20,44,median,3,0.906768798828125,0.9236557483673096
independent_direct_generalized_native,3.0,20,45,median,1,0.9067944288253784,0.9067944288253784
independent_direct_generalized_native,3.0,20,72,hot,4,0.8900166898965836,0.8795444071292877
independent_direct_generalized_native,3.0,20,142,median,3,0.9309985637664795,0.9370393753051758
independent_direct_generalized_native,3.0,20,148,hot,4,0.9315564185380936,0.9390971958637238
independent_direct_generalized_native,3.0,20,232,hot,4,0.9230653494596481,0.9228739440441132
independent_direct_generalized_native,3.0,20,240,hot,4,0.9036891162395477,0.9221776127815247
independent_direct_generalized_native,3.0,39,22,hot,4,0.9060131758451462,0.9144464731216431
independent_direct_generalized_native,3.0,39,37,median,4,0.9301471710205078,0.9280538856983185
independent_direct_generalized_native,3.0,39,43,cold,2,0.8776224255561829,0.8776224255561829
independent_direct_generalized_native,3.0,39,55,median,4,0.8879258930683136,0.8921210169792175
independent_direct_generalized_native,3.0,39,70,hot,4,0.9196851998567581,0.9127738177776337
independent_direct_generalized_native,3.0,39,147,median,4,0.9144907891750336,0.9186823964118958
independent_direct_generalized_native,3.0,39,189,hot,4,0.8640633374452591,0.8819216787815094
independent_direct_generalized_native,3.0,39,193,median,4,0.9172950088977814,0.9122499227523804
independent_direct_generalized_native,3.0,39,235,hot,4,0.8789822161197662,0.8742067217826843
independent_direct_generalized_native,4.0,0,1,median,4,0.9298430681228638,0.9373998939990997
independent_direct_generalized_native,4.0,0,8,cold,1,0.9172670841217041,0.9172670841217041
independent_direct_generalized_native,4.0,0,17,cold,4,0.9331167340278625,0.9463256895542145
independent_direct_generalized_native,4.0,0,22,median,4,0.9666943401098251,0.9683066606521606
independent_direct_generalized_native,4.0,0,114,median,1,0.9196666479110718,0.9196666479110718
independent_direct_generalized_native,4.0,0,158,median,4,0.9754039198160172,0.9755443036556244
independent_direct_generalized_native,4.0,0,164,cold,3,0.9488181670506796,0.9586148262023926
independent_direct_generalized_native,4.0,0,181,hot,4,0.9552784264087677,0.9522954821586609
independent_direct_generalized_native,4.0,0,206,hot,4,0.9739642143249512,0.9715879559516907
independent_direct_generalized_native,4.0,0,238,hot,4,0.9633965045213699,0.9577733278274536
independent_direct_generalized_native,4.0,0,248,cold,4,0.9351452440023422,0.9571769833564758
independent_direct_generalized_native,4.0,0,252,hot,4,0.973009780049324,0.9761746227741241
independent_direct_generalized_native,4.0,4,28,hot,4,0.956851452589035,0.9641618430614471
independent_direct_generalized_native,4.0,4,36,median,4,0.9291267991065979,0.9248721599578857
independent_direct_generalized_native,4.0,4,82,median,4,0.9433680176734924,0.9462545216083527
independent_direct_generalized_native,4.0,4,111,cold,1,0.8740444779396057,0.8740444779396057
independent_direct_generalized_native,4.0,4,129,hot,4,0.9551726281642914,0.9612389802932739
independent_direct_generalized_native,4.0,4,134,hot,4,0.9611348658800125,0.9656037390232086
independent_direct_generalized_native,4.0,4,143,cold,1,0.9502706527709961,0.9502706527709961
independent_direct_generalized_native,4.0,4,154,hot,4,0.9678279757499695,0.9689268469810486
independent_direct_generalized_native,4.0,4,190,median,4,0.9744171351194382,0.9730702936649323
independent_direct_generalized_native,4.0,4,193,median,4,0.9467865824699402,0.9462011754512787
independent_direct_generalized_native,4.0,20,30,cold,1,0.9520827531814575,0.9520827531814575
independent_direct_generalized_native,4.0,20,44,median,3,0.9413724342981974,0.9503127336502075
independent_direct_generalized_native,4.0,20,45,median,1,0.9296990036964417,0.9296990036964417
independent_direct_generalized_native,4.0,20,72,hot,4,0.9392563104629517,0.943682849407196
independent_direct_generalized_native,4.0,20,142,median,3,0.9565453926722208,0.9530932307243347
independent_direct_generalized_native,4.0,20,148,hot,4,0.9554944634437561,0.9583815336227417
independent_direct_generalized_native,4.0,20,232,hot,4,0.9519084393978119,0.9558229446411133
independent_direct_generalized_native,4.0,20,240,hot,4,0.9452954083681107,0.9551723301410675
independent_direct_generalized_native,4.0,39,22,hot,4,0.9341965317726135,0.9421716630458832
independent_direct_generalized_native,4.0,39,37,median,4,0.9599258601665497,0.9613917768001556
independent_direct_generalized_native,4.0,39,43,cold,2,0.9328771233558655,0.9328771233558655
independent_direct_generalized_native,4.0,39,55,median,4,0.9341416358947754,0.9367862641811371
independent_direct_generalized_native,4.0,39,70,hot,4,0.9638372212648392,0.9619678854942322
independent_direct_generalized_native,4.0,39,147,median,4,0.9589739143848419,0.958722323179245
independent_direct_generalized_native,4.0,39,189,hot,4,0.9254089295864105,0.9337648451328278
independent_direct_generalized_native,4.0,39,193,median,4,0.9443071335554123,0.9380647242069244
independent_direct_generalized_native,4.0,39,235,hot,4,0.9412778913974762,0.9467011392116547
nested_int16_prefix_generalized_native,0.75,0,1,median,4,0.2127971649169922,0.2677573263645172
nested_int16_prefix_generalized_native,0.75,0,8,cold,1,0.23924237489700317,0.23924237489700317
nested_int16_prefix_generalized_native,0.75,0,17,cold,4,0.1402750015258789,0.12484988570213318
nested_int16_prefix_generalized_native,0.75,0,22,median,4,0.4091001898050308,0.389611154794693
nested_int16_prefix_generalized_native,0.75,0,114,median,1,0.555914044380188,0.555914044380188
nested_int16_prefix_generalized_native,0.75,0,158,median,4,0.2826661318540573,0.25703752040863037
nested_int16_prefix_generalized_native,0.75,0,164,cold,3,0.24979905287424722,0.29540419578552246
nested_int16_prefix_generalized_native,0.75,0,181,hot,4,0.27724073827266693,0.2736545503139496
nested_int16_prefix_generalized_native,0.75,0,206,hot,4,0.38996678590774536,0.32155632972717285
nested_int16_prefix_generalized_native,0.75,0,238,hot,4,0.4164794981479645,0.4541444182395935
nested_int16_prefix_generalized_native,0.75,0,248,cold,4,0.14001017808914185,0.14195731282234192
nested_int16_prefix_generalized_native,0.75,0,252,hot,4,0.5017635077238083,0.4690106511116028
nested_int16_prefix_generalized_native,0.75,4,28,hot,4,0.23709209263324738,0.24563008546829224
nested_int16_prefix_generalized_native,0.75,4,36,median,4,0.02317117154598236,0.0
nested_int16_prefix_generalized_native,0.75,4,82,median,4,0.08483698964118958,0.05306142568588257
nested_int16_prefix_generalized_native,0.75,4,111,cold,1,0.047460317611694336,0.047460317611694336
nested_int16_prefix_generalized_native,0.75,4,129,hot,4,0.0767621248960495,0.025465160608291626
nested_int16_prefix_generalized_native,0.75,4,134,hot,4,0.0425652414560318,0.036720454692840576
nested_int16_prefix_generalized_native,0.75,4,143,cold,1,0.328948974609375,0.328948974609375
nested_int16_prefix_generalized_native,0.75,4,154,hot,4,0.2965565472841263,0.2453927993774414
nested_int16_prefix_generalized_native,0.75,4,190,median,4,0.3164642006158829,0.3285660743713379
nested_int16_prefix_generalized_native,0.75,4,193,median,4,0.08651997148990631,0.023390889167785645
nested_int16_prefix_generalized_native,0.75,20,30,cold,1,0.0,0.0
nested_int16_prefix_generalized_native,0.75,20,44,median,3,0.09355727831522624,0.07833439111709595
nested_int16_prefix_generalized_native,0.75,20,45,median,1,0.03954744338989258,0.03954744338989258
nested_int16_prefix_generalized_native,0.75,20,72,hot,4,0.16285687685012817,0.03871488571166992
nested_int16_prefix_generalized_native,0.75,20,142,median,3,0.15671430031458536,0.0827677845954895
nested_int16_prefix_generalized_native,0.75,20,148,hot,4,0.23348571360111237,0.2462899386882782
nested_int16_prefix_generalized_native,0.75,20,232,hot,4,0.21251314878463745,0.19513407349586487
nested_int16_prefix_generalized_native,0.75,20,240,hot,4,0.1675480157136917,0.0013634264469146729
nested_int16_prefix_generalized_native,0.75,39,22,hot,4,0.2532130032777786,0.27466627955436707
nested_int16_prefix_generalized_native,0.75,39,37,median,4,0.34112967550754547,0.3057765066623688
nested_int16_prefix_generalized_native,0.75,39,43,cold,2,0.12123814225196838,0.12123814225196838
nested_int16_prefix_generalized_native,0.75,39,55,median,4,0.14559531211853027,0.09673702716827393
nested_int16_prefix_generalized_native,0.75,39,70,hot,4,0.11501920223236084,0.1400376856327057
nested_int16_prefix_generalized_native,0.75,39,147,median,4,0.1301170140504837,0.15193718671798706
nested_int16_prefix_generalized_native,0.75,39,189,hot,4,0.21672925353050232,0.2285062074661255
nested_int16_prefix_generalized_native,0.75,39,193,median,4,0.0630703717470169,0.041796326637268066
nested_int16_prefix_generalized_native,0.75,39,235,hot,4,0.2753511965274811,0.3136391043663025
nested_int16_prefix_generalized_native,1.0,0,1,median,4,0.2127971649169922,0.2677573263645172
nested_int16_prefix_generalized_native,1.0,0,8,cold,1,0.23924237489700317,0.23924237489700317
nested_int16_prefix_generalized_native,1.0,0,17,cold,4,0.1402750015258789,0.12484988570213318
nested_int16_prefix_generalized_native,1.0,0,22,median,4,0.4091001898050308,0.389611154794693
nested_int16_prefix_generalized_native,1.0,0,114,median,1,0.555914044380188,0.555914044380188
nested_int16_prefix_generalized_native,1.0,0,158,median,4,0.2826661318540573,0.25703752040863037
nested_int16_prefix_generalized_native,1.0,0,164,cold,3,0.24979905287424722,0.29540419578552246
nested_int16_prefix_generalized_native,1.0,0,181,hot,4,0.27724073827266693,0.2736545503139496
nested_int16_prefix_generalized_native,1.0,0,206,hot,4,0.38996678590774536,0.32155632972717285
nested_int16_prefix_generalized_native,1.0,0,238,hot,4,0.4164794981479645,0.4541444182395935
nested_int16_prefix_generalized_native,1.0,0,248,cold,4,0.14001017808914185,0.14195731282234192
nested_int16_prefix_generalized_native,1.0,0,252,hot,4,0.5017635077238083,0.4690106511116028
nested_int16_prefix_generalized_native,1.0,4,28,hot,4,0.23709209263324738,0.24563008546829224
nested_int16_prefix_generalized_native,1.0,4,36,median,4,0.02317117154598236,0.0
nested_int16_prefix_generalized_native,1.0,4,82,median,4,0.08483698964118958,0.05306142568588257
nested_int16_prefix_generalized_native,1.0,4,111,cold,1,0.047460317611694336,0.047460317611694336
nested_int16_prefix_generalized_native,1.0,4,129,hot,4,0.0767621248960495,0.025465160608291626
nested_int16_prefix_generalized_native,1.0,4,134,hot,4,0.0425652414560318,0.036720454692840576
nested_int16_prefix_generalized_native,1.0,4,143,cold,1,0.328948974609375,0.328948974609375
nested_int16_prefix_generalized_native,1.0,4,154,hot,4,0.2965565472841263,0.2453927993774414
nested_int16_prefix_generalized_native,1.0,4,190,median,4,0.3164642006158829,0.3285660743713379
nested_int16_prefix_generalized_native,1.0,4,193,median,4,0.08651997148990631,0.023390889167785645
nested_int16_prefix_generalized_native,1.0,20,30,cold,1,0.0,0.0
nested_int16_prefix_generalized_native,1.0,20,44,median,3,0.09355727831522624,0.07833439111709595
nested_int16_prefix_generalized_native,1.0,20,45,median,1,0.03954744338989258,0.03954744338989258
nested_int16_prefix_generalized_native,1.0,20,72,hot,4,0.16285687685012817,0.03871488571166992
nested_int16_prefix_generalized_native,1.0,20,142,median,3,0.15671430031458536,0.0827677845954895
nested_int16_prefix_generalized_native,1.0,20,148,hot,4,0.23348571360111237,0.2462899386882782
nested_int16_prefix_generalized_native,1.0,20,232,hot,4,0.21251314878463745,0.19513407349586487
nested_int16_prefix_generalized_native,1.0,20,240,hot,4,0.1675480157136917,0.0013634264469146729
nested_int16_prefix_generalized_native,1.0,39,22,hot,4,0.2532130032777786,0.27466627955436707
nested_int16_prefix_generalized_native,1.0,39,37,median,4,0.34112967550754547,0.3057765066623688
nested_int16_prefix_generalized_native,1.0,39,43,cold,2,0.12123814225196838,0.12123814225196838
nested_int16_prefix_generalized_native,1.0,39,55,median,4,0.14559531211853027,0.09673702716827393
nested_int16_prefix_generalized_native,1.0,39,70,hot,4,0.11501920223236084,0.1400376856327057
nested_int16_prefix_generalized_native,1.0,39,147,median,4,0.1301170140504837,0.15193718671798706
nested_int16_prefix_generalized_native,1.0,39,189,hot,4,0.21672925353050232,0.2285062074661255
nested_int16_prefix_generalized_native,1.0,39,193,median,4,0.0630703717470169,0.041796326637268066
nested_int16_prefix_generalized_native,1.0,39,235,hot,4,0.2753511965274811,0.3136391043663025
nested_int16_prefix_generalized_native,1.25,0,1,median,4,0.2127971649169922,0.2677573263645172
nested_int16_prefix_generalized_native,1.25,0,8,cold,1,0.23924237489700317,0.23924237489700317
nested_int16_prefix_generalized_native,1.25,0,17,cold,4,0.1402750015258789,0.12484988570213318
nested_int16_prefix_generalized_native,1.25,0,22,median,4,0.4091001898050308,0.389611154794693
nested_int16_prefix_generalized_native,1.25,0,114,median,1,0.555914044380188,0.555914044380188
nested_int16_prefix_generalized_native,1.25,0,158,median,4,0.2826661318540573,0.25703752040863037
nested_int16_prefix_generalized_native,1.25,0,164,cold,3,0.24979905287424722,0.29540419578552246
nested_int16_prefix_generalized_native,1.25,0,181,hot,4,0.27724073827266693,0.2736545503139496
nested_int16_prefix_generalized_native,1.25,0,206,hot,4,0.38996678590774536,0.32155632972717285
nested_int16_prefix_generalized_native,1.25,0,238,hot,4,0.4164794981479645,0.4541444182395935
nested_int16_prefix_generalized_native,1.25,0,248,cold,4,0.14001017808914185,0.14195731282234192
nested_int16_prefix_generalized_native,1.25,0,252,hot,4,0.5017635077238083,0.4690106511116028
nested_int16_prefix_generalized_native,1.25,4,28,hot,4,0.23709209263324738,0.24563008546829224
nested_int16_prefix_generalized_native,1.25,4,36,median,4,0.02317117154598236,0.0
nested_int16_prefix_generalized_native,1.25,4,82,median,4,0.08483698964118958,0.05306142568588257
nested_int16_prefix_generalized_native,1.25,4,111,cold,1,0.047460317611694336,0.047460317611694336
nested_int16_prefix_generalized_native,1.25,4,129,hot,4,0.0767621248960495,0.025465160608291626
nested_int16_prefix_generalized_native,1.25,4,134,hot,4,0.0425652414560318,0.036720454692840576
nested_int16_prefix_generalized_native,1.25,4,143,cold,1,0.328948974609375,0.328948974609375
nested_int16_prefix_generalized_native,1.25,4,154,hot,4,0.2965565472841263,0.2453927993774414
nested_int16_prefix_generalized_native,1.25,4,190,median,4,0.3164642006158829,0.3285660743713379
nested_int16_prefix_generalized_native,1.25,4,193,median,4,0.08651997148990631,0.023390889167785645
nested_int16_prefix_generalized_native,1.25,20,30,cold,1,0.0,0.0
nested_int16_prefix_generalized_native,1.25,20,44,median,3,0.09355727831522624,0.07833439111709595
nested_int16_prefix_generalized_native,1.25,20,45,median,1,0.03954744338989258,0.03954744338989258
nested_int16_prefix_generalized_native,1.25,20,72,hot,4,0.16285687685012817,0.03871488571166992
nested_int16_prefix_generalized_native,1.25,20,142,median,3,0.15671430031458536,0.0827677845954895
nested_int16_prefix_generalized_native,1.25,20,148,hot,4,0.23348571360111237,0.2462899386882782
nested_int16_prefix_generalized_native,1.25,20,232,hot,4,0.21251314878463745,0.19513407349586487
nested_int16_prefix_generalized_native,1.25,20,240,hot,4,0.1675480157136917,0.0013634264469146729
nested_int16_prefix_generalized_native,1.25,39,22,hot,4,0.2532130032777786,0.27466627955436707
nested_int16_prefix_generalized_native,1.25,39,37,median,4,0.34112967550754547,0.3057765066623688
nested_int16_prefix_generalized_native,1.25,39,43,cold,2,0.12123814225196838,0.12123814225196838
nested_int16_prefix_generalized_native,1.25,39,55,median,4,0.14559531211853027,0.09673702716827393
nested_int16_prefix_generalized_native,1.25,39,70,hot,4,0.11501920223236084,0.1400376856327057
nested_int16_prefix_generalized_native,1.25,39,147,median,4,0.1301170140504837,0.15193718671798706
nested_int16_prefix_generalized_native,1.25,39,189,hot,4,0.21672925353050232,0.2285062074661255
nested_int16_prefix_generalized_native,1.25,39,193,median,4,0.0630703717470169,0.041796326637268066
nested_int16_prefix_generalized_native,1.25,39,235,hot,4,0.2753511965274811,0.3136391043663025
nested_int16_prefix_generalized_native,1.5,0,1,median,4,0.49667997658252716,0.502701610326767
nested_int16_prefix_generalized_native,1.5,0,8,cold,1,0.4853397607803345,0.4853397607803345
nested_int16_prefix_generalized_native,1.5,0,17,cold,4,0.534691259264946,0.5355737507343292
nested_int16_prefix_generalized_native,1.5,0,22,median,4,0.5292155891656876,0.5311248302459717
nested_int16_prefix_generalized_native,1.5,0,114,median,1,0.5914806723594666,0.5914806723594666
nested_int16_prefix_generalized_native,1.5,0,158,median,4,0.5124611407518387,0.5467376112937927
nested_int16_prefix_generalized_native,1.5,0,164,cold,3,0.5383852124214172,0.5342020392417908
nested_int16_prefix_generalized_native,1.5,0,181,hot,4,0.46977342665195465,0.4620010256767273
nested_int16_prefix_generalized_native,1.5,0,206,hot,4,0.6377930492162704,0.6494071781635284
nested_int16_prefix_generalized_native,1.5,0,238,hot,4,0.5622684508562088,0.4979622960090637
nested_int16_prefix_generalized_native,1.5,0,248,cold,4,0.45748576521873474,0.4661250114440918
nested_int16_prefix_generalized_native,1.5,0,252,hot,4,0.8616463094949722,0.8652884662151337
nested_int16_prefix_generalized_native,1.5,4,28,hot,4,0.5197851657867432,0.5346016883850098
nested_int16_prefix_generalized_native,1.5,4,36,median,4,0.3366994112730026,0.3251677453517914
nested_int16_prefix_generalized_native,1.5,4,82,median,4,0.49137499928474426,0.4989495277404785
nested_int16_prefix_generalized_native,1.5,4,111,cold,1,0.41329920291900635,0.41329920291900635
nested_int16_prefix_generalized_native,1.5,4,129,hot,4,0.3960522413253784,0.4722985625267029
nested_int16_prefix_generalized_native,1.5,4,134,hot,4,0.3928670585155487,0.3967565596103668
nested_int16_prefix_generalized_native,1.5,4,143,cold,1,0.45837992429733276,0.45837992429733276
nested_int16_prefix_generalized_native,1.5,4,154,hot,4,0.5028046220541,0.44208666682243347
nested_int16_prefix_generalized_native,1.5,4,190,median,4,0.5218091160058975,0.48756539821624756
nested_int16_prefix_generalized_native,1.5,4,193,median,4,0.4013703167438507,0.38977524638175964
nested_int16_prefix_generalized_native,1.5,20,30,cold,1,0.38086092472076416,0.38086092472076416
nested_int16_prefix_generalized_native,1.5,20,44,median,3,0.40517346064249676,0.3903126120567322
nested_int16_prefix_generalized_native,1.5,20,45,median,1,0.2423924207687378,0.2423924207687378
nested_int16_prefix_generalized_native,1.5,20,72,hot,4,0.43317538499832153,0.4069020450115204
nested_int16_prefix_generalized_native,1.5,20,142,median,3,0.5053198138872782,0.5129672288894653
nested_int16_prefix_generalized_native,1.5,20,148,hot,4,0.445493683218956,0.43474191427230835
nested_int16_prefix_generalized_native,1.5,20,232,hot,4,0.4783261865377426,0.49005478620529175
nested_int16_prefix_generalized_native,1.5,20,240,hot,4,0.3968880772590637,0.3324635922908783
nested_int16_prefix_generalized_native,1.5,39,22,hot,4,0.389349102973938,0.39043810963630676
nested_int16_prefix_generalized_native,1.5,39,37,median,4,0.47974061965942383,0.47268569469451904
nested_int16_prefix_generalized_native,1.5,39,43,cold,2,0.3265184462070465,0.3265184462070465
nested_int16_prefix_generalized_native,1.5,39,55,median,4,0.3592687100172043,0.3443131446838379
nested_int16_prefix_generalized_native,1.5,39,70,hot,4,0.4570390582084656,0.456512451171875
nested_int16_prefix_generalized_native,1.5,39,147,median,4,0.494227796792984,0.5034368634223938
nested_int16_prefix_generalized_native,1.5,39,189,hot,4,0.458450049161911,0.46704527735710144
nested_int16_prefix_generalized_native,1.5,39,193,median,4,0.43415163457393646,0.44393423199653625
nested_int16_prefix_generalized_native,1.5,39,235,hot,4,0.4609910249710083,0.5006904304027557
nested_int16_prefix_generalized_native,2.0,0,1,median,4,0.49667997658252716,0.502701610326767
nested_int16_prefix_generalized_native,2.0,0,8,cold,1,0.4853397607803345,0.4853397607803345
nested_int16_prefix_generalized_native,2.0,0,17,cold,4,0.534691259264946,0.5355737507343292
nested_int16_prefix_generalized_native,2.0,0,22,median,4,0.5292155891656876,0.5311248302459717
nested_int16_prefix_generalized_native,2.0,0,114,median,1,0.5914806723594666,0.5914806723594666
nested_int16_prefix_generalized_native,2.0,0,158,median,4,0.5124611407518387,0.5467376112937927
nested_int16_prefix_generalized_native,2.0,0,164,cold,3,0.5383852124214172,0.5342020392417908
nested_int16_prefix_generalized_native,2.0,0,181,hot,4,0.46977342665195465,0.4620010256767273
nested_int16_prefix_generalized_native,2.0,0,206,hot,4,0.6377930492162704,0.6494071781635284
nested_int16_prefix_generalized_native,2.0,0,238,hot,4,0.5622684508562088,0.4979622960090637
nested_int16_prefix_generalized_native,2.0,0,248,cold,4,0.45748576521873474,0.4661250114440918
nested_int16_prefix_generalized_native,2.0,0,252,hot,4,0.8616463094949722,0.8652884662151337
nested_int16_prefix_generalized_native,2.0,4,28,hot,4,0.5197851657867432,0.5346016883850098
nested_int16_prefix_generalized_native,2.0,4,36,median,4,0.3366994112730026,0.3251677453517914
nested_int16_prefix_generalized_native,2.0,4,82,median,4,0.49137499928474426,0.4989495277404785
nested_int16_prefix_generalized_native,2.0,4,111,cold,1,0.41329920291900635,0.41329920291900635
nested_int16_prefix_generalized_native,2.0,4,129,hot,4,0.3960522413253784,0.4722985625267029
nested_int16_prefix_generalized_native,2.0,4,134,hot,4,0.3928670585155487,0.3967565596103668
nested_int16_prefix_generalized_native,2.0,4,143,cold,1,0.45837992429733276,0.45837992429733276
nested_int16_prefix_generalized_native,2.0,4,154,hot,4,0.5028046220541,0.44208666682243347
nested_int16_prefix_generalized_native,2.0,4,190,median,4,0.5218091160058975,0.48756539821624756
nested_int16_prefix_generalized_native,2.0,4,193,median,4,0.4013703167438507,0.38977524638175964
nested_int16_prefix_generalized_native,2.0,20,30,cold,1,0.38086092472076416,0.38086092472076416
nested_int16_prefix_generalized_native,2.0,20,44,median,3,0.40517346064249676,0.3903126120567322
nested_int16_prefix_generalized_native,2.0,20,45,median,1,0.2423924207687378,0.2423924207687378
nested_int16_prefix_generalized_native,2.0,20,72,hot,4,0.43317538499832153,0.4069020450115204
nested_int16_prefix_generalized_native,2.0,20,142,median,3,0.5053198138872782,0.5129672288894653
nested_int16_prefix_generalized_native,2.0,20,148,hot,4,0.445493683218956,0.43474191427230835
nested_int16_prefix_generalized_native,2.0,20,232,hot,4,0.4783261865377426,0.49005478620529175
nested_int16_prefix_generalized_native,2.0,20,240,hot,4,0.3968880772590637,0.3324635922908783
nested_int16_prefix_generalized_native,2.0,39,22,hot,4,0.389349102973938,0.39043810963630676
nested_int16_prefix_generalized_native,2.0,39,37,median,4,0.47974061965942383,0.47268569469451904
nested_int16_prefix_generalized_native,2.0,39,43,cold,2,0.3265184462070465,0.3265184462070465
nested_int16_prefix_generalized_native,2.0,39,55,median,4,0.3592687100172043,0.3443131446838379
nested_int16_prefix_generalized_native,2.0,39,70,hot,4,0.4570390582084656,0.456512451171875
nested_int16_prefix_generalized_native,2.0,39,147,median,4,0.494227796792984,0.5034368634223938
nested_int16_prefix_generalized_native,2.0,39,189,hot,4,0.458450049161911,0.46704527735710144
nested_int16_prefix_generalized_native,2.0,39,193,median,4,0.43415163457393646,0.44393423199653625
nested_int16_prefix_generalized_native,2.0,39,235,hot,4,0.4609910249710083,0.5006904304027557
nested_int16_prefix_generalized_native,2.25,0,1,median,4,0.5679482072591782,0.6097114980220795
nested_int16_prefix_generalized_native,2.25,0,8,cold,1,0.4853397607803345,0.4853397607803345
nested_int16_prefix_generalized_native,2.25,0,17,cold,4,0.5967406034469604,0.5835650563240051
nested_int16_prefix_generalized_native,2.25,0,22,median,4,0.6659837067127228,0.7084954977035522
nested_int16_prefix_generalized_native,2.25,0,114,median,1,0.6084687113761902,0.6084687113761902
nested_int16_prefix_generalized_native,2.25,0,158,median,4,0.6551855206489563,0.7181626558303833
nested_int16_prefix_generalized_native,2.25,0,164,cold,3,0.6996171673138937,0.7083135843276978
nested_int16_prefix_generalized_native,2.25,0,181,hot,4,0.6068514734506607,0.5769287943840027
nested_int16_prefix_generalized_native,2.25,0,206,hot,4,0.7201724201440811,0.6987866759300232
nested_int16_prefix_generalized_native,2.25,0,238,hot,4,0.7243997156620026,0.7553639113903046
nested_int16_prefix_generalized_native,2.25,0,248,cold,4,0.5795992016792297,0.5892589390277863
nested_int16_prefix_generalized_native,2.25,0,252,hot,4,0.9108201563358307,0.9079871773719788
nested_int16_prefix_generalized_native,2.25,4,28,hot,4,0.5737553089857101,0.5428696274757385
nested_int16_prefix_generalized_native,2.25,4,36,median,4,0.3366994112730026,0.3251677453517914
nested_int16_prefix_generalized_native,2.25,4,82,median,4,0.5185661613941193,0.5181591510772705
nested_int16_prefix_generalized_native,2.25,4,111,cold,1,0.41329920291900635,0.41329920291900635
nested_int16_prefix_generalized_native,2.25,4,129,hot,4,0.4414398670196533,0.5180309414863586
nested_int16_prefix_generalized_native,2.25,4,134,hot,4,0.3928670585155487,0.3967565596103668
nested_int16_prefix_generalized_native,2.25,4,143,cold,1,0.45837992429733276,0.45837992429733276
nested_int16_prefix_generalized_native,2.25,4,154,hot,4,0.5653527230024338,0.5094851851463318
nested_int16_prefix_generalized_native,2.25,4,190,median,4,0.5442312657833099,0.5324096977710724
nested_int16_prefix_generalized_native,2.25,4,193,median,4,0.43899424374103546,0.38977524638175964
nested_int16_prefix_generalized_native,2.25,20,30,cold,1,0.4604417681694031,0.4604417681694031
nested_int16_prefix_generalized_native,2.25,20,44,median,3,0.40517346064249676,0.3903126120567322
nested_int16_prefix_generalized_native,2.25,20,45,median,1,0.2423924207687378,0.2423924207687378
nested_int16_prefix_generalized_native,2.25,20,72,hot,4,0.468997061252594,0.4069020450115204
nested_int16_prefix_generalized_native,2.25,20,142,median,3,0.5053198138872782,0.5129672288894653
nested_int16_prefix_generalized_native,2.25,20,148,hot,4,0.4629286974668503,0.4696119427680969
nested_int16_prefix_generalized_native,2.25,20,232,hot,4,0.5194561332464218,0.5601919591426849
nested_int16_prefix_generalized_native,2.25,20,240,hot,4,0.40328022837638855,0.34524789452552795
nested_int16_prefix_generalized_native,2.25,39,22,hot,4,0.49437880516052246,0.47361472249031067
nested_int16_prefix_generalized_native,2.25,39,37,median,4,0.5570085942745209,0.5589780807495117
nested_int16_prefix_generalized_native,2.25,39,43,cold,2,0.47491008043289185,0.47491008043289185
nested_int16_prefix_generalized_native,2.25,39,55,median,4,0.45211178064346313,0.43169668316841125
nested_int16_prefix_generalized_native,2.25,39,70,hot,4,0.5691939294338226,0.538079023361206
nested_int16_prefix_generalized_native,2.25,39,147,median,4,0.596278965473175,0.634118527173996
nested_int16_prefix_generalized_native,2.25,39,189,hot,4,0.5432829558849335,0.5462914705276489
nested_int16_prefix_generalized_native,2.25,39,193,median,4,0.5193596184253693,0.5692441761493683
nested_int16_prefix_generalized_native,2.25,39,235,hot,4,0.49633435904979706,0.534652441740036
nested_int16_prefix_generalized_native,3.0,0,1,median,4,0.6342788487672806,0.6634839475154877
nested_int16_prefix_generalized_native,3.0,0,8,cold,1,0.6711667776107788,0.6711667776107788
nested_int16_prefix_generalized_native,3.0,0,17,cold,4,0.7275801301002502,0.7320696413516998
nested_int16_prefix_generalized_native,3.0,0,22,median,4,0.8142493665218353,0.8190950453281403
nested_int16_prefix_generalized_native,3.0,0,114,median,1,0.7444239854812622,0.7444239854812622
nested_int16_prefix_generalized_native,3.0,0,158,median,4,0.8072756081819534,0.8257815539836884
nested_int16_prefix_generalized_native,3.0,0,164,cold,3,0.8235270977020264,0.8314632177352905
nested_int16_prefix_generalized_native,3.0,0,181,hot,4,0.8083959668874741,0.8169074654579163
nested_int16_prefix_generalized_native,3.0,0,206,hot,4,0.8439199328422546,0.8448704481124878
nested_int16_prefix_generalized_native,3.0,0,238,hot,4,0.8279269188642502,0.7968838214874268
nested_int16_prefix_generalized_native,3.0,0,248,cold,4,0.7320536524057388,0.7752875685691833
nested_int16_prefix_generalized_native,3.0,0,252,hot,4,0.9392817467451096,0.9392905831336975
nested_int16_prefix_generalized_native,3.0,4,28,hot,4,0.7283595651388168,0.7418297529220581
nested_int16_prefix_generalized_native,3.0,4,36,median,4,0.5573827624320984,0.5615668594837189
nested_int16_prefix_generalized_native,3.0,4,82,median,4,0.7250439524650574,0.7153290808200836
nested_int16_prefix_generalized_native,3.0,4,111,cold,1,0.5960836410522461,0.5960836410522461
nested_int16_prefix_generalized_native,3.0,4,129,hot,4,0.6291067004203796,0.671325147151947
nested_int16_prefix_generalized_native,3.0,4,134,hot,4,0.5792304575443268,0.5747907161712646
nested_int16_prefix_generalized_native,3.0,4,143,cold,1,0.6159846782684326,0.6159846782684326
nested_int16_prefix_generalized_native,3.0,4,154,hot,4,0.7123739719390869,0.6966995894908905
nested_int16_prefix_generalized_native,3.0,4,190,median,4,0.7748966366052628,0.797328919172287
nested_int16_prefix_generalized_native,3.0,4,193,median,4,0.6333775967359543,0.6078361570835114
nested_int16_prefix_generalized_native,3.0,20,30,cold,1,0.6227625608444214,0.6227625608444214
nested_int16_prefix_generalized_native,3.0,20,44,median,3,0.5764333009719849,0.5614720582962036
nested_int16_prefix_generalized_native,3.0,20,45,median,1,0.5986749529838562,0.5986749529838562
nested_int16_prefix_generalized_native,3.0,20,72,hot,4,0.636809304356575,0.6393669247627258
nested_int16_prefix_generalized_native,3.0,20,142,median,3,0.67759770154953,0.6290579438209534
nested_int16_prefix_generalized_native,3.0,20,148,hot,4,0.7105392068624496,0.711641788482666
nested_int16_prefix_generalized_native,3.0,20,232,hot,4,0.6976590603590012,0.7218426167964935
nested_int16_prefix_generalized_native,3.0,20,240,hot,4,0.6729387640953064,0.6516141295433044
nested_int16_prefix_generalized_native,3.0,39,22,hot,4,0.6896208375692368,0.6859193742275238
nested_int16_prefix_generalized_native,3.0,39,37,median,4,0.6618867665529251,0.6480950713157654
nested_int16_prefix_generalized_native,3.0,39,43,cold,2,0.678723007440567,0.678723007440567
nested_int16_prefix_generalized_native,3.0,39,55,median,4,0.5616850852966309,0.5618163347244263
nested_int16_prefix_generalized_native,3.0,39,70,hot,4,0.73044653236866,0.7104593217372894
nested_int16_prefix_generalized_native,3.0,39,147,median,4,0.7418585270643234,0.7600091397762299
nested_int16_prefix_generalized_native,3.0,39,189,hot,4,0.6384779363870621,0.6072407364845276
nested_int16_prefix_generalized_native,3.0,39,193,median,4,0.6524767279624939,0.638397216796875
nested_int16_prefix_generalized_native,3.0,39,235,hot,4,0.6237710863351822,0.6515482366085052
nested_int16_prefix_generalized_native,4.0,0,1,median,4,0.6625058650970459,0.7199379801750183
nested_int16_prefix_generalized_native,4.0,0,8,cold,1,0.6711667776107788,0.6711667776107788
nested_int16_prefix_generalized_native,4.0,0,17,cold,4,0.747927114367485,0.7676475644111633
nested_int16_prefix_generalized_native,4.0,0,22,median,4,0.8531920164823532,0.876552402973175
nested_int16_prefix_generalized_native,4.0,0,114,median,1,0.7444239854812622,0.7444239854812622
nested_int16_prefix_generalized_native,4.0,0,158,median,4,0.8275027573108673,0.8285774886608124
nested_int16_prefix_generalized_native,4.0,0,164,cold,3,0.839329719543457,0.8788710832595825
nested_int16_prefix_generalized_native,4.0,0,181,hot,4,0.8584415763616562,0.8491235077381134
nested_int16_prefix_generalized_native,4.0,0,206,hot,4,0.8523234874010086,0.8448704481124878
nested_int16_prefix_generalized_native,4.0,0,238,hot,4,0.8666622787714005,0.8601595461368561
nested_int16_prefix_generalized_native,4.0,0,248,cold,4,0.7444927841424942,0.7755301296710968
nested_int16_prefix_generalized_native,4.0,0,252,hot,4,0.9417729675769806,0.9434362351894379
nested_int16_prefix_generalized_native,4.0,4,28,hot,4,0.755523070693016,0.7418297529220581
nested_int16_prefix_generalized_native,4.0,4,36,median,4,0.5609166026115417,0.5686345398426056
nested_int16_prefix_generalized_native,4.0,4,82,median,4,0.7250439524650574,0.7153290808200836
nested_int16_prefix_generalized_native,4.0,4,111,cold,1,0.5960836410522461,0.5960836410522461
nested_int16_prefix_generalized_native,4.0,4,129,hot,4,0.6513454020023346,0.6991151571273804
nested_int16_prefix_generalized_native,4.0,4,134,hot,4,0.5821118354797363,0.5805534720420837
nested_int16_prefix_generalized_native,4.0,4,143,cold,1,0.6159846782684326,0.6159846782684326
nested_int16_prefix_generalized_native,4.0,4,154,hot,4,0.7273238003253937,0.6985476911067963
nested_int16_prefix_generalized_native,4.0,4,190,median,4,0.8006376326084137,0.803838461637497
nested_int16_prefix_generalized_native,4.0,4,193,median,4,0.6512371450662613,0.6078361570835114
nested_int16_prefix_generalized_native,4.0,20,30,cold,1,0.6243599653244019,0.6243599653244019
nested_int16_prefix_generalized_native,4.0,20,44,median,3,0.5764333009719849,0.5614720582962036
nested_int16_prefix_generalized_native,4.0,20,45,median,1,0.5986749529838562,0.5986749529838562
nested_int16_prefix_generalized_native,4.0,20,72,hot,4,0.6490818560123444,0.6393669247627258
nested_int16_prefix_generalized_native,4.0,20,142,median,3,0.6957139372825623,0.6614577770233154
nested_int16_prefix_generalized_native,4.0,20,148,hot,4,0.7105392068624496,0.711641788482666
nested_int16_prefix_generalized_native,4.0,20,232,hot,4,0.7064864039421082,0.7218426167964935
nested_int16_prefix_generalized_native,4.0,20,240,hot,4,0.6729387640953064,0.6516141295433044
nested_int16_prefix_generalized_native,4.0,39,22,hot,4,0.7336986362934113,0.7546054422855377
nested_int16_prefix_generalized_native,4.0,39,37,median,4,0.7908828258514404,0.8100207448005676
nested_int16_prefix_generalized_native,4.0,39,43,cold,2,0.7215303182601929,0.7215303182601929
nested_int16_prefix_generalized_native,4.0,39,55,median,4,0.566831111907959,0.5618163347244263
nested_int16_prefix_generalized_native,4.0,39,70,hot,4,0.7917557507753372,0.8009090423583984
nested_int16_prefix_generalized_native,4.0,39,147,median,4,0.7902275621891022,0.7832354605197906
nested_int16_prefix_generalized_native,4.0,39,189,hot,4,0.7617872208356857,0.7730506360530853
nested_int16_prefix_generalized_native,4.0,39,193,median,4,0.6880618631839752,0.7056941390037537
nested_int16_prefix_generalized_native,4.0,39,235,hot,4,0.6938479542732239,0.6920233368873596
rrq_generalized_heterogeneous,0.75,0,1,median,4,0.23231467604637146,0.23452410101890564
rrq_generalized_heterogeneous,0.75,0,8,cold,1,0.15556281805038452,0.15556281805038452
rrq_generalized_heterogeneous,0.75,0,17,cold,4,0.15764346718788147,0.16754907369613647
rrq_generalized_heterogeneous,0.75,0,22,median,4,0.32179489731788635,0.2992020547389984
rrq_generalized_heterogeneous,0.75,0,114,median,1,0.09582817554473877,0.09582817554473877
rrq_generalized_heterogeneous,0.75,0,158,median,4,0.30919574201107025,0.28328022360801697
rrq_generalized_heterogeneous,0.75,0,164,cold,3,0.20996246735254923,0.2447386384010315
rrq_generalized_heterogeneous,0.75,0,181,hot,4,0.24873150885105133,0.2383182942867279
rrq_generalized_heterogeneous,0.75,0,206,hot,4,0.24118934571743011,0.22641825675964355
rrq_generalized_heterogeneous,0.75,0,238,hot,4,0.2743062227964401,0.2748416066169739
rrq_generalized_heterogeneous,0.75,0,248,cold,4,0.16964992880821228,0.19652628898620605
rrq_generalized_heterogeneous,0.75,0,252,hot,4,0.12551690638065338,0.12717324495315552
rrq_generalized_heterogeneous,0.75,4,28,hot,4,0.25179678201675415,0.279829740524292
rrq_generalized_heterogeneous,0.75,4,36,median,4,0.111482173204422,0.07077932357788086
rrq_generalized_heterogeneous,0.75,4,82,median,4,0.4206583499908447,0.45577025413513184
rrq_generalized_heterogeneous,0.75,4,111,cold,1,0.0,0.0
rrq_generalized_heterogeneous,0.75,4,129,hot,4,0.2911042869091034,0.312755286693573
rrq_generalized_heterogeneous,0.75,4,134,hot,4,0.1900540143251419,0.1958250105381012
rrq_generalized_heterogeneous,0.75,4,143,cold,1,5.960464477539063e-08,5.960464477539063e-08
rrq_generalized_heterogeneous,0.75,4,154,hot,4,0.240057572722435,0.28557726740837097
rrq_generalized_heterogeneous,0.75,4,190,median,4,0.28870387375354767,0.2929301857948303
rrq_generalized_heterogeneous,0.75,4,193,median,4,0.3078448474407196,0.33402878046035767
rrq_generalized_heterogeneous,0.75,20,30,cold,1,0.3317186236381531,0.3317186236381531
rrq_generalized_heterogeneous,0.75,20,44,median,3,0.2684484124183655,0.2479298710823059
rrq_generalized_heterogeneous,0.75,20,45,median,1,0.08153605461120605,0.08153605461120605
rrq_generalized_heterogeneous,0.75,20,72,hot,4,0.3541065603494644,0.36023005843162537
rrq_generalized_heterogeneous,0.75,20,142,median,3,0.20731969674428305,0.14257532358169556
rrq_generalized_heterogeneous,0.75,20,148,hot,4,0.1867576688528061,0.15897732973098755
rrq_generalized_heterogeneous,0.75,20,232,hot,4,0.5010892748832703,0.5235597193241119
rrq_generalized_heterogeneous,0.75,20,240,hot,4,0.21074433624744415,0.18961909413337708
rrq_generalized_heterogeneous,0.75,39,22,hot,4,0.32441002130508423,0.3265083134174347
rrq_generalized_heterogeneous,0.75,39,37,median,4,0.3296470046043396,0.3250483572483063
rrq_generalized_heterogeneous,0.75,39,43,cold,2,0.09665137529373169,0.09665137529373169
rrq_generalized_heterogeneous,0.75,39,55,median,4,0.23614761233329773,0.24461039900779724
rrq_generalized_heterogeneous,0.75,39,70,hot,4,0.1503475308418274,0.15886428952217102
rrq_generalized_heterogeneous,0.75,39,147,median,4,0.08350624144077301,0.04188662767410278
rrq_generalized_heterogeneous,0.75,39,189,hot,4,0.27247779071331024,0.26040276885032654
rrq_generalized_heterogeneous,0.75,39,193,median,4,0.14323917031288147,0.08485299348831177
rrq_generalized_heterogeneous,0.75,39,235,hot,4,0.31039975583553314,0.36678004264831543
rrq_generalized_heterogeneous,1.0,0,1,median,4,0.3791133612394333,0.38260117173194885
rrq_generalized_heterogeneous,1.0,0,8,cold,1,0.4304371476173401,0.4304371476173401
rrq_generalized_heterogeneous,1.0,0,17,cold,4,0.4302065521478653,0.44272467494010925
rrq_generalized_heterogeneous,1.0,0,22,median,4,0.4265618324279785,0.41944852471351624
rrq_generalized_heterogeneous,1.0,0,114,median,1,0.6799662113189697,0.6799662113189697
rrq_generalized_heterogeneous,1.0,0,158,median,4,0.4232229143381119,0.3762228786945343
rrq_generalized_heterogeneous,1.0,0,164,cold,3,0.4513509273529053,0.46061986684799194
rrq_generalized_heterogeneous,1.0,0,181,hot,4,0.38713662326335907,0.38179659843444824
rrq_generalized_heterogeneous,1.0,0,206,hot,4,0.42479220032691956,0.4331756830215454
rrq_generalized_heterogeneous,1.0,0,238,hot,4,0.481449231505394,0.4280526041984558
rrq_generalized_heterogeneous,1.0,0,248,cold,4,0.3507153242826462,0.3408845067024231
rrq_generalized_heterogeneous,1.0,0,252,hot,4,0.7541615962982178,0.7679321765899658
rrq_generalized_heterogeneous,1.0,4,28,hot,4,0.3698267936706543,0.37080880999565125
rrq_generalized_heterogeneous,1.0,4,36,median,4,0.3748995512723923,0.3628467321395874
rrq_generalized_heterogeneous,1.0,4,82,median,4,0.4647968113422394,0.45577025413513184
rrq_generalized_heterogeneous,1.0,4,111,cold,1,0.4489220976829529,0.4489220976829529
rrq_generalized_heterogeneous,1.0,4,129,hot,4,0.3893812298774719,0.3899899423122406
rrq_generalized_heterogeneous,1.0,4,134,hot,4,0.4062064588069916,0.4007644057273865
rrq_generalized_heterogeneous,1.0,4,143,cold,1,0.36438101530075073,0.36438101530075073
rrq_generalized_heterogeneous,1.0,4,154,hot,4,0.3947180509567261,0.3878003656864166
rrq_generalized_heterogeneous,1.0,4,190,median,4,0.4230623096227646,0.40951624512672424
rrq_generalized_heterogeneous,1.0,4,193,median,4,0.35975509881973267,0.35664552450180054
rrq_generalized_heterogeneous,1.0,20,30,cold,1,0.3317186236381531,0.3317186236381531
rrq_generalized_heterogeneous,1.0,20,44,median,3,0.3333599368731181,0.3378732204437256
rrq_generalized_heterogeneous,1.0,20,45,median,1,0.38825684785842896,0.38825684785842896
rrq_generalized_heterogeneous,1.0,20,72,hot,4,0.3612366169691086,0.3704048991203308
rrq_generalized_heterogeneous,1.0,20,142,median,3,0.49877361456553143,0.4906325340270996
rrq_generalized_heterogeneous,1.0,20,148,hot,4,0.4317506402730942,0.43495601415634155
rrq_generalized_heterogeneous,1.0,20,232,hot,4,0.5010892748832703,0.5235597193241119
rrq_generalized_heterogeneous,1.0,20,240,hot,4,0.38516466319561005,0.3551466763019562
rrq_generalized_heterogeneous,1.0,39,22,hot,4,0.40512150526046753,0.41194015741348267
rrq_generalized_heterogeneous,1.0,39,37,median,4,0.5112878084182739,0.5036920011043549
rrq_generalized_heterogeneous,1.0,39,43,cold,2,0.4723461866378784,0.4723461866378784
rrq_generalized_heterogeneous,1.0,39,55,median,4,0.38632234930992126,0.4187040627002716
rrq_generalized_heterogeneous,1.0,39,70,hot,4,0.40648408234119415,0.41757088899612427
rrq_generalized_heterogeneous,1.0,39,147,median,4,0.47965528070926666,0.4902568459510803
rrq_generalized_heterogeneous,1.0,39,189,hot,4,0.4254479706287384,0.4288094639778137
rrq_generalized_heterogeneous,1.0,39,193,median,4,0.5117931813001633,0.5377216637134552
rrq_generalized_heterogeneous,1.0,39,235,hot,4,0.3622490465641022,0.3718777298927307
rrq_generalized_heterogeneous,1.25,0,1,median,4,0.3791133612394333,0.38260117173194885
rrq_generalized_heterogeneous,1.25,0,8,cold,1,0.4304371476173401,0.4304371476173401
rrq_generalized_heterogeneous,1.25,0,17,cold,4,0.4302065521478653,0.44272467494010925
rrq_generalized_heterogeneous,1.25,0,22,median,4,0.4265618324279785,0.41944852471351624
rrq_generalized_heterogeneous,1.25,0,114,median,1,0.6799662113189697,0.6799662113189697
rrq_generalized_heterogeneous,1.25,0,158,median,4,0.4232229143381119,0.3762228786945343
rrq_generalized_heterogeneous,1.25,0,164,cold,3,0.4513509273529053,0.46061986684799194
rrq_generalized_heterogeneous,1.25,0,181,hot,4,0.38713662326335907,0.38179659843444824
rrq_generalized_heterogeneous,1.25,0,206,hot,4,0.42479220032691956,0.4331756830215454
rrq_generalized_heterogeneous,1.25,0,238,hot,4,0.481449231505394,0.4280526041984558
rrq_generalized_heterogeneous,1.25,0,248,cold,4,0.3507153242826462,0.3408845067024231
rrq_generalized_heterogeneous,1.25,0,252,hot,4,0.7541615962982178,0.7679321765899658
rrq_generalized_heterogeneous,1.25,4,28,hot,4,0.3698267936706543,0.37080880999565125
rrq_generalized_heterogeneous,1.25,4,36,median,4,0.3748995512723923,0.3628467321395874
rrq_generalized_heterogeneous,1.25,4,82,median,4,0.4647968113422394,0.45577025413513184
rrq_generalized_heterogeneous,1.25,4,111,cold,1,0.4489220976829529,0.4489220976829529
rrq_generalized_heterogeneous,1.25,4,129,hot,4,0.3893812298774719,0.3899899423122406
rrq_generalized_heterogeneous,1.25,4,134,hot,4,0.4062064588069916,0.4007644057273865
rrq_generalized_heterogeneous,1.25,4,143,cold,1,0.36438101530075073,0.36438101530075073
rrq_generalized_heterogeneous,1.25,4,154,hot,4,0.3947180509567261,0.3878003656864166
rrq_generalized_heterogeneous,1.25,4,190,median,4,0.4230623096227646,0.40951624512672424
rrq_generalized_heterogeneous,1.25,4,193,median,4,0.35975509881973267,0.35664552450180054
rrq_generalized_heterogeneous,1.25,20,30,cold,1,0.3317186236381531,0.3317186236381531
rrq_generalized_heterogeneous,1.25,20,44,median,3,0.3333599368731181,0.3378732204437256
rrq_generalized_heterogeneous,1.25,20,45,median,1,0.38825684785842896,0.38825684785842896
rrq_generalized_heterogeneous,1.25,20,72,hot,4,0.3612366169691086,0.3704048991203308
rrq_generalized_heterogeneous,1.25,20,142,median,3,0.49877361456553143,0.4906325340270996
rrq_generalized_heterogeneous,1.25,20,148,hot,4,0.4317506402730942,0.43495601415634155
rrq_generalized_heterogeneous,1.25,20,232,hot,4,0.5010892748832703,0.5235597193241119
rrq_generalized_heterogeneous,1.25,20,240,hot,4,0.38516466319561005,0.3551466763019562
rrq_generalized_heterogeneous,1.25,39,22,hot,4,0.40512150526046753,0.41194015741348267
rrq_generalized_heterogeneous,1.25,39,37,median,4,0.5112878084182739,0.5036920011043549
rrq_generalized_heterogeneous,1.25,39,43,cold,2,0.4723461866378784,0.4723461866378784
rrq_generalized_heterogeneous,1.25,39,55,median,4,0.38632234930992126,0.4187040627002716
rrq_generalized_heterogeneous,1.25,39,70,hot,4,0.40648408234119415,0.41757088899612427
rrq_generalized_heterogeneous,1.25,39,147,median,4,0.47965528070926666,0.4902568459510803
rrq_generalized_heterogeneous,1.25,39,189,hot,4,0.4254479706287384,0.4288094639778137
rrq_generalized_heterogeneous,1.25,39,193,median,4,0.5117931813001633,0.5377216637134552
rrq_generalized_heterogeneous,1.25,39,235,hot,4,0.3622490465641022,0.3718777298927307
rrq_generalized_heterogeneous,1.5,0,1,median,4,0.3791133612394333,0.38260117173194885
rrq_generalized_heterogeneous,1.5,0,8,cold,1,0.4304371476173401,0.4304371476173401
rrq_generalized_heterogeneous,1.5,0,17,cold,4,0.4302065521478653,0.44272467494010925
rrq_generalized_heterogeneous,1.5,0,22,median,4,0.4265618324279785,0.41944852471351624
rrq_generalized_heterogeneous,1.5,0,114,median,1,0.6799662113189697,0.6799662113189697
rrq_generalized_heterogeneous,1.5,0,158,median,4,0.4232229143381119,0.3762228786945343
rrq_generalized_heterogeneous,1.5,0,164,cold,3,0.4513509273529053,0.46061986684799194
rrq_generalized_heterogeneous,1.5,0,181,hot,4,0.38713662326335907,0.38179659843444824
rrq_generalized_heterogeneous,1.5,0,206,hot,4,0.42479220032691956,0.4331756830215454
rrq_generalized_heterogeneous,1.5,0,238,hot,4,0.481449231505394,0.4280526041984558
rrq_generalized_heterogeneous,1.5,0,248,cold,4,0.3507153242826462,0.3408845067024231
rrq_generalized_heterogeneous,1.5,0,252,hot,4,0.7541615962982178,0.7679321765899658
rrq_generalized_heterogeneous,1.5,4,28,hot,4,0.3698267936706543,0.37080880999565125
rrq_generalized_heterogeneous,1.5,4,36,median,4,0.3748995512723923,0.3628467321395874
rrq_generalized_heterogeneous,1.5,4,82,median,4,0.4647968113422394,0.45577025413513184
rrq_generalized_heterogeneous,1.5,4,111,cold,1,0.4489220976829529,0.4489220976829529
rrq_generalized_heterogeneous,1.5,4,129,hot,4,0.3893812298774719,0.3899899423122406
rrq_generalized_heterogeneous,1.5,4,134,hot,4,0.4062064588069916,0.4007644057273865
rrq_generalized_heterogeneous,1.5,4,143,cold,1,0.36438101530075073,0.36438101530075073
rrq_generalized_heterogeneous,1.5,4,154,hot,4,0.3947180509567261,0.3878003656864166
rrq_generalized_heterogeneous,1.5,4,190,median,4,0.4230623096227646,0.40951624512672424
rrq_generalized_heterogeneous,1.5,4,193,median,4,0.35975509881973267,0.35664552450180054
rrq_generalized_heterogeneous,1.5,20,30,cold,1,0.3317186236381531,0.3317186236381531
rrq_generalized_heterogeneous,1.5,20,44,median,3,0.3333599368731181,0.3378732204437256
rrq_generalized_heterogeneous,1.5,20,45,median,1,0.38825684785842896,0.38825684785842896
rrq_generalized_heterogeneous,1.5,20,72,hot,4,0.3612366169691086,0.3704048991203308
rrq_generalized_heterogeneous,1.5,20,142,median,3,0.49877361456553143,0.4906325340270996
rrq_generalized_heterogeneous,1.5,20,148,hot,4,0.4317506402730942,0.43495601415634155
rrq_generalized_heterogeneous,1.5,20,232,hot,4,0.5010892748832703,0.5235597193241119
rrq_generalized_heterogeneous,1.5,20,240,hot,4,0.38516466319561005,0.3551466763019562
rrq_generalized_heterogeneous,1.5,39,22,hot,4,0.40512150526046753,0.41194015741348267
rrq_generalized_heterogeneous,1.5,39,37,median,4,0.5112878084182739,0.5036920011043549
rrq_generalized_heterogeneous,1.5,39,43,cold,2,0.4723461866378784,0.4723461866378784
rrq_generalized_heterogeneous,1.5,39,55,median,4,0.38632234930992126,0.4187040627002716
rrq_generalized_heterogeneous,1.5,39,70,hot,4,0.40648408234119415,0.41757088899612427
rrq_generalized_heterogeneous,1.5,39,147,median,4,0.47965528070926666,0.4902568459510803
rrq_generalized_heterogeneous,1.5,39,189,hot,4,0.4254479706287384,0.4288094639778137
rrq_generalized_heterogeneous,1.5,39,193,median,4,0.5117931813001633,0.5377216637134552
rrq_generalized_heterogeneous,1.5,39,235,hot,4,0.3622490465641022,0.3718777298927307
rrq_generalized_heterogeneous,2.0,0,1,median,4,0.602381631731987,0.6315743923187256
rrq_generalized_heterogeneous,2.0,0,8,cold,1,0.655193567276001,0.655193567276001
rrq_generalized_heterogeneous,2.0,0,17,cold,4,0.6482696086168289,0.6623418629169464
rrq_generalized_heterogeneous,2.0,0,22,median,4,0.7107962816953659,0.7084734737873077
rrq_generalized_heterogeneous,2.0,0,114,median,1,0.8545145988464355,0.8545145988464355
rrq_generalized_heterogeneous,2.0,0,158,median,4,0.715083435177803,0.7017777264118195
rrq_generalized_heterogeneous,2.0,0,164,cold,3,0.6876590450604757,0.7014861106872559
rrq_generalized_heterogeneous,2.0,0,181,hot,4,0.7265104651451111,0.7180240154266357
rrq_generalized_heterogeneous,2.0,0,206,hot,4,0.6622525453567505,0.6720770001411438
rrq_generalized_heterogeneous,2.0,0,238,hot,4,0.7715763002634048,0.7423489689826965
rrq_generalized_heterogeneous,2.0,0,248,cold,4,0.5919837057590485,0.5983332991600037
rrq_generalized_heterogeneous,2.0,0,252,hot,4,0.8863912224769592,0.8934362530708313
rrq_generalized_heterogeneous,2.0,4,28,hot,4,0.6361216306686401,0.6247543692588806
rrq_generalized_heterogeneous,2.0,4,36,median,4,0.6372313648462296,0.6324099600315094
rrq_generalized_heterogeneous,2.0,4,82,median,4,0.6820745468139648,0.6767520010471344
rrq_generalized_heterogeneous,2.0,4,111,cold,1,0.5616525411605835,0.5616525411605835
rrq_generalized_heterogeneous,2.0,4,129,hot,4,0.6244148463010788,0.60518479347229
rrq_generalized_heterogeneous,2.0,4,134,hot,4,0.6586049795150757,0.6516933143138885
rrq_generalized_heterogeneous,2.0,4,143,cold,1,0.5530834197998047,0.5530834197998047
rrq_generalized_heterogeneous,2.0,4,154,hot,4,0.673362985253334,0.6624743044376373
rrq_generalized_heterogeneous,2.0,4,190,median,4,0.7086932361125946,0.7275942265987396
rrq_generalized_heterogeneous,2.0,4,193,median,4,0.6217002123594284,0.6006003022193909
rrq_generalized_heterogeneous,2.0,20,30,cold,1,0.5829806923866272,0.5829806923866272
rrq_generalized_heterogeneous,2.0,20,44,median,3,0.6111918091773987,0.59885573387146
rrq_generalized_heterogeneous,2.0,20,45,median,1,0.6108517646789551,0.6108517646789551
rrq_generalized_heterogeneous,2.0,20,72,hot,4,0.6504427939653397,0.6741988956928253
rrq_generalized_heterogeneous,2.0,20,142,median,3,0.6916055083274841,0.6751342415809631
rrq_generalized_heterogeneous,2.0,20,148,hot,4,0.6793477982282639,0.6865305304527283
rrq_generalized_heterogeneous,2.0,20,232,hot,4,0.7330742925405502,0.7413242757320404
rrq_generalized_heterogeneous,2.0,20,240,hot,4,0.6352809071540833,0.6351986527442932
rrq_generalized_heterogeneous,2.0,39,22,hot,4,0.5761519074440002,0.5821329951286316
rrq_generalized_heterogeneous,2.0,39,37,median,4,0.749537855386734,0.7411412000656128
rrq_generalized_heterogeneous,2.0,39,43,cold,2,0.6424181759357452,0.6424181759357452
rrq_generalized_heterogeneous,2.0,39,55,median,4,0.6303179562091827,0.6567183136940002
rrq_generalized_heterogeneous,2.0,39,70,hot,4,0.7157518714666367,0.6904521882534027
rrq_generalized_heterogeneous,2.0,39,147,median,4,0.7420739233493805,0.7453817427158356
rrq_generalized_heterogeneous,2.0,39,189,hot,4,0.6774441301822662,0.7004545032978058
rrq_generalized_heterogeneous,2.0,39,193,median,4,0.727432444691658,0.7276086211204529
rrq_generalized_heterogeneous,2.0,39,235,hot,4,0.5919148176908493,0.6121044754981995
rrq_generalized_heterogeneous,2.25,0,1,median,4,0.602381631731987,0.6315743923187256
rrq_generalized_heterogeneous,2.25,0,8,cold,1,0.655193567276001,0.655193567276001
rrq_generalized_heterogeneous,2.25,0,17,cold,4,0.6482696086168289,0.6623418629169464
rrq_generalized_heterogeneous,2.25,0,22,median,4,0.7107962816953659,0.7084734737873077
rrq_generalized_heterogeneous,2.25,0,114,median,1,0.8545145988464355,0.8545145988464355
rrq_generalized_heterogeneous,2.25,0,158,median,4,0.715083435177803,0.7017777264118195
rrq_generalized_heterogeneous,2.25,0,164,cold,3,0.6876590450604757,0.7014861106872559
rrq_generalized_heterogeneous,2.25,0,181,hot,4,0.7265104651451111,0.7180240154266357
rrq_generalized_heterogeneous,2.25,0,206,hot,4,0.6622525453567505,0.6720770001411438
rrq_generalized_heterogeneous,2.25,0,238,hot,4,0.7715763002634048,0.7423489689826965
rrq_generalized_heterogeneous,2.25,0,248,cold,4,0.5919837057590485,0.5983332991600037
rrq_generalized_heterogeneous,2.25,0,252,hot,4,0.8863912224769592,0.8934362530708313
rrq_generalized_heterogeneous,2.25,4,28,hot,4,0.6361216306686401,0.6247543692588806
rrq_generalized_heterogeneous,2.25,4,36,median,4,0.6372313648462296,0.6324099600315094
rrq_generalized_heterogeneous,2.25,4,82,median,4,0.6820745468139648,0.6767520010471344
rrq_generalized_heterogeneous,2.25,4,111,cold,1,0.5616525411605835,0.5616525411605835
rrq_generalized_heterogeneous,2.25,4,129,hot,4,0.6244148463010788,0.60518479347229
rrq_generalized_heterogeneous,2.25,4,134,hot,4,0.6586049795150757,0.6516933143138885
rrq_generalized_heterogeneous,2.25,4,143,cold,1,0.5530834197998047,0.5530834197998047
rrq_generalized_heterogeneous,2.25,4,154,hot,4,0.673362985253334,0.6624743044376373
rrq_generalized_heterogeneous,2.25,4,190,median,4,0.7086932361125946,0.7275942265987396
rrq_generalized_heterogeneous,2.25,4,193,median,4,0.6217002123594284,0.6006003022193909
rrq_generalized_heterogeneous,2.25,20,30,cold,1,0.5829806923866272,0.5829806923866272
rrq_generalized_heterogeneous,2.25,20,44,median,3,0.6111918091773987,0.59885573387146
rrq_generalized_heterogeneous,2.25,20,45,median,1,0.6108517646789551,0.6108517646789551
rrq_generalized_heterogeneous,2.25,20,72,hot,4,0.6504427939653397,0.6741988956928253
rrq_generalized_heterogeneous,2.25,20,142,median,3,0.6916055083274841,0.6751342415809631
rrq_generalized_heterogeneous,2.25,20,148,hot,4,0.6793477982282639,0.6865305304527283
rrq_generalized_heterogeneous,2.25,20,232,hot,4,0.7330742925405502,0.7413242757320404
rrq_generalized_heterogeneous,2.25,20,240,hot,4,0.6352809071540833,0.6351986527442932
rrq_generalized_heterogeneous,2.25,39,22,hot,4,0.5761519074440002,0.5821329951286316
rrq_generalized_heterogeneous,2.25,39,37,median,4,0.749537855386734,0.7411412000656128
rrq_generalized_heterogeneous,2.25,39,43,cold,2,0.6424181759357452,0.6424181759357452
rrq_generalized_heterogeneous,2.25,39,55,median,4,0.6303179562091827,0.6567183136940002
rrq_generalized_heterogeneous,2.25,39,70,hot,4,0.7157518714666367,0.6904521882534027
rrq_generalized_heterogeneous,2.25,39,147,median,4,0.7420739233493805,0.7453817427158356
rrq_generalized_heterogeneous,2.25,39,189,hot,4,0.6774441301822662,0.7004545032978058
rrq_generalized_heterogeneous,2.25,39,193,median,4,0.727432444691658,0.7276086211204529
rrq_generalized_heterogeneous,2.25,39,235,hot,4,0.5919148176908493,0.6121044754981995
rrq_generalized_heterogeneous,3.0,0,1,median,4,0.7844895571470261,0.7987704575061798
rrq_generalized_heterogeneous,3.0,0,8,cold,1,0.8218052983283997,0.8218052983283997
rrq_generalized_heterogeneous,3.0,0,17,cold,4,0.834116667509079,0.8329058587551117
rrq_generalized_heterogeneous,3.0,0,22,median,4,0.8435545414686203,0.8619154691696167
rrq_generalized_heterogeneous,3.0,0,114,median,1,0.9220569729804993,0.9220569729804993
rrq_generalized_heterogeneous,3.0,0,158,median,4,0.885318860411644,0.8911387324333191
rrq_generalized_heterogeneous,3.0,0,164,cold,3,0.8111675977706909,0.823935329914093
rrq_generalized_heterogeneous,3.0,0,181,hot,4,0.8908120542764664,0.879974752664566
rrq_generalized_heterogeneous,3.0,0,206,hot,4,0.862071692943573,0.8754071593284607
rrq_generalized_heterogeneous,3.0,0,238,hot,4,0.9003991484642029,0.9136254191398621
rrq_generalized_heterogeneous,3.0,0,248,cold,4,0.7612530142068863,0.8149972259998322
rrq_generalized_heterogeneous,3.0,0,252,hot,4,0.9502770006656647,0.953830361366272
rrq_generalized_heterogeneous,3.0,4,28,hot,4,0.7980183362960815,0.798509806394577
rrq_generalized_heterogeneous,3.0,4,36,median,4,0.8209961354732513,0.8168747425079346
rrq_generalized_heterogeneous,3.0,4,82,median,4,0.856898844242096,0.8713265657424927
rrq_generalized_heterogeneous,3.0,4,111,cold,1,0.8344103693962097,0.8344103693962097
rrq_generalized_heterogeneous,3.0,4,129,hot,4,0.8763410598039627,0.8757378458976746
rrq_generalized_heterogeneous,3.0,4,134,hot,4,0.8594789057970047,0.8618975281715393
rrq_generalized_heterogeneous,3.0,4,143,cold,1,0.7956151366233826,0.7956151366233826
rrq_generalized_heterogeneous,3.0,4,154,hot,4,0.8047934621572495,0.7906899750232697
rrq_generalized_heterogeneous,3.0,4,190,median,4,0.8880517035722733,0.8929813802242279
rrq_generalized_heterogeneous,3.0,4,193,median,4,0.8467828184366226,0.8577380776405334
rrq_generalized_heterogeneous,3.0,20,30,cold,1,0.8453255891799927,0.8453255891799927
rrq_generalized_heterogeneous,3.0,20,44,median,3,0.8112391432126363,0.8322359323501587
rrq_generalized_heterogeneous,3.0,20,45,median,1,0.8781760931015015,0.8781760931015015
rrq_generalized_heterogeneous,3.0,20,72,hot,4,0.8402783870697021,0.8330264091491699
rrq_generalized_heterogeneous,3.0,20,142,median,3,0.8220491607983907,0.8587417006492615
rrq_generalized_heterogeneous,3.0,20,148,hot,4,0.8526008576154709,0.8610345423221588
rrq_generalized_heterogeneous,3.0,20,232,hot,4,0.8979225307703018,0.9035672247409821
rrq_generalized_heterogeneous,3.0,20,240,hot,4,0.8029904514551163,0.8368752002716064
rrq_generalized_heterogeneous,3.0,39,22,hot,4,0.7213861793279648,0.7219924032688141
rrq_generalized_heterogeneous,3.0,39,37,median,4,0.9027628153562546,0.9040053486824036
rrq_generalized_heterogeneous,3.0,39,43,cold,2,0.7795839309692383,0.7795839309692383
rrq_generalized_heterogeneous,3.0,39,55,median,4,0.8528296202421188,0.8749044835567474
rrq_generalized_heterogeneous,3.0,39,70,hot,4,0.8347664475440979,0.823482871055603
rrq_generalized_heterogeneous,3.0,39,147,median,4,0.8544527292251587,0.8423629105091095
rrq_generalized_heterogeneous,3.0,39,189,hot,4,0.8453984558582306,0.8479291796684265
rrq_generalized_heterogeneous,3.0,39,193,median,4,0.8851259052753448,0.8866981267929077
rrq_generalized_heterogeneous,3.0,39,235,hot,4,0.7674303948879242,0.8178843557834625
rrq_generalized_heterogeneous,4.0,0,1,median,4,0.9376857727766037,0.9369224905967712
rrq_generalized_heterogeneous,4.0,0,8,cold,1,0.9490194320678711,0.9490194320678711
rrq_generalized_heterogeneous,4.0,0,17,cold,4,0.9460184872150421,0.9437945485115051
rrq_generalized_heterogeneous,4.0,0,22,median,4,0.9602276235818863,0.9535433351993561
rrq_generalized_heterogeneous,4.0,0,114,median,1,0.9708606004714966,0.9708606004714966
rrq_generalized_heterogeneous,4.0,0,158,median,4,0.956721231341362,0.9615697264671326
rrq_generalized_heterogeneous,4.0,0,164,cold,3,0.9451109369595846,0.9499756693840027
rrq_generalized_heterogeneous,4.0,0,181,hot,4,0.9626421332359314,0.9630194306373596
rrq_generalized_heterogeneous,4.0,0,206,hot,4,0.9771742969751358,0.9755212962627411
rrq_generalized_heterogeneous,4.0,0,238,hot,4,0.9699050933122635,0.9662068486213684
rrq_generalized_heterogeneous,4.0,0,248,cold,4,0.9304988235235214,0.9489787518978119
rrq_generalized_heterogeneous,4.0,0,252,hot,4,0.9884711802005768,0.9882360994815826
rrq_generalized_heterogeneous,4.0,4,28,hot,4,0.9280706942081451,0.9248323142528534
rrq_generalized_heterogeneous,4.0,4,36,median,4,0.9454326778650284,0.9486616551876068
rrq_generalized_heterogeneous,4.0,4,82,median,4,0.945758581161499,0.9441205263137817
rrq_generalized_heterogeneous,4.0,4,111,cold,1,0.9346153736114502,0.9346153736114502
rrq_generalized_heterogeneous,4.0,4,129,hot,4,0.9538361579179764,0.9567433595657349
rrq_generalized_heterogeneous,4.0,4,134,hot,4,0.938108891248703,0.938106119632721
rrq_generalized_heterogeneous,4.0,4,143,cold,1,0.9370781183242798,0.9370781183242798
rrq_generalized_heterogeneous,4.0,4,154,hot,4,0.9486781805753708,0.9569401144981384
rrq_generalized_heterogeneous,4.0,4,190,median,4,0.9697096645832062,0.9674073159694672
rrq_generalized_heterogeneous,4.0,4,193,median,4,0.9531806409358978,0.9562810957431793
rrq_generalized_heterogeneous,4.0,20,30,cold,1,0.9058499336242676,0.9058499336242676
rrq_generalized_heterogeneous,4.0,20,44,median,3,0.948302427927653,0.9407160878181458
rrq_generalized_heterogeneous,4.0,20,45,median,1,0.9541759490966797,0.9541759490966797
rrq_generalized_heterogeneous,4.0,20,72,hot,4,0.9498867839574814,0.9546516835689545
rrq_generalized_heterogeneous,4.0,20,142,median,3,0.9525222579638163,0.9408922791481018
rrq_generalized_heterogeneous,4.0,20,148,hot,4,0.9503576457500458,0.949893981218338
rrq_generalized_heterogeneous,4.0,20,232,hot,4,0.9587851762771606,0.9588773846626282
rrq_generalized_heterogeneous,4.0,20,240,hot,4,0.940735250711441,0.9496550858020782
rrq_generalized_heterogeneous,4.0,39,22,hot,4,0.9203056991100311,0.9223833084106445
rrq_generalized_heterogeneous,4.0,39,37,median,4,0.960111528635025,0.9599627554416656
rrq_generalized_heterogeneous,4.0,39,43,cold,2,0.9167015552520752,0.9167015552520752
rrq_generalized_heterogeneous,4.0,39,55,median,4,0.9334972947835922,0.9466221332550049
rrq_generalized_heterogeneous,4.0,39,70,hot,4,0.9659664332866669,0.9659394323825836
rrq_generalized_heterogeneous,4.0,39,147,median,4,0.949457973241806,0.9633202254772186
rrq_generalized_heterogeneous,4.0,39,189,hot,4,0.9459171891212463,0.9460199177265167
rrq_generalized_heterogeneous,4.0,39,193,median,4,0.958898276090622,0.9603005349636078
rrq_generalized_heterogeneous,4.0,39,235,hot,4,0.9296713918447495,0.9376923739910126
rrq_raw_heterogeneous,0.75,0,1,median,4,0.24046845734119415,0.2182255983352661
rrq_raw_heterogeneous,0.75,0,8,cold,1,5.960464477539063e-08,5.960464477539063e-08
rrq_raw_heterogeneous,0.75,0,17,cold,4,0.1400679349899292,0.14668899774551392
rrq_raw_heterogeneous,0.75,0,22,median,4,0.2963569462299347,0.2972135841846466
rrq_raw_heterogeneous,0.75,0,114,median,1,0.0,0.0
rrq_raw_heterogeneous,0.75,0,158,median,4,0.28209780156612396,0.27464738488197327
rrq_raw_heterogeneous,0.75,0,164,cold,3,0.2316086490948995,0.29224127531051636
rrq_raw_heterogeneous,0.75,0,181,hot,4,0.2502768039703369,0.23835143446922302
rrq_raw_heterogeneous,0.75,0,206,hot,4,0.21629822254180908,0.17678889632225037
rrq_raw_heterogeneous,0.75,0,238,hot,4,0.22227469086647034,0.21054044365882874
rrq_raw_heterogeneous,0.75,0,248,cold,4,0.19482745230197906,0.18457543849945068
rrq_raw_heterogeneous,0.75,0,252,hot,4,0.13201133906841278,0.1396237313747406
rrq_raw_heterogeneous,0.75,4,28,hot,4,0.3015577048063278,0.2732950747013092
rrq_raw_heterogeneous,0.75,4,36,median,4,0.1084144115447998,0.06213414669036865
rrq_raw_heterogeneous,0.75,4,82,median,4,0.44544635713100433,0.5083269774913788
rrq_raw_heterogeneous,0.75,4,111,cold,1,0.0,0.0
rrq_raw_heterogeneous,0.75,4,129,hot,4,0.39316824078559875,0.42731374502182007
rrq_raw_heterogeneous,0.75,4,134,hot,4,0.21720881760120392,0.20855286717414856
rrq_raw_heterogeneous,0.75,4,143,cold,1,5.960464477539063e-08,5.960464477539063e-08
rrq_raw_heterogeneous,0.75,4,154,hot,4,0.2917011231184006,0.30309998989105225
rrq_raw_heterogeneous,0.75,4,190,median,4,0.2468145191669464,0.3169959783554077
rrq_raw_heterogeneous,0.75,4,193,median,4,0.3178030401468277,0.3137114644050598
rrq_raw_heterogeneous,0.75,20,30,cold,1,0.3756129741668701,0.3756129741668701
rrq_raw_heterogeneous,0.75,20,44,median,3,0.36912737290064496,0.4404029846191406
rrq_raw_heterogeneous,0.75,20,45,median,1,0.2404996156692505,0.2404996156692505
rrq_raw_heterogeneous,0.75,20,72,hot,4,0.3540358692407608,0.3811723589897156
rrq_raw_heterogeneous,0.75,20,142,median,3,0.366129736105601,0.3321939706802368
rrq_raw_heterogeneous,0.75,20,148,hot,4,0.1854836791753769,0.16091376543045044
rrq_raw_heterogeneous,0.75,20,232,hot,4,0.47592101991176605,0.4868455231189728
rrq_raw_heterogeneous,0.75,20,240,hot,4,0.1760341227054596,0.18907764554023743
rrq_raw_heterogeneous,0.75,39,22,hot,4,0.3228388726711273,0.3319372236728668
rrq_raw_heterogeneous,0.75,39,37,median,4,0.32823461294174194,0.31602391600608826
rrq_raw_heterogeneous,0.75,39,43,cold,2,0.09190574288368225,0.09190574288368225
rrq_raw_heterogeneous,0.75,39,55,median,4,0.12012356519699097,0.09582394361495972
rrq_raw_heterogeneous,0.75,39,70,hot,4,0.1448589265346527,0.14558252692222595
rrq_raw_heterogeneous,0.75,39,147,median,4,0.10417577624320984,0.07225966453552246
rrq_raw_heterogeneous,0.75,39,189,hot,4,0.26305538415908813,0.2570739984512329
rrq_raw_heterogeneous,0.75,39,193,median,4,0.1939801424741745,0.15524673461914062
rrq_raw_heterogeneous,0.75,39,235,hot,4,0.370289608836174,0.44808173179626465
rrq_raw_heterogeneous,1.0,0,1,median,4,0.3836408704519272,0.38260117173194885
rrq_raw_heterogeneous,1.0,0,8,cold,1,0.4304371476173401,0.4304371476173401
rrq_raw_heterogeneous,1.0,0,17,cold,4,0.4302065521478653,0.44272467494010925
rrq_raw_heterogeneous,1.0,0,22,median,4,0.4531313627958298,0.4425339698791504
rrq_raw_heterogeneous,1.0,0,114,median,1,0.6799662113189697,0.6799662113189697
rrq_raw_heterogeneous,1.0,0,158,median,4,0.42275647819042206,0.37529000639915466
rrq_raw_heterogeneous,1.0,0,164,cold,3,0.451465904712677,0.46061986684799194
rrq_raw_heterogeneous,1.0,0,181,hot,4,0.3735562860965729,0.3499755859375
rrq_raw_heterogeneous,1.0,0,206,hot,4,0.41513480246067047,0.41386088728904724
rrq_raw_heterogeneous,1.0,0,238,hot,4,0.481449231505394,0.4280526041984558
rrq_raw_heterogeneous,1.0,0,248,cold,4,0.353474885225296,0.3573826849460602
rrq_raw_heterogeneous,1.0,0,252,hot,4,0.7541615962982178,0.7679321765899658
rrq_raw_heterogeneous,1.0,4,28,hot,4,0.4164607375860214,0.3860856592655182
rrq_raw_heterogeneous,1.0,4,36,median,4,0.3451509475708008,0.3356427550315857
rrq_raw_heterogeneous,1.0,4,82,median,4,0.4957423657178879,0.5083269774913788
rrq_raw_heterogeneous,1.0,4,111,cold,1,0.3798999786376953,0.3798999786376953
rrq_raw_heterogeneous,1.0,4,129,hot,4,0.4678889811038971,0.4789958894252777
rrq_raw_heterogeneous,1.0,4,134,hot,4,0.4050918072462082,0.3985351026058197
rrq_raw_heterogeneous,1.0,4,143,cold,1,0.36438101530075073,0.36438101530075073
rrq_raw_heterogeneous,1.0,4,154,hot,4,0.4090595096349716,0.4134804308414459
rrq_raw_heterogeneous,1.0,4,190,median,4,0.44170038402080536,0.4310140609741211
rrq_raw_heterogeneous,1.0,4,193,median,4,0.4084184467792511,0.41548362374305725
rrq_raw_heterogeneous,1.0,20,30,cold,1,0.3756129741668701,0.3756129741668701
rrq_raw_heterogeneous,1.0,20,44,median,3,0.41118669509887695,0.4404029846191406
rrq_raw_heterogeneous,1.0,20,45,median,1,0.3931524157524109,0.3931524157524109
rrq_raw_heterogeneous,1.0,20,72,hot,4,0.3969500958919525,0.38842225074768066
rrq_raw_heterogeneous,1.0,20,142,median,3,0.5345977743466696,0.5422081351280212
rrq_raw_heterogeneous,1.0,20,148,hot,4,0.42818014323711395,0.4273911118507385
rrq_raw_heterogeneous,1.0,20,232,hot,4,0.47592101991176605,0.4868455231189728
rrq_raw_heterogeneous,1.0,20,240,hot,4,0.34174202382564545,0.29459574818611145
rrq_raw_heterogeneous,1.0,39,22,hot,4,0.42631277441978455,0.43584904074668884
rrq_raw_heterogeneous,1.0,39,37,median,4,0.4788254648447037,0.4749091863632202
rrq_raw_heterogeneous,1.0,39,43,cold,2,0.4723461866378784,0.4723461866378784
rrq_raw_heterogeneous,1.0,39,55,median,4,0.3771408051252365,0.3795466125011444
rrq_raw_heterogeneous,1.0,39,70,hot,4,0.40648408234119415,0.41757088899612427
rrq_raw_heterogeneous,1.0,39,147,median,4,0.47050605714321136,0.4902568459510803
rrq_raw_heterogeneous,1.0,39,189,hot,4,0.4276743233203888,0.4434082508087158
rrq_raw_heterogeneous,1.0,39,193,median,4,0.5273372828960419,0.5377216637134552
rrq_raw_heterogeneous,1.0,39,235,hot,4,0.45809511840343475,0.4594062864780426
rrq_raw_heterogeneous,1.25,0,1,median,4,0.3836408704519272,0.38260117173194885
rrq_raw_heterogeneous,1.25,0,8,cold,1,0.4304371476173401,0.4304371476173401
rrq_raw_heterogeneous,1.25,0,17,cold,4,0.4302065521478653,0.44272467494010925
rrq_raw_heterogeneous,1.25,0,22,median,4,0.4531313627958298,0.4425339698791504
rrq_raw_heterogeneous,1.25,0,114,median,1,0.6799662113189697,0.6799662113189697
rrq_raw_heterogeneous,1.25,0,158,median,4,0.42275647819042206,0.37529000639915466
rrq_raw_heterogeneous,1.25,0,164,cold,3,0.451465904712677,0.46061986684799194
rrq_raw_heterogeneous,1.25,0,181,hot,4,0.3735562860965729,0.3499755859375
rrq_raw_heterogeneous,1.25,0,206,hot,4,0.41513480246067047,0.41386088728904724
rrq_raw_heterogeneous,1.25,0,238,hot,4,0.481449231505394,0.4280526041984558
rrq_raw_heterogeneous,1.25,0,248,cold,4,0.353474885225296,0.3573826849460602
rrq_raw_heterogeneous,1.25,0,252,hot,4,0.7541615962982178,0.7679321765899658
rrq_raw_heterogeneous,1.25,4,28,hot,4,0.4164607375860214,0.3860856592655182
rrq_raw_heterogeneous,1.25,4,36,median,4,0.3451509475708008,0.3356427550315857
rrq_raw_heterogeneous,1.25,4,82,median,4,0.4957423657178879,0.5083269774913788
rrq_raw_heterogeneous,1.25,4,111,cold,1,0.3798999786376953,0.3798999786376953
rrq_raw_heterogeneous,1.25,4,129,hot,4,0.4678889811038971,0.4789958894252777
rrq_raw_heterogeneous,1.25,4,134,hot,4,0.4050918072462082,0.3985351026058197
rrq_raw_heterogeneous,1.25,4,143,cold,1,0.36438101530075073,0.36438101530075073
rrq_raw_heterogeneous,1.25,4,154,hot,4,0.4090595096349716,0.4134804308414459
rrq_raw_heterogeneous,1.25,4,190,median,4,0.44170038402080536,0.4310140609741211
rrq_raw_heterogeneous,1.25,4,193,median,4,0.4084184467792511,0.41548362374305725
rrq_raw_heterogeneous,1.25,20,30,cold,1,0.3756129741668701,0.3756129741668701
rrq_raw_heterogeneous,1.25,20,44,median,3,0.41118669509887695,0.4404029846191406
rrq_raw_heterogeneous,1.25,20,45,median,1,0.3931524157524109,0.3931524157524109
rrq_raw_heterogeneous,1.25,20,72,hot,4,0.3969500958919525,0.38842225074768066
rrq_raw_heterogeneous,1.25,20,142,median,3,0.5345977743466696,0.5422081351280212
rrq_raw_heterogeneous,1.25,20,148,hot,4,0.42818014323711395,0.4273911118507385
rrq_raw_heterogeneous,1.25,20,232,hot,4,0.47592101991176605,0.4868455231189728
rrq_raw_heterogeneous,1.25,20,240,hot,4,0.34174202382564545,0.29459574818611145
rrq_raw_heterogeneous,1.25,39,22,hot,4,0.42631277441978455,0.43584904074668884
rrq_raw_heterogeneous,1.25,39,37,median,4,0.4788254648447037,0.4749091863632202
rrq_raw_heterogeneous,1.25,39,43,cold,2,0.4723461866378784,0.4723461866378784
rrq_raw_heterogeneous,1.25,39,55,median,4,0.3771408051252365,0.3795466125011444
rrq_raw_heterogeneous,1.25,39,70,hot,4,0.40648408234119415,0.41757088899612427
rrq_raw_heterogeneous,1.25,39,147,median,4,0.47050605714321136,0.4902568459510803
rrq_raw_heterogeneous,1.25,39,189,hot,4,0.4276743233203888,0.4434082508087158
rrq_raw_heterogeneous,1.25,39,193,median,4,0.5273372828960419,0.5377216637134552
rrq_raw_heterogeneous,1.25,39,235,hot,4,0.45809511840343475,0.4594062864780426
rrq_raw_heterogeneous,1.5,0,1,median,4,0.3836408704519272,0.38260117173194885
rrq_raw_heterogeneous,1.5,0,8,cold,1,0.4304371476173401,0.4304371476173401
rrq_raw_heterogeneous,1.5,0,17,cold,4,0.4302065521478653,0.44272467494010925
rrq_raw_heterogeneous,1.5,0,22,median,4,0.4531313627958298,0.4425339698791504
rrq_raw_heterogeneous,1.5,0,114,median,1,0.6799662113189697,0.6799662113189697
rrq_raw_heterogeneous,1.5,0,158,median,4,0.42275647819042206,0.37529000639915466
rrq_raw_heterogeneous,1.5,0,164,cold,3,0.451465904712677,0.46061986684799194
rrq_raw_heterogeneous,1.5,0,181,hot,4,0.3735562860965729,0.3499755859375
rrq_raw_heterogeneous,1.5,0,206,hot,4,0.41513480246067047,0.41386088728904724
rrq_raw_heterogeneous,1.5,0,238,hot,4,0.481449231505394,0.4280526041984558
rrq_raw_heterogeneous,1.5,0,248,cold,4,0.353474885225296,0.3573826849460602
rrq_raw_heterogeneous,1.5,0,252,hot,4,0.7541615962982178,0.7679321765899658
rrq_raw_heterogeneous,1.5,4,28,hot,4,0.4164607375860214,0.3860856592655182
rrq_raw_heterogeneous,1.5,4,36,median,4,0.3451509475708008,0.3356427550315857
rrq_raw_heterogeneous,1.5,4,82,median,4,0.4957423657178879,0.5083269774913788
rrq_raw_heterogeneous,1.5,4,111,cold,1,0.3798999786376953,0.3798999786376953
rrq_raw_heterogeneous,1.5,4,129,hot,4,0.4678889811038971,0.4789958894252777
rrq_raw_heterogeneous,1.5,4,134,hot,4,0.4050918072462082,0.3985351026058197
rrq_raw_heterogeneous,1.5,4,143,cold,1,0.36438101530075073,0.36438101530075073
rrq_raw_heterogeneous,1.5,4,154,hot,4,0.4090595096349716,0.4134804308414459
rrq_raw_heterogeneous,1.5,4,190,median,4,0.44170038402080536,0.4310140609741211
rrq_raw_heterogeneous,1.5,4,193,median,4,0.4084184467792511,0.41548362374305725
rrq_raw_heterogeneous,1.5,20,30,cold,1,0.3756129741668701,0.3756129741668701
rrq_raw_heterogeneous,1.5,20,44,median,3,0.41118669509887695,0.4404029846191406
rrq_raw_heterogeneous,1.5,20,45,median,1,0.3931524157524109,0.3931524157524109
rrq_raw_heterogeneous,1.5,20,72,hot,4,0.3969500958919525,0.38842225074768066
rrq_raw_heterogeneous,1.5,20,142,median,3,0.5345977743466696,0.5422081351280212
rrq_raw_heterogeneous,1.5,20,148,hot,4,0.42818014323711395,0.4273911118507385
rrq_raw_heterogeneous,1.5,20,232,hot,4,0.47592101991176605,0.4868455231189728
rrq_raw_heterogeneous,1.5,20,240,hot,4,0.34174202382564545,0.29459574818611145
rrq_raw_heterogeneous,1.5,39,22,hot,4,0.42631277441978455,0.43584904074668884
rrq_raw_heterogeneous,1.5,39,37,median,4,0.4788254648447037,0.4749091863632202
rrq_raw_heterogeneous,1.5,39,43,cold,2,0.4723461866378784,0.4723461866378784
rrq_raw_heterogeneous,1.5,39,55,median,4,0.3771408051252365,0.3795466125011444
rrq_raw_heterogeneous,1.5,39,70,hot,4,0.40648408234119415,0.41757088899612427
rrq_raw_heterogeneous,1.5,39,147,median,4,0.47050605714321136,0.4902568459510803
rrq_raw_heterogeneous,1.5,39,189,hot,4,0.4276743233203888,0.4434082508087158
rrq_raw_heterogeneous,1.5,39,193,median,4,0.5273372828960419,0.5377216637134552
rrq_raw_heterogeneous,1.5,39,235,hot,4,0.45809511840343475,0.4594062864780426
rrq_raw_heterogeneous,2.0,0,1,median,4,0.6427378952503204,0.6360031068325043
rrq_raw_heterogeneous,2.0,0,8,cold,1,0.5954117774963379,0.5954117774963379
rrq_raw_heterogeneous,2.0,0,17,cold,4,0.6316259354352951,0.6257307231426239
rrq_raw_heterogeneous,2.0,0,22,median,4,0.6966806203126907,0.6670036017894745
rrq_raw_heterogeneous,2.0,0,114,median,1,0.8354095220565796,0.8354095220565796
rrq_raw_heterogeneous,2.0,0,158,median,4,0.6878281980752945,0.6815187335014343
rrq_raw_heterogeneous,2.0,0,164,cold,3,0.6886368989944458,0.7077101469039917
rrq_raw_heterogeneous,2.0,0,181,hot,4,0.738573282957077,0.7412071228027344
rrq_raw_heterogeneous,2.0,0,206,hot,4,0.6564936190843582,0.6689728498458862
rrq_raw_heterogeneous,2.0,0,238,hot,4,0.7818382531404495,0.771013468503952
rrq_raw_heterogeneous,2.0,0,248,cold,4,0.5647046566009521,0.5666466057300568
rrq_raw_heterogeneous,2.0,0,252,hot,4,0.8882039487361908,0.8970617055892944
rrq_raw_heterogeneous,2.0,4,28,hot,4,0.6500822305679321,0.6425406634807587
rrq_raw_heterogeneous,2.0,4,36,median,4,0.61356021463871,0.6124153733253479
rrq_raw_heterogeneous,2.0,4,82,median,4,0.7088056206703186,0.7105488777160645
rrq_raw_heterogeneous,2.0,4,111,cold,1,0.5724986791610718,0.5724986791610718
rrq_raw_heterogeneous,2.0,4,129,hot,4,0.6915793418884277,0.6796568632125854
rrq_raw_heterogeneous,2.0,4,134,hot,4,0.663697138428688,0.6442212760448456
rrq_raw_heterogeneous,2.0,4,143,cold,1,0.6205357909202576,0.6205357909202576
rrq_raw_heterogeneous,2.0,4,154,hot,4,0.6826871931552887,0.6843402981758118
rrq_raw_heterogeneous,2.0,4,190,median,4,0.7498102635145187,0.747509241104126
rrq_raw_heterogeneous,2.0,4,193,median,4,0.668631374835968,0.683053195476532
rrq_raw_heterogeneous,2.0,20,30,cold,1,0.5773193836212158,0.5773193836212158
rrq_raw_heterogeneous,2.0,20,44,median,3,0.6925973296165466,0.6975191235542297
rrq_raw_heterogeneous,2.0,20,45,median,1,0.663820207118988,0.663820207118988
rrq_raw_heterogeneous,2.0,20,72,hot,4,0.6896016150712967,0.719521552324295
rrq_raw_heterogeneous,2.0,20,142,median,3,0.7258104483286539,0.696121335029602
rrq_raw_heterogeneous,2.0,20,148,hot,4,0.6775148063898087,0.6907722353935242
rrq_raw_heterogeneous,2.0,20,232,hot,4,0.7173452228307724,0.7362561523914337
rrq_raw_heterogeneous,2.0,20,240,hot,4,0.576266348361969,0.6143544316291809
rrq_raw_heterogeneous,2.0,39,22,hot,4,0.6320271492004395,0.6323318481445312
rrq_raw_heterogeneous,2.0,39,37,median,4,0.7304019927978516,0.7361843883991241
rrq_raw_heterogeneous,2.0,39,43,cold,2,0.6283179819583893,0.6283179819583893
rrq_raw_heterogeneous,2.0,39,55,median,4,0.5924698859453201,0.5999881327152252
rrq_raw_heterogeneous,2.0,39,70,hot,4,0.7026644200086594,0.6904691457748413
rrq_raw_heterogeneous,2.0,39,147,median,4,0.7074802219867706,0.7205117046833038
rrq_raw_heterogeneous,2.0,39,189,hot,4,0.6993256509304047,0.711283951997757
rrq_raw_heterogeneous,2.0,39,193,median,4,0.7248385697603226,0.7181752920150757
rrq_raw_heterogeneous,2.0,39,235,hot,4,0.6866225451231003,0.6839699149131775
rrq_raw_heterogeneous,2.25,0,1,median,4,0.6427378952503204,0.6360031068325043
rrq_raw_heterogeneous,2.25,0,8,cold,1,0.5954117774963379,0.5954117774963379
rrq_raw_heterogeneous,2.25,0,17,cold,4,0.6316259354352951,0.6257307231426239
rrq_raw_heterogeneous,2.25,0,22,median,4,0.6966806203126907,0.6670036017894745
rrq_raw_heterogeneous,2.25,0,114,median,1,0.8354095220565796,0.8354095220565796
rrq_raw_heterogeneous,2.25,0,158,median,4,0.6878281980752945,0.6815187335014343
rrq_raw_heterogeneous,2.25,0,164,cold,3,0.6886368989944458,0.7077101469039917
rrq_raw_heterogeneous,2.25,0,181,hot,4,0.738573282957077,0.7412071228027344
rrq_raw_heterogeneous,2.25,0,206,hot,4,0.6564936190843582,0.6689728498458862
rrq_raw_heterogeneous,2.25,0,238,hot,4,0.7818382531404495,0.771013468503952
rrq_raw_heterogeneous,2.25,0,248,cold,4,0.5647046566009521,0.5666466057300568
rrq_raw_heterogeneous,2.25,0,252,hot,4,0.8882039487361908,0.8970617055892944
rrq_raw_heterogeneous,2.25,4,28,hot,4,0.6500822305679321,0.6425406634807587
rrq_raw_heterogeneous,2.25,4,36,median,4,0.61356021463871,0.6124153733253479
rrq_raw_heterogeneous,2.25,4,82,median,4,0.7088056206703186,0.7105488777160645
rrq_raw_heterogeneous,2.25,4,111,cold,1,0.5724986791610718,0.5724986791610718
rrq_raw_heterogeneous,2.25,4,129,hot,4,0.6915793418884277,0.6796568632125854
rrq_raw_heterogeneous,2.25,4,134,hot,4,0.663697138428688,0.6442212760448456
rrq_raw_heterogeneous,2.25,4,143,cold,1,0.6205357909202576,0.6205357909202576
rrq_raw_heterogeneous,2.25,4,154,hot,4,0.6826871931552887,0.6843402981758118
rrq_raw_heterogeneous,2.25,4,190,median,4,0.7498102635145187,0.747509241104126
rrq_raw_heterogeneous,2.25,4,193,median,4,0.668631374835968,0.683053195476532
rrq_raw_heterogeneous,2.25,20,30,cold,1,0.5773193836212158,0.5773193836212158
rrq_raw_heterogeneous,2.25,20,44,median,3,0.6925973296165466,0.6975191235542297
rrq_raw_heterogeneous,2.25,20,45,median,1,0.663820207118988,0.663820207118988
rrq_raw_heterogeneous,2.25,20,72,hot,4,0.6896016150712967,0.719521552324295
rrq_raw_heterogeneous,2.25,20,142,median,3,0.7258104483286539,0.696121335029602
rrq_raw_heterogeneous,2.25,20,148,hot,4,0.6775148063898087,0.6907722353935242
rrq_raw_heterogeneous,2.25,20,232,hot,4,0.7173452228307724,0.7362561523914337
rrq_raw_heterogeneous,2.25,20,240,hot,4,0.576266348361969,0.6143544316291809
rrq_raw_heterogeneous,2.25,39,22,hot,4,0.6320271492004395,0.6323318481445312
rrq_raw_heterogeneous,2.25,39,37,median,4,0.7304019927978516,0.7361843883991241
rrq_raw_heterogeneous,2.25,39,43,cold,2,0.6283179819583893,0.6283179819583893
rrq_raw_heterogeneous,2.25,39,55,median,4,0.5924698859453201,0.5999881327152252
rrq_raw_heterogeneous,2.25,39,70,hot,4,0.7026644200086594,0.6904691457748413
rrq_raw_heterogeneous,2.25,39,147,median,4,0.7074802219867706,0.7205117046833038
rrq_raw_heterogeneous,2.25,39,189,hot,4,0.6993256509304047,0.711283951997757
rrq_raw_heterogeneous,2.25,39,193,median,4,0.7248385697603226,0.7181752920150757
rrq_raw_heterogeneous,2.25,39,235,hot,4,0.6866225451231003,0.6839699149131775
rrq_raw_heterogeneous,3.0,0,1,median,4,0.810774952173233,0.8210199773311615
rrq_raw_heterogeneous,3.0,0,8,cold,1,0.7227828502655029,0.7227828502655029
rrq_raw_heterogeneous,3.0,0,17,cold,4,0.814409613609314,0.8237026631832123
rrq_raw_heterogeneous,3.0,0,22,median,4,0.8534348756074905,0.8593640923500061
rrq_raw_heterogeneous,3.0,0,114,median,1,0.9247366786003113,0.9247366786003113
rrq_raw_heterogeneous,3.0,0,158,median,4,0.8564592599868774,0.8642828464508057
rrq_raw_heterogeneous,3.0,0,164,cold,3,0.8499566713968912,0.8673273921012878
rrq_raw_heterogeneous,3.0,0,181,hot,4,0.8888063728809357,0.892261803150177
rrq_raw_heterogeneous,3.0,0,206,hot,4,0.8329499810934067,0.8315138518810272
rrq_raw_heterogeneous,3.0,0,238,hot,4,0.8956460207700729,0.8926064968109131
rrq_raw_heterogeneous,3.0,0,248,cold,4,0.7689327597618103,0.7469712793827057
rrq_raw_heterogeneous,3.0,0,252,hot,4,0.9428306370973587,0.9552471041679382
rrq_raw_heterogeneous,3.0,4,28,hot,4,0.8424200862646103,0.8231350183486938
rrq_raw_heterogeneous,3.0,4,36,median,4,0.8416967689990997,0.8507565855979919
rrq_raw_heterogeneous,3.0,4,82,median,4,0.9015166759490967,0.9011180996894836
rrq_raw_heterogeneous,3.0,4,111,cold,1,0.8709671497344971,0.8709671497344971
rrq_raw_heterogeneous,3.0,4,129,hot,4,0.8633489161729813,0.867851734161377
rrq_raw_heterogeneous,3.0,4,134,hot,4,0.866259977221489,0.8704011142253876
rrq_raw_heterogeneous,3.0,4,143,cold,1,0.8924652338027954,0.8924652338027954
rrq_raw_heterogeneous,3.0,4,154,hot,4,0.8776407837867737,0.8824401497840881
rrq_raw_heterogeneous,3.0,4,190,median,4,0.894084632396698,0.9028335213661194
rrq_raw_heterogeneous,3.0,4,193,median,4,0.8518368005752563,0.8950304090976715
rrq_raw_heterogeneous,3.0,20,30,cold,1,0.8470886945724487,0.8470886945724487
rrq_raw_heterogeneous,3.0,20,44,median,3,0.9193353652954102,0.9305280447006226
rrq_raw_heterogeneous,3.0,20,45,median,1,0.8996959328651428,0.8996959328651428
rrq_raw_heterogeneous,3.0,20,72,hot,4,0.8836846500635147,0.8865987658500671
rrq_raw_heterogeneous,3.0,20,142,median,3,0.934331993261973,0.9442915320396423
rrq_raw_heterogeneous,3.0,20,148,hot,4,0.8955560624599457,0.8972316980361938
rrq_raw_heterogeneous,3.0,20,232,hot,4,0.8927641808986664,0.9195059239864349
rrq_raw_heterogeneous,3.0,20,240,hot,4,0.8108200579881668,0.8375667631626129
rrq_raw_heterogeneous,3.0,39,22,hot,4,0.7508521527051926,0.7476797699928284
rrq_raw_heterogeneous,3.0,39,37,median,4,0.8908767700195312,0.8994525969028473
rrq_raw_heterogeneous,3.0,39,43,cold,2,0.8366994857788086,0.8366994857788086
rrq_raw_heterogeneous,3.0,39,55,median,4,0.7891983091831207,0.8064150214195251
rrq_raw_heterogeneous,3.0,39,70,hot,4,0.8499426245689392,0.8518064916133881
rrq_raw_heterogeneous,3.0,39,147,median,4,0.8350232243537903,0.838963508605957
rrq_raw_heterogeneous,3.0,39,189,hot,4,0.853924959897995,0.8633045554161072
rrq_raw_heterogeneous,3.0,39,193,median,4,0.8923701792955399,0.8941938579082489
rrq_raw_heterogeneous,3.0,39,235,hot,4,0.8414687663316727,0.8430515229701996
rrq_raw_heterogeneous,4.0,0,1,median,4,0.9441876262426376,0.9457449615001678
rrq_raw_heterogeneous,4.0,0,8,cold,1,0.951482355594635,0.951482355594635
rrq_raw_heterogeneous,4.0,0,17,cold,4,0.9578268080949783,0.9617973864078522
rrq_raw_heterogeneous,4.0,0,22,median,4,0.9641487002372742,0.9720748662948608
rrq_raw_heterogeneous,4.0,0,114,median,1,0.9656414985656738,0.9656414985656738
rrq_raw_heterogeneous,4.0,0,158,median,4,0.9472973793745041,0.9502241313457489
rrq_raw_heterogeneous,4.0,0,164,cold,3,0.9606632192929586,0.9615997672080994
rrq_raw_heterogeneous,4.0,0,181,hot,4,0.9680950045585632,0.9675336480140686
rrq_raw_heterogeneous,4.0,0,206,hot,4,0.9728103280067444,0.9700610339641571
rrq_raw_heterogeneous,4.0,0,238,hot,4,0.9598971605300903,0.9606053233146667
rrq_raw_heterogeneous,4.0,0,248,cold,4,0.9308838546276093,0.9311343431472778
rrq_raw_heterogeneous,4.0,0,252,hot,4,0.9868985712528229,0.9894634783267975
rrq_raw_heterogeneous,4.0,4,28,hot,4,0.9612361341714859,0.9624286592006683
rrq_raw_heterogeneous,4.0,4,36,median,4,0.9418592303991318,0.9427598416805267
rrq_raw_heterogeneous,4.0,4,82,median,4,0.9684985280036926,0.9708346128463745
rrq_raw_heterogeneous,4.0,4,111,cold,1,0.9280422329902649,0.9280422329902649
rrq_raw_heterogeneous,4.0,4,129,hot,4,0.9533462077379227,0.9635449349880219
rrq_raw_heterogeneous,4.0,4,134,hot,4,0.9467680156230927,0.9478801190853119
rrq_raw_heterogeneous,4.0,4,143,cold,1,0.9570703506469727,0.9570703506469727
rrq_raw_heterogeneous,4.0,4,154,hot,4,0.9684556722640991,0.9707784056663513
rrq_raw_heterogeneous,4.0,4,190,median,4,0.9657503962516785,0.9715319573879242
rrq_raw_heterogeneous,4.0,4,193,median,4,0.9427452236413956,0.9496952295303345
rrq_raw_heterogeneous,4.0,20,30,cold,1,0.9268396496772766,0.9268396496772766
rrq_raw_heterogeneous,4.0,20,44,median,3,0.9649144212404887,0.9593367576599121
rrq_raw_heterogeneous,4.0,20,45,median,1,0.9613074660301208,0.9613074660301208
rrq_raw_heterogeneous,4.0,20,72,hot,4,0.9648647308349609,0.9694149792194366
rrq_raw_heterogeneous,4.0,20,142,median,3,0.9692577123641968,0.9644060134887695
rrq_raw_heterogeneous,4.0,20,148,hot,4,0.9640357792377472,0.9639078676700592
rrq_raw_heterogeneous,4.0,20,232,hot,4,0.9666973650455475,0.9665860235691071
rrq_raw_heterogeneous,4.0,20,240,hot,4,0.9480020850896835,0.9518330097198486
rrq_raw_heterogeneous,4.0,39,22,hot,4,0.9418994188308716,0.9514249265193939
rrq_raw_heterogeneous,4.0,39,37,median,4,0.9523152858018875,0.9528250098228455
rrq_raw_heterogeneous,4.0,39,43,cold,2,0.9558894634246826,0.9558894634246826
rrq_raw_heterogeneous,4.0,39,55,median,4,0.9417266249656677,0.9407459199428558
rrq_raw_heterogeneous,4.0,39,70,hot,4,0.9671331197023392,0.9700499176979065
rrq_raw_heterogeneous,4.0,39,147,median,4,0.95841383934021,0.9579204618930817
rrq_raw_heterogeneous,4.0,39,189,hot,4,0.9674665331840515,0.9683910012245178
rrq_raw_heterogeneous,4.0,39,193,median,4,0.9566237926483154,0.9571423828601837
rrq_raw_heterogeneous,4.0,39,235,hot,4,0.9462137967348099,0.9445418119430542
rrq_raw_heterogeneous_bf16_scales,0.75,0,1,median,4,0.24040043354034424,0.21815705299377441
rrq_raw_heterogeneous_bf16_scales,0.75,0,8,cold,1,5.960464477539063e-08,5.960464477539063e-08
rrq_raw_heterogeneous_bf16_scales,0.75,0,17,cold,4,0.13999710977077484,0.14644095301628113
rrq_raw_heterogeneous_bf16_scales,0.75,0,22,median,4,0.29651348292827606,0.29725396633148193
rrq_raw_heterogeneous_bf16_scales,0.75,0,114,median,1,0.0,0.0
rrq_raw_heterogeneous_bf16_scales,0.75,0,158,median,4,0.28206169605255127,0.2747022807598114
rrq_raw_heterogeneous_bf16_scales,0.75,0,164,cold,3,0.2316124439239502,0.2922927141189575
rrq_raw_heterogeneous_bf16_scales,0.75,0,181,hot,4,0.250229611992836,0.23835748434066772
rrq_raw_heterogeneous_bf16_scales,0.75,0,206,hot,4,0.21635638177394867,0.17686694860458374
rrq_raw_heterogeneous_bf16_scales,0.75,0,238,hot,4,0.2222067266702652,0.21031346917152405
rrq_raw_heterogeneous_bf16_scales,0.75,0,248,cold,4,0.194866344332695,0.1845727264881134
rrq_raw_heterogeneous_bf16_scales,0.75,0,252,hot,4,0.1320083737373352,0.13966113328933716
rrq_raw_heterogeneous_bf16_scales,0.75,4,28,hot,4,0.30162812769412994,0.27360832691192627
rrq_raw_heterogeneous_bf16_scales,0.75,4,36,median,4,0.10840941965579987,0.06223335862159729
rrq_raw_heterogeneous_bf16_scales,0.75,4,82,median,4,0.44530147314071655,0.5081851780414581
rrq_raw_heterogeneous_bf16_scales,0.75,4,111,cold,1,0.0,0.0
rrq_raw_heterogeneous_bf16_scales,0.75,4,129,hot,4,0.39276547729969025,0.4270872473716736
rrq_raw_heterogeneous_bf16_scales,0.75,4,134,hot,4,0.216902494430542,0.2081579566001892
rrq_raw_heterogeneous_bf16_scales,0.75,4,143,cold,1,5.960464477539063e-08,5.960464477539063e-08
rrq_raw_heterogeneous_bf16_scales,0.75,4,154,hot,4,0.2918102592229843,0.30293163657188416
rrq_raw_heterogeneous_bf16_scales,0.75,4,190,median,4,0.24691875278949738,0.31700244545936584
rrq_raw_heterogeneous_bf16_scales,0.75,4,193,median,4,0.31762315332889557,0.313669353723526
rrq_raw_heterogeneous_bf16_scales,0.75,20,30,cold,1,0.3753821849822998,0.3753821849822998
rrq_raw_heterogeneous_bf16_scales,0.75,20,44,median,3,0.36927274862925213,0.4405747652053833
rrq_raw_heterogeneous_bf16_scales,0.75,20,45,median,1,0.24101519584655762,0.24101519584655762
rrq_raw_heterogeneous_bf16_scales,0.75,20,72,hot,4,0.3538813143968582,0.38086995482444763
rrq_raw_heterogeneous_bf16_scales,0.75,20,142,median,3,0.36623603105545044,0.3323463797569275
rrq_raw_heterogeneous_bf16_scales,0.75,20,148,hot,4,0.18513904511928558,0.1606517732143402
rrq_raw_heterogeneous_bf16_scales,0.75,20,232,hot,4,0.4758681505918503,0.4869120121002197
rrq_raw_heterogeneous_bf16_scales,0.75,20,240,hot,4,0.1760830283164978,0.18904486298561096
rrq_raw_heterogeneous_bf16_scales,0.75,39,22,hot,4,0.3225354552268982,0.3318609893321991
rrq_raw_heterogeneous_bf16_scales,0.75,39,37,median,4,0.3279794007539749,0.3157126307487488
rrq_raw_heterogeneous_bf16_scales,0.75,39,43,cold,2,0.09208887815475464,0.09208887815475464
rrq_raw_heterogeneous_bf16_scales,0.75,39,55,median,4,0.12004421651363373,0.09564036130905151
rrq_raw_heterogeneous_bf16_scales,0.75,39,70,hot,4,0.14493219554424286,0.14574682712554932
rrq_raw_heterogeneous_bf16_scales,0.75,39,147,median,4,0.10411988198757172,0.07215923070907593
rrq_raw_heterogeneous_bf16_scales,0.75,39,189,hot,4,0.26321549713611603,0.2574712336063385
rrq_raw_heterogeneous_bf16_scales,0.75,39,193,median,4,0.1940562129020691,0.15538954734802246
rrq_raw_heterogeneous_bf16_scales,0.75,39,235,hot,4,0.37020161747932434,0.44797876477241516
rrq_raw_heterogeneous_bf16_scales,1.0,0,1,median,4,0.3836135268211365,0.38248831033706665
rrq_raw_heterogeneous_bf16_scales,1.0,0,8,cold,1,0.4307805299758911,0.4307805299758911
rrq_raw_heterogeneous_bf16_scales,1.0,0,17,cold,4,0.43027181923389435,0.44273215532302856
rrq_raw_heterogeneous_bf16_scales,1.0,0,22,median,4,0.4529866427183151,0.44241803884506226
rrq_raw_heterogeneous_bf16_scales,1.0,0,114,median,1,0.6800686120986938,0.6800686120986938
rrq_raw_heterogeneous_bf16_scales,1.0,0,158,median,4,0.42274239659309387,0.3752062916755676
rrq_raw_heterogeneous_bf16_scales,1.0,0,164,cold,3,0.4513455033302307,0.4604443907737732
rrq_raw_heterogeneous_bf16_scales,1.0,0,181,hot,4,0.37340760231018066,0.3498523533344269
rrq_raw_heterogeneous_bf16_scales,1.0,0,206,hot,4,0.4153086692094803,0.41391655802726746
rrq_raw_heterogeneous_bf16_scales,1.0,0,238,hot,4,0.48117195069789886,0.42777228355407715
rrq_raw_heterogeneous_bf16_scales,1.0,0,248,cold,4,0.35327817499637604,0.3570770025253296
rrq_raw_heterogeneous_bf16_scales,1.0,0,252,hot,4,0.7543282806873322,0.7679641246795654
rrq_raw_heterogeneous_bf16_scales,1.0,4,28,hot,4,0.41637539863586426,0.3861527740955353
rrq_raw_heterogeneous_bf16_scales,1.0,4,36,median,4,0.3449947237968445,0.335339218378067
rrq_raw_heterogeneous_bf16_scales,1.0,4,82,median,4,0.4956832677125931,0.5081851780414581
rrq_raw_heterogeneous_bf16_scales,1.0,4,111,cold,1,0.38015449047088623,0.38015449047088623
rrq_raw_heterogeneous_bf16_scales,1.0,4,129,hot,4,0.46771444380283356,0.47901877760887146
rrq_raw_heterogeneous_bf16_scales,1.0,4,134,hot,4,0.40495628118515015,0.39834538102149963
rrq_raw_heterogeneous_bf16_scales,1.0,4,143,cold,1,0.3643377423286438,0.3643377423286438
rrq_raw_heterogeneous_bf16_scales,1.0,4,154,hot,4,0.40918707847595215,0.41365036368370056
rrq_raw_heterogeneous_bf16_scales,1.0,4,190,median,4,0.4415718615055084,0.43091878294944763
rrq_raw_heterogeneous_bf16_scales,1.0,4,193,median,4,0.40857215225696564,0.41553443670272827
rrq_raw_heterogeneous_bf16_scales,1.0,20,30,cold,1,0.3753821849822998,0.3753821849822998
rrq_raw_heterogeneous_bf16_scales,1.0,20,44,median,3,0.41141517957051593,0.4405747652053833
rrq_raw_heterogeneous_bf16_scales,1.0,20,45,median,1,0.3932010531425476,0.3932010531425476
rrq_raw_heterogeneous_bf16_scales,1.0,20,72,hot,4,0.39681975543498993,0.3882041275501251
rrq_raw_heterogeneous_bf16_scales,1.0,20,142,median,3,0.5346450805664062,0.5423195362091064
rrq_raw_heterogeneous_bf16_scales,1.0,20,148,hot,4,0.428194522857666,0.42743808031082153
rrq_raw_heterogeneous_bf16_scales,1.0,20,232,hot,4,0.4758681505918503,0.4869120121002197
rrq_raw_heterogeneous_bf16_scales,1.0,20,240,hot,4,0.3417343944311142,0.29482245445251465
rrq_raw_heterogeneous_bf16_scales,1.0,39,22,hot,4,0.42646870017051697,0.43592360615730286
rrq_raw_heterogeneous_bf16_scales,1.0,39,37,median,4,0.4788445681333542,0.47487467527389526
rrq_raw_heterogeneous_bf16_scales,1.0,39,43,cold,2,0.472322553396225,0.472322553396225
rrq_raw_heterogeneous_bf16_scales,1.0,39,55,median,4,0.37716133892536163,0.3796202838420868
rrq_raw_heterogeneous_bf16_scales,1.0,39,70,hot,4,0.4063543230295181,0.41780391335487366
rrq_raw_heterogeneous_bf16_scales,1.0,39,147,median,4,0.4703947901725769,0.4903157949447632
rrq_raw_heterogeneous_bf16_scales,1.0,39,189,hot,4,0.4276266247034073,0.4433314800262451
rrq_raw_heterogeneous_bf16_scales,1.0,39,193,median,4,0.5273877382278442,0.5376505255699158
rrq_raw_heterogeneous_bf16_scales,1.0,39,235,hot,4,0.4580250084400177,0.45920997858047485
rrq_raw_heterogeneous_bf16_scales,1.25,0,1,median,4,0.3836135268211365,0.38248831033706665
rrq_raw_heterogeneous_bf16_scales,1.25,0,8,cold,1,0.4307805299758911,0.4307805299758911
rrq_raw_heterogeneous_bf16_scales,1.25,0,17,cold,4,0.43027181923389435,0.44273215532302856
rrq_raw_heterogeneous_bf16_scales,1.25,0,22,median,4,0.4529866427183151,0.44241803884506226
rrq_raw_heterogeneous_bf16_scales,1.25,0,114,median,1,0.6800686120986938,0.6800686120986938
rrq_raw_heterogeneous_bf16_scales,1.25,0,158,median,4,0.42274239659309387,0.3752062916755676
rrq_raw_heterogeneous_bf16_scales,1.25,0,164,cold,3,0.4513455033302307,0.4604443907737732
rrq_raw_heterogeneous_bf16_scales,1.25,0,181,hot,4,0.37340760231018066,0.3498523533344269
rrq_raw_heterogeneous_bf16_scales,1.25,0,206,hot,4,0.4153086692094803,0.41391655802726746
rrq_raw_heterogeneous_bf16_scales,1.25,0,238,hot,4,0.48117195069789886,0.42777228355407715
rrq_raw_heterogeneous_bf16_scales,1.25,0,248,cold,4,0.35327817499637604,0.3570770025253296
rrq_raw_heterogeneous_bf16_scales,1.25,0,252,hot,4,0.7543282806873322,0.7679641246795654
rrq_raw_heterogeneous_bf16_scales,1.25,4,28,hot,4,0.41637539863586426,0.3861527740955353
rrq_raw_heterogeneous_bf16_scales,1.25,4,36,median,4,0.3449947237968445,0.335339218378067
rrq_raw_heterogeneous_bf16_scales,1.25,4,82,median,4,0.4956832677125931,0.5081851780414581
rrq_raw_heterogeneous_bf16_scales,1.25,4,111,cold,1,0.38015449047088623,0.38015449047088623
rrq_raw_heterogeneous_bf16_scales,1.25,4,129,hot,4,0.46771444380283356,0.47901877760887146
rrq_raw_heterogeneous_bf16_scales,1.25,4,134,hot,4,0.40495628118515015,0.39834538102149963
rrq_raw_heterogeneous_bf16_scales,1.25,4,143,cold,1,0.3643377423286438,0.3643377423286438
rrq_raw_heterogeneous_bf16_scales,1.25,4,154,hot,4,0.40918707847595215,0.41365036368370056
rrq_raw_heterogeneous_bf16_scales,1.25,4,190,median,4,0.4415718615055084,0.43091878294944763
rrq_raw_heterogeneous_bf16_scales,1.25,4,193,median,4,0.40857215225696564,0.41553443670272827
rrq_raw_heterogeneous_bf16_scales,1.25,20,30,cold,1,0.3753821849822998,0.3753821849822998
rrq_raw_heterogeneous_bf16_scales,1.25,20,44,median,3,0.41141517957051593,0.4405747652053833
rrq_raw_heterogeneous_bf16_scales,1.25,20,45,median,1,0.3932010531425476,0.3932010531425476
rrq_raw_heterogeneous_bf16_scales,1.25,20,72,hot,4,0.39681975543498993,0.3882041275501251
rrq_raw_heterogeneous_bf16_scales,1.25,20,142,median,3,0.5346450805664062,0.5423195362091064
rrq_raw_heterogeneous_bf16_scales,1.25,20,148,hot,4,0.428194522857666,0.42743808031082153
rrq_raw_heterogeneous_bf16_scales,1.25,20,232,hot,4,0.4758681505918503,0.4869120121002197
rrq_raw_heterogeneous_bf16_scales,1.25,20,240,hot,4,0.3417343944311142,0.29482245445251465
rrq_raw_heterogeneous_bf16_scales,1.25,39,22,hot,4,0.42646870017051697,0.43592360615730286
rrq_raw_heterogeneous_bf16_scales,1.25,39,37,median,4,0.4788445681333542,0.47487467527389526
rrq_raw_heterogeneous_bf16_scales,1.25,39,43,cold,2,0.472322553396225,0.472322553396225
rrq_raw_heterogeneous_bf16_scales,1.25,39,55,median,4,0.37716133892536163,0.3796202838420868
rrq_raw_heterogeneous_bf16_scales,1.25,39,70,hot,4,0.4063543230295181,0.41780391335487366
rrq_raw_heterogeneous_bf16_scales,1.25,39,147,median,4,0.4703947901725769,0.4903157949447632
rrq_raw_heterogeneous_bf16_scales,1.25,39,189,hot,4,0.4276266247034073,0.4433314800262451
rrq_raw_heterogeneous_bf16_scales,1.25,39,193,median,4,0.5273877382278442,0.5376505255699158
rrq_raw_heterogeneous_bf16_scales,1.25,39,235,hot,4,0.4580250084400177,0.45920997858047485
rrq_raw_heterogeneous_bf16_scales,1.5,0,1,median,4,0.3836135268211365,0.38248831033706665
rrq_raw_heterogeneous_bf16_scales,1.5,0,8,cold,1,0.4307805299758911,0.4307805299758911
rrq_raw_heterogeneous_bf16_scales,1.5,0,17,cold,4,0.43027181923389435,0.44273215532302856
rrq_raw_heterogeneous_bf16_scales,1.5,0,22,median,4,0.4529866427183151,0.44241803884506226
rrq_raw_heterogeneous_bf16_scales,1.5,0,114,median,1,0.6800686120986938,0.6800686120986938
rrq_raw_heterogeneous_bf16_scales,1.5,0,158,median,4,0.42274239659309387,0.3752062916755676
rrq_raw_heterogeneous_bf16_scales,1.5,0,164,cold,3,0.4513455033302307,0.4604443907737732
rrq_raw_heterogeneous_bf16_scales,1.5,0,181,hot,4,0.37340760231018066,0.3498523533344269
rrq_raw_heterogeneous_bf16_scales,1.5,0,206,hot,4,0.4153086692094803,0.41391655802726746
rrq_raw_heterogeneous_bf16_scales,1.5,0,238,hot,4,0.48117195069789886,0.42777228355407715
rrq_raw_heterogeneous_bf16_scales,1.5,0,248,cold,4,0.35327817499637604,0.3570770025253296
rrq_raw_heterogeneous_bf16_scales,1.5,0,252,hot,4,0.7543282806873322,0.7679641246795654
rrq_raw_heterogeneous_bf16_scales,1.5,4,28,hot,4,0.41637539863586426,0.3861527740955353
rrq_raw_heterogeneous_bf16_scales,1.5,4,36,median,4,0.3449947237968445,0.335339218378067
rrq_raw_heterogeneous_bf16_scales,1.5,4,82,median,4,0.4956832677125931,0.5081851780414581
rrq_raw_heterogeneous_bf16_scales,1.5,4,111,cold,1,0.38015449047088623,0.38015449047088623
rrq_raw_heterogeneous_bf16_scales,1.5,4,129,hot,4,0.46771444380283356,0.47901877760887146
rrq_raw_heterogeneous_bf16_scales,1.5,4,134,hot,4,0.40495628118515015,0.39834538102149963
rrq_raw_heterogeneous_bf16_scales,1.5,4,143,cold,1,0.3643377423286438,0.3643377423286438
rrq_raw_heterogeneous_bf16_scales,1.5,4,154,hot,4,0.40918707847595215,0.41365036368370056
rrq_raw_heterogeneous_bf16_scales,1.5,4,190,median,4,0.4415718615055084,0.43091878294944763
rrq_raw_heterogeneous_bf16_scales,1.5,4,193,median,4,0.40857215225696564,0.41553443670272827
rrq_raw_heterogeneous_bf16_scales,1.5,20,30,cold,1,0.3753821849822998,0.3753821849822998
rrq_raw_heterogeneous_bf16_scales,1.5,20,44,median,3,0.41141517957051593,0.4405747652053833
rrq_raw_heterogeneous_bf16_scales,1.5,20,45,median,1,0.3932010531425476,0.3932010531425476
rrq_raw_heterogeneous_bf16_scales,1.5,20,72,hot,4,0.39681975543498993,0.3882041275501251
rrq_raw_heterogeneous_bf16_scales,1.5,20,142,median,3,0.5346450805664062,0.5423195362091064
rrq_raw_heterogeneous_bf16_scales,1.5,20,148,hot,4,0.428194522857666,0.42743808031082153
rrq_raw_heterogeneous_bf16_scales,1.5,20,232,hot,4,0.4758681505918503,0.4869120121002197
rrq_raw_heterogeneous_bf16_scales,1.5,20,240,hot,4,0.3417343944311142,0.29482245445251465
rrq_raw_heterogeneous_bf16_scales,1.5,39,22,hot,4,0.42646870017051697,0.43592360615730286
rrq_raw_heterogeneous_bf16_scales,1.5,39,37,median,4,0.4788445681333542,0.47487467527389526
rrq_raw_heterogeneous_bf16_scales,1.5,39,43,cold,2,0.472322553396225,0.472322553396225
rrq_raw_heterogeneous_bf16_scales,1.5,39,55,median,4,0.37716133892536163,0.3796202838420868
rrq_raw_heterogeneous_bf16_scales,1.5,39,70,hot,4,0.4063543230295181,0.41780391335487366
rrq_raw_heterogeneous_bf16_scales,1.5,39,147,median,4,0.4703947901725769,0.4903157949447632
rrq_raw_heterogeneous_bf16_scales,1.5,39,189,hot,4,0.4276266247034073,0.4433314800262451
rrq_raw_heterogeneous_bf16_scales,1.5,39,193,median,4,0.5273877382278442,0.5376505255699158
rrq_raw_heterogeneous_bf16_scales,1.5,39,235,hot,4,0.4580250084400177,0.45920997858047485
rrq_raw_heterogeneous_bf16_scales,2.0,0,1,median,4,0.6416348218917847,0.6357347071170807
rrq_raw_heterogeneous_bf16_scales,2.0,0,8,cold,1,0.5958026647567749,0.5958026647567749
rrq_raw_heterogeneous_bf16_scales,2.0,0,17,cold,4,0.6316874176263809,0.6258000433444977
rrq_raw_heterogeneous_bf16_scales,2.0,0,22,median,4,0.6966286599636078,0.6668703556060791
rrq_raw_heterogeneous_bf16_scales,2.0,0,114,median,1,0.835334837436676,0.835334837436676
rrq_raw_heterogeneous_bf16_scales,2.0,0,158,median,4,0.6878324300050735,0.6816153526306152
rrq_raw_heterogeneous_bf16_scales,2.0,0,164,cold,3,0.6883741219838461,0.7075285911560059
rrq_raw_heterogeneous_bf16_scales,2.0,0,181,hot,4,0.7383101135492325,0.7409350275993347
rrq_raw_heterogeneous_bf16_scales,2.0,0,206,hot,4,0.6553544998168945,0.6684101223945618
rrq_raw_heterogeneous_bf16_scales,2.0,0,238,hot,4,0.7816451191902161,0.7710170745849609
rrq_raw_heterogeneous_bf16_scales,2.0,0,248,cold,4,0.5645469725131989,0.5661723017692566
rrq_raw_heterogeneous_bf16_scales,2.0,0,252,hot,4,0.8888184577226639,0.8970689475536346
rrq_raw_heterogeneous_bf16_scales,2.0,4,28,hot,4,0.6499184519052505,0.6422494351863861
rrq_raw_heterogeneous_bf16_scales,2.0,4,36,median,4,0.6133656352758408,0.6119649112224579
rrq_raw_heterogeneous_bf16_scales,2.0,4,82,median,4,0.7086345851421356,0.7103263735771179
rrq_raw_heterogeneous_bf16_scales,2.0,4,111,cold,1,0.5727096199989319,0.5727096199989319
rrq_raw_heterogeneous_bf16_scales,2.0,4,129,hot,4,0.6916477978229523,0.6796218156814575
rrq_raw_heterogeneous_bf16_scales,2.0,4,134,hot,4,0.6636906862258911,0.644159197807312
rrq_raw_heterogeneous_bf16_scales,2.0,4,143,cold,1,0.6201993227005005,0.6201993227005005
rrq_raw_heterogeneous_bf16_scales,2.0,4,154,hot,4,0.6827386021614075,0.6847483813762665
rrq_raw_heterogeneous_bf16_scales,2.0,4,190,median,4,0.7498294860124588,0.7475714981555939
rrq_raw_heterogeneous_bf16_scales,2.0,4,193,median,4,0.6684826761484146,0.6828818321228027
rrq_raw_heterogeneous_bf16_scales,2.0,20,30,cold,1,0.5776981115341187,0.5776981115341187
rrq_raw_heterogeneous_bf16_scales,2.0,20,44,median,3,0.692660927772522,0.6972806453704834
rrq_raw_heterogeneous_bf16_scales,2.0,20,45,median,1,0.6641286611557007,0.6641286611557007
rrq_raw_heterogeneous_bf16_scales,2.0,20,72,hot,4,0.6895572245121002,0.719390332698822
rrq_raw_heterogeneous_bf16_scales,2.0,20,142,median,3,0.7259581685066223,0.6964403390884399
rrq_raw_heterogeneous_bf16_scales,2.0,20,148,hot,4,0.6773872524499893,0.690658688545227
rrq_raw_heterogeneous_bf16_scales,2.0,20,232,hot,4,0.7172800898551941,0.7359836399555206
rrq_raw_heterogeneous_bf16_scales,2.0,20,240,hot,4,0.5765569806098938,0.6144946217536926
rrq_raw_heterogeneous_bf16_scales,2.0,39,22,hot,4,0.632230594754219,0.6325089335441589
rrq_raw_heterogeneous_bf16_scales,2.0,39,37,median,4,0.730478897690773,0.7365243136882782
rrq_raw_heterogeneous_bf16_scales,2.0,39,43,cold,2,0.6285420358181,0.6285420358181
rrq_raw_heterogeneous_bf16_scales,2.0,39,55,median,4,0.5925605595111847,0.5999169945716858
rrq_raw_heterogeneous_bf16_scales,2.0,39,70,hot,4,0.7025856375694275,0.6904266774654388
rrq_raw_heterogeneous_bf16_scales,2.0,39,147,median,4,0.7077651470899582,0.7216192185878754
rrq_raw_heterogeneous_bf16_scales,2.0,39,189,hot,4,0.6993094980716705,0.7113645374774933
rrq_raw_heterogeneous_bf16_scales,2.0,39,193,median,4,0.7248190641403198,0.7181808948516846
rrq_raw_heterogeneous_bf16_scales,2.0,39,235,hot,4,0.6866080313920975,0.6838616728782654
rrq_raw_heterogeneous_bf16_scales,2.25,0,1,median,4,0.6416348218917847,0.6357347071170807
rrq_raw_heterogeneous_bf16_scales,2.25,0,8,cold,1,0.5958026647567749,0.5958026647567749
rrq_raw_heterogeneous_bf16_scales,2.25,0,17,cold,4,0.6316874176263809,0.6258000433444977
rrq_raw_heterogeneous_bf16_scales,2.25,0,22,median,4,0.6966286599636078,0.6668703556060791
rrq_raw_heterogeneous_bf16_scales,2.25,0,114,median,1,0.835334837436676,0.835334837436676
rrq_raw_heterogeneous_bf16_scales,2.25,0,158,median,4,0.6878324300050735,0.6816153526306152
rrq_raw_heterogeneous_bf16_scales,2.25,0,164,cold,3,0.6883741219838461,0.7075285911560059
rrq_raw_heterogeneous_bf16_scales,2.25,0,181,hot,4,0.7383101135492325,0.7409350275993347
rrq_raw_heterogeneous_bf16_scales,2.25,0,206,hot,4,0.6553544998168945,0.6684101223945618
rrq_raw_heterogeneous_bf16_scales,2.25,0,238,hot,4,0.7816451191902161,0.7710170745849609
rrq_raw_heterogeneous_bf16_scales,2.25,0,248,cold,4,0.5645469725131989,0.5661723017692566
rrq_raw_heterogeneous_bf16_scales,2.25,0,252,hot,4,0.8888184577226639,0.8970689475536346
rrq_raw_heterogeneous_bf16_scales,2.25,4,28,hot,4,0.6499184519052505,0.6422494351863861
rrq_raw_heterogeneous_bf16_scales,2.25,4,36,median,4,0.6133656352758408,0.6119649112224579
rrq_raw_heterogeneous_bf16_scales,2.25,4,82,median,4,0.7086345851421356,0.7103263735771179
rrq_raw_heterogeneous_bf16_scales,2.25,4,111,cold,1,0.5727096199989319,0.5727096199989319
rrq_raw_heterogeneous_bf16_scales,2.25,4,129,hot,4,0.6916477978229523,0.6796218156814575
rrq_raw_heterogeneous_bf16_scales,2.25,4,134,hot,4,0.6636906862258911,0.644159197807312
rrq_raw_heterogeneous_bf16_scales,2.25,4,143,cold,1,0.6201993227005005,0.6201993227005005
rrq_raw_heterogeneous_bf16_scales,2.25,4,154,hot,4,0.6827386021614075,0.6847483813762665
rrq_raw_heterogeneous_bf16_scales,2.25,4,190,median,4,0.7498294860124588,0.7475714981555939
rrq_raw_heterogeneous_bf16_scales,2.25,4,193,median,4,0.6684826761484146,0.6828818321228027
rrq_raw_heterogeneous_bf16_scales,2.25,20,30,cold,1,0.5776981115341187,0.5776981115341187
rrq_raw_heterogeneous_bf16_scales,2.25,20,44,median,3,0.692660927772522,0.6972806453704834
rrq_raw_heterogeneous_bf16_scales,2.25,20,45,median,1,0.6641286611557007,0.6641286611557007
rrq_raw_heterogeneous_bf16_scales,2.25,20,72,hot,4,0.6895572245121002,0.719390332698822
rrq_raw_heterogeneous_bf16_scales,2.25,20,142,median,3,0.7259581685066223,0.6964403390884399
rrq_raw_heterogeneous_bf16_scales,2.25,20,148,hot,4,0.6773872524499893,0.690658688545227
rrq_raw_heterogeneous_bf16_scales,2.25,20,232,hot,4,0.7172800898551941,0.7359836399555206
rrq_raw_heterogeneous_bf16_scales,2.25,20,240,hot,4,0.5765569806098938,0.6144946217536926
rrq_raw_heterogeneous_bf16_scales,2.25,39,22,hot,4,0.632230594754219,0.6325089335441589
rrq_raw_heterogeneous_bf16_scales,2.25,39,37,median,4,0.730478897690773,0.7365243136882782
rrq_raw_heterogeneous_bf16_scales,2.25,39,43,cold,2,0.6285420358181,0.6285420358181
rrq_raw_heterogeneous_bf16_scales,2.25,39,55,median,4,0.5925605595111847,0.5999169945716858
rrq_raw_heterogeneous_bf16_scales,2.25,39,70,hot,4,0.7025856375694275,0.6904266774654388
rrq_raw_heterogeneous_bf16_scales,2.25,39,147,median,4,0.7077651470899582,0.7216192185878754
rrq_raw_heterogeneous_bf16_scales,2.25,39,189,hot,4,0.6993094980716705,0.7113645374774933
rrq_raw_heterogeneous_bf16_scales,2.25,39,193,median,4,0.7248190641403198,0.7181808948516846
rrq_raw_heterogeneous_bf16_scales,2.25,39,235,hot,4,0.6866080313920975,0.6838616728782654
rrq_raw_heterogeneous_bf16_scales,3.0,0,1,median,4,0.8106015473604202,0.8204412162303925
rrq_raw_heterogeneous_bf16_scales,3.0,0,8,cold,1,0.7228114008903503,0.7228114008903503
rrq_raw_heterogeneous_bf16_scales,3.0,0,17,cold,4,0.813810184597969,0.8236416280269623
rrq_raw_heterogeneous_bf16_scales,3.0,0,22,median,4,0.8534560799598694,0.8591562509536743
rrq_raw_heterogeneous_bf16_scales,3.0,0,114,median,1,0.9246982336044312,0.9246982336044312
rrq_raw_heterogeneous_bf16_scales,3.0,0,158,median,4,0.8564528226852417,0.8642562031745911
rrq_raw_heterogeneous_bf16_scales,3.0,0,164,cold,3,0.8502049247423807,0.8673939108848572
rrq_raw_heterogeneous_bf16_scales,3.0,0,181,hot,4,0.8886473774909973,0.8924174606800079
rrq_raw_heterogeneous_bf16_scales,3.0,0,206,hot,4,0.8315050005912781,0.8296718895435333
rrq_raw_heterogeneous_bf16_scales,3.0,0,238,hot,4,0.8954918831586838,0.8924128413200378
rrq_raw_heterogeneous_bf16_scales,3.0,0,248,cold,4,0.7695632129907608,0.7480153143405914
rrq_raw_heterogeneous_bf16_scales,3.0,0,252,hot,4,0.942718967795372,0.9536022543907166
rrq_raw_heterogeneous_bf16_scales,3.0,4,28,hot,4,0.8422336578369141,0.822993814945221
rrq_raw_heterogeneous_bf16_scales,3.0,4,36,median,4,0.841887429356575,0.8508747816085815
rrq_raw_heterogeneous_bf16_scales,3.0,4,82,median,4,0.9013494849205017,0.9008970856666565
rrq_raw_heterogeneous_bf16_scales,3.0,4,111,cold,1,0.8711627125740051,0.8711627125740051
rrq_raw_heterogeneous_bf16_scales,3.0,4,129,hot,4,0.8634262830018997,0.8680456280708313
rrq_raw_heterogeneous_bf16_scales,3.0,4,134,hot,4,0.8660216629505157,0.8700508177280426
rrq_raw_heterogeneous_bf16_scales,3.0,4,143,cold,1,0.8923900127410889,0.8923900127410889
rrq_raw_heterogeneous_bf16_scales,3.0,4,154,hot,4,0.877612367272377,0.882168173789978
rrq_raw_heterogeneous_bf16_scales,3.0,4,190,median,4,0.8939327150583267,0.9028304517269135
rrq_raw_heterogeneous_bf16_scales,3.0,4,193,median,4,0.8516969829797745,0.8948438763618469
rrq_raw_heterogeneous_bf16_scales,3.0,20,30,cold,1,0.8464222550392151,0.8464222550392151
rrq_raw_heterogeneous_bf16_scales,3.0,20,44,median,3,0.9193381468454996,0.9306104779243469
rrq_raw_heterogeneous_bf16_scales,3.0,20,45,median,1,0.9000397324562073,0.9000397324562073
rrq_raw_heterogeneous_bf16_scales,3.0,20,72,hot,4,0.8836847692728043,0.8865892887115479
rrq_raw_heterogeneous_bf16_scales,3.0,20,142,median,3,0.9343879222869873,0.9443519711494446
rrq_raw_heterogeneous_bf16_scales,3.0,20,148,hot,4,0.8955511897802353,0.8973278403282166
rrq_raw_heterogeneous_bf16_scales,3.0,20,232,hot,4,0.8928755223751068,0.9195576012134552
rrq_raw_heterogeneous_bf16_scales,3.0,20,240,hot,4,0.811121329665184,0.8376769423484802
rrq_raw_heterogeneous_bf16_scales,3.0,39,22,hot,4,0.7513456791639328,0.7479377090930939
rrq_raw_heterogeneous_bf16_scales,3.0,39,37,median,4,0.8909966796636581,0.8995418548583984
rrq_raw_heterogeneous_bf16_scales,3.0,39,43,cold,2,0.8368739783763885,0.8368739783763885
rrq_raw_heterogeneous_bf16_scales,3.0,39,55,median,4,0.789254367351532,0.806302011013031
rrq_raw_heterogeneous_bf16_scales,3.0,39,70,hot,4,0.8497963696718216,0.8517810106277466
rrq_raw_heterogeneous_bf16_scales,3.0,39,147,median,4,0.8349331021308899,0.8390553295612335
rrq_raw_heterogeneous_bf16_scales,3.0,39,189,hot,4,0.8538670539855957,0.8632253408432007
rrq_raw_heterogeneous_bf16_scales,3.0,39,193,median,4,0.8926058113574982,0.8941539525985718
rrq_raw_heterogeneous_bf16_scales,3.0,39,235,hot,4,0.8415576964616776,0.8430098295211792
rrq_raw_heterogeneous_bf16_scales,4.0,0,1,median,4,0.9430693238973618,0.9447102546691895
rrq_raw_heterogeneous_bf16_scales,4.0,0,8,cold,1,0.9497377872467041,0.9497377872467041
rrq_raw_heterogeneous_bf16_scales,4.0,0,17,cold,4,0.9582645148038864,0.9613417088985443
rrq_raw_heterogeneous_bf16_scales,4.0,0,22,median,4,0.9642597138881683,0.9723844528198242
rrq_raw_heterogeneous_bf16_scales,4.0,0,114,median,1,0.9674942493438721,0.9674942493438721
rrq_raw_heterogeneous_bf16_scales,4.0,0,158,median,4,0.9477583318948746,0.9510363042354584
rrq_raw_heterogeneous_bf16_scales,4.0,0,164,cold,3,0.9613833824793497,0.9635924100875854
rrq_raw_heterogeneous_bf16_scales,4.0,0,181,hot,4,0.9695262163877487,0.969402015209198
rrq_raw_heterogeneous_bf16_scales,4.0,0,206,hot,4,0.9719012975692749,0.9691726267337799
rrq_raw_heterogeneous_bf16_scales,4.0,0,238,hot,4,0.960014209151268,0.9610085189342499
rrq_raw_heterogeneous_bf16_scales,4.0,0,248,cold,4,0.9318573176860809,0.9312026500701904
rrq_raw_heterogeneous_bf16_scales,4.0,0,252,hot,4,0.9869911670684814,0.9891369342803955
rrq_raw_heterogeneous_bf16_scales,4.0,4,28,hot,4,0.9603995680809021,0.9619016349315643
rrq_raw_heterogeneous_bf16_scales,4.0,4,36,median,4,0.9420310407876968,0.9431259334087372
rrq_raw_heterogeneous_bf16_scales,4.0,4,82,median,4,0.9685743004083633,0.9701137244701385
rrq_raw_heterogeneous_bf16_scales,4.0,4,111,cold,1,0.9283111691474915,0.9283111691474915
rrq_raw_heterogeneous_bf16_scales,4.0,4,129,hot,4,0.9531476944684982,0.962803304195404
rrq_raw_heterogeneous_bf16_scales,4.0,4,134,hot,4,0.9472501128911972,0.9492834210395813
rrq_raw_heterogeneous_bf16_scales,4.0,4,143,cold,1,0.9557518362998962,0.9557518362998962
rrq_raw_heterogeneous_bf16_scales,4.0,4,154,hot,4,0.968897745013237,0.9707196950912476
rrq_raw_heterogeneous_bf16_scales,4.0,4,190,median,4,0.9657511413097382,0.9709230661392212
rrq_raw_heterogeneous_bf16_scales,4.0,4,193,median,4,0.9434821158647537,0.9500717520713806
rrq_raw_heterogeneous_bf16_scales,4.0,20,30,cold,1,0.9264816045761108,0.9264816045761108
rrq_raw_heterogeneous_bf16_scales,4.0,20,44,median,3,0.9643303155899048,0.9585680365562439
rrq_raw_heterogeneous_bf16_scales,4.0,20,45,median,1,0.9612614512443542,0.9612614512443542
rrq_raw_heterogeneous_bf16_scales,4.0,20,72,hot,4,0.9637653529644012,0.9681593775749207
rrq_raw_heterogeneous_bf16_scales,4.0,20,142,median,3,0.9692567785580953,0.9640201330184937
rrq_raw_heterogeneous_bf16_scales,4.0,20,148,hot,4,0.962212324142456,0.9619293212890625
rrq_raw_heterogeneous_bf16_scales,4.0,20,232,hot,4,0.9650432020425797,0.9650164544582367
rrq_raw_heterogeneous_bf16_scales,4.0,20,240,hot,4,0.9458525329828262,0.95015549659729
rrq_raw_heterogeneous_bf16_scales,4.0,39,22,hot,4,0.9412594139575958,0.9508368670940399
rrq_raw_heterogeneous_bf16_scales,4.0,39,37,median,4,0.9518951028585434,0.9544132649898529
rrq_raw_heterogeneous_bf16_scales,4.0,39,43,cold,2,0.9536936283111572,0.9536936283111572
rrq_raw_heterogeneous_bf16_scales,4.0,39,55,median,4,0.9431603699922562,0.9437019526958466
rrq_raw_heterogeneous_bf16_scales,4.0,39,70,hot,4,0.9666150659322739,0.9697113037109375
rrq_raw_heterogeneous_bf16_scales,4.0,39,147,median,4,0.9589246213436127,0.9588680565357208
rrq_raw_heterogeneous_bf16_scales,4.0,39,189,hot,4,0.9680926501750946,0.9705839455127716
rrq_raw_heterogeneous_bf16_scales,4.0,39,193,median,4,0.9567775726318359,0.9582643210887909
rrq_raw_heterogeneous_bf16_scales,4.0,39,235,hot,4,0.9449202567338943,0.9454590976238251
rrq_raw_heterogeneous_fp32_scales_upper,0.75,0,1,median,4,1.4901161193847656e-08,0.0
rrq_raw_heterogeneous_fp32_scales_upper,0.75,0,8,cold,1,5.960464477539063e-08,5.960464477539063e-08
rrq_raw_heterogeneous_fp32_scales_upper,0.75,0,17,cold,4,0.0,0.0
rrq_raw_heterogeneous_fp32_scales_upper,0.75,0,22,median,4,0.0,0.0
rrq_raw_heterogeneous_fp32_scales_upper,0.75,0,114,median,1,0.0,0.0
rrq_raw_heterogeneous_fp32_scales_upper,0.75,0,158,median,4,1.4901161193847656e-08,0.0
rrq_raw_heterogeneous_fp32_scales_upper,0.75,0,164,cold,3,0.0,0.0
rrq_raw_heterogeneous_fp32_scales_upper,0.75,0,181,hot,4,2.9802322387695312e-08,2.9802322387695312e-08
rrq_raw_heterogeneous_fp32_scales_upper,0.75,0,206,hot,4,1.4901161193847656e-08,0.0
rrq_raw_heterogeneous_fp32_scales_upper,0.75,0,238,hot,4,0.0,0.0
rrq_raw_heterogeneous_fp32_scales_upper,0.75,0,248,cold,4,1.4901161193847656e-08,0.0
rrq_raw_heterogeneous_fp32_scales_upper,0.75,0,252,hot,4,2.9802322387695312e-08,2.9802322387695312e-08
rrq_raw_heterogeneous_fp32_scales_upper,0.75,4,28,hot,4,0.0,0.0
rrq_raw_heterogeneous_fp32_scales_upper,0.75,4,36,median,4,0.0,0.0
rrq_raw_heterogeneous_fp32_scales_upper,0.75,4,82,median,4,1.4901161193847656e-08,0.0
rrq_raw_heterogeneous_fp32_scales_upper,0.75,4,111,cold,1,0.0,0.0
rrq_raw_heterogeneous_fp32_scales_upper,0.75,4,129,hot,4,0.0,0.0
rrq_raw_heterogeneous_fp32_scales_upper,0.75,4,134,hot,4,2.9802322387695312e-08,2.9802322387695312e-08
rrq_raw_heterogeneous_fp32_scales_upper,0.75,4,143,cold,1,5.960464477539063e-08,5.960464477539063e-08
rrq_raw_heterogeneous_fp32_scales_upper,0.75,4,154,hot,4,1.4901161193847656e-08,0.0
rrq_raw_heterogeneous_fp32_scales_upper,0.75,4,190,median,4,0.0,0.0
rrq_raw_heterogeneous_fp32_scales_upper,0.75,4,193,median,4,0.0,0.0
rrq_raw_heterogeneous_fp32_scales_upper,0.75,20,30,cold,1,0.0,0.0
rrq_raw_heterogeneous_fp32_scales_upper,0.75,20,44,median,3,1.9868214925130207e-08,0.0
rrq_raw_heterogeneous_fp32_scales_upper,0.75,20,45,median,1,0.0,0.0
rrq_raw_heterogeneous_fp32_scales_upper,0.75,20,72,hot,4,0.0,0.0
rrq_raw_heterogeneous_fp32_scales_upper,0.75,20,142,median,3,0.0,0.0
rrq_raw_heterogeneous_fp32_scales_upper,0.75,20,148,hot,4,1.4901161193847656e-08,0.0
rrq_raw_heterogeneous_fp32_scales_upper,0.75,20,232,hot,4,1.4901161193847656e-08,0.0
rrq_raw_heterogeneous_fp32_scales_upper,0.75,20,240,hot,4,0.0,0.0
rrq_raw_heterogeneous_fp32_scales_upper,0.75,39,22,hot,4,0.0,0.0
rrq_raw_heterogeneous_fp32_scales_upper,0.75,39,37,median,4,2.9802322387695312e-08,2.9802322387695312e-08
rrq_raw_heterogeneous_fp32_scales_upper,0.75,39,43,cold,2,0.0,0.0
rrq_raw_heterogeneous_fp32_scales_upper,0.75,39,55,median,4,0.0,0.0
rrq_raw_heterogeneous_fp32_scales_upper,0.75,39,70,hot,4,0.0,0.0
rrq_raw_heterogeneous_fp32_scales_upper,0.75,39,147,median,4,0.0,0.0
rrq_raw_heterogeneous_fp32_scales_upper,0.75,39,189,hot,4,0.0,0.0
rrq_raw_heterogeneous_fp32_scales_upper,0.75,39,193,median,4,0.0,0.0
rrq_raw_heterogeneous_fp32_scales_upper,0.75,39,235,hot,4,0.0,0.0
rrq_raw_heterogeneous_fp32_scales_upper,1.0,0,1,median,4,0.3836396038532257,0.3826025724411011
rrq_raw_heterogeneous_fp32_scales_upper,1.0,0,8,cold,1,0.4304983615875244,0.4304983615875244
rrq_raw_heterogeneous_fp32_scales_upper,1.0,0,17,cold,4,0.43022359907627106,0.44274818897247314
rrq_raw_heterogeneous_fp32_scales_upper,1.0,0,22,median,4,0.45311614871025085,0.44250914454460144
rrq_raw_heterogeneous_fp32_scales_upper,1.0,0,114,median,1,0.6799709796905518,0.6799709796905518
rrq_raw_heterogeneous_fp32_scales_upper,1.0,0,158,median,4,0.4227435141801834,0.3752644658088684
rrq_raw_heterogeneous_fp32_scales_upper,1.0,0,164,cold,3,0.45145320892333984,0.4605700373649597
rrq_raw_heterogeneous_fp32_scales_upper,1.0,0,181,hot,4,0.3735491782426834,0.34996527433395386
rrq_raw_heterogeneous_fp32_scales_upper,1.0,0,206,hot,4,0.41512325406074524,0.4138554036617279
rrq_raw_heterogeneous_fp32_scales_upper,1.0,0,238,hot,4,0.4814261496067047,0.4280416965484619
rrq_raw_heterogeneous_fp32_scales_upper,1.0,0,248,cold,4,0.35348474979400635,0.35740333795547485
rrq_raw_heterogeneous_fp32_scales_upper,1.0,0,252,hot,4,0.754158690571785,0.7679384052753448
rrq_raw_heterogeneous_fp32_scales_upper,1.0,4,28,hot,4,0.41646797955036163,0.38611850142478943
rrq_raw_heterogeneous_fp32_scales_upper,1.0,4,36,median,4,0.34514592587947845,0.33562469482421875
rrq_raw_heterogeneous_fp32_scales_upper,1.0,4,82,median,4,0.49573591351509094,0.508309930562973
rrq_raw_heterogeneous_fp32_scales_upper,1.0,4,111,cold,1,0.37992680072784424,0.37992680072784424
rrq_raw_heterogeneous_fp32_scales_upper,1.0,4,129,hot,4,0.4678891599178314,0.47899484634399414
rrq_raw_heterogeneous_fp32_scales_upper,1.0,4,134,hot,4,0.40511202812194824,0.39855971932411194
rrq_raw_heterogeneous_fp32_scales_upper,1.0,4,143,cold,1,0.3644171953201294,0.3644171953201294
rrq_raw_heterogeneous_fp32_scales_upper,1.0,4,154,hot,4,0.4090680480003357,0.4134787619113922
rrq_raw_heterogeneous_fp32_scales_upper,1.0,4,190,median,4,0.4416755735874176,0.43099889159202576
rrq_raw_heterogeneous_fp32_scales_upper,1.0,4,193,median,4,0.40844808518886566,0.41553351283073425
rrq_raw_heterogeneous_fp32_scales_upper,1.0,20,30,cold,1,0.3755142092704773,0.3755142092704773
rrq_raw_heterogeneous_fp32_scales_upper,1.0,20,44,median,3,0.4111284812291463,0.4403263330459595
rrq_raw_heterogeneous_fp32_scales_upper,1.0,20,45,median,1,0.39320170879364014,0.39320170879364014
rrq_raw_heterogeneous_fp32_scales_upper,1.0,20,72,hot,4,0.3969481885433197,0.38841333985328674
rrq_raw_heterogeneous_fp32_scales_upper,1.0,20,142,median,3,0.5346043109893799,0.5422314405441284
rrq_raw_heterogeneous_fp32_scales_upper,1.0,20,148,hot,4,0.42818696796894073,0.4274009168148041
rrq_raw_heterogeneous_fp32_scales_upper,1.0,20,232,hot,4,0.475930780172348,0.4868845045566559
rrq_raw_heterogeneous_fp32_scales_upper,1.0,20,240,hot,4,0.34175823628902435,0.2946087718009949
rrq_raw_heterogeneous_fp32_scales_upper,1.0,39,22,hot,4,0.4263383150100708,0.43587881326675415
rrq_raw_heterogeneous_fp32_scales_upper,1.0,39,37,median,4,0.4788067787885666,0.4748859405517578
rrq_raw_heterogeneous_fp32_scales_upper,1.0,39,43,cold,2,0.4723165035247803,0.4723165035247803
rrq_raw_heterogeneous_fp32_scales_upper,1.0,39,55,median,4,0.3771425932645798,0.37955141067504883
rrq_raw_heterogeneous_fp32_scales_upper,1.0,39,70,hot,4,0.40650878846645355,0.417579710483551
rrq_raw_heterogeneous_fp32_scales_upper,1.0,39,147,median,4,0.4705321788787842,0.4902770221233368
rrq_raw_heterogeneous_fp32_scales_upper,1.0,39,189,hot,4,0.42764483392238617,0.443388968706131
rrq_raw_heterogeneous_fp32_scales_upper,1.0,39,193,median,4,0.5273273438215256,0.5377442240715027
rrq_raw_heterogeneous_fp32_scales_upper,1.0,39,235,hot,4,0.4580843150615692,0.45937857031822205
rrq_raw_heterogeneous_fp32_scales_upper,1.25,0,1,median,4,0.3836396038532257,0.3826025724411011
rrq_raw_heterogeneous_fp32_scales_upper,1.25,0,8,cold,1,0.4304983615875244,0.4304983615875244
rrq_raw_heterogeneous_fp32_scales_upper,1.25,0,17,cold,4,0.43022359907627106,0.44274818897247314
rrq_raw_heterogeneous_fp32_scales_upper,1.25,0,22,median,4,0.45311614871025085,0.44250914454460144
rrq_raw_heterogeneous_fp32_scales_upper,1.25,0,114,median,1,0.6799709796905518,0.6799709796905518
rrq_raw_heterogeneous_fp32_scales_upper,1.25,0,158,median,4,0.4227435141801834,0.3752644658088684
rrq_raw_heterogeneous_fp32_scales_upper,1.25,0,164,cold,3,0.45145320892333984,0.4605700373649597
rrq_raw_heterogeneous_fp32_scales_upper,1.25,0,181,hot,4,0.3735491782426834,0.34996527433395386
rrq_raw_heterogeneous_fp32_scales_upper,1.25,0,206,hot,4,0.41512325406074524,0.4138554036617279
rrq_raw_heterogeneous_fp32_scales_upper,1.25,0,238,hot,4,0.4814261496067047,0.4280416965484619
rrq_raw_heterogeneous_fp32_scales_upper,1.25,0,248,cold,4,0.35348474979400635,0.35740333795547485
rrq_raw_heterogeneous_fp32_scales_upper,1.25,0,252,hot,4,0.754158690571785,0.7679384052753448
rrq_raw_heterogeneous_fp32_scales_upper,1.25,4,28,hot,4,0.41646797955036163,0.38611850142478943
rrq_raw_heterogeneous_fp32_scales_upper,1.25,4,36,median,4,0.34514592587947845,0.33562469482421875
rrq_raw_heterogeneous_fp32_scales_upper,1.25,4,82,median,4,0.49573591351509094,0.508309930562973
rrq_raw_heterogeneous_fp32_scales_upper,1.25,4,111,cold,1,0.37992680072784424,0.37992680072784424
rrq_raw_heterogeneous_fp32_scales_upper,1.25,4,129,hot,4,0.4678891599178314,0.47899484634399414
rrq_raw_heterogeneous_fp32_scales_upper,1.25,4,134,hot,4,0.40511202812194824,0.39855971932411194
rrq_raw_heterogeneous_fp32_scales_upper,1.25,4,143,cold,1,0.3644171953201294,0.3644171953201294
rrq_raw_heterogeneous_fp32_scales_upper,1.25,4,154,hot,4,0.4090680480003357,0.4134787619113922
rrq_raw_heterogeneous_fp32_scales_upper,1.25,4,190,median,4,0.4416755735874176,0.43099889159202576
rrq_raw_heterogeneous_fp32_scales_upper,1.25,4,193,median,4,0.40844808518886566,0.41553351283073425
rrq_raw_heterogeneous_fp32_scales_upper,1.25,20,30,cold,1,0.3755142092704773,0.3755142092704773
rrq_raw_heterogeneous_fp32_scales_upper,1.25,20,44,median,3,0.4111284812291463,0.4403263330459595
rrq_raw_heterogeneous_fp32_scales_upper,1.25,20,45,median,1,0.39320170879364014,0.39320170879364014
rrq_raw_heterogeneous_fp32_scales_upper,1.25,20,72,hot,4,0.3969481885433197,0.38841333985328674
rrq_raw_heterogeneous_fp32_scales_upper,1.25,20,142,median,3,0.5346043109893799,0.5422314405441284
rrq_raw_heterogeneous_fp32_scales_upper,1.25,20,148,hot,4,0.42818696796894073,0.4274009168148041
rrq_raw_heterogeneous_fp32_scales_upper,1.25,20,232,hot,4,0.475930780172348,0.4868845045566559
rrq_raw_heterogeneous_fp32_scales_upper,1.25,20,240,hot,4,0.34175823628902435,0.2946087718009949
rrq_raw_heterogeneous_fp32_scales_upper,1.25,39,22,hot,4,0.4263383150100708,0.43587881326675415
rrq_raw_heterogeneous_fp32_scales_upper,1.25,39,37,median,4,0.4788067787885666,0.4748859405517578
rrq_raw_heterogeneous_fp32_scales_upper,1.25,39,43,cold,2,0.4723165035247803,0.4723165035247803
rrq_raw_heterogeneous_fp32_scales_upper,1.25,39,55,median,4,0.3771425932645798,0.37955141067504883
rrq_raw_heterogeneous_fp32_scales_upper,1.25,39,70,hot,4,0.40650878846645355,0.417579710483551
rrq_raw_heterogeneous_fp32_scales_upper,1.25,39,147,median,4,0.4705321788787842,0.4902770221233368
rrq_raw_heterogeneous_fp32_scales_upper,1.25,39,189,hot,4,0.42764483392238617,0.443388968706131
rrq_raw_heterogeneous_fp32_scales_upper,1.25,39,193,median,4,0.5273273438215256,0.5377442240715027
rrq_raw_heterogeneous_fp32_scales_upper,1.25,39,235,hot,4,0.4580843150615692,0.45937857031822205
rrq_raw_heterogeneous_fp32_scales_upper,1.5,0,1,median,4,0.3836396038532257,0.3826025724411011
rrq_raw_heterogeneous_fp32_scales_upper,1.5,0,8,cold,1,0.4304983615875244,0.4304983615875244
rrq_raw_heterogeneous_fp32_scales_upper,1.5,0,17,cold,4,0.43022359907627106,0.44274818897247314
rrq_raw_heterogeneous_fp32_scales_upper,1.5,0,22,median,4,0.45311614871025085,0.44250914454460144
rrq_raw_heterogeneous_fp32_scales_upper,1.5,0,114,median,1,0.6799709796905518,0.6799709796905518
rrq_raw_heterogeneous_fp32_scales_upper,1.5,0,158,median,4,0.4227435141801834,0.3752644658088684
rrq_raw_heterogeneous_fp32_scales_upper,1.5,0,164,cold,3,0.45145320892333984,0.4605700373649597
rrq_raw_heterogeneous_fp32_scales_upper,1.5,0,181,hot,4,0.3735491782426834,0.34996527433395386
rrq_raw_heterogeneous_fp32_scales_upper,1.5,0,206,hot,4,0.41512325406074524,0.4138554036617279
rrq_raw_heterogeneous_fp32_scales_upper,1.5,0,238,hot,4,0.4814261496067047,0.4280416965484619
rrq_raw_heterogeneous_fp32_scales_upper,1.5,0,248,cold,4,0.35348474979400635,0.35740333795547485
rrq_raw_heterogeneous_fp32_scales_upper,1.5,0,252,hot,4,0.754158690571785,0.7679384052753448
rrq_raw_heterogeneous_fp32_scales_upper,1.5,4,28,hot,4,0.41646797955036163,0.38611850142478943
rrq_raw_heterogeneous_fp32_scales_upper,1.5,4,36,median,4,0.34514592587947845,0.33562469482421875
rrq_raw_heterogeneous_fp32_scales_upper,1.5,4,82,median,4,0.49573591351509094,0.508309930562973
rrq_raw_heterogeneous_fp32_scales_upper,1.5,4,111,cold,1,0.37992680072784424,0.37992680072784424
rrq_raw_heterogeneous_fp32_scales_upper,1.5,4,129,hot,4,0.4678891599178314,0.47899484634399414
rrq_raw_heterogeneous_fp32_scales_upper,1.5,4,134,hot,4,0.40511202812194824,0.39855971932411194
rrq_raw_heterogeneous_fp32_scales_upper,1.5,4,143,cold,1,0.3644171953201294,0.3644171953201294
rrq_raw_heterogeneous_fp32_scales_upper,1.5,4,154,hot,4,0.4090680480003357,0.4134787619113922
rrq_raw_heterogeneous_fp32_scales_upper,1.5,4,190,median,4,0.4416755735874176,0.43099889159202576
rrq_raw_heterogeneous_fp32_scales_upper,1.5,4,193,median,4,0.40844808518886566,0.41553351283073425
rrq_raw_heterogeneous_fp32_scales_upper,1.5,20,30,cold,1,0.3755142092704773,0.3755142092704773
rrq_raw_heterogeneous_fp32_scales_upper,1.5,20,44,median,3,0.4111284812291463,0.4403263330459595
rrq_raw_heterogeneous_fp32_scales_upper,1.5,20,45,median,1,0.39320170879364014,0.39320170879364014
rrq_raw_heterogeneous_fp32_scales_upper,1.5,20,72,hot,4,0.3969481885433197,0.38841333985328674
rrq_raw_heterogeneous_fp32_scales_upper,1.5,20,142,median,3,0.5346043109893799,0.5422314405441284
rrq_raw_heterogeneous_fp32_scales_upper,1.5,20,148,hot,4,0.42818696796894073,0.4274009168148041
rrq_raw_heterogeneous_fp32_scales_upper,1.5,20,232,hot,4,0.475930780172348,0.4868845045566559
rrq_raw_heterogeneous_fp32_scales_upper,1.5,20,240,hot,4,0.34175823628902435,0.2946087718009949
rrq_raw_heterogeneous_fp32_scales_upper,1.5,39,22,hot,4,0.4263383150100708,0.43587881326675415
rrq_raw_heterogeneous_fp32_scales_upper,1.5,39,37,median,4,0.4788067787885666,0.4748859405517578
rrq_raw_heterogeneous_fp32_scales_upper,1.5,39,43,cold,2,0.4723165035247803,0.4723165035247803
rrq_raw_heterogeneous_fp32_scales_upper,1.5,39,55,median,4,0.3771425932645798,0.37955141067504883
rrq_raw_heterogeneous_fp32_scales_upper,1.5,39,70,hot,4,0.40650878846645355,0.417579710483551
rrq_raw_heterogeneous_fp32_scales_upper,1.5,39,147,median,4,0.4705321788787842,0.4902770221233368
rrq_raw_heterogeneous_fp32_scales_upper,1.5,39,189,hot,4,0.42764483392238617,0.443388968706131
rrq_raw_heterogeneous_fp32_scales_upper,1.5,39,193,median,4,0.5273273438215256,0.5377442240715027
rrq_raw_heterogeneous_fp32_scales_upper,1.5,39,235,hot,4,0.4580843150615692,0.45937857031822205
rrq_raw_heterogeneous_fp32_scales_upper,2.0,0,1,median,4,0.6427051573991776,0.6360306441783905
rrq_raw_heterogeneous_fp32_scales_upper,2.0,0,8,cold,1,0.5954182744026184,0.5954182744026184
rrq_raw_heterogeneous_fp32_scales_upper,2.0,0,17,cold,4,0.6316074132919312,0.6257312893867493
rrq_raw_heterogeneous_fp32_scales_upper,2.0,0,22,median,4,0.696673646569252,0.6669752299785614
rrq_raw_heterogeneous_fp32_scales_upper,2.0,0,114,median,1,0.8354178667068481,0.8354178667068481
rrq_raw_heterogeneous_fp32_scales_upper,2.0,0,158,median,4,0.6878276765346527,0.6815077662467957
rrq_raw_heterogeneous_fp32_scales_upper,2.0,0,164,cold,3,0.688618004322052,0.7077162265777588
rrq_raw_heterogeneous_fp32_scales_upper,2.0,0,181,hot,4,0.7385774403810501,0.7412048578262329
rrq_raw_heterogeneous_fp32_scales_upper,2.0,0,206,hot,4,0.6556365042924881,0.6682631373405457
rrq_raw_heterogeneous_fp32_scales_upper,2.0,0,238,hot,4,0.7818315327167511,0.7710220813751221
rrq_raw_heterogeneous_fp32_scales_upper,2.0,0,248,cold,4,0.5647215992212296,0.5666903853416443
rrq_raw_heterogeneous_fp32_scales_upper,2.0,0,252,hot,4,0.8889118582010269,0.8973183631896973
rrq_raw_heterogeneous_fp32_scales_upper,2.0,4,28,hot,4,0.6500920057296753,0.6425316333770752
rrq_raw_heterogeneous_fp32_scales_upper,2.0,4,36,median,4,0.6135903000831604,0.6124427616596222
rrq_raw_heterogeneous_fp32_scales_upper,2.0,4,82,median,4,0.7087874710559845,0.7105401456356049
rrq_raw_heterogeneous_fp32_scales_upper,2.0,4,111,cold,1,0.5725229978561401,0.5725229978561401
rrq_raw_heterogeneous_fp32_scales_upper,2.0,4,129,hot,4,0.691589742898941,0.6796553432941437
rrq_raw_heterogeneous_fp32_scales_upper,2.0,4,134,hot,4,0.6637006998062134,0.6442283391952515
rrq_raw_heterogeneous_fp32_scales_upper,2.0,4,143,cold,1,0.6205233335494995,0.6205233335494995
rrq_raw_heterogeneous_fp32_scales_upper,2.0,4,154,hot,4,0.682700514793396,0.684397965669632
rrq_raw_heterogeneous_fp32_scales_upper,2.0,4,190,median,4,0.7498124688863754,0.7475133836269379
rrq_raw_heterogeneous_fp32_scales_upper,2.0,4,193,median,4,0.6686295568943024,0.6830350458621979
rrq_raw_heterogeneous_fp32_scales_upper,2.0,20,30,cold,1,0.5772030353546143,0.5772030353546143
rrq_raw_heterogeneous_fp32_scales_upper,2.0,20,44,median,3,0.6926319400469462,0.6975888013839722
rrq_raw_heterogeneous_fp32_scales_upper,2.0,20,45,median,1,0.6638451814651489,0.6638451814651489
rrq_raw_heterogeneous_fp32_scales_upper,2.0,20,72,hot,4,0.6896049380302429,0.7195554971694946
rrq_raw_heterogeneous_fp32_scales_upper,2.0,20,142,median,3,0.7258206605911255,0.6961225867271423
rrq_raw_heterogeneous_fp32_scales_upper,2.0,20,148,hot,4,0.677545428276062,0.690775454044342
rrq_raw_heterogeneous_fp32_scales_upper,2.0,20,232,hot,4,0.7173645496368408,0.7362717688083649
rrq_raw_heterogeneous_fp32_scales_upper,2.0,20,240,hot,4,0.5762808322906494,0.6143946051597595
rrq_raw_heterogeneous_fp32_scales_upper,2.0,39,22,hot,4,0.6320211291313171,0.63234943151474
rrq_raw_heterogeneous_fp32_scales_upper,2.0,39,37,median,4,0.7303978949785233,0.7361708283424377
rrq_raw_heterogeneous_fp32_scales_upper,2.0,39,43,cold,2,0.6283155083656311,0.6283155083656311
rrq_raw_heterogeneous_fp32_scales_upper,2.0,39,55,median,4,0.5924846678972244,0.6000288426876068
rrq_raw_heterogeneous_fp32_scales_upper,2.0,39,70,hot,4,0.7026742249727249,0.6904582381248474
rrq_raw_heterogeneous_fp32_scales_upper,2.0,39,147,median,4,0.7075328528881073,0.7206353545188904
rrq_raw_heterogeneous_fp32_scales_upper,2.0,39,189,hot,4,0.69930799305439,0.7112918496131897
rrq_raw_heterogeneous_fp32_scales_upper,2.0,39,193,median,4,0.7248445153236389,0.718187153339386
rrq_raw_heterogeneous_fp32_scales_upper,2.0,39,235,hot,4,0.6866095811128616,0.6839604377746582
rrq_raw_heterogeneous_fp32_scales_upper,2.25,0,1,median,4,0.6427051573991776,0.6360306441783905
rrq_raw_heterogeneous_fp32_scales_upper,2.25,0,8,cold,1,0.5954182744026184,0.5954182744026184
rrq_raw_heterogeneous_fp32_scales_upper,2.25,0,17,cold,4,0.6316074132919312,0.6257312893867493
rrq_raw_heterogeneous_fp32_scales_upper,2.25,0,22,median,4,0.696673646569252,0.6669752299785614
rrq_raw_heterogeneous_fp32_scales_upper,2.25,0,114,median,1,0.8354178667068481,0.8354178667068481
rrq_raw_heterogeneous_fp32_scales_upper,2.25,0,158,median,4,0.6878276765346527,0.6815077662467957
rrq_raw_heterogeneous_fp32_scales_upper,2.25,0,164,cold,3,0.688618004322052,0.7077162265777588
rrq_raw_heterogeneous_fp32_scales_upper,2.25,0,181,hot,4,0.7385774403810501,0.7412048578262329
rrq_raw_heterogeneous_fp32_scales_upper,2.25,0,206,hot,4,0.6556365042924881,0.6682631373405457
rrq_raw_heterogeneous_fp32_scales_upper,2.25,0,238,hot,4,0.7818315327167511,0.7710220813751221
rrq_raw_heterogeneous_fp32_scales_upper,2.25,0,248,cold,4,0.5647215992212296,0.5666903853416443
rrq_raw_heterogeneous_fp32_scales_upper,2.25,0,252,hot,4,0.8889118582010269,0.8973183631896973
rrq_raw_heterogeneous_fp32_scales_upper,2.25,4,28,hot,4,0.6500920057296753,0.6425316333770752
rrq_raw_heterogeneous_fp32_scales_upper,2.25,4,36,median,4,0.6135903000831604,0.6124427616596222
rrq_raw_heterogeneous_fp32_scales_upper,2.25,4,82,median,4,0.7087874710559845,0.7105401456356049
rrq_raw_heterogeneous_fp32_scales_upper,2.25,4,111,cold,1,0.5725229978561401,0.5725229978561401
rrq_raw_heterogeneous_fp32_scales_upper,2.25,4,129,hot,4,0.691589742898941,0.6796553432941437
rrq_raw_heterogeneous_fp32_scales_upper,2.25,4,134,hot,4,0.6637006998062134,0.6442283391952515
rrq_raw_heterogeneous_fp32_scales_upper,2.25,4,143,cold,1,0.6205233335494995,0.6205233335494995
rrq_raw_heterogeneous_fp32_scales_upper,2.25,4,154,hot,4,0.682700514793396,0.684397965669632
rrq_raw_heterogeneous_fp32_scales_upper,2.25,4,190,median,4,0.7498124688863754,0.7475133836269379
rrq_raw_heterogeneous_fp32_scales_upper,2.25,4,193,median,4,0.6686295568943024,0.6830350458621979
rrq_raw_heterogeneous_fp32_scales_upper,2.25,20,30,cold,1,0.5772030353546143,0.5772030353546143
rrq_raw_heterogeneous_fp32_scales_upper,2.25,20,44,median,3,0.6926319400469462,0.6975888013839722
rrq_raw_heterogeneous_fp32_scales_upper,2.25,20,45,median,1,0.6638451814651489,0.6638451814651489
rrq_raw_heterogeneous_fp32_scales_upper,2.25,20,72,hot,4,0.6896049380302429,0.7195554971694946
rrq_raw_heterogeneous_fp32_scales_upper,2.25,20,142,median,3,0.7258206605911255,0.6961225867271423
rrq_raw_heterogeneous_fp32_scales_upper,2.25,20,148,hot,4,0.677545428276062,0.690775454044342
rrq_raw_heterogeneous_fp32_scales_upper,2.25,20,232,hot,4,0.7173645496368408,0.7362717688083649
rrq_raw_heterogeneous_fp32_scales_upper,2.25,20,240,hot,4,0.5762808322906494,0.6143946051597595
rrq_raw_heterogeneous_fp32_scales_upper,2.25,39,22,hot,4,0.6320211291313171,0.63234943151474
rrq_raw_heterogeneous_fp32_scales_upper,2.25,39,37,median,4,0.7303978949785233,0.7361708283424377
rrq_raw_heterogeneous_fp32_scales_upper,2.25,39,43,cold,2,0.6283155083656311,0.6283155083656311
rrq_raw_heterogeneous_fp32_scales_upper,2.25,39,55,median,4,0.5924846678972244,0.6000288426876068
rrq_raw_heterogeneous_fp32_scales_upper,2.25,39,70,hot,4,0.7026742249727249,0.6904582381248474
rrq_raw_heterogeneous_fp32_scales_upper,2.25,39,147,median,4,0.7075328528881073,0.7206353545188904
rrq_raw_heterogeneous_fp32_scales_upper,2.25,39,189,hot,4,0.69930799305439,0.7112918496131897
rrq_raw_heterogeneous_fp32_scales_upper,2.25,39,193,median,4,0.7248445153236389,0.718187153339386
rrq_raw_heterogeneous_fp32_scales_upper,2.25,39,235,hot,4,0.6866095811128616,0.6839604377746582
rrq_raw_heterogeneous_fp32_scales_upper,3.0,0,1,median,4,0.810797318816185,0.821061372756958
rrq_raw_heterogeneous_fp32_scales_upper,3.0,0,8,cold,1,0.7228107452392578,0.7228107452392578
rrq_raw_heterogeneous_fp32_scales_upper,3.0,0,17,cold,4,0.8138873726129532,0.8236866891384125
rrq_raw_heterogeneous_fp32_scales_upper,3.0,0,22,median,4,0.8534363508224487,0.8593539893627167
rrq_raw_heterogeneous_fp32_scales_upper,3.0,0,114,median,1,0.9247474670410156,0.9247474670410156
rrq_raw_heterogeneous_fp32_scales_upper,3.0,0,158,median,4,0.8564664572477341,0.8642773032188416
rrq_raw_heterogeneous_fp32_scales_upper,3.0,0,164,cold,3,0.849766751130422,0.8673557043075562
rrq_raw_heterogeneous_fp32_scales_upper,3.0,0,181,hot,4,0.8884928971529007,0.8922535181045532
rrq_raw_heterogeneous_fp32_scales_upper,3.0,0,206,hot,4,0.8318071514368057,0.8301588594913483
rrq_raw_heterogeneous_fp32_scales_upper,3.0,0,238,hot,4,0.8956374377012253,0.8925888240337372
rrq_raw_heterogeneous_fp32_scales_upper,3.0,0,248,cold,4,0.7690508216619492,0.7471989095211029
rrq_raw_heterogeneous_fp32_scales_upper,3.0,0,252,hot,4,0.9433545619249344,0.9552120566368103
rrq_raw_heterogeneous_fp32_scales_upper,3.0,4,28,hot,4,0.8424506634473801,0.8231916129589081
rrq_raw_heterogeneous_fp32_scales_upper,3.0,4,36,median,4,0.841700091958046,0.8507516980171204
rrq_raw_heterogeneous_fp32_scales_upper,3.0,4,82,median,4,0.9015114456415176,0.9011090099811554
rrq_raw_heterogeneous_fp32_scales_upper,3.0,4,111,cold,1,0.8709638118743896,0.8709638118743896
rrq_raw_heterogeneous_fp32_scales_upper,3.0,4,129,hot,4,0.8633786737918854,0.8679105341434479
rrq_raw_heterogeneous_fp32_scales_upper,3.0,4,134,hot,4,0.8662310540676117,0.8703880310058594
rrq_raw_heterogeneous_fp32_scales_upper,3.0,4,143,cold,1,0.8925005793571472,0.8925005793571472
rrq_raw_heterogeneous_fp32_scales_upper,3.0,4,154,hot,4,0.8776476383209229,0.8824334144592285
rrq_raw_heterogeneous_fp32_scales_upper,3.0,4,190,median,4,0.8940566033124924,0.9028060436248779
rrq_raw_heterogeneous_fp32_scales_upper,3.0,4,193,median,4,0.8518310338258743,0.8950137495994568
rrq_raw_heterogeneous_fp32_scales_upper,3.0,20,30,cold,1,0.8470505475997925,0.8470505475997925
rrq_raw_heterogeneous_fp32_scales_upper,3.0,20,44,median,3,0.9193244775136312,0.9305381178855896
rrq_raw_heterogeneous_fp32_scales_upper,3.0,20,45,median,1,0.89970862865448,0.89970862865448
rrq_raw_heterogeneous_fp32_scales_upper,3.0,20,72,hot,4,0.8836577981710434,0.8865808844566345
rrq_raw_heterogeneous_fp32_scales_upper,3.0,20,142,median,3,0.9343372186024984,0.9442896842956543
rrq_raw_heterogeneous_fp32_scales_upper,3.0,20,148,hot,4,0.8955600261688232,0.8972286581993103
rrq_raw_heterogeneous_fp32_scales_upper,3.0,20,232,hot,4,0.8927822560071945,0.9194989800453186
rrq_raw_heterogeneous_fp32_scales_upper,3.0,20,240,hot,4,0.8108325451612473,0.8375972807407379
rrq_raw_heterogeneous_fp32_scales_upper,3.0,39,22,hot,4,0.7508105635643005,0.7475704252719879
rrq_raw_heterogeneous_fp32_scales_upper,3.0,39,37,median,4,0.8908734023571014,0.89946448802948
rrq_raw_heterogeneous_fp32_scales_upper,3.0,39,43,cold,2,0.836683452129364,0.836683452129364
rrq_raw_heterogeneous_fp32_scales_upper,3.0,39,55,median,4,0.7891978174448013,0.8064184188842773
rrq_raw_heterogeneous_fp32_scales_upper,3.0,39,70,hot,4,0.8499410599470139,0.8518031537532806
rrq_raw_heterogeneous_fp32_scales_upper,3.0,39,147,median,4,0.8352590501308441,0.8394583761692047
rrq_raw_heterogeneous_fp32_scales_upper,3.0,39,189,hot,4,0.8539166897535324,0.8633266091346741
rrq_raw_heterogeneous_fp32_scales_upper,3.0,39,193,median,4,0.8923715502023697,0.8941984474658966
rrq_raw_heterogeneous_fp32_scales_upper,3.0,39,235,hot,4,0.8415115773677826,0.8430874943733215
rrq_raw_heterogeneous_fp32_scales_upper,4.0,0,1,median,4,0.9109414219856262,0.9091569781303406
rrq_raw_heterogeneous_fp32_scales_upper,4.0,0,8,cold,1,0.9143722057342529,0.9143722057342529
rrq_raw_heterogeneous_fp32_scales_upper,4.0,0,17,cold,4,0.9105672836303711,0.9128061234951019
rrq_raw_heterogeneous_fp32_scales_upper,4.0,0,22,median,4,0.9222843050956726,0.9292575120925903
rrq_raw_heterogeneous_fp32_scales_upper,4.0,0,114,median,1,0.9495711922645569,0.9495711922645569
rrq_raw_heterogeneous_fp32_scales_upper,4.0,0,158,median,4,0.9168412536382675,0.913187175989151
rrq_raw_heterogeneous_fp32_scales_upper,4.0,0,164,cold,3,0.9347489277521769,0.9340262413024902
rrq_raw_heterogeneous_fp32_scales_upper,4.0,0,181,hot,4,0.9362981766462326,0.9369742274284363
rrq_raw_heterogeneous_fp32_scales_upper,4.0,0,206,hot,4,0.94424869120121,0.9430584609508514
rrq_raw_heterogeneous_fp32_scales_upper,4.0,0,238,hot,4,0.9365244060754776,0.9369477927684784
rrq_raw_heterogeneous_fp32_scales_upper,4.0,0,248,cold,4,0.8781456053256989,0.8865704834461212
rrq_raw_heterogeneous_fp32_scales_upper,4.0,0,252,hot,4,0.971393033862114,0.9700741171836853
rrq_raw_heterogeneous_fp32_scales_upper,4.0,4,28,hot,4,0.9224853962659836,0.9262659549713135
rrq_raw_heterogeneous_fp32_scales_upper,4.0,4,36,median,4,0.9081585258245468,0.9042937159538269
rrq_raw_heterogeneous_fp32_scales_upper,4.0,4,82,median,4,0.9503740221261978,0.9490540027618408
rrq_raw_heterogeneous_fp32_scales_upper,4.0,4,111,cold,1,0.9023540616035461,0.9023540616035461
rrq_raw_heterogeneous_fp32_scales_upper,4.0,4,129,hot,4,0.9198178648948669,0.9272911548614502
rrq_raw_heterogeneous_fp32_scales_upper,4.0,4,134,hot,4,0.9072819352149963,0.9118398129940033
rrq_raw_heterogeneous_fp32_scales_upper,4.0,4,143,cold,1,0.9346354007720947,0.9346354007720947
rrq_raw_heterogeneous_fp32_scales_upper,4.0,4,154,hot,4,0.9440977573394775,0.9471798837184906
rrq_raw_heterogeneous_fp32_scales_upper,4.0,4,190,median,4,0.9360649585723877,0.9410052597522736
rrq_raw_heterogeneous_fp32_scales_upper,4.0,4,193,median,4,0.9138476401567459,0.9313580691814423
rrq_raw_heterogeneous_fp32_scales_upper,4.0,20,30,cold,1,0.9108204245567322,0.9108204245567322
rrq_raw_heterogeneous_fp32_scales_upper,4.0,20,44,median,3,0.9503112037976583,0.9500577449798584
rrq_raw_heterogeneous_fp32_scales_upper,4.0,20,45,median,1,0.9463064074516296,0.9463064074516296
rrq_raw_heterogeneous_fp32_scales_upper,4.0,20,72,hot,4,0.9403661787509918,0.9452857375144958
rrq_raw_heterogeneous_fp32_scales_upper,4.0,20,142,median,3,0.947200357913971,0.9531029462814331
rrq_raw_heterogeneous_fp32_scales_upper,4.0,20,148,hot,4,0.9356742203235626,0.9399406313896179
rrq_raw_heterogeneous_fp32_scales_upper,4.0,20,232,hot,4,0.936172604560852,0.9457440674304962
rrq_raw_heterogeneous_fp32_scales_upper,4.0,20,240,hot,4,0.893040657043457,0.9113775789737701
rrq_raw_heterogeneous_fp32_scales_upper,4.0,39,22,hot,4,0.895061269402504,0.898843377828598
rrq_raw_heterogeneous_fp32_scales_upper,4.0,39,37,median,4,0.9354589283466339,0.9354571104049683
rrq_raw_heterogeneous_fp32_scales_upper,4.0,39,43,cold,2,0.9064576327800751,0.9064576327800751
rrq_raw_heterogeneous_fp32_scales_upper,4.0,39,55,median,4,0.87709841132164,0.8844223916530609
rrq_raw_heterogeneous_fp32_scales_upper,4.0,39,70,hot,4,0.9411539435386658,0.9427217543125153
rrq_raw_heterogeneous_fp32_scales_upper,4.0,39,147,median,4,0.9131746292114258,0.9141080379486084
rrq_raw_heterogeneous_fp32_scales_upper,4.0,39,189,hot,4,0.9328225404024124,0.9366579949855804
rrq_raw_heterogeneous_fp32_scales_upper,4.0,39,193,median,4,0.937394455075264,0.9401972591876984
rrq_raw_heterogeneous_fp32_scales_upper,4.0,39,235,hot,4,0.909052237868309,0.9126600027084351
rrq_raw_heterogeneous_weight_only_down,0.75,0,1,median,4,0.24046845734119415,0.2182255983352661
rrq_raw_heterogeneous_weight_only_down,0.75,0,8,cold,1,5.960464477539063e-08,5.960464477539063e-08
rrq_raw_heterogeneous_weight_only_down,0.75,0,17,cold,4,0.1400679349899292,0.14668899774551392
rrq_raw_heterogeneous_weight_only_down,0.75,0,22,median,4,0.2963569462299347,0.2972135841846466
rrq_raw_heterogeneous_weight_only_down,0.75,0,114,median,1,0.0,0.0
rrq_raw_heterogeneous_weight_only_down,0.75,0,158,median,4,0.28209780156612396,0.27464738488197327
rrq_raw_heterogeneous_weight_only_down,0.75,0,164,cold,3,0.2316086490948995,0.29224127531051636
rrq_raw_heterogeneous_weight_only_down,0.75,0,181,hot,4,0.2502768039703369,0.23835143446922302
rrq_raw_heterogeneous_weight_only_down,0.75,0,206,hot,4,0.21629822254180908,0.17678889632225037
rrq_raw_heterogeneous_weight_only_down,0.75,0,238,hot,4,0.22227469086647034,0.21054044365882874
rrq_raw_heterogeneous_weight_only_down,0.75,0,248,cold,4,0.19482745230197906,0.18457543849945068
rrq_raw_heterogeneous_weight_only_down,0.75,0,252,hot,4,0.13201133906841278,0.1396237313747406
rrq_raw_heterogeneous_weight_only_down,0.75,4,28,hot,4,0.3015577048063278,0.2732950747013092
rrq_raw_heterogeneous_weight_only_down,0.75,4,36,median,4,0.1084144115447998,0.06213414669036865
rrq_raw_heterogeneous_weight_only_down,0.75,4,82,median,4,0.44544635713100433,0.5083269774913788
rrq_raw_heterogeneous_weight_only_down,0.75,4,111,cold,1,0.0,0.0
rrq_raw_heterogeneous_weight_only_down,0.75,4,129,hot,4,0.39316824078559875,0.42731374502182007
rrq_raw_heterogeneous_weight_only_down,0.75,4,134,hot,4,0.21720881760120392,0.20855286717414856
rrq_raw_heterogeneous_weight_only_down,0.75,4,143,cold,1,5.960464477539063e-08,5.960464477539063e-08
rrq_raw_heterogeneous_weight_only_down,0.75,4,154,hot,4,0.2917011231184006,0.30309998989105225
rrq_raw_heterogeneous_weight_only_down,0.75,4,190,median,4,0.2468145191669464,0.3169959783554077
rrq_raw_heterogeneous_weight_only_down,0.75,4,193,median,4,0.3178030401468277,0.3137114644050598
rrq_raw_heterogeneous_weight_only_down,0.75,20,30,cold,1,0.3756129741668701,0.3756129741668701
rrq_raw_heterogeneous_weight_only_down,0.75,20,44,median,3,0.36912737290064496,0.4404029846191406
rrq_raw_heterogeneous_weight_only_down,0.75,20,45,median,1,0.2404996156692505,0.2404996156692505
rrq_raw_heterogeneous_weight_only_down,0.75,20,72,hot,4,0.3540358692407608,0.3811723589897156
rrq_raw_heterogeneous_weight_only_down,0.75,20,142,median,3,0.366129736105601,0.3321939706802368
rrq_raw_heterogeneous_weight_only_down,0.75,20,148,hot,4,0.1854836791753769,0.16091376543045044
rrq_raw_heterogeneous_weight_only_down,0.75,20,232,hot,4,0.47592101991176605,0.4868455231189728
rrq_raw_heterogeneous_weight_only_down,0.75,20,240,hot,4,0.1760341227054596,0.18907764554023743
rrq_raw_heterogeneous_weight_only_down,0.75,39,22,hot,4,0.3228388726711273,0.3319372236728668
rrq_raw_heterogeneous_weight_only_down,0.75,39,37,median,4,0.32823461294174194,0.31602391600608826
rrq_raw_heterogeneous_weight_only_down,0.75,39,43,cold,2,0.09190574288368225,0.09190574288368225
rrq_raw_heterogeneous_weight_only_down,0.75,39,55,median,4,0.12012356519699097,0.09582394361495972
rrq_raw_heterogeneous_weight_only_down,0.75,39,70,hot,4,0.1448589265346527,0.14558252692222595
rrq_raw_heterogeneous_weight_only_down,0.75,39,147,median,4,0.10417577624320984,0.07225966453552246
rrq_raw_heterogeneous_weight_only_down,0.75,39,189,hot,4,0.26305538415908813,0.2570739984512329
rrq_raw_heterogeneous_weight_only_down,0.75,39,193,median,4,0.1939801424741745,0.15524673461914062
rrq_raw_heterogeneous_weight_only_down,0.75,39,235,hot,4,0.370289608836174,0.44808173179626465
rrq_raw_heterogeneous_weight_only_down,1.0,0,1,median,4,0.41718587279319763,0.40680477023124695
rrq_raw_heterogeneous_weight_only_down,1.0,0,8,cold,1,0.4312298893928528,0.4312298893928528
rrq_raw_heterogeneous_weight_only_down,1.0,0,17,cold,4,0.42964595556259155,0.42754223942756653
rrq_raw_heterogeneous_weight_only_down,1.0,0,22,median,4,0.4714083671569824,0.4358775317668915
rrq_raw_heterogeneous_weight_only_down,1.0,0,114,median,1,0.6383559703826904,0.6383559703826904
rrq_raw_heterogeneous_weight_only_down,1.0,0,158,median,4,0.4308948814868927,0.4045073986053467
rrq_raw_heterogeneous_weight_only_down,1.0,0,164,cold,3,0.45231403907140094,0.44231945276260376
rrq_raw_heterogeneous_weight_only_down,1.0,0,181,hot,4,0.4370872676372528,0.4422914385795593
rrq_raw_heterogeneous_weight_only_down,1.0,0,206,hot,4,0.39260177314281464,0.3889702260494232
rrq_raw_heterogeneous_weight_only_down,1.0,0,238,hot,4,0.43801015615463257,0.3683154881000519
rrq_raw_heterogeneous_weight_only_down,1.0,0,248,cold,4,0.3826981335878372,0.3722332715988159
rrq_raw_heterogeneous_weight_only_down,1.0,0,252,hot,4,0.762735515832901,0.7622745633125305
rrq_raw_heterogeneous_weight_only_down,1.0,4,28,hot,4,0.41399864852428436,0.3838199973106384
rrq_raw_heterogeneous_weight_only_down,1.0,4,36,median,4,0.3258994072675705,0.32866448163986206
rrq_raw_heterogeneous_weight_only_down,1.0,4,82,median,4,0.5045525878667831,0.5083269774913788
rrq_raw_heterogeneous_weight_only_down,1.0,4,111,cold,1,0.3798999786376953,0.3798999786376953
rrq_raw_heterogeneous_weight_only_down,1.0,4,129,hot,4,0.46813561022281647,0.47948914766311646
rrq_raw_heterogeneous_weight_only_down,1.0,4,134,hot,4,0.3749900162220001,0.3636678159236908
rrq_raw_heterogeneous_weight_only_down,1.0,4,143,cold,1,0.37272095680236816,0.37272095680236816
rrq_raw_heterogeneous_weight_only_down,1.0,4,154,hot,4,0.41132621467113495,0.40341535210609436
rrq_raw_heterogeneous_weight_only_down,1.0,4,190,median,4,0.46206264197826385,0.4310140609741211
rrq_raw_heterogeneous_weight_only_down,1.0,4,193,median,4,0.40322384238243103,0.4060756266117096
rrq_raw_heterogeneous_weight_only_down,1.0,20,30,cold,1,0.3756129741668701,0.3756129741668701
rrq_raw_heterogeneous_weight_only_down,1.0,20,44,median,3,0.40455033381779987,0.4404029846191406
rrq_raw_heterogeneous_weight_only_down,1.0,20,45,median,1,0.3931524157524109,0.3931524157524109
rrq_raw_heterogeneous_weight_only_down,1.0,20,72,hot,4,0.3969500958919525,0.38842225074768066
rrq_raw_heterogeneous_weight_only_down,1.0,20,142,median,3,0.5345977743466696,0.5422081351280212
rrq_raw_heterogeneous_weight_only_down,1.0,20,148,hot,4,0.4221093952655792,0.4220876097679138
rrq_raw_heterogeneous_weight_only_down,1.0,20,232,hot,4,0.47592101991176605,0.4868455231189728
rrq_raw_heterogeneous_weight_only_down,1.0,20,240,hot,4,0.34200282394886017,0.2835825979709625
rrq_raw_heterogeneous_weight_only_down,1.0,39,22,hot,4,0.44097091257572174,0.4543226957321167
rrq_raw_heterogeneous_weight_only_down,1.0,39,37,median,4,0.4664594680070877,0.451752632856369
rrq_raw_heterogeneous_weight_only_down,1.0,39,43,cold,2,0.44193220138549805,0.44193220138549805
rrq_raw_heterogeneous_weight_only_down,1.0,39,55,median,4,0.3685489147901535,0.37010064721107483
rrq_raw_heterogeneous_weight_only_down,1.0,39,70,hot,4,0.37867216765880585,0.3718859851360321
rrq_raw_heterogeneous_weight_only_down,1.0,39,147,median,4,0.45445190370082855,0.4668152630329132
rrq_raw_heterogeneous_weight_only_down,1.0,39,189,hot,4,0.4248132109642029,0.42983973026275635
rrq_raw_heterogeneous_weight_only_down,1.0,39,193,median,4,0.4941365569829941,0.4951818585395813
rrq_raw_heterogeneous_weight_only_down,1.0,39,235,hot,4,0.45809511840343475,0.4594062864780426
rrq_raw_heterogeneous_weight_only_down,1.25,0,1,median,4,0.41718587279319763,0.40680477023124695
rrq_raw_heterogeneous_weight_only_down,1.25,0,8,cold,1,0.4312298893928528,0.4312298893928528
rrq_raw_heterogeneous_weight_only_down,1.25,0,17,cold,4,0.42964595556259155,0.42754223942756653
rrq_raw_heterogeneous_weight_only_down,1.25,0,22,median,4,0.4714083671569824,0.4358775317668915
rrq_raw_heterogeneous_weight_only_down,1.25,0,114,median,1,0.6383559703826904,0.6383559703826904
rrq_raw_heterogeneous_weight_only_down,1.25,0,158,median,4,0.4308948814868927,0.4045073986053467
rrq_raw_heterogeneous_weight_only_down,1.25,0,164,cold,3,0.45231403907140094,0.44231945276260376
rrq_raw_heterogeneous_weight_only_down,1.25,0,181,hot,4,0.4370872676372528,0.4422914385795593
rrq_raw_heterogeneous_weight_only_down,1.25,0,206,hot,4,0.39260177314281464,0.3889702260494232
rrq_raw_heterogeneous_weight_only_down,1.25,0,238,hot,4,0.43801015615463257,0.3683154881000519
rrq_raw_heterogeneous_weight_only_down,1.25,0,248,cold,4,0.3826981335878372,0.3722332715988159
rrq_raw_heterogeneous_weight_only_down,1.25,0,252,hot,4,0.762735515832901,0.7622745633125305
rrq_raw_heterogeneous_weight_only_down,1.25,4,28,hot,4,0.41399864852428436,0.3838199973106384
rrq_raw_heterogeneous_weight_only_down,1.25,4,36,median,4,0.3258994072675705,0.32866448163986206
rrq_raw_heterogeneous_weight_only_down,1.25,4,82,median,4,0.5045525878667831,0.5083269774913788
rrq_raw_heterogeneous_weight_only_down,1.25,4,111,cold,1,0.3798999786376953,0.3798999786376953
rrq_raw_heterogeneous_weight_only_down,1.25,4,129,hot,4,0.46813561022281647,0.47948914766311646
rrq_raw_heterogeneous_weight_only_down,1.25,4,134,hot,4,0.3749900162220001,0.3636678159236908
rrq_raw_heterogeneous_weight_only_down,1.25,4,143,cold,1,0.37272095680236816,0.37272095680236816
rrq_raw_heterogeneous_weight_only_down,1.25,4,154,hot,4,0.41132621467113495,0.40341535210609436
rrq_raw_heterogeneous_weight_only_down,1.25,4,190,median,4,0.46206264197826385,0.4310140609741211
rrq_raw_heterogeneous_weight_only_down,1.25,4,193,median,4,0.40322384238243103,0.4060756266117096
rrq_raw_heterogeneous_weight_only_down,1.25,20,30,cold,1,0.3756129741668701,0.3756129741668701
rrq_raw_heterogeneous_weight_only_down,1.25,20,44,median,3,0.40455033381779987,0.4404029846191406
rrq_raw_heterogeneous_weight_only_down,1.25,20,45,median,1,0.3931524157524109,0.3931524157524109
rrq_raw_heterogeneous_weight_only_down,1.25,20,72,hot,4,0.3969500958919525,0.38842225074768066
rrq_raw_heterogeneous_weight_only_down,1.25,20,142,median,3,0.5345977743466696,0.5422081351280212
rrq_raw_heterogeneous_weight_only_down,1.25,20,148,hot,4,0.4221093952655792,0.4220876097679138
rrq_raw_heterogeneous_weight_only_down,1.25,20,232,hot,4,0.47592101991176605,0.4868455231189728
rrq_raw_heterogeneous_weight_only_down,1.25,20,240,hot,4,0.34200282394886017,0.2835825979709625
rrq_raw_heterogeneous_weight_only_down,1.25,39,22,hot,4,0.44097091257572174,0.4543226957321167
rrq_raw_heterogeneous_weight_only_down,1.25,39,37,median,4,0.4664594680070877,0.451752632856369
rrq_raw_heterogeneous_weight_only_down,1.25,39,43,cold,2,0.44193220138549805,0.44193220138549805
rrq_raw_heterogeneous_weight_only_down,1.25,39,55,median,4,0.3685489147901535,0.37010064721107483
rrq_raw_heterogeneous_weight_only_down,1.25,39,70,hot,4,0.37867216765880585,0.3718859851360321
rrq_raw_heterogeneous_weight_only_down,1.25,39,147,median,4,0.45445190370082855,0.4668152630329132
rrq_raw_heterogeneous_weight_only_down,1.25,39,189,hot,4,0.4248132109642029,0.42983973026275635
rrq_raw_heterogeneous_weight_only_down,1.25,39,193,median,4,0.4941365569829941,0.4951818585395813
rrq_raw_heterogeneous_weight_only_down,1.25,39,235,hot,4,0.45809511840343475,0.4594062864780426
rrq_raw_heterogeneous_weight_only_down,1.5,0,1,median,4,0.41718587279319763,0.40680477023124695
rrq_raw_heterogeneous_weight_only_down,1.5,0,8,cold,1,0.4312298893928528,0.4312298893928528
rrq_raw_heterogeneous_weight_only_down,1.5,0,17,cold,4,0.42964595556259155,0.42754223942756653
rrq_raw_heterogeneous_weight_only_down,1.5,0,22,median,4,0.4714083671569824,0.4358775317668915
rrq_raw_heterogeneous_weight_only_down,1.5,0,114,median,1,0.6383559703826904,0.6383559703826904
rrq_raw_heterogeneous_weight_only_down,1.5,0,158,median,4,0.4308948814868927,0.4045073986053467
rrq_raw_heterogeneous_weight_only_down,1.5,0,164,cold,3,0.45231403907140094,0.44231945276260376
rrq_raw_heterogeneous_weight_only_down,1.5,0,181,hot,4,0.4370872676372528,0.4422914385795593
rrq_raw_heterogeneous_weight_only_down,1.5,0,206,hot,4,0.39260177314281464,0.3889702260494232
rrq_raw_heterogeneous_weight_only_down,1.5,0,238,hot,4,0.43801015615463257,0.3683154881000519
rrq_raw_heterogeneous_weight_only_down,1.5,0,248,cold,4,0.3826981335878372,0.3722332715988159
rrq_raw_heterogeneous_weight_only_down,1.5,0,252,hot,4,0.762735515832901,0.7622745633125305
rrq_raw_heterogeneous_weight_only_down,1.5,4,28,hot,4,0.41399864852428436,0.3838199973106384
rrq_raw_heterogeneous_weight_only_down,1.5,4,36,median,4,0.3258994072675705,0.32866448163986206
rrq_raw_heterogeneous_weight_only_down,1.5,4,82,median,4,0.5045525878667831,0.5083269774913788
rrq_raw_heterogeneous_weight_only_down,1.5,4,111,cold,1,0.3798999786376953,0.3798999786376953
rrq_raw_heterogeneous_weight_only_down,1.5,4,129,hot,4,0.46813561022281647,0.47948914766311646
rrq_raw_heterogeneous_weight_only_down,1.5,4,134,hot,4,0.3749900162220001,0.3636678159236908
rrq_raw_heterogeneous_weight_only_down,1.5,4,143,cold,1,0.37272095680236816,0.37272095680236816
rrq_raw_heterogeneous_weight_only_down,1.5,4,154,hot,4,0.41132621467113495,0.40341535210609436
rrq_raw_heterogeneous_weight_only_down,1.5,4,190,median,4,0.46206264197826385,0.4310140609741211
rrq_raw_heterogeneous_weight_only_down,1.5,4,193,median,4,0.40322384238243103,0.4060756266117096
rrq_raw_heterogeneous_weight_only_down,1.5,20,30,cold,1,0.3756129741668701,0.3756129741668701
rrq_raw_heterogeneous_weight_only_down,1.5,20,44,median,3,0.40455033381779987,0.4404029846191406
rrq_raw_heterogeneous_weight_only_down,1.5,20,45,median,1,0.3931524157524109,0.3931524157524109
rrq_raw_heterogeneous_weight_only_down,1.5,20,72,hot,4,0.3969500958919525,0.38842225074768066
rrq_raw_heterogeneous_weight_only_down,1.5,20,142,median,3,0.5345977743466696,0.5422081351280212
rrq_raw_heterogeneous_weight_only_down,1.5,20,148,hot,4,0.4221093952655792,0.4220876097679138
rrq_raw_heterogeneous_weight_only_down,1.5,20,232,hot,4,0.47592101991176605,0.4868455231189728
rrq_raw_heterogeneous_weight_only_down,1.5,20,240,hot,4,0.34200282394886017,0.2835825979709625
rrq_raw_heterogeneous_weight_only_down,1.5,39,22,hot,4,0.44097091257572174,0.4543226957321167
rrq_raw_heterogeneous_weight_only_down,1.5,39,37,median,4,0.4664594680070877,0.451752632856369
rrq_raw_heterogeneous_weight_only_down,1.5,39,43,cold,2,0.44193220138549805,0.44193220138549805
rrq_raw_heterogeneous_weight_only_down,1.5,39,55,median,4,0.3685489147901535,0.37010064721107483
rrq_raw_heterogeneous_weight_only_down,1.5,39,70,hot,4,0.37867216765880585,0.3718859851360321
rrq_raw_heterogeneous_weight_only_down,1.5,39,147,median,4,0.45445190370082855,0.4668152630329132
rrq_raw_heterogeneous_weight_only_down,1.5,39,189,hot,4,0.4248132109642029,0.42983973026275635
rrq_raw_heterogeneous_weight_only_down,1.5,39,193,median,4,0.4941365569829941,0.4951818585395813
rrq_raw_heterogeneous_weight_only_down,1.5,39,235,hot,4,0.45809511840343475,0.4594062864780426
rrq_raw_heterogeneous_weight_only_down,2.0,0,1,median,4,0.6598590165376663,0.6659748554229736
rrq_raw_heterogeneous_weight_only_down,2.0,0,8,cold,1,0.617992103099823,0.617992103099823
rrq_raw_heterogeneous_weight_only_down,2.0,0,17,cold,4,0.6642948240041733,0.6588006913661957
rrq_raw_heterogeneous_weight_only_down,2.0,0,22,median,4,0.7149293124675751,0.6905448734760284
rrq_raw_heterogeneous_weight_only_down,2.0,0,114,median,1,0.8281735777854919,0.8281735777854919
rrq_raw_heterogeneous_weight_only_down,2.0,0,158,median,4,0.6948694437742233,0.6878750622272491
rrq_raw_heterogeneous_weight_only_down,2.0,0,164,cold,3,0.6926817297935486,0.7042163610458374
rrq_raw_heterogeneous_weight_only_down,2.0,0,181,hot,4,0.7710400223731995,0.7710627913475037
rrq_raw_heterogeneous_weight_only_down,2.0,0,206,hot,4,0.6555459201335907,0.6595063507556915
rrq_raw_heterogeneous_weight_only_down,2.0,0,238,hot,4,0.7184477597475052,0.6937348246574402
rrq_raw_heterogeneous_weight_only_down,2.0,0,248,cold,4,0.5895795971155167,0.6103498935699463
rrq_raw_heterogeneous_weight_only_down,2.0,0,252,hot,4,0.8882093131542206,0.8981862962245941
rrq_raw_heterogeneous_weight_only_down,2.0,4,28,hot,4,0.6408998668193817,0.6367526352405548
rrq_raw_heterogeneous_weight_only_down,2.0,4,36,median,4,0.6203519552946091,0.6124863028526306
rrq_raw_heterogeneous_weight_only_down,2.0,4,82,median,4,0.7278713136911392,0.7225819826126099
rrq_raw_heterogeneous_weight_only_down,2.0,4,111,cold,1,0.5793536305427551,0.5793536305427551
rrq_raw_heterogeneous_weight_only_down,2.0,4,129,hot,4,0.6742915064096451,0.6585269570350647
rrq_raw_heterogeneous_weight_only_down,2.0,4,134,hot,4,0.6809014528989792,0.6659464836120605
rrq_raw_heterogeneous_weight_only_down,2.0,4,143,cold,1,0.6480276584625244,0.6480276584625244
rrq_raw_heterogeneous_weight_only_down,2.0,4,154,hot,4,0.6891948133707047,0.7144291996955872
rrq_raw_heterogeneous_weight_only_down,2.0,4,190,median,4,0.7540518343448639,0.767285943031311
rrq_raw_heterogeneous_weight_only_down,2.0,4,193,median,4,0.6840650588274002,0.6954512298107147
rrq_raw_heterogeneous_weight_only_down,2.0,20,30,cold,1,0.5658304691314697,0.5658304691314697
rrq_raw_heterogeneous_weight_only_down,2.0,20,44,median,3,0.6986932953198751,0.7035436630249023
rrq_raw_heterogeneous_weight_only_down,2.0,20,45,median,1,0.663820207118988,0.663820207118988
rrq_raw_heterogeneous_weight_only_down,2.0,20,72,hot,4,0.6911947876214981,0.7141118347644806
rrq_raw_heterogeneous_weight_only_down,2.0,20,142,median,3,0.7224913239479065,0.696121335029602
rrq_raw_heterogeneous_weight_only_down,2.0,20,148,hot,4,0.6686241775751114,0.6864746510982513
rrq_raw_heterogeneous_weight_only_down,2.0,20,232,hot,4,0.7308534234762192,0.7359956204891205
rrq_raw_heterogeneous_weight_only_down,2.0,20,240,hot,4,0.6019110381603241,0.6484655141830444
rrq_raw_heterogeneous_weight_only_down,2.0,39,22,hot,4,0.6543190181255341,0.6620957255363464
rrq_raw_heterogeneous_weight_only_down,2.0,39,37,median,4,0.7128115594387054,0.7141137421131134
rrq_raw_heterogeneous_weight_only_down,2.0,39,43,cold,2,0.6242294609546661,0.6242294609546661
rrq_raw_heterogeneous_weight_only_down,2.0,39,55,median,4,0.6262999475002289,0.6021881103515625
rrq_raw_heterogeneous_weight_only_down,2.0,39,70,hot,4,0.6905474215745926,0.6836211383342743
rrq_raw_heterogeneous_weight_only_down,2.0,39,147,median,4,0.6995742917060852,0.7241983115673065
rrq_raw_heterogeneous_weight_only_down,2.0,39,189,hot,4,0.67610302567482,0.7083478569984436
rrq_raw_heterogeneous_weight_only_down,2.0,39,193,median,4,0.70610211789608,0.7126330733299255
rrq_raw_heterogeneous_weight_only_down,2.0,39,235,hot,4,0.6761552095413208,0.7178810238838196
rrq_raw_heterogeneous_weight_only_down,2.25,0,1,median,4,0.6598590165376663,0.6659748554229736
rrq_raw_heterogeneous_weight_only_down,2.25,0,8,cold,1,0.617992103099823,0.617992103099823
rrq_raw_heterogeneous_weight_only_down,2.25,0,17,cold,4,0.6642948240041733,0.6588006913661957
rrq_raw_heterogeneous_weight_only_down,2.25,0,22,median,4,0.7149293124675751,0.6905448734760284
rrq_raw_heterogeneous_weight_only_down,2.25,0,114,median,1,0.8281735777854919,0.8281735777854919
rrq_raw_heterogeneous_weight_only_down,2.25,0,158,median,4,0.6948694437742233,0.6878750622272491
rrq_raw_heterogeneous_weight_only_down,2.25,0,164,cold,3,0.6926817297935486,0.7042163610458374
rrq_raw_heterogeneous_weight_only_down,2.25,0,181,hot,4,0.7710400223731995,0.7710627913475037
rrq_raw_heterogeneous_weight_only_down,2.25,0,206,hot,4,0.6555459201335907,0.6595063507556915
rrq_raw_heterogeneous_weight_only_down,2.25,0,238,hot,4,0.7184477597475052,0.6937348246574402
rrq_raw_heterogeneous_weight_only_down,2.25,0,248,cold,4,0.5895795971155167,0.6103498935699463
rrq_raw_heterogeneous_weight_only_down,2.25,0,252,hot,4,0.8882093131542206,0.8981862962245941
rrq_raw_heterogeneous_weight_only_down,2.25,4,28,hot,4,0.6408998668193817,0.6367526352405548
rrq_raw_heterogeneous_weight_only_down,2.25,4,36,median,4,0.6203519552946091,0.6124863028526306
rrq_raw_heterogeneous_weight_only_down,2.25,4,82,median,4,0.7278713136911392,0.7225819826126099
rrq_raw_heterogeneous_weight_only_down,2.25,4,111,cold,1,0.5793536305427551,0.5793536305427551
rrq_raw_heterogeneous_weight_only_down,2.25,4,129,hot,4,0.6742915064096451,0.6585269570350647
rrq_raw_heterogeneous_weight_only_down,2.25,4,134,hot,4,0.6809014528989792,0.6659464836120605
rrq_raw_heterogeneous_weight_only_down,2.25,4,143,cold,1,0.6480276584625244,0.6480276584625244
rrq_raw_heterogeneous_weight_only_down,2.25,4,154,hot,4,0.6891948133707047,0.7144291996955872
rrq_raw_heterogeneous_weight_only_down,2.25,4,190,median,4,0.7540518343448639,0.767285943031311
rrq_raw_heterogeneous_weight_only_down,2.25,4,193,median,4,0.6840650588274002,0.6954512298107147
rrq_raw_heterogeneous_weight_only_down,2.25,20,30,cold,1,0.5658304691314697,0.5658304691314697
rrq_raw_heterogeneous_weight_only_down,2.25,20,44,median,3,0.6986932953198751,0.7035436630249023
rrq_raw_heterogeneous_weight_only_down,2.25,20,45,median,1,0.663820207118988,0.663820207118988
rrq_raw_heterogeneous_weight_only_down,2.25,20,72,hot,4,0.6911947876214981,0.7141118347644806
rrq_raw_heterogeneous_weight_only_down,2.25,20,142,median,3,0.7224913239479065,0.696121335029602
rrq_raw_heterogeneous_weight_only_down,2.25,20,148,hot,4,0.6686241775751114,0.6864746510982513
rrq_raw_heterogeneous_weight_only_down,2.25,20,232,hot,4,0.7308534234762192,0.7359956204891205
rrq_raw_heterogeneous_weight_only_down,2.25,20,240,hot,4,0.6019110381603241,0.6484655141830444
rrq_raw_heterogeneous_weight_only_down,2.25,39,22,hot,4,0.6543190181255341,0.6620957255363464
rrq_raw_heterogeneous_weight_only_down,2.25,39,37,median,4,0.7128115594387054,0.7141137421131134
rrq_raw_heterogeneous_weight_only_down,2.25,39,43,cold,2,0.6242294609546661,0.6242294609546661
rrq_raw_heterogeneous_weight_only_down,2.25,39,55,median,4,0.6262999475002289,0.6021881103515625
rrq_raw_heterogeneous_weight_only_down,2.25,39,70,hot,4,0.6905474215745926,0.6836211383342743
rrq_raw_heterogeneous_weight_only_down,2.25,39,147,median,4,0.6995742917060852,0.7241983115673065
rrq_raw_heterogeneous_weight_only_down,2.25,39,189,hot,4,0.67610302567482,0.7083478569984436
rrq_raw_heterogeneous_weight_only_down,2.25,39,193,median,4,0.70610211789608,0.7126330733299255
rrq_raw_heterogeneous_weight_only_down,2.25,39,235,hot,4,0.6761552095413208,0.7178810238838196
rrq_raw_heterogeneous_weight_only_down,3.0,0,1,median,4,0.7980092763900757,0.8058382868766785
rrq_raw_heterogeneous_weight_only_down,3.0,0,8,cold,1,0.764850378036499,0.764850378036499
rrq_raw_heterogeneous_weight_only_down,3.0,0,17,cold,4,0.8161502778530121,0.8104217946529388
rrq_raw_heterogeneous_weight_only_down,3.0,0,22,median,4,0.8680291771888733,0.860822468996048
rrq_raw_heterogeneous_weight_only_down,3.0,0,114,median,1,0.9231409430503845,0.9231409430503845
rrq_raw_heterogeneous_weight_only_down,3.0,0,158,median,4,0.8689519912004471,0.8759362995624542
rrq_raw_heterogeneous_weight_only_down,3.0,0,164,cold,3,0.8468107183774313,0.8559005856513977
rrq_raw_heterogeneous_weight_only_down,3.0,0,181,hot,4,0.8605765402317047,0.8590229749679565
rrq_raw_heterogeneous_weight_only_down,3.0,0,206,hot,4,0.8282833397388458,0.8102152943611145
rrq_raw_heterogeneous_weight_only_down,3.0,0,238,hot,4,0.8550699651241302,0.8454503417015076
rrq_raw_heterogeneous_weight_only_down,3.0,0,248,cold,4,0.7843756526708603,0.8048870265483856
rrq_raw_heterogeneous_weight_only_down,3.0,0,252,hot,4,0.9434335231781006,0.9563377797603607
rrq_raw_heterogeneous_weight_only_down,3.0,4,28,hot,4,0.8378862142562866,0.8230159878730774
rrq_raw_heterogeneous_weight_only_down,3.0,4,36,median,4,0.8560874164104462,0.8630699813365936
rrq_raw_heterogeneous_weight_only_down,3.0,4,82,median,4,0.9261524081230164,0.9292714893817902
rrq_raw_heterogeneous_weight_only_down,3.0,4,111,cold,1,0.8667415380477905,0.8667415380477905
rrq_raw_heterogeneous_weight_only_down,3.0,4,129,hot,4,0.882258728146553,0.8741720020771027
rrq_raw_heterogeneous_weight_only_down,3.0,4,134,hot,4,0.8757412135601044,0.8823473155498505
rrq_raw_heterogeneous_weight_only_down,3.0,4,143,cold,1,0.9078755378723145,0.9078755378723145
rrq_raw_heterogeneous_weight_only_down,3.0,4,154,hot,4,0.8974512815475464,0.8972811698913574
rrq_raw_heterogeneous_weight_only_down,3.0,4,190,median,4,0.8921477198600769,0.9125266969203949
rrq_raw_heterogeneous_weight_only_down,3.0,4,193,median,4,0.8609301894903183,0.9025525748729706
rrq_raw_heterogeneous_weight_only_down,3.0,20,30,cold,1,0.8185365200042725,0.8185365200042725
rrq_raw_heterogeneous_weight_only_down,3.0,20,44,median,3,0.9148469567298889,0.91663658618927
rrq_raw_heterogeneous_weight_only_down,3.0,20,45,median,1,0.9073460102081299,0.9073460102081299
rrq_raw_heterogeneous_weight_only_down,3.0,20,72,hot,4,0.877382904291153,0.8696779310703278
rrq_raw_heterogeneous_weight_only_down,3.0,20,142,median,3,0.9347560604413351,0.9435176253318787
rrq_raw_heterogeneous_weight_only_down,3.0,20,148,hot,4,0.8810079842805862,0.8982803523540497
rrq_raw_heterogeneous_weight_only_down,3.0,20,232,hot,4,0.8945209681987762,0.9206718802452087
rrq_raw_heterogeneous_weight_only_down,3.0,20,240,hot,4,0.8057478964328766,0.84327432513237
rrq_raw_heterogeneous_weight_only_down,3.0,39,22,hot,4,0.8085025548934937,0.8024373650550842
rrq_raw_heterogeneous_weight_only_down,3.0,39,37,median,4,0.8875688165426254,0.909914642572403
rrq_raw_heterogeneous_weight_only_down,3.0,39,43,cold,2,0.8179553151130676,0.8179553151130676
rrq_raw_heterogeneous_weight_only_down,3.0,39,55,median,4,0.8258487284183502,0.8300513625144958
rrq_raw_heterogeneous_weight_only_down,3.0,39,70,hot,4,0.8467742651700974,0.8416160047054291
rrq_raw_heterogeneous_weight_only_down,3.0,39,147,median,4,0.8164593279361725,0.8390294909477234
rrq_raw_heterogeneous_weight_only_down,3.0,39,189,hot,4,0.8535227328538895,0.8541561663150787
rrq_raw_heterogeneous_weight_only_down,3.0,39,193,median,4,0.8747417032718658,0.8802728652954102
rrq_raw_heterogeneous_weight_only_down,3.0,39,235,hot,4,0.8411880135536194,0.8538626730442047
rrq_raw_heterogeneous_weight_only_down,4.0,0,1,median,4,0.9547279328107834,0.9541258215904236
rrq_raw_heterogeneous_weight_only_down,4.0,0,8,cold,1,0.9575943350791931,0.9575943350791931
rrq_raw_heterogeneous_weight_only_down,4.0,0,17,cold,4,0.9611905217170715,0.9603268206119537
rrq_raw_heterogeneous_weight_only_down,4.0,0,22,median,4,0.9655171483755112,0.974717915058136
rrq_raw_heterogeneous_weight_only_down,4.0,0,114,median,1,0.9704488515853882,0.9704488515853882
rrq_raw_heterogeneous_weight_only_down,4.0,0,158,median,4,0.9579910039901733,0.9593389332294464
rrq_raw_heterogeneous_weight_only_down,4.0,0,164,cold,3,0.9572561780611674,0.9681341052055359
rrq_raw_heterogeneous_weight_only_down,4.0,0,181,hot,4,0.9689169973134995,0.9713895916938782
rrq_raw_heterogeneous_weight_only_down,4.0,0,206,hot,4,0.9736637026071548,0.9728796780109406
rrq_raw_heterogeneous_weight_only_down,4.0,0,238,hot,4,0.9601592272520065,0.9615948796272278
rrq_raw_heterogeneous_weight_only_down,4.0,0,248,cold,4,0.9468367099761963,0.9441622197628021
rrq_raw_heterogeneous_weight_only_down,4.0,0,252,hot,4,0.9845902621746063,0.9845555126667023
rrq_raw_heterogeneous_weight_only_down,4.0,4,28,hot,4,0.9621334075927734,0.9682868719100952
rrq_raw_heterogeneous_weight_only_down,4.0,4,36,median,4,0.945021003484726,0.9458241164684296
rrq_raw_heterogeneous_weight_only_down,4.0,4,82,median,4,0.9676786959171295,0.9649752974510193
rrq_raw_heterogeneous_weight_only_down,4.0,4,111,cold,1,0.9302707314491272,0.9302707314491272
rrq_raw_heterogeneous_weight_only_down,4.0,4,129,hot,4,0.9582234770059586,0.9647389948368073
rrq_raw_heterogeneous_weight_only_down,4.0,4,134,hot,4,0.9553785473108292,0.9565998315811157
rrq_raw_heterogeneous_weight_only_down,4.0,4,143,cold,1,0.9589748382568359,0.9589748382568359
rrq_raw_heterogeneous_weight_only_down,4.0,4,154,hot,4,0.9711033999919891,0.9720683693885803
rrq_raw_heterogeneous_weight_only_down,4.0,4,190,median,4,0.9691536277532578,0.9699456691741943
rrq_raw_heterogeneous_weight_only_down,4.0,4,193,median,4,0.9515835791826248,0.9577257335186005
rrq_raw_heterogeneous_weight_only_down,4.0,20,30,cold,1,0.9299951791763306,0.9299951791763306
rrq_raw_heterogeneous_weight_only_down,4.0,20,44,median,3,0.9635065396626791,0.9617455005645752
rrq_raw_heterogeneous_weight_only_down,4.0,20,45,median,1,0.9652340412139893,0.9652340412139893
rrq_raw_heterogeneous_weight_only_down,4.0,20,72,hot,4,0.9640225321054459,0.9668863117694855
rrq_raw_heterogeneous_weight_only_down,4.0,20,142,median,3,0.9682736396789551,0.9634416699409485
rrq_raw_heterogeneous_weight_only_down,4.0,20,148,hot,4,0.9620267897844315,0.9611362814903259
rrq_raw_heterogeneous_weight_only_down,4.0,20,232,hot,4,0.9671606719493866,0.9680633544921875
rrq_raw_heterogeneous_weight_only_down,4.0,20,240,hot,4,0.9502529352903366,0.9599544405937195
rrq_raw_heterogeneous_weight_only_down,4.0,39,22,hot,4,0.9415477514266968,0.9482141435146332
rrq_raw_heterogeneous_weight_only_down,4.0,39,37,median,4,0.9538235813379288,0.9529475569725037
rrq_raw_heterogeneous_weight_only_down,4.0,39,43,cold,2,0.9475530087947845,0.9475530087947845
rrq_raw_heterogeneous_weight_only_down,4.0,39,55,median,4,0.9398606419563293,0.9455009400844574
rrq_raw_heterogeneous_weight_only_down,4.0,39,70,hot,4,0.9708670973777771,0.9689014554023743
rrq_raw_heterogeneous_weight_only_down,4.0,39,147,median,4,0.9659994691610336,0.9646470546722412
rrq_raw_heterogeneous_weight_only_down,4.0,39,189,hot,4,0.9549490362405777,0.9582488238811493
rrq_raw_heterogeneous_weight_only_down,4.0,39,193,median,4,0.9599424451589584,0.9657067060470581
rrq_raw_heterogeneous_weight_only_down,4.0,39,235,hot,4,0.9442805796861649,0.9406169056892395
rrq_raw_homogeneous,0.75,0,1,median,4,1.4901161193847656e-08,0.0
rrq_raw_homogeneous,0.75,0,8,cold,1,5.960464477539063e-08,5.960464477539063e-08
rrq_raw_homogeneous,0.75,0,17,cold,4,0.0,0.0
rrq_raw_homogeneous,0.75,0,22,median,4,0.0,0.0
rrq_raw_homogeneous,0.75,0,114,median,1,0.0,0.0
rrq_raw_homogeneous,0.75,0,158,median,4,1.4901161193847656e-08,0.0
rrq_raw_homogeneous,0.75,0,164,cold,3,0.0,0.0
rrq_raw_homogeneous,0.75,0,181,hot,4,2.9802322387695312e-08,2.9802322387695312e-08
rrq_raw_homogeneous,0.75,0,206,hot,4,1.4901161193847656e-08,0.0
rrq_raw_homogeneous,0.75,0,238,hot,4,0.0,0.0
rrq_raw_homogeneous,0.75,0,248,cold,4,1.4901161193847656e-08,0.0
rrq_raw_homogeneous,0.75,0,252,hot,4,2.9802322387695312e-08,2.9802322387695312e-08
rrq_raw_homogeneous,0.75,4,28,hot,4,0.0,0.0
rrq_raw_homogeneous,0.75,4,36,median,4,0.0,0.0
rrq_raw_homogeneous,0.75,4,82,median,4,1.4901161193847656e-08,0.0
rrq_raw_homogeneous,0.75,4,111,cold,1,0.0,0.0
rrq_raw_homogeneous,0.75,4,129,hot,4,0.0,0.0
rrq_raw_homogeneous,0.75,4,134,hot,4,2.9802322387695312e-08,2.9802322387695312e-08
rrq_raw_homogeneous,0.75,4,143,cold,1,5.960464477539063e-08,5.960464477539063e-08
rrq_raw_homogeneous,0.75,4,154,hot,4,1.4901161193847656e-08,0.0
rrq_raw_homogeneous,0.75,4,190,median,4,0.0,0.0
rrq_raw_homogeneous,0.75,4,193,median,4,0.0,0.0
rrq_raw_homogeneous,0.75,20,30,cold,1,0.0,0.0
rrq_raw_homogeneous,0.75,20,44,median,3,1.9868214925130207e-08,0.0
rrq_raw_homogeneous,0.75,20,45,median,1,0.0,0.0
rrq_raw_homogeneous,0.75,20,72,hot,4,0.0,0.0
rrq_raw_homogeneous,0.75,20,142,median,3,0.0,0.0
rrq_raw_homogeneous,0.75,20,148,hot,4,1.4901161193847656e-08,0.0
rrq_raw_homogeneous,0.75,20,232,hot,4,1.4901161193847656e-08,0.0
rrq_raw_homogeneous,0.75,20,240,hot,4,0.0,0.0
rrq_raw_homogeneous,0.75,39,22,hot,4,0.0,0.0
rrq_raw_homogeneous,0.75,39,37,median,4,2.9802322387695312e-08,2.9802322387695312e-08
rrq_raw_homogeneous,0.75,39,43,cold,2,0.0,0.0
rrq_raw_homogeneous,0.75,39,55,median,4,0.0,0.0
rrq_raw_homogeneous,0.75,39,70,hot,4,0.0,0.0
rrq_raw_homogeneous,0.75,39,147,median,4,0.0,0.0
rrq_raw_homogeneous,0.75,39,189,hot,4,0.0,0.0
rrq_raw_homogeneous,0.75,39,193,median,4,0.0,0.0
rrq_raw_homogeneous,0.75,39,235,hot,4,0.0,0.0
rrq_raw_homogeneous,1.0,0,1,median,4,0.5292655676603317,0.5185548067092896
rrq_raw_homogeneous,1.0,0,8,cold,1,0.5151019096374512,0.5151019096374512
rrq_raw_homogeneous,1.0,0,17,cold,4,0.5157118737697601,0.54570072889328
rrq_raw_homogeneous,1.0,0,22,median,4,0.45262426137924194,0.45560839772224426
rrq_raw_homogeneous,1.0,0,114,median,1,0.5127706527709961,0.5127706527709961
rrq_raw_homogeneous,1.0,0,158,median,4,0.4434344917535782,0.45928969979286194
rrq_raw_homogeneous,1.0,0,164,cold,3,0.5313145120938619,0.5283282399177551
rrq_raw_homogeneous,1.0,0,181,hot,4,0.4214836210012436,0.3801277279853821
rrq_raw_homogeneous,1.0,0,206,hot,4,0.570070743560791,0.5972432196140289
rrq_raw_homogeneous,1.0,0,238,hot,4,0.4392978996038437,0.3976653516292572
rrq_raw_homogeneous,1.0,0,248,cold,4,0.36777862906455994,0.4378451406955719
rrq_raw_homogeneous,1.0,0,252,hot,4,0.8089055866003036,0.8434054851531982
rrq_raw_homogeneous,1.0,4,28,hot,4,0.4385012239217758,0.444238543510437
rrq_raw_homogeneous,1.0,4,36,median,4,0.33890900015830994,0.3271421194076538
rrq_raw_homogeneous,1.0,4,82,median,4,0.479877308011055,0.5210246443748474
rrq_raw_homogeneous,1.0,4,111,cold,1,0.4133724570274353,0.4133724570274353
rrq_raw_homogeneous,1.0,4,129,hot,4,0.39692845940589905,0.41359102725982666
rrq_raw_homogeneous,1.0,4,134,hot,4,0.397024929523468,0.4114844799041748
rrq_raw_homogeneous,1.0,4,143,cold,1,0.32493656873703003,0.32493656873703003
rrq_raw_homogeneous,1.0,4,154,hot,4,0.37642136216163635,0.3770052492618561
rrq_raw_homogeneous,1.0,4,190,median,4,0.4038457125425339,0.4077676236629486
rrq_raw_homogeneous,1.0,4,193,median,4,0.3291633725166321,0.31924739480018616
rrq_raw_homogeneous,1.0,20,30,cold,1,0.2406768798828125,0.2406768798828125
rrq_raw_homogeneous,1.0,20,44,median,3,0.3344612717628479,0.28276926279067993
rrq_raw_homogeneous,1.0,20,45,median,1,0.2969778776168823,0.2969778776168823
rrq_raw_homogeneous,1.0,20,72,hot,4,0.3576139062643051,0.3552270531654358
rrq_raw_homogeneous,1.0,20,142,median,3,0.509536623954773,0.42715370655059814
rrq_raw_homogeneous,1.0,20,148,hot,4,0.3864530771970749,0.38381361961364746
rrq_raw_homogeneous,1.0,20,232,hot,4,0.45744623243808746,0.4567181169986725
rrq_raw_homogeneous,1.0,20,240,hot,4,0.454133003950119,0.392716646194458
rrq_raw_homogeneous,1.0,39,22,hot,4,0.3464635908603668,0.36653628945350647
rrq_raw_homogeneous,1.0,39,37,median,4,0.4959748387336731,0.49891677498817444
rrq_raw_homogeneous,1.0,39,43,cold,2,0.314007043838501,0.314007043838501
rrq_raw_homogeneous,1.0,39,55,median,4,0.3616422563791275,0.40814509987831116
rrq_raw_homogeneous,1.0,39,70,hot,4,0.4103471338748932,0.35104915499687195
rrq_raw_homogeneous,1.0,39,147,median,4,0.4207908660173416,0.4133993685245514
rrq_raw_homogeneous,1.0,39,189,hot,4,0.4308590888977051,0.4266086518764496
rrq_raw_homogeneous,1.0,39,193,median,4,0.4615630805492401,0.49358177185058594
rrq_raw_homogeneous,1.0,39,235,hot,4,0.4331261068582535,0.45660164952278137
rrq_raw_homogeneous,1.25,0,1,median,4,0.5292655676603317,0.5185548067092896
rrq_raw_homogeneous,1.25,0,8,cold,1,0.5151019096374512,0.5151019096374512
rrq_raw_homogeneous,1.25,0,17,cold,4,0.5157118737697601,0.54570072889328
rrq_raw_homogeneous,1.25,0,22,median,4,0.45262426137924194,0.45560839772224426
rrq_raw_homogeneous,1.25,0,114,median,1,0.5127706527709961,0.5127706527709961
rrq_raw_homogeneous,1.25,0,158,median,4,0.4434344917535782,0.45928969979286194
rrq_raw_homogeneous,1.25,0,164,cold,3,0.5313145120938619,0.5283282399177551
rrq_raw_homogeneous,1.25,0,181,hot,4,0.4214836210012436,0.3801277279853821
rrq_raw_homogeneous,1.25,0,206,hot,4,0.570070743560791,0.5972432196140289
rrq_raw_homogeneous,1.25,0,238,hot,4,0.4392978996038437,0.3976653516292572
rrq_raw_homogeneous,1.25,0,248,cold,4,0.36777862906455994,0.4378451406955719
rrq_raw_homogeneous,1.25,0,252,hot,4,0.8089055866003036,0.8434054851531982
rrq_raw_homogeneous,1.25,4,28,hot,4,0.4385012239217758,0.444238543510437
rrq_raw_homogeneous,1.25,4,36,median,4,0.33890900015830994,0.3271421194076538
rrq_raw_homogeneous,1.25,4,82,median,4,0.479877308011055,0.5210246443748474
rrq_raw_homogeneous,1.25,4,111,cold,1,0.4133724570274353,0.4133724570274353
rrq_raw_homogeneous,1.25,4,129,hot,4,0.39692845940589905,0.41359102725982666
rrq_raw_homogeneous,1.25,4,134,hot,4,0.397024929523468,0.4114844799041748
rrq_raw_homogeneous,1.25,4,143,cold,1,0.32493656873703003,0.32493656873703003
rrq_raw_homogeneous,1.25,4,154,hot,4,0.37642136216163635,0.3770052492618561
rrq_raw_homogeneous,1.25,4,190,median,4,0.4038457125425339,0.4077676236629486
rrq_raw_homogeneous,1.25,4,193,median,4,0.3291633725166321,0.31924739480018616
rrq_raw_homogeneous,1.25,20,30,cold,1,0.2406768798828125,0.2406768798828125
rrq_raw_homogeneous,1.25,20,44,median,3,0.3344612717628479,0.28276926279067993
rrq_raw_homogeneous,1.25,20,45,median,1,0.2969778776168823,0.2969778776168823
rrq_raw_homogeneous,1.25,20,72,hot,4,0.3576139062643051,0.3552270531654358
rrq_raw_homogeneous,1.25,20,142,median,3,0.509536623954773,0.42715370655059814
rrq_raw_homogeneous,1.25,20,148,hot,4,0.3864530771970749,0.38381361961364746
rrq_raw_homogeneous,1.25,20,232,hot,4,0.45744623243808746,0.4567181169986725
rrq_raw_homogeneous,1.25,20,240,hot,4,0.454133003950119,0.392716646194458
rrq_raw_homogeneous,1.25,39,22,hot,4,0.3464635908603668,0.36653628945350647
rrq_raw_homogeneous,1.25,39,37,median,4,0.4959748387336731,0.49891677498817444
rrq_raw_homogeneous,1.25,39,43,cold,2,0.314007043838501,0.314007043838501
rrq_raw_homogeneous,1.25,39,55,median,4,0.3616422563791275,0.40814509987831116
rrq_raw_homogeneous,1.25,39,70,hot,4,0.4103471338748932,0.35104915499687195
rrq_raw_homogeneous,1.25,39,147,median,4,0.4207908660173416,0.4133993685245514
rrq_raw_homogeneous,1.25,39,189,hot,4,0.4308590888977051,0.4266086518764496
rrq_raw_homogeneous,1.25,39,193,median,4,0.4615630805492401,0.49358177185058594
rrq_raw_homogeneous,1.25,39,235,hot,4,0.4331261068582535,0.45660164952278137
rrq_raw_homogeneous,1.5,0,1,median,4,0.5292655676603317,0.5185548067092896
rrq_raw_homogeneous,1.5,0,8,cold,1,0.5151019096374512,0.5151019096374512
rrq_raw_homogeneous,1.5,0,17,cold,4,0.5157118737697601,0.54570072889328
rrq_raw_homogeneous,1.5,0,22,median,4,0.45262426137924194,0.45560839772224426
rrq_raw_homogeneous,1.5,0,114,median,1,0.5127706527709961,0.5127706527709961
rrq_raw_homogeneous,1.5,0,158,median,4,0.4434344917535782,0.45928969979286194
rrq_raw_homogeneous,1.5,0,164,cold,3,0.5313145120938619,0.5283282399177551
rrq_raw_homogeneous,1.5,0,181,hot,4,0.4214836210012436,0.3801277279853821
rrq_raw_homogeneous,1.5,0,206,hot,4,0.570070743560791,0.5972432196140289
rrq_raw_homogeneous,1.5,0,238,hot,4,0.4392978996038437,0.3976653516292572
rrq_raw_homogeneous,1.5,0,248,cold,4,0.36777862906455994,0.4378451406955719
rrq_raw_homogeneous,1.5,0,252,hot,4,0.8089055866003036,0.8434054851531982
rrq_raw_homogeneous,1.5,4,28,hot,4,0.4385012239217758,0.444238543510437
rrq_raw_homogeneous,1.5,4,36,median,4,0.33890900015830994,0.3271421194076538
rrq_raw_homogeneous,1.5,4,82,median,4,0.479877308011055,0.5210246443748474
rrq_raw_homogeneous,1.5,4,111,cold,1,0.4133724570274353,0.4133724570274353
rrq_raw_homogeneous,1.5,4,129,hot,4,0.39692845940589905,0.41359102725982666
rrq_raw_homogeneous,1.5,4,134,hot,4,0.397024929523468,0.4114844799041748
rrq_raw_homogeneous,1.5,4,143,cold,1,0.32493656873703003,0.32493656873703003
rrq_raw_homogeneous,1.5,4,154,hot,4,0.37642136216163635,0.3770052492618561
rrq_raw_homogeneous,1.5,4,190,median,4,0.4038457125425339,0.4077676236629486
rrq_raw_homogeneous,1.5,4,193,median,4,0.3291633725166321,0.31924739480018616
rrq_raw_homogeneous,1.5,20,30,cold,1,0.2406768798828125,0.2406768798828125
rrq_raw_homogeneous,1.5,20,44,median,3,0.3344612717628479,0.28276926279067993
rrq_raw_homogeneous,1.5,20,45,median,1,0.2969778776168823,0.2969778776168823
rrq_raw_homogeneous,1.5,20,72,hot,4,0.3576139062643051,0.3552270531654358
rrq_raw_homogeneous,1.5,20,142,median,3,0.509536623954773,0.42715370655059814
rrq_raw_homogeneous,1.5,20,148,hot,4,0.3864530771970749,0.38381361961364746
rrq_raw_homogeneous,1.5,20,232,hot,4,0.45744623243808746,0.4567181169986725
rrq_raw_homogeneous,1.5,20,240,hot,4,0.454133003950119,0.392716646194458
rrq_raw_homogeneous,1.5,39,22,hot,4,0.3464635908603668,0.36653628945350647
rrq_raw_homogeneous,1.5,39,37,median,4,0.4959748387336731,0.49891677498817444
rrq_raw_homogeneous,1.5,39,43,cold,2,0.314007043838501,0.314007043838501
rrq_raw_homogeneous,1.5,39,55,median,4,0.3616422563791275,0.40814509987831116
rrq_raw_homogeneous,1.5,39,70,hot,4,0.4103471338748932,0.35104915499687195
rrq_raw_homogeneous,1.5,39,147,median,4,0.4207908660173416,0.4133993685245514
rrq_raw_homogeneous,1.5,39,189,hot,4,0.4308590888977051,0.4266086518764496
rrq_raw_homogeneous,1.5,39,193,median,4,0.4615630805492401,0.49358177185058594
rrq_raw_homogeneous,1.5,39,235,hot,4,0.4331261068582535,0.45660164952278137
rrq_raw_homogeneous,2.0,0,1,median,4,0.687128335237503,0.7025443911552429
rrq_raw_homogeneous,2.0,0,8,cold,1,0.7479076981544495,0.7479076981544495
rrq_raw_homogeneous,2.0,0,17,cold,4,0.6998632699251175,0.6738302707672119
rrq_raw_homogeneous,2.0,0,22,median,4,0.7406432032585144,0.7032116651535034
rrq_raw_homogeneous,2.0,0,114,median,1,0.7477129101753235,0.7477129101753235
rrq_raw_homogeneous,2.0,0,158,median,4,0.6498232334852219,0.6634747385978699
rrq_raw_homogeneous,2.0,0,164,cold,3,0.6939374009768168,0.7010743618011475
rrq_raw_homogeneous,2.0,0,181,hot,4,0.7440854012966156,0.7230350971221924
rrq_raw_homogeneous,2.0,0,206,hot,4,0.8200764954090118,0.831475704908371
rrq_raw_homogeneous,2.0,0,238,hot,4,0.7094603478908539,0.7007756233215332
rrq_raw_homogeneous,2.0,0,248,cold,4,0.5750284045934677,0.6382666826248169
rrq_raw_homogeneous,2.0,0,252,hot,4,0.9087628573179245,0.9298857152462006
rrq_raw_homogeneous,2.0,4,28,hot,4,0.5850183516740799,0.6150344014167786
rrq_raw_homogeneous,2.0,4,36,median,4,0.5213133841753006,0.5381922721862793
rrq_raw_homogeneous,2.0,4,82,median,4,0.6256716400384903,0.642399251461029
rrq_raw_homogeneous,2.0,4,111,cold,1,0.6114574670791626,0.6114574670791626
rrq_raw_homogeneous,2.0,4,129,hot,4,0.6295494884252548,0.6372226476669312
rrq_raw_homogeneous,2.0,4,134,hot,4,0.5702450573444366,0.5747675001621246
rrq_raw_homogeneous,2.0,4,143,cold,1,0.5196102857589722,0.5196102857589722
rrq_raw_homogeneous,2.0,4,154,hot,4,0.6311776787042618,0.6554424464702606
rrq_raw_homogeneous,2.0,4,190,median,4,0.6436910033226013,0.6505051255226135
rrq_raw_homogeneous,2.0,4,193,median,4,0.5719368010759354,0.5336662828922272
rrq_raw_homogeneous,2.0,20,30,cold,1,0.5161563158035278,0.5161563158035278
rrq_raw_homogeneous,2.0,20,44,median,3,0.5832575758298238,0.5212326049804688
rrq_raw_homogeneous,2.0,20,45,median,1,0.5585274696350098,0.5585274696350098
rrq_raw_homogeneous,2.0,20,72,hot,4,0.6512999534606934,0.6447087824344635
rrq_raw_homogeneous,2.0,20,142,median,3,0.6853254238764445,0.6335018277168274
rrq_raw_homogeneous,2.0,20,148,hot,4,0.6410234868526459,0.655782163143158
rrq_raw_homogeneous,2.0,20,232,hot,4,0.6768657267093658,0.686306357383728
rrq_raw_homogeneous,2.0,20,240,hot,4,0.6433291733264923,0.6168205440044403
rrq_raw_homogeneous,2.0,39,22,hot,4,0.5645688772201538,0.5462424755096436
rrq_raw_homogeneous,2.0,39,37,median,4,0.6527175605297089,0.6696062088012695
rrq_raw_homogeneous,2.0,39,43,cold,2,0.5128087401390076,0.5128087401390076
rrq_raw_homogeneous,2.0,39,55,median,4,0.5821218937635422,0.5926752984523773
rrq_raw_homogeneous,2.0,39,70,hot,4,0.7369411140680313,0.7384205460548401
rrq_raw_homogeneous,2.0,39,147,median,4,0.7277748882770538,0.7453886568546295
rrq_raw_homogeneous,2.0,39,189,hot,4,0.5795615017414093,0.6000198721885681
rrq_raw_homogeneous,2.0,39,193,median,4,0.7131094485521317,0.7072180211544037
rrq_raw_homogeneous,2.0,39,235,hot,4,0.6017207205295563,0.6124508678913116
rrq_raw_homogeneous,2.25,0,1,median,4,0.687128335237503,0.7025443911552429
rrq_raw_homogeneous,2.25,0,8,cold,1,0.7479076981544495,0.7479076981544495
rrq_raw_homogeneous,2.25,0,17,cold,4,0.6998632699251175,0.6738302707672119
rrq_raw_homogeneous,2.25,0,22,median,4,0.7406432032585144,0.7032116651535034
rrq_raw_homogeneous,2.25,0,114,median,1,0.7477129101753235,0.7477129101753235
rrq_raw_homogeneous,2.25,0,158,median,4,0.6498232334852219,0.6634747385978699
rrq_raw_homogeneous,2.25,0,164,cold,3,0.6939374009768168,0.7010743618011475
rrq_raw_homogeneous,2.25,0,181,hot,4,0.7440854012966156,0.7230350971221924
rrq_raw_homogeneous,2.25,0,206,hot,4,0.8200764954090118,0.831475704908371
rrq_raw_homogeneous,2.25,0,238,hot,4,0.7094603478908539,0.7007756233215332
rrq_raw_homogeneous,2.25,0,248,cold,4,0.5750284045934677,0.6382666826248169
rrq_raw_homogeneous,2.25,0,252,hot,4,0.9087628573179245,0.9298857152462006
rrq_raw_homogeneous,2.25,4,28,hot,4,0.5850183516740799,0.6150344014167786
rrq_raw_homogeneous,2.25,4,36,median,4,0.5213133841753006,0.5381922721862793
rrq_raw_homogeneous,2.25,4,82,median,4,0.6256716400384903,0.642399251461029
rrq_raw_homogeneous,2.25,4,111,cold,1,0.6114574670791626,0.6114574670791626
rrq_raw_homogeneous,2.25,4,129,hot,4,0.6295494884252548,0.6372226476669312
rrq_raw_homogeneous,2.25,4,134,hot,4,0.5702450573444366,0.5747675001621246
rrq_raw_homogeneous,2.25,4,143,cold,1,0.5196102857589722,0.5196102857589722
rrq_raw_homogeneous,2.25,4,154,hot,4,0.6311776787042618,0.6554424464702606
rrq_raw_homogeneous,2.25,4,190,median,4,0.6436910033226013,0.6505051255226135
rrq_raw_homogeneous,2.25,4,193,median,4,0.5719368010759354,0.5336662828922272
rrq_raw_homogeneous,2.25,20,30,cold,1,0.5161563158035278,0.5161563158035278
rrq_raw_homogeneous,2.25,20,44,median,3,0.5832575758298238,0.5212326049804688
rrq_raw_homogeneous,2.25,20,45,median,1,0.5585274696350098,0.5585274696350098
rrq_raw_homogeneous,2.25,20,72,hot,4,0.6512999534606934,0.6447087824344635
rrq_raw_homogeneous,2.25,20,142,median,3,0.6853254238764445,0.6335018277168274
rrq_raw_homogeneous,2.25,20,148,hot,4,0.6410234868526459,0.655782163143158
rrq_raw_homogeneous,2.25,20,232,hot,4,0.6768657267093658,0.686306357383728
rrq_raw_homogeneous,2.25,20,240,hot,4,0.6433291733264923,0.6168205440044403
rrq_raw_homogeneous,2.25,39,22,hot,4,0.5645688772201538,0.5462424755096436
rrq_raw_homogeneous,2.25,39,37,median,4,0.6527175605297089,0.6696062088012695
rrq_raw_homogeneous,2.25,39,43,cold,2,0.5128087401390076,0.5128087401390076
rrq_raw_homogeneous,2.25,39,55,median,4,0.5821218937635422,0.5926752984523773
rrq_raw_homogeneous,2.25,39,70,hot,4,0.7369411140680313,0.7384205460548401
rrq_raw_homogeneous,2.25,39,147,median,4,0.7277748882770538,0.7453886568546295
rrq_raw_homogeneous,2.25,39,189,hot,4,0.5795615017414093,0.6000198721885681
rrq_raw_homogeneous,2.25,39,193,median,4,0.7131094485521317,0.7072180211544037
rrq_raw_homogeneous,2.25,39,235,hot,4,0.6017207205295563,0.6124508678913116
rrq_raw_homogeneous,3.0,0,1,median,4,0.7745159268379211,0.7733721137046814
rrq_raw_homogeneous,3.0,0,8,cold,1,0.8742247819900513,0.8742247819900513
rrq_raw_homogeneous,3.0,0,17,cold,4,0.7869436889886856,0.8287167251110077
rrq_raw_homogeneous,3.0,0,22,median,4,0.8468745946884155,0.8465943038463593
rrq_raw_homogeneous,3.0,0,114,median,1,0.88643878698349,0.88643878698349
rrq_raw_homogeneous,3.0,0,158,median,4,0.8023059070110321,0.8166585266590118
rrq_raw_homogeneous,3.0,0,164,cold,3,0.8121801614761353,0.8096720576286316
rrq_raw_homogeneous,3.0,0,181,hot,4,0.838345542550087,0.8263461589813232
rrq_raw_homogeneous,3.0,0,206,hot,4,0.8925722688436508,0.9026330709457397
rrq_raw_homogeneous,3.0,0,238,hot,4,0.8664361089468002,0.8749565482139587
rrq_raw_homogeneous,3.0,0,248,cold,4,0.7052203714847565,0.7689241468906403
rrq_raw_homogeneous,3.0,0,252,hot,4,0.9506368041038513,0.9564687609672546
rrq_raw_homogeneous,3.0,4,28,hot,4,0.760557234287262,0.7648707032203674
rrq_raw_homogeneous,3.0,4,36,median,4,0.7561099231243134,0.7488558292388916
rrq_raw_homogeneous,3.0,4,82,median,4,0.7853605002164841,0.7984643876552582
rrq_raw_homogeneous,3.0,4,111,cold,1,0.7195912599563599,0.7195912599563599
rrq_raw_homogeneous,3.0,4,129,hot,4,0.8159971386194229,0.810351699590683
rrq_raw_homogeneous,3.0,4,134,hot,4,0.7577570229768753,0.7740719616413116
rrq_raw_homogeneous,3.0,4,143,cold,1,0.6488864421844482,0.6488864421844482
rrq_raw_homogeneous,3.0,4,154,hot,4,0.7786464393138885,0.7962879538536072
rrq_raw_homogeneous,3.0,4,190,median,4,0.84347964823246,0.8534904420375824
rrq_raw_homogeneous,3.0,4,193,median,4,0.6951701492071152,0.6517452597618103
rrq_raw_homogeneous,3.0,20,30,cold,1,0.7226160168647766,0.7226160168647766
rrq_raw_homogeneous,3.0,20,44,median,3,0.6953925689061483,0.7370685338973999
rrq_raw_homogeneous,3.0,20,45,median,1,0.6860019564628601,0.6860019564628601
rrq_raw_homogeneous,3.0,20,72,hot,4,0.8192037642002106,0.8080737888813019
rrq_raw_homogeneous,3.0,20,142,median,3,0.8170257806777954,0.7969024777412415
rrq_raw_homogeneous,3.0,20,148,hot,4,0.7959745228290558,0.7900188565254211
rrq_raw_homogeneous,3.0,20,232,hot,4,0.782644659280777,0.774198591709137
rrq_raw_homogeneous,3.0,20,240,hot,4,0.7542570531368256,0.7847634553909302
rrq_raw_homogeneous,3.0,39,22,hot,4,0.7479759305715561,0.7620935440063477
rrq_raw_homogeneous,3.0,39,37,median,4,0.777878612279892,0.7872937023639679
rrq_raw_homogeneous,3.0,39,43,cold,2,0.6595565676689148,0.6595565676689148
rrq_raw_homogeneous,3.0,39,55,median,4,0.6975811719894409,0.7013053596019745
rrq_raw_homogeneous,3.0,39,70,hot,4,0.8518562465906143,0.837926983833313
rrq_raw_homogeneous,3.0,39,147,median,4,0.8405031263828278,0.8443364500999451
rrq_raw_homogeneous,3.0,39,189,hot,4,0.6980134546756744,0.750647246837616
rrq_raw_homogeneous,3.0,39,193,median,4,0.8038452863693237,0.8206809163093567
rrq_raw_homogeneous,3.0,39,235,hot,4,0.7260155975818634,0.7212916612625122
rrq_raw_homogeneous,4.0,0,1,median,4,0.9102022498846054,0.9096314311027527
rrq_raw_homogeneous,4.0,0,8,cold,1,0.9690824151039124,0.9690824151039124
rrq_raw_homogeneous,4.0,0,17,cold,4,0.9420428425073624,0.9405640065670013
rrq_raw_homogeneous,4.0,0,22,median,4,0.9572230279445648,0.9563494920730591
rrq_raw_homogeneous,4.0,0,114,median,1,0.9718823432922363,0.9718823432922363
rrq_raw_homogeneous,4.0,0,158,median,4,0.9418502599000931,0.9367659986019135
rrq_raw_homogeneous,4.0,0,164,cold,3,0.9569580753644308,0.9656729698181152
rrq_raw_homogeneous,4.0,0,181,hot,4,0.9463202953338623,0.9422667622566223
rrq_raw_homogeneous,4.0,0,206,hot,4,0.972335934638977,0.9769484400749207
rrq_raw_homogeneous,4.0,0,238,hot,4,0.9709197133779526,0.9678345322608948
rrq_raw_homogeneous,4.0,0,248,cold,4,0.8923434466123581,0.9053142368793488
rrq_raw_homogeneous,4.0,0,252,hot,4,0.9836183935403824,0.9831973910331726
rrq_raw_homogeneous,4.0,4,28,hot,4,0.9199431091547012,0.9252998232841492
rrq_raw_homogeneous,4.0,4,36,median,4,0.9118966907262802,0.9142698645591736
rrq_raw_homogeneous,4.0,4,82,median,4,0.931154802441597,0.9307168424129486
rrq_raw_homogeneous,4.0,4,111,cold,1,0.9021888971328735,0.9021888971328735
rrq_raw_homogeneous,4.0,4,129,hot,4,0.9204759746789932,0.9148428440093994
rrq_raw_homogeneous,4.0,4,134,hot,4,0.9293399453163147,0.924282968044281
rrq_raw_homogeneous,4.0,4,143,cold,1,0.8096156716346741,0.8096156716346741
rrq_raw_homogeneous,4.0,4,154,hot,4,0.9467306286096573,0.9528580605983734
rrq_raw_homogeneous,4.0,4,190,median,4,0.9526297897100449,0.947561651468277
rrq_raw_homogeneous,4.0,4,193,median,4,0.9181195348501205,0.9132649004459381
rrq_raw_homogeneous,4.0,20,30,cold,1,0.9308602213859558,0.9308602213859558
rrq_raw_homogeneous,4.0,20,44,median,3,0.9093494017918905,0.8984198570251465
rrq_raw_homogeneous,4.0,20,45,median,1,0.9378722906112671,0.9378722906112671
rrq_raw_homogeneous,4.0,20,72,hot,4,0.9359961301088333,0.9429189264774323
rrq_raw_homogeneous,4.0,20,142,median,3,0.9289686878522238,0.929254412651062
rrq_raw_homogeneous,4.0,20,148,hot,4,0.9373264610767365,0.9319057166576385
rrq_raw_homogeneous,4.0,20,232,hot,4,0.9370004832744598,0.948002427816391
rrq_raw_homogeneous,4.0,20,240,hot,4,0.9236694127321243,0.9263972043991089
rrq_raw_homogeneous,4.0,39,22,hot,4,0.9206595718860626,0.9204146564006805
rrq_raw_homogeneous,4.0,39,37,median,4,0.92938232421875,0.9337706565856934
rrq_raw_homogeneous,4.0,39,43,cold,2,0.8758278489112854,0.8758278489112854
rrq_raw_homogeneous,4.0,39,55,median,4,0.8725533932447433,0.8945475220680237
rrq_raw_homogeneous,4.0,39,70,hot,4,0.9592902213335037,0.9615858495235443
rrq_raw_homogeneous,4.0,39,147,median,4,0.9476523101329803,0.9479599893093109
rrq_raw_homogeneous,4.0,39,189,hot,4,0.9117940664291382,0.9418846368789673
rrq_raw_homogeneous,4.0,39,193,median,4,0.9223100244998932,0.9320657551288605
rrq_raw_homogeneous,4.0,39,235,hot,4,0.9243583977222443,0.9337141513824463
