factor_config_id,allocation_policy,mean_budget_pages_per_expert,burst_cap_pages_per_expert,layer,groups,overall_average_bpw,qenergy_recovery_p10,qenergy_recovery_median,qenergy_recovery_p90,qenergy_recovery_mean,paired_gain_vs_uniform_p10,paired_gain_vs_uniform_median,paired_gain_vs_uniform_p90,paired_gain_vs_uniform_mean
exact_proxy_rank4_fp16,pooled_exact_combined_moe_column_generated_local,745,1536,0,32,0.9987386067708334,0.9999122653245682,0.9999940059775516,0.9999988079903818,0.9999649400539969,2.0970526039609805e-05,0.0001249645923242504,0.0008173957556770646,0.00030086660839566057
exact_proxy_rank4_fp16,pooled_exact_combined_moe_column_generated_local,745,1536,1,32,0.9987386067708334,0.9972188281153289,0.9986886573275036,0.9995893566774869,0.9983904745507497,0.0006019894864609076,0.001645314619317939,0.003815076887133541,0.0018914098989188076
exact_proxy_rank4_fp16,pooled_exact_combined_moe_column_generated_local,745,1536,2,32,0.9987386067708334,0.9972275875981074,0.9986261331135634,0.9995764713697992,0.998446637928637,0.0012191497900558624,0.0030758907535148317,0.00477177277574421,0.0031976802388232715
exact_proxy_rank4_fp16,pooled_exact_combined_moe_column_generated_local,745,1536,3,32,0.9987386067708334,0.9953361009131841,0.9980045854303403,0.999217750368993,0.9975552109668825,0.0019541817649590064,0.003213683838640735,0.006208923819750313,0.003612543574458383
exact_proxy_rank4_fp16,pooled_exact_combined_moe_column_generated_local,745,1536,4,32,0.9987386067708334,0.9963841790829998,0.9983308044835484,0.9993639326950363,0.9980967354313546,0.0012371120929968392,0.0030879149949580853,0.005501845798774352,0.0032013560530554895
exact_proxy_rank4_fp16,pooled_exact_combined_moe_column_generated_local,745,1536,5,32,0.9987386067708334,0.9957550169544622,0.9975388822397955,0.9994122645208473,0.9974100832384822,0.0016720425003107664,0.0029089125662819515,0.004693474429591338,0.0030661145651276304
exact_proxy_rank4_fp16,pooled_exact_combined_moe_column_generated_local,745,1536,6,32,0.9987386067708334,0.9974155851945655,0.9986278808572971,0.9995637847626078,0.9982581782909363,0.0006840222789860073,0.0026286448548068497,0.005580442054672976,0.003089852876637149
exact_proxy_rank4_fp16,pooled_exact_combined_moe_column_generated_local,745,1536,7,32,0.9987386067708334,0.9953926760749832,0.9973108174647156,0.9988174817947902,0.9971315701741267,0.0009497357970141618,0.002157953126865675,0.006129936300930208,0.0027864750663353435
exact_proxy_rank4_fp16,pooled_exact_combined_moe_column_generated_local,745,1536,8,32,0.9987386067708334,0.9952647507313954,0.9975788129559029,0.9987409645012308,0.997226646495446,0.0016861250957719066,0.0028917689958088966,0.00560259853333307,0.0037078689983039044
exact_proxy_rank4_fp16,pooled_exact_combined_moe_column_generated_local,745,1536,9,32,0.9987386067708334,0.9965080301113469,0.9980845343737933,0.9989097564880585,0.9977594558588021,0.0016978093601396015,0.002758555135431995,0.0049849529180124655,0.003169506662167778
exact_proxy_rank4_fp16,pooled_exact_combined_moe_column_generated_local,745,1536,10,32,0.9987386067708334,0.995613495877173,0.997771972107308,0.9997309168968462,0.9976201375575386,0.0006770763116632272,0.0027641249021087555,0.0058974600123628765,0.0029148464166995174
exact_proxy_rank4_fp16,pooled_exact_combined_moe_column_generated_local,745,1536,11,32,0.9987386067708334,0.9955764609141439,0.9980178891573452,0.9990818399872786,0.9975231171485037,0.0015115190499105813,0.0024655608565833376,0.006170971685078142,0.0030355765732190156
exact_proxy_rank4_fp16,pooled_exact_combined_moe_column_generated_local,745,1536,12,32,0.9987386067708334,0.9960102618151839,0.9981750393302186,0.9991123426634205,0.9977645785351594,0.0008681232454199273,0.003040640466232536,0.006020241662824066,0.003455612900036948
exact_proxy_rank4_fp16,pooled_exact_combined_moe_column_generated_local,745,1536,13,32,0.9987386067708334,0.9957824169006724,0.9975211485281802,0.9992323915775285,0.9974041986879023,0.001202882929987259,0.0028120462765208742,0.005648554950919793,0.0032588815661540697
exact_proxy_rank4_fp16,pooled_exact_combined_moe_column_generated_local,745,1536,14,32,0.9987386067708334,0.9946625612834588,0.9969306227498751,0.9988778789853532,0.9969069990338975,0.0007529291322522114,0.00185020216772247,0.0031883590225654794,0.0019512727583058803
exact_proxy_rank4_fp16,pooled_exact_combined_moe_column_generated_local,745,1536,15,32,0.9987386067708334,0.9941308319298945,0.9963706889745108,0.9990888813935819,0.9964989890737811,0.0009450678989231132,0.0029175224125745913,0.006272088142712763,0.0031355636374715244
exact_proxy_rank4_fp16,pooled_exact_combined_moe_column_generated_local,745,1536,16,32,0.9987386067708334,0.995983946212998,0.9976832625007466,0.9995727244429805,0.9977117928762823,0.0013600809434479388,0.0033489982418574704,0.005594555237785714,0.0034701327857044814
exact_proxy_rank4_fp16,pooled_exact_combined_moe_column_generated_local,745,1536,17,32,0.9987386067708334,0.9952335504932914,0.9967796329794537,0.998951919356401,0.996958932060497,0.0014320140026858664,0.0037621467381456775,0.007234166712708401,0.004020819791774478
exact_proxy_rank4_fp16,pooled_exact_combined_moe_column_generated_local,745,1536,18,32,0.9987386067708334,0.994177129129139,0.9974909981723767,0.9993887918804079,0.9969824132024111,0.0008314368363748881,0.0028159374416667493,0.005148699334057305,0.0030685875379763902
exact_proxy_rank4_fp16,pooled_exact_combined_moe_column_generated_local,745,1536,19,32,0.9987386067708334,0.9944565797064219,0.9980115654576966,0.9992910402118682,0.9974417747594104,0.0007459420700134612,0.0022165704701238576,0.004403667973318004,0.002493902360312158
exact_proxy_rank4_fp16,pooled_exact_combined_moe_column_generated_local,745,1536,20,32,0.9987386067708334,0.9942105168189772,0.9967668029065985,0.9993189263253098,0.996816992097289,0.001196034456034667,0.0025639069222587185,0.004767833174065273,0.0027668385369952475
exact_proxy_rank4_fp16,pooled_exact_combined_moe_column_generated_local,745,1536,21,32,0.9987386067708334,0.9977619623173832,0.9989047750955884,0.9995132349776749,0.9986942335356825,0.0009892335159062515,0.0035858724519380325,0.005471965620834874,0.003647706188667669
exact_proxy_rank4_fp16,pooled_exact_combined_moe_column_generated_local,745,1536,22,32,0.9987386067708334,0.9950579065585099,0.9972966932514329,0.9989080590318878,0.9969611173290671,0.0007592499376759876,0.002427258933507759,0.0048526492095524185,0.002587812831126128
exact_proxy_rank4_fp16,pooled_exact_combined_moe_column_generated_local,745,1536,23,32,0.9987386067708334,0.9938910239460994,0.9973794189741794,0.9993551355198268,0.9970241664199276,0.0009425052434409942,0.002278035267050893,0.004414289948658213,0.0026544451230097466
exact_proxy_rank4_fp16,pooled_exact_combined_moe_column_generated_local,745,1536,24,32,0.9987386067708334,0.9971322638783783,0.9982549647789971,0.9991241231981485,0.9980195735042523,0.0021971101236188395,0.003740811104227082,0.007178289004150196,0.0045637998497918
exact_proxy_rank4_fp16,pooled_exact_combined_moe_column_generated_local,745,1536,25,32,0.9987386067708334,0.9943748749532505,0.9966174546439668,0.9991576154033223,0.9965634379269643,0.001061994786765197,0.003476619419908844,0.006206077867694304,0.003555399484080412
exact_proxy_rank4_fp16,pooled_exact_combined_moe_column_generated_local,745,1536,26,32,0.9987386067708334,0.9951836391986891,0.9971488286980226,0.9988870892912809,0.997209716748697,0.0009490065219932454,0.00226260248751603,0.004935946270825931,0.0028182263673671194
exact_proxy_rank4_fp16,pooled_exact_combined_moe_column_generated_local,745,1536,27,32,0.9987386067708334,0.995894654499905,0.9974386676893241,0.9989058505088102,0.9974259054045471,0.0010239179391471787,0.00242890847410554,0.007213413455932752,0.0035648093569201657
exact_proxy_rank4_fp16,pooled_exact_combined_moe_column_generated_local,745,1536,28,32,0.9987386067708334,0.9952041520281382,0.9975090419161992,0.9989066048045839,0.9972885932849431,0.0016815975433958409,0.0034811689926880773,0.005662818897639421,0.0036171419305263026
exact_proxy_rank4_fp16,pooled_exact_combined_moe_column_generated_local,745,1536,29,32,0.9987386067708334,0.9964129694997566,0.997962469887496,0.9989619743931198,0.9978865963617924,0.0009268384671085372,0.0020925987801664325,0.004751592259720029,0.002396136339762725
exact_proxy_rank4_fp16,pooled_exact_combined_moe_column_generated_local,745,1536,30,32,0.9987386067708334,0.9953446777883918,0.9973062840347657,0.9991798569717458,0.9971021093636633,0.0008437833384355554,0.002441339062518144,0.003824477964425688,0.002570583827396139
exact_proxy_rank4_fp16,pooled_exact_combined_moe_column_generated_local,745,1536,31,32,0.9987386067708334,0.9969079727168969,0.9981170446618048,0.9989187886065266,0.9979114446199584,0.001115048967535548,0.0021856590825196087,0.0045446093502146245,0.0025468497193527444
exact_proxy_rank4_fp16,pooled_exact_combined_moe_column_generated_local,745,1536,32,32,0.9987386067708334,0.9952764026847531,0.9984628735245943,0.9991634946122144,0.9977314842970668,0.0009459419930526569,0.001801928474885972,0.003698805062297939,0.0021527932160542197
exact_proxy_rank4_fp16,pooled_exact_combined_moe_column_generated_local,745,1536,33,32,0.9987386067708334,0.9976976395996284,0.998944443420327,0.9995804837575164,0.998668913081596,0.0005925081821002154,0.002079064046555945,0.003313619575329474,0.001996497559840979
exact_proxy_rank4_fp16,pooled_exact_combined_moe_column_generated_local,745,1536,34,32,0.9987386067708334,0.9965494582693246,0.9983470502340922,0.9989556374993463,0.9980839934303409,0.0007430664685310728,0.0013754268905294964,0.0022797570452146813,0.0014210783865060937
exact_proxy_rank4_fp16,pooled_exact_combined_moe_column_generated_local,745,1536,35,32,0.9987386067708334,0.9934628922385417,0.9974078753454438,0.9989253957535601,0.9969113285840611,0.0009694095194231811,0.001908761353471622,0.0029841772420292406,0.002120486523058511
exact_proxy_rank4_fp16,pooled_exact_combined_moe_column_generated_local,745,1536,36,32,0.9987386067708334,0.9964405555735724,0.9975998659934568,0.9992339808550285,0.997560868577569,0.0010169813579799514,0.0016726441535329095,0.003836541642668168,0.002078968133369684
exact_proxy_rank4_fp16,pooled_exact_combined_moe_column_generated_local,745,1536,37,32,0.9987386067708334,0.9956135571966319,0.9973982561238914,0.9992041709864984,0.9974103093273095,0.0007206801272528485,0.0015463974524578816,0.002718938961361606,0.0016634410020913738
exact_proxy_rank4_fp16,pooled_exact_combined_moe_column_generated_local,745,1536,38,32,0.9987386067708334,0.997761604979329,0.9989659166508564,0.9995724834735057,0.9988052034859587,0.0007992899684207244,0.0017881976113016673,0.0038879149702345864,0.0019039102825193187
exact_proxy_rank4_fp16,pooled_exact_combined_moe_column_generated_local,745,1536,39,32,0.9987386067708334,0.996496374409963,0.9987052807182211,0.9996483170769623,0.9981583054293326,0.00017996424177733062,0.0007959538080157258,0.0023744270164771986,0.0011660444894715065
exact_proxy_rank4_fp16,pooled_exact_combined_moe_oracle,745,1536,0,32,0.9987386067708334,0.9999070720016237,0.9999934829711559,0.9999979536452654,0.9999633302633821,2.0807085890728326e-05,0.00012436006461652438,0.0008115860487216027,0.00029925681778079916
exact_proxy_rank4_fp16,pooled_exact_combined_moe_oracle,745,1536,1,32,0.9987386067708334,0.9971321404485987,0.9986377138934228,0.9995631413246475,0.9983227703158941,0.0005838558673184613,0.0016084193957099924,0.0037513820819676485,0.0018237056640631986
exact_proxy_rank4_fp16,pooled_exact_combined_moe_oracle,745,1536,2,32,0.9987386067708334,0.9971518660876997,0.9986248518749754,0.9995646847489973,0.9984016314804651,0.0012194304039448989,0.0030517575684432807,0.004743785092849651,0.003152673790651532
exact_proxy_rank4_fp16,pooled_exact_combined_moe_oracle,745,1536,3,32,0.9987386067708334,0.995314385033158,0.9978893201861514,0.9991996291880462,0.9974509589468659,0.0019267397823094835,0.0030251698136116167,0.005850947728537226,0.0035082915544418225
exact_proxy_rank4_fp16,pooled_exact_combined_moe_oracle,745,1536,4,32,0.9987386067708334,0.9962480947418372,0.9982371638090517,0.9993453126994767,0.9980198521281165,0.0011789320618179166,0.0029884701096258293,0.005386316265922098,0.0031244727498173502
exact_proxy_rank4_fp16,pooled_exact_combined_moe_oracle,745,1536,5,32,0.9987386067708334,0.9955764294546867,0.9974361554641764,0.9993972022649529,0.9973032523190888,0.0016427833842455164,0.002773253320537239,0.004603715299320333,0.0029592836457341433
exact_proxy_rank4_fp16,pooled_exact_combined_moe_oracle,745,1536,6,32,0.9987386067708334,0.9973567155879448,0.9985964738767079,0.9995351492129213,0.9981918941576375,0.000650352772141738,0.0025826061034893155,0.005524623399203557,0.003023568743338447
exact_proxy_rank4_fp16,pooled_exact_combined_moe_oracle,745,1536,7,32,0.9987386067708334,0.9952110294656354,0.9972130808093796,0.9988102659765318,0.9970200437464262,0.0008712320374239079,0.0020787140531465242,0.005952250784660176,0.0026749486386348324
exact_proxy_rank4_fp16,pooled_exact_combined_moe_oracle,745,1536,8,32,0.9987386067708334,0.9951196335224757,0.9974390775023918,0.9986590119504611,0.9971232645074346,0.0015704307751777224,0.002765300266398485,0.005492107138733393,0.0036044870102923295
exact_proxy_rank4_fp16,pooled_exact_combined_moe_oracle,745,1536,9,32,0.9987386067708334,0.9964564863276212,0.9979945241141,0.9988888136544796,0.9976895264060189,0.0016039793763098832,0.00267765318233254,0.004928792835568342,0.0030995772093846963
exact_proxy_rank4_fp16,pooled_exact_combined_moe_oracle,745,1536,10,32,0.9987386067708334,0.9955343048927848,0.9977036459729072,0.9997211875749354,0.9975248331100104,0.0006080918916914091,0.0026695666937243123,0.00588856166213052,0.002819541969171304
exact_proxy_rank4_fp16,pooled_exact_combined_moe_oracle,745,1536,11,32,0.9987386067708334,0.9954425987654443,0.99789171126403,0.9990016423825234,0.9974160529638794,0.001472036316346892,0.0023640299774865814,0.006006123454283175,0.0029285123885946507
exact_proxy_rank4_fp16,pooled_exact_combined_moe_oracle,745,1536,12,32,0.9987386067708334,0.9956548233295344,0.9980915337957497,0.9990724529118516,0.9976696010572483,0.0007740257194528977,0.002995957456825238,0.005905346875790519,0.003360635422125894
exact_proxy_rank4_fp16,pooled_exact_combined_moe_oracle,745,1536,13,32,0.9987386067708334,0.9955908482588576,0.9973424750455043,0.9992133154339912,0.9973132253697639,0.0011418599031636778,0.0027477831797795282,0.0054485500168836905,0.0031679082480156676
exact_proxy_rank4_fp16,pooled_exact_combined_moe_oracle,745,1536,14,32,0.9987386067708334,0.9944773865359599,0.9968720596558046,0.9988704354269651,0.9967932419185226,0.0006800014855146919,0.0016995047292104881,0.003116926997857117,0.0018375156429310917
exact_proxy_rank4_fp16,pooled_exact_combined_moe_oracle,745,1536,15,32,0.9987386067708334,0.9940370418956687,0.996235830666093,0.9990506256648228,0.9963694895226811,0.0008267032291128351,0.0027505891160818363,0.006012717375270405,0.0030060640863716036
exact_proxy_rank4_fp16,pooled_exact_combined_moe_oracle,745,1536,16,32,0.9987386067708334,0.9959108378561926,0.9975919669834796,0.9995613254437344,0.9976230579772234,0.001347126964269374,0.003233665633456839,0.005566277672119713,0.0033813978866455707
exact_proxy_rank4_fp16,pooled_exact_combined_moe_oracle,745,1536,17,32,0.9987386067708334,0.9950627963555047,0.9966229535129292,0.9989185263841682,0.996857037728088,0.00140632303778081,0.0035900242571074714,0.0071295922849462625,0.003918925459365431
exact_proxy_rank4_fp16,pooled_exact_combined_moe_oracle,745,1536,18,32,0.9987386067708334,0.9939662127256287,0.9974208533750437,0.9993673277663491,0.996866784229193,0.000757613375701327,0.002650216556101148,0.005097189535080738,0.002952958564758277
exact_proxy_rank4_fp16,pooled_exact_combined_moe_oracle,745,1536,19,32,0.9987386067708334,0.9942279551015446,0.9979311734524063,0.9992836500957485,0.9973486996010783,0.0007376144950224095,0.0022020016475849946,0.0040902559235606265,0.0024008272019798785
exact_proxy_rank4_fp16,pooled_exact_combined_moe_oracle,745,1536,20,32,0.9987386067708334,0.9940579141730216,0.9966519662605944,0.9992830420527825,0.9966854336114621,0.0011089685085520662,0.0023611319271135134,0.004693747456945785,0.0026352800511682123
exact_proxy_rank4_fp16,pooled_exact_combined_moe_oracle,745,1536,21,32,0.9987386067708334,0.9976951191008033,0.9988648286425401,0.9994966565579161,0.998639439984638,0.0009485967966310072,0.0035241463135842754,0.005455315045572218,0.0035929126376231593
exact_proxy_rank4_fp16,pooled_exact_combined_moe_oracle,745,1536,22,32,0.9987386067708334,0.9947761464129422,0.9972202924573982,0.9988715280445122,0.9968369933846211,0.0007225339027045585,0.0023235973124955955,0.004573034354374151,0.0024636888866801064
exact_proxy_rank4_fp16,pooled_exact_combined_moe_oracle,745,1536,23,32,0.9987386067708334,0.9936272066205214,0.9973048041577421,0.9993013075184055,0.996898817550358,0.0008710545669133541,0.0021887599988628104,0.004091092023177379,0.0025290962534400795
exact_proxy_rank4_fp16,pooled_exact_combined_moe_oracle,745,1536,24,32,0.9987386067708334,0.9968975054300228,0.9981603375989059,0.9990912750035363,0.9979409815239031,0.0021618394358174807,0.0036821050550067125,0.006888674968377894,0.004485207869442585
exact_proxy_rank4_fp16,pooled_exact_combined_moe_oracle,745,1536,25,32,0.9987386067708334,0.9942798306109417,0.9965182835343186,0.9991235456098421,0.9964446000110971,0.0010297395128230247,0.0033658365793778344,0.00608287930778173,0.0034365615682132
exact_proxy_rank4_fp16,pooled_exact_combined_moe_oracle,745,1536,26,32,0.9987386067708334,0.9950260549852902,0.9970874453115255,0.9988106438412323,0.997106298892906,0.0008852223106372792,0.002092471965213283,0.004934452886185881,0.0027148085115761937
exact_proxy_rank4_fp16,pooled_exact_combined_moe_oracle,745,1536,27,32,0.9987386067708334,0.9957398252450584,0.9973147565534061,0.9988739177006685,0.9973303536715793,0.000935588323999026,0.002277303270081188,0.007146482114668797,0.003469257623952428
exact_proxy_rank4_fp16,pooled_exact_combined_moe_oracle,745,1536,28,32,0.9987386067708334,0.9950150569255887,0.9974525601196393,0.9988553507731084,0.9971802640963241,0.001615006406720365,0.003362445636226341,0.005596144559333227,0.003508812741907383
exact_proxy_rank4_fp16,pooled_exact_combined_moe_oracle,745,1536,29,32,0.9987386067708334,0.996299644725095,0.9979103148650754,0.9989280920501645,0.9978034544575947,0.0008292418534041168,0.0019745506800929458,0.0047116697783702996,0.0023129944355649995
exact_proxy_rank4_fp16,pooled_exact_combined_moe_oracle,745,1536,30,32,0.9987386067708334,0.9952296765383754,0.9971922941269883,0.9991407533718203,0.9969960755735316,0.0007798732368425432,0.0022898109347399,0.0037558529925218243,0.002464550037264538
exact_proxy_rank4_fp16,pooled_exact_combined_moe_oracle,745,1536,31,32,0.9987386067708334,0.9968557448023374,0.9980889983654462,0.9988549683473299,0.9978523782277338,0.0010218434426611412,0.0021365709301922053,0.004510848705777494,0.0024877833271279674
exact_proxy_rank4_fp16,pooled_exact_combined_moe_oracle,745,1536,32,32,0.9987386067708334,0.9951029812662071,0.9983693272730882,0.9991395850746952,0.9976408762205221,0.0008988409193466884,0.0017317586703023968,0.0035773867025685416,0.00206218513950961
exact_proxy_rank4_fp16,pooled_exact_combined_moe_oracle,745,1536,33,32,0.9987386067708334,0.9975577386311295,0.9989111998620863,0.9995680953044316,0.9986067535212108,0.0005703263262248015,0.00195997378929752,0.0032828428077621877,0.0019343379994557174
exact_proxy_rank4_fp16,pooled_exact_combined_moe_oracle,745,1536,34,32,0.9987386067708334,0.9964132736708298,0.9982839900725139,0.9988950168422956,0.9980119983482942,0.000677021664459565,0.0013033899980911534,0.0021062112536063384,0.0013490833044593337
exact_proxy_rank4_fp16,pooled_exact_combined_moe_oracle,745,1536,35,32,0.9987386067708334,0.9929891534899439,0.9973354892536769,0.9988841608639137,0.9967946525495632,0.0009540191353497151,0.0017995983796113557,0.002757103256666227,0.0020038104885606346
exact_proxy_rank4_fp16,pooled_exact_combined_moe_oracle,745,1536,36,32,0.9987386067708334,0.9962933181673351,0.9974797133011162,0.9991713369120202,0.99746247053827,0.0009822271052636888,0.0016208328678928297,0.0037376277731621557,0.001980570094070648
exact_proxy_rank4_fp16,pooled_exact_combined_moe_oracle,745,1536,37,32,0.9987386067708334,0.9955180901034898,0.997335995820661,0.9991796202657129,0.9973033042213941,0.0006627143418473036,0.0014508983709505818,0.0025669873226757847,0.0015564358961760068
exact_proxy_rank4_fp16,pooled_exact_combined_moe_oracle,745,1536,38,32,0.9987386067708334,0.9977124286852367,0.9989195059703646,0.9995460853753555,0.9987612743055163,0.0007654427671729414,0.0017201583684926525,0.0038394598006072935,0.0018599811020767881
exact_proxy_rank4_fp16,pooled_exact_combined_moe_oracle,745,1536,39,32,0.9987386067708334,0.9963922065763624,0.9986437427931154,0.9996403037667356,0.9980858756624238,0.0001767708833498749,0.0007493124037594168,0.0023453386811962632,0.0010936147225628218
exact_proxy_rank4_fp16,pooled_router_square_column_generated,745,1536,0,32,0.9987386067708334,0.9999101796356623,0.9999939187848764,0.999998801278894,0.9999644707555536,2.0886246607476623e-05,0.00012479236119156134,0.0008150314401902733,0.0003003973099522904
exact_proxy_rank4_fp16,pooled_router_square_column_generated,745,1536,1,32,0.9987386067708334,0.9971608191182123,0.9986886573275036,0.9995875525767528,0.9983671937821871,0.0005891815678522261,0.0016381179887645092,0.003814932288684826,0.0018681291303560103
exact_proxy_rank4_fp16,pooled_router_square_column_generated,745,1536,2,32,0.9987386067708334,0.997199540444116,0.9985917200000033,0.9995764713697992,0.9984209812990734,0.001214034700496225,0.0030535086914671994,0.004769705235139377,0.0031720236092598088
exact_proxy_rank4_fp16,pooled_router_square_column_generated,745,1536,3,32,0.9987386067708334,0.9952441636977405,0.9979740659982435,0.9992125037218867,0.9975048855986487,0.0019442844435649254,0.0031473119650768377,0.005983740491726131,0.003562218206224703
exact_proxy_rank4_fp16,pooled_router_square_column_generated,745,1536,4,32,0.9987386067708334,0.9963603010856021,0.9982697739862334,0.9993585997691888,0.9980707407527645,0.00118429280076523,0.00308428228451868,0.005492626665169831,0.0031753613744653075
exact_proxy_rank4_fp16,pooled_router_square_column_generated,745,1536,5,32,0.9987386067708334,0.9956841001955379,0.99747481815137,0.9994083129126298,0.9973660011658478,0.0016707097551734939,0.0028862553851242145,0.004669279697027529,0.0030220324924932
exact_proxy_rank4_fp16,pooled_router_square_column_generated,745,1536,6,32,0.9987386067708334,0.9973271100901777,0.9986107353060962,0.9995517359299816,0.9982235808828103,0.0006713521526731548,0.0026068984641359205,0.005552949766095107,0.0030552554685111116
exact_proxy_rank4_fp16,pooled_router_square_column_generated,745,1536,7,32,0.9987386067708334,0.9952937176042128,0.9972455245621925,0.9988132291192496,0.9970803211088963,0.0009492442525366407,0.002107705364471968,0.006116591518818906,0.0027352260011050122
exact_proxy_rank4_fp16,pooled_router_square_column_generated,745,1536,8,32,0.9987386067708334,0.995229762237362,0.997510881791505,0.9987143128201617,0.9971644700286081,0.0016114231245708322,0.0028761203719510076,0.005496852451190359,0.003645692531465839
exact_proxy_rank4_fp16,pooled_router_square_column_generated,745,1536,9,32,0.9987386067708334,0.9964242769536491,0.9980090686189318,0.9988960805449637,0.9977230655696171,0.0016419826778093726,0.002715953481439548,0.004976011979701545,0.003133116372982806
exact_proxy_rank4_fp16,pooled_router_square_column_generated,745,1536,10,32,0.9987386067708334,0.9956080127222505,0.9977589026503058,0.9997264885706181,0.9975765863365076,0.0006325196182953574,0.002711319399058165,0.005894279756552001,0.0028712951956684704
exact_proxy_rank4_fp16,pooled_router_square_column_generated,745,1536,11,32,0.9987386067708334,0.9955271693955807,0.9979149428031542,0.9990580660613088,0.9974704571679927,0.0015033148836192888,0.002417474216346027,0.006094192671535392,0.0029829165927081173
exact_proxy_rank4_fp16,pooled_router_square_column_generated,745,1536,12,32,0.9987386067708334,0.9958794446525294,0.9981654584431672,0.9991107173643571,0.9977165635150441,0.0008643763167832996,0.0030360693362631586,0.005978706457348404,0.0034075978799216686
exact_proxy_rank4_fp16,pooled_router_square_column_generated,745,1536,13,32,0.9987386067708334,0.9957265109944686,0.9974497294163471,0.9992218699967654,0.9973427377739668,0.001190319357951597,0.002778468776393095,0.0055432331279240184,0.00319742065221865
exact_proxy_rank4_fp16,pooled_router_square_column_generated,745,1536,14,32,0.9987386067708334,0.9944190138805635,0.9968506956205194,0.9988696828156856,0.9968145791872455,0.0006473795669829641,0.0017558516479123099,0.0031883455893474415,0.0018588529116540069
exact_proxy_rank4_fp16,pooled_router_square_column_generated,745,1536,15,32,0.9987386067708334,0.9941142476207085,0.9962832920110838,0.9990805844503656,0.9964337028008399,0.0007872624085658808,0.0028517242859483205,0.006166385047248314,0.0030702773645303466
exact_proxy_rank4_fp16,pooled_router_square_column_generated,745,1536,16,32,0.9987386067708334,0.9958899785974532,0.9976380620366052,0.9995561697422243,0.997670365091839,0.0013380967051800253,0.00332246491904703,0.005576740910096279,0.0034287050012612313
exact_proxy_rank4_fp16,pooled_router_square_column_generated,745,1536,17,32,0.9987386067708334,0.9951591538631105,0.9967366099312225,0.9989446483403053,0.9969090582305247,0.0014248388966465297,0.003734066779449874,0.007165810126836869,0.003970945961802027
exact_proxy_rank4_fp16,pooled_router_square_column_generated,745,1536,18,32,0.9987386067708334,0.9939816867010756,0.9974499655559348,0.9993679746609657,0.9969108934180972,0.000820926647679976,0.002750213679563518,0.005131801706612549,0.002997067753662583
exact_proxy_rank4_fp16,pooled_router_square_column_generated,745,1536,19,32,0.9987386067708334,0.9942966148574669,0.9979982540896541,0.999290970292959,0.9974001318783601,0.0007410432803564015,0.0021807117522591457,0.004390529704878033,0.002452259479261778
exact_proxy_rank4_fp16,pooled_router_square_column_generated,745,1536,20,32,0.9987386067708334,0.9941429259814797,0.9966831686176639,0.9993083052830595,0.9967575563056073,0.0011765385423909258,0.002482375276592119,0.004753885836093031,0.0027074027453135446
exact_proxy_rank4_fp16,pooled_router_square_column_generated,745,1536,21,32,0.9987386067708334,0.9977400709903617,0.9988833320251861,0.9995085709860818,0.998670783876014,0.000949387043655614,0.0035406014250708995,0.005467942414667937,0.003624256528999205
exact_proxy_rank4_fp16,pooled_router_square_column_generated,745,1536,22,32,0.9987386067708334,0.9949522681679797,0.9972644284305905,0.9988634798014243,0.9968917779177993,0.000714670707212417,0.002370290315397039,0.00475356879441905,0.0025184734198583046
exact_proxy_rank4_fp16,pooled_router_square_column_generated,745,1536,23,32,0.9987386067708334,0.9937732396464076,0.9972876753304611,0.9993479192911899,0.996967915129078,0.0009218909932511399,0.002247203592152358,0.004275886578152155,0.0025981938321601623
exact_proxy_rank4_fp16,pooled_router_square_column_generated,745,1536,24,32,0.9987386067708334,0.9969543972284964,0.9982398463677291,0.9991161979591047,0.9979844657816174,0.0021971101236188395,0.003667263618803873,0.007047033180650386,0.004528692127156821
exact_proxy_rank4_fp16,pooled_router_square_column_generated,745,1536,25,32,0.9987386067708334,0.9943194698677997,0.9966044115304749,0.9991443902850871,0.9965095355484411,0.0010608144371072937,0.0034555160929388706,0.006149326481952477,0.003501497105557215
exact_proxy_rank4_fp16,pooled_router_square_column_generated,745,1536,26,32,0.9987386067708334,0.9950965632376321,0.9970781471848627,0.9988865609328145,0.9971446032826854,0.0009452243186622411,0.002146493878198763,0.004869799014331444,0.0027531129013555374
exact_proxy_rank4_fp16,pooled_router_square_column_generated,745,1536,27,32,0.9987386067708334,0.9958713054390574,0.9974236713040352,0.9988972306291841,0.9973807644599154,0.0010223058986914557,0.002318971470722131,0.0071783754699499954,0.0035196684122885333
exact_proxy_rank4_fp16,pooled_router_square_column_generated,745,1536,28,32,0.9987386067708334,0.9951371382364742,0.9974306625615574,0.9989032644888817,0.9972402013351545,0.0016578923776345955,0.0034512384359340897,0.005650380120716047,0.0035687499807377267
exact_proxy_rank4_fp16,pooled_router_square_column_generated,745,1536,29,32,0.9987386067708334,0.9963410197827378,0.9979550009872983,0.998951173655223,0.9978463053392456,0.0008700848112756954,0.001941580192924508,0.004733358835465308,0.0023558453172158184
exact_proxy_rank4_fp16,pooled_router_square_column_generated,745,1536,30,32,0.9987386067708334,0.9952711878207257,0.9972958037690236,0.9991438904736657,0.9970436983065998,0.0007919445022694149,0.0023864878852331017,0.0038103119558539067,0.0025121727703325963
exact_proxy_rank4_fp16,pooled_router_square_column_generated,745,1536,31,32,0.9987386067708334,0.9969055958928611,0.9980574848503234,0.9988834519118872,0.997871886464726,0.0010819654543922307,0.0021659428776243383,0.004461221382410597,0.002507291564120228
exact_proxy_rank4_fp16,pooled_router_square_column_generated,745,1536,32,32,0.9987386067708334,0.9950941268754151,0.9984254843949503,0.9991483276067384,0.9976907231077604,0.0009343325009416703,0.0017448157201340742,0.00364072314596754,0.0021120320267478503
exact_proxy_rank4_fp16,pooled_router_square_column_generated,745,1536,33,32,0.9987386067708334,0.9976792526399584,0.998877266080566,0.999563949972667,0.99863525124961,0.0005832820372784653,0.0019887183872061565,0.00329242987855497,0.001962835727854967
exact_proxy_rank4_fp16,pooled_router_square_column_generated,745,1536,34,32,0.9987386067708334,0.9965272382190755,0.9982960393929088,0.9989554858479563,0.9980562981417214,0.0007421775879356441,0.0013534711326109172,0.0021879061440203797,0.0013933830978864088
exact_proxy_rank4_fp16,pooled_router_square_column_generated,745,1536,35,32,0.9987386067708334,0.9934072916116098,0.9973670629442304,0.998891873078637,0.9968486517713177,0.0009650489085166857,0.001845730956100522,0.0029257097680641777,0.0020578097103150367
exact_proxy_rank4_fp16,pooled_router_square_column_generated,745,1536,36,32,0.9987386067708334,0.9963627210442713,0.9975149889969674,0.9991812098342256,0.9975163360708001,0.0010146386688131615,0.0016025334096249622,0.0037990127586862155,0.002034435626600828
exact_proxy_rank4_fp16,pooled_router_square_column_generated,745,1536,37,32,0.9987386067708334,0.9955154967773735,0.9973524218038997,0.9991992761105202,0.9973651254096877,0.0006923917019016623,0.0015208593465437792,0.002659735503777916,0.00161825708446953
exact_proxy_rank4_fp16,pooled_router_square_column_generated,745,1536,38,32,0.9987386067708334,0.9976491609726214,0.9989659166508564,0.9995582424697893,0.9987783587604135,0.0007906106034616834,0.0017586124201192654,0.003883424218467281,0.0018770655569740995
exact_proxy_rank4_fp16,pooled_router_square_column_generated,745,1536,39,32,0.9987386067708334,0.9964862387668416,0.9986637754316277,0.9996367846134205,0.9981191441826732,0.00017631450730645206,0.0007708084932530057,0.00235124459242142,0.0011268832428121822
exact_proxy_rank4_fp16,pooled_router_square_compressed,745,1536,0,32,0.9987386067708334,0.9999068277152146,0.9999934369955059,0.9999979040297268,0.9999627207319101,2.0807085890728326e-05,0.00012431913707683373,0.0008093423310559962,0.00029864728630872237
exact_proxy_rank4_fp16,pooled_router_square_compressed,745,1536,1,32,0.9987386067708334,0.997036057665886,0.998588372533123,0.9995584725700679,0.9982990487068818,0.0005727523532998213,0.0015974295882228429,0.003745912324505842,0.001799984055050826
exact_proxy_rank4_fp16,pooled_router_square_compressed,745,1536,2,32,0.9987386067708334,0.9971145520416818,0.9985667598637875,0.9995622934851182,0.9983778833488531,0.0012078120017073423,0.003041004099363309,0.004743785092849651,0.0031289256590394457
exact_proxy_rank4_fp16,pooled_router_square_compressed,745,1536,3,32,0.9987386067708334,0.9951489492761804,0.9978329598525948,0.9991913575917747,0.9974224360097647,0.0019267397823094835,0.0030000236419875925,0.00580053791046885,0.003479768617340513
exact_proxy_rank4_fp16,pooled_router_square_compressed,745,1536,4,32,0.9987386067708334,0.9962004036644683,0.9981631810265923,0.9993408741074808,0.9979952447090191,0.0011569834072520991,0.0029884701096258293,0.005378278582388285,0.00309986533071999
exact_proxy_rank4_fp16,pooled_router_square_compressed,745,1536,5,32,0.9987386067708334,0.9955518982953194,0.9973916416783815,0.999393237080778,0.9972678559538941,0.0016355222837670658,0.0027096942706318905,0.004597709345603551,0.002923887280539446
exact_proxy_rank4_fp16,pooled_router_square_compressed,745,1536,6,32,0.9987386067708334,0.9972664568784081,0.9985626195912622,0.9995260054446176,0.9981586462069012,0.0006412090038380169,0.0025694502425500643,0.005505429326419877,0.002990320792602051
exact_proxy_rank4_fp16,pooled_router_square_compressed,745,1536,7,32,0.9987386067708334,0.9950036771426873,0.9971687797612488,0.9988050993815516,0.9969714310370409,0.0008201283181111352,0.0020621456101863056,0.005950295727546809,0.0026263359292495667
exact_proxy_rank4_fp16,pooled_router_square_compressed,745,1536,8,32,0.9987386067708334,0.9951058523269769,0.9973892928825601,0.9986552560553047,0.9970771466735278,0.0015253209632699494,0.002717912122922217,0.0054856405700870366,0.003558369176385641
exact_proxy_rank4_fp16,pooled_router_square_compressed,745,1536,9,32,0.9987386067708334,0.9963783252503821,0.9979945241141,0.9988888136544796,0.9976589037253698,0.0015321727480723025,0.00267765318233254,0.004858479187147547,0.0030689545287354812
exact_proxy_rank4_fp16,pooled_router_square_compressed,745,1536,10,32,0.9987386067708334,0.9954618802224864,0.9976678240028922,0.9997183373644837,0.997496803596893,0.0006080918916914091,0.002641408508396448,0.005852251934808694,0.002791512456053861
exact_proxy_rank4_fp16,pooled_router_square_compressed,745,1536,11,32,0.9987386067708334,0.9953995205681779,0.9978579322406904,0.998998515338918,0.9973812187180173,0.0014615223322335558,0.0023363228930650126,0.005922269516878498,0.0028936781427327044
exact_proxy_rank4_fp16,pooled_router_square_compressed,745,1536,12,32,0.9987386067708334,0.9954807657339249,0.9980670993830072,0.9990713183460227,0.9976247827225786,0.0007696785231636306,0.002970168571720666,0.005905346875790519,0.0033158170874560897
exact_proxy_rank4_fp16,pooled_router_square_compressed,745,1536,13,32,0.9987386067708334,0.9955119714493914,0.9972775575792276,0.9992105929088063,0.9972623348489821,0.0011300268417531512,0.002704568476761815,0.005296046736341797,0.003117017727233839
exact_proxy_rank4_fp16,pooled_router_square_compressed,745,1536,14,32,0.9987386067708334,0.9943618202964246,0.9967976502247176,0.9988293980302148,0.996732944186328,0.0006172418042919902,0.001606221377453143,0.0031167514140183817,0.0017772179107364908
exact_proxy_rank4_fp16,pooled_router_square_compressed,745,1536,15,32,0.9987386067708334,0.9939991411496956,0.9962106494154686,0.9990490969190415,0.9963338812854567,0.0007210705529118178,0.0027505891160818363,0.006012106156824171,0.002970455849147135
exact_proxy_rank4_fp16,pooled_router_square_compressed,745,1536,16,32,0.9987386067708334,0.9958224608184679,0.9975594453457916,0.9995480276868954,0.9975894551002225,0.001318850845720132,0.003208239153162984,0.005522314844741661,0.0033477950096446538
exact_proxy_rank4_fp16,pooled_router_square_compressed,745,1536,17,32,0.9987386067708334,0.9950218557432987,0.9965540090350598,0.9988976330331305,0.9968125943715859,0.0013986014913107913,0.0035654913942783084,0.007116829715086859,0.003874482102863376
exact_proxy_rank4_fp16,pooled_router_square_compressed,745,1536,18,32,0.9987386067708334,0.9939241827991785,0.9974208533750437,0.999336050548515,0.9968262407645474,0.0007480065383689838,0.0025865435840783935,0.005091228038659923,0.0029124151001127113
exact_proxy_rank4_fp16,pooled_router_square_compressed,745,1536,19,32,0.9987386067708334,0.9940876397653021,0.9979096339028759,0.9992816897409463,0.9973089385991208,0.0007337453370734436,0.0021813770706093916,0.004020797619854288,0.0023610662000225074
exact_proxy_rank4_fp16,pooled_router_square_compressed,745,1536,20,32,0.9987386067708334,0.9938996449710169,0.9966254020238878,0.9992804824735292,0.9966234443051949,0.0010452907519392317,0.002316054968718728,0.004673142564207655,0.0025732907449011605
exact_proxy_rank4_fp16,pooled_router_square_compressed,745,1536,21,32,0.9987386067708334,0.9976812665423824,0.9988438273825906,0.9994827946304669,0.998622631581118,0.0009157773627253118,0.0035095899928478946,0.005452259234922963,0.003576104234103202
exact_proxy_rank4_fp16,pooled_router_square_compressed,745,1536,22,32,0.9987386067708334,0.9947581851224327,0.9971706654002588,0.998830884823019,0.9967761833058018,0.0006820757288070967,0.002241890140981029,0.004560263494884632,0.0024028788078606193
exact_proxy_rank4_fp16,pooled_router_square_compressed,745,1536,23,32,0.9987386067708334,0.9934813863144512,0.9972352221601919,0.9992979720614388,0.9968341424537498,0.0008619134482203528,0.002113973918940415,0.004082822341136394,0.002464421156831851
exact_proxy_rank4_fp16,pooled_router_square_compressed,745,1536,24,32,0.9987386067708334,0.9968791202119054,0.9981580286069918,0.9990574653091097,0.9979002152965761,0.002136801545219258,0.003631408850678697,0.006888602691103052,0.004444441642115594
exact_proxy_rank4_fp16,pooled_router_square_compressed,745,1536,25,32,0.9987386067708334,0.9941883649453073,0.9964471102685363,0.9991222596065242,0.9963951136444,0.0010284535095052005,0.003314550096734592,0.006074394171363229,0.003387075201516064
exact_proxy_rank4_fp16,pooled_router_square_compressed,745,1536,26,32,0.9987386067708334,0.9950108352621345,0.9970430836190562,0.998791372021442,0.9970500421469788,0.0008519195997830243,0.001983978279900822,0.004738545885377843,0.002658551765648977
exact_proxy_rank4_fp16,pooled_router_square_compressed,745,1536,27,32,0.9987386067708334,0.9956806999294578,0.9972861068544199,0.9988625680212607,0.9972867243402308,0.000843351894227562,0.0022440640844823,0.0071094121249949205,0.0034256282926038648
exact_proxy_rank4_fp16,pooled_router_square_compressed,745,1536,28,32,0.9987386067708334,0.9949408850468919,0.9974111394837271,0.9988532699452326,0.997126522506119,0.0015527156086072135,0.0033499511074308597,0.00558323317430165,0.003455071151702193
exact_proxy_rank4_fp16,pooled_router_square_compressed,745,1536,29,32,0.9987386067708334,0.9961937686666003,0.997892557071804,0.9989259196873983,0.9977686628459812,0.0008146805510977128,0.0018912028902374756,0.004710056580471591,0.002278202823951577
exact_proxy_rank4_fp16,pooled_router_square_compressed,745,1536,30,32,0.9987386067708334,0.9951045866706824,0.9971879899209883,0.9991230858342012,0.9969542722042211,0.0007673336944427622,0.0022878281144995127,0.0037456332440640176,0.002422746667953942
exact_proxy_rank4_fp16,pooled_router_square_compressed,745,1536,31,32,0.9987386067708334,0.9967807885845759,0.9980604444230738,0.9988239975931448,0.9978215575782454,0.0009679892695833914,0.002131331663997149,0.0044556040763307336,0.0024569626776397013
exact_proxy_rank4_fp16,pooled_router_square_compressed,745,1536,32,32,0.9987386067708334,0.9950852744778175,0.9983600060259916,0.9991219203216186,0.9976120258381285,0.0008809971286845464,0.0017015446586147176,0.0035153655815054366,0.0020333347571160135
exact_proxy_rank4_fp16,pooled_router_square_compressed,745,1536,33,32,0.9987386067708334,0.9974920672637797,0.9988647507952744,0.9995650670899994,0.99858621246803,0.0005698311110639342,0.001947961038400725,0.0032705522903109133,0.0019137969462749357
exact_proxy_rank4_fp16,pooled_router_square_compressed,745,1536,34,32,0.9987386067708334,0.996363793370907,0.9982538295588474,0.9988950168422956,0.9979767061731295,0.0006648482513969767,0.0013033899980911534,0.0020652894002290423,0.0013137911292946738
exact_proxy_rank4_fp16,pooled_router_square_compressed,745,1536,35,32,0.9987386067708334,0.9929878759800179,0.9973206858448513,0.9988604416723146,0.9967480870671676,0.0009518721170038158,0.0017398170664424395,0.0027508407544962646,0.0019572450061649538
exact_proxy_rank4_fp16,pooled_router_square_compressed,745,1536,36,32,0.9987386067708334,0.9962621885371733,0.9974049071395328,0.9991629457819123,0.9974200677163192,0.000964477430252586,0.0015545741649837241,0.003698527728399326,0.0019381672721198624
exact_proxy_rank4_fp16,pooled_router_square_compressed,745,1536,37,32,0.9987386067708334,0.9953164997757277,0.9973024986792915,0.9991796202657129,0.9972646632376491,0.0006571508681933125,0.0014005701797206727,0.0023847822320489766,0.0015177949124309115
exact_proxy_rank4_fp16,pooled_router_square_compressed,745,1536,38,32,0.9987386067708334,0.9975778022926312,0.9989087069020943,0.9995413931656223,0.998739363573766,0.0007473458360306107,0.0016885225788557667,0.003812645955377371,0.0018380703703266207
exact_proxy_rank4_fp16,pooled_router_square_compressed,745,1536,39,32,0.9987386067708334,0.996250727841973,0.9986426854549562,0.9996297327521282,0.9980490110759713,0.0001741097580289508,0.00071733895607351,0.002301293763085344,0.0010567501361103439
exact_proxy_rank4_fp16,uniform_per_expert,745,745,0,32,0.9987386067708334,0.9991063529720884,0.9998698090487455,0.9999750488757245,0.9996640734456013,0.0,0.0,0.0,0.0
exact_proxy_rank4_fp16,uniform_per_expert,745,745,1,32,0.9987386067708334,0.9932597043565521,0.9968367504664324,0.9989709947372817,0.996499064651831,0.0,0.0,0.0,0.0
exact_proxy_rank4_fp16,uniform_per_expert,745,745,2,32,0.9987386067708334,0.9931317375595238,0.9954546952919039,0.9976740959802157,0.9952489576898137,0.0,0.0,0.0,0.0
exact_proxy_rank4_fp16,uniform_per_expert,745,745,3,32,0.9987386067708334,0.990795258892938,0.9938809435414147,0.9967609790107029,0.9939426673924241,0.0,0.0,0.0,0.0
exact_proxy_rank4_fp16,uniform_per_expert,745,745,4,32,0.9987386067708334,0.9915589776578073,0.9947868230089341,0.9975535365140482,0.9948953793782991,0.0,0.0,0.0,0.0
exact_proxy_rank4_fp16,uniform_per_expert,745,745,5,32,0.9987386067708334,0.9919240844849034,0.9940022206373608,0.9972311015330209,0.9943439686733545,0.0,0.0,0.0,0.0
exact_proxy_rank4_fp16,uniform_per_expert,745,745,6,32,0.9987386067708334,0.9919614878161956,0.9953917331699295,0.9988353331580822,0.9951683254142991,0.0,0.0,0.0,0.0
exact_proxy_rank4_fp16,uniform_per_expert,745,745,7,32,0.9987386067708334,0.9905705024938317,0.9943136045076932,0.9971952760684294,0.9943450951077913,0.0,0.0,0.0,0.0
exact_proxy_rank4_fp16,uniform_per_expert,745,745,8,32,0.9987386067708334,0.9899041380200737,0.9940132588716375,0.9965906613201333,0.9935187774971421,0.0,0.0,0.0,0.0
exact_proxy_rank4_fp16,uniform_per_expert,745,745,9,32,0.9987386067708334,0.9927176971097006,0.9952030521696749,0.9965499913981892,0.9945899491966343,0.0,0.0,0.0,0.0
exact_proxy_rank4_fp16,uniform_per_expert,745,745,10,32,0.9987386067708334,0.9908004920346587,0.994364477417135,0.9982504291701575,0.9947052911408392,0.0,0.0,0.0,0.0
exact_proxy_rank4_fp16,uniform_per_expert,745,745,11,32,0.9987386067708334,0.9902924765462009,0.995449871254728,0.9973076456335935,0.9944875405752847,0.0,0.0,0.0,0.0
exact_proxy_rank4_fp16,uniform_per_expert,745,745,12,32,0.9987386067708334,0.9905511203556986,0.9944615797338874,0.9976333068205868,0.9943089656351225,0.0,0.0,0.0,0.0
exact_proxy_rank4_fp16,uniform_per_expert,745,745,13,32,0.9987386067708334,0.9903116375706004,0.9940024233216187,0.9974572524079697,0.9941453171217483,0.0,0.0,0.0,0.0
exact_proxy_rank4_fp16,uniform_per_expert,745,745,14,32,0.9987386067708334,0.991629657017329,0.9952554058250149,0.9978724223349935,0.9949557262755915,0.0,0.0,0.0,0.0
exact_proxy_rank4_fp16,uniform_per_expert,745,745,15,32,0.9987386067708334,0.9896543420856455,0.9934552874574133,0.997545665558446,0.9933634254363095,0.0,0.0,0.0,0.0
exact_proxy_rank4_fp16,uniform_per_expert,745,745,16,32,0.9987386067708334,0.9912783761288558,0.993944262374924,0.9980834066029353,0.9942416600905779,0.0,0.0,0.0,0.0
exact_proxy_rank4_fp16,uniform_per_expert,745,745,17,32,0.9987386067708334,0.9889317934007027,0.9928570074265757,0.9974921158824581,0.9929381122687226,0.0,0.0,0.0,0.0
exact_proxy_rank4_fp16,uniform_per_expert,745,745,18,32,0.9987386067708334,0.9901563299219509,0.9938488727540182,0.9985037609258502,0.9939138256644348,0.0,0.0,0.0,0.0
exact_proxy_rank4_fp16,uniform_per_expert,745,745,19,32,0.9987386067708334,0.9907547845923054,0.9957263799538385,0.998253503767289,0.9949478723990983,0.0,0.0,0.0,0.0
exact_proxy_rank4_fp16,uniform_per_expert,745,745,20,32,0.9987386067708334,0.9902474508503094,0.9944074490476338,0.9980522643260614,0.9940501535602938,0.0,0.0,0.0,0.0
exact_proxy_rank4_fp16,uniform_per_expert,745,745,21,32,0.9987386067708334,0.9912657381999798,0.9953123476873333,0.9979570407535143,0.9950465273470148,0.0,0.0,0.0,0.0
exact_proxy_rank4_fp16,uniform_per_expert,745,745,22,32,0.9987386067708334,0.9901109922860741,0.9948694343179252,0.9981488090942119,0.994373304497941,0.0,0.0,0.0,0.0
exact_proxy_rank4_fp16,uniform_per_expert,745,745,23,32,0.9987386067708334,0.9903333928762261,0.9947711929871289,0.9983659045047834,0.9943697212969179,0.0,0.0,0.0,0.0
exact_proxy_rank4_fp16,uniform_per_expert,745,745,24,32,0.9987386067708334,0.9911779454848628,0.9935792787255375,0.9958969885072162,0.9934557736544606,0.0,0.0,0.0,0.0
exact_proxy_rank4_fp16,uniform_per_expert,745,745,25,32,0.9987386067708334,0.989221514346601,0.9933716962317287,0.9976658446910318,0.993008038442884,0.0,0.0,0.0,0.0
exact_proxy_rank4_fp16,uniform_per_expert,745,745,26,32,0.9987386067708334,0.9913530336555852,0.9943088660783406,0.9977539021525793,0.9943914903813298,0.0,0.0,0.0,0.0
exact_proxy_rank4_fp16,uniform_per_expert,745,745,27,32,0.9987386067708334,0.9890851063491216,0.9945585958754829,0.996797588229317,0.993861096047627,0.0,0.0,0.0,0.0
exact_proxy_rank4_fp16,uniform_per_expert,745,745,28,32,0.9987386067708334,0.9907908855752535,0.9935433842952623,0.9966124628876967,0.9936714513544167,0.0,0.0,0.0,0.0
exact_proxy_rank4_fp16,uniform_per_expert,745,745,29,32,0.9987386067708334,0.9927206714805095,0.9955387467165465,0.998149562014064,0.9954904600220298,0.0,0.0,0.0,0.0
exact_proxy_rank4_fp16,uniform_per_expert,745,745,30,32,0.9987386067708334,0.9919249410104635,0.9946916422115429,0.9974683679816749,0.9945315255362672,0.0,0.0,0.0,0.0
exact_proxy_rank4_fp16,uniform_per_expert,745,745,31,32,0.9987386067708334,0.9926997771290943,0.9956130050988627,0.9972488599583602,0.9953645949006057,0.0,0.0,0.0,0.0
exact_proxy_rank4_fp16,uniform_per_expert,745,745,32,32,0.9987386067708334,0.9920808702579607,0.996817777163334,0.9981213907299842,0.9955786910810126,0.0,0.0,0.0,0.0
exact_proxy_rank4_fp16,uniform_per_expert,745,745,33,32,0.9987386067708334,0.9942400471741801,0.9970487873763867,0.9990224346947858,0.996672415521755,0.0,0.0,0.0,0.0
exact_proxy_rank4_fp16,uniform_per_expert,745,745,34,32,0.9987386067708334,0.9950792007066551,0.9969358025675732,0.9981939637576275,0.9966629150438349,0.0,0.0,0.0,0.0
exact_proxy_rank4_fp16,uniform_per_expert,745,745,35,32,0.9987386067708334,0.9905900998536924,0.9953698218260179,0.9977963979667194,0.9947908420610025,0.0,0.0,0.0,0.0
exact_proxy_rank4_fp16,uniform_per_expert,745,745,36,32,0.9987386067708334,0.9927732561960267,0.9952448789722318,0.9981147785744298,0.9954819004441993,0.0,0.0,0.0,0.0
exact_proxy_rank4_fp16,uniform_per_expert,745,745,37,32,0.9987386067708334,0.9932120397945667,0.995930594509667,0.9982219851430831,0.9957468683252181,0.0,0.0,0.0,0.0
exact_proxy_rank4_fp16,uniform_per_expert,745,745,38,32,0.9987386067708334,0.994727868086158,0.9971065530806902,0.9985627958600343,0.9969012932034395,0.0,0.0,0.0,0.0
exact_proxy_rank4_fp16,uniform_per_expert,745,745,39,32,0.9987386067708334,0.993602739997914,0.9976418139222445,0.9995388215044213,0.996992260939861,0.0,0.0,0.0,0.0
exact_proxy_rank4_fp32,pooled_exact_combined_moe_column_generated_local,729,1536,0,32,0.9987284342447916,0.9998902017350128,0.999990676553535,0.999998076111845,0.9999553547021189,1.9281517402192082e-05,0.00012244730869781506,0.0008001811623692185,0.000294909719330487
exact_proxy_rank4_fp32,pooled_exact_combined_moe_column_generated_local,729,1536,1,32,0.9987284342447916,0.9968989056153627,0.9985295592296255,0.999550256276804,0.9982292453633552,0.0005527366723733551,0.0015972020341423199,0.0033219657615293227,0.0017619407543718463
exact_proxy_rank4_fp32,pooled_exact_combined_moe_column_generated_local,729,1536,2,32,0.9987284342447916,0.9969147273822321,0.9985245765129578,0.9995204444752464,0.998285073655955,0.001210951166370411,0.003050402118912221,0.0050404497446594485,0.0031374343562096604
exact_proxy_rank4_fp32,pooled_exact_combined_moe_column_generated_local,729,1536,3,32,0.9987284342447916,0.9947990955801312,0.9977939989245974,0.9991699557975463,0.9972988665360305,0.0018057476657776794,0.0029403323972214124,0.005753904420247613,0.0034073149605176635
exact_proxy_rank4_fp32,pooled_exact_combined_moe_column_generated_local,729,1536,4,32,0.9987284342447916,0.9960323900430748,0.9981234429197183,0.9993108981713577,0.9979020657903287,0.0011049685057837432,0.0029636199105966265,0.005441726900572741,0.0030743120052619498
exact_proxy_rank4_fp32,pooled_exact_combined_moe_column_generated_local,729,1536,5,32,0.9987284342447916,0.9954797691260032,0.9973015274059711,0.9993563017250561,0.9971614948092823,0.0016819930542962048,0.002611981791514728,0.0044086586676456265,0.0028716602548375172
exact_proxy_rank4_fp32,pooled_exact_combined_moe_column_generated_local,729,1536,6,32,0.9987284342447916,0.9971406501174338,0.9985236944387594,0.9995202385413801,0.9980841474813484,0.0006379900297766028,0.002472039207196297,0.005436077441473532,0.0029714481670019763
exact_proxy_rank4_fp32,pooled_exact_combined_moe_column_generated_local,729,1536,7,32,0.9987284342447916,0.9949719914759896,0.9969937967420248,0.9987299076369036,0.9968314034704742,0.0007171209072005414,0.0019828045779959336,0.005990350936694867,0.002567298448043171
exact_proxy_rank4_fp32,pooled_exact_combined_moe_column_generated_local,729,1536,8,32,0.9987284342447916,0.9947940503569971,0.9972902183997718,0.9986479766523151,0.9969271828225797,0.0014477491988842295,0.002602966905756565,0.005336100555233691,0.003426389678361834
exact_proxy_rank4_fp32,pooled_exact_combined_moe_column_generated_local,729,1536,9,32,0.9987284342447916,0.9961586485718578,0.9978587485948449,0.9988054868387324,0.9975315822143097,0.0014060044278151218,0.002646075430679573,0.004308030536328733,0.0029623372931818076
exact_proxy_rank4_fp32,pooled_exact_combined_moe_column_generated_local,729,1536,10,32,0.9987284342447916,0.99528947883282,0.9975300775566658,0.9997063079299074,0.9973866006555121,0.0005016059526635197,0.0026785537260568537,0.005710783494056937,0.0027300939336557042
exact_proxy_rank4_fp32,pooled_exact_combined_moe_column_generated_local,729,1536,11,32,0.9987284342447916,0.9951461860499013,0.9977875631538924,0.9989403466917786,0.9972521619529726,0.0012824653852776425,0.002292176509530619,0.005634567523390433,0.0028167994576084043
exact_proxy_rank4_fp32,pooled_exact_combined_moe_column_generated_local,729,1536,12,32,0.9987284342447916,0.995406089041716,0.9979042609214792,0.999024130904178,0.9975204425648428,0.0006852269015964586,0.0029278408079678186,0.005968665805083717,0.0032335778859284084
exact_proxy_rank4_fp32,pooled_exact_combined_moe_column_generated_local,729,1536,13,32,0.9987284342447916,0.9953245607668016,0.9972150973092277,0.9991623596563185,0.997120119796812,0.0009707670393316215,0.0025997162353033065,0.005459364364144682,0.003040320615357226
exact_proxy_rank4_fp32,pooled_exact_combined_moe_column_generated_local,729,1536,14,32,0.9987284342447916,0.9940778902989815,0.9966103699517106,0.9987874458461254,0.9965808465207775,0.0004943398354703143,0.001536730656862606,0.002998911176654174,0.001700676064096688
exact_proxy_rank4_fp32,pooled_exact_combined_moe_column_generated_local,729,1536,15,32,0.9987284342447916,0.9934488965665189,0.9960120188303524,0.9990080157110357,0.9961251554312486,0.00047065432743624845,0.0024384593709567137,0.005938375921213235,0.0028470883674564414
exact_proxy_rank4_fp32,pooled_exact_combined_moe_column_generated_local,729,1536,16,32,0.9987284342447916,0.9956906676718157,0.9974771169254013,0.9995342017352152,0.9974902717440309,0.0011717306530756866,0.003004621031382826,0.005475132428110197,0.0032740727047993363
exact_proxy_rank4_fp32,pooled_exact_combined_moe_column_generated_local,729,1536,17,32,0.9987284342447916,0.994739840007706,0.99642605716347,0.9988465082131868,0.9966494254972097,0.0012646500147038386,0.003461285060665953,0.0067856303517843785,0.0037711317961168674
exact_proxy_rank4_fp32,pooled_exact_combined_moe_column_generated_local,729,1536,18,32,0.9987284342447916,0.993735015021484,0.9971748211743594,0.9993343553163507,0.9966711613818179,0.0007088887897400142,0.0023160429386633874,0.005064136766012861,0.002790989901171357
exact_proxy_rank4_fp32,pooled_exact_combined_moe_column_generated_local,729,1536,19,32,0.9987284342447916,0.993845149734307,0.9978054123718518,0.9992200686870222,0.9971768536055095,0.0007092471447662563,0.0021338733523186826,0.003786135188657436,0.002256999059493104
exact_proxy_rank4_fp32,pooled_exact_combined_moe_column_generated_local,729,1536,20,32,0.9987284342447916,0.99343327466755,0.9964889907214101,0.9992674733461439,0.9964905400450026,0.0009378225293224296,0.002231864182060561,0.004569543300143497,0.0024703345576598326
exact_proxy_rank4_fp32,pooled_exact_combined_moe_column_generated_local,729,1536,21,32,0.9987284342447916,0.9975842131817795,0.9988096775959683,0.9994654805980837,0.9985594023889723,0.0009281626635013085,0.003521068338154798,0.005410337845461289,0.0036030491317492613
exact_proxy_rank4_fp32,pooled_exact_combined_moe_column_generated_local,729,1536,22,32,0.9987284342447916,0.9944876043172373,0.9970214568277178,0.9987760016506096,0.9966237748217904,0.0005791908301001514,0.0022116685348360088,0.004466837069252606,0.002325323323926487
exact_proxy_rank4_fp32,pooled_exact_combined_moe_column_generated_local,729,1536,23,32,0.9987284342447916,0.9932929971332842,0.9971127046512229,0.9992758967113168,0.9967332623629788,0.000849019521626504,0.0020983713993051323,0.004044385351156355,0.002431490657099883
exact_proxy_rank4_fp32,pooled_exact_combined_moe_column_generated_local,729,1536,24,32,0.9987284342447916,0.9966500941856962,0.9980704387203669,0.9990652882340869,0.9978035776600935,0.0020944387408417197,0.0035992453093581234,0.007709259648688428,0.004465796888764136
exact_proxy_rank4_fp32,pooled_exact_combined_moe_column_generated_local,729,1536,25,32,0.9987284342447916,0.9939208496974697,0.9963119040744546,0.9991146804663124,0.9962218598351545,0.0010238883288545275,0.0032135189755458926,0.005768752850518688,0.00326610326881065
exact_proxy_rank4_fp32,pooled_exact_combined_moe_column_generated_local,729,1536,26,32,0.9987284342447916,0.9944908462781877,0.9968606867219652,0.9987577178368262,0.9969198687260239,0.0007679508637363885,0.0019039775050130325,0.004682507197198227,0.0025718518691797386
exact_proxy_rank4_fp32,pooled_exact_combined_moe_column_generated_local,729,1536,27,32,0.9987284342447916,0.9954466639634738,0.9971590233232959,0.9987851132234891,0.9971524265096866,0.0008336400233133978,0.00217851771828953,0.006937903148505099,0.0033567504843023503
exact_proxy_rank4_fp32,pooled_exact_combined_moe_column_generated_local,729,1536,28,32,0.9987284342447916,0.9947715115053761,0.9972687053561673,0.99879300916299,0.9970091108296631,0.0013264848195236544,0.003254247950437883,0.005485838819694633,0.003424443832678037
exact_proxy_rank4_fp32,pooled_exact_combined_moe_column_generated_local,729,1536,29,32,0.9987284342447916,0.9961228068242913,0.9977658098198393,0.998890209483088,0.9976644924905992,0.0007678775657247617,0.0020262981223015952,0.004740305513326227,0.002228900245885769
exact_proxy_rank4_fp32,pooled_exact_combined_moe_column_generated_local,729,1536,30,32,0.9987284342447916,0.9948394401242946,0.9970522409334506,0.99908747366357,0.9967837731534374,0.0007578401396923562,0.002202211078744909,0.003459010975096033,0.002293253862278251
exact_proxy_rank4_fp32,pooled_exact_combined_moe_column_generated_local,729,1536,31,32,0.9987284342447916,0.9966606210437442,0.9979563332299082,0.9987953118080894,0.9977102694056444,0.0008244179111197569,0.0020238904445007977,0.004501629915391815,0.0023887590616527496
exact_proxy_rank4_fp32,pooled_exact_combined_moe_column_generated_local,729,1536,32,32,0.9987284342447916,0.9949754340490666,0.9982753859368593,0.9990803435823904,0.997501631404587,0.0008545076972069742,0.0015713514837041864,0.0035204675000735327,0.001965096629819283
exact_proxy_rank4_fp32,pooled_exact_combined_moe_column_generated_local,729,1536,33,32,0.9987284342447916,0.9974761857128129,0.9988051771051163,0.9995481365329385,0.998525052166995,0.0006774605979208093,0.001956583743367768,0.003231651327277352,0.0019008432173087744
exact_proxy_rank4_fp32,pooled_exact_combined_moe_column_generated_local,729,1536,34,32,0.9987284342447916,0.9961436858091527,0.9981314442670581,0.9988431382868709,0.9978861115818309,0.0005870966489507912,0.0012333454370577202,0.0019310885439641659,0.00126707070170674
exact_proxy_rank4_fp32,pooled_exact_combined_moe_column_generated_local,729,1536,35,32,0.9987284342447916,0.9926965307243218,0.997146349336719,0.9987984172590464,0.9966045322212151,0.0009738482608108168,0.0015152249455944178,0.0026909236695893185,0.0018492279851896921
exact_proxy_rank4_fp32,pooled_exact_combined_moe_column_generated_local,729,1536,36,32,0.9987284342447916,0.9961053324368516,0.9973456789554345,0.9991030091966043,0.9973076371145218,0.000935330023905756,0.001387143900059562,0.0036490477698430507,0.0018785919998240766
exact_proxy_rank4_fp32,pooled_exact_combined_moe_column_generated_local,729,1536,37,32,0.9987284342447916,0.9952537972427999,0.9971703659829422,0.9990895396192073,0.9971528385469176,0.0006017529345691108,0.0013240991505670263,0.002413351231599326,0.0014279726736638465
exact_proxy_rank4_fp32,pooled_exact_combined_moe_column_generated_local,729,1536,38,32,0.9987284342447916,0.9975604537674417,0.9988509946656159,0.9995332479306064,0.9986836289628465,0.0006702668624797514,0.0017304670803358069,0.003793452740847415,0.0018322421847024317
exact_proxy_rank4_fp32,pooled_exact_combined_moe_column_generated_local,729,1536,39,32,0.9987284342447916,0.9961288363618007,0.9985505697642016,0.9996148829912629,0.9979725668397875,0.0001732633809655826,0.0007775906499870588,0.0022268617930102045,0.0010484875888785126
exact_proxy_rank4_fp32,pooled_exact_combined_moe_oracle,729,1536,0,32,0.9987284342447916,0.9998835020821503,0.9999901994465428,0.999997467062786,0.9999522547885213,1.908196613183977e-05,0.0001220834304758167,0.0007938013731283672,0.0002918098057329635
exact_proxy_rank4_fp32,pooled_exact_combined_moe_oracle,729,1536,1,32,0.9987284342447916,0.9967590705579714,0.9984644469490827,0.9995262377418418,0.998152645571889,0.00042131508721968694,0.0015481608436884176,0.0032248672465326816,0.0016853409629055925
exact_proxy_rank4_fp32,pooled_exact_combined_moe_oracle,729,1536,2,32,0.9987284342447916,0.9967591419962829,0.9984941743502388,0.9995084438184724,0.9982172951780041,0.0012035727088416715,0.0029691569580755917,0.004934377133726265,0.003069655878258769
exact_proxy_rank4_fp32,pooled_exact_combined_moe_oracle,729,1536,3,32,0.9987284342447916,0.9946320334759646,0.9976919086910733,0.9991378396111124,0.9971938244106522,0.001760631128341006,0.002858784987279983,0.00562733335489053,0.003302272835139272
exact_proxy_rank4_fp32,pooled_exact_combined_moe_oracle,729,1536,4,32,0.9987284342447916,0.9959634414805242,0.9980464588514142,0.9992783400603481,0.9978224742553057,0.0010159606161882495,0.0028115846658617327,0.005333926219609443,0.0029947204702390103
exact_proxy_rank4_fp32,pooled_exact_combined_moe_oracle,729,1536,5,32,0.9987284342447916,0.9952178785887131,0.9972273808201841,0.999337726930482,0.9970430683733592,0.0015911480199308104,0.0024556058602198116,0.004268484512386528,0.0027532338189144787
exact_proxy_rank4_fp32,pooled_exact_combined_moe_oracle,729,1536,6,32,0.9987284342447916,0.9971384690355257,0.9984360476508714,0.9994886217811043,0.9980015357265156,0.0006006626324556175,0.002310728970792708,0.005286656603233854,0.002888836412169138
exact_proxy_rank4_fp32,pooled_exact_combined_moe_oracle,729,1536,7,32,0.9987284342447916,0.99458132227767,0.9969111428571614,0.9986831502339929,0.9967116493501658,0.0006680065891169762,0.0018556213903130336,0.005770914273524708,0.0024475443277348734
exact_proxy_rank4_fp32,pooled_exact_combined_moe_oracle,729,1536,8,32,0.9987284342447916,0.9944842049059734,0.997233298108317,0.9985310649261363,0.996816118739337,0.0012643539209146958,0.0025182093106502768,0.005128836119756942,0.00331532559511908
exact_proxy_rank4_fp32,pooled_exact_combined_moe_oracle,729,1536,9,32,0.9987284342447916,0.9960276626923037,0.9978159047794384,0.9987533732383691,0.9974332824186414,0.0013071776351297193,0.002518550773193684,0.0042194532702054316,0.0028640374975134816
exact_proxy_rank4_fp32,pooled_exact_combined_moe_oracle,729,1536,10,32,0.9987284342447916,0.9951131682254849,0.9974401961483083,0.9996967435252665,0.997279668155302,0.00041143040256097496,0.002515757334742852,0.005638774600189778,0.0026231614334455665
exact_proxy_rank4_fp32,pooled_exact_combined_moe_oracle,729,1536,11,32,0.9987284342447916,0.9948650920996273,0.9977219183804553,0.9989048893086971,0.9971477531958642,0.0011773159988689441,0.0022015870568661278,0.005311461620857882,0.00271239070050008
exact_proxy_rank4_fp32,pooled_exact_combined_moe_oracle,729,1536,12,32,0.9987284342447916,0.9953480931969871,0.9978834571424118,0.9989866565354931,0.9974264430314201,0.0006347682092335049,0.002876845711797138,0.005858335990057762,0.0031395783525056536
exact_proxy_rank4_fp32,pooled_exact_combined_moe_oracle,729,1536,13,32,0.9987284342447916,0.9951723714649581,0.9970869009356031,0.9991331587586011,0.9970363541383584,0.0008133733456946346,0.0024551136432887644,0.005285410655031931,0.00295655495690373
exact_proxy_rank4_fp32,pooled_exact_combined_moe_oracle,729,1536,14,32,0.9987284342447916,0.9939826882119064,0.996498210497138,0.9987291786120506,0.9964629230475115,0.0004212840337996404,0.0013510005103657963,0.0029028584710100174,0.001582752590830655
exact_proxy_rank4_fp32,pooled_exact_combined_moe_oracle,729,1536,15,32,0.9987284342447916,0.9934515583402252,0.9958847915955009,0.9989262563371972,0.9959916452069613,0.0003989413802178321,0.0023581959159822974,0.00580197721663458,0.0027135781431690334
exact_proxy_rank4_fp32,pooled_exact_combined_moe_oracle,729,1536,16,32,0.9987284342447916,0.995519949969658,0.9973361364615774,0.9995129489260715,0.9973912489338912,0.0010982208786064819,0.0029484445599887166,0.005339500368214978,0.003175049894659599
exact_proxy_rank4_fp32,pooled_exact_combined_moe_oracle,729,1536,17,32,0.9987284342447916,0.9945741683600721,0.9963679664644305,0.9987886874709011,0.9965419814887078,0.0012112394353957722,0.003351216007057678,0.006765378669063573,0.0036636877876148125
exact_proxy_rank4_fp32,pooled_exact_combined_moe_oracle,729,1536,18,32,0.9987284342447916,0.9933878196292587,0.9970866076754238,0.9993013256413786,0.9965416396325204,0.0005999637856022866,0.0019115969944351607,0.005041311602827658,0.002661468151873861
exact_proxy_rank4_fp32,pooled_exact_combined_moe_oracle,729,1536,19,32,0.9987284342447916,0.9936637183901731,0.9976997238337405,0.9992054440880315,0.997068039856758,0.0006663089581568249,0.0020293347527071126,0.0035099946697625837,0.002148185310741485
exact_proxy_rank4_fp32,pooled_exact_combined_moe_oracle,729,1536,20,32,0.9987284342447916,0.9934726625885578,0.9963635484789655,0.9992138779980138,0.9963711307041176,0.0008943615783421288,0.0021824447256865165,0.004516842769502549,0.0023509252167748657
exact_proxy_rank4_fp32,pooled_exact_combined_moe_oracle,729,1536,21,32,0.9987284342447916,0.9974584113347789,0.9987840611944667,0.9994390627874576,0.9985120977384794,0.0009169013253633507,0.0034531798063501817,0.005392632406872545,0.003555744481256406
exact_proxy_rank4_fp32,pooled_exact_combined_moe_oracle,729,1536,22,32,0.9987284342447916,0.9943782849064763,0.9968940154128931,0.9987637763774366,0.9965024430692657,0.0004953466143868934,0.002161429338798704,0.004364540664150119,0.002203991571401772
exact_proxy_rank4_fp32,pooled_exact_combined_moe_oracle,729,1536,23,32,0.9987284342447916,0.9931058378267915,0.9970531180104506,0.9992542576678483,0.9966158099854215,0.0008129242592450959,0.002044762169456038,0.0038933604258992068,0.0023140382795425463
exact_proxy_rank4_fp32,pooled_exact_combined_moe_oracle,729,1536,24,32,0.9987284342447916,0.996493904145668,0.9979865353820365,0.9989979883706727,0.9977281247876499,0.002063290364115222,0.0035329125553815177,0.007700695455627639,0.00439034401632055
exact_proxy_rank4_fp32,pooled_exact_combined_moe_oracle,729,1536,25,32,0.9987284342447916,0.9935714281675464,0.9961934412261232,0.9990396531265229,0.9960917404705556,0.0009425357357330744,0.0030735656958110757,0.005623644683314222,0.0031359839042117664
exact_proxy_rank4_fp32,pooled_exact_combined_moe_oracle,729,1536,26,32,0.9987284342447916,0.9945214650527702,0.9967823520018009,0.9987117920159726,0.9968273361243194,0.0006338423460149457,0.001681567601712175,0.004600050804249989,0.0024793192674752197
exact_proxy_rank4_fp32,pooled_exact_combined_moe_oracle,729,1536,27,32,0.9987284342447916,0.9952498038772346,0.9970374042986074,0.9987551776642775,0.9970549847803716,0.0007641799825496732,0.002042988766675413,0.0067157953365995626,0.0032593087549873424
exact_proxy_rank4_fp32,pooled_exact_combined_moe_oracle,729,1536,28,32,0.9987284342447916,0.9945222438544016,0.9971315426575789,0.9987522844048214,0.996889595397773,0.0011476256040417465,0.0031338594393222063,0.005396410377174954,0.0033049284007878876
exact_proxy_rank4_fp32,pooled_exact_combined_moe_oracle,729,1536,29,32,0.9987284342447916,0.9959866737694165,0.997700019909226,0.998792617817248,0.9975814109720683,0.0006969597794664994,0.0019223900462715937,0.004638625447702695,0.0021458187273548403
exact_proxy_rank4_fp32,pooled_exact_combined_moe_oracle,729,1536,30,32,0.9987284342447916,0.994605039579482,0.9968922180466326,0.9990663982460402,0.9966591049144986,0.0006661501240564416,0.002035737577442076,0.003178225177167482,0.0021685856233393426
exact_proxy_rank4_fp32,pooled_exact_combined_moe_oracle,729,1536,31,32,0.9987284342447916,0.9965429049122458,0.9978812461692852,0.9987310256612585,0.9976300831403174,0.0007413345153740591,0.0019404434222793365,0.004474731805270162,0.0023085727963256947
exact_proxy_rank4_fp32,pooled_exact_combined_moe_oracle,729,1536,32,32,0.9987284342447916,0.9946775104647656,0.9981663973373256,0.999054151960314,0.997390732025776,0.0008047711339657759,0.0015040803104015565,0.0033789466194144918,0.0018541972510082022
exact_proxy_rank4_fp32,pooled_exact_combined_moe_oracle,729,1536,33,32,0.9987284342447916,0.9973389003640889,0.9987660123646334,0.9995086312138762,0.9984557659100916,0.0006224847304817649,0.001904867391804843,0.003212925106867948,0.0018315569604053124
exact_proxy_rank4_fp32,pooled_exact_combined_moe_oracle,729,1536,34,32,0.9987284342447916,0.9960549968609487,0.9980735951174485,0.9987832217686953,0.997806961188773,0.0004920089960914087,0.0011757177095441662,0.001891879839816946,0.0011879203086486503
exact_proxy_rank4_fp32,pooled_exact_combined_moe_oracle,729,1536,35,32,0.9987284342447916,0.9924014468833284,0.996998428764903,0.9987562723679687,0.996483472901989,0.0009322424885903735,0.0013665696235361513,0.002512968747930444,0.001728168665963474
exact_proxy_rank4_fp32,pooled_exact_combined_moe_oracle,729,1536,36,32,0.9987284342447916,0.9960225426768203,0.9972397278986853,0.9990627293810077,0.9972003430704364,0.0009057947317449133,0.0013170444085704447,0.003514473040706379,0.0017712979557388611
exact_proxy_rank4_fp32,pooled_exact_combined_moe_oracle,729,1536,37,32,0.9987284342447916,0.9949904460113629,0.99706486596955,0.9990662588342186,0.9970490971304564,0.0005612769232317793,0.0011896170300429443,0.002198633166437891,0.0013242312572026987
exact_proxy_rank4_fp32,pooled_exact_combined_moe_oracle,729,1536,38,32,0.9987284342447916,0.997393843927348,0.9987974612549988,0.9995134442871589,0.9986350938068377,0.0006580805723635841,0.0017203360524604694,0.003724660473192566,0.0017837070286935916
exact_proxy_rank4_fp32,pooled_exact_combined_moe_oracle,729,1536,39,32,0.9987284342447916,0.9959375136505707,0.998520291403442,0.9995985335426097,0.9978755086163374,0.00016632795360712604,0.0006607348107411926,0.00215251075413826,0.0009514293654284342
exact_proxy_rank4_fp32,pooled_router_square_column_generated,729,1536,0,32,0.9987284342447916,0.9998895507471931,0.9999905076146975,0.9999980703265418,0.9999549712449803,1.9142264762261886e-05,0.00012240720966011365,0.0007965516759854913,0.0002945262621919624
exact_proxy_rank4_fp32,pooled_router_square_column_generated,729,1536,1,32,0.9987284342447916,0.9968250640018042,0.9985184362442617,0.999540852689963,0.998195194471942,0.0005441703320431702,0.0015715571703284748,0.0032492930717163975,0.0017278898629586384
exact_proxy_rank4_fp32,pooled_router_square_column_generated,729,1536,2,32,0.9987284342447916,0.9968595567343884,0.9984878145837586,0.9995133912855411,0.9982625289665494,0.0011985589854216715,0.0029791686654408456,0.005035955425569573,0.003114889666804267
exact_proxy_rank4_fp32,pooled_router_square_column_generated,729,1536,3,32,0.9987284342447916,0.994656632929126,0.9977618984520974,0.999158477175895,0.997246546448172,0.0017499054146347891,0.0028750737576461183,0.005736737406696713,0.0033549948726591602
exact_proxy_rank4_fp32,pooled_router_square_column_generated,729,1536,4,32,0.9987284342447916,0.9960106174746004,0.9981204713867526,0.999293199130249,0.9978792558863053,0.001087892514983979,0.002913197038286963,0.005440078654839987,0.003051502101238567
exact_proxy_rank4_fp32,pooled_router_square_column_generated,729,1536,5,32,0.9987284342447916,0.9954432001369404,0.9972345493690117,0.9993490435265304,0.9970979242804687,0.0015744225919937626,0.002572966938500121,0.004313553921266744,0.002808089726023956
exact_proxy_rank4_fp32,pooled_router_square_column_generated,729,1536,6,32,0.9987284342447916,0.9970099538587899,0.9984886908355654,0.9995113404629284,0.9980421622542333,0.0006275392428347738,0.002437222330288813,0.005383830724795282,0.0029294629398867213
exact_proxy_rank4_fp32,pooled_router_square_column_generated,729,1536,7,32,0.9987284342447916,0.9946897810254384,0.9969345304718755,0.9986999185238431,0.9967806530733141,0.0006906097375550813,0.0019681194874300867,0.005918768286588883,0.0025165480508830447
exact_proxy_rank4_fp32,pooled_router_square_column_generated,729,1536,8,32,0.9987284342447916,0.9946147584757505,0.9972427008145895,0.9986287163956491,0.9968615750922019,0.0013989787961462107,0.002539666363439219,0.0052508354080041736,0.003360781947983879
exact_proxy_rank4_fp32,pooled_router_square_column_generated,729,1536,9,32,0.9987284342447916,0.9961340257906055,0.9978232986112785,0.9987540406324792,0.9974955821728642,0.0013997889384072537,0.0026188876518699056,0.004289574226339188,0.002926337251736237
exact_proxy_rank4_fp32,pooled_router_square_column_generated,729,1536,10,32,0.9987284342447916,0.9951618911848525,0.9974813823675026,0.9997055814380407,0.9973257146586421,0.000500879460796777,0.0026153622393759735,0.005660023891825139,0.0026692079367857738
exact_proxy_rank4_fp32,pooled_router_square_column_generated,729,1536,11,32,0.9987284342447916,0.9950561948436154,0.9977875631538924,0.9989352996901725,0.9971886124008724,0.001197066543862557,0.0022182877251147315,0.005546832757768361,0.0027532499055083204
exact_proxy_rank4_fp32,pooled_router_square_column_generated,729,1536,12,32,0.9987284342447916,0.9954046344456863,0.9979042609214792,0.9990023319315653,0.9974859416055348,0.000646965144474887,0.0029058648157822,0.005900840047218259,0.003199076926620338
exact_proxy_rank4_fp32,pooled_router_square_column_generated,729,1536,13,32,0.9987284342447916,0.9952777564182018,0.997105667539083,0.9991593693700908,0.9970512978762245,0.0008039059932601456,0.002431108238972357,0.005424803064100837,0.002971498694769724
exact_proxy_rank4_fp32,pooled_router_square_column_generated,729,1536,14,32,0.9987284342447916,0.9939173503753939,0.9965794191006709,0.9987521746044132,0.9965231477694276,0.00039083233345192924,0.001513069733736161,0.002993430160654487,0.0016429773127467143
exact_proxy_rank4_fp32,pooled_router_square_column_generated,729,1536,15,32,0.9987284342447916,0.993425674398158,0.995934749689903,0.9990022344478842,0.9960557498819838,0.0003475888257459592,0.0022769517038789266,0.005900515946931007,0.0027776828181916118
exact_proxy_rank4_fp32,pooled_router_square_column_generated,729,1536,16,32,0.9987284342447916,0.9956074905950751,0.9974198796678739,0.9995266110012782,0.9974507658678122,0.0011711161648755852,0.0029846971709563963,0.005449096919581309,0.003234566828580563
exact_proxy_rank4_fp32,pooled_router_square_column_generated,729,1536,17,32,0.9987284342447916,0.9946221469387985,0.9963731227992703,0.998838450309959,0.9965821986383352,0.0012412951683469342,0.0033802079404020025,0.006639048325412456,0.003703904937242205
exact_proxy_rank4_fp32,pooled_router_square_column_generated,729,1536,18,32,0.9987284342447916,0.9935816312588814,0.9971432951079299,0.9993341342687726,0.9966213736677664,0.0007088887897400142,0.0022441134366141813,0.005064136766012861,0.002741202187119811
exact_proxy_rank4_fp32,pooled_router_square_column_generated,729,1536,19,32,0.9987284342447916,0.9938379692248077,0.9977693396683286,0.9992082061328703,0.9971265455351743,0.0006981802769905788,0.0020683851691165045,0.003666947262518605,0.0022066909891579056
exact_proxy_rank4_fp32,pooled_router_square_column_generated,729,1536,20,32,0.9987284342447916,0.9932630073696735,0.996403656145433,0.9992405718012077,0.9964092764445176,0.0009186767081290848,0.0021902346206929546,0.004554585312944804,0.0023890709571749193
exact_proxy_rank4_fp32,pooled_router_square_column_generated,729,1536,21,32,0.9987284342447916,0.9974971122874721,0.9987843810265948,0.999453958441881,0.9985314665377594,0.0009214895207645846,0.0034869170785971626,0.005398792251102325,0.003575113280536342
exact_proxy_rank4_fp32,pooled_router_square_column_generated,729,1536,22,32,0.9987284342447916,0.9942867680569591,0.9969715246524021,0.9987553656769306,0.9965804368750368,0.000493187175210319,0.0022054684457936125,0.004264932784485609,0.0022819853771728245
exact_proxy_rank4_fp32,pooled_router_square_column_generated,729,1536,23,32,0.9987284342447916,0.9932706334490047,0.9970193003999027,0.9992570201484444,0.9966515149079301,0.000809756395887018,0.00200371361620294,0.00393899252281762,0.002349743202051148
exact_proxy_rank4_fp32,pooled_router_square_column_generated,729,1536,24,32,0.9987284342447916,0.9965914013292495,0.9980317522642206,0.9990397540633467,0.9977645319083279,0.00209327722889302,0.003553126452920663,0.007697928198040784,0.004426751136998586
exact_proxy_rank4_fp32,pooled_router_square_column_generated,729,1536,25,32,0.9987284342447916,0.993608539433381,0.9962797154048934,0.9991076727001624,0.9961514591053947,0.0009689623611235487,0.0031703311689497693,0.005663092518599644,0.003195702539050785
exact_proxy_rank4_fp32,pooled_router_square_column_generated,729,1536,26,32,0.9987284342447916,0.9944480274075543,0.9968437917730832,0.9987444630072876,0.9968626378750367,0.0007142958534530508,0.0018330879760716234,0.004663421566377191,0.002514621018192463
exact_proxy_rank4_fp32,pooled_router_square_column_generated,729,1536,27,32,0.9987284342447916,0.9952721255246109,0.9971576376739384,0.998758586548976,0.9971017560886628,0.0007604622539488127,0.0021339950296846433,0.006937903148505099,0.0033060800632786873
exact_proxy_rank4_fp32,pooled_router_square_column_generated,729,1536,28,32,0.9987284342447916,0.994695916192315,0.9972463965054639,0.99879300916299,0.9969636374479687,0.0013182106385919879,0.003184471777456177,0.005474999230185574,0.003378970450983572
exact_proxy_rank4_fp32,pooled_router_square_column_generated,729,1536,29,32,0.9987284342447916,0.9959677309467283,0.9977387972447009,0.9988522974770269,0.9976188558842005,0.0007571262007300738,0.0019059658718376116,0.004695855214092671,0.0021832636394870444
exact_proxy_rank4_fp32,pooled_router_square_column_generated,729,1536,30,32,0.9987284342447916,0.9947213791523426,0.9970322016116222,0.9990629901343367,0.9967316012340057,0.0006889386347782245,0.0021629092338577016,0.0033051999293316815,0.0022410819428465394
exact_proxy_rank4_fp32,pooled_router_square_column_generated,729,1536,31,32,0.9987284342447916,0.996576214494148,0.9978698038473223,0.9987634944065661,0.9976634986632587,0.0007592225870612923,0.001973716408326498,0.004495071322904533,0.002341988319266873
exact_proxy_rank4_fp32,pooled_router_square_column_generated,729,1536,32,32,0.9987284342447916,0.9948928214140786,0.9982552576104398,0.9990457046218171,0.9974555810571317,0.0008536578102839365,0.0015433948961627308,0.0035025369924763135,0.0019190462823639141
exact_proxy_rank4_fp32,pooled_router_square_column_generated,729,1536,33,32,0.9987284342447916,0.997349802021503,0.9987776524433789,0.9995247358354743,0.9984968595799606,0.0006467667724842086,0.0019464591598251646,0.0032286903974661388,0.0018726506302743536
exact_proxy_rank4_fp32,pooled_router_square_column_generated,729,1536,34,32,0.9987284342447916,0.9961341659236639,0.9981181193510408,0.9988226108333402,0.9978531240581078,0.0005484318743830596,0.0012278795200150183,0.001922145912329432,0.0012340831779836109
exact_proxy_rank4_fp32,pooled_router_square_column_generated,729,1536,35,32,0.9987284342447916,0.9926037062163526,0.9970907456344134,0.9987492731609673,0.9965355725242182,0.0009398685441762255,0.0014193834637213354,0.002619375024048332,0.0017802682881927004
exact_proxy_rank4_fp32,pooled_router_square_column_generated,729,1536,36,32,0.9987284342447916,0.996089228571957,0.9972897123948327,0.9990978804039402,0.9972529907636545,0.0008810635980506909,0.0013574237316286153,0.0036279836208589883,0.0018239456489569233
exact_proxy_rank4_fp32,pooled_router_square_column_generated,729,1536,37,32,0.9987284342447916,0.9951442649256269,0.9970911948960884,0.9990873104497606,0.9971059198922647,0.0005855653784870407,0.0012788981575640457,0.0023789966661235677,0.0013810540190109764
exact_proxy_rank4_fp32,pooled_router_square_column_generated,729,1536,38,32,0.9987284342447916,0.9974980733969719,0.9988395101250966,0.9995095671435748,0.9986566468677445,0.0006636577860554716,0.001722637237671798,0.003772423217433875,0.0018052600896003752
exact_proxy_rank4_fp32,pooled_router_square_column_generated,729,1536,39,32,0.9987284342447916,0.9960960206877256,0.9985169635745113,0.9996111541200888,0.9979328718780889,0.00016980805969745162,0.0006922613441100456,0.002209556387071044,0.0010087926271797713
exact_proxy_rank4_fp32,pooled_router_square_compressed,729,1536,0,32,0.9987284342447916,0.9998832340902476,0.999990118074441,0.9999974318085211,0.9999519639245659,1.8499079252398688e-05,0.0001220834304758167,0.0007913894460046428,0.000291518941777473
exact_proxy_rank4_fp32,pooled_router_square_compressed,729,1536,1,32,0.9987284342447916,0.996755637233043,0.9984435002310428,0.99952472686795,0.9981308357850126,0.000417106027566172,0.001533310279377753,0.0032201153702487,0.0016635311760292287
exact_proxy_rank4_fp32,pooled_router_square_compressed,729,1536,2,32,0.9987284342447916,0.9967053333648331,0.9984495751517355,0.9995028221841271,0.9981942929045726,0.0011758866363319465,0.002915826729648907,0.004930651511375406,0.003046653604827334
exact_proxy_rank4_fp32,pooled_router_square_compressed,729,1536,3,32,0.9987284342447916,0.9944957069660247,0.9976784101319878,0.9991340090008536,0.9971500261988451,0.0016336675765943442,0.002841450435382087,0.00562463364307343,0.003258474623332213
exact_proxy_rank4_fp32,pooled_router_square_compressed,729,1536,4,32,0.9987284342447916,0.9958721028442342,0.9979795198068653,0.9992701439774513,0.9978008909482871,0.0009983283204485717,0.00279942329803079,0.0053249015573913604,0.0029731371632203095
exact_proxy_rank4_fp32,pooled_router_square_compressed,729,1536,5,32,0.9987284342447916,0.9951132244319089,0.9971407847506109,0.9993335750121818,0.9969924156972894,0.0014735720461202973,0.002423807108899223,0.004232485937747488,0.0027025811428446345
exact_proxy_rank4_fp32,pooled_router_square_compressed,729,1536,6,32,0.9987284342447916,0.9970484708282281,0.9984318965918573,0.9994848806905198,0.9979795399879856,0.0005933120164172579,0.002310728970792708,0.005283453545969121,0.0028668406736390324
exact_proxy_rank4_fp32,pooled_router_square_compressed,729,1536,7,32,0.9987284342447916,0.99458132227767,0.9968225047579953,0.9986621649368219,0.9966583836699656,0.0006680065891169762,0.0017087852769891998,0.0057437475818378665,0.002394278647534668
exact_proxy_rank4_fp32,pooled_router_square_compressed,729,1536,8,32,0.9987284342447916,0.9944842049059734,0.9971514406233707,0.9985100793366848,0.9967727697906567,0.0012168328673503148,0.002487953138479937,0.005125822023792226,0.0032719766464387283
exact_proxy_rank4_fp32,pooled_router_square_compressed,729,1536,9,32,0.9987284342447916,0.995989887781319,0.997794957294565,0.9987533732383691,0.9974056173493143,0.001302992885852916,0.002518550773193684,0.004191715228394089,0.002836372428186403
exact_proxy_rank4_fp32,pooled_router_square_compressed,729,1536,10,32,0.9987284342447916,0.9949810516943465,0.9973664539869398,0.9996939563093911,0.9972391787461485,0.0003401499715313783,0.0024428928241652104,0.005623863043644728,0.002582672024292257
exact_proxy_rank4_fp32,pooled_router_square_compressed,729,1536,11,32,0.9987284342447916,0.9947031303256374,0.9976812983070671,0.9989048893086971,0.9970981938347434,0.0009854283984432333,0.002113660142421925,0.005247520104991,0.002662831339379189
exact_proxy_rank4_fp32,pooled_router_square_compressed,729,1536,12,32,0.9987284342447916,0.9952988828002216,0.9978138410428921,0.9989856567384229,0.9973937315936279,0.0006333598106950556,0.0028763749857315113,0.005842209442723046,0.003106866914713468
exact_proxy_rank4_fp32,pooled_router_square_compressed,729,1536,13,32,0.9987284342447916,0.9950461178638642,0.9970306834412133,0.999129252368194,0.9969985494845321,0.0007771738854932097,0.0023928423301208257,0.005279539449681482,0.002918750303077415
exact_proxy_rank4_fp32,pooled_router_square_compressed,729,1536,14,32,0.9987284342447916,0.9937085842694352,0.9964828892425542,0.9987251747849522,0.9963900717120768,0.00034644692767924477,0.0012880461325052717,0.002851668896124471,0.0015099012553959068
exact_proxy_rank4_fp32,pooled_router_square_compressed,729,1536,15,32,0.9987284342447916,0.9934108366130595,0.9958631237973345,0.9989123925146113,0.9959169516809083,0.0002756032702016409,0.002173653415172838,0.005790713728522335,0.002638884617116078
exact_proxy_rank4_fp32,pooled_router_square_compressed,729,1536,16,32,0.9987284342447916,0.9954390447821616,0.9973236298199735,0.9994995130665482,0.9973549067224237,0.00109693592945318,0.0029110409950736105,0.005291037618556893,0.0031387076831921185
exact_proxy_rank4_fp32,pooled_router_square_compressed,729,1536,17,32,0.9987284342447916,0.9944257909779914,0.996287997544471,0.9987510522533182,0.9964908166445388,0.001166599705446969,0.0032369165095477714,0.006629936896762336,0.0036125229434458596
exact_proxy_rank4_fp32,pooled_router_square_compressed,729,1536,18,32,0.9987284342447916,0.9933855030500497,0.9970866076754238,0.9993013256413786,0.9965021827833034,0.0005910417169841753,0.0018790514414218085,0.004994230723650195,0.0026220113026567127
exact_proxy_rank4_fp32,pooled_router_square_compressed,729,1536,19,32,0.9987284342447916,0.9934405786121787,0.9976817622434215,0.9992037742203893,0.9970163569121737,0.0005992458839969905,0.0020025461033911784,0.0034377883054512504,0.0020965023661573233
exact_proxy_rank4_fp32,pooled_router_square_compressed,729,1536,20,32,0.9987284342447916,0.9929681012474035,0.9962342348279789,0.999212668751981,0.9962967493055281,0.0008943615783421288,0.0020597198330435385,0.004487356274351595,0.0022765438181853517
exact_proxy_rank4_fp32,pooled_router_square_compressed,729,1536,21,32,0.9987284342447916,0.9973913214201425,0.998754809734927,0.9994339718319142,0.9984978189289242,0.0009161092558999662,0.0034531798063501817,0.00538001084968629,0.0035414656717010842
exact_proxy_rank4_fp32,pooled_router_square_compressed,729,1536,22,32,0.9987284342447916,0.9941583889747564,0.9968469498801951,0.9986893719189164,0.9964457484563098,0.0004100486461286912,0.002046587306974823,0.004157432894369462,0.0021472969584457463
exact_proxy_rank4_fp32,pooled_router_square_compressed,729,1536,23,32,0.9987284342447916,0.9930870285246745,0.9969554804125522,0.9992465068420718,0.9965526968028292,0.0007934016430384494,0.0019097259555700963,0.003724076706846147,0.0022509250969502403
exact_proxy_rank4_fp32,pooled_router_square_compressed,729,1536,24,32,0.9987284342447916,0.9964728802450837,0.9979736898426727,0.9989666228707157,0.9976918990034853,0.0020580930993880807,0.0034651929500318923,0.007684287183443574,0.004354118232155847
exact_proxy_rank4_fp32,pooled_router_square_compressed,729,1536,25,32,0.9987284342447916,0.9934513915378369,0.9960929749615013,0.9990209445800894,0.9960235141056238,0.0009346272080728469,0.0030074520914866176,0.005594893283433511,0.0030677575392799375
exact_proxy_rank4_fp32,pooled_router_square_compressed,729,1536,26,32,0.9987284342447916,0.9943265488879676,0.9967455378130725,0.9986974755717408,0.9967558261000583,0.0006049679075451842,0.0016585028410902591,0.004590696850269838,0.0024078092432141714
exact_proxy_rank4_fp32,pooled_router_square_compressed,729,1536,27,32,0.9987284342447916,0.9950982679437846,0.9970167799924787,0.998751554101635,0.9970064691954871,0.0006692851746708639,0.0020104136458453103,0.006714896438817065,0.0032107931701028936
exact_proxy_rank4_fp32,pooled_router_square_compressed,729,1536,28,32,0.9987284342447916,0.994444845001879,0.9970776888580031,0.9987522844048214,0.9968443947013195,0.0011227158656149205,0.0030672006604492985,0.005396410377174954,0.003259727704334435
exact_proxy_rank4_fp32,pooled_router_square_compressed,729,1536,29,32,0.9987284342447916,0.9958641079520255,0.9976393286691722,0.9987851420233006,0.9975373129553055,0.0006882447539426573,0.001770810363144082,0.004637126955182848,0.002101720710592017
exact_proxy_rank4_fp32,pooled_router_square_compressed,729,1536,30,32,0.9987284342447916,0.9945409750609874,0.996873862695095,0.9990503642005688,0.9966262719702694,0.0006558799426889195,0.0020322980555401715,0.003153255220935203,0.0021357526791102935
exact_proxy_rank4_fp32,pooled_router_square_compressed,729,1536,31,32,0.9987284342447916,0.9965362129356831,0.9978812461692852,0.9987125462039803,0.9975956315454981,0.0006957115517986278,0.0018976019729234905,0.004469537312217822,0.0022741212015063225
exact_proxy_rank4_fp32,pooled_router_square_compressed,729,1536,32,32,0.9987284342447916,0.9946775104647656,0.9981663973373256,0.9990100336806028,0.9973690474874283,0.0007975387545578139,0.001483208151816351,0.0033772360296620346,0.0018325127126604876
exact_proxy_rank4_fp32,pooled_router_square_compressed,729,1536,33,32,0.9987284342447916,0.9972308452297994,0.9987477722789969,0.9995008724101365,0.9984336031098993,0.0006126238536281137,0.001904867391804843,0.0032083064533639074,0.0018093941602129945
exact_proxy_rank4_fp32,pooled_router_square_compressed,729,1536,34,32,0.9987284342447916,0.996053061777024,0.9980551215860658,0.9987696782305114,0.9977750280906235,0.00044389244410560915,0.001147556878332845,0.0018672539184311113,0.0011559872104992437
exact_proxy_rank4_fp32,pooled_router_square_compressed,729,1536,35,32,0.9987284342447916,0.9924014373585387,0.9969980053372558,0.9987058025166489,0.9964269511617472,0.0008775466906578488,0.0012928408250610923,0.0024189973256243946,0.0016716469257216926
exact_proxy_rank4_fp32,pooled_router_square_compressed,729,1536,36,32,0.9987284342447916,0.995959330353366,0.9971546912577747,0.9990532813218941,0.9971598303480108,0.0007091149361355797,0.0012993447105323352,0.0034947870813887066,0.0017307852333131764
exact_proxy_rank4_fp32,pooled_router_square_compressed,729,1536,37,32,0.9987284342447916,0.9949830691336295,0.9969509966594017,0.9990662588342186,0.9969884458694657,0.0005612603982147024,0.0011100870997338141,0.002132744592806135,0.0012635799962119158
exact_proxy_rank4_fp32,pooled_router_square_compressed,729,1536,38,32,0.9987284342447916,0.9972808436488958,0.9987974612549988,0.999499959689189,0.99861040812561,0.0006575495815432375,0.0017074048767324879,0.0037091720296951194,0.001759021347465889
exact_proxy_rank4_fp32,pooled_router_square_compressed,729,1536,39,32,0.9987284342447916,0.9958806296358463,0.9984960178926368,0.9995953970186089,0.9978467304049778,0.0001610525422881648,0.0006100323172921751,0.002137759396386375,0.0009226511540688966
exact_proxy_rank4_fp32,uniform_per_expert,729,729,0,32,0.9987284342447916,0.9991033419607275,0.999868251683895,0.9999738510724822,0.9996604449827884,0.0,0.0,0.0,0.0
exact_proxy_rank4_fp32,uniform_per_expert,729,729,1,32,0.9987284342447916,0.9932514339323923,0.9968809504078504,0.9989856938609178,0.9964673046089834,0.0,0.0,0.0,0.0
exact_proxy_rank4_fp32,uniform_per_expert,729,729,2,32,0.9987284342447916,0.9928268587805611,0.995439426655775,0.9974696580159871,0.9951476392997453,0.0,0.0,0.0,0.0
exact_proxy_rank4_fp32,uniform_per_expert,729,729,3,32,0.9987284342447916,0.9907819935446095,0.9938671636315208,0.9966752345809723,0.9938915515755129,0.0,0.0,0.0,0.0
exact_proxy_rank4_fp32,uniform_per_expert,729,729,4,32,0.9987284342447916,0.9912287099828683,0.9947831384138723,0.9975659624567255,0.9948277537850668,0.0,0.0,0.0,0.0
exact_proxy_rank4_fp32,uniform_per_expert,729,729,5,32,0.9987284342447916,0.9919304550471458,0.9939990800500538,0.9971302295311056,0.9942898345544448,0.0,0.0,0.0,0.0
exact_proxy_rank4_fp32,uniform_per_expert,729,729,6,32,0.9987284342447916,0.9915339701074127,0.995465765417841,0.998828023594354,0.9951126993143464,0.0,0.0,0.0,0.0
exact_proxy_rank4_fp32,uniform_per_expert,729,729,7,32,0.9987284342447916,0.9906653193749655,0.9942945152567879,0.9972071325434543,0.994264105022431,0.0,0.0,0.0,0.0
exact_proxy_rank4_fp32,uniform_per_expert,729,729,8,32,0.9987284342447916,0.9899131239082027,0.9940825021413512,0.9966442332440502,0.9935007931442179,0.0,0.0,0.0,0.0
exact_proxy_rank4_fp32,uniform_per_expert,729,729,9,32,0.9987284342447916,0.9927136109630045,0.9951530198175573,0.9966747623350872,0.9945692449211279,0.0,0.0,0.0,0.0
exact_proxy_rank4_fp32,uniform_per_expert,729,729,10,32,0.9987284342447916,0.9907732699596672,0.9941519263305407,0.9982623124446771,0.9946565067218563,0.0,0.0,0.0,0.0
exact_proxy_rank4_fp32,uniform_per_expert,729,729,11,32,0.9987284342447916,0.9899684184804919,0.9954130634249658,0.9972936518313184,0.9944353624953641,0.0,0.0,0.0,0.0
exact_proxy_rank4_fp32,uniform_per_expert,729,729,12,32,0.9987284342447916,0.9905243169547976,0.9943758407286442,0.9976022704338534,0.9942868646789145,0.0,0.0,0.0,0.0
exact_proxy_rank4_fp32,uniform_per_expert,729,729,13,32,0.9987284342447916,0.989962809718685,0.9939394428163673,0.9974531763077168,0.9940797991814547,0.0,0.0,0.0,0.0
exact_proxy_rank4_fp32,uniform_per_expert,729,729,14,32,0.9987284342447916,0.9914897607668288,0.995241326076511,0.997834522955005,0.9948801704566808,0.0,0.0,0.0,0.0
exact_proxy_rank4_fp32,uniform_per_expert,729,729,15,32,0.9987284342447916,0.9896198522979822,0.993460217550122,0.9975488066521638,0.9932780670637922,0.0,0.0,0.0,0.0
exact_proxy_rank4_fp32,uniform_per_expert,729,729,16,32,0.9987284342447916,0.9912787283986193,0.9939084880224371,0.9980745594508018,0.9942161990392315,0.0,0.0,0.0,0.0
exact_proxy_rank4_fp32,uniform_per_expert,729,729,17,32,0.9987284342447916,0.9891517498570226,0.9928374128105003,0.9975452561168922,0.9928782937010929,0.0,0.0,0.0,0.0
exact_proxy_rank4_fp32,uniform_per_expert,729,729,18,32,0.9987284342447916,0.99011300115581,0.9937724138481655,0.9984430246315157,0.9938801714806467,0.0,0.0,0.0,0.0
exact_proxy_rank4_fp32,uniform_per_expert,729,729,19,32,0.9987284342447916,0.990707446869924,0.9956879202758475,0.9982787274299257,0.9949198545460164,0.0,0.0,0.0,0.0
exact_proxy_rank4_fp32,uniform_per_expert,729,729,20,32,0.9987284342447916,0.9902872443728087,0.994403844276673,0.9980710649829794,0.9940202054873428,0.0,0.0,0.0,0.0
exact_proxy_rank4_fp32,uniform_per_expert,729,729,21,32,0.9987284342447916,0.9912701218307161,0.9951950310331285,0.9979233054798727,0.994956353257223,0.0,0.0,0.0,0.0
exact_proxy_rank4_fp32,uniform_per_expert,729,729,22,32,0.9987284342447916,0.9899807324181857,0.9945523081682728,0.9981855151853171,0.994298451497864,0.0,0.0,0.0,0.0
exact_proxy_rank4_fp32,uniform_per_expert,729,729,23,32,0.9987284342447916,0.9901428763639859,0.994566689329002,0.9983632944899552,0.994301771705879,0.0,0.0,0.0,0.0
exact_proxy_rank4_fp32,uniform_per_expert,729,729,24,32,0.9987284342447916,0.9900221597376472,0.99357869634635,0.9958557357336354,0.9933377807713294,0.0,0.0,0.0,0.0
exact_proxy_rank4_fp32,uniform_per_expert,729,729,25,32,0.9987284342447916,0.9890869766875913,0.99332171597232,0.9976655324474458,0.9929557565663438,0.0,0.0,0.0,0.0
exact_proxy_rank4_fp32,uniform_per_expert,729,729,26,32,0.9987284342447916,0.9913332626232415,0.9942198491028624,0.9977451084732429,0.9943480168568442,0.0,0.0,0.0,0.0
exact_proxy_rank4_fp32,uniform_per_expert,729,729,27,32,0.9987284342447916,0.9889550421972495,0.9944700726354235,0.9967269409895089,0.9937956760253842,0.0,0.0,0.0,0.0
exact_proxy_rank4_fp32,uniform_per_expert,729,729,28,32,0.9987284342447916,0.9906477489734071,0.9932915228218033,0.9965108395691082,0.9935846669969851,0.0,0.0,0.0,0.0
exact_proxy_rank4_fp32,uniform_per_expert,729,729,29,32,0.9987284342447916,0.992682994447268,0.9955252250122788,0.9980947097270819,0.9954355922447136,0.0,0.0,0.0,0.0
exact_proxy_rank4_fp32,uniform_per_expert,729,729,30,32,0.9987284342447916,0.9919510333103327,0.9947240242143807,0.9974548227878287,0.9944905192911591,0.0,0.0,0.0,0.0
exact_proxy_rank4_fp32,uniform_per_expert,729,729,31,32,0.9987284342447916,0.9926562899579334,0.9956392428400532,0.9972586818733401,0.9953215103439917,0.0,0.0,0.0,0.0
exact_proxy_rank4_fp32,uniform_per_expert,729,729,32,32,0.9987284342447916,0.9920910073888247,0.9966786811618924,0.9981156491553369,0.9955365347747678,0.0,0.0,0.0,0.0
exact_proxy_rank4_fp32,uniform_per_expert,729,729,33,32,0.9987284342447916,0.9941283215726117,0.9970028390766055,0.9989382973252297,0.9966242089496863,0.0,0.0,0.0,0.0
exact_proxy_rank4_fp32,uniform_per_expert,729,729,34,32,0.9987284342447916,0.9950462818020567,0.9969255722491834,0.9980538248892893,0.9966190408801243,0.0,0.0,0.0,0.0
exact_proxy_rank4_fp32,uniform_per_expert,729,729,35,32,0.9987284342447916,0.9905677248143234,0.9952965716968156,0.9977194182039133,0.9947553042360255,0.0,0.0,0.0,0.0
exact_proxy_rank4_fp32,uniform_per_expert,729,729,36,32,0.9987284342447916,0.9927554962239039,0.9952454865671958,0.9981113258925811,0.9954290451146977,0.0,0.0,0.0,0.0
exact_proxy_rank4_fp32,uniform_per_expert,729,729,37,32,0.9987284342447916,0.9930749035198074,0.995972656995745,0.9982147800987423,0.9957248658732537,0.0,0.0,0.0,0.0
exact_proxy_rank4_fp32,uniform_per_expert,729,729,38,32,0.9987284342447916,0.9947197834093611,0.9970830507456446,0.9985290111303958,0.996851386778144,0.0,0.0,0.0,0.0
exact_proxy_rank4_fp32,uniform_per_expert,729,729,39,32,0.9987284342447916,0.9935852152508661,0.9975304280996549,0.9995268779893057,0.996924079250909,0.0,0.0,0.0,0.0
exact_proxy_rank4_int4_per_row_hadamard,pooled_exact_combined_moe_column_generated_local,753,1536,0,32,0.9987386067708334,0.999917426022548,0.9999949599197275,0.9999990692530466,0.9999677734100798,1.7708103655800222e-05,0.0001195305921543044,0.0006553550415404846,0.0002574881103383289
exact_proxy_rank4_int4_per_row_hadamard,pooled_exact_combined_moe_column_generated_local,753,1536,1,32,0.9987386067708334,0.9973759857698326,0.9987538249852703,0.9995918343852134,0.9984572759259488,0.0004963241770831517,0.0014011950154692587,0.0029785374227642826,0.0015766620957046555
exact_proxy_rank4_int4_per_row_hadamard,pooled_exact_combined_moe_column_generated_local,753,1536,2,32,0.9987386067708334,0.9973364808384902,0.9987027419504879,0.999580585595543,0.9985000589464822,0.0010659418788511732,0.002760578123054025,0.00487626045298667,0.002893687654474116
exact_proxy_rank4_int4_per_row_hadamard,pooled_exact_combined_moe_column_generated_local,753,1536,3,32,0.9987386067708334,0.9954715597796622,0.9980093402141976,0.9992542899679835,0.9976112031126386,0.0014221686998073912,0.002842622317716592,0.005485656138458495,0.0031581735361593324
exact_proxy_rank4_int4_per_row_hadamard,pooled_exact_combined_moe_column_generated_local,753,1536,4,32,0.9987386067708334,0.9965466813007304,0.9983627305961307,0.9994039265895983,0.998162951890853,0.0010524606996102914,0.0027134926925969083,0.005126008302594632,0.0028381554930959098
exact_proxy_rank4_int4_per_row_hadamard,pooled_exact_combined_moe_column_generated_local,753,1536,5,32,0.9987386067708334,0.99600049729037,0.9976148456746591,0.9994272713590926,0.997510937422664,0.001587992648271208,0.0025629189998128132,0.00406181417798982,0.0026685012189676637
exact_proxy_rank4_int4_per_row_hadamard,pooled_exact_combined_moe_column_generated_local,753,1536,6,32,0.9987386067708334,0.9975196202224763,0.9986949275936194,0.9995718153008464,0.9983139360373886,0.0005620279409288998,0.0022784032627841677,0.005171822827800245,0.002758486350002396
exact_proxy_rank4_int4_per_row_hadamard,pooled_exact_combined_moe_column_generated_local,753,1536,7,32,0.9987386067708334,0.995442918523268,0.9973959931769876,0.9988608741161831,0.997228386701547,0.0006951397871650777,0.0017673501961863458,0.0052286518572329365,0.0023272471351841115
exact_proxy_rank4_int4_per_row_hadamard,pooled_exact_combined_moe_column_generated_local,753,1536,8,32,0.9987386067708334,0.9953373830003134,0.9976087407551105,0.9987650554075314,0.9973010514288441,0.0014009924378704853,0.002449370827430297,0.004864360282810077,0.003148878222802607
exact_proxy_rank4_int4_per_row_hadamard,pooled_exact_combined_moe_column_generated_local,753,1536,9,32,0.9987386067708334,0.9967749099644141,0.9981679154613616,0.9989654464482378,0.9978410897214633,0.0013695712877927813,0.002544615455110033,0.004442358532272317,0.0027463882035522226
exact_proxy_rank4_int4_per_row_hadamard,pooled_exact_combined_moe_column_generated_local,753,1536,10,32,0.9987386067708334,0.9957749350033557,0.9978535086505138,0.9997436413855814,0.9976993804934753,0.0005476719726123736,0.002436516979756942,0.0052603589478438465,0.002489428837916797
exact_proxy_rank4_int4_per_row_hadamard,pooled_exact_combined_moe_column_generated_local,753,1536,11,32,0.9987386067708334,0.9958633589349634,0.9980311058447525,0.9990696042428625,0.9975879998629621,0.0011456778175429228,0.001979018578819547,0.0053529079327932945,0.002575601011391558
exact_proxy_rank4_int4_per_row_hadamard,pooled_exact_combined_moe_column_generated_local,753,1536,12,32,0.9987386067708334,0.9960189642120937,0.9981849534719714,0.9991308221033697,0.9978302875397291,0.000657727509541306,0.0027277802907643145,0.005522139842958374,0.0029393400931889344
exact_proxy_rank4_int4_per_row_hadamard,pooled_exact_combined_moe_column_generated_local,753,1536,13,32,0.9987386067708334,0.9957671234703183,0.9974883374051038,0.9992344995054262,0.997476258376621,0.0009483445472090457,0.002416878104536724,0.005319410232139688,0.0027958770809707392
exact_proxy_rank4_int4_per_row_hadamard,pooled_exact_combined_moe_column_generated_local,753,1536,14,32,0.9987386067708334,0.9947717866546859,0.9970203260156492,0.9989227089306231,0.9970124497808321,0.0005063731848017339,0.0015177413867063505,0.002715873678503611,0.0016675706424761315
exact_proxy_rank4_int4_per_row_hadamard,pooled_exact_combined_moe_column_generated_local,753,1536,15,32,0.9987386067708334,0.9943527490698266,0.9964762083891081,0.9991255795854385,0.9966048182885101,0.0005516280784945593,0.002323551402909574,0.005145937954495173,0.002695068477120529
exact_proxy_rank4_int4_per_row_hadamard,pooled_exact_combined_moe_column_generated_local,753,1536,16,32,0.9987386067708334,0.9962043865355641,0.997784720563941,0.9995816187305547,0.9977967274453409,0.0012120203059904576,0.002822567612931981,0.004953536949759619,0.0030580958606613758
exact_proxy_rank4_int4_per_row_hadamard,pooled_exact_combined_moe_column_generated_local,753,1536,17,32,0.9987386067708334,0.9953888725038017,0.9969102531180172,0.9989744919390571,0.9970479536292565,0.0010663029312423023,0.003218399449667342,0.006078744919054458,0.003442215876535995
exact_proxy_rank4_int4_per_row_hadamard,pooled_exact_combined_moe_column_generated_local,753,1536,18,32,0.9987386067708334,0.9944857352875999,0.9975170154972537,0.9994243428478451,0.9970936537494277,0.0006626745962713066,0.002161274457534723,0.004365618700678387,0.002556271039371571
exact_proxy_rank4_int4_per_row_hadamard,pooled_exact_combined_moe_column_generated_local,753,1536,19,32,0.9987386067708334,0.9947520263094719,0.9980329017693688,0.9993358715926839,0.997520773334248,0.000660308128607634,0.0017429280651722334,0.003649327682390769,0.0021145699543755926
exact_proxy_rank4_int4_per_row_hadamard,pooled_exact_combined_moe_column_generated_local,753,1536,20,32,0.9987386067708334,0.9943498785019872,0.9968938669676002,0.9993459182689656,0.9969216190203974,0.0008598940724422021,0.001989727105521033,0.004412418697008525,0.002288688417985834
exact_proxy_rank4_int4_per_row_hadamard,pooled_exact_combined_moe_column_generated_local,753,1536,21,32,0.9987386067708334,0.9978502065354338,0.9989516284308495,0.9995511611382892,0.9987420644281804,0.0009436764110903661,0.0032455044678135203,0.005071882233627313,0.0032645829789120125
exact_proxy_rank4_int4_per_row_hadamard,pooled_exact_combined_moe_column_generated_local,753,1536,22,32,0.9987386067708334,0.995252276624103,0.9973802303450046,0.9989588156524355,0.9970497221722112,0.0005931373535033813,0.002219830666842504,0.004072955416614654,0.0021854917845973883
exact_proxy_rank4_int4_per_row_hadamard,pooled_exact_combined_moe_column_generated_local,753,1536,23,32,0.9987386067708334,0.9940556431865473,0.9975131753873914,0.9993718786704605,0.9971517878822425,0.0007236165510188797,0.0018890868647528647,0.003635112881040703,0.002184272590645152
exact_proxy_rank4_int4_per_row_hadamard,pooled_exact_combined_moe_column_generated_local,753,1536,24,32,0.9987386067708334,0.9971123024826587,0.9983025556303866,0.9991530370473393,0.9980810401135662,0.0017738359717931584,0.003278413517929568,0.007055287862509264,0.004046445454770668
exact_proxy_rank4_int4_per_row_hadamard,pooled_exact_combined_moe_column_generated_local,753,1536,25,32,0.9987386067708334,0.9945236810181621,0.9967298470440364,0.9991956783621669,0.9966652084034715,0.0008981739335750638,0.0026294771191271993,0.005575149484337627,0.003003447929613899
exact_proxy_rank4_int4_per_row_hadamard,pooled_exact_combined_moe_column_generated_local,753,1536,26,32,0.9987386067708334,0.9951640504832197,0.9972102379805965,0.9988918242533804,0.9972732576006912,0.0007270699153998916,0.0017307490031368555,0.0048930491937587165,0.0023115450238082
exact_proxy_rank4_int4_per_row_hadamard,pooled_exact_combined_moe_column_generated_local,753,1536,27,32,0.9987386067708334,0.9960333582516595,0.9975299619471623,0.9989544250766479,0.9975169814416959,0.0008335251922026443,0.002152124905799968,0.0063873193896663155,0.003163209764325138
exact_proxy_rank4_int4_per_row_hadamard,pooled_exact_combined_moe_column_generated_local,753,1536,28,32,0.9987386067708334,0.995398309403991,0.99759204133059,0.9989238534075748,0.9973794184048872,0.001460919561531815,0.0029084702633345727,0.0049967432396471395,0.003106898629955876
exact_proxy_rank4_int4_per_row_hadamard,pooled_exact_combined_moe_column_generated_local,753,1536,29,32,0.9987386067708334,0.9965807068635262,0.9980721177931486,0.9989798116508919,0.9979448503328331,0.0006789748882693236,0.0017351287370026558,0.004091759640966165,0.001987798083515173
exact_proxy_rank4_int4_per_row_hadamard,pooled_exact_combined_moe_column_generated_local,753,1536,30,32,0.9987386067708334,0.9954561433074243,0.9974365765510671,0.9992131935638263,0.9971933842915772,0.0006482920055252306,0.002083203735312289,0.003550584987111683,0.002142941031811313
exact_proxy_rank4_int4_per_row_hadamard,pooled_exact_combined_moe_column_generated_local,753,1536,31,32,0.9987386067708334,0.9969879830528938,0.9982067353002384,0.9989496886134887,0.9979793322282189,0.000728155300749811,0.0017858821569387007,0.003802760762652946,0.0021692535175784587
exact_proxy_rank4_int4_per_row_hadamard,pooled_exact_combined_moe_column_generated_local,753,1536,32,32,0.9987386067708334,0.9953837217092978,0.9985130161330418,0.9991971114180574,0.9977830110650282,0.0007478525930646795,0.0014784092587344366,0.00331060849752396,0.0017895195460040508
exact_proxy_rank4_int4_per_row_hadamard,pooled_exact_combined_moe_column_generated_local,753,1536,33,32,0.9987386067708334,0.9977701018614749,0.9989609465921909,0.9995929181525877,0.9987186765306793,0.0005848830581500986,0.0018744926941652862,0.003024022944397309,0.0017826747220004435
exact_proxy_rank4_int4_per_row_hadamard,pooled_exact_combined_moe_column_generated_local,753,1536,34,32,0.9987386067708334,0.9966663843224453,0.9983776178867677,0.9989920392988848,0.9981376422957857,0.000654100410159264,0.0011354318796654717,0.0016854688409137953,0.0011590033167187194
exact_proxy_rank4_int4_per_row_hadamard,pooled_exact_combined_moe_column_generated_local,753,1536,35,32,0.9987386067708334,0.9935508332839024,0.9975063795063455,0.9989903040597335,0.9970050095341247,0.0007892717362250057,0.0014783295235795135,0.002418970406765697,0.0016838126370714475
exact_proxy_rank4_int4_per_row_hadamard,pooled_exact_combined_moe_column_generated_local,753,1536,36,32,0.9987386067708334,0.9965432691635927,0.9976448806320252,0.9992013992176497,0.9976342142661978,0.0008869873228025127,0.0013316409956334874,0.0033132481794946773,0.001731951051929529
exact_proxy_rank4_int4_per_row_hadamard,pooled_exact_combined_moe_column_generated_local,753,1536,37,32,0.9987386067708334,0.9957605494603416,0.9975044170497145,0.9992208282045182,0.9975041971572611,0.0006223385505984225,0.0011697325591778496,0.0022266307682243915,0.001321698841754721
exact_proxy_rank4_int4_per_row_hadamard,pooled_exact_combined_moe_column_generated_local,753,1536,38,32,0.9987386067708334,0.9977752015713269,0.9990154402725824,0.9995915201352341,0.9988452336811642,0.0005899081982352783,0.0015346973455436785,0.0033642002242233924,0.0016527256382706836
exact_proxy_rank4_int4_per_row_hadamard,pooled_exact_combined_moe_column_generated_local,753,1536,39,32,0.9987386067708334,0.9967051709393475,0.9987349309900908,0.9996513272447543,0.9982411403209039,0.000154832521201409,0.0006505397466738394,0.0020228527770598703,0.000922533947958
exact_proxy_rank4_int4_per_row_hadamard,pooled_exact_combined_moe_oracle,753,1536,0,32,0.9987386067708334,0.9999150522957913,0.9999947568346836,0.9999981629034693,0.9999665028068889,1.7429916102618127e-05,0.00011911265516939551,0.0006521488546657244,0.0002562175071475492
exact_proxy_rank4_int4_per_row_hadamard,pooled_exact_combined_moe_oracle,753,1536,1,32,0.9987386067708334,0.9972811801280947,0.9986857945067393,0.9995784297622028,0.9984038707360242,0.0004924231975707794,0.001339611274250252,0.0027737007847535747,0.0015232569057801043
exact_proxy_rank4_int4_per_row_hadamard,pooled_exact_combined_moe_oracle,753,1536,2,32,0.9987386067708334,0.9971836280488079,0.9986534890086454,0.9995675859387635,0.9984518304521715,0.0010132623518093076,0.002692920199766635,0.004798960051391999,0.0028454591601633633
exact_proxy_rank4_int4_per_row_hadamard,pooled_exact_combined_moe_oracle,753,1536,3,32,0.9987386067708334,0.9953146468321256,0.9979648598004489,0.9992401184796544,0.9975217922132678,0.0013635703354620942,0.0026652381572889183,0.00541196015013894,0.003068762636788437
exact_proxy_rank4_int4_per_row_hadamard,pooled_exact_combined_moe_oracle,753,1536,4,32,0.9987386067708334,0.9964499037177496,0.9982890023029891,0.9993851275145846,0.9980928991656592,0.0009912414730242735,0.002590548617826427,0.004977586633549925,0.0027681027679021426
exact_proxy_rank4_int4_per_row_hadamard,pooled_exact_combined_moe_oracle,753,1536,5,32,0.9987386067708334,0.9959437279821527,0.9975598844452235,0.9994102313310748,0.9974204738027784,0.001543762920173397,0.002512957807867533,0.004001321072188525,0.002578037599082126
exact_proxy_rank4_int4_per_row_hadamard,pooled_exact_combined_moe_oracle,753,1536,6,32,0.9987386067708334,0.9974566918508398,0.9986235206667533,0.9995587987034742,0.9982426174925871,0.0005488095261539484,0.002211634022766751,0.005000238948789672,0.0026871678052009275
exact_proxy_rank4_int4_per_row_hadamard,pooled_exact_combined_moe_oracle,753,1536,7,32,0.9987386067708334,0.995358209900626,0.9973177847364113,0.9988333115285591,0.9971232506221284,0.0005844230351242485,0.0017010703471971311,0.005072494323634125,0.0022221110557655473
exact_proxy_rank4_int4_per_row_hadamard,pooled_exact_combined_moe_oracle,753,1536,8,32,0.9987386067708334,0.9953359510530047,0.9975211399312627,0.9986630795263184,0.9972161222415399,0.0013022805138428128,0.0023793165693140605,0.004810712850600941,0.0030639490354983367
exact_proxy_rank4_int4_per_row_hadamard,pooled_exact_combined_moe_oracle,753,1536,9,32,0.9987386067708334,0.9967582648468698,0.9980895781338873,0.9989367513165693,0.9977653542577055,0.0013113887692533966,0.0024308456057668404,0.004399430295542573,0.0026706527397944504
exact_proxy_rank4_int4_per_row_hadamard,pooled_exact_combined_moe_oracle,753,1536,10,32,0.9987386067708334,0.9956434745961978,0.9977904568381863,0.9997336678340007,0.9976093394389551,0.0005158153295677925,0.0022355648893801483,0.005207295920249689,0.0023993877833966178
exact_proxy_rank4_int4_per_row_hadamard,pooled_exact_combined_moe_oracle,753,1536,11,32,0.9987386067708334,0.9956362537550183,0.9979448943917314,0.9990331912964682,0.9974932604918251,0.0011173279361911593,0.0019300939735408251,0.005268221435688615,0.002480861640254555
exact_proxy_rank4_int4_per_row_hadamard,pooled_exact_combined_moe_oracle,753,1536,12,32,0.9987386067708334,0.995815749132412,0.998162660964294,0.9990905475261543,0.9977508186886652,0.0006057856755919966,0.002664563061936631,0.0054334902820695535,0.0028598712421249034
exact_proxy_rank4_int4_per_row_hadamard,pooled_exact_combined_moe_oracle,753,1536,13,32,0.9987386067708334,0.9957147012256254,0.9973379819405525,0.9992135346771392,0.9973585557368094,0.0008118769884928545,0.002277032088315256,0.004990691172513051,0.0026781744411593887
exact_proxy_rank4_int4_per_row_hadamard,pooled_exact_combined_moe_oracle,753,1536,14,32,0.9987386067708334,0.9946403136940137,0.9969472221911468,0.9988826409563221,0.9969231100448765,0.00045111606411543106,0.0014458024028679572,0.0025954974373232575,0.0015782309065205877
exact_proxy_rank4_int4_per_row_hadamard,pooled_exact_combined_moe_oracle,753,1536,15,32,0.9987386067708334,0.9941695282559873,0.9963607552986153,0.9990694510215147,0.9964970745194389,0.0004881578176549217,0.0021814443426853014,0.005026629083473411,0.002587324708049326
exact_proxy_rank4_int4_per_row_hadamard,pooled_exact_combined_moe_oracle,753,1536,16,32,0.9987386067708334,0.9960791515686327,0.9977441236413482,0.9995673287592829,0.9977167466848399,0.0011834916454961486,0.0027513807258962575,0.004832257189819,0.002978115100160439
exact_proxy_rank4_int4_per_row_hadamard,pooled_exact_combined_moe_oracle,753,1536,17,32,0.9987386067708334,0.995218274995675,0.9968518088896401,0.9989562292830745,0.9969422961342593,0.0010425779820515957,0.0031039160385520903,0.005843472004728479,0.003336558381538929
exact_proxy_rank4_int4_per_row_hadamard,pooled_exact_combined_moe_oracle,753,1536,18,32,0.9987386067708334,0.9942082294043313,0.9974604087626469,0.9994021218882657,0.9969886617278565,0.0005903677524913942,0.001842302638644322,0.0043028402241009015,0.0024512790178003105
exact_proxy_rank4_int4_per_row_hadamard,pooled_exact_combined_moe_oracle,753,1536,19,32,0.9987386067708334,0.9945681206576712,0.997971155400271,0.999303274183686,0.9974164660744906,0.0006121194554501108,0.001652200805419779,0.0035418171540553493,0.002010262694618164
exact_proxy_rank4_int4_per_row_hadamard,pooled_exact_combined_moe_oracle,753,1536,20,32,0.9987386067708334,0.9943294093026177,0.9968168871676722,0.9993100247558111,0.9968119032985836,0.0008434053659942209,0.0018563011391051765,0.004250624445553597,0.002178972696172031
exact_proxy_rank4_int4_per_row_hadamard,pooled_exact_combined_moe_oracle,753,1536,21,32,0.9987386067708334,0.9977759094927472,0.9989266617419359,0.9995229206113035,0.9986882618437328,0.0009073229323741328,0.003187355076288201,0.005050546808145129,0.003210780394464534
exact_proxy_rank4_int4_per_row_hadamard,pooled_exact_combined_moe_oracle,753,1536,22,32,0.9987386067708334,0.9949182425350727,0.9972978869368145,0.9989168443489281,0.9969338945770958,0.0005511660499960214,0.002096704560594964,0.003993883366938456,0.002069664189482002
exact_proxy_rank4_int4_per_row_hadamard,pooled_exact_combined_moe_oracle,753,1536,23,32,0.9987386067708334,0.9938134947266202,0.9974856495350506,0.9993486176000181,0.9970510660584742,0.0006953781790728142,0.001860463483230046,0.0034463978184085978,0.0020835507668770167
exact_proxy_rank4_int4_per_row_hadamard,pooled_exact_combined_moe_oracle,753,1536,24,32,0.9987386067708334,0.9970060002980534,0.9982446301024448,0.9991424683821789,0.9980104949507231,0.0017340450973783784,0.0032119118732323315,0.007020933740774306,0.003975900291927504
exact_proxy_rank4_int4_per_row_hadamard,pooled_exact_combined_moe_oracle,753,1536,25,32,0.9987386067708334,0.9944393049398421,0.9966557591714745,0.9991714335396272,0.9965816022928936,0.0008590703653144849,0.002599099258455362,0.005536726828376437,0.0029198418190360016
exact_proxy_rank4_int4_per_row_hadamard,pooled_exact_combined_moe_oracle,753,1536,26,32,0.9987386067708334,0.9951223101871915,0.9971358270876484,0.9988787076715214,0.9972156359301392,0.0006427220625963681,0.0017115051833049288,0.004834257585344373,0.0022539233532562486
exact_proxy_rank4_int4_per_row_hadamard,pooled_exact_combined_moe_oracle,753,1536,27,32,0.9987386067708334,0.9959191971110252,0.9974335562847523,0.998922329603857,0.9974273250581784,0.0007207116103006395,0.002026968306385657,0.006354830985697416,0.0030735533808076178
exact_proxy_rank4_int4_per_row_hadamard,pooled_exact_combined_moe_oracle,753,1536,28,32,0.9987386067708334,0.9952345389142204,0.9974693855147434,0.9989000951693753,0.9972916938667475,0.001406477260660266,0.0028022192621884323,0.004967409211962282,0.003019174091816214
exact_proxy_rank4_int4_per_row_hadamard,pooled_exact_combined_moe_oracle,753,1536,29,32,0.9987386067708334,0.9965146723402358,0.9980190607951762,0.9989541338570143,0.9978819552301843,0.0006298043843841139,0.0016595939226137224,0.004036484957642784,0.0019249029808663769
exact_proxy_rank4_int4_per_row_hadamard,pooled_exact_combined_moe_oracle,753,1536,30,32,0.9987386067708334,0.9953307512137672,0.9973459057471408,0.9991809357794453,0.9970784433055991,0.0006083078415984322,0.0019566940128841193,0.003305151839323362,0.0020280000458332073
exact_proxy_rank4_int4_per_row_hadamard,pooled_exact_combined_moe_oracle,753,1536,31,32,0.9987386067708334,0.9968533977948215,0.9981484471399076,0.9989067967517442,0.9979193352482485,0.0006782126236678177,0.0017459019326374614,0.00371991288461514,0.002109256537608184
exact_proxy_rank4_int4_per_row_hadamard,pooled_exact_combined_moe_oracle,753,1536,32,32,0.9987386067708334,0.995163345770684,0.998442371039636,0.9991594233713581,0.9976925593231621,0.0007074004160716573,0.001427771847379411,0.0031714629571416475,0.0016990678041380915
exact_proxy_rank4_int4_per_row_hadamard,pooled_exact_combined_moe_oracle,753,1536,33,32,0.9987386067708334,0.9976981562226662,0.9989122210675387,0.9995813192855204,0.9986645655606028,0.0005660723559936298,0.0017785039443390382,0.0029892269456802457,0.0017285637519239491
exact_proxy_rank4_int4_per_row_hadamard,pooled_exact_combined_moe_oracle,753,1536,34,32,0.9987386067708334,0.9965181843541452,0.9983013747139211,0.9989488182251385,0.9980645194388633,0.0006102962477624429,0.0010511362407273905,0.001621034923533793,0.001085880459796365
exact_proxy_rank4_int4_per_row_hadamard,pooled_exact_combined_moe_oracle,753,1536,35,32,0.9987386067708334,0.9933376312131271,0.9974261140877615,0.9989501849739285,0.9969039131956794,0.0007091297057692181,0.0013696824827312826,0.002382475781292981,0.0015827162986259379
exact_proxy_rank4_int4_per_row_hadamard,pooled_exact_combined_moe_oracle,753,1536,36,32,0.9987386067708334,0.9963689047471422,0.9975360338301615,0.9992012739882542,0.9975507005466135,0.0007863008616055156,0.0011816200751735284,0.003253848397364324,0.0016484373323451679
exact_proxy_rank4_int4_per_row_hadamard,pooled_exact_combined_moe_oracle,753,1536,37,32,0.9987386067708334,0.9956533728538318,0.9974294071296415,0.9992071392947889,0.9974129455117818,0.0005518402947857437,0.0010735208353570558,0.002079337567078965,0.0012304471962753735
exact_proxy_rank4_int4_per_row_hadamard,pooled_exact_combined_moe_oracle,753,1536,38,32,0.9987386067708334,0.9978173712963838,0.9989812993940402,0.9995651570922172,0.998811378986706,0.0005861471847960376,0.001477688029980051,0.0032810491911722936,0.001618870943812637
exact_proxy_rank4_int4_per_row_hadamard,pooled_exact_combined_moe_oracle,753,1536,39,32,0.9987386067708334,0.9966306186855001,0.9986688054593647,0.9996517276095067,0.99817975301997,0.0001523753075521439,0.0005903809772949131,0.0019527361330680126,0.0008611466470239831
exact_proxy_rank4_int4_per_row_hadamard,pooled_router_square_column_generated,753,1536,0,32,0.9987386067708334,0.9999155859435876,0.999994907721308,0.9999990450710519,0.9999669683533678,1.7531502433332236e-05,0.00011944764596211188,0.0006548907272574516,0.00025668305362639907
exact_proxy_rank4_int4_per_row_hadamard,pooled_router_square_column_generated,753,1536,1,32,0.9987386067708334,0.9973332356658849,0.9987144425079771,0.9995906167827621,0.9984072207047854,0.0004849742586804262,0.0013253076575256983,0.002830159283170941,0.0015266068745414182
exact_proxy_rank4_int4_per_row_hadamard,pooled_router_square_column_generated,753,1536,2,32,0.9987386067708334,0.9972608687637666,0.9986908227633432,0.999580585595543,0.998479309376252,0.0010610247418705865,0.0026846291433320624,0.004859821990308111,0.0028729380842439124
exact_proxy_rank4_int4_per_row_hadamard,pooled_router_square_column_generated,753,1536,3,32,0.9987386067708334,0.995200958580983,0.9979417578685403,0.9992179454011633,0.9975459807308261,0.0013919026549516155,0.002779812479627275,0.005416402846675773,0.003092951154346827
exact_proxy_rank4_int4_per_row_hadamard,pooled_router_square_column_generated,753,1536,4,32,0.9987386067708334,0.9965466813007304,0.9983273897351415,0.999382120779403,0.9981187326866829,0.0010262686902790864,0.0026812422175013784,0.005037157309732877,0.0027939362889258593
exact_proxy_rank4_int4_per_row_hadamard,pooled_router_square_column_generated,753,1536,5,32,0.9987386067708334,0.9959703983920104,0.997607527574071,0.9994236722201769,0.9974587602919845,0.0015550048940007888,0.002552821240384917,0.004016068731370892,0.0026163240882883243
exact_proxy_rank4_int4_per_row_hadamard,pooled_router_square_column_generated,753,1536,6,32,0.9987386067708334,0.997472313273722,0.998682298610739,0.9995486034824334,0.9982799239372664,0.0005479669087405493,0.0022537057751509937,0.005166389219011139,0.0027244742498801836
exact_proxy_rank4_int4_per_row_hadamard,pooled_router_square_column_generated,753,1536,7,32,0.9987386067708334,0.9954371146235451,0.9972864075940451,0.9988146374313045,0.997157880702448,0.0006439781826875768,0.0017656421614350437,0.005142855119868618,0.0022567411360850803
exact_proxy_rank4_int4_per_row_hadamard,pooled_router_square_column_generated,753,1536,8,32,0.9987386067708334,0.99520602324227,0.9975653178217685,0.9986726222786041,0.9972373324377849,0.0013571447724249341,0.0023944462484681295,0.004863592626821057,0.003085159231743375
exact_proxy_rank4_int4_per_row_hadamard,pooled_router_square_column_generated,753,1536,9,32,0.9987386067708334,0.9967043411903648,0.9981356832993055,0.9989226427611914,0.9977681688342817,0.001287810547355861,0.002439264599036539,0.00419977415166154,0.0026734673163706126
exact_proxy_rank4_int4_per_row_hadamard,pooled_router_square_column_generated,753,1536,10,32,0.9987386067708334,0.9956402034003666,0.9978336259631704,0.9997294979770593,0.9976491430058378,0.0005266241410008643,0.0023258430487207993,0.00525909061988209,0.0024391913502794203
exact_proxy_rank4_int4_per_row_hadamard,pooled_router_square_column_generated,753,1536,11,32,0.9987386067708334,0.9957029433303703,0.9979973338435645,0.9990253902081432,0.9975239189550045,0.0011290425446398578,0.0018675054949083836,0.00529095757286674,0.002511520103433997
exact_proxy_rank4_int4_per_row_hadamard,pooled_router_square_column_generated,753,1536,12,32,0.9987386067708334,0.9959555263927287,0.9981364349450332,0.9991075154894083,0.9977706516423486,0.0006398675214390304,0.0027164517909259445,0.005458875710956268,0.0028797041958084114
exact_proxy_rank4_int4_per_row_hadamard,pooled_router_square_column_generated,753,1536,13,32,0.9987386067708334,0.9956506640956897,0.9974115637544757,0.999227089104427,0.9974168374062358,0.0008193129535163824,0.0023150500971040877,0.005275437008072492,0.0027364561105857298
exact_proxy_rank4_int4_per_row_hadamard,pooled_router_square_column_generated,753,1536,14,32,0.9987386067708334,0.99457602103622,0.9969627236475662,0.9988867377328416,0.9969337973297503,0.00037654733578808,0.0014811991931067414,0.0026540532724550372,0.0015889181913942667
exact_proxy_rank4_int4_per_row_hadamard,pooled_router_square_column_generated,753,1536,15,32,0.9987386067708334,0.9942633862501596,0.9964055732537904,0.9991204128581727,0.9965413017373528,0.0005383222484526163,0.0022371958714115237,0.005060153522985312,0.0026315519259633123
exact_proxy_rank4_int4_per_row_hadamard,pooled_router_square_column_generated,753,1536,16,32,0.9987386067708334,0.9961492425211169,0.9977163206192292,0.9995802978484255,0.9977420249819182,0.0012120203059904576,0.00266354736608726,0.004941740003230933,0.0030033933972388772
exact_proxy_rank4_int4_per_row_hadamard,pooled_router_square_column_generated,753,1536,17,32,0.9987386067708334,0.9953220747095861,0.9968593847728666,0.9989477160218342,0.9969718715520555,0.0010648088575282767,0.003110318315436178,0.005974229236091433,0.003366133799335081
exact_proxy_rank4_int4_per_row_hadamard,pooled_router_square_column_generated,753,1536,18,32,0.9987386067708334,0.9943827898669203,0.9974965471919508,0.9994185553753828,0.9970222356938487,0.0006315692567665842,0.0019295869610441718,0.004358506877773383,0.002484852983792498
exact_proxy_rank4_int4_per_row_hadamard,pooled_router_square_column_generated,753,1536,19,32,0.9987386067708334,0.9945935263189536,0.9979651068889587,0.9993220511070083,0.9974566970460026,0.0006348599818673639,0.001703537466947902,0.003494376786970288,0.0020504936661301758
exact_proxy_rank4_int4_per_row_hadamard,pooled_router_square_column_generated,753,1536,20,32,0.9987386067708334,0.9942535266754992,0.9968381357982343,0.9993329942465,0.9968482774169903,0.000843438342412961,0.0018274900406237693,0.004358894213521537,0.002215346814578807
exact_proxy_rank4_int4_per_row_hadamard,pooled_router_square_column_generated,753,1536,21,32,0.9987386067708334,0.9978144819310593,0.9989392739175796,0.9995462736807648,0.9987122375646699,0.0009391659242727335,0.003227844810497593,0.005054731863059559,0.003234756115401499
exact_proxy_rank4_int4_per_row_hadamard,pooled_router_square_column_generated,753,1536,22,32,0.9987386067708334,0.9951019618516701,0.9973427152960699,0.9989159495157118,0.9969772250101566,0.0005502712167797629,0.0020917596145362816,0.0040578133043658315,0.0021129946225428055
exact_proxy_rank4_int4_per_row_hadamard,pooled_router_square_column_generated,753,1536,23,32,0.9987386067708334,0.9940199850980233,0.9974795006101722,0.9993206033313097,0.9971061716692506,0.0006726535049206284,0.001869268516311695,0.0036135524569805956,0.002138656377653373
exact_proxy_rank4_int4_per_row_hadamard,pooled_router_square_column_generated,753,1536,24,32,0.9987386067708334,0.9970261028232015,0.9982711529966595,0.9991324089869684,0.9980276847608683,0.001727009710846894,0.0032370842865468985,0.007021277645240932,0.003993090102072761
exact_proxy_rank4_int4_per_row_hadamard,pooled_router_square_column_generated,753,1536,25,32,0.9987386067708334,0.9943503858825474,0.996652911621208,0.9991714674622459,0.9965904403259314,0.0008544109806911115,0.002608261134753931,0.005516391637582718,0.0029286798520736824
exact_proxy_rank4_int4_per_row_hadamard,pooled_router_square_column_generated,753,1536,26,32,0.9987386067708334,0.9951587537123965,0.9971206927606724,0.9988602415853642,0.9972179184685962,0.0006390333303797124,0.0017198637293386887,0.004885713206104583,0.0022562058917132213
exact_proxy_rank4_int4_per_row_hadamard,pooled_router_square_column_generated,753,1536,27,32,0.9987386067708334,0.9958428811422437,0.9975149755374197,0.9989298825167229,0.9974521307739107,0.0008286679381901974,0.0021130507875042337,0.006361264407838576,0.003098359096539993
exact_proxy_rank4_int4_per_row_hadamard,pooled_router_square_column_generated,753,1536,28,32,0.9987386067708334,0.995389054594457,0.9975541678129299,0.9989052129621452,0.9973212215974882,0.001337076791692582,0.0028257559954882883,0.00495619584275806,0.003048701822556888
exact_proxy_rank4_int4_per_row_hadamard,pooled_router_square_column_generated,753,1536,29,32,0.9987386067708334,0.9964693143858092,0.9980061943062237,0.9989787032435602,0.9978979830077657,0.0006566486896115275,0.0016278057600495055,0.004080501790846726,0.0019409307584477668
exact_proxy_rank4_int4_per_row_hadamard,pooled_router_square_column_generated,753,1536,30,32,0.9987386067708334,0.9954234324599421,0.9974224365082379,0.9991712018709592,0.9971385645030422,0.000633965341823084,0.0020247333841379445,0.0034029200952719997,0.0020881212432762586
exact_proxy_rank4_int4_per_row_hadamard,pooled_router_square_column_generated,753,1536,31,32,0.9987386067708334,0.9969528453671965,0.9982024379481518,0.9989426081596241,0.9979463056740099,0.0006843985300380995,0.001782396268523112,0.003727670882098089,0.00213622696336949
exact_proxy_rank4_int4_per_row_hadamard,pooled_router_square_column_generated,753,1536,32,32,0.9987386067708334,0.9953837217092978,0.99847567726202,0.9991393515316672,0.9977470392666363,0.0006995089574863056,0.0014335052806379034,0.003274616023879785,0.0017535477476121712
exact_proxy_rank4_int4_per_row_hadamard,pooled_router_square_column_generated,753,1536,33,32,0.9987386067708334,0.9976799137139004,0.9989347505890138,0.9995771841419208,0.9986870540514914,0.0005484484449671423,0.0018590943206454602,0.0029915457521227824,0.0017510522428125612
exact_proxy_rank4_int4_per_row_hadamard,pooled_router_square_column_generated,753,1536,34,32,0.9987386067708334,0.9966605076404482,0.9983424858413948,0.9989499020841445,0.9981013301156653,0.0006528563693069311,0.0010812245684010957,0.0016464683918367418,0.001122691136598311
exact_proxy_rank4_int4_per_row_hadamard,pooled_router_square_column_generated,753,1536,35,32,0.9987386067708334,0.9933747740198983,0.9975025529530364,0.9989899463472262,0.996936156982771,0.0006684636474138861,0.0014090342283530899,0.0023946390768512463,0.0016149600857175567
exact_proxy_rank4_int4_per_row_hadamard,pooled_router_square_column_generated,753,1536,36,32,0.9987386067708334,0.9964721579915486,0.9975937106124544,0.9991915163939649,0.997594349979038,0.0008650241894655242,0.0013270440644226333,0.0032623956486592894,0.001692086764769625
exact_proxy_rank4_int4_per_row_hadamard,pooled_router_square_column_generated,753,1536,37,32,0.9987386067708334,0.9957556210818633,0.9974581858184954,0.9992200516276718,0.9974527382587945,0.0004887625572854492,0.0010371816230578812,0.0021856123088650485,0.0012702399432880755
exact_proxy_rank4_int4_per_row_hadamard,pooled_router_square_column_generated,753,1536,38,32,0.9987386067708334,0.9977658053675584,0.9990154402725824,0.9995764713750512,0.9988203168295895,0.0005877543155702658,0.0015346973455436785,0.0032666714450718245,0.001627808786696043
exact_proxy_rank4_int4_per_row_hadamard,pooled_router_square_column_generated,753,1536,39,32,0.9987386067708334,0.996642818417409,0.9987028960698785,0.9996363934928991,0.9981905883550435,0.00015178617368885038,0.0005814972412147013,0.0019493010460011739,0.0008719819820975916
exact_proxy_rank4_int4_per_row_hadamard,pooled_router_square_compressed,753,1536,0,32,0.9987386067708334,0.9999150522957913,0.9999946678890368,0.999998162697058,0.9999658587147693,1.742739197990728e-05,0.00011903597650164688,0.0006521488546657244,0.0002555734150279376
exact_proxy_rank4_int4_per_row_hadamard,pooled_router_square_compressed,753,1536,1,32,0.9987386067708334,0.9972491850795473,0.9986641372484342,0.9995737242758989,0.9983678026316992,0.0004721414209629793,0.001311970597733858,0.0026912181446918206,0.001487188801455118
exact_proxy_rank4_int4_per_row_hadamard,pooled_router_square_compressed,753,1536,2,32,0.9987386067708334,0.9971507658521689,0.9986242363744294,0.9995675859387635,0.9984330181560974,0.0009892417441910383,0.002679606651097899,0.004798960051391999,0.0028266468640893577
exact_proxy_rank4_int4_per_row_hadamard,pooled_router_square_compressed,753,1536,3,32,0.9987386067708334,0.9950645817903868,0.9979482675651649,0.9992138158490992,0.9974670192498025,0.00132154361643807,0.0025715441070254808,0.005379727692559011,0.0030139896733232113
exact_proxy_rank4_int4_per_row_hadamard,pooled_router_square_compressed,753,1536,4,32,0.9987386067708334,0.9963944653414369,0.998233659323321,0.9993641470659879,0.9980640848614524,0.0009452438219129778,0.00256627577685109,0.004977586633549925,0.0027392884636952865
exact_proxy_rank4_int4_per_row_hadamard,pooled_router_square_compressed,753,1536,5,32,0.9987386067708334,0.9958505138892583,0.9975317592774545,0.9994084134900193,0.9973733379885474,0.0015207365483707047,0.002483257239215164,0.003952345812867975,0.0025309017848512173
exact_proxy_rank4_int4_per_row_hadamard,pooled_router_square_compressed,753,1536,6,32,0.9987386067708334,0.9974565009934164,0.9986054160761728,0.999546142536742,0.9982145681020878,0.0005311109392033275,0.0021891171973162926,0.004991509350154557,0.0026591184147015563
exact_proxy_rank4_int4_per_row_hadamard,pooled_router_square_compressed,753,1536,7,32,0.9987386067708334,0.9953509613350727,0.9972030289847813,0.9987648165769714,0.9970716762019662,0.00055758050989696,0.0017010703471971311,0.0050545497288660875,0.0021705366356032964
exact_proxy_rank4_int4_per_row_hadamard,pooled_router_square_compressed,753,1536,8,32,0.9987386067708334,0.9950002442099366,0.9974896339418607,0.9986196399093721,0.9971418978216737,0.0012723146493128334,0.0023122399393885607,0.004798714507468705,0.002989724615632232
exact_proxy_rank4_int4_per_row_hadamard,pooled_router_square_compressed,753,1536,9,32,0.9987386067708334,0.996597031959245,0.9980725675775568,0.9988990349404221,0.9977131768557239,0.0012777207811131674,0.002352354969564152,0.004188661598683108,0.0026184753378128874
exact_proxy_rank4_int4_per_row_hadamard,pooled_router_square_compressed,753,1536,10,32,0.9987386067708334,0.9954649190293257,0.9977710101242866,0.9997220967660111,0.9975622162477242,0.0003749466906932342,0.002187792745770578,0.005192236266989114,0.002352264592165712
exact_proxy_rank4_int4_per_row_hadamard,pooled_router_square_compressed,753,1536,11,32,0.9987386067708334,0.9956275443126682,0.9978916628968062,0.999031447570029,0.9974509557766666,0.0010981980114783906,0.001820660019411724,0.005268221435688615,0.0024385569250961574
exact_proxy_rank4_int4_per_row_hadamard,pooled_router_square_compressed,753,1536,12,32,0.9987386067708334,0.9957797549847519,0.998099062086544,0.9990743889780045,0.9977060338154817,0.0006057856755919966,0.0026640618753189793,0.005381110105610498,0.0028150863689415384
exact_proxy_rank4_int4_per_row_hadamard,pooled_router_square_compressed,753,1536,13,32,0.9987386067708334,0.9955904976420422,0.9972880539243762,0.9991975948903629,0.9973213539269634,0.0006955365754351961,0.002277032088315256,0.004990691172513051,0.002640972631313368
exact_proxy_rank4_int4_per_row_hadamard,pooled_router_square_compressed,753,1536,14,32,0.9987386067708334,0.9944391458906889,0.9968799308641949,0.9988580383901893,0.9968748163946614,0.0004206851689491309,0.0013878090157602996,0.002572954550170048,0.0015299372563053956
exact_proxy_rank4_int4_per_row_hadamard,pooled_router_square_compressed,753,1536,15,32,0.9987386067708334,0.9940909908499918,0.9962807630773884,0.9990614532466787,0.9964390110747137,0.0004819119708920461,0.0020800908683057395,0.00498981548386237,0.0025292612633241313
exact_proxy_rank4_int4_per_row_hadamard,pooled_router_square_compressed,753,1536,16,32,0.9987386067708334,0.996048628751493,0.997651538439722,0.9995670924435358,0.9976620953099589,0.0011563749081139108,0.0027093793333413108,0.004744774184601275,0.002923463725279376
exact_proxy_rank4_int4_per_row_hadamard,pooled_router_square_compressed,753,1536,17,32,0.9987386067708334,0.9950968915434067,0.9967693796787257,0.9989295346846697,0.9968926067250518,0.0010255627063489481,0.003037075347974094,0.005843472004728479,0.0032868689723312694
exact_proxy_rank4_int4_per_row_hadamard,pooled_router_square_compressed,753,1536,18,32,0.9987386067708334,0.9940925626888143,0.9974530124386382,0.9993981081546773,0.9969339057770358,0.0005790373669758653,0.0017284185555976328,0.0042654255121103435,0.0023965230669795203
exact_proxy_rank4_int4_per_row_hadamard,pooled_router_square_compressed,753,1536,19,32,0.9987386067708334,0.9944033368464789,0.9979051403195613,0.9993029716461658,0.9973744888062626,0.0005834911217209137,0.001649326908830906,0.003436680094244549,0.0019682854263901595
exact_proxy_rank4_int4_per_row_hadamard,pooled_router_square_compressed,753,1536,20,32,0.9987386067708334,0.9942038590432376,0.9967530863496039,0.999290321606753,0.9967582150866715,0.0008312967245230673,0.0018157197433828487,0.004191165418310261,0.002125284484260005
exact_proxy_rank4_int4_per_row_hadamard,pooled_router_square_compressed,753,1536,21,32,0.9987386067708334,0.9977709070972889,0.9989266617419359,0.9995104216596119,0.9986727883120947,0.0009062778779240999,0.003187355076288201,0.00503960270647127,0.0031953068628263886
exact_proxy_rank4_int4_per_row_hadamard,pooled_router_square_compressed,753,1536,22,32,0.9987386067708334,0.9949182425350727,0.9972701905933793,0.9988980947913629,0.9969012928648799,0.0005324164924308539,0.002019116744137184,0.003931585665033411,0.002037062477266042
exact_proxy_rank4_int4_per_row_hadamard,pooled_router_square_compressed,753,1536,23,32,0.9987386067708334,0.9937629962874294,0.9974711373544841,0.9993339267849861,0.9969908495986497,0.0006706795422011136,0.0018246329376793158,0.0034008415822281094,0.0020233343070525205
exact_proxy_rank4_int4_per_row_hadamard,pooled_router_square_compressed,753,1536,24,32,0.9987386067708334,0.9968864645418812,0.998210471847587,0.9991389601978202,0.9979733489998786,0.001703233296767559,0.0031602309012533913,0.007006038616736589,0.003938754341082977
exact_proxy_rank4_int4_per_row_hadamard,pooled_router_square_compressed,753,1536,25,32,0.9987386067708334,0.9943444227645019,0.996609231039814,0.9991502126622986,0.9965080502278711,0.0008326218306604405,0.0025462795419867734,0.005414078191513072,0.002846289754013631
exact_proxy_rank4_int4_per_row_hadamard,pooled_router_square_compressed,753,1536,26,32,0.9987386067708334,0.9950464028472433,0.9970477445204128,0.9988662278400409,0.9971528017487934,0.0005363201234034887,0.001652860817582813,0.004825928664349546,0.0021910891719104583
exact_proxy_rank4_int4_per_row_hadamard,pooled_router_square_compressed,753,1536,27,32,0.9987386067708334,0.9959191971110252,0.9974238132687901,0.998922329603857,0.9973877521500355,0.0006921949789151839,0.0020221548398183242,0.006354830985697416,0.0030339804726648156
exact_proxy_rank4_int4_per_row_hadamard,pooled_router_square_compressed,753,1536,28,32,0.9987386067708334,0.9951333600304542,0.9974693855147434,0.9988787461131102,0.9972318145470069,0.0012229564809621452,0.0027477083014219583,0.004929722673516114,0.0029592947720755575
exact_proxy_rank4_int4_per_row_hadamard,pooled_router_square_compressed,753,1536,29,32,0.9987386067708334,0.9963068334596855,0.9979571454713323,0.998951209562604,0.9978413599526491,0.0006154137877918741,0.0015792806372432189,0.0040339039484838645,0.0018843077033311277
exact_proxy_rank4_int4_per_row_hadamard,pooled_router_square_compressed,753,1536,30,32,0.9987386067708334,0.9952477369761483,0.9973399577587951,0.9991564235857848,0.9970316178722577,0.0005709422683339516,0.0019186144351275858,0.003305151839323362,0.0019811746124916846
exact_proxy_rank4_int4_per_row_hadamard,pooled_router_square_compressed,753,1536,31,32,0.9987386067708334,0.9967282584047418,0.9981318971828537,0.9989053932133302,0.9978889698074783,0.0006230233655104111,0.0017385967758066223,0.003690373161559091,0.0020788910968378878
exact_proxy_rank4_int4_per_row_hadamard,pooled_router_square_compressed,753,1536,32,32,0.9987386067708334,0.9950872901504823,0.9984150680822631,0.9991060618000122,0.9976628380425404,0.0006669030721022873,0.0014056993892497816,0.0031714629571416475,0.0016693465235162568
exact_proxy_rank4_int4_per_row_hadamard,pooled_router_square_compressed,753,1536,33,32,0.9987386067708334,0.9976404004104176,0.9988966463378524,0.999566434515323,0.9986320819557812,0.0005252586580791419,0.0017463384916530655,0.00297433386099536,0.0016960801471023641
exact_proxy_rank4_int4_per_row_hadamard,pooled_router_square_compressed,753,1536,34,32,0.9987386067708334,0.9965146277994583,0.9982768813448143,0.9989192991102053,0.9980383309461274,0.0005943314334873828,0.0010088071245220043,0.0015910625784735343,0.0010596919670604263
exact_proxy_rank4_int4_per_row_hadamard,pooled_router_square_compressed,753,1536,35,32,0.9987386067708334,0.9931145976258573,0.9973995985194837,0.9989165032735607,0.9968324834088526,0.0006138703110761701,0.0012120677642986077,0.0023802366828890036,0.0015112865117990933
exact_proxy_rank4_int4_per_row_hadamard,pooled_router_square_compressed,753,1536,36,32,0.9987386067708334,0.9963060059673908,0.9975130275227273,0.9992012739882542,0.997507292215243,0.0006983788933327406,0.0011719528993339723,0.003148421299952576,0.0016050290009747559
exact_proxy_rank4_int4_per_row_hadamard,pooled_router_square_compressed,753,1536,37,32,0.9987386067708334,0.9956501958032731,0.9974092212904023,0.9991949565319956,0.9973645665669673,0.0005036596423943606,0.0010126658315803283,0.00197401603401699,0.0011820682514608397
exact_proxy_rank4_int4_per_row_hadamard,pooled_router_square_compressed,753,1536,38,32,0.9987386067708334,0.9976626220299591,0.9989812993940402,0.999553219243236,0.9987889464413655,0.0005829937188568613,0.0014691889143419457,0.0032647594776601084,0.0015964383984719867
exact_proxy_rank4_int4_per_row_hadamard,pooled_router_square_compressed,753,1536,39,32,0.9987386067708334,0.9965914870176839,0.9986214521076466,0.9996310686771349,0.9981378950846673,0.0001518051167449741,0.0005403350847580368,0.0019121821048435083,0.0008192887117213776
exact_proxy_rank4_int4_per_row_hadamard,uniform_per_expert,753,753,0,32,0.9987386067708334,0.9992750527759978,0.9998775107462592,0.9999796107134505,0.9997102852997415,0.0,0.0,0.0,0.0
exact_proxy_rank4_int4_per_row_hadamard,uniform_per_expert,753,753,1,32,0.9987386067708334,0.994300460893183,0.9971532089679616,0.9990835147756516,0.9968806138302442,0.0,0.0,0.0,0.0
exact_proxy_rank4_int4_per_row_hadamard,uniform_per_expert,753,753,2,32,0.9987386067708334,0.9934599753534219,0.995770366739623,0.9977412675271807,0.9956063712920081,0.0,0.0,0.0,0.0
exact_proxy_rank4_int4_per_row_hadamard,uniform_per_expert,753,753,3,32,0.9987386067708334,0.9915058859688679,0.9944678228603144,0.9970068335816265,0.9944530295764793,0.0,0.0,0.0,0.0
exact_proxy_rank4_int4_per_row_hadamard,uniform_per_expert,753,753,4,32,0.9987386067708334,0.9919191773599918,0.9953410693494467,0.9978245500026452,0.9953247963977572,0.0,0.0,0.0,0.0
exact_proxy_rank4_int4_per_row_hadamard,uniform_per_expert,753,753,5,32,0.9987386067708334,0.9927628899502948,0.9944033918236659,0.9972674580169918,0.9948424362036963,0.0,0.0,0.0,0.0
exact_proxy_rank4_int4_per_row_hadamard,uniform_per_expert,753,753,6,32,0.9987386067708334,0.9923593062773552,0.9959580439016864,0.9989631270658744,0.9955554496873862,0.0,0.0,0.0,0.0
exact_proxy_rank4_int4_per_row_hadamard,uniform_per_expert,753,753,7,32,0.9987386067708334,0.9916692027209278,0.9950645571693756,0.9975316230055482,0.9949011395663628,0.0,0.0,0.0,0.0
exact_proxy_rank4_int4_per_row_hadamard,uniform_per_expert,753,753,8,32,0.9987386067708334,0.9910400298837453,0.994693387229168,0.99700683274414,0.9941521732060415,0.0,0.0,0.0,0.0
exact_proxy_rank4_int4_per_row_hadamard,uniform_per_expert,753,753,9,32,0.9987386067708334,0.9932800058630239,0.9958021140256605,0.9970111658434174,0.9950947015179111,0.0,0.0,0.0,0.0
exact_proxy_rank4_int4_per_row_hadamard,uniform_per_expert,753,753,10,32,0.9987386067708334,0.9919245942507711,0.9948815134316854,0.9984376606233579,0.9952099516555585,0.0,0.0,0.0,0.0
exact_proxy_rank4_int4_per_row_hadamard,uniform_per_expert,753,753,11,32,0.9987386067708334,0.9909700370570058,0.9959879689719244,0.997550782857518,0.9950123988515704,0.0,0.0,0.0,0.0
exact_proxy_rank4_int4_per_row_hadamard,uniform_per_expert,753,753,12,32,0.9987386067708334,0.9915638920238571,0.9951739823117163,0.9977582607530849,0.9948909474465404,0.0,0.0,0.0,0.0
exact_proxy_rank4_int4_per_row_hadamard,uniform_per_expert,753,753,13,32,0.9987386067708334,0.9907668436574106,0.9946535261243306,0.9977661399134189,0.9946803812956502,0.0,0.0,0.0,0.0
exact_proxy_rank4_int4_per_row_hadamard,uniform_per_expert,753,753,14,32,0.9987386067708334,0.9926160499881158,0.9956926729213255,0.9979014964337913,0.9953448791383559,0.0,0.0,0.0,0.0
exact_proxy_rank4_int4_per_row_hadamard,uniform_per_expert,753,753,15,32,0.9987386067708334,0.9906649834227397,0.9942106640509807,0.997700836992779,0.9939097498113896,0.0,0.0,0.0,0.0
exact_proxy_rank4_int4_per_row_hadamard,uniform_per_expert,753,753,16,32,0.9987386067708334,0.9917263026781582,0.9943826932573898,0.9982554217917522,0.9947386315846795,0.0,0.0,0.0,0.0
exact_proxy_rank4_int4_per_row_hadamard,uniform_per_expert,753,753,17,32,0.9987386067708334,0.9898559150163488,0.9935956664367283,0.9978797370851941,0.9936057377527204,0.0,0.0,0.0,0.0
exact_proxy_rank4_int4_per_row_hadamard,uniform_per_expert,753,753,18,32,0.9987386067708334,0.9907971943391656,0.9946418193140318,0.9986070584050276,0.9945373827100563,0.0,0.0,0.0,0.0
exact_proxy_rank4_int4_per_row_hadamard,uniform_per_expert,753,753,19,32,0.9987386067708334,0.9921467548405258,0.9959666214835187,0.9984816959828009,0.9954062033798724,0.0,0.0,0.0,0.0
exact_proxy_rank4_int4_per_row_hadamard,uniform_per_expert,753,753,20,32,0.9987386067708334,0.9912419260249934,0.9949159592833982,0.9983904160759478,0.9946329306024115,0.0,0.0,0.0,0.0
exact_proxy_rank4_int4_per_row_hadamard,uniform_per_expert,753,753,21,32,0.9987386067708334,0.992115934623183,0.9957926100416163,0.998062562781742,0.9954774814492684,0.0,0.0,0.0,0.0
exact_proxy_rank4_int4_per_row_hadamard,uniform_per_expert,753,753,22,32,0.9987386067708334,0.9908022744015517,0.9950830260054768,0.9983656782989321,0.9948642303876138,0.0,0.0,0.0,0.0
exact_proxy_rank4_int4_per_row_hadamard,uniform_per_expert,753,753,23,32,0.9987386067708334,0.9912346306762744,0.9952458279851035,0.9985598810590133,0.9949675152915972,0.0,0.0,0.0,0.0
exact_proxy_rank4_int4_per_row_hadamard,uniform_per_expert,753,753,24,32,0.9987386067708334,0.9911958667486194,0.9941821949910463,0.9962849384119469,0.9940345946587956,0.0,0.0,0.0,0.0
exact_proxy_rank4_int4_per_row_hadamard,uniform_per_expert,753,753,25,32,0.9987386067708334,0.9897859584462233,0.9941069925931896,0.9979175113165508,0.9936617604738576,0.0,0.0,0.0,0.0
exact_proxy_rank4_int4_per_row_hadamard,uniform_per_expert,753,753,26,32,0.9987386067708334,0.9925470313998609,0.994962401089839,0.9979969288698867,0.9949617125768829,0.0,0.0,0.0,0.0
exact_proxy_rank4_int4_per_row_hadamard,uniform_per_expert,753,753,27,32,0.9987386067708334,0.9897784773684126,0.994916926508111,0.9971435302460057,0.9943537716773707,0.0,0.0,0.0,0.0
exact_proxy_rank4_int4_per_row_hadamard,uniform_per_expert,753,753,28,32,0.9987386067708334,0.9916893941559775,0.9940646916461655,0.9967912391534753,0.9942725197749313,0.0,0.0,0.0,0.0
exact_proxy_rank4_int4_per_row_hadamard,uniform_per_expert,753,753,29,32,0.9987386067708334,0.9935383077289867,0.9958760297548767,0.9982588793049955,0.9959570522493179,0.0,0.0,0.0,0.0
exact_proxy_rank4_int4_per_row_hadamard,uniform_per_expert,753,753,30,32,0.9987386067708334,0.992426217563255,0.9951999172375038,0.9976141377370275,0.995050443259766,0.0,0.0,0.0,0.0
exact_proxy_rank4_int4_per_row_hadamard,uniform_per_expert,753,753,31,32,0.9987386067708334,0.9935696961760505,0.9961076706873868,0.9976231505611227,0.9958100787106404,0.0,0.0,0.0,0.0
exact_proxy_rank4_int4_per_row_hadamard,uniform_per_expert,753,753,32,32,0.9987386067708334,0.9927637667356858,0.9970776315369234,0.9983373024234798,0.995993491519024,0.0,0.0,0.0,0.0
exact_proxy_rank4_int4_per_row_hadamard,uniform_per_expert,753,753,33,32,0.9987386067708334,0.9947857702405202,0.9973162306068533,0.9990439780496425,0.9969360018086788,0.0,0.0,0.0,0.0
exact_proxy_rank4_int4_per_row_hadamard,uniform_per_expert,753,753,34,32,0.9987386067708334,0.9953403175220423,0.9972794391876374,0.9982769098874027,0.9969786389790669,0.0,0.0,0.0,0.0
exact_proxy_rank4_int4_per_row_hadamard,uniform_per_expert,753,753,35,32,0.9987386067708334,0.9916520935139829,0.9956463604284989,0.9979265305670207,0.9953211968970535,0.0,0.0,0.0,0.0
exact_proxy_rank4_int4_per_row_hadamard,uniform_per_expert,753,753,36,32,0.9987386067708334,0.9935806218394746,0.9957093949237088,0.9982714376939829,0.9959022632142684,0.0,0.0,0.0,0.0
exact_proxy_rank4_int4_per_row_hadamard,uniform_per_expert,753,753,37,32,0.9987386067708334,0.9937704807683229,0.9964322274456138,0.9983119976718354,0.9961824983155065,0.0,0.0,0.0,0.0
exact_proxy_rank4_int4_per_row_hadamard,uniform_per_expert,753,753,38,32,0.9987386067708334,0.9951301337731061,0.997524410887781,0.9987970200518916,0.9971925080428934,0.0,0.0,0.0,0.0
exact_proxy_rank4_int4_per_row_hadamard,uniform_per_expert,753,753,39,32,0.9987386067708334,0.9942563950009911,0.9979086234554391,0.9995663208393486,0.9973186063729459,0.0,0.0,0.0,0.0
exact_proxy_rank4_int8_per_row,pooled_exact_combined_moe_column_generated_local,749,1536,0,32,0.9987386067708334,0.9999180424261734,0.9999947744357438,0.9999989638838741,0.9999670171750696,1.7237722978835634e-05,0.00010439898253888913,0.0006987380317339149,0.0002475351595103842
exact_proxy_rank4_int8_per_row,pooled_exact_combined_moe_column_generated_local,749,1536,1,32,0.9987386067708334,0.9972760691676448,0.9987631933185235,0.9996062889876531,0.9984366572428495,0.0005216131725249929,0.001324729126004398,0.003005826750638108,0.0015568608525914907
exact_proxy_rank4_int8_per_row,pooled_exact_combined_moe_column_generated_local,749,1536,2,32,0.9987386067708334,0.9973014574765362,0.9986788358783463,0.9995822559820674,0.998484221421974,0.001049220579221577,0.002742768713090704,0.004665570729960622,0.0027929154629339516
exact_proxy_rank4_int8_per_row,pooled_exact_combined_moe_column_generated_local,749,1536,3,32,0.9987386067708334,0.9955965624501539,0.9980814614539208,0.9992429704978695,0.9976110390053308,0.0014161093387674239,0.0026618713984280507,0.005206686058900013,0.003066108222869849
exact_proxy_rank4_int8_per_row,pooled_exact_combined_moe_column_generated_local,749,1536,4,32,0.9987386067708334,0.996474946218276,0.9983689296902644,0.9993841439277068,0.9981461765517581,0.001109947603181638,0.002625094084631574,0.0047273098825275535,0.002776253567945884
exact_proxy_rank4_int8_per_row,pooled_exact_combined_moe_column_generated_local,749,1536,5,32,0.9987386067708334,0.9959353006588579,0.997602144419201,0.999432540248068,0.9974833187816801,0.0015295417545527434,0.002400927637269179,0.004020138195648748,0.0025563278997497232
exact_proxy_rank4_int8_per_row,pooled_exact_combined_moe_column_generated_local,749,1536,6,32,0.9987386067708334,0.9973839084696234,0.9986833500958425,0.9995674254690339,0.9983080942578475,0.0005357593169367903,0.0022080932248821905,0.004882035589298408,0.002656687472849837
exact_proxy_rank4_int8_per_row,pooled_exact_combined_moe_column_generated_local,749,1536,7,32,0.9987386067708334,0.9954226042158935,0.997353120067151,0.9988563186979211,0.9971825704589199,0.0006052074110961203,0.0017792252522463303,0.005216110426875843,0.0022774151669456184
exact_proxy_rank4_int8_per_row,pooled_exact_combined_moe_column_generated_local,749,1536,8,32,0.9987386067708334,0.9953740155708659,0.9976005288769962,0.9987996977496445,0.9972854498560315,0.001340551070540341,0.0023159682047455554,0.004893373356785491,0.0030717524752756527
exact_proxy_rank4_int8_per_row,pooled_exact_combined_moe_column_generated_local,749,1536,9,32,0.9987386067708334,0.9966377237981259,0.9981528993007796,0.9989609555586603,0.9978191364999648,0.0013725891956823833,0.0022442884748224423,0.004200643954194939,0.0026386277927128547
exact_proxy_rank4_int8_per_row,pooled_exact_combined_moe_column_generated_local,749,1536,10,32,0.9987386067708334,0.9957006748669004,0.9978866241224664,0.9997405120060879,0.9976888686584224,0.000523710209958228,0.002259760606027894,0.005175555189544645,0.0024198316496647325
exact_proxy_rank4_int8_per_row,pooled_exact_combined_moe_column_generated_local,749,1536,11,32,0.9987386067708334,0.9956956334136481,0.9980457839988953,0.9990467339718413,0.9975774966393041,0.0010440776827253528,0.001929000595309649,0.005159801569999634,0.0025265644038123293
exact_proxy_rank4_int8_per_row,pooled_exact_combined_moe_column_generated_local,749,1536,12,32,0.9987386067708334,0.9960223994299975,0.9981767354065076,0.999139829617523,0.9978167357768633,0.0006159170249378621,0.00252579042923351,0.005349910708521944,0.002869847539519292
exact_proxy_rank4_int8_per_row,pooled_exact_combined_moe_column_generated_local,749,1536,13,32,0.9987386067708334,0.9958754516108177,0.9975329988506791,0.9992331884444029,0.9974577601680165,0.0009069324534374367,0.002109085511467046,0.0050648013139175775,0.0026884208977012054
exact_proxy_rank4_int8_per_row,pooled_exact_combined_moe_column_generated_local,749,1536,14,32,0.9987386067708334,0.9946654920089697,0.9970313389778271,0.9989087915805603,0.9969806339492759,0.00044092671512308,0.001460838133153286,0.002522914566964185,0.0015442273585826206
exact_proxy_rank4_int8_per_row,pooled_exact_combined_moe_column_generated_local,749,1536,15,32,0.9987386067708334,0.9943154043417572,0.9964560071507487,0.9991352170494058,0.9966027309816576,0.0005249390855005309,0.0022459067053271498,0.005259841432033763,0.002593713554486201
exact_proxy_rank4_int8_per_row,pooled_exact_combined_moe_column_generated_local,749,1536,16,32,0.9987386067708334,0.9961676102515622,0.9977476795176217,0.9995737471278617,0.9977807403573221,0.0011896292852547007,0.0027392577506689664,0.0046077620954472435,0.00293898340190836
exact_proxy_rank4_int8_per_row,pooled_exact_combined_moe_column_generated_local,749,1536,17,32,0.9987386067708334,0.9953034104920062,0.996928472542568,0.9989436657665918,0.9970320707590381,0.0010562159912963609,0.003067648724290384,0.005858503508942459,0.0032806861900672724
exact_proxy_rank4_int8_per_row,pooled_exact_combined_moe_column_generated_local,749,1536,18,32,0.9987386067708334,0.994535258514267,0.9975426084681234,0.9994133035486364,0.9970677966203438,0.0006116854912867397,0.0020054702573887306,0.0043560893331196174,0.0024498089910985135
exact_proxy_rank4_int8_per_row,pooled_exact_combined_moe_column_generated_local,749,1536,19,32,0.9987386067708334,0.9945848537558651,0.99805616019891,0.9993083285506428,0.9974883726246688,0.0006168106537658202,0.001748059949703784,0.003659959588857087,0.002058171717655339
exact_proxy_rank4_int8_per_row,pooled_exact_combined_moe_column_generated_local,749,1536,20,32,0.9987386067708334,0.9942922440249131,0.9968427566446743,0.9993292602003204,0.9968957837479931,0.0008925473624013525,0.001945111863457638,0.004121260822532713,0.0022146089121619743
exact_proxy_rank4_int8_per_row,pooled_exact_combined_moe_column_generated_local,749,1536,21,32,0.9987386067708334,0.9978187260473804,0.9989479494821986,0.9995320902628244,0.998726986465762,0.000786308056555085,0.003253179930112149,0.004872417736631263,0.0032273828200355265
exact_proxy_rank4_int8_per_row,pooled_exact_combined_moe_column_generated_local,749,1536,22,32,0.9987386067708334,0.9950439667289968,0.9973432398912871,0.9989497423771312,0.9970289513722718,0.0005635383223143164,0.0019455676181134307,0.0036106792381310204,0.002052207633049037
exact_proxy_rank4_int8_per_row,pooled_exact_combined_moe_column_generated_local,749,1536,23,32,0.9987386067708334,0.9941412729130717,0.997482867282645,0.999345500131695,0.9971118067476725,0.0006251398492214456,0.0018645896064615197,0.0035458750031242994,0.002124177544728715
exact_proxy_rank4_int8_per_row,pooled_exact_combined_moe_column_generated_local,749,1536,24,32,0.9987386067708334,0.9970705333496889,0.998304877426641,0.999167658517355,0.9980448524330927,0.0017275698454456757,0.0032181978683457624,0.006884054999458834,0.003915027196698714
exact_proxy_rank4_int8_per_row,pooled_exact_combined_moe_column_generated_local,749,1536,25,32,0.9987386067708334,0.9946703198531893,0.996710178549131,0.9991803276942405,0.9966419367694719,0.0008311252382907197,0.0026576004086778515,0.005251064259955807,0.002921654931714302
exact_proxy_rank4_int8_per_row,pooled_exact_combined_moe_column_generated_local,749,1536,26,32,0.9987386067708334,0.9951346996905946,0.9972526544758116,0.9988889631412374,0.9972723654500892,0.0006347887835661092,0.0016099488740370371,0.004768194234669533,0.00229953218967684
exact_proxy_rank4_int8_per_row,pooled_exact_combined_moe_column_generated_local,749,1536,27,32,0.9987386067708334,0.9959801655757068,0.9975168933311582,0.9989275044026725,0.9975003513952929,0.000746900900014924,0.001944976694797651,0.006567901648963306,0.0030272527817014963
exact_proxy_rank4_int8_per_row,pooled_exact_combined_moe_column_generated_local,749,1536,28,32,0.9987386067708334,0.9953475018074514,0.9975492940228089,0.99891504028291,0.9973426722280663,0.0012649973732802855,0.0028764306238489024,0.004879027391415303,0.0030304833010868226
exact_proxy_rank4_int8_per_row,pooled_exact_combined_moe_column_generated_local,749,1536,29,32,0.9987386067708334,0.9964631213014074,0.9980498563211363,0.9990071632371845,0.9979287331918381,0.0006338250946156699,0.001704557263661699,0.004071726756469952,0.0019548347941754467
exact_proxy_rank4_int8_per_row,pooled_exact_combined_moe_column_generated_local,749,1536,30,32,0.9987386067708334,0.9954760658254079,0.9974035445476996,0.9991864184784416,0.997164200533938,0.0006231274305658951,0.0019940562985703014,0.0032491682144102697,0.0020299884464650315
exact_proxy_rank4_int8_per_row,pooled_exact_combined_moe_column_generated_local,749,1536,31,32,0.9987386067708334,0.9970556537052766,0.9981950690530851,0.9989388303123761,0.9979726694448411,0.0007080552366027559,0.0018234904668887886,0.003952007978979156,0.0021226886683416712
exact_proxy_rank4_int8_per_row,pooled_exact_combined_moe_column_generated_local,749,1536,32,32,0.9987386067708334,0.9952863038616911,0.9984705439922257,0.9991808456250061,0.9977846373012128,0.0007087239162877346,0.0014392975939054864,0.003083692214637857,0.0017312771997490192
exact_proxy_rank4_int8_per_row,pooled_exact_combined_moe_column_generated_local,749,1536,33,32,0.9987386067708334,0.9976996382240927,0.9989320732321483,0.9995830088917737,0.9986918118597536,0.0005726862690876522,0.001692295689408374,0.002905179354787435,0.001714678513935721
exact_proxy_rank4_int8_per_row,pooled_exact_combined_moe_column_generated_local,749,1536,34,32,0.9987386067708334,0.9965917280347251,0.9983589796632818,0.9989717787016493,0.9981230875449665,0.0006644424357802215,0.0011514540740440449,0.0017064550824674285,0.0011120814316409704
exact_proxy_rank4_int8_per_row,pooled_exact_combined_moe_column_generated_local,749,1536,35,32,0.9987386067708334,0.9935078163130696,0.9974841618858977,0.9989533646075939,0.9969834124051713,0.0008320408193100981,0.0013817522871223398,0.0023267881318076006,0.0016106634566165345
exact_proxy_rank4_int8_per_row,pooled_exact_combined_moe_column_generated_local,749,1536,36,32,0.9987386067708334,0.9965162199816513,0.9976180786952497,0.9992131688502683,0.9976207657650982,0.000844834801203953,0.0012623396077194315,0.0034080485021848253,0.0017051255902047167
exact_proxy_rank4_int8_per_row,pooled_exact_combined_moe_column_generated_local,749,1536,37,32,0.9987386067708334,0.9957573191784024,0.9975124845590302,0.9991933616342291,0.9974736390017669,0.0005279779403461138,0.0011560015748764418,0.0021574581549433256,0.0012721035554685602
exact_proxy_rank4_int8_per_row,pooled_exact_combined_moe_column_generated_local,749,1536,38,32,0.9987386067708334,0.9978827685442486,0.9989852228906343,0.9995785128740025,0.9988426072099131,0.0006121100528980073,0.001518428224328905,0.0034901730486706214,0.0016471198892812448
exact_proxy_rank4_int8_per_row,pooled_exact_combined_moe_column_generated_local,749,1536,39,32,0.9987386067708334,0.9965777628054228,0.9986992609091514,0.9996614482886976,0.9982079883444015,0.00015514601077464276,0.0006317790090925035,0.0021496848628007837,0.0009160033251040776
exact_proxy_rank4_int8_per_row,pooled_exact_combined_moe_oracle,749,1536,0,32,0.9987386067708334,0.9999134667435721,0.9999944403433554,0.9999981029131612,0.9999655648650095,1.70726113016495e-05,0.00010401773300605655,0.0006969586364114829,0.0002460828494501889
exact_proxy_rank4_int8_per_row,pooled_exact_combined_moe_oracle,749,1536,1,32,0.9987386067708334,0.9971643651801125,0.9986817329499048,0.999587303282011,0.9983650749817099,0.00042992920217153067,0.0012712411414143587,0.0028544009281638587,0.0014852785914517865
exact_proxy_rank4_int8_per_row,pooled_exact_combined_moe_oracle,749,1536,2,32,0.9987386067708334,0.9971246329329472,0.9986450892665106,0.9995698584872384,0.9984318209134188,0.0010121187914939878,0.0026694396883852334,0.004591019079675441,0.0027405149543786797
exact_proxy_rank4_int8_per_row,pooled_exact_combined_moe_oracle,749,1536,3,32,0.9987386067708334,0.9955135204387835,0.9980064319914196,0.9992232432669629,0.9975214800632395,0.001369651871200317,0.002520361547877825,0.00497795202682022,0.0029765492807786384
exact_proxy_rank4_int8_per_row,pooled_exact_combined_moe_oracle,749,1536,4,32,0.9987386067708334,0.9962507496684696,0.9982666349008045,0.9993621222670845,0.9980608862807177,0.0010469926762123993,0.002564608260720469,0.004591103832582189,0.002690963296905366
exact_proxy_rank4_int8_per_row,pooled_exact_combined_moe_oracle,749,1536,5,32,0.9987386067708334,0.9958091668168324,0.9975495528844383,0.9994104795941912,0.997380395063791,0.0014732995230433588,0.0022989233344039017,0.0039357243016311825,0.0024534041818607133
exact_proxy_rank4_int8_per_row,pooled_exact_combined_moe_oracle,749,1536,6,32,0.9987386067708334,0.9973600118601325,0.9986184985386178,0.9995498790136574,0.9982267397414537,0.000515198700737718,0.0021720160690399393,0.004826221568684242,0.00257533295645606
exact_proxy_rank4_int8_per_row,pooled_exact_combined_moe_oracle,749,1536,7,32,0.9987386067708334,0.9953388457031055,0.9972719217473758,0.9988406223682459,0.997072766413349,0.0005380575958158329,0.0016645894832672536,0.005077442527097821,0.00216761112137474
exact_proxy_rank4_int8_per_row,pooled_exact_combined_moe_oracle,749,1536,8,32,0.9987386067708334,0.9952078814853835,0.9974993987278349,0.9987249778772779,0.9971952922270245,0.001212213051087685,0.002213547127875082,0.004866126188342534,0.0029815948462686877
exact_proxy_rank4_int8_per_row,pooled_exact_combined_moe_oracle,749,1536,9,32,0.9987386067708334,0.9965640359196318,0.9980965355728526,0.998910346270929,0.9977425319943602,0.0013181274779438313,0.0021795550982935397,0.004187245896674874,0.0025620232871083233
exact_proxy_rank4_int8_per_row,pooled_exact_combined_moe_oracle,749,1536,10,32,0.9987386067708334,0.9956598548297864,0.9977704876814439,0.9997342433464416,0.9975990024582522,0.00045274160512074333,0.0020969708476685778,0.00513985570394605,0.002329965449494577
exact_proxy_rank4_int8_per_row,pooled_exact_combined_moe_oracle,749,1536,11,32,0.9987386067708334,0.9954497161342496,0.9979527026111541,0.9990016057911355,0.9974808353420561,0.0009675952663178777,0.0018626343536995438,0.005028275154603013,0.0024299031065643066
exact_proxy_rank4_int8_per_row,pooled_exact_combined_moe_oracle,749,1536,12,32,0.9987386067708334,0.9958509634944476,0.9981099109000492,0.9991118782604028,0.9977378938153634,0.0005928894840776411,0.002508107241296742,0.005294123014757724,0.0027910055780193017
exact_proxy_rank4_int8_per_row,pooled_exact_combined_moe_oracle,749,1536,13,32,0.9987386067708334,0.9956439816387483,0.9974524435229883,0.9992255551945212,0.9973556254845413,0.0007349294593261835,0.001982851723455803,0.0049530818289612154,0.0025862862142259947
exact_proxy_rank4_int8_per_row,pooled_exact_combined_moe_oracle,749,1536,14,32,0.9987386067708334,0.9945770050562146,0.9969145470052708,0.9988680806854572,0.9968693670836453,0.0003777328859945195,0.0013177274791304483,0.0024875452496542997,0.0014329604929518604
exact_proxy_rank4_int8_per_row,pooled_exact_combined_moe_oracle,749,1536,15,32,0.9987386067708334,0.9941719003716118,0.9963430471647381,0.9990913510860664,0.9964762486116563,0.00040624191980117577,0.002088000540119317,0.005037974995469086,0.002467231184484952
exact_proxy_rank4_int8_per_row,pooled_exact_combined_moe_oracle,749,1536,16,32,0.9987386067708334,0.9960357424155363,0.9976532937439808,0.9995671136288181,0.9976935110588494,0.001184191569354154,0.002597028888026931,0.004558963133542859,0.00285175410343556
exact_proxy_rank4_int8_per_row,pooled_exact_combined_moe_oracle,749,1536,17,32,0.9987386067708334,0.9951453307161623,0.9967228363207417,0.9989199888967241,0.9969210181707439,0.0010317708874964747,0.002940415230440474,0.005795777918692836,0.0031696336017730496
exact_proxy_rank4_int8_per_row,pooled_exact_combined_moe_oracle,749,1536,18,32,0.9987386067708334,0.9941211477245588,0.9974451723948633,0.999393522295889,0.9969579502477935,0.0005675713474423527,0.0018442943432614434,0.0042384654097955,0.0023399626185482865
exact_proxy_rank4_int8_per_row,pooled_exact_combined_moe_oracle,749,1536,19,32,0.9987386067708334,0.9943090715156007,0.9979612693269058,0.9992913171159904,0.9973792566644359,0.0005458996506017999,0.001613728601368325,0.0034662559305769338,0.0019490557574225187
exact_proxy_rank4_int8_per_row,pooled_exact_combined_moe_oracle,749,1536,20,32,0.9987386067708334,0.9942702746109542,0.9967747478605922,0.999319686353051,0.9967790570389461,0.0008604698933514787,0.0018344188550848406,0.004057157218881935,0.0020978822031149785
exact_proxy_rank4_int8_per_row,pooled_exact_combined_moe_oracle,749,1536,21,32,0.9987386067708334,0.9977902691393421,0.9989238935484273,0.9995106421351335,0.9986771977806286,0.000775573933843987,0.003222873680820304,0.004842759756270943,0.003177594134902196
exact_proxy_rank4_int8_per_row,pooled_exact_combined_moe_oracle,749,1536,22,32,0.9987386067708334,0.9949291376599103,0.997174496395864,0.9989328358902663,0.996891255624899,0.0005428253230867264,0.001851447294679509,0.003530889897906109,0.0019145118856762275
exact_proxy_rank4_int8_per_row,pooled_exact_combined_moe_oracle,749,1536,23,32,0.9987386067708334,0.9940330209027434,0.9974322268207533,0.9993330209649655,0.9970059137526498,0.0006064418140117045,0.001808379643404745,0.0033181328795711894,0.002018284549705967
exact_proxy_rank4_int8_per_row,pooled_exact_combined_moe_oracle,749,1536,24,32,0.9987386067708334,0.9969828705080319,0.9982180274443976,0.9991435020863315,0.9979792872085027,0.0016989045335702112,0.0031248568473584704,0.006853999074244434,0.0038494619721084547
exact_proxy_rank4_int8_per_row,pooled_exact_combined_moe_oracle,749,1536,25,32,0.9987386067708334,0.9943995522675805,0.9965833306104095,0.9991466404007936,0.9965274067497115,0.0008052571716415602,0.00249713082140679,0.00522259116717293,0.0028071249119539093
exact_proxy_rank4_int8_per_row,pooled_exact_combined_moe_oracle,749,1536,26,32,0.9987386067708334,0.99508915886359,0.9971750306702323,0.9988581833118879,0.9971832373799766,0.0005929004072788624,0.0014969188111254583,0.004643736916634435,0.0022104041195641945
exact_proxy_rank4_int8_per_row,pooled_exact_combined_moe_oracle,749,1536,27,32,0.9987386067708334,0.995742293307604,0.9974178110821901,0.9988846703685842,0.997415070061979,0.0006658376278410928,0.0018800805966138756,0.0063319678655109814,0.002941971448387589
exact_proxy_rank4_int8_per_row,pooled_exact_combined_moe_oracle,749,1536,28,32,0.9987386067708334,0.9951397976954149,0.9974829061531505,0.9988906848074711,0.9972399439906241,0.0011734917684764535,0.0027647440316561633,0.004852673473581727,0.002927755063644767
exact_proxy_rank4_int8_per_row,pooled_exact_combined_moe_oracle,749,1536,29,32,0.9987386067708334,0.9963964219007516,0.9979926193119089,0.998952008035577,0.9978562136138178,0.0005549868744894604,0.001613540424689086,0.003953007987280567,0.0018823152161551553
exact_proxy_rank4_int8_per_row,pooled_exact_combined_moe_oracle,749,1536,30,32,0.9987386067708334,0.9952040367444795,0.9973127735007477,0.9991622484768621,0.9970598447621678,0.0005718397113059104,0.0019612309575140485,0.003067242212354393,0.0019256326746948625
exact_proxy_rank4_int8_per_row,pooled_exact_combined_moe_oracle,749,1536,31,32,0.9987386067708334,0.9969007468709639,0.9981519778019081,0.9988868554088154,0.997901950306044,0.0006368192439623277,0.001742942284056137,0.003930573997280185,0.0020519695295446137
exact_proxy_rank4_int8_per_row,pooled_exact_combined_moe_oracle,749,1536,32,32,0.9987386067708334,0.9951576268891225,0.9984592845795752,0.9991597347529954,0.997693633802093,0.0006280747870231029,0.0013616131702481327,0.003019296312744047,0.0016402737006290732
exact_proxy_rank4_int8_per_row,pooled_exact_combined_moe_oracle,749,1536,33,32,0.9987386067708334,0.9976367842491103,0.9988874942369589,0.999578825033719,0.9986367976284809,0.0005299404259321739,0.001663802601502895,0.002878141682200375,0.0016596642826628635
exact_proxy_rank4_int8_per_row,pooled_exact_combined_moe_oracle,749,1536,34,32,0.9987386067708334,0.9965212698667539,0.998302596243241,0.9989379759439141,0.9980526914141368,0.0005329862060806545,0.0010129833214336248,0.0016427091160799436,0.0010416853008111716
exact_proxy_rank4_int8_per_row,pooled_exact_combined_moe_oracle,749,1536,35,32,0.9987386067708334,0.9932954816034546,0.9974202217860516,0.9988843011237629,0.9968913337286016,0.0007677447641249891,0.0013233554008413306,0.0023243572449002,0.0015185847800468916
exact_proxy_rank4_int8_per_row,pooled_exact_combined_moe_oracle,749,1536,36,32,0.9987386067708334,0.9964178784563315,0.9975458203151473,0.9991719209947331,0.997535793604943,0.0007656791572513532,0.0012123502512695339,0.0033110584745760243,0.0016201534300497138
exact_proxy_rank4_int8_per_row,pooled_exact_combined_moe_oracle,749,1536,37,32,0.9987386067708334,0.9955876852250741,0.9974305267727058,0.9991942985606572,0.9973748762107757,0.0005126085980682205,0.0010074749895853663,0.0020356969694347304,0.0011733407644773167
exact_proxy_rank4_int8_per_row,pooled_exact_combined_moe_oracle,749,1536,38,32,0.9987386067708334,0.9978186791997408,0.9989663888491739,0.9995597315886869,0.9987971048168471,0.0005953219876565164,0.001485484102247081,0.003412624756989582,0.0016016174962153497
exact_proxy_rank4_int8_per_row,pooled_exact_combined_moe_oracle,749,1536,39,32,0.9987386067708334,0.9964189583012724,0.998656211889877,0.9996474904932948,0.9981225698930662,0.0001501264845007011,0.0005759812515102047,0.002111045525073997,0.0008305848737687541
exact_proxy_rank4_int8_per_row,pooled_router_square_column_generated,749,1536,0,32,0.9987386067708334,0.9999148275889211,0.9999946989990216,0.9999989580164141,0.9999667702248832,1.7205188067470623e-05,0.00010438410103807971,0.0006983427151108342,0.00024728820932399045
exact_proxy_rank4_int8_per_row,pooled_router_square_column_generated,749,1536,1,32,0.9987386067708334,0.9972341721462294,0.9987625309951209,0.9995993539283957,0.9984156780581666,0.00051382072992886,0.0013177916317891336,0.0028764879486739784,0.0015358816679084814
exact_proxy_rank4_int8_per_row,pooled_router_square_column_generated,749,1536,2,32,0.9987386067708334,0.997219712801213,0.9986554222456923,0.9995692849153186,0.9984584540005681,0.0010313433358449032,0.00268301518218933,0.004653063642577438,0.0027671480415279136
exact_proxy_rank4_int8_per_row,pooled_router_square_column_generated,749,1536,3,32,0.9987386067708334,0.995428117326983,0.9980644931325465,0.9992260226168971,0.9975577346212383,0.0013853114782711562,0.002564013534559151,0.005110180859795754,0.003012803838777417
exact_proxy_rank4_int8_per_row,pooled_router_square_column_generated,749,1536,4,32,0.9987386067708334,0.9963781588936419,0.9982905934858518,0.9993773515152852,0.9981160464828005,0.001065852429516212,0.0026002095099921796,0.0046921067549988045,0.0027461234989881803
exact_proxy_rank4_int8_per_row,pooled_router_square_column_generated,749,1536,5,32,0.9987386067708334,0.9958768115497165,0.9975494669332812,0.9994311791620766,0.997436798142811,0.001505084687252678,0.002334682552749545,0.003952351810181265,0.0025098072608807087
exact_proxy_rank4_int8_per_row,pooled_router_square_column_generated,749,1536,6,32,0.9987386067708334,0.9973578079033072,0.9986489328990906,0.9995665910046426,0.9982725893917689,0.0005352195754378397,0.0021883306760618892,0.004877586644147659,0.0026211826067712926
exact_proxy_rank4_int8_per_row,pooled_router_square_column_generated,749,1536,7,32,0.9987386067708334,0.9953417510605831,0.9972982517414222,0.9988485142731829,0.9971357494795907,0.0005973024778903491,0.0017295748114370957,0.005158532134320794,0.002230594187616477
exact_proxy_rank4_int8_per_row,pooled_router_square_column_generated,749,1536,8,32,0.9987386067708334,0.9953641479725401,0.997529937737426,0.9987796883828491,0.9972337483489043,0.0012762047532297927,0.002206279631697894,0.004887067049156236,0.003020050968148471
exact_proxy_rank4_int8_per_row,pooled_router_square_column_generated,749,1536,9,32,0.9987386067708334,0.9965472667382792,0.9981286819678876,0.9989509874648569,0.9977822657038413,0.0012938251405250623,0.002234404107780863,0.004132547170474655,0.002601756996589346
exact_proxy_rank4_int8_per_row,pooled_router_square_column_generated,749,1536,10,32,0.9987386067708334,0.9956924359212842,0.9978349806714779,0.9997374385203949,0.9976516572259808,0.0005182407645320297,0.0022326673806649655,0.00516422127128624,0.00238262021722312
exact_proxy_rank4_int8_per_row,pooled_router_square_column_generated,749,1536,11,32,0.9987386067708334,0.9955805252993488,0.9979917115302346,0.9990467339718413,0.9975298008645871,0.0010224491435499084,0.0018504495337366977,0.005050517128774157,0.0024788686290952884
exact_proxy_rank4_int8_per_row,pooled_router_square_column_generated,749,1536,12,32,0.9987386067708334,0.99592487816062,0.9981632073663955,0.9991385127383653,0.9977780950962276,0.000613170747575087,0.00251853941264113,0.00534760553510032,0.0028312068588836024
exact_proxy_rank4_int8_per_row,pooled_router_square_column_generated,749,1536,13,32,0.9987386067708334,0.99581814632113,0.9974783298605869,0.9992282610605707,0.9974003227882802,0.0007736852638769998,0.0020648676785495756,0.004989779535638561,0.0026309835179648966
exact_proxy_rank4_int8_per_row,pooled_router_square_column_generated,749,1536,14,32,0.9987386067708334,0.9946298148568621,0.9969965093433734,0.9988865383668728,0.996930450884525,0.0004136186612706316,0.0014294728530468426,0.0025032332701226847,0.0014940442938316846
exact_proxy_rank4_int8_per_row,pooled_router_square_column_generated,749,1536,15,32,0.9987386067708334,0.994208206621938,0.9964213629544281,0.9991279716662406,0.996512971688624,0.0004461161329104457,0.0021544035508546666,0.0051257195319415645,0.0025039542614525255
exact_proxy_rank4_int8_per_row,pooled_router_square_column_generated,749,1536,16,32,0.9987386067708334,0.996058635179728,0.9976999611573483,0.9995724335654121,0.9977301290492078,0.0011340430534996226,0.0026376198674077367,0.0045317514606713185,0.002888372093794011
exact_proxy_rank4_int8_per_row,pooled_router_square_column_generated,749,1536,17,32,0.9987386067708334,0.9951758726599276,0.9968156755570442,0.9989406858987068,0.996972599350302,0.0010513890836088224,0.002992504944358265,0.005820945299136149,0.0032212147813311456
exact_proxy_rank4_int8_per_row,pooled_router_square_column_generated,749,1536,18,32,0.9987386067708334,0.9942467668982219,0.9974964780294374,0.9994090029260343,0.9970109560663556,0.0005901779577121569,0.0018621854859009468,0.00432416836612597,0.002392968437110232
exact_proxy_rank4_int8_per_row,pooled_router_square_column_generated,749,1536,19,32,0.9987386067708334,0.9943690755680056,0.9980065184819186,0.9992913572623213,0.9974440480085491,0.0006168106537658202,0.001656787578156571,0.003487531095223917,0.002013847101535675
exact_proxy_rank4_int8_per_row,pooled_router_square_column_generated,749,1536,20,32,0.9987386067708334,0.9941198332133566,0.996820960107462,0.9993169282178128,0.996834860911411,0.0008533226696543883,0.001901489745017415,0.004064597139290904,0.0021536860755799435
exact_proxy_rank4_int8_per_row,pooled_router_square_column_generated,749,1536,21,32,0.9987386067708334,0.9978180695971945,0.9989379426669626,0.999529903054049,0.998711950674612,0.0007861931178434367,0.003253179930112149,0.004848523235605696,0.003212347028885631
exact_proxy_rank4_int8_per_row,pooled_router_square_column_generated,749,1536,22,32,0.9987386067708334,0.994939555994205,0.997321541717417,0.9989144600720749,0.996975000977266,0.0005258791879441671,0.0018977827089142751,0.0035224473170506368,0.001998257238043196
exact_proxy_rank4_int8_per_row,pooled_router_square_column_generated,749,1536,23,32,0.9987386067708334,0.9939867316638892,0.9974593174336992,0.9993431432757316,0.9970547868223287,0.0006251398492214456,0.0018478040572713628,0.003538328551912285,0.002067157619384804
exact_proxy_rank4_int8_per_row,pooled_router_square_column_generated,749,1536,24,32,0.9987386067708334,0.9970144378049102,0.9982720037022299,0.9991331157845211,0.9980075305841543,0.0017043926397462105,0.0031663409370325524,0.006844636176762898,0.0038777053477602186
exact_proxy_rank4_int8_per_row,pooled_router_square_column_generated,749,1536,25,32,0.9987386067708334,0.9945592399135662,0.9966325446997978,0.999173269560247,0.9965814515224911,0.0008183419077314902,0.0026419628657011196,0.005249830015125912,0.0028611696847336346
exact_proxy_rank4_int8_per_row,pooled_router_square_column_generated,749,1536,26,32,0.9987386067708334,0.9951295455345429,0.9971902594441693,0.9988840698757168,0.9972274774507743,0.0006166808073208241,0.0015471350984297416,0.0047278403713891925,0.0022546441903619208
exact_proxy_rank4_int8_per_row,pooled_router_square_column_generated,749,1536,27,32,0.9987386067708334,0.9958863989723497,0.9975051996414721,0.9989247937856557,0.9974530381258064,0.0006362608608958654,0.001944976694797651,0.006457288850899692,0.002979939512214976
exact_proxy_rank4_int8_per_row,pooled_router_square_column_generated,749,1536,28,32,0.9987386067708334,0.9953135397100127,0.9974942650996441,0.9988924363393998,0.9972955149552898,0.0012560371418931294,0.0027739032587870693,0.004850830064093903,0.002983326028310463
exact_proxy_rank4_int8_per_row,pooled_router_square_column_generated,749,1536,29,32,0.9987386067708334,0.9964574508036081,0.9980289721236955,0.9989765863227043,0.9978856369095639,0.0005976967132747091,0.001671774982731189,0.004020521228463903,0.0019117385119012918
exact_proxy_rank4_int8_per_row,pooled_router_square_column_generated,749,1536,30,32,0.9987386067708334,0.9953621758089262,0.9973685361760307,0.9991656184676745,0.9971201353785815,0.0005965401918795688,0.0019657120204137346,0.0032288732566448266,0.001985923291108603
exact_proxy_rank4_int8_per_row,pooled_router_square_column_generated,749,1536,31,32,0.9987386067708334,0.9970358700219424,0.9981724327163369,0.9989222887184365,0.9979366042779798,0.0006905963979970786,0.00178895505337906,0.003929914474757358,0.0020866235014803704
exact_proxy_rank4_int8_per_row,pooled_router_square_column_generated,749,1536,32,32,0.9987386067708334,0.9952315481498935,0.9984436635981074,0.9991708987477708,0.9977457244433248,0.0007051776621320837,0.001396198086706435,0.003073972246596502,0.00169236434186101
exact_proxy_rank4_int8_per_row,pooled_router_square_column_generated,749,1536,33,32,0.9987386067708334,0.9976753077562761,0.99890050961154,0.9995721022984808,0.998672395877992,0.0005366719509787398,0.0016572165142343387,0.002887813775053405,0.0016952625321740092
exact_proxy_rank4_int8_per_row,pooled_router_square_column_generated,749,1536,34,32,0.9987386067708334,0.9965600289001394,0.9982848995609482,0.9989699991813289,0.9980806820228327,0.0005981373908094834,0.001084897995278833,0.0016678347143956,0.0010696759095071007
exact_proxy_rank4_int8_per_row,pooled_router_square_column_generated,749,1536,35,32,0.9987386067708334,0.9933023616418345,0.9974752233490988,0.9989368284476668,0.9969278325593369,0.0007921261159098858,0.0013239977291741867,0.002325932752071347,0.00155508361078225
exact_proxy_rank4_int8_per_row,pooled_router_square_column_generated,749,1536,36,32,0.9987386067708334,0.9965117630120676,0.99752331975892,0.9992057313491667,0.9975731225852335,0.0008040563507016763,0.0011988983597402414,0.0033891645325901843,0.0016574824103400658
exact_proxy_rank4_int8_per_row,pooled_router_square_column_generated,749,1536,37,32,0.9987386067708334,0.9957503998590208,0.9974345238328126,0.999183347520285,0.9974138938781016,0.0005133090164684551,0.0011153976144129274,0.002085232022939765,0.001212358431803326
exact_proxy_rank4_int8_per_row,pooled_router_square_column_generated,749,1536,38,32,0.9987386067708334,0.9978097033289015,0.9989852228906343,0.9995692472203662,0.9988214564381375,0.0006059780759898991,0.0015160399798564428,0.0034306118979281837,0.0016259691175055865
exact_proxy_rank4_int8_per_row,pooled_router_square_column_generated,749,1536,39,32,0.9987386067708334,0.9964912356491581,0.9986885977394893,0.9996469460428687,0.998174399428408,0.00015384208826941804,0.0006070682226282931,0.0021124287932040697,0.0008824144091107086
exact_proxy_rank4_int8_per_row,pooled_router_square_compressed,749,1536,0,32,0.9987386067708334,0.9999134667435721,0.99999443124737,0.9999980242072775,0.9999647648856363,1.70726113016495e-05,0.00010401773300605655,0.0006969509755146104,0.0002452828700770064
exact_proxy_rank4_int8_per_row,pooled_router_square_compressed,749,1536,1,32,0.9987386067708334,0.9971348853271338,0.9986771978764857,0.9995827532506403,0.9983490814197208,0.00040682051241254237,0.0012685175670977267,0.0028176576230847907,0.001469285029462742
exact_proxy_rank4_int8_per_row,pooled_router_square_compressed,749,1536,2,32,0.9987386067708334,0.9971246329329472,0.9986329543116377,0.9995635737774452,0.9984124145519149,0.0010059994532804373,0.0026630225115789052,0.004573312080849746,0.0027211085928746867
exact_proxy_rank4_int8_per_row,pooled_router_square_compressed,749,1536,3,32,0.9987386067708334,0.9954072545194939,0.997959756028162,0.9992105289553892,0.9974852487214984,0.0013692412145485332,0.0025153025132658713,0.0049051088757007585,0.0029403179390374637
exact_proxy_rank4_int8_per_row,pooled_router_square_compressed,749,1536,4,32,0.9987386067708334,0.9962500966679684,0.9982134062472361,0.9993531834842653,0.9980414628832053,0.0010469497697309094,0.0025485614184804772,0.004581222705807831,0.0026715398993929565
exact_proxy_rank4_int8_per_row,pooled_router_square_compressed,749,1536,5,32,0.9987386067708334,0.9955980330070094,0.9975367054879896,0.9994026595644784,0.997338780938937,0.0014167965893549738,0.002258163981456951,0.003926525658945757,0.0024117900570067297
exact_proxy_rank4_int8_per_row,pooled_router_square_compressed,749,1536,6,32,0.9987386067708334,0.9973141265042035,0.9985786922579798,0.999542039384657,0.9981950698349349,0.0005070891911324593,0.0021081112919557055,0.004821211796901094,0.002543663049937212
exact_proxy_rank4_int8_per_row,pooled_router_square_compressed,749,1536,7,32,0.9987386067708334,0.9952028576233598,0.9972337338155841,0.9988360492339522,0.9970356047514036,0.0004936155371060957,0.001619269739522533,0.005061021753842622,0.002130449459429331
exact_proxy_rank4_int8_per_row,pooled_router_square_compressed,749,1536,8,32,0.9987386067708334,0.9952015380137429,0.9974319640396536,0.9986860788616353,0.9971501710492352,0.0011638167744972504,0.00215860203558782,0.004866126188342534,0.002936473668479326
exact_proxy_rank4_int8_per_row,pooled_router_square_compressed,749,1536,9,32,0.9987386067708334,0.9965017597072954,0.9980517814950758,0.9988928766778714,0.99771423562822,0.0012715444976479583,0.0021698497688171225,0.004095555913607396,0.0025337269209681768
exact_proxy_rank4_int8_per_row,pooled_router_square_compressed,749,1536,10,32,0.9987386067708334,0.9956557930978386,0.9977700521906764,0.9997331984116559,0.9975678101532017,0.0004301135811483725,0.002067107332906659,0.0051147076172124,0.0022987731444440752
exact_proxy_rank4_int8_per_row,pooled_router_square_compressed,749,1536,11,32,0.9987386067708334,0.9954137714125505,0.9979110344002409,0.998995359194432,0.9974416288152332,0.0009675952663178777,0.0018039380969261387,0.004913915856647577,0.002390696579741447
exact_proxy_rank4_int8_per_row,pooled_router_square_compressed,749,1536,12,32,0.9987386067708334,0.995701415620584,0.9980831513583398,0.9991062061605509,0.9976867253064636,0.0005900300444567575,0.00250495607471235,0.005269862536947645,0.002739837069119528
exact_proxy_rank4_int8_per_row,pooled_router_square_compressed,749,1536,13,32,0.9987386067708334,0.9956332461582341,0.9973545539954762,0.999220918746709,0.9973276442191767,0.0006612827406166755,0.0019769631595333848,0.0048983639083174275,0.0025583049488615353
exact_proxy_rank4_int8_per_row,pooled_router_square_compressed,749,1536,14,32,0.9987386067708334,0.9944962365263458,0.9968662517247602,0.9988484295103884,0.9968320341418749,0.00030129418127087246,0.0013177274791304483,0.0024370798889436053,0.0013956275511815275
exact_proxy_rank4_int8_per_row,pooled_router_square_compressed,749,1536,15,32,0.9987386067708334,0.9940084372785041,0.9963312773181461,0.9990913510860664,0.9964093076123877,0.0003124253138234279,0.001918600738408216,0.005037974995469086,0.002400290185216359
exact_proxy_rank4_int8_per_row,pooled_router_square_compressed,749,1536,16,32,0.9987386067708334,0.9960141943064723,0.9975725099431543,0.999557585636805,0.9976601027297054,0.0011476927028258865,0.002563952932345792,0.004520892891384898,0.0028183457742916307
exact_proxy_rank4_int8_per_row,pooled_router_square_compressed,749,1536,17,32,0.9987386067708334,0.9951370812940538,0.9966929050438147,0.9989002850948335,0.9968907063177732,0.0010050686887104533,0.002940415230440474,0.005795777918692836,0.0031393217488024094
exact_proxy_rank4_int8_per_row,pooled_router_square_compressed,749,1536,18,32,0.9987386067708334,0.9939567938560012,0.997437939300406,0.9993829164197077,0.9969155799585295,0.0005150013697343914,0.0017522010712849867,0.004210146268317494,0.002297592329284146
exact_proxy_rank4_int8_per_row,pooled_router_square_compressed,749,1536,19,32,0.9987386067708334,0.9943058050383541,0.9979525013313646,0.9992899673550757,0.9973542478307621,0.0005458996506017999,0.0016091085024232399,0.003463843631759256,0.0019240469237486284
exact_proxy_rank4_int8_per_row,pooled_router_square_compressed,749,1536,20,32,0.9987386067708334,0.9938469123537351,0.996716004180016,0.999312673745941,0.9967197467400826,0.0008576781649404453,0.0017620180833688992,0.004057157218881935,0.002038571904251281
exact_proxy_rank4_int8_per_row,pooled_router_square_compressed,749,1536,21,32,0.9987386067708334,0.997773876817156,0.998882406360202,0.999508015432062,0.9986610169142741,0.0007651182147549229,0.0032145511924752124,0.004838250358292906,0.003161413268547658
exact_proxy_rank4_int8_per_row,pooled_router_square_compressed,749,1536,22,32,0.9987386067708334,0.9948244361932018,0.9971517435790038,0.998913030193884,0.996850491571554,0.0004968679063417358,0.0018077965305934307,0.0034512947694010925,0.0018737478323312476
exact_proxy_rank4_int8_per_row,pooled_router_square_compressed,749,1536,23,32,0.9987386067708334,0.9937617478222892,0.997398765346651,0.9993321865420924,0.9969551867000086,0.0005959913229611092,0.001804207529039925,0.0033181328795711894,0.001967557497064787
exact_proxy_rank4_int8_per_row,pooled_router_square_compressed,749,1536,24,32,0.9987386067708334,0.9968431611144263,0.9982145975440897,0.9991024636463453,0.9979368418723025,0.0016628344108770565,0.003096073237235264,0.006781289166584204,0.0038070166359083953
exact_proxy_rank4_int8_per_row,pooled_router_square_compressed,749,1536,25,32,0.9987386067708334,0.9943251230458515,0.9965573607119094,0.9991398338544542,0.996477468926023,0.0007943890228337081,0.002458266704080503,0.0052115472631587565,0.0027571870882654517
exact_proxy_rank4_int8_per_row,pooled_router_square_compressed,749,1536,26,32,0.9987386067708334,0.9950829081224377,0.9971600492649028,0.9988389201395246,0.9971423470497776,0.0005492609246726899,0.0014463403428485733,0.004643736916634435,0.00216951378936521
exact_proxy_rank4_int8_per_row,pooled_router_square_compressed,749,1536,27,32,0.9987386067708334,0.9956886893225807,0.9973839530284143,0.9988729684603231,0.9973744236958993,0.0006628977755154475,0.0018800805966138756,0.006311113577662588,0.0029013250823079102
exact_proxy_rank4_int8_per_row,pooled_router_square_compressed,749,1536,28,32,0.9987386067708334,0.9951090533811942,0.9974704860775506,0.9988906848074711,0.9972079520785819,0.001131460094850345,0.0026524478627193426,0.004852673473581727,0.002895763151602476
exact_proxy_rank4_int8_per_row,pooled_router_square_compressed,749,1536,29,32,0.9987386067708334,0.9963106014502079,0.9979470741063492,0.9989389193533093,0.9978266526080471,0.0005500337239946473,0.0015526338562189546,0.003953007987280567,0.0018527542103844545
exact_proxy_rank4_int8_per_row,pooled_router_square_compressed,749,1536,30,32,0.9987386067708334,0.9951565890228857,0.9972578059422208,0.9991426392585029,0.9970212932173614,0.0004954547278544719,0.0019387019896296986,0.0030560076027206454,0.0018870811298885397
exact_proxy_rank4_int8_per_row,pooled_router_square_compressed,749,1536,31,32,0.9987386067708334,0.9968720267430026,0.9981259179325388,0.9988860997875354,0.9978705512430878,0.0006184820051579276,0.0017144307101120138,0.003889124467685835,0.002020570466588316
exact_proxy_rank4_int8_per_row,pooled_router_square_compressed,749,1536,32,32,0.9987386067708334,0.9951544413820964,0.9984175111245128,0.9991597295810462,0.9976715356326654,0.0006072009245098542,0.0013488665706503644,0.0029928342073627717,0.0016181755312015544
exact_proxy_rank4_int8_per_row,pooled_router_square_compressed,749,1536,33,32,0.9987386067708334,0.9975947846556917,0.9988551517946074,0.9995493984977533,0.9986183636320956,0.0004945153457844631,0.001627902346558463,0.002871030454989887,0.001641230286277471
exact_proxy_rank4_int8_per_row,pooled_router_square_compressed,749,1536,34,32,0.9987386067708334,0.9964395261104046,0.9982571476471988,0.9989375583714342,0.998017404114747,0.0004770561951172869,0.0010051154301184972,0.001607167151003997,0.001006398001421483
exact_proxy_rank4_int8_per_row,pooled_router_square_compressed,749,1536,35,32,0.9987386067708334,0.9932945116542846,0.9973716007027014,0.9988807269585398,0.9968554162584446,0.0007499898971698116,0.0012191722780521275,0.0023243572449002,0.0014826673098899644
exact_proxy_rank4_int8_per_row,pooled_router_square_compressed,749,1536,36,32,0.9987386067708334,0.9964168179132703,0.9974852543157067,0.9991699153143297,0.9974918160518386,0.0006674961501993759,0.0011606199113867732,0.0033110584745760243,0.0015761758769451996
exact_proxy_rank4_int8_per_row,pooled_router_square_compressed,749,1536,37,32,0.9987386067708334,0.9955858216694213,0.9973507945929904,0.9991748632323835,0.9973134303518236,0.00045856957601161377,0.0009324028750871682,0.001966810843867395,0.0011118949055251223
exact_proxy_rank4_int8_per_row,pooled_router_square_compressed,749,1536,38,32,0.9987386067708334,0.9976804199544288,0.998961877407358,0.9995490874993191,0.9987722353809687,0.0005319455718290067,0.0014573657913724558,0.003412624756989582,0.0015767480603367627
exact_proxy_rank4_int8_per_row,pooled_router_square_compressed,749,1536,39,32,0.9987386067708334,0.99629556998428,0.998645496444763,0.9996384518131517,0.998095072100289,0.00014770009305663525,0.0005435232351925223,0.002091582751440081,0.0008030870809915547
exact_proxy_rank4_int8_per_row,uniform_per_expert,749,749,0,32,0.9987386067708334,0.9992276759001307,0.9998908751433053,0.9999798620716428,0.9997194820155593,0.0,0.0,0.0,0.0
exact_proxy_rank4_int8_per_row,uniform_per_expert,749,749,1,32,0.9987386067708334,0.9940856882694714,0.9971390544203839,0.9990766629293483,0.996879796390258,0.0,0.0,0.0,0.0
exact_proxy_rank4_int8_per_row,uniform_per_expert,749,749,2,32,0.9987386067708334,0.9937003255809191,0.9957493934865882,0.9977971136629517,0.9956913059590402,0.0,0.0,0.0,0.0
exact_proxy_rank4_int8_per_row,uniform_per_expert,749,749,3,32,0.9987386067708334,0.9915387026307086,0.9944812200604782,0.997046533342523,0.9945449307824609,0.0,0.0,0.0,0.0
exact_proxy_rank4_int8_per_row,uniform_per_expert,749,749,4,32,0.9987386067708334,0.9919515030969006,0.9954425342370454,0.9977328493259909,0.9953699229838123,0.0,0.0,0.0,0.0
exact_proxy_rank4_int8_per_row,uniform_per_expert,749,749,5,32,0.9987386067708334,0.9928863792858948,0.9945672189936363,0.9972864262289866,0.9949269908819303,0.0,0.0,0.0,0.0
exact_proxy_rank4_int8_per_row,uniform_per_expert,749,749,6,32,0.9987386067708334,0.9927245389673165,0.996013615777787,0.9989848610054058,0.9956514067849975,0.0,0.0,0.0,0.0
exact_proxy_rank4_int8_per_row,uniform_per_expert,749,749,7,32,0.9987386067708334,0.9915131613269804,0.9950796337141752,0.9975550028229012,0.9949051552919743,0.0,0.0,0.0,0.0
exact_proxy_rank4_int8_per_row,uniform_per_expert,749,749,8,32,0.9987386067708334,0.9912313731346448,0.9946540605126875,0.9971118728956684,0.9942136973807558,0.0,0.0,0.0,0.0
exact_proxy_rank4_int8_per_row,uniform_per_expert,749,749,9,32,0.9987386067708334,0.9934022456309238,0.995770340981267,0.9971180374933241,0.9951805087072519,0.0,0.0,0.0,0.0
exact_proxy_rank4_int8_per_row,uniform_per_expert,749,749,10,32,0.9987386067708334,0.9917964925709405,0.995021454410975,0.9984730442818792,0.9952690370087577,0.0,0.0,0.0,0.0
exact_proxy_rank4_int8_per_row,uniform_per_expert,749,749,11,32,0.9987386067708334,0.9910511681557018,0.9959408025148903,0.9975565012049016,0.9950509322354917,0.0,0.0,0.0,0.0
exact_proxy_rank4_int8_per_row,uniform_per_expert,749,749,12,32,0.9987386067708334,0.9916194327227954,0.9952335890542972,0.9978634267793949,0.994946888237344,0.0,0.0,0.0,0.0
exact_proxy_rank4_int8_per_row,uniform_per_expert,749,749,13,32,0.9987386067708334,0.9911484206133852,0.9947607346978422,0.9977982180266893,0.9947693392703152,0.0,0.0,0.0,0.0
exact_proxy_rank4_int8_per_row,uniform_per_expert,749,749,14,32,0.9987386067708334,0.9923849228877863,0.9957392574249015,0.9980426785145697,0.9954364065906933,0.0,0.0,0.0,0.0
exact_proxy_rank4_int8_per_row,uniform_per_expert,749,749,15,32,0.9987386067708334,0.9908075776028973,0.9940687730396174,0.9978101640823211,0.9940090174271714,0.0,0.0,0.0,0.0
exact_proxy_rank4_int8_per_row,uniform_per_expert,749,749,16,32,0.9987386067708334,0.9925151776856365,0.9947205046327259,0.9982388662899145,0.9948417569554138,0.0,0.0,0.0,0.0
exact_proxy_rank4_int8_per_row,uniform_per_expert,749,749,17,32,0.9987386067708334,0.9903380391183745,0.9936495634703245,0.9978468184971625,0.9937513845689708,0.0,0.0,0.0,0.0
exact_proxy_rank4_int8_per_row,uniform_per_expert,749,749,18,32,0.9987386067708334,0.9908697678986487,0.9947220724392459,0.9986122927638013,0.9946179876292454,0.0,0.0,0.0,0.0
exact_proxy_rank4_int8_per_row,uniform_per_expert,749,749,19,32,0.9987386067708334,0.9918401102152989,0.9960692558960693,0.998514494447386,0.9954302009070135,0.0,0.0,0.0,0.0
exact_proxy_rank4_int8_per_row,uniform_per_expert,749,749,20,32,0.9987386067708334,0.991325814307482,0.9948961337477108,0.9982864347955893,0.9946811748358312,0.0,0.0,0.0,0.0
exact_proxy_rank4_int8_per_row,uniform_per_expert,749,749,21,32,0.9987386067708334,0.9921252391500859,0.9956834300351891,0.9980873355913874,0.9954996036457264,0.0,0.0,0.0,0.0
exact_proxy_rank4_int8_per_row,uniform_per_expert,749,749,22,32,0.9987386067708334,0.9911061184234368,0.9951780505552213,0.9983862040548168,0.9949767437392227,0.0,0.0,0.0,0.0
exact_proxy_rank4_int8_per_row,uniform_per_expert,749,749,23,32,0.9987386067708334,0.9913906708095035,0.99527624730646,0.9986438053890685,0.9949876292029439,0.0,0.0,0.0,0.0
exact_proxy_rank4_int8_per_row,uniform_per_expert,749,749,24,32,0.9987386067708334,0.9913310243279585,0.9943425111681503,0.996360643326097,0.9941298252363941,0.0,0.0,0.0,0.0
exact_proxy_rank4_int8_per_row,uniform_per_expert,749,749,25,32,0.9987386067708334,0.9903034133986264,0.9941676877110524,0.9979119712849954,0.9937202818377575,0.0,0.0,0.0,0.0
exact_proxy_rank4_int8_per_row,uniform_per_expert,749,749,26,32,0.9987386067708334,0.9926669380314397,0.9949400577913027,0.9980036352739284,0.9949728332604124,0.0,0.0,0.0,0.0
exact_proxy_rank4_int8_per_row,uniform_per_expert,749,749,27,32,0.9987386067708334,0.9903008807538537,0.9950673559297465,0.9971061760262487,0.9944730986135915,0.0,0.0,0.0,0.0
exact_proxy_rank4_int8_per_row,uniform_per_expert,749,749,28,32,0.9987386067708334,0.9916499381046918,0.9941107899013784,0.9969881940774714,0.9943121889269794,0.0,0.0,0.0,0.0
exact_proxy_rank4_int8_per_row,uniform_per_expert,749,749,29,32,0.9987386067708334,0.9936580743692996,0.9960907296961944,0.9983069570960709,0.9959738983976627,0.0,0.0,0.0,0.0
exact_proxy_rank4_int8_per_row,uniform_per_expert,749,749,30,32,0.9987386067708334,0.9928516176354614,0.9951665076551854,0.9978087029429041,0.9951342120874729,0.0,0.0,0.0,0.0
exact_proxy_rank4_int8_per_row,uniform_per_expert,749,749,31,32,0.9987386067708334,0.9937812621077492,0.9961508696744653,0.9975782716078008,0.9958499807764994,0.0,0.0,0.0,0.0
exact_proxy_rank4_int8_per_row,uniform_per_expert,749,749,32,32,0.9987386067708334,0.9929738795725938,0.997118010067773,0.9983609108245681,0.9960533601014638,0.0,0.0,0.0,0.0
exact_proxy_rank4_int8_per_row,uniform_per_expert,749,749,33,32,0.9987386067708334,0.994773351550964,0.9972857451741723,0.9990741701199759,0.9969771333458181,0.0,0.0,0.0,0.0
exact_proxy_rank4_int8_per_row,uniform_per_expert,749,749,34,32,0.9987386067708334,0.9956279720331386,0.9972013354839397,0.9982811083694889,0.9970110061133255,0.0,0.0,0.0,0.0
exact_proxy_rank4_int8_per_row,uniform_per_expert,749,749,35,32,0.9987386067708334,0.9918320821910713,0.9956944691588412,0.9979271508471583,0.9953727489485547,0.0,0.0,0.0,0.0
exact_proxy_rank4_int8_per_row,uniform_per_expert,749,749,36,32,0.9987386067708334,0.9937158308463767,0.9958482978521903,0.9982210027003672,0.9959156401748934,0.0,0.0,0.0,0.0
exact_proxy_rank4_int8_per_row,uniform_per_expert,749,749,37,32,0.9987386067708334,0.9936004283449242,0.9964537428267959,0.9984106209276389,0.9962015354462984,0.0,0.0,0.0,0.0
exact_proxy_rank4_int8_per_row,uniform_per_expert,749,749,38,32,0.9987386067708334,0.9951021450867933,0.9974318088765685,0.9987922859637071,0.9971954873206319,0.0,0.0,0.0,0.0
exact_proxy_rank4_int8_per_row,uniform_per_expert,749,749,39,32,0.9987386067708334,0.9943235694772696,0.9979446010658317,0.9995719696940626,0.9972919850192974,0.0,0.0,0.0,0.0
exact_proxy_rank4_int8_plus_euclidean_tail4_int4,pooled_exact_combined_moe_column_generated_local,741,1536,0,32,0.9987386067708334,0.9999079819387986,0.9999934342395438,0.9999986048006504,0.9999630782083548,2.1013877999531694e-05,0.00012235807082261463,0.0007594614870745203,0.00030112330958717223
exact_proxy_rank4_int8_plus_euclidean_tail4_int4,pooled_exact_combined_moe_column_generated_local,741,1536,1,32,0.9987386067708334,0.9971914517042824,0.9986526924681924,0.9995788836399658,0.9983647764498887,0.0005931156282513617,0.0015950726671290494,0.0039014175603056442,0.001875160309258713
exact_proxy_rank4_int8_plus_euclidean_tail4_int4,pooled_exact_combined_moe_column_generated_local,741,1536,2,32,0.9987386067708334,0.9971696762035221,0.9986073008538983,0.9995694306692962,0.9984140764750927,0.0011749769168354685,0.0030976952313359063,0.005166264357379569,0.0032051476392381713
exact_proxy_rank4_int8_plus_euclidean_tail4_int4,pooled_exact_combined_moe_column_generated_local,741,1536,3,32,0.9987386067708334,0.9951025113793313,0.9979541675390703,0.9991940392269363,0.9975069313137974,0.0019137750434455093,0.0030615615667075047,0.006333434483129464,0.003544974015389824
exact_proxy_rank4_int8_plus_euclidean_tail4_int4,pooled_exact_combined_moe_column_generated_local,741,1536,4,32,0.9987386067708334,0.9962955800874328,0.9982797866747619,0.9993471291038044,0.9980660949502635,0.0012534713382413632,0.0030064330647514015,0.005520564282286012,0.0031742335051184005
exact_proxy_rank4_int8_plus_euclidean_tail4_int4,pooled_exact_combined_moe_column_generated_local,741,1536,5,32,0.9987386067708334,0.9957476509709696,0.9974839663984697,0.9994148453804682,0.9973778906206345,0.0017439660358424369,0.0027898924251361645,0.004766526636062752,0.0030124615125522863
exact_proxy_rank4_int8_plus_euclidean_tail4_int4,pooled_exact_combined_moe_column_generated_local,741,1536,6,32,0.9987386067708334,0.9973983931706448,0.9986158113014525,0.9995490494468705,0.9982257615906704,0.0006553554686623553,0.0027047943380444917,0.005748820773042021,0.003081702464256472
exact_proxy_rank4_int8_plus_euclidean_tail4_int4,pooled_exact_combined_moe_column_generated_local,741,1536,7,32,0.9987386067708334,0.995246684494955,0.9972223417618373,0.9988137014874396,0.9970607660142083,0.0008691713831513459,0.0020978934936278226,0.006113320088230847,0.0027184363974788774
exact_proxy_rank4_int8_plus_euclidean_tail4_int4,pooled_exact_combined_moe_column_generated_local,741,1536,8,32,0.9987386067708334,0.9950793905648833,0.9975180016077247,0.9987011303263351,0.9971877135523595,0.0015642503073343915,0.0028914723904950868,0.005573381861307737,0.0036168638196759154
exact_proxy_rank4_int8_plus_euclidean_tail4_int4,pooled_exact_combined_moe_column_generated_local,741,1536,9,32,0.9987386067708334,0.9965149330241962,0.9980882869311103,0.998906740913761,0.9977449653496318,0.0016956842789951354,0.002718798885276208,0.005182917250725518,0.0031437444139823315
exact_proxy_rank4_int8_plus_euclidean_tail4_int4,pooled_exact_combined_moe_column_generated_local,741,1536,10,32,0.9987386067708334,0.9956570320815074,0.9978110864019694,0.9997282883773,0.997601261674608,0.000732543809213837,0.0028325184731275987,0.0059825577864768605,0.0029013272185712015
exact_proxy_rank4_int8_plus_euclidean_tail4_int4,pooled_exact_combined_moe_column_generated_local,741,1536,11,32,0.9987386067708334,0.995579101068147,0.997946220544701,0.9990247715650611,0.9975045296910986,0.001466585289448319,0.0023357114570699555,0.006217763173858139,0.0029737302387098756
exact_proxy_rank4_int8_plus_euclidean_tail4_int4,pooled_exact_combined_moe_column_generated_local,741,1536,12,32,0.9987386067708334,0.9958859369910465,0.9981467773972028,0.999099689851515,0.9977215569962081,0.0007911197627429423,0.0030031198760039346,0.005963862406817045,0.0033810279824987716
exact_proxy_rank4_int8_plus_euclidean_tail4_int4,pooled_exact_combined_moe_column_generated_local,741,1536,13,32,0.9987386067708334,0.9956591149196963,0.9973635103371006,0.9992121822270783,0.9973733108768211,0.001078080353739619,0.002770004853691055,0.005921483866443512,0.003245832701763783
exact_proxy_rank4_int8_plus_euclidean_tail4_int4,pooled_exact_combined_moe_column_generated_local,741,1536,14,32,0.9987386067708334,0.9946566936421684,0.9968641001305497,0.9989271947073037,0.9968590276486817,0.0006802060001747989,0.00183469145961479,0.0031235454941505817,0.0019332673201963371
exact_proxy_rank4_int8_plus_euclidean_tail4_int4,pooled_exact_combined_moe_column_generated_local,741,1536,15,32,0.9987386067708334,0.9940489990952069,0.9962443826219866,0.9990732096483391,0.9964435338924276,0.0008932067459815673,0.00270467910138511,0.006174405890707458,0.003038701566414413
exact_proxy_rank4_int8_plus_euclidean_tail4_int4,pooled_exact_combined_moe_column_generated_local,741,1536,16,32,0.9987386067708334,0.9959445439252953,0.9976754793991365,0.9995733444037275,0.9976710671096065,0.0013595090520491903,0.003177457290876484,0.005548702088719437,0.0033747984423599005
exact_proxy_rank4_int8_plus_euclidean_tail4_int4,pooled_exact_combined_moe_column_generated_local,741,1536,17,32,0.9987386067708334,0.9950820589138173,0.9967516010354607,0.998920690112863,0.9969040416612183,0.001209522612188596,0.003549569266413921,0.007086806491423415,0.003873612057822901
exact_proxy_rank4_int8_plus_euclidean_tail4_int4,pooled_exact_combined_moe_column_generated_local,741,1536,18,32,0.9987386067708334,0.9941620864444679,0.9974353669003821,0.9993895177352341,0.9969473680162839,0.0007622526228367232,0.002805022448722383,0.005156555966584853,0.002951782315117217
exact_proxy_rank4_int8_plus_euclidean_tail4_int4,pooled_exact_combined_moe_column_generated_local,741,1536,19,32,0.9987386067708334,0.9943649680854134,0.997923109578803,0.9992927571747818,0.9973991217273541,0.0007133380270684886,0.002123566054067272,0.004242990144742365,0.002403384277639229
exact_proxy_rank4_int8_plus_euclidean_tail4_int4,pooled_exact_combined_moe_column_generated_local,741,1536,20,32,0.9987386067708334,0.9940950387873739,0.9967031396789038,0.9993129301631879,0.996751843358735,0.0010215780929659468,0.0023729056685687366,0.00457050661660503,0.0026691283669834642
exact_proxy_rank4_int8_plus_euclidean_tail4_int4,pooled_exact_combined_moe_column_generated_local,741,1536,21,32,0.9987386067708334,0.9976996910785983,0.9988955538525658,0.9995124647138173,0.9986784802316908,0.000935846724796352,0.0036485827167530016,0.005528527931849059,0.0035979041248885082
exact_proxy_rank4_int8_plus_euclidean_tail4_int4,pooled_exact_combined_moe_column_generated_local,741,1536,22,32,0.9987386067708334,0.9949479009456792,0.9972205749498244,0.998879910352131,0.9968999056044555,0.0006776388161920277,0.0022856124392114374,0.004591941932899658,0.0024724746520022947
exact_proxy_rank4_int8_plus_euclidean_tail4_int4,pooled_exact_combined_moe_column_generated_local,741,1536,23,32,0.9987386067708334,0.9940145678594768,0.9973794455690475,0.9993501115827239,0.9969996694470834,0.000881739840978435,0.002333797713962027,0.0044974539347359295,0.0025813808893985837
exact_proxy_rank4_int8_plus_euclidean_tail4_int4,pooled_exact_combined_moe_column_generated_local,741,1536,24,32,0.9987386067708334,0.996977163969565,0.998235106825619,0.9991255982943542,0.9979827030247244,0.002102198584795445,0.0036942187613068778,0.007358609379736859,0.004499877243676086
exact_proxy_rank4_int8_plus_euclidean_tail4_int4,pooled_exact_combined_moe_column_generated_local,741,1536,25,32,0.9987386067708334,0.9944019709232769,0.9965381609130759,0.9991386286859044,0.9965364186623829,0.0009764384468915255,0.0033361989068719233,0.0063569285253918814,0.0035623329091033253
exact_proxy_rank4_int8_plus_euclidean_tail4_int4,pooled_exact_combined_moe_column_generated_local,741,1536,26,32,0.9987386067708334,0.9950374560545033,0.9971267583662462,0.998883887437384,0.9971607190092723,0.0008266066450792531,0.002166425136234329,0.004830174280694511,0.002751574051159479
exact_proxy_rank4_int8_plus_euclidean_tail4_int4,pooled_exact_combined_moe_column_generated_local,741,1536,27,32,0.9987386067708334,0.9957734895587442,0.9974295435142995,0.9988773652316448,0.9973894542636366,0.0010358803730902034,0.002433800012885956,0.006977902367544676,0.0035149247853501694
exact_proxy_rank4_int8_plus_euclidean_tail4_int4,pooled_exact_combined_moe_column_generated_local,741,1536,28,32,0.9987386067708334,0.9951061644217007,0.9974743748549919,0.9988482795667689,0.9972441192931589,0.0016047683202026874,0.0033993437730848175,0.00579932790270944,0.0035749360056653925
exact_proxy_rank4_int8_plus_euclidean_tail4_int4,pooled_exact_combined_moe_column_generated_local,741,1536,29,32,0.9987386067708334,0.9964303388888277,0.9979525991689167,0.9989187512845897,0.9978499263386957,0.0007863906330697667,0.002174672594152327,0.00464887828376326,0.002325801383436587
exact_proxy_rank4_int8_plus_euclidean_tail4_int4,pooled_exact_combined_moe_column_generated_local,741,1536,30,32,0.9987386067708334,0.995251087620766,0.9973065214388396,0.9991489095926706,0.9970496884417333,0.0008056295884492526,0.0023781279561474467,0.003699058591451521,0.0025016613921173027
exact_proxy_rank4_int8_plus_euclidean_tail4_int4,pooled_exact_combined_moe_column_generated_local,741,1536,31,32,0.9987386067708334,0.9968727954173479,0.9980938866423996,0.9988934828604604,0.9978812575113705,0.001027605707310364,0.002183223515919097,0.004356414333416837,0.0024702525615290204
exact_proxy_rank4_int8_plus_euclidean_tail4_int4,pooled_exact_combined_moe_column_generated_local,741,1536,32,32,0.9987386067708334,0.9952733830386332,0.9984128047546095,0.9991767157616425,0.997695939112603,0.000799002158609663,0.0017285702433355032,0.0034571032523699865,0.0021100483926059267
exact_proxy_rank4_int8_plus_euclidean_tail4_int4,pooled_exact_combined_moe_column_generated_local,741,1536,33,32,0.9987386067708334,0.9976153351948205,0.9989044215614377,0.9995754138897925,0.9986468031004223,0.0006173409671590524,0.001992195179546241,0.0034971892230029507,0.0019748556688019628
exact_proxy_rank4_int8_plus_euclidean_tail4_int4,pooled_exact_combined_moe_column_generated_local,741,1536,34,32,0.9987386067708334,0.9965700996157415,0.9983227023350294,0.9989379154228675,0.9980703268161821,0.0007446483165822193,0.0014412822602638542,0.0020625851075227303,0.0013761651045981378
exact_proxy_rank4_int8_plus_euclidean_tail4_int4,pooled_exact_combined_moe_column_generated_local,741,1536,35,32,0.9987386067708334,0.9931855889148119,0.9973742690839968,0.9988921738382095,0.9968565066601757,0.0009824211034085927,0.0018285463900687415,0.0027842209064336434,0.0020083177882109088
exact_proxy_rank4_int8_plus_euclidean_tail4_int4,pooled_exact_combined_moe_column_generated_local,741,1536,36,32,0.9987386067708334,0.9963844366666519,0.997520110263666,0.9991925465445776,0.9975221847716579,0.001081656837362377,0.0015263525025596691,0.003743970509233241,0.0020492182389098175
exact_proxy_rank4_int8_plus_euclidean_tail4_int4,pooled_exact_combined_moe_column_generated_local,741,1536,37,32,0.9987386067708334,0.9955777951760694,0.9973771083812919,0.9991682090590948,0.9973749359918574,0.0007178380747055457,0.0014655679421287648,0.0025941805652017094,0.001592754481025492
exact_proxy_rank4_int8_plus_euclidean_tail4_int4,pooled_exact_combined_moe_column_generated_local,741,1536,38,32,0.9987386067708334,0.9977753229620033,0.9989537737235316,0.9995583991426028,0.9987872374411022,0.0007468139473494229,0.0017956328827213874,0.003779443098556414,0.0018660873914555197
exact_proxy_rank4_int8_plus_euclidean_tail4_int4,pooled_exact_combined_moe_column_generated_local,741,1536,39,32,0.9987386067708334,0.9965284872568898,0.9986846679272534,0.999656525142772,0.9981559547577893,0.00018671194262390723,0.0008170165762508286,0.0024509235151040877,0.0012003874290514895
exact_proxy_rank4_int8_plus_euclidean_tail4_int4,pooled_exact_combined_moe_oracle,741,1536,0,32,0.9987386067708334,0.9999029324179749,0.9999931769116968,0.9999978788338413,0.9999607441941165,2.0583604726287508e-05,0.00012202760886187436,0.0007531940263119212,0.000298789295348708
exact_proxy_rank4_int8_plus_euclidean_tail4_int4,pooled_exact_combined_moe_oracle,741,1536,1,32,0.9987386067708334,0.9971135715843392,0.9986187245723673,0.9995634145434802,0.9983008187271988,0.0005788261588101085,0.0014994610729012203,0.0037376912029670212,0.0018112025865687394
exact_proxy_rank4_int8_plus_euclidean_tail4_int4,pooled_exact_combined_moe_oracle,741,1536,2,32,0.9987386067708334,0.9969677971872101,0.9985569259938556,0.9995599723220706,0.9983609471660053,0.0011664013727403332,0.0030393415242462862,0.005046448287652339,0.003152018330150639
exact_proxy_rank4_int8_plus_euclidean_tail4_int4,pooled_exact_combined_moe_oracle,741,1536,3,32,0.9987386067708334,0.994857736550167,0.9978703941344791,0.9991744096365491,0.9973954649335955,0.0018756074208612582,0.0029397665141346896,0.0060068818523133175,0.0034335076351878283
exact_proxy_rank4_int8_plus_euclidean_tail4_int4,pooled_exact_combined_moe_oracle,741,1536,4,32,0.9987386067708334,0.9961646778369356,0.998191905973637,0.9993392232540239,0.9979850503951413,0.0011416472509707455,0.0028777782746460256,0.00528342129127043,0.003093188949996162
exact_proxy_rank4_int8_plus_euclidean_tail4_int4,pooled_exact_combined_moe_oracle,741,1536,5,32,0.9987386067708334,0.9955841295287081,0.997393634475863,0.9993955405398389,0.9972698367226435,0.0016890875463044463,0.00265976068154794,0.00466561466031481,0.002904407614561188
exact_proxy_rank4_int8_plus_euclidean_tail4_int4,pooled_exact_combined_moe_oracle,741,1536,6,32,0.9987386067708334,0.9972651082396554,0.9985587167584278,0.9995269853097561,0.9981536966062431,0.0006304023441803031,0.002618338747836124,0.005792509997332554,0.0030096374798289395
exact_proxy_rank4_int8_plus_euclidean_tail4_int4,pooled_exact_combined_moe_oracle,741,1536,7,32,0.9987386067708334,0.9951669821351746,0.9971472360433595,0.9988010800023898,0.9969459959525409,0.0008085466015102071,0.0019724378975598533,0.005921627700721846,0.0026036663358114907
exact_proxy_rank4_int8_plus_euclidean_tail4_int4,pooled_exact_combined_moe_oracle,741,1536,8,32,0.9987386067708334,0.9949204500745654,0.9974233188784376,0.9986519247729061,0.9970792558149897,0.0014731784294834572,0.002795890262680123,0.005441142749943251,0.0035084060823060807
exact_proxy_rank4_int8_plus_euclidean_tail4_int4,pooled_exact_combined_moe_oracle,741,1536,9,32,0.9987386067708334,0.9964389775807755,0.9980391323963429,0.9988634674449571,0.9976545952039616,0.0015529834032805168,0.0026300229048672463,0.005028445174742937,0.003053374268312155
exact_proxy_rank4_int8_plus_euclidean_tail4_int4,pooled_exact_combined_moe_oracle,741,1536,10,32,0.9987386067708334,0.9954601256618546,0.9976743463274895,0.9997176358530246,0.9974926791952206,0.0006978746410808978,0.0027571896604776103,0.0059400047520385855,0.002792744739183669
exact_proxy_rank4_int8_plus_euclidean_tail4_int4,pooled_exact_combined_moe_oracle,741,1536,11,32,0.9987386067708334,0.9954498449368715,0.9978839013505292,0.9989844921698428,0.9974086491087556,0.0013093795234360272,0.0022457689551500515,0.006107006164140762,0.002877849656366803
exact_proxy_rank4_int8_plus_euclidean_tail4_int4,pooled_exact_combined_moe_oracle,741,1536,12,32,0.9987386067708334,0.9956486965647553,0.998051359325488,0.9990585261936933,0.997633028530395,0.000752079360427782,0.0028765716993549018,0.005900448325161578,0.0032924995166855667
exact_proxy_rank4_int8_plus_euclidean_tail4_int4,pooled_exact_combined_moe_oracle,741,1536,13,32,0.9987386067708334,0.9954905104891768,0.9972457088141773,0.9991805639578765,0.9972530110260933,0.0008958867726339137,0.002582060684998,0.005766995168780832,0.003125532851035954
exact_proxy_rank4_int8_plus_euclidean_tail4_int4,pooled_exact_combined_moe_oracle,741,1536,14,32,0.9987386067708334,0.994437515913983,0.9967748912245848,0.9988734242210761,0.9967574569897657,0.0006060305658453169,0.001712545872428195,0.0029999508238164885,0.0018316966612803784
exact_proxy_rank4_int8_plus_euclidean_tail4_int4,pooled_exact_combined_moe_oracle,741,1536,15,32,0.9987386067708334,0.9937888857651161,0.9961591655159103,0.9990205183519937,0.9963019739041166,0.0007140793406609892,0.0025293920851798823,0.0060771846344740655,0.0028971415781035084
exact_proxy_rank4_int8_plus_euclidean_tail4_int4,pooled_exact_combined_moe_oracle,741,1536,16,32,0.9987386067708334,0.9957274757696457,0.9975683308950777,0.9995536487615547,0.9975857591653068,0.0012977959624671965,0.0030889178691422825,0.005431172933477469,0.0032894904980603004
exact_proxy_rank4_int8_plus_euclidean_tail4_int4,pooled_exact_combined_moe_oracle,741,1536,17,32,0.9987386067708334,0.9949763815847916,0.9966915713182588,0.9988889616786345,0.9968069571638642,0.0011774865546613777,0.003530408402894758,0.006810465900254048,0.0037765275604689057
exact_proxy_rank4_int8_plus_euclidean_tail4_int4,pooled_exact_combined_moe_oracle,741,1536,18,32,0.9987386067708334,0.9941389480763452,0.9973308473964733,0.9993752933604533,0.9968648146108303,0.0007265850176390587,0.0027410943541522625,0.005082702347806234,0.002869228909663648
exact_proxy_rank4_int8_plus_euclidean_tail4_int4,pooled_exact_combined_moe_oracle,741,1536,19,32,0.9987386067708334,0.9942983663836441,0.9978314160326442,0.9992897236515335,0.9972980761114084,0.00068597600243413,0.0020388088130993687,0.004044136986434766,0.0023023386616935447
exact_proxy_rank4_int8_plus_euclidean_tail4_int4,pooled_exact_combined_moe_oracle,741,1536,20,32,0.9987386067708334,0.9940308821559198,0.9966752261652945,0.9992737547788478,0.9966450384076327,0.0009948934421875944,0.0022182858903981306,0.00442463181696986,0.002562323415881154
exact_proxy_rank4_int8_plus_euclidean_tail4_int4,pooled_exact_combined_moe_oracle,741,1536,21,32,0.9987386067708334,0.9976461322850299,0.9988621986680797,0.9994860651405273,0.998622241187199,0.0009280003073181998,0.003599834781171374,0.005510500834410615,0.0035416650803965603
exact_proxy_rank4_int8_plus_euclidean_tail4_int4,pooled_exact_combined_moe_oracle,741,1536,22,32,0.9987386067708334,0.9946815155802207,0.9970741086077552,0.9988762421133704,0.9967798073768948,0.0006739705774314708,0.0021294176800755737,0.004340295287879759,0.0023523764244415754
exact_proxy_rank4_int8_plus_euclidean_tail4_int4,pooled_exact_combined_moe_oracle,741,1536,23,32,0.9987386067708334,0.9937235917274567,0.9972768948515442,0.9993314156001898,0.9968702529071772,0.0008644690002455047,0.002172760366755011,0.0042995141721805415,0.0024519643494923873
exact_proxy_rank4_int8_plus_euclidean_tail4_int4,pooled_exact_combined_moe_oracle,741,1536,24,32,0.9987386067708334,0.9968871491196886,0.9981316746086686,0.9990949973385203,0.9979033306688828,0.002003949932463789,0.0036472671124640477,0.0073430835747584034,0.004420504887834499
exact_proxy_rank4_int8_plus_euclidean_tail4_int4,pooled_exact_combined_moe_oracle,741,1536,25,32,0.9987386067708334,0.9941249215880475,0.9964660229334252,0.9991119953282811,0.9963941496164757,0.0009342970842017961,0.0032194293722939693,0.006202604057295769,0.003420063863196092
exact_proxy_rank4_int8_plus_euclidean_tail4_int4,pooled_exact_combined_moe_oracle,741,1536,26,32,0.9987386067708334,0.9949163949986787,0.9970528911976098,0.9988042332887263,0.9970703040562253,0.000788470721783996,0.002037364788423923,0.004640288324788,0.00266115909811257
exact_proxy_rank4_int8_plus_euclidean_tail4_int4,pooled_exact_combined_moe_oracle,741,1536,27,32,0.9987386067708334,0.9954728138287032,0.9972880174350123,0.9988469397199953,0.9972839083596816,0.0008765062229381338,0.0023028599201799227,0.0068419463618710225,0.0034093788813952045
exact_proxy_rank4_int8_plus_euclidean_tail4_int4,pooled_exact_combined_moe_oracle,741,1536,28,32,0.9987386067708334,0.994904815658303,0.9973501192075174,0.9988241103557779,0.9971269368844525,0.0015338393322990918,0.003313067603399389,0.005753602786040425,0.0034577535969589103
exact_proxy_rank4_int8_plus_euclidean_tail4_int4,pooled_exact_combined_moe_oracle,741,1536,29,32,0.9987386067708334,0.996260903655768,0.9978787147238395,0.9988969059111644,0.9977490308854025,0.0007400736611359648,0.00206700964363421,0.004590974128375215,0.0022249059301432533
exact_proxy_rank4_int8_plus_euclidean_tail4_int4,pooled_exact_combined_moe_oracle,741,1536,30,32,0.9987386067708334,0.9950818237808691,0.9971592069463064,0.9991219517429214,0.996932612671617,0.0007668909085021824,0.0022713336217366487,0.003543449965977508,0.0023845856220010182
exact_proxy_rank4_int8_plus_euclidean_tail4_int4,pooled_exact_combined_moe_oracle,741,1536,31,32,0.9987386067708334,0.9967902979643058,0.9980337515231779,0.9988591962382893,0.9978167812277283,0.0008734726394272752,0.0020886497683269556,0.0042665223780394175,0.0024057762778867953
exact_proxy_rank4_int8_plus_euclidean_tail4_int4,pooled_exact_combined_moe_oracle,741,1536,32,32,0.9987386067708334,0.9949896357628992,0.9983491001460267,0.9991643304102114,0.9975935271823566,0.0007457312084864553,0.0016269336469288964,0.0033861296373112085,0.0020076364623595674
exact_proxy_rank4_int8_plus_euclidean_tail4_int4,pooled_exact_combined_moe_oracle,741,1536,33,32,0.9987386067708334,0.9975692452325897,0.9988738342624526,0.9995586021321766,0.9985839317730979,0.0005878460402092944,0.001903835240680829,0.0033358827567627537,0.0019119843414774004
exact_proxy_rank4_int8_plus_euclidean_tail4_int4,pooled_exact_combined_moe_oracle,741,1536,34,32,0.9987386067708334,0.9964082475674527,0.9982736984427156,0.9988899651121845,0.9979929522327766,0.000688233609178479,0.0013899373388239211,0.0019269285905003214,0.0012987905211925346
exact_proxy_rank4_int8_plus_euclidean_tail4_int4,pooled_exact_combined_moe_oracle,741,1536,35,32,0.9987386067708334,0.9929670044046849,0.9972837610123462,0.9988548344249439,0.9967353657935535,0.0009680887128779237,0.0016695596337462648,0.002707496500945661,0.001887176921588709
exact_proxy_rank4_int8_plus_euclidean_tail4_int4,pooled_exact_combined_moe_oracle,741,1536,36,32,0.9987386067708334,0.9962542288971944,0.9974055372861776,0.9991611981054126,0.9974340218996193,0.0010043468842973803,0.0014403975328241003,0.003683912830500747,0.001961055366871276
exact_proxy_rank4_int8_plus_euclidean_tail4_int4,pooled_exact_combined_moe_oracle,741,1536,37,32,0.9987386067708334,0.9953516537243443,0.9972967902716479,0.9991405688945776,0.9972694408186072,0.0006353968601583548,0.0013805367968623972,0.002445259104081088,0.0014872593077752926
exact_proxy_rank4_int8_plus_euclidean_tail4_int4,pooled_exact_combined_moe_oracle,741,1536,38,32,0.9987386067708334,0.9976971422394031,0.9989088317669138,0.9995333471522945,0.9987408478094626,0.000711224887876305,0.0017495092304166127,0.0037176055898040647,0.0018196977598158824
exact_proxy_rank4_int8_plus_euclidean_tail4_int4,pooled_exact_combined_moe_oracle,741,1536,39,32,0.9987386067708334,0.9963956529544138,0.9986235946545389,0.9996510489980659,0.9980784765980065,0.00018206065304484653,0.0007616787438757266,0.0023990255206127976,0.0011229092692687064
exact_proxy_rank4_int8_plus_euclidean_tail4_int4,pooled_router_square_column_generated,741,1536,0,32,0.9987386067708334,0.9999059248376527,0.9999933716481781,0.9999985925360686,0.9999622299344533,2.0991777743206706e-05,0.0001222685178207672,0.0007583595706563977,0.0003002750356855266
exact_proxy_rank4_int8_plus_euclidean_tail4_int4,pooled_router_square_column_generated,741,1536,1,32,0.9987386067708334,0.9971577836185183,0.9986448477735291,0.9995704483201329,0.9983420248890631,0.0005847795107153164,0.001594478400665733,0.0038889828047038574,0.0018524087484330792
exact_proxy_rank4_int8_plus_euclidean_tail4_int4,pooled_router_square_column_generated,741,1536,2,32,0.9987386067708334,0.9971655853348232,0.9985839821327311,0.9995670793229688,0.9983892650877103,0.0011738162877073632,0.003068552422268833,0.005073511739444137,0.0031803362518556637
exact_proxy_rank4_int8_plus_euclidean_tail4_int4,pooled_router_square_column_generated,741,1536,3,32,0.9987386067708334,0.9948649485051161,0.99791878135099,0.9991890389486725,0.9974650518892462,0.0019137750434455093,0.003019883756967212,0.006244968814514985,0.0035030945908385014
exact_proxy_rank4_int8_plus_euclidean_tail4_int4,pooled_router_square_column_generated,741,1536,4,32,0.9987386067708334,0.9962479791462931,0.9982755448815634,0.9993412661311836,0.9980366944469218,0.001191250583690151,0.0029562610241020693,0.005358416088582241,0.003144833001776714
exact_proxy_rank4_int8_plus_euclidean_tail4_int4,pooled_router_square_column_generated,741,1536,5,32,0.9987386067708334,0.9955635921889407,0.9974521564815779,0.9994125542645557,0.9973216817498656,0.001674224483453579,0.0027251460886489887,0.00472493895969196,0.0029562526417833065
exact_proxy_rank4_int8_plus_euclidean_tail4_int4,pooled_router_square_column_generated,741,1536,6,32,0.9987386067708334,0.997286759995093,0.9985970298120737,0.9995255003635255,0.9981918446899842,0.0006319248807216461,0.0026889410763579757,0.005748386532087227,0.003047785563570174
exact_proxy_rank4_int8_plus_euclidean_tail4_int4,pooled_router_square_column_generated,741,1536,7,32,0.9987386067708334,0.9951844754246921,0.9971884794359966,0.9988078360816841,0.9970114791844245,0.0008536062422473956,0.0020789310576372344,0.006041329377997342,0.0026691495676950117
exact_proxy_rank4_int8_plus_euclidean_tail4_int4,pooled_router_square_column_generated,741,1536,8,32,0.9987386067708334,0.9950378895756415,0.9974388928180373,0.9986521566473285,0.9971333985751778,0.0015313258951635377,0.002839966405933869,0.00551392920236532,0.003562548842494205
exact_proxy_rank4_int8_plus_euclidean_tail4_int4,pooled_router_square_column_generated,741,1536,9,32,0.9987386067708334,0.9964489816013054,0.9980250918908018,0.9988721653878104,0.9976884516643671,0.001619828371530796,0.0026590187744747196,0.005106228786045499,0.0030872307287177388
exact_proxy_rank4_int8_plus_euclidean_tail4_int4,pooled_router_square_column_generated,741,1536,10,32,0.9987386067708334,0.9955521358993886,0.9977381745790901,0.9997282883773,0.9975483634234269,0.0007318485618649451,0.002803708826350171,0.005949269159600967,0.0028484289673899876
exact_proxy_rank4_int8_plus_euclidean_tail4_int4,pooled_router_square_column_generated,741,1536,11,32,0.9987386067708334,0.9955522894300334,0.997923517914878,0.9990106580670117,0.9974412748140239,0.0014054183356416506,0.002246749812175708,0.006140500519941118,0.002910475361635124
exact_proxy_rank4_int8_plus_euclidean_tail4_int4,pooled_router_square_column_generated,741,1536,12,32,0.9987386067708334,0.9956899074320942,0.9980979730781041,0.9990980065135822,0.9976777612568686,0.0007890315031904628,0.002986961541845856,0.005956251343537888,0.0033372322431591377
exact_proxy_rank4_int8_plus_euclidean_tail4_int4,pooled_router_square_column_generated,741,1536,13,32,0.9987386067708334,0.9955757060736848,0.9973401655454448,0.9992088343094622,0.9973231429336619,0.0010432509405637557,0.0026853158959735945,0.0058774239174599575,0.0031956647586044336
exact_proxy_rank4_int8_plus_euclidean_tail4_int4,pooled_router_square_column_generated,741,1536,14,32,0.9987386067708334,0.994380662246235,0.9967990504931412,0.9988412563148213,0.9968038739559936,0.000624512350275197,0.001766147052063738,0.0030977539425432357,0.0018781136275082613
exact_proxy_rank4_int8_plus_euclidean_tail4_int4,pooled_router_square_column_generated,741,1536,15,32,0.9987386067708334,0.994021784418292,0.9962053057880771,0.9990708288136281,0.9963926964469623,0.0008448328446658881,0.002670468627387179,0.0061127508327112785,0.0029878641209492435
exact_proxy_rank4_int8_plus_euclidean_tail4_int4,pooled_router_square_column_generated,741,1536,16,32,0.9987386067708334,0.9958632471748966,0.9976280643325703,0.9995676372627774,0.9976347618864505,0.0013539873422796721,0.0031619388296878492,0.005446587531368685,0.003338493219203962
exact_proxy_rank4_int8_plus_euclidean_tail4_int4,pooled_router_square_column_generated,741,1536,17,32,0.9987386067708334,0.9950490232314085,0.9966719180961845,0.9988777782042981,0.9968516122061254,0.0011605267966452893,0.0034883052869778552,0.007018714237477665,0.003821182602730011
exact_proxy_rank4_int8_plus_euclidean_tail4_int4,pooled_router_square_column_generated,741,1536,18,32,0.9987386067708334,0.9938471339180538,0.9974097194232818,0.9993773248152226,0.9968848177515983,0.0007570583660643449,0.0025511978458888085,0.005152501626647876,0.0028892320504317476
exact_proxy_rank4_int8_plus_euclidean_tail4_int4,pooled_router_square_column_generated,741,1536,19,32,0.9987386067708334,0.9942478430794679,0.9979106682052387,0.9992913902110229,0.997359570281221,0.0006904188374711962,0.0020901751232501597,0.00419618244789326,0.002363832831506211
exact_proxy_rank4_int8_plus_euclidean_tail4_int4,pooled_router_square_column_generated,741,1536,20,32,0.9987386067708334,0.9938090451786102,0.9966580764461809,0.9993013420385921,0.9966804292284812,0.0009829089426814375,0.002340670725641092,0.00453983734729746,0.0025977142367296716
exact_proxy_rank4_int8_plus_euclidean_tail4_int4,pooled_router_square_column_generated,741,1536,21,32,0.9987386067708334,0.9976810371722008,0.9988770554678088,0.999495986859183,0.9986553534958649,0.0009290847276730684,0.0036309411896911503,0.005519233565346638,0.0035747773890624224
exact_proxy_rank4_int8_plus_euclidean_tail4_int4,pooled_router_square_column_generated,741,1536,22,32,0.9987386067708334,0.9947058686749092,0.9971678956956647,0.9988557214520258,0.9968353591737584,0.0006469936798188525,0.002238294796529594,0.004385231120630584,0.0024079282213050994
exact_proxy_rank4_int8_plus_euclidean_tail4_int4,pooled_router_square_column_generated,741,1536,23,32,0.9987386067708334,0.9938243035093272,0.9973476054666379,0.9993460789548912,0.9969299874323245,0.0008738496583656774,0.00221329288156219,0.004474938161657538,0.0025116988746397874
exact_proxy_rank4_int8_plus_euclidean_tail4_int4,pooled_router_square_column_generated,741,1536,24,32,0.9987386067708334,0.9969582238612484,0.9982064914168731,0.9990812967993342,0.9979418966977629,0.0020832206107626707,0.0036890010117905936,0.007353596909729077,0.004459070916714575
exact_proxy_rank4_int8_plus_euclidean_tail4_int4,pooled_router_square_column_generated,741,1536,25,32,0.9987386067708334,0.9942293943622149,0.9964850897298019,0.9991176920265193,0.9964553281709667,0.0009598622157290237,0.0033361989068719233,0.0062080916501494506,0.0034812424176872345
exact_proxy_rank4_int8_plus_euclidean_tail4_int4,pooled_router_square_column_generated,741,1536,26,32,0.9987386067708334,0.9949451788949532,0.9970967690183526,0.9988545245951059,0.9971035943904416,0.0007879758785449775,0.0021038195005867455,0.004751173067559101,0.0026944494323289034
exact_proxy_rank4_int8_plus_euclidean_tail4_int4,pooled_router_square_column_generated,741,1536,27,32,0.9987386067708334,0.9957695713235514,0.9973719449929677,0.9988762094952451,0.9973463568846113,0.0009752551413862998,0.00236943042517479,0.006932395182800301,0.0034718274063249635
exact_proxy_rank4_int8_plus_euclidean_tail4_int4,pooled_router_square_column_generated,741,1536,28,32,0.9987386067708334,0.9950419811971495,0.9974251187850948,0.9988373280430406,0.9972013198046088,0.001541135077900746,0.003391269019743348,0.005796338060567897,0.0035321365171151996
exact_proxy_rank4_int8_plus_euclidean_tail4_int4,pooled_router_square_column_generated,741,1536,29,32,0.9987386067708334,0.9962564663896661,0.9978978006410184,0.9989089324253412,0.997812902413383,0.0007550065477395896,0.0020308540107917272,0.004636951017369219,0.0022887774581238016
exact_proxy_rank4_int8_plus_euclidean_tail4_int4,pooled_router_square_column_generated,741,1536,30,32,0.9987386067708334,0.9951976003742354,0.9972922422250474,0.99914199216014,0.9970094522138857,0.0007803367576326603,0.0023695532110715734,0.003642336576554173,0.0024614251642697538
exact_proxy_rank4_int8_plus_euclidean_tail4_int4,pooled_router_square_column_generated,741,1536,31,32,0.9987386067708334,0.9967486497062412,0.9980637668420009,0.9988809396687531,0.997835228739961,0.000933916584111305,0.002070220064143369,0.004288418918792203,0.002424223790119473
exact_proxy_rank4_int8_plus_euclidean_tail4_int4,pooled_router_square_column_generated,741,1536,32,32,0.9987386067708334,0.9951037409137686,0.9984081160934788,0.9991661824502336,0.9976480091799111,0.0007759935437773313,0.0016414694525495044,0.0034571032523699865,0.002062118459914157
exact_proxy_rank4_int8_plus_euclidean_tail4_int4,pooled_router_square_column_generated,741,1536,33,32,0.9987386067708334,0.9975864422313514,0.9988985837862172,0.9995626407686559,0.9986194449898205,0.0006158388763990108,0.0019323691399744103,0.003413602990538234,0.0019474975582001001
exact_proxy_rank4_int8_plus_euclidean_tail4_int4,pooled_router_square_column_generated,741,1536,34,32,0.9987386067708334,0.9965167988105803,0.9982738523890851,0.9989367875130172,0.998034516921907,0.0006948494256904137,0.0014141430969671909,0.0020094000612398415,0.0013403552103230104
exact_proxy_rank4_int8_plus_euclidean_tail4_int4,pooled_router_square_column_generated,741,1536,35,32,0.9987386067708334,0.9929066594058388,0.9973160778580734,0.9988871072148772,0.9967809421830602,0.000978489128193094,0.0017326782840354493,0.002612656946274916,0.0019327533110954746
exact_proxy_rank4_int8_plus_euclidean_tail4_int4,pooled_router_square_column_generated,741,1536,36,32,0.9987386067708334,0.9963399645746548,0.9974698758232627,0.9991857853984982,0.9974829956850282,0.0010325447391172915,0.0014834031297107364,0.003675637837471957,0.002010029152280088
exact_proxy_rank4_int8_plus_euclidean_tail4_int4,pooled_router_square_column_generated,741,1536,37,32,0.9987386067708334,0.9955157722848238,0.9972892377000023,0.9991682090590948,0.9973262213620813,0.0006548155917459498,0.0014004771591635823,0.002508920403036152,0.0015440398512492313
exact_proxy_rank4_int8_plus_euclidean_tail4_int4,pooled_router_square_column_generated,741,1536,38,32,0.9987386067708334,0.9977066585055118,0.9989261467062878,0.99955787588458,0.998766614046529,0.0007429149529258993,0.0017635672835888405,0.003778461190561801,0.001845463996882235
exact_proxy_rank4_int8_plus_euclidean_tail4_int4,pooled_router_square_column_generated,741,1536,39,32,0.9987386067708334,0.9965244432559873,0.9986465749163452,0.9996541209594657,0.9981160260278044,0.00018262486458597849,0.0007864803835709866,0.002409472449831186,0.0011604586990666237
exact_proxy_rank4_int8_plus_euclidean_tail4_int4,pooled_router_square_compressed,741,1536,0,32,0.9987386067708334,0.9999012870143711,0.9999929812923255,0.9999978788338413,0.9999605381600936,2.0583604726287508e-05,0.00012202760886187436,0.0007531938655559905,0.0002985832613258063
exact_proxy_rank4_int8_plus_euclidean_tail4_int4,pooled_router_square_compressed,741,1536,1,32,0.9987386067708334,0.9970718497680812,0.9986187245723673,0.9995588786413921,0.9982762613670519,0.000574790596844954,0.0014600996584654413,0.003736813101364313,0.0017866452264217979
exact_proxy_rank4_int8_plus_euclidean_tail4_int4,pooled_router_square_compressed,741,1536,2,32,0.9987386067708334,0.9969677971872101,0.9985462635834892,0.9995573800532939,0.9983278446101366,0.001164268890667064,0.002969201477243666,0.004993229132961685,0.0031189157742819718
exact_proxy_rank4_int8_plus_euclidean_tail4_int4,pooled_router_square_compressed,741,1536,3,32,0.9987386067708334,0.9947703979770296,0.9978529578299675,0.9991700494072157,0.9973547811091958,0.0018756074208612582,0.00291283977973833,0.005933926338778795,0.003392823810788089
exact_proxy_rank4_int8_plus_euclidean_tail4_int4,pooled_router_square_compressed,741,1536,4,32,0.9987386067708334,0.9961237606344194,0.9981894981528823,0.9993391156833878,0.9979739014745805,0.0011412782073440876,0.0028777782746460256,0.00528342129127043,0.0030820400294354587
exact_proxy_rank4_int8_plus_euclidean_tail4_int4,pooled_router_square_compressed,741,1536,5,32,0.9987386067708334,0.9953297225436669,0.9973713989747399,0.9993953724503845,0.9972231381418901,0.0016890875463044463,0.0025784505471934116,0.004578156268524947,0.002857709033807901
exact_proxy_rank4_int8_plus_euclidean_tail4_int4,pooled_router_square_compressed,741,1536,6,32,0.9987386067708334,0.9971886142267786,0.9985411358791494,0.999515074715738,0.9981369287217324,0.0006185489467651962,0.002618338747836124,0.00579066226472528,0.002992869595318408
exact_proxy_rank4_int8_plus_euclidean_tail4_int4,pooled_router_square_compressed,741,1536,7,32,0.9987386067708334,0.9951505141360565,0.9971410671379966,0.9987965788886773,0.9969136597878079,0.0007935857284326886,0.001959863916362714,0.005921627700721846,0.00257133017107836
exact_proxy_rank4_int8_plus_euclidean_tail4_int4,pooled_router_square_compressed,741,1536,8,32,0.9987386067708334,0.9948787959636411,0.9973989460211561,0.9986038111299107,0.9970346522780795,0.001432019177979327,0.0027155410674676306,0.005441142749943251,0.0034638025453959075
exact_proxy_rank4_int8_plus_euclidean_tail4_int4,pooled_router_square_compressed,741,1536,9,32,0.9987386067708334,0.9963204305949592,0.9979557450049211,0.9988451236573066,0.9976066481483487,0.001502505018001865,0.00260070309522642,0.004873314404289876,0.003005427212699221
exact_proxy_rank4_int8_plus_euclidean_tail4_int4,pooled_router_square_compressed,741,1536,10,32,0.9987386067708334,0.995344084901503,0.9975987997438445,0.9997150313209894,0.997449839705142,0.0006934038239280072,0.00262925591812313,0.005938344769432602,0.002749905249105105
exact_proxy_rank4_int8_plus_euclidean_tail4_int4,pooled_router_square_compressed,741,1536,11,32,0.9987386067708334,0.9954449523437396,0.9978839013505292,0.9989681669659866,0.9973706633729776,0.001298207666895479,0.002203923734564517,0.006101795802402812,0.0028398639205888775
exact_proxy_rank4_int8_plus_euclidean_tail4_int4,pooled_router_square_compressed,741,1536,12,32,0.9987386067708334,0.9955647234372458,0.9980322316983743,0.9990574567229028,0.9976046575476699,0.000752079360427782,0.0028627842614039056,0.005897396636121189,0.003264128533960565
exact_proxy_rank4_int8_plus_euclidean_tail4_int4,pooled_router_square_compressed,741,1536,13,32,0.9987386067708334,0.9953789360418358,0.9972457088141773,0.999173766580785,0.9972226599160321,0.0008311576280210509,0.002582060684998,0.005660630406485024,0.0030951817409746833
exact_proxy_rank4_int8_plus_euclidean_tail4_int4,pooled_router_square_compressed,741,1536,14,32,0.9987386067708334,0.9943171241041907,0.996688748773362,0.9988061350631257,0.9967055969301724,0.0005064194557281576,0.0016083716031995987,0.002999466670840778,0.0017798366016870577
exact_proxy_rank4_int8_plus_euclidean_tail4_int4,pooled_router_square_compressed,741,1536,15,32,0.9987386067708334,0.9936649569770943,0.9961431475728919,0.9990116260728139,0.9962519878666465,0.0005996379615522352,0.002510454912413862,0.00590046984442163,0.00284715554063341
exact_proxy_rank4_int8_plus_euclidean_tail4_int4,pooled_router_square_compressed,741,1536,16,32,0.9987386067708334,0.9956670022264379,0.9975597294475738,0.9995507183695572,0.9975482071604534,0.0012357719854211747,0.003068861654485,0.005368636838182605,0.003251938493206784
exact_proxy_rank4_int8_plus_euclidean_tail4_int4,pooled_router_square_compressed,741,1536,17,32,0.9987386067708334,0.9949692862978156,0.9965396513030905,0.9988593539944559,0.9967465298702094,0.001143081707524296,0.003430900407158599,0.006787969982779153,0.0037161002668139737
exact_proxy_rank4_int8_plus_euclidean_tail4_int4,pooled_router_square_compressed,741,1536,18,32,0.9987386067708334,0.9939933201688269,0.9973102929393891,0.9993649376959536,0.9968178958004521,0.0007218090236482344,0.0026955734642828966,0.005074038145930782,0.0028223100992855153
exact_proxy_rank4_int8_plus_euclidean_tail4_int4,pooled_router_square_compressed,741,1536,19,32,0.9987386067708334,0.9940822959922895,0.9978288057449791,0.9992881095926059,0.9972772229162103,0.0006475751358914206,0.0020127710095750873,0.004044136986434766,0.0022814854664954566
exact_proxy_rank4_int8_plus_euclidean_tail4_int4,pooled_router_square_compressed,741,1536,20,32,0.9987386067708334,0.9937471014760265,0.9966040822466873,0.9992595067496222,0.9965810608685167,0.0009730991973518899,0.0021644962292427516,0.004422890076710362,0.0024983458767651213
exact_proxy_rank4_int8_plus_euclidean_tail4_int4,pooled_router_square_compressed,741,1536,21,32,0.9987386067708334,0.9976018575204386,0.9988261357454951,0.9994792189320891,0.998603349342073,0.0009185686044640206,0.0035652954897175126,0.0054944974549301145,0.003522773235270605
exact_proxy_rank4_int8_plus_euclidean_tail4_int4,pooled_router_square_compressed,741,1536,22,32,0.9987386067708334,0.99465085982238,0.9970289265783279,0.9988375111607922,0.9967270580642241,0.0006314854558714167,0.0021261094021118865,0.004308383351376245,0.0022996271117709
exact_proxy_rank4_int8_plus_euclidean_tail4_int4,pooled_router_square_compressed,741,1536,23,32,0.9987386067708334,0.9935269996274039,0.9972396494357492,0.9993235506618798,0.9968069911478413,0.0008523497795505652,0.0021043130535672305,0.00422541189095117,0.002388702590156548
exact_proxy_rank4_int8_plus_euclidean_tail4_int4,pooled_router_square_compressed,741,1536,24,32,0.9987386067708334,0.996884050234195,0.9980888756462557,0.9990941793484815,0.997873082717738,0.0020030619951558635,0.0036286417845212138,0.007337368851558924,0.004390256936689745
exact_proxy_rank4_int8_plus_euclidean_tail4_int4,pooled_router_square_compressed,741,1536,25,32,0.9987386067708334,0.9940747497731194,0.9964201671804243,0.9990884391341776,0.9963382534202452,0.0009150634832307047,0.0031824818096299334,0.00593048129490944,0.0033641676669657027
exact_proxy_rank4_int8_plus_euclidean_tail4_int4,pooled_router_square_compressed,741,1536,26,32,0.9987386067708334,0.994767765866658,0.9970232490970566,0.9987836568703279,0.997016018555906,0.0006829683711008228,0.0019581068940251467,0.0045980250058089926,0.002606873597793314
exact_proxy_rank4_int8_plus_euclidean_tail4_int4,pooled_router_square_compressed,741,1536,27,32,0.9987386067708334,0.9954140193913199,0.9972880174350123,0.998846487509433,0.9972405987324909,0.0008495398057165593,0.002282310937808729,0.0068419463618710225,0.0033660692542045144
exact_proxy_rank4_int8_plus_euclidean_tail4_int4,pooled_router_square_compressed,741,1536,28,32,0.9987386067708334,0.9948998132883962,0.9973475471194169,0.9988060117631068,0.9970920089009372,0.0014608589408571682,0.0032626380644034114,0.005749759178743086,0.003422825613443658
exact_proxy_rank4_int8_plus_euclidean_tail4_int4,pooled_router_square_compressed,741,1536,29,32,0.9987386067708334,0.9961297129200066,0.9978714837673344,0.9988885012792221,0.9977226979667789,0.0007272950888920326,0.001971076782672776,0.004590974128375215,0.0021985730115196625
exact_proxy_rank4_int8_plus_euclidean_tail4_int4,pooled_router_square_compressed,741,1536,30,32,0.9987386067708334,0.9950376959612334,0.9971426346588046,0.9991214707933157,0.9968941796447999,0.0007591323886303569,0.0022629349403349708,0.003539606989125932,0.0023461525951839514
exact_proxy_rank4_int8_plus_euclidean_tail4_int4,pooled_router_square_compressed,741,1536,31,32,0.9987386067708334,0.9966105224153007,0.9980330477854477,0.9988587754688925,0.9977765362209167,0.0007430850286794688,0.0020130560629765815,0.004263818840553536,0.002365531271075149
exact_proxy_rank4_int8_plus_euclidean_tail4_int4,pooled_router_square_compressed,741,1536,32,32,0.9987386067708334,0.994882352459789,0.9983455320216486,0.9991506892253118,0.9975560328786,0.0007410176879997343,0.001625057863695989,0.0033861296373112085,0.0019701421586029028
exact_proxy_rank4_int8_plus_euclidean_tail4_int4,pooled_router_square_compressed,741,1536,33,32,0.9987386067708334,0.997543188720892,0.9988738342624526,0.9995486281634447,0.9985707664185723,0.0005698217745292444,0.0018827153713512623,0.003311192135713126,0.0018988189869519091
exact_proxy_rank4_int8_plus_euclidean_tail4_int4,pooled_router_square_compressed,741,1536,34,32,0.9987386067708334,0.9964070387120855,0.9982132023534741,0.9988887047349334,0.9979589642303015,0.0006532965897467879,0.0013700005612345412,0.0018809345117605017,0.001264802518717422
exact_proxy_rank4_int8_plus_euclidean_tail4_int4,pooled_router_square_compressed,741,1536,35,32,0.9987386067708334,0.992803266370563,0.9971985376251972,0.998822376864513,0.9966806475823042,0.0009621834665027529,0.0016155805793012235,0.002572038014477285,0.001832458710339508
exact_proxy_rank4_int8_plus_euclidean_tail4_int4,pooled_router_square_compressed,741,1536,36,32,0.9987386067708334,0.9962344062039559,0.9973536614458693,0.9991349523686566,0.9973948527266243,0.0009652251001890155,0.0014245997411506672,0.003606486969283607,0.0019218861938762183
exact_proxy_rank4_int8_plus_euclidean_tail4_int4,pooled_router_square_compressed,741,1536,37,32,0.9987386067708334,0.9953516537243443,0.997249231234701,0.9991401765420329,0.9972341519911478,0.0006286624108133409,0.001379008538936799,0.0023450699181496895,0.0014519704803158152
exact_proxy_rank4_int8_plus_euclidean_tail4_int4,pooled_router_square_compressed,741,1536,38,32,0.9987386067708334,0.9976932110509433,0.998894764082935,0.9995333471522945,0.9987270084291872,0.0007024572741348601,0.0017326742308441667,0.0036719513031377676,0.0018058583795404204
exact_proxy_rank4_int8_plus_euclidean_tail4_int4,pooled_router_square_compressed,741,1536,39,32,0.9987386067708334,0.9963948598758002,0.9986029933689335,0.9996353049577795,0.9980516807492986,0.00018050729260773445,0.0007192348138257976,0.0023785789972990425,0.0010961134205607764
exact_proxy_rank4_int8_plus_euclidean_tail4_int4,uniform_per_expert,741,741,0,32,0.9987386067708334,0.999158876576522,0.9998714880276227,0.9999742772472549,0.9996619548987677,0.0,0.0,0.0,0.0
exact_proxy_rank4_int8_plus_euclidean_tail4_int4,uniform_per_expert,741,741,1,32,0.9987386067708334,0.9931851914073335,0.996814750117022,0.9989767237153891,0.99648961614063,0.0,0.0,0.0,0.0
exact_proxy_rank4_int8_plus_euclidean_tail4_int4,uniform_per_expert,741,741,2,32,0.9987386067708334,0.9929575197460762,0.9954215845842014,0.9976002699030844,0.9952089288358545,0.0,0.0,0.0,0.0
exact_proxy_rank4_int8_plus_euclidean_tail4_int4,uniform_per_expert,741,741,3,32,0.9987386067708334,0.9907224622326886,0.9939327126653499,0.9966841957577942,0.9939619572984076,0.0,0.0,0.0,0.0
exact_proxy_rank4_int8_plus_euclidean_tail4_int4,uniform_per_expert,741,741,4,32,0.9987386067708334,0.9916025219824827,0.9948177174403992,0.9975091054106827,0.9948918614451451,0.0,0.0,0.0,0.0
exact_proxy_rank4_int8_plus_euclidean_tail4_int4,uniform_per_expert,741,741,5,32,0.9987386067708334,0.9919832567029215,0.9940264198657143,0.9971107166852077,0.9943654291080823,0.0,0.0,0.0,0.0
exact_proxy_rank4_int8_plus_euclidean_tail4_int4,uniform_per_expert,741,741,6,32,0.9987386067708334,0.9915663561775084,0.995578634848082,0.9988319607826253,0.995144059126414,0.0,0.0,0.0,0.0
exact_proxy_rank4_int8_plus_euclidean_tail4_int4,uniform_per_expert,741,741,7,32,0.9987386067708334,0.9905591969632528,0.994408202496465,0.9972871796040021,0.9943423296167295,0.0,0.0,0.0,0.0
exact_proxy_rank4_int8_plus_euclidean_tail4_int4,uniform_per_expert,741,741,8,32,0.9987386067708334,0.9900194824746015,0.9941066720908294,0.9966999362115561,0.9935708497326836,0.0,0.0,0.0,0.0
exact_proxy_rank4_int8_plus_euclidean_tail4_int4,uniform_per_expert,741,741,9,32,0.9987386067708334,0.9928875212057312,0.9951400058215756,0.9967733411448912,0.9946012209356494,0.0,0.0,0.0,0.0
exact_proxy_rank4_int8_plus_euclidean_tail4_int4,uniform_per_expert,741,741,10,32,0.9987386067708334,0.9907987559892363,0.9943562979492881,0.9982643225638256,0.9946999344560368,0.0,0.0,0.0,0.0
exact_proxy_rank4_int8_plus_euclidean_tail4_int4,uniform_per_expert,741,741,11,32,0.9987386067708334,0.990364616007505,0.9954785418111163,0.9973045513622623,0.9945307994523888,0.0,0.0,0.0,0.0
exact_proxy_rank4_int8_plus_euclidean_tail4_int4,uniform_per_expert,741,741,12,32,0.9987386067708334,0.9905980752342805,0.9944242518676878,0.9976691414063645,0.9943405290137093,0.0,0.0,0.0,0.0
exact_proxy_rank4_int8_plus_euclidean_tail4_int4,uniform_per_expert,741,741,13,32,0.9987386067708334,0.9902382375479198,0.994097118603593,0.9975004612122446,0.9941274781750574,0.0,0.0,0.0,0.0
exact_proxy_rank4_int8_plus_euclidean_tail4_int4,uniform_per_expert,741,741,14,32,0.9987386067708334,0.9916416911826806,0.9952459684900099,0.9978685896462001,0.9949257603284853,0.0,0.0,0.0,0.0
exact_proxy_rank4_int8_plus_euclidean_tail4_int4,uniform_per_expert,741,741,15,32,0.9987386067708334,0.9899603241507411,0.9935808586141586,0.9975764722206848,0.9934048323260132,0.0,0.0,0.0,0.0
exact_proxy_rank4_int8_plus_euclidean_tail4_int4,uniform_per_expert,741,741,16,32,0.9987386067708334,0.9915781831154902,0.9938284917375269,0.9980837847284719,0.9942962686672466,0.0,0.0,0.0,0.0
exact_proxy_rank4_int8_plus_euclidean_tail4_int4,uniform_per_expert,741,741,17,32,0.9987386067708334,0.9891333730464408,0.9927466554825843,0.997687642568387,0.9930304296033954,0.0,0.0,0.0,0.0
exact_proxy_rank4_int8_plus_euclidean_tail4_int4,uniform_per_expert,741,741,18,32,0.9987386067708334,0.9902148637729692,0.9939467772536879,0.9985058743795927,0.9939955857011666,0.0,0.0,0.0,0.0
exact_proxy_rank4_int8_plus_euclidean_tail4_int4,uniform_per_expert,741,741,19,32,0.9987386067708334,0.9910887230567503,0.995733761763893,0.9983369309625191,0.9949957374497149,0.0,0.0,0.0,0.0
exact_proxy_rank4_int8_plus_euclidean_tail4_int4,uniform_per_expert,741,741,20,32,0.9987386067708334,0.9903373673144937,0.994361464953148,0.9980785368005837,0.9940827149917516,0.0,0.0,0.0,0.0
exact_proxy_rank4_int8_plus_euclidean_tail4_int4,uniform_per_expert,741,741,21,32,0.9987386067708334,0.9915190963757506,0.9953664503046513,0.9979720270201455,0.9950805761068025,0.0,0.0,0.0,0.0
exact_proxy_rank4_int8_plus_euclidean_tail4_int4,uniform_per_expert,741,741,22,32,0.9987386067708334,0.9901062233080415,0.994914738653849,0.998202271535939,0.9944274309524532,0.0,0.0,0.0,0.0
exact_proxy_rank4_int8_plus_euclidean_tail4_int4,uniform_per_expert,741,741,23,32,0.9987386067708334,0.990507313952465,0.9948758939825191,0.9984049118650503,0.9944182885576849,0.0,0.0,0.0,0.0
exact_proxy_rank4_int8_plus_euclidean_tail4_int4,uniform_per_expert,741,741,24,32,0.9987386067708334,0.9906385860429311,0.9936213402658647,0.9958608608461814,0.9934828257810483,0.0,0.0,0.0,0.0
exact_proxy_rank4_int8_plus_euclidean_tail4_int4,uniform_per_expert,741,741,25,32,0.9987386067708334,0.9893457145101575,0.9934864038269877,0.9977355381942818,0.9929740857532795,0.0,0.0,0.0,0.0
exact_proxy_rank4_int8_plus_euclidean_tail4_int4,uniform_per_expert,741,741,26,32,0.9987386067708334,0.9912764022944905,0.9943174306035578,0.9977337627006104,0.9944091449581128,0.0,0.0,0.0,0.0
exact_proxy_rank4_int8_plus_euclidean_tail4_int4,uniform_per_expert,741,741,27,32,0.9987386067708334,0.9892557231784168,0.9945160031562902,0.9967328477523295,0.9938745294782864,0.0,0.0,0.0,0.0
exact_proxy_rank4_int8_plus_euclidean_tail4_int4,uniform_per_expert,741,741,28,32,0.9987386067708334,0.9909927370724512,0.9934531668898373,0.9965652138266101,0.9936691832874935,0.0,0.0,0.0,0.0
exact_proxy_rank4_int8_plus_euclidean_tail4_int4,uniform_per_expert,741,741,29,32,0.9987386067708334,0.9930103311156389,0.995660281381805,0.9980706619013815,0.9955241249552593,0.0,0.0,0.0,0.0
exact_proxy_rank4_int8_plus_euclidean_tail4_int4,uniform_per_expert,741,741,30,32,0.9987386067708334,0.9919492397278651,0.994696026863922,0.9975426358427057,0.9945480270496161,0.0,0.0,0.0,0.0
exact_proxy_rank4_int8_plus_euclidean_tail4_int4,uniform_per_expert,741,741,31,32,0.9987386067708334,0.9929517855714114,0.9956635567021892,0.9972572990664633,0.9954110049498415,0.0,0.0,0.0,0.0
exact_proxy_rank4_int8_plus_euclidean_tail4_int4,uniform_per_expert,741,741,32,32,0.9987386067708334,0.992033646058308,0.9967703235887266,0.9982090133555678,0.995585890719997,0.0,0.0,0.0,0.0
exact_proxy_rank4_int8_plus_euclidean_tail4_int4,uniform_per_expert,741,741,33,32,0.9987386067708334,0.9942283522502603,0.9969788554238186,0.9990039931444348,0.9966719474316205,0.0,0.0,0.0,0.0
exact_proxy_rank4_int8_plus_euclidean_tail4_int4,uniform_per_expert,741,741,34,32,0.9987386067708334,0.9951803844709723,0.9969060764850899,0.9981412397453863,0.9966941617115841,0.0,0.0,0.0,0.0
exact_proxy_rank4_int8_plus_euclidean_tail4_int4,uniform_per_expert,741,741,35,32,0.9987386067708334,0.9909561172296639,0.9953726674682242,0.9977444491847808,0.9948481888719648,0.0,0.0,0.0,0.0
exact_proxy_rank4_int8_plus_euclidean_tail4_int4,uniform_per_expert,741,741,36,32,0.9987386067708334,0.9928463912380765,0.9953157091770992,0.9980935886475757,0.9954729665327481,0.0,0.0,0.0,0.0
exact_proxy_rank4_int8_plus_euclidean_tail4_int4,uniform_per_expert,741,741,37,32,0.9987386067708334,0.9929766963316103,0.9958720955075664,0.9982143513883629,0.9957821815108319,0.0,0.0,0.0,0.0
exact_proxy_rank4_int8_plus_euclidean_tail4_int4,uniform_per_expert,741,741,38,32,0.9987386067708334,0.9947907797402658,0.9971150594248241,0.9985578232875253,0.9969211500496468,0.0,0.0,0.0,0.0
exact_proxy_rank4_int8_plus_euclidean_tail4_int4,uniform_per_expert,741,741,39,32,0.9987386067708334,0.9936836634296493,0.997611083940998,0.9995432527799777,0.9969555673287378,0.0,0.0,0.0,0.0
matrix_free_joint_rank8_int4_per_row_hadamard,pooled_equal_weight_compressed,384,1536,0,32,0.5234781901041666,0.9928341703605089,0.9969154798870348,0.9989327271722621,0.9960982199480466,-0.0005932834688976318,0.0007521345741957619,0.005341822119061939,0.0016186134575806761
matrix_free_joint_rank8_int4_per_row_hadamard,pooled_equal_weight_compressed,384,1536,1,32,0.5234781901041666,0.9626799872939971,0.9806145987746808,0.994959595377994,0.979481424050497,-0.001564800900093699,0.0017599566482061624,0.0073020516840863435,0.0025360993435207743
matrix_free_joint_rank8_int4_per_row_hadamard,pooled_equal_weight_compressed,384,1536,2,32,0.5234781901041666,0.9576162174914417,0.9744475538443298,0.9872646681324612,0.9715626664391188,-0.0008679506860020614,0.0027675036128075314,0.01175361909303734,0.004024524760741648
matrix_free_joint_rank8_int4_per_row_hadamard,pooled_equal_weight_compressed,384,1536,3,32,0.5234781901041666,0.9422262921075675,0.9691258547206587,0.9855556737660857,0.9672098578775196,-0.0009435275078337079,0.005174068550682087,0.01342574202826065,0.005294661660322837
matrix_free_joint_rank8_int4_per_row_hadamard,pooled_equal_weight_compressed,384,1536,4,32,0.5234781901041666,0.9425950073642855,0.9720451450326679,0.9839571059031946,0.9691155615000502,-0.0007629742611791612,0.0019344241648169835,0.007186147936442344,0.0028002122664540392
matrix_free_joint_rank8_int4_per_row_hadamard,pooled_equal_weight_compressed,384,1536,5,32,0.5234781901041666,0.952038314872852,0.9655494967362797,0.985740307592526,0.9684381423188211,-0.0017257253302082496,0.002677928306810906,0.012507543799513703,0.004140875591868345
matrix_free_joint_rank8_int4_per_row_hadamard,pooled_equal_weight_compressed,384,1536,6,32,0.5234781901041666,0.9540286455676615,0.975921341565648,0.9911708214831277,0.9723874557682971,-0.0005000777905234232,0.0023351912492924898,0.011235085224759155,0.003825372680398585
matrix_free_joint_rank8_int4_per_row_hadamard,pooled_equal_weight_compressed,384,1536,7,32,0.5234781901041666,0.9395529023505951,0.9667914035633929,0.9839549805531839,0.9653709052776138,-0.0007340939200645713,0.002478722619837226,0.007428403941770302,0.002974641090099702
matrix_free_joint_rank8_int4_per_row_hadamard,pooled_equal_weight_compressed,384,1536,8,32,0.5234781901041666,0.9345598255247713,0.9637631984008213,0.9777435618868644,0.9583242422084115,-0.004270871779143781,0.0004077896601490383,0.007714471028001868,0.0007638465775363368
matrix_free_joint_rank8_int4_per_row_hadamard,pooled_equal_weight_compressed,384,1536,9,32,0.5234781901041666,0.9572808404967446,0.97409259021631,0.9832928259949795,0.9704166613103793,0.0005780758248401963,0.004132343350150336,0.015013181370893887,0.006501634500337309
matrix_free_joint_rank8_int4_per_row_hadamard,pooled_equal_weight_compressed,384,1536,10,32,0.5234781901041666,0.9449967492106062,0.9661241762085961,0.9854076715793813,0.96684167661563,-0.004620817933677368,0.0010534341458648955,0.006495180217556963,0.0011139922779868118
matrix_free_joint_rank8_int4_per_row_hadamard,pooled_equal_weight_compressed,384,1536,11,32,0.5234781901041666,0.9215734812527332,0.9690265639063778,0.9874915836112648,0.9493658586398471,-0.00802432206312622,0.0016403302655864649,0.00927313936185048,-0.01509333591200545
matrix_free_joint_rank8_int4_per_row_hadamard,pooled_equal_weight_compressed,384,1536,12,32,0.5234781901041666,0.9410964572836972,0.9640356962882912,0.9822999876661437,0.9580778405075747,-0.0034890599715362014,0.003922723615997936,0.010359149649435464,-0.00465916775792204
matrix_free_joint_rank8_int4_per_row_hadamard,pooled_equal_weight_compressed,384,1536,13,32,0.5234781901041666,0.9383044921049402,0.9599464550893131,0.9796143435864163,0.9590513077932425,-0.009699983231724973,0.0011369049627563688,0.004535008715100254,-0.00268815827704379
matrix_free_joint_rank8_int4_per_row_hadamard,pooled_equal_weight_compressed,384,1536,14,32,0.5234781901041666,0.9350456313522388,0.9709568971287486,0.980048551822554,0.9585265707793473,-0.012954007187155548,0.00026598322012283404,0.00461541898340613,-0.008112202829335106
matrix_free_joint_rank8_int4_per_row_hadamard,pooled_equal_weight_compressed,384,1536,15,32,0.5234781901041666,0.9372107243770005,0.9617468868467697,0.9815361074867981,0.9601485873671447,-0.011790821699864507,0.0031258701234027075,0.01191833588250836,0.0032711057972369117
matrix_free_joint_rank8_int4_per_row_hadamard,pooled_equal_weight_compressed,384,1536,16,32,0.5234781901041666,0.9500319583518576,0.966604848951051,0.9804797081529738,0.9655056142250608,-0.007590284360552757,0.005310304758006146,0.015171446075517748,0.0027509445372616848
matrix_free_joint_rank8_int4_per_row_hadamard,pooled_equal_weight_compressed,384,1536,17,32,0.5234781901041666,0.9318415039675253,0.9530953764073156,0.9802882294014498,0.9528797720055351,-0.0021632648334551476,0.004007167729953298,0.02051429308205302,-0.0002530899566219394
matrix_free_joint_rank8_int4_per_row_hadamard,pooled_equal_weight_compressed,384,1536,18,32,0.5234781901041666,0.9354569319769592,0.9603399902545585,0.9799045473535968,0.9595014914823431,-0.008384826839689118,0.0018370001607964093,0.008525450302561589,-0.002054446802365946
matrix_free_joint_rank8_int4_per_row_hadamard,pooled_equal_weight_compressed,384,1536,19,32,0.5234781901041666,0.938718375407515,0.9695735557949027,0.9850375877234037,0.963961270264525,-0.0018780385374419727,0.0017053756795151198,0.00990599836536631,-0.004142886695616514
matrix_free_joint_rank8_int4_per_row_hadamard,pooled_equal_weight_compressed,384,1536,20,32,0.5234781901041666,0.9290304085884317,0.9618974060653191,0.983036787272,0.9587767936622791,-0.003949731181884897,0.003570092445788875,0.009522526445220758,-0.0023070937073263707
matrix_free_joint_rank8_int4_per_row_hadamard,pooled_equal_weight_compressed,384,1536,21,32,0.5234781901041666,0.941823144270243,0.971509826604641,0.9857927817706801,0.9616383492132705,-0.006211364329844404,0.0035442282939831538,0.014334433273193793,-0.006052855119024567
matrix_free_joint_rank8_int4_per_row_hadamard,pooled_equal_weight_compressed,384,1536,22,32,0.5234781901041666,0.9397980696073217,0.9711402987822282,0.9892300502482569,0.9665402918490779,-0.002155353682801675,0.0031965322286542364,0.010696864678178031,0.003274649422368981
matrix_free_joint_rank8_int4_per_row_hadamard,pooled_equal_weight_compressed,384,1536,23,32,0.5234781901041666,0.942205824705201,0.9693832075003948,0.9830613714411929,0.9647737135866965,-0.004306749096695006,0.005597384701798214,0.014456379201200537,0.0018843164871605415
matrix_free_joint_rank8_int4_per_row_hadamard,pooled_equal_weight_compressed,384,1536,24,32,0.5234781901041666,0.9158739298906189,0.9586397242061577,0.9743502908335288,0.9523907663964217,-0.01794121085175708,0.0038993984858397557,0.011929101383389165,-0.0037207416971654778
matrix_free_joint_rank8_int4_per_row_hadamard,pooled_equal_weight_compressed,384,1536,25,32,0.5234781901041666,0.9314812088616072,0.959120766115684,0.9695643673608599,0.951757047346409,-0.006982728846871511,0.002028282354699429,0.009839341233740119,-0.003132332806052549
matrix_free_joint_rank8_int4_per_row_hadamard,pooled_equal_weight_compressed,384,1536,26,32,0.5234781901041666,0.9339354941911191,0.9600014213486292,0.9746496762543574,0.956788957182588,-0.023291023837901523,0.0004330747497634513,0.004591083419871559,-0.007359004052099723
matrix_free_joint_rank8_int4_per_row_hadamard,pooled_equal_weight_compressed,384,1536,27,32,0.5234781901041666,0.9295735337021415,0.9669501393345067,0.9792901510551795,0.9598353834268387,-0.0017643334855074965,0.0029620528378506705,0.008148763931420366,0.0011277490795330407
matrix_free_joint_rank8_int4_per_row_hadamard,pooled_equal_weight_compressed,384,1536,28,32,0.5234781901041666,0.935336095736334,0.9589813394148163,0.972201380926951,0.9534933567571444,-0.0026763856060004975,0.0021500511043318626,0.009822533726618876,-0.004187904508811183
matrix_free_joint_rank8_int4_per_row_hadamard,pooled_equal_weight_compressed,384,1536,29,32,0.5234781901041666,0.9512976949294186,0.9748167914411616,0.9851814330197756,0.9707069465947995,-0.0009014834763247158,0.003289558898177891,0.011973177465201393,0.0010868198234997087
matrix_free_joint_rank8_int4_per_row_hadamard,pooled_equal_weight_compressed,384,1536,30,32,0.5234781901041666,0.9460411574531037,0.964365229808353,0.9788314554260521,0.96244626909827,-0.0017213022464514281,0.0028497558914449272,0.010764919517318542,-0.001944423363464346
matrix_free_joint_rank8_int4_per_row_hadamard,pooled_equal_weight_compressed,384,1536,31,32,0.5234781901041666,0.9498625440567258,0.9766092127333079,0.984651884672299,0.9714680643770531,-0.002285899385627832,0.002133756723838587,0.006445056350983582,0.0019566105874068984
matrix_free_joint_rank8_int4_per_row_hadamard,pooled_equal_weight_compressed,384,1536,32,32,0.5234781901041666,0.9465361559716065,0.9816267402494805,0.9902273627917129,0.973621079962005,-0.0007516289158938982,0.0017715654686327187,0.006832107685942635,0.0022164606405073277
matrix_free_joint_rank8_int4_per_row_hadamard,pooled_equal_weight_compressed,384,1536,33,32,0.5234781901041666,0.9687874641069796,0.9819083748087556,0.9945932893792553,0.9805610489281527,-8.542867894362204e-05,0.002274404154678611,0.007476522483031167,0.003154341266283174
matrix_free_joint_rank8_int4_per_row_hadamard,pooled_equal_weight_compressed,384,1536,34,32,0.5234781901041666,0.9698764693142525,0.9828173495647623,0.9877848945878196,0.9794315951446354,-0.0032316058803250835,0.002048896101539688,0.005369242254548401,0.0017440213672937702
matrix_free_joint_rank8_int4_per_row_hadamard,pooled_equal_weight_compressed,384,1536,35,32,0.5234781901041666,0.9402089288467882,0.9748105507525705,0.9872215992562277,0.9698942094527988,-0.0003627396434563445,0.003497697074868189,0.010700133428281723,0.004036557825906326
matrix_free_joint_rank8_int4_per_row_hadamard,pooled_equal_weight_compressed,384,1536,36,32,0.5234781901041666,0.9571008623229581,0.9722207556013887,0.9888060696303991,0.971762170848085,-0.0025263852637449568,0.00130463128288405,0.004596238579124182,0.0008515289768325357
matrix_free_joint_rank8_int4_per_row_hadamard,pooled_equal_weight_compressed,384,1536,37,32,0.5234781901041666,0.9595954796840112,0.9762660448432987,0.9905815485411261,0.9761620302655397,0.0001879913496085628,0.002647048410055197,0.008553968626956211,0.003878051478747861
matrix_free_joint_rank8_int4_per_row_hadamard,pooled_equal_weight_compressed,384,1536,38,32,0.5234781901041666,0.9753666808886258,0.9845367053286189,0.9935149666721862,0.9842165810856667,0.00044125603745781566,0.0036492182471594137,0.00958843753111719,0.004820720527043007
matrix_free_joint_rank8_int4_per_row_hadamard,pooled_equal_weight_compressed,384,1536,39,32,0.5234781901041666,0.9631042493306571,0.9871736360873841,0.9967662838707387,0.9804643582536632,-0.00047782853774979144,0.0016406352457528084,0.005676673644081145,0.0020044590815633673
matrix_free_joint_rank8_int4_per_row_hadamard,pooled_equal_weight_compressed,576,1536,0,32,0.7734781901041666,0.9990942166779604,0.9996814665957992,0.9998905317525308,0.9994706155612149,3.94120792609476e-06,0.00031997800713301494,0.0020806655725653547,0.0006881561649283927
matrix_free_joint_rank8_int4_per_row_hadamard,pooled_equal_weight_compressed,576,1536,1,32,0.7734781901041666,0.9864317707224818,0.9932441100844187,0.9985001673754932,0.9926887970469862,-0.0003484781153045846,0.000782206199287927,0.0031485692769282155,0.0011744013275298282
matrix_free_joint_rank8_int4_per_row_hadamard,pooled_equal_weight_compressed,576,1536,2,32,0.7734781901041666,0.9846580991093954,0.9904729790434186,0.9957725758542039,0.9901826029997404,-0.00014265734098719562,0.0011090947121972783,0.004619170057708156,0.001970234828023037
matrix_free_joint_rank8_int4_per_row_hadamard,pooled_equal_weight_compressed,576,1536,3,32,0.7734781901041666,0.9793876567395176,0.9895520203409,0.9939218938820105,0.988210641554083,3.6442356436628003e-06,0.0026278350947884777,0.005551525844631911,0.0025830533886444518
matrix_free_joint_rank8_int4_per_row_hadamard,pooled_equal_weight_compressed,576,1536,4,32,0.7734781901041666,0.9820057973523297,0.9895391171588936,0.9944813875084103,0.9885160614424543,-0.0004348846539986795,0.00032633787448327345,0.005605060051746974,0.0009269438714273638
matrix_free_joint_rank8_int4_per_row_hadamard,pooled_equal_weight_compressed,576,1536,5,32,0.7734781901041666,0.9821744681129742,0.9875275114080642,0.9949286948069829,0.9880956631549631,-0.00031828495004716513,0.0008421468100146545,0.003921281645437491,0.0014752603222439459
matrix_free_joint_rank8_int4_per_row_hadamard,pooled_equal_weight_compressed,576,1536,6,32,0.7734781901041666,0.9829939337297825,0.991159380538343,0.9974153203384876,0.9899991555735796,-5.4531936664070616e-05,0.0013807391671506464,0.005056153840801727,0.0019470595997923695
matrix_free_joint_rank8_int4_per_row_hadamard,pooled_equal_weight_compressed,576,1536,7,32,0.7734781901041666,0.9794668384711965,0.987417236092533,0.9947089242316541,0.987378699329653,-0.0006413527323510859,0.0006111820582663796,0.0029678554666230155,0.0011451474804301878
matrix_free_joint_rank8_int4_per_row_hadamard,pooled_equal_weight_compressed,576,1536,8,32,0.7734781901041666,0.9781739146516994,0.9880314139866164,0.9918322897138981,0.9856086186942227,-0.0011320006648547487,0.0007176689795451718,0.0032197008461251854,0.0011352634938001857
matrix_free_joint_rank8_int4_per_row_hadamard,pooled_equal_weight_compressed,576,1536,9,32,0.7734781901041666,0.9833882105918661,0.9912583713737205,0.993508428981655,0.9893874314869553,0.00047893955840987433,0.0024795972158317414,0.006030121087007747,0.002647835711755874
matrix_free_joint_rank8_int4_per_row_hadamard,pooled_equal_weight_compressed,576,1536,10,32,0.7734781901041666,0.980713748401128,0.9885385032408133,0.9945243423069542,0.987434434309904,-0.0019989702347299686,0.00034192658454473834,0.0025219840537831343,0.0002783703916499833
matrix_free_joint_rank8_int4_per_row_hadamard,pooled_equal_weight_compressed,576,1536,11,32,0.7734781901041666,0.972951939581799,0.9887771925200135,0.9944290041358697,0.9824787548814176,-0.0028137692214379117,0.001266151038365304,0.003692925252715309,-0.004292224372972022
matrix_free_joint_rank8_int4_per_row_hadamard,pooled_equal_weight_compressed,576,1536,12,32,0.7734781901041666,0.976275374792607,0.987982473114492,0.9937113952318183,0.9845888578314741,-0.0011445561211795186,0.0020308328710557655,0.005627802053973497,-0.0015793073929465627
matrix_free_joint_rank8_int4_per_row_hadamard,pooled_equal_weight_compressed,576,1536,13,32,0.7734781901041666,0.9737433157190187,0.9856292083393905,0.9919327998895937,0.9842499279961279,-0.0019891476857494482,0.0005616268875981989,0.0036178072593155883,-0.0016254305961864272
matrix_free_joint_rank8_int4_per_row_hadamard,pooled_equal_weight_compressed,576,1536,14,32,0.7734781901041666,0.972901236931784,0.9885297077680548,0.9933309759609167,0.9842620936032683,-0.0049655966455802725,0.0004171438723254983,0.0024555055961247517,-0.0033890171268367957
matrix_free_joint_rank8_int4_per_row_hadamard,pooled_equal_weight_compressed,576,1536,15,32,0.7734781901041666,0.9755190182042894,0.9857348146585311,0.993348506478945,0.9849503579887875,-0.0029922497055671184,0.0010438371590467677,0.0048323020616727564,0.001170204413895655
matrix_free_joint_rank8_int4_per_row_hadamard,pooled_equal_weight_compressed,576,1536,16,32,0.7734781901041666,0.9816239494769881,0.9869071045525862,0.9928877830384671,0.9873497054069339,-0.0001697237544726393,0.0017279873567964676,0.005077398206901962,0.0012549332199526114
matrix_free_joint_rank8_int4_per_row_hadamard,pooled_equal_weight_compressed,576,1536,17,32,0.7734781901041666,0.9745467449545223,0.9843441897015,0.9931534075438397,0.9829085382322341,-0.001357858100455711,0.0014161386008225696,0.007187794386284298,0.00013606170386648922
matrix_free_joint_rank8_int4_per_row_hadamard,pooled_equal_weight_compressed,576,1536,18,32,0.7734781901041666,0.9753331218013651,0.985996797068068,0.9928946742641612,0.9847398800656999,-0.002246006720888538,0.0007817638138419292,0.0034198384530336086,-0.0007271228949292524
matrix_free_joint_rank8_int4_per_row_hadamard,pooled_equal_weight_compressed,576,1536,19,32,0.7734781901041666,0.974711655094365,0.9884566328285453,0.9946999963137935,0.9862128302482726,-0.0023721530895907893,0.000526428866096551,0.001767029758595729,-0.0016891411132440894
matrix_free_joint_rank8_int4_per_row_hadamard,pooled_equal_weight_compressed,576,1536,20,32,0.7734781901041666,0.9744590628545314,0.9865920736924161,0.9950431499604173,0.9846574947997766,-0.0010533288864458033,0.0022539347944945387,0.004656531061554459,-0.0007033572160022247
matrix_free_joint_rank8_int4_per_row_hadamard,pooled_equal_weight_compressed,576,1536,21,32,0.7734781901041666,0.9784617675326563,0.9897079955091295,0.9951864526393046,0.9850856905348321,-0.0008589327920425216,0.001739440875077214,0.005762347646105904,-0.002871135778017401
matrix_free_joint_rank8_int4_per_row_hadamard,pooled_equal_weight_compressed,576,1536,22,32,0.7734781901041666,0.9794122828595445,0.9894346349209593,0.995888149541514,0.9879327954904087,-0.0017571043482440762,0.0009365768136114228,0.004057150418743072,0.0015510875047284392
matrix_free_joint_rank8_int4_per_row_hadamard,pooled_equal_weight_compressed,576,1536,23,32,0.7734781901041666,0.9780442517844805,0.9882269124408192,0.994250472239307,0.9869678489992617,-0.001523618583087205,0.001676263334884076,0.005324900567767467,0.0005977640782777079
matrix_free_joint_rank8_int4_per_row_hadamard,pooled_equal_weight_compressed,576,1536,24,32,0.7734781901041666,0.966015788859431,0.985767645973022,0.9905552555639751,0.981230011764965,-0.004305018078770995,0.0011247526303885813,0.005315786612488939,-0.002713004993076005
matrix_free_joint_rank8_int4_per_row_hadamard,pooled_equal_weight_compressed,576,1536,25,32,0.7734781901041666,0.9718256908019749,0.9850485039824151,0.9877429840370803,0.980637739021986,-0.0003087435811267802,0.0010296635701169121,0.003743315011091687,-0.002417759553883944
matrix_free_joint_rank8_int4_per_row_hadamard,pooled_equal_weight_compressed,576,1536,26,32,0.7734781901041666,0.9760959332359294,0.9853012216156201,0.991367174134782,0.983042107492927,-0.008547281916423621,0.00018181493588720343,0.0038059845639421778,-0.0036070509401687594
matrix_free_joint_rank8_int4_per_row_hadamard,pooled_equal_weight_compressed,576,1536,27,32,0.7734781901041666,0.9725750073171218,0.9877497202294327,0.993032229015739,0.9849417664338878,-0.0010970318351814056,0.000826919559664907,0.0036434457887381546,0.00029706653739783664
matrix_free_joint_rank8_int4_per_row_hadamard,pooled_equal_weight_compressed,576,1536,28,32,0.7734781901041666,0.9746360316649093,0.9853518936389251,0.9908545572965196,0.9822753818293772,-0.0042924345644059884,0.0009063181028169942,0.0051735855416112945,-0.0022897223727315064
matrix_free_joint_rank8_int4_per_row_hadamard,pooled_equal_weight_compressed,576,1536,29,32,0.7734781901041666,0.9794300642097092,0.9900235931568355,0.9947848479881896,0.9882378785632822,-0.0002147592465946868,0.001364639497778708,0.004995585789857983,-0.00047776544827128967
matrix_free_joint_rank8_int4_per_row_hadamard,pooled_equal_weight_compressed,576,1536,30,32,0.7734781901041666,0.9785139577408126,0.9871078135355487,0.9922169845117715,0.985599076023842,-0.003321824037949006,0.001107780271829062,0.003037956476942539,-0.0013292587277682864
matrix_free_joint_rank8_int4_per_row_hadamard,pooled_equal_weight_compressed,576,1536,31,32,0.7734781901041666,0.9838479491490781,0.9903240493677271,0.9949771928643083,0.9897434678197322,-0.0004289408086238122,0.0008862851066749888,0.002889615184626427,0.0010582168427765264
matrix_free_joint_rank8_int4_per_row_hadamard,pooled_equal_weight_compressed,576,1536,32,32,0.7734781901041666,0.9820754209018205,0.9932192734973746,0.996229270842805,0.9906689504235828,-0.0001239967743826842,0.0009595793649868622,0.002657554595516543,0.0013878839833047357
matrix_free_joint_rank8_int4_per_row_hadamard,pooled_equal_weight_compressed,576,1536,33,32,0.7734781901041666,0.9879925589666849,0.9935346014227511,0.9980468288740145,0.9928141865608925,-1.8881205460929968e-05,0.0005547522763780788,0.002680034521850095,0.0011590545694684998
matrix_free_joint_rank8_int4_per_row_hadamard,pooled_equal_weight_compressed,576,1536,34,32,0.7734781901041666,0.9882958586319317,0.9936189730994296,0.9952121489615465,0.9926979142610772,-0.0003457268139526293,0.0008333255054164268,0.0017780218605096601,0.0007791805270325712
matrix_free_joint_rank8_int4_per_row_hadamard,pooled_equal_weight_compressed,576,1536,35,32,0.7734781901041666,0.9782909439634936,0.9909296516224334,0.9957819879559928,0.9888670042311213,2.585690390249918e-05,0.0010681448781417746,0.0037516742916258524,0.00155120975023091
matrix_free_joint_rank8_int4_per_row_hadamard,pooled_equal_weight_compressed,576,1536,36,32,0.7734781901041666,0.984717964420678,0.9900705355453387,0.9959900068200418,0.9901527237727418,-0.0002687173575933843,0.0009864622561017167,0.0020631241979337414,0.0011060297546767565
matrix_free_joint_rank8_int4_per_row_hadamard,pooled_equal_weight_compressed,576,1536,37,32,0.7734781901041666,0.9853205525045281,0.9915142312565763,0.9962083823084691,0.991203272341417,-0.0002533599743859249,0.0012454837796364582,0.003311068180152721,0.0015722388900425467
matrix_free_joint_rank8_int4_per_row_hadamard,pooled_equal_weight_compressed,576,1536,38,32,0.7734781901041666,0.9921784616826305,0.9943389213877246,0.9977368930091514,0.9944373959512393,0.00013243291109796832,0.0010243151311560839,0.004619388227414756,0.0018246940192410861
matrix_free_joint_rank8_int4_per_row_hadamard,pooled_equal_weight_compressed,576,1536,39,32,0.7734781901041666,0.9872342818862119,0.9955051464422426,0.9988840831822781,0.9932173532955668,-0.00034124158046185956,0.0006574774055065902,0.0023946703139961834,0.0008700864607409271
matrix_free_joint_rank8_int4_per_row_hadamard,pooled_equal_weight_compressed,749,1536,0,32,0.9987386067708334,0.9998892534429173,0.9999856987991464,0.9999976565433016,0.99994992496933,1.2629745801862047e-05,0.00010440214937440517,0.0006405389737657587,0.00022997066381600859
matrix_free_joint_rank8_int4_per_row_hadamard,pooled_equal_weight_compressed,749,1536,1,32,0.9987386067708334,0.9949558436475499,0.9974116042899696,0.9993545536642263,0.9971484477562744,-0.0002502022591444497,0.000368072167632183,0.001060807754405746,0.00036891497588086367
matrix_free_joint_rank8_int4_per_row_hadamard,pooled_equal_weight_compressed,749,1536,2,32,0.9987386067708334,0.993762235810657,0.9964356456547341,0.9980833254098322,0.9960883175730679,-0.00037969985250214667,0.00019839489692347057,0.001629709540214353,0.00046989720811105307
matrix_free_joint_rank8_int4_per_row_hadamard,pooled_equal_weight_compressed,749,1536,3,32,0.9987386067708334,0.9925983509019993,0.9960035220590304,0.9977266489065367,0.9956786031668228,-4.9007071287820983e-05,0.001076980522385862,0.002162201263541741,0.0011235977240562356
matrix_free_joint_rank8_int4_per_row_hadamard,pooled_equal_weight_compressed,749,1536,4,32,0.9987386067708334,0.9932969117180717,0.9962907567144348,0.9981097200040215,0.9959559721501514,1.499611485650254e-05,0.0003678164011282625,0.0017743182524301414,0.000617183784396784
matrix_free_joint_rank8_int4_per_row_hadamard,pooled_equal_weight_compressed,749,1536,5,32,0.9987386067708334,0.9936800989694813,0.9951148440111024,0.9980338989572581,0.9955172185876595,4.797683966095702e-06,0.0006634658458239406,0.00178624893107462,0.0006406381239234711
matrix_free_joint_rank8_int4_per_row_hadamard,pooled_equal_weight_compressed,749,1536,6,32,0.9987386067708334,0.9935766529369943,0.9964659705767358,0.9988206873618327,0.9962391522205609,-6.0454915655094825e-06,0.00047519998859785195,0.001137703940953061,0.0007139732090905189
matrix_free_joint_rank8_int4_per_row_hadamard,pooled_equal_weight_compressed,749,1536,7,32,0.9987386067708334,0.991437761784548,0.9954477362067816,0.9977444494805158,0.9952320699071755,-0.00020528168820995729,0.00024166881506798576,0.0010529555527922679,0.00037163303798718253
matrix_free_joint_rank8_int4_per_row_hadamard,pooled_equal_weight_compressed,749,1536,8,32,0.9987386067708334,0.9914158317855805,0.9952257225295508,0.9973005066668305,0.9944876063012957,-0.0006426174046307187,0.00020215023367103901,0.001163936284284528,0.00022976566531662454
matrix_free_joint_rank8_int4_per_row_hadamard,pooled_equal_weight_compressed,749,1536,9,32,0.9987386067708334,0.9938232222421679,0.9964088896335461,0.99758544694155,0.9960289846690352,1.1060239879845396e-05,0.0008517903323248532,0.0018008177090463211,0.0008968414915819303
matrix_free_joint_rank8_int4_per_row_hadamard,pooled_equal_weight_compressed,749,1536,10,32,0.9987386067708334,0.9925619565808214,0.9952943999409979,0.9978195080416261,0.9952845532931205,-0.0013162787444143341,0.00011736142599255706,0.0019260506167770217,9.444085299611243e-05
matrix_free_joint_rank8_int4_per_row_hadamard,pooled_equal_weight_compressed,749,1536,11,32,0.9987386067708334,0.9886726232801338,0.9956478275210645,0.9979939320784083,0.993247165263486,-0.00022921139969536152,0.0004761432571210311,0.0015443590936010448,-0.0017745928072303262
matrix_free_joint_rank8_int4_per_row_hadamard,pooled_equal_weight_compressed,749,1536,12,32,0.9987386067708334,0.9910243111031374,0.9948221358877283,0.9979021069517915,0.9940165809510654,-0.0004218360955144051,0.0004335440484793396,0.001608467139742642,-0.0008852288225847139
matrix_free_joint_rank8_int4_per_row_hadamard,pooled_equal_weight_compressed,749,1536,13,32,0.9987386067708334,0.9907246800175143,0.9948213503121071,0.9973369108132024,0.9942761096843276,-0.0009337453295255816,0.0003201323869801431,0.0019981132243612333,-0.0004044282506681096
matrix_free_joint_rank8_int4_per_row_hadamard,pooled_equal_weight_compressed,749,1536,14,32,0.9987386067708334,0.9908476271065983,0.9956233436185777,0.9974329345180313,0.9941731989803384,-0.0013968446360699603,0.00012585672618764532,0.0012053474289308477,-0.0011908034792807408
matrix_free_joint_rank8_int4_per_row_hadamard,pooled_equal_weight_compressed,749,1536,15,32,0.9987386067708334,0.9912905175706455,0.994996872085312,0.9977373916665566,0.994521419161897,-0.0013749734838773729,0.0006321099227069027,0.0018675025995376186,0.0005713458650066575
matrix_free_joint_rank8_int4_per_row_hadamard,pooled_equal_weight_compressed,749,1536,16,32,0.9987386067708334,0.9920804495975469,0.9954120804736468,0.9976966755899325,0.9948952796980275,-0.0007253409321253401,0.0005797045490647523,0.002858463298282477,5.812030596507797e-05
matrix_free_joint_rank8_int4_per_row_hadamard,pooled_equal_weight_compressed,749,1536,17,32,0.9987386067708334,0.9906432033540965,0.9939382858407859,0.9975440543907501,0.9936499691814515,-0.000275875361388056,0.0005334099027005657,0.002621045638691268,-1.653007574481044e-05
matrix_free_joint_rank8_int4_per_row_hadamard,pooled_equal_weight_compressed,749,1536,18,32,0.9987386067708334,0.9902978062647033,0.9946850373158439,0.9974360143978694,0.9941035090525748,-0.0001442266818747262,0.00041988198978548663,0.001391987883060864,-0.0004275730531434138
matrix_free_joint_rank8_int4_per_row_hadamard,pooled_equal_weight_compressed,749,1536,19,32,0.9987386067708334,0.9899271634778132,0.9960026086302998,0.9979486626934988,0.9942813106354165,-0.00014167133379828776,0.00025192449714822596,0.00146181247179319,-0.001161658725454831
matrix_free_joint_rank8_int4_per_row_hadamard,pooled_equal_weight_compressed,749,1536,20,32,0.9987386067708334,0.9905942281500503,0.9948001332612411,0.9980176251317446,0.9942050969871483,-0.0006135160137554774,0.0005728644268957472,0.0017448041130597178,-0.0004205035906030691
matrix_free_joint_rank8_int4_per_row_hadamard,pooled_equal_weight_compressed,749,1536,21,32,0.9987386067708334,0.9919420190195676,0.9963151006251518,0.9982341261341091,0.9937839244742446,-1.4893410733785026e-05,0.0007408917955865069,0.0021641425003485425,-0.0016949152601259988
matrix_free_joint_rank8_int4_per_row_hadamard,pooled_equal_weight_compressed,749,1536,22,32,0.9987386067708334,0.992168662987362,0.9961307598108566,0.998385767764063,0.9955205672584966,-0.00014007794131007942,0.0005729366839614669,0.0018930475932455119,0.0006068493685775674
matrix_free_joint_rank8_int4_per_row_hadamard,pooled_equal_weight_compressed,749,1536,23,32,0.9987386067708334,0.9914292549675332,0.9959678996731866,0.997697063741085,0.9947176898036096,-0.0003193672124292557,0.0004972770118376046,0.0020443067231945113,-0.00023570392623753836
matrix_free_joint_rank8_int4_per_row_hadamard,pooled_equal_weight_compressed,749,1536,24,32,0.9987386067708334,0.9902209750816222,0.9946573963581018,0.9965094150360454,0.9932132812011284,-0.0006929162758666285,0.0006978550957950636,0.0021518658357072016,-0.0007909413237164424
matrix_free_joint_rank8_int4_per_row_hadamard,pooled_equal_weight_compressed,749,1536,25,32,0.9987386067708334,0.990107438631366,0.9940977154970693,0.9955287954286888,0.9922962175909145,-0.0008995546342518422,0.00040043824987767707,0.0016399769811115243,-0.0013568905239894381
matrix_free_joint_rank8_int4_per_row_hadamard,pooled_equal_weight_compressed,749,1536,26,32,0.9987386067708334,0.9909575284964381,0.9947563187522501,0.9965330557404207,0.9936346549366863,-0.001980254557443295,0.00012179003115264653,0.001220554327987056,-0.0012695578876963584
matrix_free_joint_rank8_int4_per_row_hadamard,pooled_equal_weight_compressed,749,1536,27,32,0.9987386067708334,0.9892321542766349,0.9953685192910398,0.9975136783557736,0.9943245205698097,-0.0005105635781330719,0.0004169218863593893,0.0016564524209841558,-4.0655886346715325e-05
matrix_free_joint_rank8_int4_per_row_hadamard,pooled_equal_weight_compressed,749,1536,28,32,0.9987386067708334,0.9906468590304593,0.9945752479566812,0.9967245264020416,0.9937366274720358,-0.0014534362919667698,0.0004149764269031908,0.002372206388113508,-0.000441413704884798
matrix_free_joint_rank8_int4_per_row_hadamard,pooled_equal_weight_compressed,749,1536,29,32,0.9987386067708334,0.9926903565616281,0.9964636980730073,0.9980280440820667,0.9953508546068821,-0.0017350753857133026,0.00039669367385158916,0.0012253585128226276,-0.0006014710608775765
matrix_free_joint_rank8_int4_per_row_hadamard,pooled_equal_weight_compressed,749,1536,30,32,0.9987386067708334,0.9915936577577026,0.9952283678036469,0.996985468678414,0.9945602678966705,-0.0011052448278298654,0.0005045342394053298,0.0011766065096440405,-0.00052092747387383
matrix_free_joint_rank8_int4_per_row_hadamard,pooled_equal_weight_compressed,749,1536,31,32,0.9987386067708334,0.9939176065537945,0.996687226277309,0.9978671932863671,0.9962997912242754,-9.530467913110292e-06,0.0005063229066548658,0.0011970469147785884,0.0005202165188875549
matrix_free_joint_rank8_int4_per_row_hadamard,pooled_equal_weight_compressed,749,1536,32,32,0.9987386067708334,0.9934686977511646,0.9975195407677773,0.9987056340869155,0.9965547261785599,2.9583078756667554e-05,0.0004643386020967699,0.0010559292327216086,0.0005710694142126854
matrix_free_joint_rank8_int4_per_row_hadamard,pooled_equal_weight_compressed,749,1536,33,32,0.9987386067708334,0.995542402259884,0.9977060441014136,0.9992553001207243,0.9973830331393214,-1.85057496613461e-05,0.0002837301948253046,0.0009353338589473295,0.00042171959954012683
matrix_free_joint_rank8_int4_per_row_hadamard,pooled_equal_weight_compressed,749,1536,34,32,0.9987386067708334,0.9955367879149626,0.9976096192916362,0.9983836431735226,0.9973152333448365,-6.713372494997482e-05,0.00029760742781381744,0.000803794441209904,0.00034444638333409536
matrix_free_joint_rank8_int4_per_row_hadamard,pooled_equal_weight_compressed,749,1536,35,32,0.9987386067708334,0.9922764853695869,0.9963309013646944,0.9981339457760267,0.9958906444114777,0.000157804902348202,0.00044743844323841264,0.0010931455190746676,0.0005820996059770003
matrix_free_joint_rank8_int4_per_row_hadamard,pooled_equal_weight_compressed,749,1536,36,32,0.9987386067708334,0.9939788643734739,0.996472913297173,0.9983599297992887,0.9962621063493493,-6.174655290185348e-05,0.00027220903096381033,0.0010970654936199313,0.00038654343273840375
matrix_free_joint_rank8_int4_per_row_hadamard,pooled_equal_weight_compressed,749,1536,37,32,0.9987386067708334,0.9943477208758714,0.9969567738527862,0.9985715970010577,0.9967732758963688,0.00013904524079345616,0.0004908658882460948,0.0011708129114898493,0.0005991388866045354
matrix_free_joint_rank8_int4_per_row_hadamard,pooled_equal_weight_compressed,749,1536,38,32,0.9987386067708334,0.9969447616896799,0.9978812304945519,0.9992046294042126,0.9978743947423848,8.364480820953759e-05,0.00042974322007022225,0.0015137385220275084,0.0006712413995775199
matrix_free_joint_rank8_int4_per_row_hadamard,pooled_equal_weight_compressed,749,1536,39,32,0.9987386067708334,0.9954676390736582,0.9981361373649582,0.9995844014935593,0.9975695181148342,-3.286172732985815e-05,0.00016079269091140436,0.0010050666821592399,0.0002897251233249451
matrix_free_joint_rank8_int4_per_row_hadamard,pooled_equal_weight_compressed,768,1536,0,32,1.0234781901041667,0.9999130336520623,0.9999917712094358,0.999998285924607,0.9999631448409124,1.072354711663115e-05,8.391330797680174e-05,0.0005300886506611427,0.00019501762941953257
matrix_free_joint_rank8_int4_per_row_hadamard,pooled_equal_weight_compressed,768,1536,1,32,1.0234781901041667,0.9952818769640127,0.9976917707465826,0.9993500691630335,0.9974112984777624,-0.000325176480499445,0.0001981116389533355,0.0009652308090927654,0.00026621079343441476
matrix_free_joint_rank8_int4_per_row_hadamard,pooled_equal_weight_compressed,768,1536,2,32,1.0234781901041667,0.9946015891291557,0.9967415980394922,0.9981059730945402,0.9966602913211272,-0.00017480804482420396,0.0002367683647132579,0.0012014541092240207,0.0005380646033100768
matrix_free_joint_rank8_int4_per_row_hadamard,pooled_equal_weight_compressed,768,1536,3,32,1.0234781901041667,0.9929523488054571,0.9963654149209908,0.9982549165539917,0.9961145141270984,-9.270118076682987e-05,0.0009343733258354581,0.001834369096149347,0.0009426894969811021
matrix_free_joint_rank8_int4_per_row_hadamard,pooled_equal_weight_compressed,768,1536,4,32,1.0234781901041667,0.9935932019672319,0.9966590715088406,0.9981837972760507,0.996359500953476,2.6244406820863387e-06,0.00031253946491938134,0.0014810790838242218,0.0004924551177738455
matrix_free_joint_rank8_int4_per_row_hadamard,pooled_equal_weight_compressed,768,1536,5,32,1.0234781901041667,0.9941166066931085,0.9958616589403952,0.9981410621197451,0.9960330977662213,-0.00014623539206590764,0.0004341588638651639,0.0017253411772642836,0.0006200104353677599
matrix_free_joint_rank8_int4_per_row_hadamard,pooled_equal_weight_compressed,768,1536,6,32,1.0234781901041667,0.9943634132103749,0.9967478781680614,0.9989516676185842,0.9966099806204086,-2.321311623403321e-05,0.0003526728818302738,0.0011983987194917449,0.0006231953170504866
matrix_free_joint_rank8_int4_per_row_hadamard,pooled_equal_weight_compressed,768,1536,7,32,1.0234781901041667,0.9928647762536754,0.9958418972485577,0.998043104458568,0.9958306545920833,-0.00013107026754130002,0.0002550427034940239,0.0010568170581510608,0.00042342468683580214
matrix_free_joint_rank8_int4_per_row_hadamard,pooled_equal_weight_compressed,768,1536,8,32,1.0234781901041667,0.9919065868373595,0.9955740529096062,0.9975278930269146,0.9949443398532236,-0.0009225033172366336,0.0001392591086783468,0.0008342039133487524,0.00012000637861446159
matrix_free_joint_rank8_int4_per_row_hadamard,pooled_equal_weight_compressed,768,1536,9,32,1.0234781901041667,0.9943864991960787,0.9968371370363116,0.9979633388225894,0.9964886637836377,-2.1466428053484843e-05,0.0006488103140890322,0.0015263082751535652,0.0008191718772897205
matrix_free_joint_rank8_int4_per_row_hadamard,pooled_equal_weight_compressed,768,1536,10,32,1.0234781901041667,0.9929596497839558,0.9956883341846424,0.9984674365973756,0.9957611648649685,-0.0012628513385335549,0.00011864248059162419,0.0013643748555046702,7.834704584562535e-06
matrix_free_joint_rank8_int4_per_row_hadamard,pooled_equal_weight_compressed,768,1536,11,32,1.0234781901041667,0.9902205235544176,0.9963010509952792,0.998179751686877,0.9940234484990667,-0.0012036828347201322,0.00046731059334420566,0.001125860467026041,-0.0015453325709623295
matrix_free_joint_rank8_int4_per_row_hadamard,pooled_equal_weight_compressed,768,1536,12,32,1.0234781901041667,0.9925256673098568,0.9952713572699667,0.9981666456137951,0.9945542365379478,-0.0006604386706887455,0.00033669736525210325,0.001551401033394395,-0.0008957759512762051
matrix_free_joint_rank8_int4_per_row_hadamard,pooled_equal_weight_compressed,768,1536,13,32,1.0234781901041667,0.9913724115146719,0.9953891572049185,0.9974067156137053,0.9948103705560319,-0.0004113400689941593,0.0002632759348930036,0.0016604945877016332,-0.0004494117853515306
matrix_free_joint_rank8_int4_per_row_hadamard,pooled_equal_weight_compressed,768,1536,14,32,1.0234781901041667,0.9925362114979254,0.9959338283309235,0.9976876782039535,0.9943363401922972,-0.0013749191114485026,0.00010431991056386591,0.0010846413411921055,-0.0015482827087389128
matrix_free_joint_rank8_int4_per_row_hadamard,pooled_equal_weight_compressed,768,1536,15,32,1.0234781901041667,0.9923725895477158,0.9952849325002827,0.9973768693959858,0.9949441153677931,-0.00019982023118223503,0.00033652969658853893,0.0010806500473834358,0.00035264170871261366
matrix_free_joint_rank8_int4_per_row_hadamard,pooled_equal_weight_compressed,768,1536,16,32,1.0234781901041667,0.9930649133678774,0.996034614207806,0.9978791160022756,0.9955616966047522,-0.0011977950548956227,0.001006142963761003,0.0024794322326754828,0.00018540545896092095
matrix_free_joint_rank8_int4_per_row_hadamard,pooled_equal_weight_compressed,768,1536,17,32,1.0234781901041667,0.990436255354021,0.9941866431105071,0.9977956063455728,0.9939546373985336,-0.00039929188458056594,0.0003503191648035475,0.0018779857491222803,-0.0003826581048601736
matrix_free_joint_rank8_int4_per_row_hadamard,pooled_equal_weight_compressed,768,1536,18,32,1.0234781901041667,0.9911864613011941,0.9951224861913874,0.9975128823143763,0.9946367095086681,-0.0010152950590699649,0.00034032506045600375,0.0012712029160313334,-0.0004976532815415442
matrix_free_joint_rank8_int4_per_row_hadamard,pooled_equal_weight_compressed,768,1536,19,32,1.0234781901041667,0.9913998958925165,0.9963010783986328,0.998322585435879,0.995151726916301,-0.000616235866696746,0.00025964627502106374,0.0011232714088443292,-0.000761432799689557
matrix_free_joint_rank8_int4_per_row_hadamard,pooled_equal_weight_compressed,768,1536,20,32,1.0234781901041667,0.9918868472892984,0.9953707970953252,0.997573838677568,0.9949063168893667,-0.00048568204802483804,0.00045700342165194696,0.0016510918446977054,-0.00036244982654035085
matrix_free_joint_rank8_int4_per_row_hadamard,pooled_equal_weight_compressed,768,1536,21,32,1.0234781901041667,0.9927318769073766,0.9967298236223814,0.9982982873376594,0.9947959692309849,-0.00038782104328742844,0.0005249961406690873,0.0018511131849121899,-0.0011701420617176578
matrix_free_joint_rank8_int4_per_row_hadamard,pooled_equal_weight_compressed,768,1536,22,32,1.0234781901041667,0.9931844587932932,0.9965037749891716,0.9986023464264123,0.9960288117296356,-0.00022977105964643306,0.0003525766284755427,0.0013987114900948171,0.0005271796055452971
matrix_free_joint_rank8_int4_per_row_hadamard,pooled_equal_weight_compressed,768,1536,23,32,1.0234781901041667,0.9914339163635131,0.9962516522111058,0.9978328865505508,0.9954584476946831,-0.0007703555726364941,0.00046378804168917265,0.0018581048329549324,-2.6432843148654905e-05
matrix_free_joint_rank8_int4_per_row_hadamard,pooled_equal_weight_compressed,768,1536,24,32,1.0234781901041667,0.990993767793746,0.9949541507960686,0.9966770696350111,0.9934984786150225,-0.0007701474839939326,0.00041955533731213857,0.0015827618312930787,-0.0012209337520177124
matrix_free_joint_rank8_int4_per_row_hadamard,pooled_equal_weight_compressed,768,1536,25,32,1.0234781901041667,0.991672314432785,0.9946978408683229,0.9960562655806501,0.9934542560883526,-0.00021640070656632203,0.0005056245513613278,0.0020672056794867944,-0.000818181008247848
matrix_free_joint_rank8_int4_per_row_hadamard,pooled_equal_weight_compressed,768,1536,26,32,1.0234781901041667,0.9917016853923915,0.9952058242050046,0.9970523484354534,0.9940071089934293,-0.001975943385328527,0.00012121062752157297,0.0007183222288194127,-0.0014993047544502938
matrix_free_joint_rank8_int4_per_row_hadamard,pooled_equal_weight_compressed,768,1536,27,32,1.0234781901041667,0.989920894931183,0.9960378870185194,0.9977080744395493,0.9948681955866763,-0.0009709891764331679,0.00040284346639479773,0.0015799345256869881,-0.0001227175964706971
matrix_free_joint_rank8_int4_per_row_hadamard,pooled_equal_weight_compressed,768,1536,28,32,1.0234781901041667,0.9927394833128189,0.9954529112011863,0.9967223385284805,0.9944740867440902,-0.00031752993398873606,0.000548532137679969,0.002107067234081662,-0.0004322946822379707
matrix_free_joint_rank8_int4_per_row_hadamard,pooled_equal_weight_compressed,768,1536,29,32,1.0234781901041667,0.9936476248532533,0.9966988893051758,0.9982186049190516,0.9961886095003772,-0.00020098216596119433,0.0003022143179693959,0.0014660145492911398,-0.00018911058496764999
matrix_free_joint_rank8_int4_per_row_hadamard,pooled_equal_weight_compressed,768,1536,30,32,1.0234781901041667,0.991815195022701,0.9957163358688459,0.9974827460940658,0.9950052070691728,-0.001613363785905597,0.0003819930745340705,0.0011673100040646368,-0.000612789842997466
matrix_free_joint_rank8_int4_per_row_hadamard,pooled_equal_weight_compressed,768,1536,31,32,1.0234781901041667,0.9945727511698971,0.9969483346871837,0.9982374793695882,0.9967071047984534,-1.7781057532761935e-05,0.0003390134358421948,0.0011880518011661459,0.00046145519657121714
matrix_free_joint_rank8_int4_per_row_hadamard,pooled_equal_weight_compressed,768,1536,32,32,1.0234781901041667,0.9944450945389163,0.9977188653853494,0.9987760278750298,0.9968648201071841,-1.9632514041745264e-05,0.000280026987355797,0.0008206340542158297,0.0003928047967528235
matrix_free_joint_rank8_int4_per_row_hadamard,pooled_equal_weight_compressed,768,1536,33,32,1.0234781901041667,0.9959229234999967,0.9979426915891787,0.9992445948402102,0.9977585243290037,-2.8410838737891186e-05,0.000312524622387067,0.0010040380476534327,0.0004640866134350899
matrix_free_joint_rank8_int4_per_row_hadamard,pooled_equal_weight_compressed,768,1536,34,32,1.0234781901041667,0.9959555128221375,0.99799613630564,0.9985218130818385,0.9975806952794071,-0.00010201548791988202,0.0001798438406145353,0.0005280065176481497,0.0002141999367848875
matrix_free_joint_rank8_int4_per_row_hadamard,pooled_equal_weight_compressed,768,1536,35,32,1.0234781901041667,0.9931020110962596,0.9966279905822648,0.9985468902842873,0.9963431031023916,-7.195676387439225e-06,0.00037095942377868285,0.0009230626512476636,0.000480278418681087
matrix_free_joint_rank8_int4_per_row_hadamard,pooled_equal_weight_compressed,768,1536,36,32,1.0234781901041667,0.9944219503212192,0.9967354445513211,0.9985328319655118,0.9965750999077041,-0.000182375708464233,0.00020559918161006108,0.0007578418828270264,0.00023803655637018306
matrix_free_joint_rank8_int4_per_row_hadamard,pooled_equal_weight_compressed,768,1536,37,32,1.0234781901041667,0.9949059017229132,0.9972119091347518,0.9987741108243368,0.9971043222909282,-0.00010846361552969696,0.0003840292088812536,0.001152519220489734,0.0004890269801751355
matrix_free_joint_rank8_int4_per_row_hadamard,pooled_equal_weight_compressed,768,1536,38,32,1.0234781901041667,0.9969588916131444,0.998085884156156,0.9992611285721568,0.9980822644713657,8.652021931868648e-05,0.0002973727551686123,0.0011410109291093097,0.0005485264381605084
matrix_free_joint_rank8_int4_per_row_hadamard,pooled_equal_weight_compressed,768,1536,39,32,1.0234781901041667,0.9958668741649277,0.9984814715007813,0.9996076938610086,0.997830643502949,-4.9106301769397116e-05,0.00015511381482374853,0.0008764065846714964,0.0002850922796692225
matrix_free_joint_rank8_int4_per_row_hadamard,pooled_exact_combined_moe_column_generated_local,384,1536,0,32,0.5234781901041666,0.9955999061349134,0.9985901342234084,0.9996782002916886,0.9976664981402299,0.0004412569931561028,0.002093212505073383,0.00709094834172961,0.003186891649764132
matrix_free_joint_rank8_int4_per_row_hadamard,pooled_exact_combined_moe_column_generated_local,384,1536,1,32,0.5234781901041666,0.9779143956222792,0.9890956260744288,0.9964923419541152,0.9875344501088555,0.0029222091484315317,0.008294230600657815,0.020094576074562623,0.010589125401879347
matrix_free_joint_rank8_int4_per_row_hadamard,pooled_exact_combined_moe_column_generated_local,384,1536,2,32,0.5234781901041666,0.9796805354617332,0.9892821081595442,0.9965515892855024,0.9880045211975077,0.00714586007452398,0.01855667709167852,0.03382955575312192,0.020466379519130568
matrix_free_joint_rank8_int4_per_row_hadamard,pooled_exact_combined_moe_column_generated_local,384,1536,3,32,0.5234781901041666,0.9680994208265006,0.9852602889461841,0.9940313497050204,0.9820041215974702,0.008507931362254329,0.0190003627800866,0.03385384946705545,0.020088925380273456
matrix_free_joint_rank8_int4_per_row_hadamard,pooled_exact_combined_moe_column_generated_local,384,1536,4,32,0.5234781901041666,0.9754797600622841,0.98642070529009,0.9948147952029052,0.9853914774056147,0.00796623545998123,0.016651644181497838,0.03274160166863643,0.019076128172018706
matrix_free_joint_rank8_int4_per_row_hadamard,pooled_exact_combined_moe_column_generated_local,384,1536,5,32,0.5234781901041666,0.9687372256283185,0.9817070085487233,0.9954545213968323,0.9812278017979916,0.009747875571203546,0.01479361498488746,0.02696801378091352,0.01693053507103895
matrix_free_joint_rank8_int4_per_row_hadamard,pooled_exact_combined_moe_column_generated_local,384,1536,6,32,0.5234781901041666,0.9794855260734988,0.9893076416188276,0.9959338115740402,0.986587199526424,0.004120861227611672,0.01412810527418118,0.034019292191473455,0.01802511643852552
matrix_free_joint_rank8_int4_per_row_hadamard,pooled_exact_combined_moe_column_generated_local,384,1536,7,32,0.5234781901041666,0.9675738911667958,0.9802331692825278,0.9901913954320432,0.9784493402189061,0.004926360638611804,0.012444777519562633,0.03313062904677869,0.01605307603139184
matrix_free_joint_rank8_int4_per_row_hadamard,pooled_exact_combined_moe_column_generated_local,384,1536,8,32,0.5234781901041666,0.9656089282655339,0.9816711742226872,0.990568748485598,0.9791823627497024,0.009376201984563504,0.016861888363951583,0.037266351090093616,0.02162196711882713
matrix_free_joint_rank8_int4_per_row_hadamard,pooled_exact_combined_moe_column_generated_local,384,1536,9,32,0.5234781901041666,0.9729599495437989,0.9856580912690542,0.9916684319106304,0.9829654284619824,0.010405740053022295,0.015696533784632594,0.0277497453339435,0.019050401651940677
matrix_free_joint_rank8_int4_per_row_hadamard,pooled_exact_combined_moe_column_generated_local,384,1536,10,32,0.5234781901041666,0.9706265013502264,0.9829353103223553,0.997709781043643,0.9822157633619526,0.0024317281095387333,0.01565487275007038,0.03620698009340168,0.01648807902430952
matrix_free_joint_rank8_int4_per_row_hadamard,pooled_exact_combined_moe_column_generated_local,384,1536,11,32,0.5234781901041666,0.9676160457773854,0.9847842460138787,0.9927220724881306,0.9813168996626201,0.006780079539405237,0.014008151760170062,0.0322374417150352,0.016857705110767517
matrix_free_joint_rank8_int4_per_row_hadamard,pooled_exact_combined_moe_column_generated_local,384,1536,12,32,0.5234781901041666,0.9705691234476262,0.985274165049037,0.9934425590332849,0.9829619429733554,0.005526127463120067,0.02125232685343953,0.03637757267791322,0.020224934707858574
matrix_free_joint_rank8_int4_per_row_hadamard,pooled_exact_combined_moe_column_generated_local,384,1536,13,32,0.5234781901041666,0.9681089100699064,0.9810826630265517,0.9941951346531789,0.9804130085408391,0.005415641343208233,0.01608615791208806,0.030992544619919262,0.018673542470552678
matrix_free_joint_rank8_int4_per_row_hadamard,pooled_exact_combined_moe_column_generated_local,384,1536,14,32,0.5234781901041666,0.9603686529505902,0.9781874140534743,0.9916898276331123,0.9770722392739359,0.0036143434871033888,0.008799465219252622,0.017399500315876396,0.010433465665253622
matrix_free_joint_rank8_int4_per_row_hadamard,pooled_exact_combined_moe_column_generated_local,384,1536,15,32,0.5234781901041666,0.9541990291424395,0.9738854658581813,0.9928187186681878,0.9743133143161533,0.0023803727869740722,0.014259366335704293,0.033559806154770125,0.01743583274624553
matrix_free_joint_rank8_int4_per_row_hadamard,pooled_exact_combined_moe_column_generated_local,384,1536,16,32,0.5234781901041666,0.9727787826323712,0.9831630153662594,0.9966099794767803,0.9830323153978656,0.008282583755664496,0.01927060401900066,0.03024894418214428,0.02027764571006652
matrix_free_joint_rank8_int4_per_row_hadamard,pooled_exact_combined_moe_column_generated_local,384,1536,17,32,0.5234781901041666,0.9635475531902388,0.9759925004163029,0.9922531848162517,0.9769774584611506,0.0075341209887099915,0.022089387160468987,0.044188411453707964,0.02384459649899348
matrix_free_joint_rank8_int4_per_row_hadamard,pooled_exact_combined_moe_column_generated_local,384,1536,18,32,0.5234781901041666,0.9559577426629348,0.9806189401551575,0.9954103148295038,0.9775876730639486,0.003919437708526863,0.013423569758668819,0.029550437197572145,0.01603173477923939
matrix_free_joint_rank8_int4_per_row_hadamard,pooled_exact_combined_moe_column_generated_local,384,1536,19,32,0.5234781901041666,0.9621395935130065,0.9849764691618934,0.9948698256745604,0.9813328333667828,0.004455176614122924,0.01232916305596854,0.022099676035919193,0.013228676406641243
matrix_free_joint_rank8_int4_per_row_hadamard,pooled_exact_combined_moe_column_generated_local,384,1536,20,32,0.5234781901041666,0.957096619254179,0.976893359458284,0.9946975213335302,0.9765083059795872,0.006615541232022226,0.01312317478138858,0.029517762149458573,0.015424418609981633
matrix_free_joint_rank8_int4_per_row_hadamard,pooled_exact_combined_moe_column_generated_local,384,1536,21,32,0.5234781901041666,0.9822350326834792,0.991696366658202,0.9960375883762711,0.9896832595688059,0.0071182857094577055,0.02217914757972056,0.034576086226395526,0.021992055236510846
matrix_free_joint_rank8_int4_per_row_hadamard,pooled_exact_combined_moe_column_generated_local,384,1536,22,32,0.5234781901041666,0.9622221023990726,0.9798332226747839,0.9917047217147498,0.9773584620144247,0.00321399032777826,0.012717689842805857,0.0286251574580116,0.014092819587715726
matrix_free_joint_rank8_int4_per_row_hadamard,pooled_exact_combined_moe_column_generated_local,384,1536,23,32,0.5234781901041666,0.9563210530609394,0.9817089444857154,0.9949358260736209,0.9781359092687688,0.005908225956436253,0.012376432209398158,0.026743492610044252,0.015246512169232954
matrix_free_joint_rank8_int4_per_row_hadamard,pooled_exact_combined_moe_column_generated_local,384,1536,24,32,0.5234781901041666,0.9761599006469405,0.986134209142237,0.9936158570998641,0.9842349815239015,0.014128276412589324,0.022666497711565037,0.04935013025361245,0.028123473430314322
matrix_free_joint_rank8_int4_per_row_hadamard,pooled_exact_combined_moe_column_generated_local,384,1536,25,32,0.5234781901041666,0.9592654577000773,0.9748462308020994,0.9938649587038166,0.974415419465619,0.00791938271312812,0.01652283518020553,0.03610492243744049,0.019526039313157554
matrix_free_joint_rank8_int4_per_row_hadamard,pooled_exact_combined_moe_column_generated_local,384,1536,26,32,0.5234781901041666,0.9654947064873517,0.9792729819609254,0.9918592043410679,0.9790972513350433,0.004291870052791547,0.011172003395033103,0.02582236863700729,0.014949290100355648
matrix_free_joint_rank8_int4_per_row_hadamard,pooled_exact_combined_moe_column_generated_local,384,1536,27,32,0.5234781901041666,0.9694876488295379,0.9812816914361411,0.9915637365600783,0.9805018002459096,0.006424775923568238,0.013960811417428276,0.04029407867576364,0.02179416589860391
matrix_free_joint_rank8_int4_per_row_hadamard,pooled_exact_combined_moe_column_generated_local,384,1536,28,32,0.5234781901041666,0.9655467588964503,0.9804319640563008,0.9917176519120027,0.9789932183646897,0.00841491977162152,0.01993791521674637,0.03717553526508987,0.02131195709873423
matrix_free_joint_rank8_int4_per_row_hadamard,pooled_exact_combined_moe_column_generated_local,384,1536,29,32,0.5234781901041666,0.9728265597786616,0.9849280746751835,0.9922237927623307,0.9840503970169265,0.005556144532456753,0.011354567682995753,0.03028992743435834,0.014430270245626743
matrix_free_joint_rank8_int4_per_row_hadamard,pooled_exact_combined_moe_column_generated_local,384,1536,30,32,0.5234781901041666,0.9657191470125605,0.9794676312113482,0.9939467844709129,0.97828206098286,0.005436668515849663,0.014269607270956441,0.01995614157806541,0.013891368521125613
matrix_free_joint_rank8_int4_per_row_hadamard,pooled_exact_combined_moe_column_generated_local,384,1536,31,32,0.5234781901041666,0.9758521727265601,0.9848375074514992,0.9913291597358017,0.9840444352478002,0.00513341643765518,0.012926963487101595,0.027543013406427126,0.014532981458153769
matrix_free_joint_rank8_int4_per_row_hadamard,pooled_exact_combined_moe_column_generated_local,384,1536,32,32,0.5234781901041666,0.965970959291144,0.9878287055547382,0.9942590823525924,0.9833299615821463,0.005320056086431468,0.01062331929498106,0.020414156510111883,0.011925342260648505
matrix_free_joint_rank8_int4_per_row_hadamard,pooled_exact_combined_moe_column_generated_local,384,1536,33,32,0.5234781901041666,0.9829269780094751,0.991441378043245,0.9969511727715543,0.9896450584373585,0.0034781292395995923,0.010928980876908856,0.02092078802418942,0.012238350775488956
matrix_free_joint_rank8_int4_per_row_hadamard,pooled_exact_combined_moe_column_generated_local,384,1536,34,32,0.5234781901041666,0.9744393168224211,0.9870237551362321,0.992200125156273,0.9854714060425616,0.004468634439887986,0.007455248869471742,0.011354297197823672,0.007783832265219805
matrix_free_joint_rank8_int4_per_row_hadamard,pooled_exact_combined_moe_column_generated_local,384,1536,35,32,0.5234781901041666,0.9476777808170319,0.9809578089974382,0.9920725020910743,0.9768864736124381,0.00392999159627867,0.008658923411951125,0.016577717984159204,0.011028821985545535
matrix_free_joint_rank8_int4_per_row_hadamard,pooled_exact_combined_moe_column_generated_local,384,1536,36,32,0.5234781901041666,0.9722805488454225,0.9815080647976326,0.9940764613267342,0.9819195362233097,0.004064265211679241,0.008532664458438255,0.02438040838488924,0.011008894352057316
matrix_free_joint_rank8_int4_per_row_hadamard,pooled_exact_combined_moe_column_generated_local,384,1536,37,32,0.5234781901041666,0.9683602100731868,0.9816144829220641,0.9934852319905901,0.9811204772509279,0.0035606491908123927,0.00750853352487052,0.014672718755498837,0.008836498464136068
matrix_free_joint_rank8_int4_per_row_hadamard,pooled_exact_combined_moe_column_generated_local,384,1536,38,32,0.5234781901041666,0.9830530197867516,0.9917583808150136,0.9966957078458675,0.990930139568573,0.004552431655104927,0.010867170289698413,0.022549581183593636,0.011534279009949452
matrix_free_joint_rank8_int4_per_row_hadamard,pooled_exact_combined_moe_column_generated_local,384,1536,39,32,0.5234781901041666,0.9712769656641694,0.9899963850389184,0.9973458891439697,0.9856673566096196,0.0011909192097234289,0.0047304692919017954,0.01506276445643532,0.00720745743751975
matrix_free_joint_rank8_int4_per_row_hadamard,pooled_exact_combined_moe_column_generated_local,576,1536,0,32,0.7734781901041666,0.9993682752748588,0.9998605066255364,0.999955874808276,0.9996613847539214,7.675231299775209e-05,0.00047026429238955503,0.002206230599966508,0.000878925357634848
matrix_free_joint_rank8_int4_per_row_hadamard,pooled_exact_combined_moe_column_generated_local,576,1536,1,32,0.7734781901041666,0.9924493432746685,0.9962250017747827,0.9988378309235921,0.9956375964650716,0.0011282388145906987,0.0036753772157233633,0.007998331355901467,0.004123200745615192
matrix_free_joint_rank8_int4_per_row_hadamard,pooled_exact_combined_moe_column_generated_local,576,1536,2,32,0.7734781901041666,0.9927063584749621,0.9963565750903682,0.9988406351634947,0.9958118606321402,0.002762271945876582,0.007258887686965976,0.012140687298180033,0.007599492460422942
matrix_free_joint_rank8_int4_per_row_hadamard,pooled_exact_combined_moe_column_generated_local,576,1536,3,32,0.7734781901041666,0.9874761825012145,0.9947918995604653,0.9978716978865388,0.9935848422253499,0.003983902254575044,0.00762971154996317,0.012334927395169773,0.007957254059911371
matrix_free_joint_rank8_int4_per_row_hadamard,pooled_exact_combined_moe_column_generated_local,576,1536,4,32,0.7734781901041666,0.990771139536621,0.9953474389612226,0.9982360775369892,0.9948822158631526,0.0027151617666554165,0.006095671092438137,0.012876785721829176,0.007293098292125714
matrix_free_joint_rank8_int4_per_row_hadamard,pooled_exact_combined_moe_column_generated_local,576,1536,5,32,0.7734781901041666,0.989041757608881,0.9935028734755968,0.9983925142991876,0.9932163370288866,0.003975730167537139,0.005983625622235478,0.010526796439312203,0.006595934196167493
matrix_free_joint_rank8_int4_per_row_hadamard,pooled_exact_combined_moe_column_generated_local,576,1536,6,32,0.7734781901041666,0.9931671986049981,0.9962972372462005,0.9987348649701563,0.9952695338191275,0.0015738660213867053,0.005892414995694206,0.013273667458441957,0.007217437845340305
matrix_free_joint_rank8_int4_per_row_hadamard,pooled_exact_combined_moe_column_generated_local,576,1536,7,32,0.7734781901041666,0.9877548304317691,0.9930027035936926,0.9967612938778185,0.9923454928350653,0.0018051342899892075,0.0051671053974373105,0.013345762744115345,0.006111940985842362
matrix_free_joint_rank8_int4_per_row_hadamard,pooled_exact_combined_moe_column_generated_local,576,1536,8,32,0.7734781901041666,0.9876565548450867,0.9936602426310401,0.996549142758071,0.9926072143379385,0.003226265700993325,0.0065693267983889525,0.014300377430889312,0.008133859137516148
matrix_free_joint_rank8_int4_per_row_hadamard,pooled_exact_combined_moe_column_generated_local,576,1536,9,32,0.7734781901041666,0.9910051531102204,0.9948555657513984,0.9970326825228093,0.9939735320885092,0.003988514107940511,0.006341756208569471,0.01082429101866549,0.0072339363133099265
matrix_free_joint_rank8_int4_per_row_hadamard,pooled_exact_combined_moe_column_generated_local,576,1536,10,32,0.7734781901041666,0.9886100455617681,0.994134006940113,0.9992466637891614,0.9936016449085894,0.0013387118366674055,0.006135150140893109,0.014409568648405017,0.006445580990335282
matrix_free_joint_rank8_int4_per_row_hadamard,pooled_exact_combined_moe_column_generated_local,576,1536,11,32,0.7734781901041666,0.9879763683724061,0.99440611515797,0.9974556396357276,0.9932849620187509,0.002495209920455377,0.005205086948016746,0.012991223822127806,0.006513982764361364
matrix_free_joint_rank8_int4_per_row_hadamard,pooled_exact_combined_moe_column_generated_local,576,1536,12,32,0.7734781901041666,0.9890756829754982,0.9950801523358087,0.9976723490516629,0.9939546826819871,0.001708447601782437,0.007727252874491941,0.014419313924675293,0.007786517457566412
matrix_free_joint_rank8_int4_per_row_hadamard,pooled_exact_combined_moe_column_generated_local,576,1536,13,32,0.7734781901041666,0.9885895404995536,0.9931381675292991,0.9979921173341847,0.9929809567097069,0.0028507212876959674,0.005698983545151304,0.012769972833338385,0.007105598117392552
matrix_free_joint_rank8_int4_per_row_hadamard,pooled_exact_combined_moe_column_generated_local,576,1536,14,32,0.7734781901041666,0.9860276944178825,0.9919377283553683,0.9969409180646862,0.9917273588518126,0.0013138819690865166,0.003728247982267008,0.007503547575863914,0.004076248121707569
matrix_free_joint_rank8_int4_per_row_hadamard,pooled_exact_combined_moe_column_generated_local,576,1536,15,32,0.7734781901041666,0.9847117195842549,0.9904927392346325,0.9974972486978085,0.9907043614627442,0.0016561667411820191,0.005403856898305193,0.015060499110347037,0.006924207887852314
matrix_free_joint_rank8_int4_per_row_hadamard,pooled_exact_combined_moe_column_generated_local,576,1536,16,32,0.7734781901041666,0.9899877366200485,0.9939827914244335,0.9987830460831281,0.9938670627215016,0.003411074513901713,0.007005010685499968,0.012218172506949098,0.007772290534520318
matrix_free_joint_rank8_int4_per_row_hadamard,pooled_exact_combined_moe_column_generated_local,576,1536,17,32,0.7734781901041666,0.9873573222562181,0.9915717357615106,0.9972828013664667,0.9919375842609628,0.003081029287651804,0.008344123345492893,0.015308870896792304,0.009165107732595181
matrix_free_joint_rank8_int4_per_row_hadamard,pooled_exact_combined_moe_column_generated_local,576,1536,18,32,0.7734781901041666,0.984648975816743,0.9930426962566479,0.9983563996336874,0.9920182592027484,0.001328703236226636,0.005447307452721928,0.011742281058736705,0.006551256242119413
matrix_free_joint_rank8_int4_per_row_hadamard,pooled_exact_combined_moe_column_generated_local,576,1536,19,32,0.7734781901041666,0.9859291229599534,0.9945931310204219,0.9981689845778084,0.9932027310720004,0.0015989719664682434,0.004575967061761721,0.008751954620271419,0.005300759710483823
matrix_free_joint_rank8_int4_per_row_hadamard,pooled_exact_combined_moe_column_generated_local,576,1536,20,32,0.7734781901041666,0.9846034585023494,0.9915344579869171,0.9982170237071403,0.9914497424883872,0.0020703153041349287,0.005517476283098122,0.010960972515033907,0.006088890472608542
matrix_free_joint_rank8_int4_per_row_hadamard,pooled_exact_combined_moe_column_generated_local,576,1536,21,32,0.7734781901041666,0.9935915465801368,0.9971431544259692,0.9986953474667859,0.9963948396789198,0.002438862931559227,0.008496431483813405,0.013733527295892878,0.008438013366070331
matrix_free_joint_rank8_int4_per_row_hadamard,pooled_exact_combined_moe_column_generated_local,576,1536,22,32,0.7734781901041666,0.9869586060836154,0.992833575505774,0.997016133085515,0.9919069806619285,0.0014409117669762605,0.0052830889270637504,0.01074499873995285,0.00552527267624808
matrix_free_joint_rank8_int4_per_row_hadamard,pooled_exact_combined_moe_column_generated_local,576,1536,23,32,0.7734781901041666,0.9839190751995016,0.9930936789318756,0.9982673961454687,0.9921203661339222,0.00215189217012951,0.00515640680616708,0.009934327396974632,0.005750281212938083
matrix_free_joint_rank8_int4_per_row_hadamard,pooled_exact_combined_moe_column_generated_local,576,1536,24,32,0.7734781901041666,0.9918107729739767,0.9952182549835265,0.9978490810079562,0.9945717626130748,0.005345980758527236,0.00910047344764614,0.017838537900332043,0.010628745855033695
matrix_free_joint_rank8_int4_per_row_hadamard,pooled_exact_combined_moe_column_generated_local,576,1536,25,32,0.7734781901041666,0.984841899754485,0.9908576034333744,0.9978383545792502,0.9907329381336941,0.0024032418337731733,0.006616187066930623,0.013416545161684768,0.007677439557824229
matrix_free_joint_rank8_int4_per_row_hadamard,pooled_exact_combined_moe_column_generated_local,576,1536,26,32,0.7734781901041666,0.9869523499352945,0.9923683322005057,0.9970859945720212,0.9925275561926268,0.0016735333412054576,0.004911118450371732,0.010563372243779292,0.005878397759531168
matrix_free_joint_rank8_int4_per_row_hadamard,pooled_exact_combined_moe_column_generated_local,576,1536,27,32,0.7734781901041666,0.9890339969939099,0.9934110382599208,0.9970257668771096,0.9930769638246225,0.0032226563817319255,0.005316714114604493,0.017346616163426795,0.008432263928132532
matrix_free_joint_rank8_int4_per_row_hadamard,pooled_exact_combined_moe_column_generated_local,576,1536,28,32,0.7734781901041666,0.9873508625373564,0.9933566748657131,0.9970489270116625,0.9926220185466801,0.003813838101281719,0.00782383734220371,0.013732374848535192,0.00805691434457145
matrix_free_joint_rank8_int4_per_row_hadamard,pooled_exact_combined_moe_column_generated_local,576,1536,29,32,0.7734781901041666,0.9901089403067154,0.994715919283544,0.9972977869201203,0.9942762096507339,0.0020285118460413587,0.004555129943712877,0.011956947477066984,0.005560565639180441
matrix_free_joint_rank8_int4_per_row_hadamard,pooled_exact_combined_moe_column_generated_local,576,1536,30,32,0.7734781901041666,0.9875229466119437,0.9927080344063214,0.9978877282282813,0.9921258954375094,0.001771700545883026,0.004811002967658018,0.008439908975400593,0.00519756068589923
matrix_free_joint_rank8_int4_per_row_hadamard,pooled_exact_combined_moe_column_generated_local,576,1536,31,32,0.7734781901041666,0.9914494422626996,0.9948546204191098,0.9969815963655014,0.9943029649877948,0.0020063465158608683,0.004696950723021898,0.009634611020998229,0.005617714010839096
matrix_free_joint_rank8_int4_per_row_hadamard,pooled_exact_combined_moe_column_generated_local,576,1536,32,32,0.7734781901041666,0.9875064424791397,0.9956236186700349,0.9979247055573564,0.9938958784637342,0.0017514402674399855,0.0038548801848410363,0.008502104917691712,0.004614812023456028
matrix_free_joint_rank8_int4_per_row_hadamard,pooled_exact_combined_moe_column_generated_local,576,1536,33,32,0.7734781901041666,0.9939456094806494,0.997052158666734,0.9988700219289962,0.996403361820227,0.0015729783466190805,0.004306381849677465,0.007844088918650205,0.004748229828803123
matrix_free_joint_rank8_int4_per_row_hadamard,pooled_exact_combined_moe_column_generated_local,576,1536,34,32,0.7734781901041666,0.990567997947171,0.9954520895857164,0.9972368810383553,0.9948484438005517,0.001649679360050771,0.0029814797086830658,0.004038961191187651,0.002929710066506934
matrix_free_joint_rank8_int4_per_row_hadamard,pooled_exact_combined_moe_column_generated_local,576,1536,35,32,0.7734781901041666,0.9811713094216497,0.9929471827317004,0.9970360932146989,0.9915409286217874,0.0018617634311070218,0.0035633292125689664,0.006095809873817071,0.004225134140897018
matrix_free_joint_rank8_int4_per_row_hadamard,pooled_exact_combined_moe_column_generated_local,576,1536,36,32,0.7734781901041666,0.9905699164987325,0.9933644489327953,0.9978095820362914,0.9934090479995029,0.0017925328715159394,0.003199087954635027,0.008794855627122424,0.004362353981437944
matrix_free_joint_rank8_int4_per_row_hadamard,pooled_exact_combined_moe_column_generated_local,576,1536,37,32,0.7734781901041666,0.9884954982869194,0.9934163966583929,0.997627301398413,0.9931110245401351,0.001533823335669937,0.003139123295643087,0.005298544456253185,0.0034799910887607123
matrix_free_joint_rank8_int4_per_row_hadamard,pooled_exact_combined_moe_column_generated_local,576,1536,38,32,0.7734781901041666,0.9939468969636909,0.9971050844814769,0.9988570213071538,0.9968025802291925,0.0015393450210142933,0.0039036094482262085,0.00839376909124191,0.004189878297194458
matrix_free_joint_rank8_int4_per_row_hadamard,pooled_exact_combined_moe_column_generated_local,576,1536,39,32,0.7734781901041666,0.9902229967965888,0.9964758714145046,0.9990253819543486,0.9949474376859981,0.0004422770409401533,0.0017948006083693957,0.0060005949202227345,0.0026001708511723502
matrix_free_joint_rank8_int4_per_row_hadamard,pooled_exact_combined_moe_column_generated_local,749,1536,0,32,0.9987386067708334,0.9999142787610974,0.9999943116672888,0.9999989644228207,0.9999666290294058,1.671221487473673e-05,0.0001096925729224818,0.0006641699998258924,0.00024667472389179254
matrix_free_joint_rank8_int4_per_row_hadamard,pooled_exact_combined_moe_column_generated_local,749,1536,1,32,0.9987386067708334,0.9972689981612783,0.9986607418777312,0.999588787806091,0.9984124023352807,0.0005131428705758446,0.0013007376090938272,0.0037103382061386436,0.0016328695548871591
matrix_free_joint_rank8_int4_per_row_hadamard,pooled_exact_combined_moe_column_generated_local,749,1536,2,32,0.9987386067708334,0.9972557671565875,0.9986626097994541,0.9995904105470719,0.998463878793113,0.001040816412868184,0.002795357233628115,0.004702272000398667,0.0028454584281561134
matrix_free_joint_rank8_int4_per_row_hadamard,pooled_exact_combined_moe_column_generated_local,749,1536,3,32,0.9987386067708334,0.9954999190047072,0.9980135664609429,0.9992344391871564,0.997595103604736,0.001449696079340379,0.0026134670072179844,0.005440087084822466,0.003040098161969592
matrix_free_joint_rank8_int4_per_row_hadamard,pooled_exact_combined_moe_column_generated_local,749,1536,4,32,0.9987386067708334,0.9965166701035072,0.9983320653659954,0.9993806864292177,0.9981307354158966,0.0011269382110554393,0.0025613489868449024,0.004918742618930172,0.0027919470501418416
matrix_free_joint_rank8_int4_per_row_hadamard,pooled_exact_combined_moe_column_generated_local,749,1536,5,32,0.9987386067708334,0.9959757845543912,0.9976076676757983,0.9994223823615244,0.9974551483642288,0.0014469202001398008,0.002370787725003154,0.004151035593281927,0.0025785679004927224
matrix_free_joint_rank8_int4_per_row_hadamard,pooled_exact_combined_moe_column_generated_local,749,1536,6,32,0.9987386067708334,0.9974777750307479,0.9986638301125034,0.9995580969957462,0.9982807766447859,0.0005588868986504125,0.0025124234968807446,0.00508548733337,0.0027555976333154923
matrix_free_joint_rank8_int4_per_row_hadamard,pooled_exact_combined_moe_column_generated_local,749,1536,7,32,0.9987386067708334,0.9955094973950832,0.9972752956617683,0.9988576175784646,0.9971408318522482,0.0007018564067925226,0.0017844815381987678,0.005264345295589991,0.0022803949830599198
matrix_free_joint_rank8_int4_per_row_hadamard,pooled_exact_combined_moe_column_generated_local,749,1536,8,32,0.9987386067708334,0.9952589407513395,0.9975899561432855,0.9987789404407817,0.9972762184382173,0.0012879878990998072,0.002394174641960345,0.005029584972071056,0.0030183778022382438
matrix_free_joint_rank8_int4_per_row_hadamard,pooled_exact_combined_moe_column_generated_local,749,1536,9,32,0.9987386067708334,0.9964680868952613,0.9981287091124957,0.9989554904694206,0.9978045993145607,0.0013023401240049859,0.0022787667628282327,0.004421440422957969,0.0026724561371073915
matrix_free_joint_rank8_int4_per_row_hadamard,pooled_exact_combined_moe_column_generated_local,749,1536,10,32,0.9987386067708334,0.9957143719723205,0.9978196911685169,0.9997343603909656,0.9976520704954814,0.0004316036558406955,0.0023838342025742643,0.005251091010070975,0.0024619580553570386
matrix_free_joint_rank8_int4_per_row_hadamard,pooled_exact_combined_moe_column_generated_local,749,1536,11,32,0.9987386067708334,0.9956540646387754,0.9980052732979736,0.9990710020251163,0.9975709459912785,0.0010371148903858373,0.002049846697136093,0.0050335292552896715,0.002549187920562114
matrix_free_joint_rank8_int4_per_row_hadamard,pooled_exact_combined_moe_column_generated_local,749,1536,12,32,0.9987386067708334,0.995937404016699,0.998178458431611,0.9991359025476965,0.9978076614012458,0.000622957509086719,0.002751395685379854,0.005559721441490363,0.002905851627595688
matrix_free_joint_rank8_int4_per_row_hadamard,pooled_exact_combined_moe_column_generated_local,749,1536,13,32,0.9987386067708334,0.9959042455054483,0.9974439234089605,0.9992250101049768,0.9974544482784369,0.001015395817334941,0.002190136926778552,0.005124224600850802,0.002773910343441214
matrix_free_joint_rank8_int4_per_row_hadamard,pooled_exact_combined_moe_column_generated_local,749,1536,14,32,0.9987386067708334,0.9948102188833923,0.9970061574707498,0.9989369187772461,0.9969489190065514,0.0005062084617027729,0.0014228875971660226,0.0028102914709371104,0.0015849165469321337
matrix_free_joint_rank8_int4_per_row_hadamard,pooled_exact_combined_moe_column_generated_local,749,1536,15,32,0.9987386067708334,0.9940730787255706,0.9964023516564646,0.999106911952556,0.9965465718883103,0.0005558505644742252,0.0021891459079355635,0.005325877153147974,0.0025964985914200683
matrix_free_joint_rank8_int4_per_row_hadamard,pooled_exact_combined_moe_column_generated_local,749,1536,16,32,0.9987386067708334,0.9961280221729221,0.9977322164783626,0.999569139166219,0.9977520316087218,0.0011722215554200055,0.002693120956069439,0.004720864805023451,0.002914872216659318
matrix_free_joint_rank8_int4_per_row_hadamard,pooled_exact_combined_moe_column_generated_local,749,1536,17,32,0.9987386067708334,0.9953170262649429,0.9968105827794331,0.9989570430584516,0.9970148461687762,0.0010334358920539243,0.003168164958495312,0.006161168049486921,0.003348346911579904
matrix_free_joint_rank8_int4_per_row_hadamard,pooled_exact_combined_moe_column_generated_local,749,1536,18,32,0.9987386067708334,0.9942856391856286,0.997524349547388,0.9994287854769006,0.997017568682774,0.0005996509287424124,0.001882503543949643,0.004604195811160461,0.0024864865770557673
matrix_free_joint_rank8_int4_per_row_hadamard,pooled_exact_combined_moe_column_generated_local,749,1536,19,32,0.9987386067708334,0.9944980821970011,0.9980117444101045,0.9993302869387053,0.9974720906942524,0.0006381992811055892,0.0017081280787272224,0.003620036667311555,0.002029121333381064
matrix_free_joint_rank8_int4_per_row_hadamard,pooled_exact_combined_moe_column_generated_local,749,1536,20,32,0.9987386067708334,0.9943569674828637,0.9969361670018075,0.9993208646395016,0.9968521183776811,0.000876907597497234,0.0019670239160898273,0.004151962227078376,0.002226517799929658
matrix_free_joint_rank8_int4_per_row_hadamard,pooled_exact_combined_moe_column_generated_local,749,1536,21,32,0.9987386067708334,0.9977445653150718,0.9989377201773161,0.9995369736074398,0.9987153882543969,0.000869652213224581,0.003131659023028699,0.004938460841240889,0.0032365485200262223
matrix_free_joint_rank8_int4_per_row_hadamard,pooled_exact_combined_moe_column_generated_local,749,1536,22,32,0.9987386067708334,0.9951792156879752,0.9973473816272025,0.9989041984657342,0.9969824454213461,0.0006056561661759386,0.002092897859202858,0.003929194654831525,0.0020687275314269712
matrix_free_joint_rank8_int4_per_row_hadamard,pooled_exact_combined_moe_column_generated_local,749,1536,23,32,0.9987386067708334,0.9940567190069493,0.9974035501798706,0.9993597808797822,0.9970783836551753,0.000721950368442692,0.0018641643885753956,0.0033229536670994152,0.0021249899253281412
matrix_free_joint_rank8_int4_per_row_hadamard,pooled_exact_combined_moe_column_generated_local,749,1536,24,32,0.9987386067708334,0.9969545115321151,0.9982887405729681,0.999133640322492,0.9980461816225189,0.0017611489648547084,0.0032977433297800562,0.0071406523256098324,0.004041959097673981
matrix_free_joint_rank8_int4_per_row_hadamard,pooled_exact_combined_moe_column_generated_local,749,1536,25,32,0.9987386067708334,0.9946185152374498,0.9966921800164146,0.9991585959854833,0.9966255443455335,0.0009107678900264537,0.0027302295651675523,0.0055078691431627936,0.0029724362306296354
matrix_free_joint_rank8_int4_per_row_hadamard,pooled_exact_combined_moe_column_generated_local,749,1536,26,32,0.9987386067708334,0.9950730365688646,0.9972615886286277,0.9989009903986327,0.9972289133888391,0.0006968536666459469,0.0015847004729395153,0.004642200997950819,0.002324700564456373
matrix_free_joint_rank8_int4_per_row_hadamard,pooled_exact_combined_moe_column_generated_local,749,1536,27,32,0.9987386067708334,0.9958078853440328,0.997454649800896,0.9989154644596561,0.9974620407343964,0.00082461312622516,0.0020548554151660348,0.0063507560801229785,0.003096864278239835
matrix_free_joint_rank8_int4_per_row_hadamard,pooled_exact_combined_moe_column_generated_local,749,1536,28,32,0.9987386067708334,0.9952981903664861,0.9974991224668748,0.9988912366923813,0.9973251828733809,0.0012666317312544305,0.00295213869108063,0.00484586017039026,0.003147141696460253
matrix_free_joint_rank8_int4_per_row_hadamard,pooled_exact_combined_moe_column_generated_local,749,1536,29,32,0.9987386067708334,0.996562121539377,0.997969524000767,0.9989511261894407,0.9979080245232985,0.0006245792463123289,0.0017999111055612138,0.004074188482820219,0.001955698855538923
matrix_free_joint_rank8_int4_per_row_hadamard,pooled_exact_combined_moe_column_generated_local,749,1536,30,32,0.9987386067708334,0.9954257519423843,0.9973563463687466,0.9991953633255449,0.9971325894252386,0.0006789520251208713,0.0019640486986936545,0.003405047839333331,0.002051394054694202
matrix_free_joint_rank8_int4_per_row_hadamard,pooled_exact_combined_moe_column_generated_local,749,1536,31,32,0.9987386067708334,0.9970017325917168,0.9981841074345403,0.9989254933153874,0.99795670079339,0.0007192609812303186,0.0018907071366212613,0.003949879952793911,0.0021771260880023083
matrix_free_joint_rank8_int4_per_row_hadamard,pooled_exact_combined_moe_column_generated_local,749,1536,32,32,0.9987386067708334,0.9953562800946157,0.998485148950455,0.9992273938227765,0.9977739523236354,0.000729890877021433,0.0015344574398192812,0.003308106877260198,0.0017902955592881964
matrix_free_joint_rank8_int4_per_row_hadamard,pooled_exact_combined_moe_column_generated_local,749,1536,33,32,0.9987386067708334,0.9977043383626172,0.9989337119398745,0.9996075147661593,0.9986816427336404,0.0005604177419949785,0.001711126493311177,0.003019341739778825,0.001720329193858984
matrix_free_joint_rank8_int4_per_row_hadamard,pooled_exact_combined_moe_column_generated_local,749,1536,34,32,0.9987386067708334,0.996660498629183,0.9983934219949462,0.9989840495790334,0.9981247760466677,0.0006128295409809081,0.0011486648976390401,0.001705607770689832,0.001153989085165251
matrix_free_joint_rank8_int4_per_row_hadamard,pooled_exact_combined_moe_column_generated_local,749,1536,35,32,0.9987386067708334,0.9934221135076667,0.9973771852225953,0.9989146033311964,0.996933036712398,0.0007795180795239443,0.0013587998704078785,0.0023775487228247408,0.0016244919068973754
matrix_free_joint_rank8_int4_per_row_hadamard,pooled_exact_combined_moe_column_generated_local,749,1536,36,32,0.9987386067708334,0.9964784202345917,0.9975720199639162,0.9992169329760922,0.9975975988781364,0.0009180951411484007,0.0012548896838711077,0.0031710925349296318,0.001722035961525488
matrix_free_joint_rank8_int4_per_row_hadamard,pooled_exact_combined_moe_column_generated_local,749,1536,37,32,0.9987386067708334,0.9957816815462922,0.9974087715475664,0.9991902759555429,0.9974733860640987,0.000566127903047664,0.0012249216684444564,0.0022899821459351657,0.0012992490543346745
matrix_free_joint_rank8_int4_per_row_hadamard,pooled_exact_combined_moe_column_generated_local,749,1536,38,32,0.9987386067708334,0.9978846287456999,0.9990018478777584,0.9995724670480927,0.9988352927434299,0.0005970098406495761,0.0014908152348784842,0.0032772881277695082,0.001632139400622526
matrix_free_joint_rank8_int4_per_row_hadamard,pooled_exact_combined_moe_column_generated_local,749,1536,39,32,0.9987386067708334,0.9965502055152804,0.9987530113634727,0.9996570750079414,0.9982096754239564,0.0001554893229627541,0.0006442670633318714,0.0022720022556325338,0.0009298824324471856
matrix_free_joint_rank8_int4_per_row_hadamard,pooled_exact_combined_moe_column_generated_local,768,1536,0,32,1.0234781901041667,0.9999331859515287,0.9999964276215219,0.9999993418769986,0.999975814845182,1.30906699441935e-05,9.182659213352595e-05,0.0005569407374072414,0.00020768763368916865
matrix_free_joint_rank8_int4_per_row_hadamard,pooled_exact_combined_moe_column_generated_local,768,1536,1,32,1.0234781901041667,0.9975494682809285,0.9988370924747534,0.9996439165632913,0.9985901447605623,0.00044976207308520253,0.001212340204107376,0.0028442275223660727,0.0014450570762342858
matrix_free_joint_rank8_int4_per_row_hadamard,pooled_exact_combined_moe_column_generated_local,768,1536,2,32,1.0234781901041667,0.9974399257450064,0.9988247797483132,0.9996300004900808,0.9986357321674157,0.0009174208473678336,0.0024794387397756856,0.004247158240418814,0.0025135054495986422
matrix_free_joint_rank8_int4_per_row_hadamard,pooled_exact_combined_moe_column_generated_local,768,1536,3,32,1.0234781901041667,0.9959975155242742,0.9982463331768296,0.9993110947406914,0.9978566912527078,0.0012548500822814335,0.002320698447921876,0.00464222541209749,0.002684866622590574
matrix_free_joint_rank8_int4_per_row_hadamard,pooled_exact_combined_moe_column_generated_local,768,1536,4,32,1.0234781901041667,0.9968615960328495,0.9984921614005698,0.9994541725697572,0.998333243657282,0.0010590988300850147,0.002215644277226203,0.0042147369783308575,0.002466197821579856
matrix_free_joint_rank8_int4_per_row_hadamard,pooled_exact_combined_moe_column_generated_local,768,1536,5,32,1.0234781901041667,0.9964079632029602,0.9978406544551796,0.9995065771775428,0.9977295351073545,0.0013585985724226314,0.0021454124256565232,0.003664013858218208,0.002316447776500967
matrix_free_joint_rank8_int4_per_row_hadamard,pooled_exact_combined_moe_column_generated_local,768,1536,6,32,1.0234781901041667,0.997689288806373,0.9988097855302046,0.9996036169371842,0.9984617959153943,0.000494838601898473,0.0023393991059483255,0.004707636040728083,0.0024750106120361194
matrix_free_joint_rank8_int4_per_row_hadamard,pooled_exact_combined_moe_column_generated_local,768,1536,7,32,1.0234781901041667,0.995975818721407,0.9975828875845044,0.9989880381415462,0.9974636683369822,0.0005950765673846447,0.001660575968458755,0.004589114573986042,0.0020564384317347598
matrix_free_joint_rank8_int4_per_row_hadamard,pooled_exact_combined_moe_column_generated_local,768,1536,8,32,1.0234781901041667,0.9958181251412961,0.9978842669428903,0.9989419542712114,0.9975765788745048,0.001141985188274075,0.002131553069819103,0.004200965059325413,0.0027522453998957974
matrix_free_joint_rank8_int4_per_row_hadamard,pooled_exact_combined_moe_column_generated_local,768,1536,9,32,1.0234781901041667,0.9969389594302832,0.9983347475801294,0.999081486945282,0.9980541789576808,0.0011420551927514456,0.0021940818638471193,0.003775142003575627,0.002384687051332962
matrix_free_joint_rank8_int4_per_row_hadamard,pooled_exact_combined_moe_column_generated_local,768,1536,10,32,1.0234781901041667,0.9962280518577542,0.9981207450198293,0.9997634624282161,0.9979173144197364,0.0003084954858955436,0.0020323389052912533,0.004775207453489627,0.0021639842593524777
matrix_free_joint_rank8_int4_per_row_hadamard,pooled_exact_combined_moe_column_generated_local,768,1536,11,32,1.0234781901041667,0.9961167383759294,0.9982227610033693,0.9991748622097908,0.9978415484215009,0.0009214274161747138,0.0017330416456651232,0.004508085196528267,0.0022727673514719923
matrix_free_joint_rank8_int4_per_row_hadamard,pooled_exact_combined_moe_column_generated_local,768,1536,12,32,1.0234781901041667,0.9964362885570301,0.9983525542462751,0.9992208267176034,0.998038513102357,0.0005614450209944999,0.0024452632669367813,0.004842987111456443,0.0025885006131329547
matrix_free_joint_rank8_int4_per_row_hadamard,pooled_exact_combined_moe_column_generated_local,768,1536,13,32,1.0234781901041667,0.9963347100868445,0.9977708149095976,0.9993117235524804,0.9977495178385618,0.0009084656435012107,0.0019669100944317286,0.004659412053931433,0.002489735497178354
matrix_free_joint_rank8_int4_per_row_hadamard,pooled_exact_combined_moe_column_generated_local,768,1536,14,32,1.0234781901041667,0.9953792593583086,0.9973579677578108,0.9990418842295493,0.9972933929310193,0.0005022463515086617,0.0012131832479816418,0.0023064506859423626,0.0014087700299830995
matrix_free_joint_rank8_int4_per_row_hadamard,pooled_exact_combined_moe_column_generated_local,768,1536,15,32,1.0234781901041667,0.9946630973956494,0.9968519092389697,0.9992045639451801,0.9969304462617384,0.0005840035862596626,0.001985393504996713,0.004712493248759698,0.0023389726026579183
matrix_free_joint_rank8_int4_per_row_hadamard,pooled_exact_combined_moe_column_generated_local,768,1536,16,32,1.0234781901041667,0.9964744578743641,0.9980103869399504,0.9996122462674032,0.9979975722695023,0.0010003584988201974,0.002387682005616343,0.0041787590020929575,0.0026212811237109578
matrix_free_joint_rank8_int4_per_row_hadamard,pooled_exact_combined_moe_column_generated_local,768,1536,17,32,1.0234781901041667,0.9958239923411983,0.997125755660923,0.9990665481663817,0.9973525048259775,0.0009604667386786447,0.002803990529125888,0.005441515092898652,0.003015209322583621
matrix_free_joint_rank8_int4_per_row_hadamard,pooled_exact_combined_moe_column_generated_local,768,1536,18,32,1.0234781901041667,0.9949276430908409,0.9977919960359085,0.9994884092052588,0.9973528685153634,0.00044950929671881966,0.0018346647578004749,0.004080149343742567,0.002218505725153648
matrix_free_joint_rank8_int4_per_row_hadamard,pooled_exact_combined_moe_column_generated_local,768,1536,19,32,1.0234781901041667,0.9952574568821945,0.9982215862135739,0.9993936755075659,0.997760032313967,0.0005005437115816247,0.0017230306615698132,0.003264133417913007,0.0018468725979763762
matrix_free_joint_rank8_int4_per_row_hadamard,pooled_exact_combined_moe_column_generated_local,768,1536,20,32,1.0234781901041667,0.9950794684289417,0.9972502928805329,0.9994089491699706,0.9972072705361256,0.0007620342361126075,0.0017823879983197566,0.003623723231201759,0.0019385038202185331
matrix_free_joint_rank8_int4_per_row_hadamard,pooled_exact_combined_moe_column_generated_local,768,1536,21,32,1.0234781901041667,0.9979837104587218,0.9990516859747183,0.9995961028455,0.9988638982413633,0.0007182098111067292,0.0028130019223843172,0.004405203761988052,0.0028977869486606737
matrix_free_joint_rank8_int4_per_row_hadamard,pooled_exact_combined_moe_column_generated_local,768,1536,22,32,1.0234781901041667,0.9956847476584767,0.997655755412837,0.9990375723243307,0.9973291779561104,0.000520379158498041,0.0017719901905428048,0.003247623462690075,0.00182754583202005
matrix_free_joint_rank8_int4_per_row_hadamard,pooled_exact_combined_moe_column_generated_local,768,1536,23,32,1.0234781901041667,0.9947106989351431,0.9976811335460509,0.9994442645097159,0.9974197557705707,0.0006366689309111218,0.001720643596481053,0.003164605432583656,0.0019348752327390077
matrix_free_joint_rank8_int4_per_row_hadamard,pooled_exact_combined_moe_column_generated_local,768,1536,24,32,1.0234781901041667,0.9973750639753751,0.9984830897283401,0.9992388932710393,0.9982649859659702,0.0015396822657536059,0.0028481233559631836,0.006164849275967988,0.003545573598930006
matrix_free_joint_rank8_int4_per_row_hadamard,pooled_exact_combined_moe_column_generated_local,768,1536,25,32,1.0234781901041667,0.9953339120758379,0.9970183006220763,0.9992648659399577,0.997002523254183,0.0007793618330383167,0.0024679247148546857,0.004947990516468582,0.0027300861575824814
matrix_free_joint_rank8_int4_per_row_hadamard,pooled_exact_combined_moe_column_generated_local,768,1536,26,32,1.0234781901041667,0.9955303430564963,0.9975011859220999,0.9990061385213479,0.997537964022525,0.000581436686650716,0.001587933315476353,0.004241330883359885,0.002031550274645494
matrix_free_joint_rank8_int4_per_row_hadamard,pooled_exact_combined_moe_column_generated_local,768,1536,27,32,1.0234781901041667,0.9963393017698501,0.9977311317972418,0.9990334573741,0.9977490556514534,0.0007536684848244102,0.0017439286892002026,0.005630463644565477,0.0027581424683064716
matrix_free_joint_rank8_int4_per_row_hadamard,pooled_exact_combined_moe_column_generated_local,768,1536,28,32,1.0234781901041667,0.9958150429176023,0.997827821599669,0.999028167800316,0.9976109484366746,0.0011248414433256081,0.002510356018705473,0.004285596454858731,0.0027045670103464613
matrix_free_joint_rank8_int4_per_row_hadamard,pooled_exact_combined_moe_column_generated_local,768,1536,29,32,1.0234781901041667,0.9969126333671282,0.9982252818247326,0.9990781162731945,0.9981430723682712,0.0005642958549985199,0.0015775092724491513,0.0035330620255069616,0.0017653522829264023
matrix_free_joint_rank8_int4_per_row_hadamard,pooled_exact_combined_moe_column_generated_local,768,1536,30,32,1.0234781901041667,0.9958613198884372,0.9976658837884851,0.9992680890615809,0.9974488940411509,0.0006046527760217412,0.001747514654080573,0.0030578880980360107,0.0018308971289806193
matrix_free_joint_rank8_int4_per_row_hadamard,pooled_exact_combined_moe_column_generated_local,768,1536,31,32,1.0234781901041667,0.9972732791447941,0.9983532980816556,0.9990669490028322,0.998178202859046,0.0006526786898288673,0.0016137841755051174,0.0037304071601964046,0.0019325532571639048
matrix_free_joint_rank8_int4_per_row_hadamard,pooled_exact_combined_moe_column_generated_local,768,1536,32,32,1.0234781901041667,0.9958533817007376,0.9986371526857616,0.9993125333247285,0.9980254121588854,0.0006091108123171707,0.0013414440295000385,0.0029292542409373964,0.0015533968484540556
matrix_free_joint_rank8_int4_per_row_hadamard,pooled_exact_combined_moe_column_generated_local,768,1536,33,32,1.0234781901041667,0.9979572930042306,0.9990546420400426,0.9996335675042116,0.9988354401124866,0.0005023040854727045,0.0016200434629488614,0.002730924961775028,0.0015410023969179114
matrix_free_joint_rank8_int4_per_row_hadamard,pooled_exact_combined_moe_column_generated_local,768,1536,34,32,1.0234781901041667,0.9970262827170633,0.9985310873162851,0.9991147384474627,0.9983247619407143,0.0004912669278269499,0.0010004440724356023,0.0013271945010176257,0.0009582665980920752
matrix_free_joint_rank8_int4_per_row_hadamard,pooled_exact_combined_moe_column_generated_local,768,1536,35,32,1.0234781901041667,0.9941643090970057,0.9977051934918244,0.999077009501653,0.9972714722951961,0.0006746862859650093,0.0012997627316667093,0.002219212046597319,0.0014086476114855417
matrix_free_joint_rank8_int4_per_row_hadamard,pooled_exact_combined_moe_column_generated_local,768,1536,36,32,1.0234781901041667,0.9968323288260634,0.9978436295440269,0.9992995273716856,0.997862539250022,0.000779527273243441,0.0011160241683850214,0.0029423666953437232,0.0015254758986880113
matrix_free_joint_rank8_int4_per_row_hadamard,pooled_exact_combined_moe_column_generated_local,768,1536,37,32,1.0234781901041667,0.9962868264107497,0.9977372735114037,0.9992981471200563,0.9977649397989847,0.0005158308541459045,0.0009502294806778,0.0019339407403903275,0.0011496444882316721
matrix_free_joint_rank8_int4_per_row_hadamard,pooled_exact_combined_moe_column_generated_local,768,1536,38,32,1.0234781901041667,0.9981424450415477,0.9991123656076597,0.9996090130154843,0.9989660091476533,0.000506835728074706,0.0013062968661331498,0.0027203281447066192,0.0014322711144479812
matrix_free_joint_rank8_int4_per_row_hadamard,pooled_exact_combined_moe_column_generated_local,768,1536,39,32,1.0234781901041667,0.9969359994791448,0.9988740065589654,0.9996954644430592,0.9984163385386492,0.00013410190949273427,0.000588173334353459,0.0020986909696908097,0.0008707873153693396
matrix_free_joint_rank8_int4_per_row_hadamard,pooled_exact_combined_moe_global_bound,749,1536,0,32,0.9987386067708334,0.9999142787610974,0.9999943116672888,0.9999989644228207,0.99996663179055,1.671221487473673e-05,0.0001096925729224818,0.0006641699998258924,0.00024667748503598083
matrix_free_joint_rank8_int4_per_row_hadamard,pooled_exact_combined_moe_global_bound,749,1536,1,32,0.9987386067708334,0.9972689981612783,0.9986607418777312,0.999588787806091,0.9984124023352807,0.0005131428705758446,0.0013007376090938272,0.0037103382061386436,0.0016328695548871591
matrix_free_joint_rank8_int4_per_row_hadamard,pooled_exact_combined_moe_global_bound,749,1536,2,32,0.9987386067708334,0.9972557671565875,0.9986626097994541,0.9995904105470719,0.998463878793113,0.001040816412868184,0.002795357233628115,0.004702272000398667,0.0028454584281561134
matrix_free_joint_rank8_int4_per_row_hadamard,pooled_exact_combined_moe_global_bound,749,1536,3,32,0.9987386067708334,0.9954999190047072,0.9980135664609429,0.9992344391871564,0.997595103604736,0.001449696079340379,0.0026134670072179844,0.005440087084822466,0.003040098161969592
matrix_free_joint_rank8_int4_per_row_hadamard,pooled_exact_combined_moe_global_bound,749,1536,4,32,0.9987386067708334,0.9965166701035072,0.9983320653659954,0.9993806864292177,0.9981307354158966,0.0011269382110554393,0.0025613489868449024,0.004918742618930172,0.0027919470501418416
matrix_free_joint_rank8_int4_per_row_hadamard,pooled_exact_combined_moe_global_bound,749,1536,5,32,0.9987386067708334,0.9959757845543912,0.9976076676757983,0.9994223823615244,0.9974551483642288,0.0014469202001398008,0.002370787725003154,0.004151035593281927,0.0025785679004927224
matrix_free_joint_rank8_int4_per_row_hadamard,pooled_exact_combined_moe_global_bound,749,1536,6,32,0.9987386067708334,0.9974777750307479,0.9986638301125034,0.9995580969957462,0.9982807766447859,0.0005588868986504125,0.0025124234968807446,0.00508548733337,0.0027555976333154923
matrix_free_joint_rank8_int4_per_row_hadamard,pooled_exact_combined_moe_global_bound,749,1536,7,32,0.9987386067708334,0.9955094973950832,0.9972752956617683,0.9988576175784646,0.9971408318522482,0.0007018564067925226,0.0017844815381987678,0.005264345295589991,0.0022803949830599198
matrix_free_joint_rank8_int4_per_row_hadamard,pooled_exact_combined_moe_global_bound,749,1536,8,32,0.9987386067708334,0.9952589407513395,0.9975899561432855,0.9987789404407817,0.9972762184382173,0.0012879878990998072,0.002394174641960345,0.005029584972071056,0.0030183778022382438
matrix_free_joint_rank8_int4_per_row_hadamard,pooled_exact_combined_moe_global_bound,749,1536,9,32,0.9987386067708334,0.9964680868952613,0.9981287091124957,0.9989554904694206,0.9978045993145607,0.0013023401240049859,0.0022787667628282327,0.004421440422957969,0.0026724561371073915
matrix_free_joint_rank8_int4_per_row_hadamard,pooled_exact_combined_moe_global_bound,749,1536,10,32,0.9987386067708334,0.9957143719723205,0.9978196911685169,0.9997343603909656,0.9976520704954814,0.0004316036558406955,0.0023838342025742643,0.005251091010070975,0.0024619580553570386
matrix_free_joint_rank8_int4_per_row_hadamard,pooled_exact_combined_moe_global_bound,749,1536,11,32,0.9987386067708334,0.9956540646387754,0.9980052732979736,0.9990710020251163,0.9975709459912785,0.0010371148903858373,0.002049846697136093,0.0050335292552896715,0.002549187920562114
matrix_free_joint_rank8_int4_per_row_hadamard,pooled_exact_combined_moe_global_bound,749,1536,12,32,0.9987386067708334,0.995937404016699,0.998178458431611,0.9991359025476965,0.9978076614012458,0.000622957509086719,0.002751395685379854,0.005559721441490363,0.002905851627595688
matrix_free_joint_rank8_int4_per_row_hadamard,pooled_exact_combined_moe_global_bound,749,1536,13,32,0.9987386067708334,0.9959042455054483,0.9974439234089605,0.9992250101049768,0.9974544482784369,0.001015395817334941,0.002190136926778552,0.005124224600850802,0.002773910343441214
matrix_free_joint_rank8_int4_per_row_hadamard,pooled_exact_combined_moe_global_bound,749,1536,14,32,0.9987386067708334,0.9948102188833923,0.9970061574707498,0.9989369187772461,0.9969489190065514,0.0005062084617027729,0.0014228875971660226,0.0028102914709371104,0.0015849165469321337
matrix_free_joint_rank8_int4_per_row_hadamard,pooled_exact_combined_moe_global_bound,749,1536,15,32,0.9987386067708334,0.9940730787255706,0.9964023516564646,0.999106911952556,0.9965465718883103,0.0005558505644742252,0.0021891459079355635,0.005325877153147974,0.0025964985914200683
matrix_free_joint_rank8_int4_per_row_hadamard,pooled_exact_combined_moe_global_bound,749,1536,16,32,0.9987386067708334,0.9961280221729221,0.9977322164783626,0.999569139166219,0.9977520316087218,0.0011722215554200055,0.002693120956069439,0.004720864805023451,0.002914872216659318
matrix_free_joint_rank8_int4_per_row_hadamard,pooled_exact_combined_moe_global_bound,749,1536,17,32,0.9987386067708334,0.9953170262649429,0.9968105827794331,0.9989570430584516,0.9970148461687762,0.0010334358920539243,0.003168164958495312,0.006161168049486921,0.003348346911579904
matrix_free_joint_rank8_int4_per_row_hadamard,pooled_exact_combined_moe_global_bound,749,1536,18,32,0.9987386067708334,0.9942856391856286,0.997524349547388,0.9994287854769006,0.997017568682774,0.0005996509287424124,0.001882503543949643,0.004604195811160461,0.0024864865770557673
matrix_free_joint_rank8_int4_per_row_hadamard,pooled_exact_combined_moe_global_bound,749,1536,19,32,0.9987386067708334,0.9944980821970011,0.9980117444101045,0.9993302869387053,0.9974720906942524,0.0006381992811055892,0.0017081280787272224,0.003620036667311555,0.002029121333381064
matrix_free_joint_rank8_int4_per_row_hadamard,pooled_exact_combined_moe_global_bound,749,1536,20,32,0.9987386067708334,0.9943569674828637,0.9969361670018075,0.9993208646395016,0.9968521183776811,0.000876907597497234,0.0019670239160898273,0.004151962227078376,0.002226517799929658
matrix_free_joint_rank8_int4_per_row_hadamard,pooled_exact_combined_moe_global_bound,749,1536,21,32,0.9987386067708334,0.9977445653150718,0.9989377201773161,0.9995369736074398,0.9987153882543969,0.000869652213224581,0.003131659023028699,0.004938460841240889,0.0032365485200262223
matrix_free_joint_rank8_int4_per_row_hadamard,pooled_exact_combined_moe_global_bound,749,1536,22,32,0.9987386067708334,0.9951792156879752,0.9973473816272025,0.9989041984657342,0.9969824454213461,0.0006056561661759386,0.002092897859202858,0.003929194654831525,0.0020687275314269712
matrix_free_joint_rank8_int4_per_row_hadamard,pooled_exact_combined_moe_global_bound,749,1536,23,32,0.9987386067708334,0.9940567190069493,0.9974035501798706,0.9993597808797822,0.9970783836551753,0.000721950368442692,0.0018641643885753956,0.0033229536670994152,0.0021249899253281412
matrix_free_joint_rank8_int4_per_row_hadamard,pooled_exact_combined_moe_global_bound,749,1536,24,32,0.9987386067708334,0.9969545115321151,0.9982887405729681,0.999133640322492,0.9980461816225189,0.0017611489648547084,0.0032977433297800562,0.0071406523256098324,0.004041959097673981
matrix_free_joint_rank8_int4_per_row_hadamard,pooled_exact_combined_moe_global_bound,749,1536,25,32,0.9987386067708334,0.9946185152374498,0.9966921800164146,0.9991585959854833,0.9966255443455335,0.0009107678900264537,0.0027302295651675523,0.0055078691431627936,0.0029724362306296354
matrix_free_joint_rank8_int4_per_row_hadamard,pooled_exact_combined_moe_global_bound,749,1536,26,32,0.9987386067708334,0.9950730365688646,0.9972615886286277,0.9989009903986327,0.9972289133888391,0.0006968536666459469,0.0015847004729395153,0.004642200997950819,0.002324700564456373
matrix_free_joint_rank8_int4_per_row_hadamard,pooled_exact_combined_moe_global_bound,749,1536,27,32,0.9987386067708334,0.9958078853440328,0.997454649800896,0.9989154644596561,0.9974620407343964,0.00082461312622516,0.0020548554151660348,0.0063507560801229785,0.003096864278239835
matrix_free_joint_rank8_int4_per_row_hadamard,pooled_exact_combined_moe_global_bound,749,1536,28,32,0.9987386067708334,0.9952981903664861,0.9974991224668748,0.9988912366923813,0.9973251828733809,0.0012666317312544305,0.00295213869108063,0.00484586017039026,0.003147141696460253
matrix_free_joint_rank8_int4_per_row_hadamard,pooled_exact_combined_moe_global_bound,749,1536,29,32,0.9987386067708334,0.996562121539377,0.997969524000767,0.9989511261894407,0.9979080245232985,0.0006245792463123289,0.0017999111055612138,0.004074188482820219,0.001955698855538923
matrix_free_joint_rank8_int4_per_row_hadamard,pooled_exact_combined_moe_global_bound,749,1536,30,32,0.9987386067708334,0.9954257519423843,0.9973563463687466,0.9991953633255449,0.9971325894252386,0.0006789520251208713,0.0019640486986936545,0.003405047839333331,0.002051394054694202
matrix_free_joint_rank8_int4_per_row_hadamard,pooled_exact_combined_moe_global_bound,749,1536,31,32,0.9987386067708334,0.9970017325917168,0.9981841074345403,0.9989254933153874,0.99795670079339,0.0007192609812303186,0.0018907071366212613,0.003949879952793911,0.0021771260880023083
matrix_free_joint_rank8_int4_per_row_hadamard,pooled_exact_combined_moe_global_bound,749,1536,32,32,0.9987386067708334,0.9953562800946157,0.998485148950455,0.9992273938227765,0.9977739523236354,0.000729890877021433,0.0015344574398192812,0.003308106877260198,0.0017902955592881964
matrix_free_joint_rank8_int4_per_row_hadamard,pooled_exact_combined_moe_global_bound,749,1536,33,32,0.9987386067708334,0.9977043383626172,0.9989337119398745,0.9996075147661593,0.9986816427336404,0.0005604177419949785,0.001711126493311177,0.003019341739778825,0.001720329193858984
matrix_free_joint_rank8_int4_per_row_hadamard,pooled_exact_combined_moe_global_bound,749,1536,34,32,0.9987386067708334,0.996660498629183,0.9983934219949462,0.9989840495790334,0.9981247760466677,0.0006128295409809081,0.0011486648976390401,0.001705607770689832,0.001153989085165251
matrix_free_joint_rank8_int4_per_row_hadamard,pooled_exact_combined_moe_global_bound,749,1536,35,32,0.9987386067708334,0.9934221135076667,0.9973771852225953,0.9989146033311964,0.996933036712398,0.0007795180795239443,0.0013587998704078785,0.0023775487228247408,0.0016244919068973754
matrix_free_joint_rank8_int4_per_row_hadamard,pooled_exact_combined_moe_global_bound,749,1536,36,32,0.9987386067708334,0.9964784202345917,0.9975720199639162,0.9992169329760922,0.9975975988781364,0.0009180951411484007,0.0012548896838711077,0.0031710925349296318,0.001722035961525488
matrix_free_joint_rank8_int4_per_row_hadamard,pooled_exact_combined_moe_global_bound,749,1536,37,32,0.9987386067708334,0.9957816815462922,0.9974087715475664,0.9991902759555429,0.9974733860640987,0.000566127903047664,0.0012249216684444564,0.0022899821459351657,0.0012992490543346745
matrix_free_joint_rank8_int4_per_row_hadamard,pooled_exact_combined_moe_global_bound,749,1536,38,32,0.9987386067708334,0.9978846287456999,0.9990018478777584,0.9995724670480927,0.9988352927434299,0.0005970098406495761,0.0014908152348784842,0.0032772881277695082,0.001632139400622526
matrix_free_joint_rank8_int4_per_row_hadamard,pooled_exact_combined_moe_global_bound,749,1536,39,32,0.9987386067708334,0.9965502055152804,0.9987530113634727,0.9996570750079414,0.9982096754239564,0.0001554893229627541,0.0006442670633318714,0.0022720022556325338,0.0009298824324471856
matrix_free_joint_rank8_int4_per_row_hadamard,pooled_exact_combined_moe_oracle,384,1536,0,32,0.5234781901041666,0.9954880622504423,0.9985585029238839,0.9996612919234623,0.9975608646963728,0.0004297286034769754,0.0020613041626502127,0.006964265329921483,0.0030812582059069997
matrix_free_joint_rank8_int4_per_row_hadamard,pooled_exact_combined_moe_oracle,384,1536,1,32,0.5234781901041666,0.9770141911065277,0.9886212778754729,0.9963671648120684,0.9871199760407772,0.0027946228997129175,0.008101983441555771,0.019280872167965004,0.010174651333800893
matrix_free_joint_rank8_int4_per_row_hadamard,pooled_exact_combined_moe_oracle,384,1536,2,32,0.5234781901041666,0.9787032265143778,0.9887125266067311,0.9962950904319968,0.9874273276655632,0.007098985621706311,0.018265199340875393,0.03319269577617515,0.019889185987186017
matrix_free_joint_rank8_int4_per_row_hadamard,pooled_exact_combined_moe_oracle,384,1536,3,32,0.5234781901041666,0.9669348146927205,0.9846738788910369,0.9938085925436282,0.9813985703372032,0.008166696031879483,0.01869537021309159,0.03378699692230688,0.01948337412000658
matrix_free_joint_rank8_int4_per_row_hadamard,pooled_exact_combined_moe_oracle,384,1536,4,32,0.5234781901041666,0.9748294501977744,0.9859574862561602,0.9946466222333292,0.9848641202403268,0.007376248770130667,0.01635959174401247,0.0320681560255757,0.018548771006730618
matrix_free_joint_rank8_int4_per_row_hadamard,pooled_exact_combined_moe_oracle,384,1536,5,32,0.5234781901041666,0.9678812433321927,0.9813376744639206,0.9952217350613192,0.9804824686587486,0.009180403542401062,0.014223513360575757,0.02643776301230602,0.016185201931795862
matrix_free_joint_rank8_int4_per_row_hadamard,pooled_exact_combined_moe_oracle,384,1536,6,32,0.5234781901041666,0.979057633743752,0.9888819561271627,0.9958346243254499,0.9860301525632955,0.003856205836271265,0.013670534026861081,0.0336457058779412,0.017468069475396947
matrix_free_joint_rank8_int4_per_row_hadamard,pooled_exact_combined_moe_oracle,384,1536,7,32,0.5234781901041666,0.9655021163096255,0.9791528754070847,0.9897069082746249,0.9775898622200736,0.003909900834703761,0.011953208454759945,0.031282066452975606,0.0151935980325595
matrix_free_joint_rank8_int4_per_row_hadamard,pooled_exact_combined_moe_oracle,384,1536,8,32,0.5234781901041666,0.9647970909257404,0.9807370395765214,0.9902643180663798,0.97841995926533,0.00864215397350685,0.015998504480342846,0.036353543004069185,0.020859563634454712
matrix_free_joint_rank8_int4_per_row_hadamard,pooled_exact_combined_moe_oracle,384,1536,9,32,0.5234781901041666,0.9720853970939205,0.9848861317396085,0.9912678368723388,0.98223171650432,0.010034279801324975,0.015099593052801896,0.026824903176379436,0.0183166896942781
matrix_free_joint_rank8_int4_per_row_hadamard,pooled_exact_combined_moe_oracle,384,1536,10,32,0.5234781901041666,0.9692034288615793,0.9820567011884549,0.9976455831938986,0.9813874585068447,0.001439803273238105,0.014958530733049924,0.03559941694004912,0.015659774169201602
matrix_free_joint_rank8_int4_per_row_hadamard,pooled_exact_combined_moe_oracle,384,1536,11,32,0.5234781901041666,0.9662940737651469,0.9843709984556959,0.9922156592525591,0.9806262086611603,0.005876885742982951,0.013446646285600716,0.031170402325958052,0.01616701410930775
matrix_free_joint_rank8_int4_per_row_hadamard,pooled_exact_combined_moe_oracle,384,1536,12,32,0.5234781901041666,0.969957969037041,0.9848877642316226,0.9930960406566964,0.9823876475931208,0.005210451906021174,0.020873100111431286,0.036018198798708934,0.0196506393276239
matrix_free_joint_rank8_int4_per_row_hadamard,pooled_exact_combined_moe_oracle,384,1536,13,32,0.5234781901041666,0.9671010900286628,0.9806545418338599,0.9940075015632096,0.9798474436720928,0.0050527217787784354,0.014973124283501227,0.03095272399621303,0.01810797760180634
matrix_free_joint_rank8_int4_per_row_hadamard,pooled_exact_combined_moe_oracle,384,1536,14,32,0.5234781901041666,0.9605015201393156,0.9777513681279101,0.9912638281788229,0.9762683514935,0.0031843595126784586,0.007675234583623014,0.01693886290323936,0.009629577884817699
matrix_free_joint_rank8_int4_per_row_hadamard,pooled_exact_combined_moe_oracle,384,1536,15,32,0.5234781901041666,0.9522253413140669,0.9729324786664464,0.9927062207810396,0.9733548673582557,0.00211014657694093,0.01281494768156266,0.033018155189394695,0.016477385788347957
matrix_free_joint_rank8_int4_per_row_hadamard,pooled_exact_combined_moe_oracle,384,1536,16,32,0.5234781901041666,0.9717663124324942,0.9823549095748478,0.9965465970367142,0.9824000040731888,0.006840381911061533,0.018593721004113717,0.02996868534795745,0.0196453343853897
matrix_free_joint_rank8_int4_per_row_hadamard,pooled_exact_combined_moe_oracle,384,1536,17,32,0.5234781901041666,0.9618372729782866,0.9755467247574566,0.9915167402178565,0.9761015224313166,0.007432281857487977,0.02115049485984044,0.04241385178941166,0.022968660469159616
matrix_free_joint_rank8_int4_per_row_hadamard,pooled_exact_combined_moe_oracle,384,1536,18,32,0.5234781901041666,0.9545410887697924,0.9798365835403311,0.9952455245728103,0.976824796430675,0.003548590961861797,0.012721656073282406,0.028462114731146616,0.015268858145965923
matrix_free_joint_rank8_int4_per_row_hadamard,pooled_exact_combined_moe_oracle,384,1536,19,32,0.5234781901041666,0.9609562864650302,0.9842961253714613,0.9947320142569568,0.9806798567717046,0.003941125511945665,0.011671414588830864,0.021676463941025927,0.012575699811562948
matrix_free_joint_rank8_int4_per_row_hadamard,pooled_exact_combined_moe_oracle,384,1536,20,32,0.5234781901041666,0.9560948065806015,0.975549827921343,0.9945346931570381,0.9755421205553052,0.004758097518625437,0.012355224036919021,0.028026893733040258,0.014458233185699762
matrix_free_joint_rank8_int4_per_row_hadamard,pooled_exact_combined_moe_oracle,384,1536,21,32,0.5234781901041666,0.9810057418638758,0.991316140485673,0.9958900563168478,0.989218150183018,0.0067421351394320594,0.02145933113394538,0.03441360651665086,0.02152694585072294
matrix_free_joint_rank8_int4_per_row_hadamard,pooled_exact_combined_moe_oracle,384,1536,22,32,0.5234781901041666,0.960604872608145,0.9792241294163226,0.9912507623947823,0.9765683714836384,0.0030360161101743,0.012124603398227074,0.027044343878199564,0.013302729056929526
matrix_free_joint_rank8_int4_per_row_hadamard,pooled_exact_combined_moe_oracle,384,1536,23,32,0.5234781901041666,0.9545179250916289,0.9808613426785313,0.9947731493688748,0.9774267541559902,0.005760320070858105,0.011506025518866203,0.024400881005939446,0.014537357056454266
matrix_free_joint_rank8_int4_per_row_hadamard,pooled_exact_combined_moe_oracle,384,1536,24,32,0.5234781901041666,0.9747976561828113,0.98561978258405,0.993208361897468,0.9836736079974542,0.013789275147766678,0.022143327243185795,0.0491186121996046,0.027562099903867092
matrix_free_joint_rank8_int4_per_row_hadamard,pooled_exact_combined_moe_oracle,384,1536,25,32,0.5234781901041666,0.9574671783130662,0.9741828442201841,0.9936409654436005,0.9732750283714428,0.006751349422851105,0.014849078056270448,0.034255340190472924,0.018385648218981313
matrix_free_joint_rank8_int4_per_row_hadamard,pooled_exact_combined_moe_oracle,384,1536,26,32,0.5234781901041666,0.9639476559618602,0.9780398291572558,0.9915302111207588,0.978276217261379,0.003434012325897329,0.010874728081469276,0.02513977649687628,0.014128256026691322
matrix_free_joint_rank8_int4_per_row_hadamard,pooled_exact_combined_moe_oracle,384,1536,27,32,0.5234781901041666,0.9684430973575123,0.9804194426004673,0.9913558989564715,0.9798004301258086,0.005103931070286216,0.013409835360809141,0.03977915987755223,0.02109279577850292
matrix_free_joint_rank8_int4_per_row_hadamard,pooled_exact_combined_moe_oracle,384,1536,28,32,0.5234781901041666,0.9642805680424242,0.979949047609375,0.9909720406784585,0.9782761610395201,0.007450226240889857,0.01835716683255878,0.03592952404391743,0.020594899773564566
matrix_free_joint_rank8_int4_per_row_hadamard,pooled_exact_combined_moe_oracle,384,1536,29,32,0.5234781901041666,0.9714706249587723,0.9846872048898263,0.9918542025684675,0.9834162500602892,0.0051908716752767535,0.010640349895087331,0.029495107065964046,0.013796123288989406
matrix_free_joint_rank8_int4_per_row_hadamard,pooled_exact_combined_moe_oracle,384,1536,30,32,0.5234781901041666,0.9647959046672471,0.978316689710653,0.9937140420189349,0.9776139113225614,0.004552377200188007,0.013753244818921595,0.01873352945726159,0.013223218860826998
matrix_free_joint_rank8_int4_per_row_hadamard,pooled_exact_combined_moe_oracle,384,1536,31,32,0.5234781901041666,0.9746822654165335,0.9840212130381079,0.9907943359399899,0.9834690459713367,0.004732967967999724,0.012525088130993511,0.02672835352729232,0.013957592181690386
matrix_free_joint_rank8_int4_per_row_hadamard,pooled_exact_combined_moe_oracle,384,1536,32,32,0.5234781901041666,0.9643836540445678,0.9874279531338652,0.9940954315130386,0.98257365503634,0.004801270438705008,0.009540044713497453,0.018951481975001086,0.01116903571484238
matrix_free_joint_rank8_int4_per_row_hadamard,pooled_exact_combined_moe_oracle,384,1536,33,32,0.5234781901041666,0.9826918633932502,0.991066350616175,0.9968832650830549,0.9892711824762042,0.003051384902851717,0.01058719184548379,0.020627300144403064,0.011864474814334561
matrix_free_joint_rank8_int4_per_row_hadamard,pooled_exact_combined_moe_oracle,384,1536,34,32,0.5234781901041666,0.9737049976445277,0.9867322182828417,0.9919453263388036,0.9850161599104567,0.004168262651944832,0.007076027090126391,0.011010391971776935,0.007328586133114882
matrix_free_joint_rank8_int4_per_row_hadamard,pooled_exact_combined_moe_oracle,384,1536,35,32,0.5234781901041666,0.946013034436272,0.9798933925283637,0.9919491021762973,0.9760418227458691,0.0034175295100259853,0.007548827354856347,0.01609701928980253,0.010184171118976595
matrix_free_joint_rank8_int4_per_row_hadamard,pooled_exact_combined_moe_oracle,384,1536,36,32,0.5234781901041666,0.9720811974953504,0.9807793556428683,0.993808191700023,0.9812604581910915,0.0026435975044726504,0.007920031746283585,0.02361275800117061,0.010349816319839097
matrix_free_joint_rank8_int4_per_row_hadamard,pooled_exact_combined_moe_oracle,384,1536,37,32,0.5234781901041666,0.96777782661348,0.9803474453876377,0.9932760490208818,0.9802950411416069,0.003349043615115954,0.0064775754163416965,0.013733043324460893,0.008011062354815038
matrix_free_joint_rank8_int4_per_row_hadamard,pooled_exact_combined_moe_oracle,384,1536,38,32,0.5234781901041666,0.9824969073309205,0.9912454974540654,0.9965637524857719,0.9905564446800417,0.003987760559470555,0.010523830958438618,0.021769264621358374,0.011160584121418099
matrix_free_joint_rank8_int4_per_row_hadamard,pooled_exact_combined_moe_oracle,384,1536,39,32,0.5234781901041666,0.9697991117558222,0.9895990249662912,0.9971885123533399,0.9850176194964639,0.0011519582547587005,0.004175529070498452,0.01426171891149365,0.006557720324364132
matrix_free_joint_rank8_int4_per_row_hadamard,pooled_exact_combined_moe_oracle,576,1536,0,32,0.7734781901041666,0.9993441711891946,0.9998519843089599,0.9999513223283418,0.9996431402255869,7.115573210044745e-05,0.0004625756623570787,0.002198650221637078,0.0008606808293004746
matrix_free_joint_rank8_int4_per_row_hadamard,pooled_exact_combined_moe_oracle,576,1536,1,32,0.7734781901041666,0.9920757488065066,0.9962093382776274,0.9987765352000734,0.9954836077204274,0.0010798339529503153,0.0036046937093732745,0.007740480578352505,0.003969212000971015
matrix_free_joint_rank8_int4_per_row_hadamard,pooled_exact_combined_moe_oracle,576,1536,2,32,0.7734781901041666,0.9925118208059798,0.996326615999232,0.9988234715795549,0.9956758689090539,0.0027528624010403346,0.007138516973353104,0.01178218459908216,0.007463500737336561
matrix_free_joint_rank8_int4_per_row_hadamard,pooled_exact_combined_moe_oracle,576,1536,3,32,0.7734781901041666,0.9873890777350129,0.9946459927565126,0.9977854276814829,0.9933449498720082,0.003721652089128169,0.007270922350814779,0.012081282879292068,0.007717361706569639
matrix_free_joint_rank8_int4_per_row_hadamard,pooled_exact_combined_moe_oracle,576,1536,4,32,0.7734781901041666,0.9906620949852748,0.9952307410057826,0.9982115837330005,0.9947077375347945,0.002594939025219001,0.00591022356650811,0.01263208221983362,0.00711861996376751
matrix_free_joint_rank8_int4_per_row_hadamard,pooled_exact_combined_moe_oracle,576,1536,5,32,0.7734781901041666,0.9884722103546089,0.9932975305624959,0.9983751403770594,0.9929455607058233,0.003915396556909712,0.005557663489704434,0.010208442452043165,0.006325157873104132
matrix_free_joint_rank8_int4_per_row_hadamard,pooled_exact_combined_moe_oracle,576,1536,6,32,0.7734781901041666,0.9927188501311353,0.9961143157952348,0.9987143461471563,0.9950838540825486,0.0014906859332865176,0.005817902184716062,0.01283270439324992,0.007031758108761305
matrix_free_joint_rank8_int4_per_row_hadamard,pooled_exact_combined_moe_oracle,576,1536,7,32,0.7734781901041666,0.9873612963295012,0.992758369050475,0.9966179641693427,0.9920828155938419,0.0016224102050851786,0.0049315112408793715,0.012790278088150722,0.0058492637446189155
matrix_free_joint_rank8_int4_per_row_hadamard,pooled_exact_combined_moe_oracle,576,1536,8,32,0.7734781901041666,0.9871592569667105,0.9933650890338817,0.996402657884167,0.9922979679472104,0.003054292195549602,0.0063121637928495455,0.01403432137652162,0.007824612746787887
matrix_free_joint_rank8_int4_per_row_hadamard,pooled_exact_combined_moe_oracle,576,1536,9,32,0.7734781901041666,0.990593948758626,0.9945185348227039,0.9969421088477038,0.9937225351381858,0.003886916948356667,0.005988386952602787,0.010341539312646555,0.00698293936298636
matrix_free_joint_rank8_int4_per_row_hadamard,pooled_exact_combined_moe_oracle,576,1536,10,32,0.7734781901041666,0.988014739557052,0.9938677844525181,0.9992235994408659,0.9933564864358404,0.001251639592228604,0.005807126794332151,0.014180075948030692,0.0062004225175863875
matrix_free_joint_rank8_int4_per_row_hadamard,pooled_exact_combined_moe_oracle,576,1536,11,32,0.7734781901041666,0.9875304042038557,0.9942569165398747,0.9973244794068944,0.9930325647181688,0.002351012353509174,0.005004330356411624,0.012604039961104842,0.0062615854637791644
matrix_free_joint_rank8_int4_per_row_hadamard,pooled_exact_combined_moe_oracle,576,1536,12,32,0.7734781901041666,0.9890417163150925,0.9949316393126805,0.9976329162072205,0.9937457091221904,0.0015556823608781968,0.007531023346975252,0.014267693321003696,0.007577543897769844
matrix_free_joint_rank8_int4_per_row_hadamard,pooled_exact_combined_moe_oracle,576,1536,13,32,0.7734781901041666,0.9884026374589941,0.9930113918708271,0.99792139484806,0.9927613585475923,0.0026326620028926163,0.005488550953624993,0.01174917154825147,0.006885999955277899
matrix_free_joint_rank8_int4_per_row_hadamard,pooled_exact_combined_moe_oracle,576,1536,14,32,0.7734781901041666,0.9851930556049225,0.9916834411469558,0.9968110162925629,0.9914366757049577,0.0012184987481955068,0.003379307824533051,0.0073902584389041875,0.0037855649748526413
matrix_free_joint_rank8_int4_per_row_hadamard,pooled_exact_combined_moe_oracle,576,1536,15,32,0.7734781901041666,0.9839400674942632,0.9902785498167408,0.9974542076012244,0.9903220505630175,0.0013598953616528963,0.00494242685937718,0.014980825067535598,0.0065418969881256145
matrix_free_joint_rank8_int4_per_row_hadamard,pooled_exact_combined_moe_oracle,576,1536,16,32,0.7734781901041666,0.9895557417959048,0.9937930426193358,0.9987718818342047,0.9936748743542574,0.00337050781519862,0.006872949361403369,0.01193355270497073,0.00758010216727607
matrix_free_joint_rank8_int4_per_row_hadamard,pooled_exact_combined_moe_oracle,576,1536,17,32,0.7734781901041666,0.9867705110960215,0.9912613844522973,0.9970960712906128,0.9916171369365676,0.002896743622640452,0.007923568025242689,0.014820653563521802,0.008844660408199919
matrix_free_joint_rank8_int4_per_row_hadamard,pooled_exact_combined_moe_oracle,576,1536,18,32,0.7734781901041666,0.983935962065232,0.9927911701517486,0.9983156396708618,0.9917290117801888,0.0011512925493037617,0.0051100203429220725,0.011782062826189313,0.006262008819559659
matrix_free_joint_rank8_int4_per_row_hadamard,pooled_exact_combined_moe_oracle,576,1536,19,32,0.7734781901041666,0.98535513336069,0.9944081976748282,0.9980686476356386,0.9929580420894351,0.001482383540140353,0.004368395288955884,0.008533423624376625,0.0050560707279184575
matrix_free_joint_rank8_int4_per_row_hadamard,pooled_exact_combined_moe_oracle,576,1536,20,32,0.7734781901041666,0.9838644276326917,0.9911823091494175,0.9981570206998868,0.9910767829839713,0.0020041959935808594,0.00515879005906994,0.010655089474171776,0.005715930968192402
matrix_free_joint_rank8_int4_per_row_hadamard,pooled_exact_combined_moe_oracle,576,1536,21,32,0.7734781901041666,0.9934435995117881,0.9970008545655944,0.9986152610160947,0.9962343711607147,0.0022162799290152855,0.008274678849029216,0.013584423438469963,0.008277544847865113
matrix_free_joint_rank8_int4_per_row_hadamard,pooled_exact_combined_moe_oracle,576,1536,22,32,0.7734781901041666,0.9863545462777215,0.992556033284305,0.9968185925696192,0.9916022301567984,0.001243371251080605,0.004863054197910499,0.01015078872313816,0.005220522171118045
matrix_free_joint_rank8_int4_per_row_hadamard,pooled_exact_combined_moe_oracle,576,1536,23,32,0.7734781901041666,0.9834835313583978,0.9928698333504437,0.99822577636694,0.9918289475529212,0.0021047668290037347,0.004869940092298242,0.009491011917335469,0.005458862631937136
matrix_free_joint_rank8_int4_per_row_hadamard,pooled_exact_combined_moe_oracle,576,1536,24,32,0.7734781901041666,0.9914033526380212,0.9949322390245654,0.997760034849157,0.9943670438593285,0.004975313009351623,0.008844379032539429,0.017610045441844004,0.01042402710128745
matrix_free_joint_rank8_int4_per_row_hadamard,pooled_exact_combined_moe_oracle,576,1536,25,32,0.7734781901041666,0.9843308431091365,0.9903849114504968,0.997780539156792,0.9904018324826681,0.0023078874327392197,0.006087066844072009,0.012890212538189371,0.007346333906798216
matrix_free_joint_rank8_int4_per_row_hadamard,pooled_exact_combined_moe_oracle,576,1536,26,32,0.7734781901041666,0.9868480255646137,0.9922007337098848,0.9969726754034433,0.9922824977617332,0.0014017517360157218,0.004661196063847017,0.010457089009069567,0.005633339328637424
matrix_free_joint_rank8_int4_per_row_hadamard,pooled_exact_combined_moe_oracle,576,1536,27,32,0.7734781901041666,0.9886528572509675,0.9932530409975191,0.9969789355414135,0.992814780495888,0.0029320813005369374,0.005040682070299063,0.017189300515718715,0.00817008059939799
matrix_free_joint_rank8_int4_per_row_hadamard,pooled_exact_combined_moe_oracle,576,1536,28,32,0.7734781901041666,0.9869253620732085,0.9930516182209139,0.9969437719902334,0.9923278283910935,0.00337855869035415,0.0074413591087286735,0.01361764797884534,0.007762724188984663
matrix_free_joint_rank8_int4_per_row_hadamard,pooled_exact_combined_moe_oracle,576,1536,29,32,0.7734781901041666,0.9896638157282127,0.9945997869504057,0.997161709777791,0.9940747159281298,0.0018786219289889216,0.004297774298546275,0.01182541625985424,0.005359071916576301
matrix_free_joint_rank8_int4_per_row_hadamard,pooled_exact_combined_moe_oracle,576,1536,30,32,0.7734781901041666,0.9870593684631707,0.9925097882251801,0.9978131789256208,0.9918468982872242,0.001500555961475547,0.004463717556185465,0.007894701775575799,0.004918563535613988
matrix_free_joint_rank8_int4_per_row_hadamard,pooled_exact_combined_moe_oracle,576,1536,31,32,0.7734781901041666,0.991271396896605,0.9946370342561264,0.9968936175380503,0.9941053080101163,0.0018504210789408115,0.004514601901279891,0.00946981326211287,0.005420057033160692
matrix_free_joint_rank8_int4_per_row_hadamard,pooled_exact_combined_moe_oracle,576,1536,32,32,0.7734781901041666,0.9873236150101792,0.9954396729964922,0.9978817335098692,0.9936689649408542,0.0016028877452335943,0.0035977203101514865,0.008445603769641164,0.004387898500576224
matrix_free_joint_rank8_int4_per_row_hadamard,pooled_exact_combined_moe_oracle,576,1536,33,32,0.7734781901041666,0.9936350977730464,0.9969288500135749,0.9988392708113218,0.9962432306822533,0.001425281972578063,0.004121557065789427,0.007694789343340226,0.004588098690829219
matrix_free_joint_rank8_int4_per_row_hadamard,pooled_exact_combined_moe_oracle,576,1536,34,32,0.7734781901041666,0.9901888254054951,0.9952542748760913,0.9971412823388296,0.9946486860679301,0.0015526516366493493,0.0028029934205502927,0.0037924390650553867,0.0027299523338853646
matrix_free_joint_rank8_int4_per_row_hadamard,pooled_exact_combined_moe_oracle,576,1536,35,32,0.7734781901041666,0.980558713286901,0.9926757144951006,0.9969643365334869,0.9912182391518245,0.001515443115122217,0.0032564993831283306,0.005843055347995663,0.0039024446709340355
matrix_free_joint_rank8_int4_per_row_hadamard,pooled_exact_combined_moe_oracle,576,1536,36,32,0.7734781901041666,0.9901017301808147,0.9931755980980178,0.9977316845911358,0.9932099143609674,0.0016703080778065593,0.0030063839380070068,0.008489937660875593,0.004163220342902299
matrix_free_joint_rank8_int4_per_row_hadamard,pooled_exact_combined_moe_oracle,576,1536,37,32,0.7734781901041666,0.9880723080271941,0.9930435908693043,0.9975737442252736,0.9928134670397981,0.001527289072266791,0.0028192763388246167,0.00490194269036064,0.00318243358842369
matrix_free_joint_rank8_int4_per_row_hadamard,pooled_exact_combined_moe_oracle,576,1536,38,32,0.7734781901041666,0.9938137243721815,0.9970260648757492,0.9988338050461866,0.9966995200084183,0.0015003919922727759,0.0038460330873087423,0.00830707091127292,0.004086818076420057
matrix_free_joint_rank8_int4_per_row_hadamard,pooled_exact_combined_moe_oracle,576,1536,39,32,0.7734781901041666,0.9900124373836673,0.9963294842815953,0.9990033139483222,0.9947317898751442,0.0004241595529741127,0.001534459557389567,0.005821016293254777,0.0023845230403183974
matrix_free_joint_rank8_int4_per_row_hadamard,pooled_exact_combined_moe_oracle,749,1536,0,32,0.9987386067708334,0.999907085787459,0.9999941254663456,0.9999982256704465,0.9999651292887722,1.649430827089793e-05,0.00010951323449875927,0.0006603983110758829,0.00024517498325824297
matrix_free_joint_rank8_int4_per_row_hadamard,pooled_exact_combined_moe_oracle,749,1536,1,32,0.9987386067708334,0.9971942706142505,0.9986084930362349,0.9995851869870299,0.9983497261046756,0.0005048892436022356,0.001244845393576055,0.0034912225301643083,0.0015701933242819877
matrix_free_joint_rank8_int4_per_row_hadamard,pooled_exact_combined_moe_oracle,749,1536,2,32,0.9987386067708334,0.9971405295806752,0.998606526380529,0.9995607328710784,0.9984076051421559,0.001022425606744981,0.0026943417010292237,0.00466590900408247,0.0027891847771989962
matrix_free_joint_rank8_int4_per_row_hadamard,pooled_exact_combined_moe_oracle,749,1536,3,32,0.9987386067708334,0.9952669877975548,0.9979521679072447,0.9992122078207685,0.9974920934890561,0.0013855516571945393,0.0025739251693735477,0.005227559864409904,0.002937088046289695
matrix_free_joint_rank8_int4_per_row_hadamard,pooled_exact_combined_moe_oracle,749,1536,4,32,0.9987386067708334,0.9964064533994037,0.998263584287006,0.9993594948056571,0.9980566830551618,0.0010953463505139372,0.0024324886081961705,0.004847192900706044,0.002717894689407103
matrix_free_joint_rank8_int4_per_row_hadamard,pooled_exact_combined_moe_oracle,749,1536,5,32,0.9987386067708334,0.9958786067243285,0.9974966452653482,0.9994094792812762,0.9973533285594731,0.0014122802208788253,0.0023115160447115257,0.004043563703717879,0.002476748095737103
matrix_free_joint_rank8_int4_per_row_hadamard,pooled_exact_combined_moe_oracle,749,1536,6,32,0.9987386067708334,0.9973755286193993,0.9985981498924941,0.9995469339131828,0.9982076619162723,0.0005393984448407775,0.002456941463664264,0.005054124792697403,0.002682482904801841
matrix_free_joint_rank8_int4_per_row_hadamard,pooled_exact_combined_moe_oracle,749,1536,7,32,0.9987386067708334,0.99515930962175,0.9972674882748036,0.9988043891850328,0.9970257862704166,0.0005754431042930719,0.0016365778269499254,0.005175771614757953,0.0021653494012282386
matrix_free_joint_rank8_int4_per_row_hadamard,pooled_exact_combined_moe_oracle,749,1536,8,32,0.9987386067708334,0.995174817873802,0.9974622066388746,0.9987195836196775,0.9971784058349477,0.0011938882939998342,0.0022799215845938914,0.004767724907958304,0.002920565198968477
matrix_free_joint_rank8_int4_per_row_hadamard,pooled_exact_combined_moe_oracle,749,1536,9,32,0.9987386067708334,0.9964807823513773,0.9980609744116926,0.9989131034597317,0.9977336030366548,0.0012377488805338844,0.0022450317263423836,0.004161100818987251,0.0026014598592014673
matrix_free_joint_rank8_int4_per_row_hadamard,pooled_exact_combined_moe_oracle,749,1536,10,32,0.9987386067708334,0.995528010493097,0.9977430617029708,0.9997274836770471,0.9975638647669602,0.00034422161451976854,0.0022102937514384413,0.005148978179216546,0.0023737523268358603
matrix_free_joint_rank8_int4_per_row_hadamard,pooled_exact_combined_moe_oracle,749,1536,11,32,0.9987386067708334,0.9954571333127175,0.9978703196540064,0.9990384979468651,0.9974792468438995,0.0009724421847291165,0.0019492084469301951,0.004950758923442811,0.002457488773183268
matrix_free_joint_rank8_int4_per_row_hadamard,pooled_exact_combined_moe_oracle,749,1536,12,32,0.9987386067708334,0.9957534262357757,0.9980632818047659,0.9990985731021979,0.9977139488843512,0.0005618717084831193,0.002689459796227922,0.0054484116290576265,0.0028121391107009674
matrix_free_joint_rank8_int4_per_row_hadamard,pooled_exact_combined_moe_oracle,749,1536,13,32,0.9987386067708334,0.9957549159512936,0.9973972503868302,0.9992101169882324,0.9973717212769275,0.000980887813405873,0.0020662720996597606,0.0049061642031718485,0.0026911833419318854
matrix_free_joint_rank8_int4_per_row_hadamard,pooled_exact_combined_moe_oracle,749,1536,14,32,0.9987386067708334,0.9946331522088513,0.996907339254522,0.9988773317601037,0.996837050971126,0.0004335676222030904,0.0013091771464380786,0.002728230107844943,0.0014730485115067686
matrix_free_joint_rank8_int4_per_row_hadamard,pooled_exact_combined_moe_oracle,749,1536,15,32,0.9987386067708334,0.993977093931271,0.9963472743822726,0.9990851773639201,0.996424142274571,0.000447586170075609,0.002004256091495127,0.005197375675470784,0.002474068977680745
matrix_free_joint_rank8_int4_per_row_hadamard,pooled_exact_combined_moe_oracle,749,1536,16,32,0.9987386067708334,0.995909840542984,0.9976530138366757,0.999558166639901,0.9976680811772631,0.0011566755034995158,0.0025809491065573176,0.004699628868554196,0.0028309217852006546
matrix_free_joint_rank8_int4_per_row_hadamard,pooled_exact_combined_moe_oracle,749,1536,17,32,0.9987386067708334,0.99505157663364,0.9967320329341254,0.9988895571454676,0.9969051459886926,0.0010048387956541282,0.002936633926116039,0.005881594461473516,0.003238646731496205
matrix_free_joint_rank8_int4_per_row_hadamard,pooled_exact_combined_moe_oracle,749,1536,18,32,0.9987386067708334,0.9941987073957103,0.9974206821108111,0.9993990480426506,0.9969253475211384,0.0005782979150141809,0.001771947681754038,0.004545827078498899,0.002394265415420097
matrix_free_joint_rank8_int4_per_row_hadamard,pooled_exact_combined_moe_oracle,749,1536,19,32,0.9987386067708334,0.9943573928630292,0.997943551620132,0.9992905081560757,0.9973764690421161,0.000595459381542085,0.0015905706010868603,0.00345990513532648,0.0019334996812448227
matrix_free_joint_rank8_int4_per_row_hadamard,pooled_exact_combined_moe_oracle,749,1536,20,32,0.9987386067708334,0.9941122910505127,0.9968156836288116,0.9992872189940228,0.9967536190456425,0.0008470103081943958,0.0018833470163878707,0.004035968501182441,0.002128018467891145
matrix_free_joint_rank8_int4_per_row_hadamard,pooled_exact_combined_moe_oracle,749,1536,21,32,0.9987386067708334,0.9976965851467504,0.9989233309415011,0.9995044591807523,0.9986690391884018,0.0008468354400416378,0.003019075530206916,0.004914904142697818,0.0031901994540311923
matrix_free_joint_rank8_int4_per_row_hadamard,pooled_exact_combined_moe_oracle,749,1536,22,32,0.9987386067708334,0.9949911471814636,0.9971832511529977,0.9988967355737257,0.9968665787441654,0.0005561692348695857,0.001958215784687467,0.003777623486726778,0.0019528608542463202
matrix_free_joint_rank8_int4_per_row_hadamard,pooled_exact_combined_moe_oracle,749,1536,23,32,0.9987386067708334,0.993589698575648,0.9973131570594014,0.999343670523014,0.996953034395027,0.0007004131894352118,0.00171174773644589,0.003285486203804211,0.0019996406651799255
matrix_free_joint_rank8_int4_per_row_hadamard,pooled_exact_combined_moe_oracle,749,1536,24,32,0.9987386067708334,0.9968455914035218,0.9982088872431689,0.9991100297065869,0.997967111705884,0.0017300094967390377,0.0032393273089691976,0.007128262658250585,0.003962889181039184
matrix_free_joint_rank8_int4_per_row_hadamard,pooled_exact_combined_moe_oracle,749,1536,25,32,0.9987386067708334,0.994385237796666,0.9965687016201241,0.9991365672709149,0.9965168338214966,0.0008343801207276625,0.0026321825294207124,0.005402946441026259,0.0028637257065927957
matrix_free_joint_rank8_int4_per_row_hadamard,pooled_exact_combined_moe_oracle,749,1536,26,32,0.9987386067708334,0.9948182028436091,0.9971142869150257,0.9988418954984603,0.9971317354720779,0.0006182946069416051,0.001526717037769021,0.004483362351348886,0.002227522647695185
matrix_free_joint_rank8_int4_per_row_hadamard,pooled_exact_combined_moe_oracle,749,1536,27,32,0.9987386067708334,0.9956924417786212,0.9973581075913114,0.9988509195140272,0.9973664872509528,0.0006939575003440447,0.001946274006018489,0.006324365130484935,0.0030013107947962636
matrix_free_joint_rank8_int4_per_row_hadamard,pooled_exact_combined_moe_oracle,749,1536,28,32,0.9987386067708334,0.9951112662544374,0.997404540925938,0.9988507256967609,0.9972269149291384,0.001216743095886319,0.002867181960025722,0.004809723205919081,0.003048873752217702
matrix_free_joint_rank8_int4_per_row_hadamard,pooled_exact_combined_moe_oracle,749,1536,29,32,0.9987386067708334,0.9963283261776257,0.9979280373691461,0.9989196232917652,0.9978267329821933,0.0005967698957307754,0.0016429014803142628,0.003987782573144906,0.0018744073144336647
matrix_free_joint_rank8_int4_per_row_hadamard,pooled_exact_combined_moe_oracle,749,1536,30,32,0.9987386067708334,0.9952115883099266,0.9972264403362615,0.999170473700686,0.9970195524398496,0.0006379905742528557,0.001875953704384703,0.0030852069971613826,0.0019383570693053027
matrix_free_joint_rank8_int4_per_row_hadamard,pooled_exact_combined_moe_oracle,749,1536,31,32,0.9987386067708334,0.9968908343548196,0.9980842072537335,0.9989057951200159,0.997889993864191,0.0006695112701230576,0.0018355904981422477,0.003897231439899363,0.0021104191588032575
matrix_free_joint_rank8_int4_per_row_hadamard,pooled_exact_combined_moe_oracle,749,1536,32,32,0.9987386067708334,0.995126482983999,0.9984252025325091,0.9991889194642891,0.99767051643488,0.00069012428767955,0.0014496864808142274,0.0031881833563238045,0.0016868596705328226
matrix_free_joint_rank8_int4_per_row_hadamard,pooled_exact_combined_moe_oracle,749,1536,33,32,0.9987386067708334,0.9976286800493194,0.9988953230159063,0.9995640984262282,0.9986265190313535,0.0005268626260008568,0.0016646758480569068,0.0029965304096777673,0.0016652054915721817
matrix_free_joint_rank8_int4_per_row_hadamard,pooled_exact_combined_moe_oracle,749,1536,34,32,0.9987386067708334,0.9964665944838323,0.9982830978980535,0.9989454465776835,0.9980395846604119,0.0005724880674493948,0.0010477079298872316,0.001571836627333745,0.001068797698909444
matrix_free_joint_rank8_int4_per_row_hadamard,pooled_exact_combined_moe_oracle,749,1536,35,32,0.9987386067708334,0.9932016671137358,0.9973140237969933,0.998883163881145,0.9968289251161253,0.0007269413468801167,0.0012463392996052147,0.002318878469028163,0.0015203803106246735
matrix_free_joint_rank8_int4_per_row_hadamard,pooled_exact_combined_moe_oracle,749,1536,36,32,0.9987386067708334,0.9963681562530528,0.997485291695703,0.9991581356504142,0.9975010618841353,0.0007449630478086999,0.0012036679006595663,0.0030139742510972628,0.001625498967524442
matrix_free_joint_rank8_int4_per_row_hadamard,pooled_exact_combined_moe_oracle,749,1536,37,32,0.9987386067708334,0.9956116359649478,0.9973633480955584,0.9991703376165284,0.9973753107664098,0.0005080272283532028,0.0011329681384676937,0.0021249131245817286,0.0012011737566457147
matrix_free_joint_rank8_int4_per_row_hadamard,pooled_exact_combined_moe_oracle,749,1536,38,32,0.9987386067708334,0.9978078674889697,0.9989436976060022,0.9995480590439143,0.9987841942239182,0.0005748041162382922,0.0014266799250465811,0.0031936476165883927,0.0015810408811108706
matrix_free_joint_rank8_int4_per_row_hadamard,pooled_exact_combined_moe_oracle,749,1536,39,32,0.9987386067708334,0.9964350756754684,0.9986622955143489,0.9996453735065479,0.9981284149487549,0.00015014986593142599,0.0005631117036896116,0.002232758399085312,0.0008486219572456585
matrix_free_joint_rank8_int4_per_row_hadamard,pooled_exact_combined_moe_oracle,768,1536,0,32,1.0234781901041667,0.9999297633413664,0.9999959543085045,0.9999989520288237,0.9999738325492008,1.3007320380498121e-05,9.159914844542039e-05,0.0005519076944033533,0.00020570533770793153
matrix_free_joint_rank8_int4_per_row_hadamard,pooled_exact_combined_moe_oracle,768,1536,1,32,1.0234781901041667,0.9974653576903408,0.9987933479612876,0.9996323060501415,0.9985325865787145,0.00041362193030296534,0.0011475977456291697,0.0027392454507560123,0.001387498894386413
matrix_free_joint_rank8_int4_per_row_hadamard,pooled_exact_combined_moe_oracle,768,1536,2,32,1.0234781901041667,0.9974403433681669,0.9987678304884179,0.9996109778918448,0.998587345457703,0.0008730409023870566,0.0024262027598923597,0.00419519890650264,0.0024651187398858805
matrix_free_joint_rank8_int4_per_row_hadamard,pooled_exact_combined_moe_oracle,768,1536,3,32,1.0234781901041667,0.995700823755577,0.9981945873444802,0.9992865176737276,0.9977690987013916,0.0012255402669386628,0.002328394001074985,0.004424467196667526,0.002597274071274417
matrix_free_joint_rank8_int4_per_row_hadamard,pooled_exact_combined_moe_oracle,768,1536,4,32,1.0234781901041667,0.9967694269315002,0.9984575575497485,0.999431290863115,0.9982618891711603,0.0009996229976089398,0.002124086496920863,0.004097114386042834,0.0023948433354582035
matrix_free_joint_rank8_int4_per_row_hadamard,pooled_exact_combined_moe_oracle,768,1536,5,32,1.0234781901041667,0.9963161790598217,0.9977459846475367,0.999469679603713,0.9976352354276987,0.0013374644999729957,0.002025005199648433,0.003597740307482934,0.002222148096845171
matrix_free_joint_rank8_int4_per_row_hadamard,pooled_exact_combined_moe_oracle,768,1536,6,32,1.0234781901041667,0.9975790567637695,0.9987671185962335,0.9995925180200674,0.9984022942603068,0.000468804271847334,0.0021821388524239094,0.004658119137554198,0.0024155089569486074
matrix_free_joint_rank8_int4_per_row_hadamard,pooled_exact_combined_moe_oracle,768,1536,7,32,1.0234781901041667,0.9957471192939836,0.9975434461851749,0.9989598907110243,0.9973640145308164,0.0005378582201110871,0.001527149804168515,0.004482296668528241,0.0019567846255688776
matrix_free_joint_rank8_int4_per_row_hadamard,pooled_exact_combined_moe_oracle,768,1536,8,32,1.0234781901041667,0.9957096644078927,0.9977372496901833,0.9988637744037399,0.9974901370811509,0.001034635033982978,0.0020952794147908183,0.0041441780070688335,0.0026658036065418424
matrix_free_joint_rank8_int4_per_row_hadamard,pooled_exact_combined_moe_oracle,768,1536,9,32,1.0234781901041667,0.9968072528106496,0.9982947966224187,0.9990293728633282,0.997974784578678,0.0011072896514924603,0.0020872363394298654,0.0034576561973509333,0.0023052926723302163
matrix_free_joint_rank8_int4_per_row_hadamard,pooled_exact_combined_moe_oracle,768,1536,10,32,1.0234781901041667,0.9960885178043701,0.9979857700490335,0.9997541613809113,0.9978412952836234,0.00020245960534067688,0.0019482436413799653,0.004681352603408184,0.002087965123239534
matrix_free_joint_rank8_int4_per_row_hadamard,pooled_exact_combined_moe_oracle,768,1536,11,32,1.0234781901041667,0.9959418788384798,0.9980978079931169,0.9991549084761576,0.9977489212696227,0.0008170298766825401,0.001615465403174754,0.004357833911315301,0.0021801401995936442
matrix_free_joint_rank8_int4_per_row_hadamard,pooled_exact_combined_moe_oracle,768,1536,12,32,1.0234781901041667,0.9962588808183768,0.9982881944014669,0.9992038479552102,0.9979702138400536,0.0005228138558422524,0.0024002388664883245,0.0047641675575036966,0.0025202013508294867
matrix_free_joint_rank8_int4_per_row_hadamard,pooled_exact_combined_moe_oracle,768,1536,13,32,1.0234781901041667,0.9961941914382766,0.9976972072178201,0.999306202210023,0.9976721095819905,0.0007869177086661683,0.001892969023979063,0.004534971215217398,0.00241232724060695
matrix_free_joint_rank8_int4_per_row_hadamard,pooled_exact_combined_moe_oracle,768,1536,14,32,1.0234781901041667,0.995166254486652,0.997254546056651,0.9989938854478057,0.9971874993331942,0.00042409563177920885,0.0011405579090676965,0.002235463096050783,0.0013028764321578977
matrix_free_joint_rank8_int4_per_row_hadamard,pooled_exact_combined_moe_oracle,768,1536,15,32,1.0234781901041667,0.9945620867183095,0.9967522905045472,0.9991914842963145,0.9968286421156913,0.00047172357801916753,0.0018604233253077807,0.004585986345794169,0.0022371684566107226
matrix_free_joint_rank8_int4_per_row_hadamard,pooled_exact_combined_moe_oracle,768,1536,16,32,1.0234781901041667,0.9963701942194867,0.9979683893469045,0.9996100399586076,0.9979254412704106,0.0009741964793583691,0.0023609960196747104,0.004055639361155061,0.0025491501246192906
matrix_free_joint_rank8_int4_per_row_hadamard,pooled_exact_combined_moe_oracle,768,1536,17,32,1.0234781901041667,0.9956596850923142,0.9970904084708982,0.9990010426318677,0.9972554670245464,0.0009322755029922747,0.002690938894695627,0.00524801509218672,0.0029181715211526044
matrix_free_joint_rank8_int4_per_row_hadamard,pooled_exact_combined_moe_oracle,768,1536,18,32,1.0234781901041667,0.9948055451359898,0.997778304868252,0.9994739263204806,0.9972681616870929,0.0004248732037798519,0.0016707696076581624,0.003966015039958792,0.0021337988968832024
matrix_free_joint_rank8_int4_per_row_hadamard,pooled_exact_combined_moe_oracle,768,1536,19,32,1.0234781901041667,0.994951132054162,0.9981495762079458,0.9993585582242072,0.9976670434015974,0.0004904243615203141,0.0014884820363540996,0.0031444193771743684,0.0017538836856068642
matrix_free_joint_rank8_int4_per_row_hadamard,pooled_exact_combined_moe_oracle,768,1536,20,32,1.0234781901041667,0.9948738098644007,0.9971382926594083,0.9993764343012934,0.9971029596848954,0.0007441161384597828,0.00166435713270624,0.0033778559429092584,0.0018341929689882422
matrix_free_joint_rank8_int4_per_row_hadamard,pooled_exact_combined_moe_oracle,768,1536,21,32,1.0234781901041667,0.9979241818615417,0.9990308728056954,0.999574742914686,0.9988260815031303,0.0007080716156366518,0.0027548886012572216,0.004374294160868842,0.0028599702104277064
matrix_free_joint_rank8_int4_per_row_hadamard,pooled_exact_combined_moe_oracle,768,1536,22,32,1.0234781901041667,0.995546943731123,0.9975008358775632,0.9990000955755667,0.997224554838829,0.00048524086736476677,0.0017008319359868018,0.0031605386817300414,0.001722922714738579
matrix_free_joint_rank8_int4_per_row_hadamard,pooled_exact_combined_moe_oracle,768,1536,23,32,1.0234781901041667,0.9942790050536074,0.9975928482970903,0.9994139141649502,0.9972856233835601,0.000600446662216525,0.001668045520973438,0.0028858618715205567,0.0018007428457282593
matrix_free_joint_rank8_int4_per_row_hadamard,pooled_exact_combined_moe_oracle,768,1536,24,32,1.0234781901041667,0.9972059405882635,0.9984060559028501,0.9992035392853914,0.9981975722640516,0.0014309416698244704,0.002801070363478597,0.0061454694037250904,0.003478159897011373
matrix_free_joint_rank8_int4_per_row_hadamard,pooled_exact_combined_moe_oracle,768,1536,25,32,1.0234781901041667,0.9950435802435211,0.9969124397041014,0.9992499140285732,0.9969060477112676,0.0007354357321019411,0.002356201004447611,0.004866503905585607,0.002633610614667062
matrix_free_joint_rank8_int4_per_row_hadamard,pooled_exact_combined_moe_oracle,768,1536,26,32,1.0234781901041667,0.9953634279561482,0.9974178430654628,0.998985465812694,0.9974277473775778,0.0004957811043443505,0.0014688342365173912,0.00411655267305563,0.0019213336296982422
matrix_free_joint_rank8_int4_per_row_hadamard,pooled_exact_combined_moe_oracle,768,1536,27,32,1.0234781901041667,0.996146215549517,0.9976402990006871,0.9990039854584037,0.9976730640360841,0.0006558592177213773,0.001673825781226268,0.005409233472161957,0.0026821508529371145
matrix_free_joint_rank8_int4_per_row_hadamard,pooled_exact_combined_moe_oracle,768,1536,28,32,1.0234781901041667,0.9956907478601856,0.9977048180245599,0.999011241049699,0.9975368760733461,0.0009927400791273412,0.0024565731453423667,0.0042471964845431035,0.002630494647017964
matrix_free_joint_rank8_int4_per_row_hadamard,pooled_exact_combined_moe_oracle,768,1536,29,32,1.0234781901041667,0.9967515343174095,0.998156559104592,0.9990455744608231,0.9980695646265029,0.0005095176295126014,0.0014860000845802745,0.0033965267222462853,0.0016918445411579983
matrix_free_joint_rank8_int4_per_row_hadamard,pooled_exact_combined_moe_oracle,768,1536,30,32,1.0234781901041667,0.9957228850869461,0.9975419208793288,0.9992532625021961,0.9973505778415623,0.00055422815859969,0.001660898995873794,0.0028717645629394834,0.0017325809293920018
matrix_free_joint_rank8_int4_per_row_hadamard,pooled_exact_combined_moe_oracle,768,1536,31,32,1.0234781901041667,0.9972516406639486,0.9983006119301114,0.9990451777283906,0.9981165800917275,0.0006137557831380813,0.0015230579298610158,0.003678427520729745,0.001870930489845414
matrix_free_joint_rank8_int4_per_row_hadamard,pooled_exact_combined_moe_oracle,768,1536,32,32,1.0234781901041667,0.9956326941840223,0.9986233786345897,0.999281751458704,0.9979363947868913,0.0005552266642396053,0.0012489947794241396,0.0028883566563752024,0.0014643794764599392
matrix_free_joint_rank8_int4_per_row_hadamard,pooled_exact_combined_moe_oracle,768,1536,33,32,1.0234781901041667,0.9978872670633059,0.9990311162816985,0.9996256982552351,0.9987874238094963,0.0004531856637680964,0.001589860296342338,0.002715783595470712,0.001492986093927548
matrix_free_joint_rank8_int4_per_row_hadamard,pooled_exact_combined_moe_oracle,768,1536,34,32,1.0234781901041667,0.9968750696748887,0.9984851940915276,0.9990610997118313,0.998250318842484,0.0004421723829201918,0.0009088824196280543,0.001279431967817202,0.0008838234998618313
matrix_free_joint_rank8_int4_per_row_hadamard,pooled_exact_combined_moe_oracle,768,1536,35,32,1.0234781901041667,0.9940006506368229,0.9976341823288511,0.9990062742379486,0.9971876425675619,0.000649445833324458,0.0011467495778229586,0.0021856046680071464,0.0013248178838513418
matrix_free_joint_rank8_int4_per_row_hadamard,pooled_exact_combined_moe_oracle,768,1536,36,32,1.0234781901041667,0.9967455088336572,0.9977573805830839,0.9992455028311193,0.997778313936478,0.0006949478030491951,0.0010190010481688772,0.0028111768354962987,0.0014412505851440424
matrix_free_joint_rank8_int4_per_row_hadamard,pooled_exact_combined_moe_oracle,768,1536,37,32,1.0234781901041667,0.9960582388530681,0.9976684060735853,0.9992739142749707,0.9976682649362865,0.00045079941958665605,0.0008815182304863223,0.0017987964127682446,0.0010529696255333724
matrix_free_joint_rank8_int4_per_row_hadamard,pooled_exact_combined_moe_oracle,768,1536,38,32,1.0234781901041667,0.9980273897542398,0.9990701894864321,0.9995971552129956,0.9989224125143452,0.0004911841364272807,0.001260207767892152,0.0026462426408935154,0.0013886744811399503
matrix_free_joint_rank8_int4_per_row_hadamard,pooled_exact_combined_moe_oracle,768,1536,39,32,1.0234781901041667,0.9968561335746652,0.9987988718293359,0.9996831255820308,0.9983403759098642,0.00012815672451939043,0.0005486668829817742,0.0020555163982645575,0.0007948246865843583
matrix_free_joint_rank8_int4_per_row_hadamard,pooled_router_square_column_generated,384,768,0,32,0.5234781901041666,0.9955212706164468,0.9985584905570327,0.9996415957188575,0.9976182152936737,0.0004412569931561028,0.002053239240501714,0.0070401201082560885,0.003138608803207713
matrix_free_joint_rank8_int4_per_row_hadamard,pooled_router_square_column_generated,384,768,1,32,0.5234781901041666,0.9774649903898843,0.9882297802178914,0.9965011636382437,0.9872076981262604,0.0028267419526807115,0.008042851942984708,0.0192044511655063,0.010262373419284251
matrix_free_joint_rank8_int4_per_row_hadamard,pooled_router_square_column_generated,384,768,2,32,0.5234781901041666,0.9790580398250245,0.9887632829180328,0.9938294508804675,0.9871028294485737,0.00679118063128824,0.018511000890709284,0.03354898460676058,0.019564687770196577
matrix_free_joint_rank8_int4_per_row_hadamard,pooled_router_square_column_generated,384,768,3,32,0.5234781901041666,0.9666241841586191,0.9851180481823079,0.993374667808544,0.9810273215321791,0.007820655723600934,0.017448449626320806,0.03273423433283614,0.019112125314982346
matrix_free_joint_rank8_int4_per_row_hadamard,pooled_router_square_column_generated,384,768,4,32,0.5234781901041666,0.9746921493513798,0.985851757187991,0.9945999213193296,0.9847978677336469,0.007067448591813841,0.01638430348381975,0.03225898839641559,0.018482518500050834
matrix_free_joint_rank8_int4_per_row_hadamard,pooled_router_square_column_generated,384,768,5,32,0.5234781901041666,0.9686590786831761,0.9809426122966141,0.9943121523519309,0.9806050071143069,0.009221880276991256,0.014444018634854838,0.025848373726670218,0.016307740387354046
matrix_free_joint_rank8_int4_per_row_hadamard,pooled_router_square_column_generated,384,768,6,32,0.5234781901041666,0.9790276583898856,0.9890201182682941,0.9957323146625496,0.9858637880019872,0.0039865956230747185,0.013890135926517833,0.033543903979141844,0.017301704914088705
matrix_free_joint_rank8_int4_per_row_hadamard,pooled_router_square_column_generated,384,768,7,32,0.5234781901041666,0.9673583314759719,0.979952282850211,0.9898571479475912,0.977886873777942,0.0043373615796093,0.012102972180295268,0.03250559633313246,0.015490609590427858
matrix_free_joint_rank8_int4_per_row_hadamard,pooled_router_square_column_generated,384,768,8,32,0.5234781901041666,0.9645071587414332,0.9814439896982998,0.9895551162447341,0.9785504674591179,0.009196669266524982,0.016767557768567642,0.036027156799439956,0.02099007182824267
matrix_free_joint_rank8_int4_per_row_hadamard,pooled_router_square_column_generated,384,768,9,32,0.5234781901041666,0.9725770667434787,0.9852299116340169,0.9911290519778667,0.9823498505778715,0.009847111856377854,0.015503263571054804,0.026452474137595973,0.01843482376782958
matrix_free_joint_rank8_int4_per_row_hadamard,pooled_router_square_column_generated,384,768,10,32,0.5234781901041666,0.969814362530832,0.9819101312312147,0.9940620481854296,0.9814594890800581,0.0020189533179019283,0.015341796578969169,0.03335822457759737,0.015731804742414944
matrix_free_joint_rank8_int4_per_row_hadamard,pooled_router_square_column_generated,384,768,11,32,0.5234781901041666,0.9667521589981373,0.9848307320410921,0.9921062492053707,0.9807357612863251,0.006341549277701908,0.013694401903651343,0.03087423508439456,0.01627656673447253
matrix_free_joint_rank8_int4_per_row_hadamard,pooled_router_square_column_generated,384,768,12,32,0.5234781901041666,0.9701139873976902,0.9848661758809488,0.9931336141536452,0.9822941411453348,0.00548386560690004,0.02021930406361966,0.035409792199527015,0.019557132879837968
matrix_free_joint_rank8_int4_per_row_hadamard,pooled_router_square_column_generated,384,768,13,32,0.5234781901041666,0.9669022417656614,0.9799973053119819,0.9938625944100636,0.9798407313766717,0.0051614114215486565,0.015777351453379718,0.03019207840971503,0.018101265306385252
matrix_free_joint_rank8_int4_per_row_hadamard,pooled_router_square_column_generated,384,768,14,32,0.5234781901041666,0.9596577753613961,0.9781644203346923,0.9913015661628779,0.9765171974224458,0.00333414962480596,0.008241533993561534,0.01671376705044281,0.009878423813763432
matrix_free_joint_rank8_int4_per_row_hadamard,pooled_router_square_column_generated,384,768,15,32,0.5234781901041666,0.9526611127222995,0.9736755493298062,0.9924187166299338,0.9736335241431173,0.0022719352993425534,0.013908150404609687,0.03242699446271777,0.016756042573209586
matrix_free_joint_rank8_int4_per_row_hadamard,pooled_router_square_column_generated,384,768,16,32,0.5234781901041666,0.9724163382100448,0.9822623645031344,0.9961406407673609,0.9824277523104483,0.007879927922803565,0.018482548632584195,0.029221893074785045,0.019673082622649173
matrix_free_joint_rank8_int4_per_row_hadamard,pooled_router_square_column_generated,384,768,17,32,0.5234781901041666,0.9625799876898504,0.9756896303745777,0.9915653930200066,0.9762392629212449,0.0070424010423147275,0.021162684850133395,0.04293785251786997,0.02310640095908783
matrix_free_joint_rank8_int4_per_row_hadamard,pooled_router_square_column_generated,384,768,18,32,0.5234781901041666,0.9558207888775101,0.9802308805093558,0.9953276202615509,0.9770230163426012,0.0038625003698419145,0.01261333276071025,0.02865422087888683,0.015467078057892162
matrix_free_joint_rank8_int4_per_row_hadamard,pooled_router_square_column_generated,384,768,19,32,0.5234781901041666,0.9621340670555208,0.984581809740567,0.9947597379449583,0.9809720228184918,0.0043311907481004665,0.011835347110778383,0.02170826365068528,0.012867865858350196
matrix_free_joint_rank8_int4_per_row_hadamard,pooled_router_square_column_generated,384,768,20,32,0.5234781901041666,0.9563955171018602,0.9764770144651983,0.993890022362867,0.9757230921083588,0.006151154124659464,0.013052760472982095,0.028880248173004986,0.01463920473875328
matrix_free_joint_rank8_int4_per_row_hadamard,pooled_router_square_column_generated,384,768,21,32,0.5234781901041666,0.9813385994154635,0.9901173149128606,0.9953836085780673,0.9886142586118187,0.007171648054254953,0.020952233030273937,0.03222526192932012,0.020923054279523602
matrix_free_joint_rank8_int4_per_row_hadamard,pooled_router_square_column_generated,384,768,22,32,0.5234781901041666,0.9618798805065393,0.9793533761545143,0.9916541421053833,0.977052497933407,0.0030649668375059558,0.012410694936353606,0.028244478443154825,0.013786855506698052
matrix_free_joint_rank8_int4_per_row_hadamard,pooled_router_square_column_generated,384,768,23,32,0.5234781901041666,0.9555602481960211,0.981353436747372,0.9948788035568062,0.9776522485355571,0.005883736484659563,0.011870155895161827,0.026460273575927687,0.014762851436021185
matrix_free_joint_rank8_int4_per_row_hadamard,pooled_router_square_column_generated,384,768,24,32,0.5234781901041666,0.9753232456287664,0.9852973186159952,0.9924104278616485,0.9832550638822817,0.013618413014059782,0.022603451872825864,0.04725132248594511,0.027143555788694596
matrix_free_joint_rank8_int4_per_row_hadamard,pooled_router_square_column_generated,384,768,25,32,0.5234781901041666,0.9580823171242353,0.9744061317817816,0.9931069307144754,0.9737374847890439,0.006958985733791545,0.015549495172453687,0.03486323688670179,0.01884810463658241
matrix_free_joint_rank8_int4_per_row_hadamard,pooled_router_square_column_generated,384,768,26,32,0.5234781901041666,0.9651733463522879,0.9787767102174258,0.9915130134217243,0.9783870717566918,0.0040703703535288184,0.010908553439488322,0.02508253357393585,0.014239110522004151
matrix_free_joint_rank8_int4_per_row_hadamard,pooled_router_square_column_generated,384,768,27,32,0.5234781901041666,0.9687750513091373,0.9808710093870792,0.9913799405694877,0.9795566254958341,0.0056571145885776055,0.013776066605072024,0.03959374989059309,0.020848991148528367
matrix_free_joint_rank8_int4_per_row_hadamard,pooled_router_square_column_generated,384,768,28,32,0.5234781901041666,0.9646810537516914,0.9804158030259436,0.9893308807088511,0.9783602741794059,0.007766180643230536,0.018895335396091173,0.03541647955545732,0.020679012913450322
matrix_free_joint_rank8_int4_per_row_hadamard,pooled_router_square_column_generated,384,768,29,32,0.5234781901041666,0.9720142023704114,0.9845957659052853,0.9921652159775374,0.9835974242205252,0.005344339774984041,0.010929123176079192,0.029585308665663706,0.013977297449225472
matrix_free_joint_rank8_int4_per_row_hadamard,pooled_router_square_column_generated,384,768,30,32,0.5234781901041666,0.9651252754963098,0.9785335782591127,0.993659977727414,0.9778031798747717,0.004703069131773985,0.014240668995156136,0.01995557792792171,0.01341248741303739
matrix_free_joint_rank8_int4_per_row_hadamard,pooled_router_square_column_generated,384,768,31,32,0.5234781901041666,0.975102168402727,0.9843101668622588,0.990941665307217,0.9835501990216051,0.004922845093268624,0.012184326193652617,0.026485886650516616,0.01403874523195887
matrix_free_joint_rank8_int4_per_row_hadamard,pooled_router_square_column_generated,384,768,32,32,0.5234781901041666,0.9658207806203516,0.9876739938521171,0.9940059635570426,0.98279452654993,0.005269109714581399,0.010042506418847408,0.019607066267590113,0.011389907228432292
matrix_free_joint_rank8_int4_per_row_hadamard,pooled_router_square_column_generated,384,768,33,32,0.5234781901041666,0.9826386609507831,0.9912396801140708,0.9969361276563935,0.9892224142770343,0.0034781292395995923,0.010721896770646777,0.019920581860197406,0.011815706615164824
matrix_free_joint_rank8_int4_per_row_hadamard,pooled_router_square_column_generated,384,768,34,32,0.5234781901041666,0.9740412405941324,0.9869596813886812,0.9919910067343387,0.9852255595302062,0.004396208673942204,0.007290468626890145,0.011333385521172613,0.007537985752864469
matrix_free_joint_rank8_int4_per_row_hadamard,pooled_router_square_column_generated,384,768,35,32,0.5234781901041666,0.9469180377213243,0.9807620892380908,0.9919291884499974,0.9765165036752441,0.0035475931574506904,0.008391436885468062,0.016311024372839336,0.010658852048351687
matrix_free_joint_rank8_int4_per_row_hadamard,pooled_router_square_column_generated,384,768,36,32,0.5234781901041666,0.972036036748316,0.9813472692621787,0.9940053284611305,0.9815814007474863,0.003384199320880621,0.008458026775861494,0.024118571256980737,0.010670758876233859
matrix_free_joint_rank8_int4_per_row_hadamard,pooled_router_square_column_generated,384,768,37,32,0.5234781901041666,0.9674104805851652,0.980685844126143,0.9932771679651884,0.9806363218395522,0.003309843962686554,0.007249564542201936,0.0140565953716705,0.008352343052760301
matrix_free_joint_rank8_int4_per_row_hadamard,pooled_router_square_column_generated,384,768,38,32,0.5234781901041666,0.9827794328937336,0.9910218531101467,0.9963602406164634,0.9904818842234289,0.004247419057294766,0.010677620406577715,0.021649573072669015,0.011086023664805142
matrix_free_joint_rank8_int4_per_row_hadamard,pooled_router_square_column_generated,384,768,39,32,0.5234781901041666,0.9700031873025614,0.9898339074829692,0.9972152328605539,0.9853065154597009,0.0011724129789893567,0.004421964830622127,0.014080505400639654,0.006846616287600995
matrix_free_joint_rank8_int4_per_row_hadamard,pooled_router_square_column_generated,384,1152,0,32,0.5234781901041666,0.9955476618403803,0.9985584905570327,0.9996681297285206,0.997637102529995,0.0004412569931561028,0.002053239240501714,0.007041547116253157,0.003157496039529247
matrix_free_joint_rank8_int4_per_row_hadamard,pooled_router_square_column_generated,384,1152,1,32,0.5234781901041666,0.9775410700470887,0.9888101619573078,0.9963891203503189,0.9873069936796572,0.0028267419526807115,0.008112060739152327,0.019320527513389564,0.010361668972681072
matrix_free_joint_rank8_int4_per_row_hadamard,pooled_router_square_column_generated,384,1152,2,32,0.5234781901041666,0.979490982707796,0.9889540286382882,0.9964037347875095,0.9876769968806539,0.007094400107126831,0.018413127027443243,0.03334920412203038,0.02013885520227682
matrix_free_joint_rank8_int4_per_row_hadamard,pooled_router_square_column_generated,384,1152,3,32,0.5234781901041666,0.9666241841586191,0.9850273622530776,0.9940138281110119,0.981551573019129,0.007820655723600934,0.018951299451956893,0.033821284700589545,0.01963637680193225
matrix_free_joint_rank8_int4_per_row_hadamard,pooled_router_square_column_generated,384,1152,4,32,0.5234781901041666,0.9746921493513798,0.9860878451024855,0.9946874460757633,0.9850328148384503,0.007067448591813841,0.016396194792837104,0.03228472755444404,0.018717465604854263
matrix_free_joint_rank8_int4_per_row_hadamard,pooled_router_square_column_generated,384,1152,5,32,0.5234781901041666,0.9686590786831761,0.9813032239039486,0.9954160279658617,0.9808430393876756,0.009508354528627893,0.014726004738849219,0.026408590855162332,0.016545772660722796
matrix_free_joint_rank8_int4_per_row_hadamard,pooled_router_square_column_generated,384,1152,6,32,0.5234781901041666,0.9788670625589274,0.9890667887508056,0.9959188611316275,0.9861980290653359,0.003915205953625944,0.013802876999872926,0.03339982585281212,0.017635945977437416
matrix_free_joint_rank8_int4_per_row_hadamard,pooled_router_square_column_generated,384,1152,7,32,0.5234781901041666,0.9673583314759719,0.9798437025885727,0.9898848813849459,0.9780382624912277,0.0043373615796093,0.012269906816647858,0.03276351601810187,0.015641998303713527
matrix_free_joint_rank8_int4_per_row_hadamard,pooled_router_square_column_generated,384,1152,8,32,0.5234781901041666,0.9652540670367487,0.9814439896982998,0.9903342645289458,0.9789268149395772,0.009196669266524982,0.0168508736897921,0.037085065764640816,0.02136641930870202
matrix_free_joint_rank8_int4_per_row_hadamard,pooled_router_square_column_generated,384,1152,9,32,0.5234781901041666,0.9725770667434787,0.9852571041124455,0.9913432252443908,0.9826546427722944,0.009847111856377854,0.015488773493813168,0.026945810421772277,0.018739615962252574
matrix_free_joint_rank8_int4_per_row_hadamard,pooled_router_square_column_generated,384,1152,10,32,0.5234781901041666,0.969814362530832,0.9821890612345251,0.9976266555303409,0.9818439819473959,0.0020189533179019283,0.015601529621690313,0.035441276905977384,0.01611629760975265
matrix_free_joint_rank8_int4_per_row_hadamard,pooled_router_square_column_generated,384,1152,11,32,0.5234781901041666,0.9674974415711514,0.9846930103464763,0.9925883935051071,0.9808604391578726,0.006341549277701908,0.013783861963590938,0.0317066160174848,0.01640124460601997
matrix_free_joint_rank8_int4_per_row_hadamard,pooled_router_square_column_generated,384,1152,12,32,0.5234781901041666,0.9701399680387055,0.9849157572936447,0.9931974039381245,0.982633312684976,0.00548386560690004,0.020820874194392158,0.03575430100652405,0.019896304419479278
matrix_free_joint_rank8_int4_per_row_hadamard,pooled_router_square_column_generated,384,1152,13,32,0.5234781901041666,0.9676699143909978,0.9804547568231567,0.9939318225895658,0.9800772977505463,0.0051614114215486565,0.015777351453379718,0.03019186719227325,0.018337831680259948
matrix_free_joint_rank8_int4_per_row_hadamard,pooled_router_square_column_generated,384,1152,14,32,0.5234781901041666,0.9596577753613961,0.9781644203346923,0.9913015661628779,0.9766339337741123,0.00333414962480596,0.008241533993561534,0.01701090792858877,0.00999516016542996
matrix_free_joint_rank8_int4_per_row_hadamard,pooled_router_square_column_generated,384,1152,15,32,0.5234781901041666,0.9526611127222995,0.9736755493298062,0.9926339681813868,0.9738244028119678,0.0022719352993425534,0.013908150404609687,0.03327784640833407,0.016946921242060042
matrix_free_joint_rank8_int4_per_row_hadamard,pooled_router_square_column_generated,384,1152,16,32,0.5234781901041666,0.9724163382100448,0.982924736224487,0.9965054605202592,0.982813828627666,0.007894242306877918,0.018973862792240836,0.03013875599870348,0.020059158939866848
matrix_free_joint_rank8_int4_per_row_hadamard,pooled_router_square_column_generated,384,1152,17,32,0.5234781901041666,0.9627879614778484,0.9758202388056745,0.9915801112075169,0.9764964417606439,0.0070424010423147275,0.021188911873119387,0.04352687636270488,0.023363579798486803
matrix_free_joint_rank8_int4_per_row_hadamard,pooled_router_square_column_generated,384,1152,18,32,0.5234781901041666,0.9558207888775101,0.9806189401551575,0.9953243146156068,0.9772439094625437,0.0038596653333166754,0.01261333276071025,0.029404341932439515,0.015687971177834596
matrix_free_joint_rank8_int4_per_row_hadamard,pooled_router_square_column_generated,384,1152,19,32,0.5234781901041666,0.9621340670555208,0.9846712843829917,0.994720798132996,0.9810713271910233,0.004359807635605973,0.011941372241777493,0.02189825463132197,0.012967170230881682
matrix_free_joint_rank8_int4_per_row_hadamard,pooled_router_square_column_generated,384,1152,20,32,0.5234781901041666,0.9563955171018602,0.9764770144651983,0.9946564367724235,0.9759697667504798,0.0062776420363112595,0.012963491613120715,0.028880248173004986,0.014885879380874299
matrix_free_joint_rank8_int4_per_row_hadamard,pooled_router_square_column_generated,384,1152,21,32,0.5234781901041666,0.9818403311432292,0.9915585109075191,0.9960314038071696,0.989526010386024,0.007041703301347857,0.0219415680751866,0.03457407988938647,0.021834806053728832
matrix_free_joint_rank8_int4_per_row_hadamard,pooled_router_square_column_generated,384,1152,22,32,0.5234781901041666,0.9618798805065393,0.9793533761545143,0.9916541421053833,0.977021823927836,0.0030903881367617017,0.012145397994144269,0.02823640897696979,0.013756181501127111
matrix_free_joint_rank8_int4_per_row_hadamard,pooled_router_square_column_generated,384,1152,23,32,0.5234781901041666,0.9555602481960211,0.981262370076505,0.9949129341291953,0.9777683865351563,0.005883736484659563,0.011870155895161827,0.026460273575927687,0.014878989435620407
matrix_free_joint_rank8_int4_per_row_hadamard,pooled_router_square_column_generated,384,1152,24,32,0.5234781901041666,0.975350052802425,0.98579021946862,0.9934731301784248,0.9839792675027161,0.013751153328678888,0.02245298235857729,0.04905968251711345,0.027867759409128886
matrix_free_joint_rank8_int4_per_row_hadamard,pooled_router_square_column_generated,384,1152,25,32,0.5234781901041666,0.9580823171242353,0.9744061317817816,0.9937677541886752,0.97398548124416,0.006960927412820761,0.015549495172453687,0.03491123940177365,0.019096101091698518
matrix_free_joint_rank8_int4_per_row_hadamard,pooled_router_square_column_generated,384,1152,26,32,0.5234781901041666,0.9651733463522879,0.9787716111123937,0.9918045980593871,0.9787297097622901,0.0040703703535288184,0.010955285128192604,0.02508151375292943,0.01458174852760244
matrix_free_joint_rank8_int4_per_row_hadamard,pooled_router_square_column_generated,384,1152,27,32,0.5234781901041666,0.9687750513091373,0.9808710093870792,0.9914738378382304,0.9801193368574811,0.0056571145885776055,0.013776066605072024,0.040137579014881145,0.021411702510175393
matrix_free_joint_rank8_int4_per_row_hadamard,pooled_router_square_column_generated,384,1152,28,32,0.5234781901041666,0.9647393589953795,0.980217304024009,0.9912685124564986,0.9786383960090443,0.007766180643230536,0.018893509174207457,0.03610512237682825,0.020957134743088888
matrix_free_joint_rank8_int4_per_row_hadamard,pooled_router_square_column_generated,384,1152,29,32,0.5234781901041666,0.9720142023704114,0.9848465199740312,0.9921436262965331,0.9837001738127258,0.0053798344822019286,0.010991956884335574,0.029633487469244504,0.014080047041426048
matrix_free_joint_rank8_int4_per_row_hadamard,pooled_router_square_column_generated,384,1152,30,32,0.5234781901041666,0.9651252754963098,0.979002500992516,0.9938212360230115,0.9778636797337981,0.004703069131773985,0.014240668995156136,0.019928183270917013,0.013472987272063655
matrix_free_joint_rank8_int4_per_row_hadamard,pooled_router_square_column_generated,384,1152,31,32,0.5234781901041666,0.975102168402727,0.9847321632475698,0.991131753786556,0.9837143808772393,0.004922845093268624,0.012309693786098308,0.027501623729920852,0.014202927087592881
matrix_free_joint_rank8_int4_per_row_hadamard,pooled_router_square_column_generated,384,1152,32,32,0.5234781901041666,0.9657679641072568,0.9876739938521171,0.9942067360135076,0.982858090824453,0.005269109714581399,0.010034565822646335,0.019607066267590113,0.011453471502955257
matrix_free_joint_rank8_int4_per_row_hadamard,pooled_router_square_column_generated,384,1152,33,32,0.5234781901041666,0.9826861308700776,0.9912396801140708,0.9969418048568339,0.989408332567836,0.0034781292395995923,0.010801761642040941,0.02063989831298878,0.012001624905966447
matrix_free_joint_rank8_int4_per_row_hadamard,pooled_router_square_column_generated,384,1152,34,32,0.5234781901041666,0.9740412405941324,0.9869596813886812,0.9919975874504977,0.9852016263671997,0.004396208673942204,0.007290468626890145,0.011333385521172613,0.007514052589857906
matrix_free_joint_rank8_int4_per_row_hadamard,pooled_router_square_column_generated,384,1152,35,32,0.5234781901041666,0.9469180377213243,0.980613167484397,0.9919291884499974,0.9765643346331887,0.0035475931574506904,0.008391436885468062,0.016311024372839336,0.010706683006296097
matrix_free_joint_rank8_int4_per_row_hadamard,pooled_router_square_column_generated,384,1152,36,32,0.5234781901041666,0.9722373078154094,0.9812703333340851,0.9940053284611305,0.9816362526658333,0.003384199320880621,0.008497004584995915,0.024177131439495195,0.0107256107945808
matrix_free_joint_rank8_int4_per_row_hadamard,pooled_router_square_column_generated,384,1152,37,32,0.5234781901041666,0.9674104805851652,0.980685844126143,0.9932874563672246,0.9806684262224861,0.003309843962686554,0.007249564542201936,0.0140565953716705,0.008384447435694109
matrix_free_joint_rank8_int4_per_row_hadamard,pooled_router_square_column_generated,384,1152,38,32,0.5234781901041666,0.9827794328937336,0.9917165286739249,0.9966257474333763,0.9907650340458882,0.00425503764732954,0.010471225742523183,0.022188473345478632,0.011369173487264617
matrix_free_joint_rank8_int4_per_row_hadamard,pooled_router_square_column_generated,384,1152,39,32,0.5234781901041666,0.969925470762249,0.9898339074829692,0.9972152328605539,0.9852348056324836,0.0011724129789893567,0.004408692962392657,0.0143425538915128,0.006774906460383777
matrix_free_joint_rank8_int4_per_row_hadamard,pooled_router_square_column_generated,384,1536,0,32,0.5234781901041666,0.9955476618403803,0.9985584905570327,0.9996681297285206,0.997637102529995,0.0004412569931561028,0.002053239240501714,0.007041547116253157,0.003157496039529247
matrix_free_joint_rank8_int4_per_row_hadamard,pooled_router_square_column_generated,384,1536,1,32,0.5234781901041666,0.9775410700470887,0.9888101619573078,0.9963891203503189,0.9873069936796572,0.0028267419526807115,0.008112060739152327,0.019320527513389564,0.010361668972681072
matrix_free_joint_rank8_int4_per_row_hadamard,pooled_router_square_column_generated,384,1536,2,32,0.5234781901041666,0.979490982707796,0.9889540286382882,0.9964633659526565,0.987680750850237,0.007094400107126831,0.018413127027443243,0.03334920412203038,0.02014260917185987
matrix_free_joint_rank8_int4_per_row_hadamard,pooled_router_square_column_generated,384,1536,3,32,0.5234781901041666,0.9666241841586191,0.9850273622530776,0.9940138281110119,0.981551573019129,0.007820655723600934,0.018951299451956893,0.033821284700589545,0.01963637680193225
matrix_free_joint_rank8_int4_per_row_hadamard,pooled_router_square_column_generated,384,1536,4,32,0.5234781901041666,0.9746921493513798,0.9860878451024855,0.9946874460757633,0.9850388600264397,0.007067448591813841,0.016396194792837104,0.03228472755444404,0.01872351079284361
matrix_free_joint_rank8_int4_per_row_hadamard,pooled_router_square_column_generated,384,1536,5,32,0.5234781901041666,0.9686590786831761,0.9813032239039486,0.9954160279658617,0.9808430393876756,0.009508354528627893,0.014726004738849219,0.026408590855162332,0.016545772660722796
matrix_free_joint_rank8_int4_per_row_hadamard,pooled_router_square_column_generated,384,1536,6,32,0.5234781901041666,0.9788670625589274,0.9890667887508056,0.9959188611316275,0.9861980290653359,0.003915205953625944,0.013802876999872926,0.03339982585281212,0.017635945977437416
matrix_free_joint_rank8_int4_per_row_hadamard,pooled_router_square_column_generated,384,1536,7,32,0.5234781901041666,0.9673583314759719,0.9798437025885727,0.9898848813849459,0.9780382624912277,0.0043373615796093,0.012269906816647858,0.03276351601810187,0.015641998303713527
matrix_free_joint_rank8_int4_per_row_hadamard,pooled_router_square_column_generated,384,1536,8,32,0.5234781901041666,0.9652540670367487,0.9814439896982998,0.9903342645289458,0.9789268149395772,0.009196669266524982,0.0168508736897921,0.037085065764640816,0.02136641930870202
matrix_free_joint_rank8_int4_per_row_hadamard,pooled_router_square_column_generated,384,1536,9,32,0.5234781901041666,0.9725770667434787,0.9852571041124455,0.9913432252443908,0.9826546427722944,0.009847111856377854,0.015488773493813168,0.026945810421772277,0.018739615962252574
matrix_free_joint_rank8_int4_per_row_hadamard,pooled_router_square_column_generated,384,1536,10,32,0.5234781901041666,0.969814362530832,0.9821890612345251,0.9976184095537273,0.9818436956287634,0.0020189533179019283,0.015601529621690313,0.035441276905977384,0.01611601129112023
matrix_free_joint_rank8_int4_per_row_hadamard,pooled_router_square_column_generated,384,1536,11,32,0.5234781901041666,0.9674974415711514,0.9846930103464763,0.9925883935051071,0.9808604391578726,0.006341549277701908,0.013783861963590938,0.0317066160174848,0.01640124460601997
matrix_free_joint_rank8_int4_per_row_hadamard,pooled_router_square_column_generated,384,1536,12,32,0.5234781901041666,0.9701399680387055,0.9849157572936447,0.9931974039381245,0.982633312684976,0.00548386560690004,0.020820874194392158,0.03575430100652405,0.019896304419479278
matrix_free_joint_rank8_int4_per_row_hadamard,pooled_router_square_column_generated,384,1536,13,32,0.5234781901041666,0.9676699143909978,0.9804547568231567,0.9939318225895658,0.9800772977505463,0.0051614114215486565,0.015777351453379718,0.03019186719227325,0.018337831680259948
matrix_free_joint_rank8_int4_per_row_hadamard,pooled_router_square_column_generated,384,1536,14,32,0.5234781901041666,0.9596577753613961,0.9781644203346923,0.9913015661628779,0.9766362520318559,0.00333414962480596,0.008241533993561534,0.017016628585767305,0.009997478423173549
matrix_free_joint_rank8_int4_per_row_hadamard,pooled_router_square_column_generated,384,1536,15,32,0.5234781901041666,0.9526611127222995,0.9736755493298062,0.9926339681813868,0.9738244028119678,0.0022719352993425534,0.013908150404609687,0.03327784640833407,0.016946921242060042
matrix_free_joint_rank8_int4_per_row_hadamard,pooled_router_square_column_generated,384,1536,16,32,0.5234781901041666,0.9724163382100448,0.982924736224487,0.9965119694476561,0.9828158626674774,0.007894242306877918,0.018973862792240836,0.03019733634527576,0.020061192979678386
matrix_free_joint_rank8_int4_per_row_hadamard,pooled_router_square_column_generated,384,1536,17,32,0.5234781901041666,0.9627879614778484,0.9758202388056745,0.9915801112075169,0.9764964417606439,0.0070424010423147275,0.021188911873119387,0.04352687636270488,0.023363579798486803
matrix_free_joint_rank8_int4_per_row_hadamard,pooled_router_square_column_generated,384,1536,18,32,0.5234781901041666,0.9558207888775101,0.9806189401551575,0.9953243146156068,0.9772439094625437,0.0038596653333166754,0.01261333276071025,0.029404341932439515,0.015687971177834596
matrix_free_joint_rank8_int4_per_row_hadamard,pooled_router_square_column_generated,384,1536,19,32,0.5234781901041666,0.9621340670555208,0.9846712843829917,0.994720798132996,0.9810713271910233,0.004359807635605973,0.011941372241777493,0.02189825463132197,0.012967170230881682
matrix_free_joint_rank8_int4_per_row_hadamard,pooled_router_square_column_generated,384,1536,20,32,0.5234781901041666,0.9563955171018602,0.9764770144651983,0.9946564367724235,0.9759697667504798,0.0062776420363112595,0.012963491613120715,0.028880248173004986,0.014885879380874299
matrix_free_joint_rank8_int4_per_row_hadamard,pooled_router_square_column_generated,384,1536,21,32,0.5234781901041666,0.9818403311432292,0.9915585109075191,0.9960314038071696,0.9895270654818282,0.007041703301347857,0.0219415680751866,0.03457407988938647,0.021835861149533176
matrix_free_joint_rank8_int4_per_row_hadamard,pooled_router_square_column_generated,384,1536,22,32,0.5234781901041666,0.9618798805065393,0.9793533761545143,0.9916541421053833,0.977021823927836,0.0030903881367617017,0.012145397994144269,0.02823640897696979,0.013756181501127111
matrix_free_joint_rank8_int4_per_row_hadamard,pooled_router_square_column_generated,384,1536,23,32,0.5234781901041666,0.9555602481960211,0.981262370076505,0.9949129341291953,0.9777683865351563,0.005883736484659563,0.011870155895161827,0.026460273575927687,0.014878989435620407
matrix_free_joint_rank8_int4_per_row_hadamard,pooled_router_square_column_generated,384,1536,24,32,0.5234781901041666,0.975350052802425,0.98579021946862,0.9934731301784248,0.9839797232206597,0.013751153328678888,0.02245298235857729,0.049060128920107186,0.027868215127072556
matrix_free_joint_rank8_int4_per_row_hadamard,pooled_router_square_column_generated,384,1536,25,32,0.5234781901041666,0.9580823171242353,0.9744061317817816,0.9937677541886752,0.97398548124416,0.006960927412820761,0.015549495172453687,0.03491123940177365,0.019096101091698518
matrix_free_joint_rank8_int4_per_row_hadamard,pooled_router_square_column_generated,384,1536,26,32,0.5234781901041666,0.9651733463522879,0.9787716111123937,0.9918045980593871,0.978731447645828,0.0040703703535288184,0.010955285128192604,0.02508151375292943,0.014583486411140219
matrix_free_joint_rank8_int4_per_row_hadamard,pooled_router_square_column_generated,384,1536,27,32,0.5234781901041666,0.9687750513091373,0.9808710093870792,0.9914738378382304,0.9801193368574811,0.0056571145885776055,0.013776066605072024,0.040137579014881145,0.021411702510175393
matrix_free_joint_rank8_int4_per_row_hadamard,pooled_router_square_column_generated,384,1536,28,32,0.5234781901041666,0.9647393589953795,0.980217304024009,0.9912685124564986,0.9786383960090443,0.007766180643230536,0.018893509174207457,0.03610512237682825,0.020957134743088888
matrix_free_joint_rank8_int4_per_row_hadamard,pooled_router_square_column_generated,384,1536,29,32,0.5234781901041666,0.9720142023704114,0.9848465199740312,0.9921436262965331,0.9837001738127258,0.0053798344822019286,0.010991956884335574,0.029633487469244504,0.014080047041426048
matrix_free_joint_rank8_int4_per_row_hadamard,pooled_router_square_column_generated,384,1536,30,32,0.5234781901041666,0.9651252754963098,0.979002500992516,0.9938212360230115,0.9778636797337981,0.004703069131773985,0.014240668995156136,0.019928183270917013,0.013472987272063655
matrix_free_joint_rank8_int4_per_row_hadamard,pooled_router_square_column_generated,384,1536,31,32,0.5234781901041666,0.975102168402727,0.9847321632475698,0.991131753786556,0.9837143808772393,0.004922845093268624,0.012309693786098308,0.027501623729920852,0.014202927087592881
matrix_free_joint_rank8_int4_per_row_hadamard,pooled_router_square_column_generated,384,1536,32,32,0.5234781901041666,0.9657679641072568,0.9876739938521171,0.9942067360135076,0.982858090824453,0.005269109714581399,0.010034565822646335,0.019607066267590113,0.011453471502955257
matrix_free_joint_rank8_int4_per_row_hadamard,pooled_router_square_column_generated,384,1536,33,32,0.5234781901041666,0.9826861308700776,0.9912396801140708,0.9969418048568339,0.989408332567836,0.0034781292395995923,0.010801761642040941,0.02063989831298878,0.012001624905966447
matrix_free_joint_rank8_int4_per_row_hadamard,pooled_router_square_column_generated,384,1536,34,32,0.5234781901041666,0.9740412405941324,0.9869596813886812,0.9919975874504977,0.9852016263671997,0.004396208673942204,0.007290468626890145,0.011333385521172613,0.007514052589857906
matrix_free_joint_rank8_int4_per_row_hadamard,pooled_router_square_column_generated,384,1536,35,32,0.5234781901041666,0.9469180377213243,0.980613167484397,0.9919291884499974,0.9765643346331887,0.0035475931574506904,0.008391436885468062,0.016311024372839336,0.010706683006296097
matrix_free_joint_rank8_int4_per_row_hadamard,pooled_router_square_column_generated,384,1536,36,32,0.5234781901041666,0.9722373078154094,0.9812703333340851,0.9940053284611305,0.9816362526658333,0.003384199320880621,0.008497004584995915,0.024177131439495195,0.0107256107945808
matrix_free_joint_rank8_int4_per_row_hadamard,pooled_router_square_column_generated,384,1536,37,32,0.5234781901041666,0.9674104805851652,0.980685844126143,0.9932874563672246,0.9806684262224861,0.003309843962686554,0.007249564542201936,0.0140565953716705,0.008384447435694109
matrix_free_joint_rank8_int4_per_row_hadamard,pooled_router_square_column_generated,384,1536,38,32,0.5234781901041666,0.9827794328937336,0.9917165286739249,0.9966257474333763,0.9907650340458882,0.00425503764732954,0.010471225742523183,0.022188473345478632,0.011369173487264617
matrix_free_joint_rank8_int4_per_row_hadamard,pooled_router_square_column_generated,384,1536,39,32,0.5234781901041666,0.969925470762249,0.9898339074829692,0.9972152328605539,0.9852348056324836,0.0011724129789893567,0.004408692962392657,0.0143425538915128,0.006774906460383777
matrix_free_joint_rank8_int4_per_row_hadamard,pooled_router_square_column_generated,576,768,0,32,0.7734781901041666,0.9990363731048592,0.9998122001756939,0.9999154975495632,0.9995686973399927,7.348577565461368e-05,0.00045707642984860186,0.0018879491432248873,0.0007862379437061605
matrix_free_joint_rank8_int4_per_row_hadamard,pooled_router_square_column_generated,576,768,1,32,0.7734781901041666,0.9919232283788708,0.9955585489137995,0.998698506741325,0.9951083005233129,0.0010310692841812407,0.0031640509425895913,0.00694103693317666,0.003593904803856504
matrix_free_joint_rank8_int4_per_row_hadamard,pooled_router_square_column_generated,576,768,2,32,0.7734781901041666,0.9915884547176822,0.9947438468720675,0.9971240097827089,0.994379206606793,0.0024669423179356277,0.005991466771204601,0.009591898218526596,0.006166838435075789
matrix_free_joint_rank8_int4_per_row_hadamard,pooled_router_square_column_generated,576,768,3,32,0.7734781901041666,0.9869051851705969,0.9929754112894025,0.9963862637522178,0.9920862557745924,0.0033637563672968772,0.005902177873138459,0.009571701048167193,0.006458667609153822
matrix_free_joint_rank8_int4_per_row_hadamard,pooled_router_square_column_generated,576,768,4,32,0.7734781901041666,0.9904260177699767,0.9937915297762576,0.9975352439969674,0.993748372503472,0.002443319060100446,0.005032080066275424,0.011221704088708241,0.006159254932445152
matrix_free_joint_rank8_int4_per_row_hadamard,pooled_router_square_column_generated,576,768,5,32,0.7734781901041666,0.9880848342311845,0.99223053604652,0.9969106168988394,0.9922079156235579,0.003013893670052825,0.005273659133090525,0.009273462364142272,0.005587512790838939
matrix_free_joint_rank8_int4_per_row_hadamard,pooled_router_square_column_generated,576,768,6,32,0.7734781901041666,0.9914417954332458,0.9947507008830495,0.998226065769729,0.9939721083669217,0.001360116042718318,0.005152750048238786,0.01149353715407497,0.005920012393134468
matrix_free_joint_rank8_int4_per_row_hadamard,pooled_router_square_column_generated,576,768,7,32,0.7734781901041666,0.9871750426465866,0.9916248569567471,0.9956749564315266,0.9914378626067079,0.0017548981144684616,0.004709411099511562,0.011281275603433887,0.0052043107574848875
matrix_free_joint_rank8_int4_per_row_hadamard,pooled_router_square_column_generated,576,768,8,32,0.7734781901041666,0.9853684789002634,0.9924404450711092,0.9951487577662491,0.9911892019293508,0.0028784882771239473,0.005663894579380158,0.011284474420853109,0.00671584672892829
matrix_free_joint_rank8_int4_per_row_hadamard,pooled_router_square_column_generated,576,768,9,32,0.7734781901041666,0.9903822195731703,0.9932879871772999,0.9956691652046654,0.99274781783135,0.003581585476100957,0.00535743603473654,0.008657557884898793,0.0060082220561506125
matrix_free_joint_rank8_int4_per_row_hadamard,pooled_router_square_column_generated,576,768,10,32,0.7734781901041666,0.9880173343732044,0.9925837073515755,0.9971043794184018,0.9925741102458985,0.001317714347115928,0.005385458510306529,0.011536334022810306,0.005418046327644498
matrix_free_joint_rank8_int4_per_row_hadamard,pooled_router_square_column_generated,576,768,11,32,0.7734781901041666,0.9869151698411829,0.9934453481047826,0.9965197503659746,0.9923677019372664,0.0023683380152200615,0.0046729542260324775,0.011622443060000444,0.005596722682876899
matrix_free_joint_rank8_int4_per_row_hadamard,pooled_router_square_column_generated,576,768,12,32,0.7734781901041666,0.9874599214774313,0.993293802920916,0.9965921048778844,0.9926792840726331,0.0016305112753897122,0.006232987235468945,0.01134838385278376,0.006511118848212288
matrix_free_joint_rank8_int4_per_row_hadamard,pooled_router_square_column_generated,576,768,13,32,0.7734781901041666,0.9873980979802824,0.9915093504093151,0.9972595985166349,0.9919591902482394,0.002697201652077963,0.005318845404052197,0.010602407520614221,0.006083831655924993
matrix_free_joint_rank8_int4_per_row_hadamard,pooled_router_square_column_generated,576,768,14,32,0.7734781901041666,0.98499424395147,0.9917198249315511,0.9965459715225043,0.9912236766253367,0.0011907039808428665,0.003279643957589451,0.006201831813322858,0.0035725658952315276
matrix_free_joint_rank8_int4_per_row_hadamard,pooled_router_square_column_generated,576,768,15,32,0.7734781901041666,0.9826301458007595,0.9903982374380749,0.996794740840341,0.989772940180554,0.0015236497672500905,0.005117404490949995,0.013338546213320729,0.005992786605662104
matrix_free_joint_rank8_int4_per_row_hadamard,pooled_router_square_column_generated,576,768,16,32,0.7734781901041666,0.9898068127492514,0.9922924330688814,0.9979726293484804,0.9925568517654508,0.002805744585761705,0.006448607103250403,0.010555795806541604,0.006462079578469445
matrix_free_joint_rank8_int4_per_row_hadamard,pooled_router_square_column_generated,576,768,17,32,0.7734781901041666,0.985479356254998,0.9903221324747544,0.9967701015589987,0.9907298019551839,0.0026276520619860078,0.007430855367142608,0.013600519101554399,0.007957325426816243
matrix_free_joint_rank8_int4_per_row_hadamard,pooled_router_square_column_generated,576,768,18,32,0.7734781901041666,0.9841561932992661,0.9915305034194353,0.9982307772324602,0.9910452046169969,0.0011924987149869338,0.004959619932067061,0.009194804010029978,0.005578201656367715
matrix_free_joint_rank8_int4_per_row_hadamard,pooled_router_square_column_generated,576,768,19,32,0.7734781901041666,0.9857456644097438,0.9937018990545348,0.9977629450424456,0.9926097599091125,0.0013511471671905472,0.004167993157130068,0.008468840235311083,0.004707788547595834
matrix_free_joint_rank8_int4_per_row_hadamard,pooled_router_square_column_generated,576,768,20,32,0.7734781901041666,0.9828608568753424,0.9903731639391752,0.9974720695563342,0.9905428683117836,0.0017883347182936383,0.004786358817527259,0.00870757703484687,0.005182016296004857
matrix_free_joint_rank8_int4_per_row_hadamard,pooled_router_square_column_generated,576,768,21,32,0.7734781901041666,0.9905185259377033,0.9951629082599982,0.9974204661269602,0.9945583790236003,0.0021286937298188756,0.006464022342543285,0.011520962182020492,0.006601552710750767
matrix_free_joint_rank8_int4_per_row_hadamard,pooled_router_square_column_generated,576,768,22,32,0.7734781901041666,0.9858988750639454,0.9924155666988521,0.9969771221661168,0.9913932854195991,0.0014019008475780637,0.004600354033143961,0.009618507024615941,0.005011577433918835
matrix_free_joint_rank8_int4_per_row_hadamard,pooled_router_square_column_generated,576,768,23,32,0.7734781901041666,0.9831951344490844,0.9921517339385627,0.9980120966865619,0.9913442894291632,0.0018502480067425164,0.0044677968667500845,0.008612386453098732,0.004974204508179234
matrix_free_joint_rank8_int4_per_row_hadamard,pooled_router_square_column_generated,576,768,24,32,0.7734781901041666,0.9881096834867092,0.9927787682576463,0.9961653293185763,0.9924869747648483,0.004641028310322903,0.007541952609362135,0.013630777439661545,0.00854395800680723
matrix_free_joint_rank8_int4_per_row_hadamard,pooled_router_square_column_generated,576,768,25,32,0.7734781901041666,0.9845105558442344,0.9898751129212481,0.9966184692373463,0.9895921755004311,0.0019376835552303295,0.005837735522229992,0.012122665587238757,0.006536676924561207
matrix_free_joint_rank8_int4_per_row_hadamard,pooled_router_square_column_generated,576,768,26,32,0.7734781901041666,0.98692530915708,0.9917204692643293,0.9966958201251649,0.9915225819316456,0.001554259915620404,0.00466810818977903,0.008480613635397339,0.004873423498550005
matrix_free_joint_rank8_int4_per_row_hadamard,pooled_router_square_column_generated,576,768,27,32,0.7734781901041666,0.9867566128622131,0.9926333992804877,0.9957334085506655,0.9916738143256579,0.002985163191172624,0.0049867910421318995,0.013005588538744808,0.007029114429167951
matrix_free_joint_rank8_int4_per_row_hadamard,pooled_router_square_column_generated,576,768,28,32,0.7734781901041666,0.9860772981678084,0.9916747581575782,0.9959393952651923,0.991458158163212,0.003473642518920006,0.006776993803477849,0.011052475546624188,0.00689305396110345
matrix_free_joint_rank8_int4_per_row_hadamard,pooled_router_square_column_generated,576,768,29,32,0.7734781901041666,0.9900324598089006,0.993624897309741,0.9969500184212465,0.9935005639942927,0.001769705663696297,0.004095866584116481,0.009687146041459673,0.0047849199827390936
matrix_free_joint_rank8_int4_per_row_hadamard,pooled_router_square_column_generated,576,768,30,32,0.7734781901041666,0.9868486797884689,0.9912504382553036,0.9971206149157898,0.9914364045871071,0.001562539681929187,0.004389956441820608,0.007633366345840388,0.004508069835497057
matrix_free_joint_rank8_int4_per_row_hadamard,pooled_router_square_column_generated,576,768,31,32,0.7734781901041666,0.9905209136740325,0.9933991808013534,0.996343508539087,0.993453893840146,0.0019401741982024046,0.00411276189166393,0.007889162348722601,0.0047686428631904115
matrix_free_joint_rank8_int4_per_row_hadamard,pooled_router_square_column_generated,576,768,32,32,0.7734781901041666,0.9863835480057691,0.9950564533994135,0.9974663787263361,0.9932900785085431,0.0015639891112291914,0.003388558748155912,0.007929952969084766,0.004009012068265143
matrix_free_joint_rank8_int4_per_row_hadamard,pooled_router_square_column_generated,576,768,33,32,0.7734781901041666,0.9931159167558486,0.9963304193580564,0.9988271435005177,0.9956365768374874,0.001354816605950704,0.0036310764197315937,0.006304938570840524,0.003981444846063494
matrix_free_joint_rank8_int4_per_row_hadamard,pooled_router_square_column_generated,576,768,34,32,0.7734781901041666,0.9901904200685797,0.9953422064710075,0.9969340498524253,0.9945845637352153,0.0015652630378045096,0.0026385867097207805,0.0037427271072328575,0.002665830001170537
matrix_free_joint_rank8_int4_per_row_hadamard,pooled_router_square_column_generated,576,768,35,32,0.7734781901041666,0.9805714588488401,0.9926497440926251,0.9968392718808035,0.9910591470108695,0.00150407516485197,0.0032449491225924887,0.005586994611999097,0.0037433525299791492
matrix_free_joint_rank8_int4_per_row_hadamard,pooled_router_square_column_generated,576,768,36,32,0.7734781901041666,0.9886588555148494,0.9927108405582241,0.9975742211447991,0.9928436943162795,0.0014632017735694447,0.0029918745376428246,0.006971189445183435,0.0037970002982144514
matrix_free_joint_rank8_int4_per_row_hadamard,pooled_router_square_column_generated,576,768,37,32,0.7734781901041666,0.9878683037843766,0.9929885481279423,0.9974570928298552,0.9927538129818083,0.0014348804145588034,0.002956573949011776,0.00498598715883738,0.0031227795304338488
matrix_free_joint_rank8_int4_per_row_hadamard,pooled_router_square_column_generated,576,768,38,32,0.7734781901041666,0.9936057014817165,0.9961313990371177,0.9983481605785169,0.9960106669570059,0.0012238822617864687,0.0029336825143801426,0.007018471177538211,0.0033979650250077556
matrix_free_joint_rank8_int4_per_row_hadamard,pooled_router_square_column_generated,576,768,39,32,0.7734781901041666,0.9895419703104548,0.9961677206018853,0.9990221951381699,0.9946607738474301,0.00038028035514949823,0.001587053318571896,0.005204622681517058,0.0023135070126043267
matrix_free_joint_rank8_int4_per_row_hadamard,pooled_router_square_column_generated,576,1152,0,32,0.7734781901041666,0.9993292631305588,0.99985644977291,0.9999542841709536,0.9996520904311403,7.369672883767997e-05,0.0004672914067164746,0.002202348535611043,0.0008696310348537684
matrix_free_joint_rank8_int4_per_row_hadamard,pooled_router_square_column_generated,576,1152,1,32,0.7734781901041666,0.9921316917463665,0.9961855257043994,0.998780202119116,0.9955189964147522,0.001119143693829905,0.003511748218695099,0.007934831068642446,0.004004600695295769
matrix_free_joint_rank8_int4_per_row_hadamard,pooled_router_square_column_generated,576,1152,2,32,0.7734781901041666,0.9927058759338834,0.9963123566517569,0.9986648352404266,0.9957625161796004,0.002732921760723517,0.007227504263049633,0.012105632125954216,0.00755014800788319
matrix_free_joint_rank8_int4_per_row_hadamard,pooled_router_square_column_generated,576,1152,3,32,0.7734781901041666,0.9871275523263676,0.9946586426336419,0.9977730863463031,0.9934543732468855,0.0038499815314028017,0.007534661322400604,0.012272335665640389,0.007826785081446797
matrix_free_joint_rank8_int4_per_row_hadamard,pooled_router_square_column_generated,576,1152,4,32,0.7734781901041666,0.9905508867251746,0.9953068043209252,0.9982142199490731,0.9947906114533936,0.0026643974151183136,0.006028183852086144,0.012848943925487766,0.007201493882366759
matrix_free_joint_rank8_int4_per_row_hadamard,pooled_router_square_column_generated,576,1152,5,32,0.7734781901041666,0.9887377801353788,0.9932395927931481,0.9983430446758494,0.9930765301129113,0.003926258036074904,0.005773765065507419,0.010526262348139238,0.0064561272801922955
matrix_free_joint_rank8_int4_per_row_hadamard,pooled_router_square_column_generated,576,1152,6,32,0.7734781901041666,0.9928775453145168,0.996234818371106,0.9987211824653071,0.9951708792875211,0.0015411797924009042,0.005876470084960117,0.01300046534320371,0.007118783313733893
matrix_free_joint_rank8_int4_per_row_hadamard,pooled_router_square_column_generated,576,1152,7,32,0.7734781901041666,0.9871853587016826,0.9928843598788593,0.9965677399007222,0.9921204152295712,0.0016755312684041956,0.005019885701939675,0.013168157082377764,0.005886863380348269
matrix_free_joint_rank8_int4_per_row_hadamard,pooled_router_square_column_generated,576,1152,8,32,0.7734781901041666,0.9872293516998641,0.9936297739861384,0.9964810981962853,0.9924485269966745,0.0030726444301319767,0.006486460010157735,0.014227208740556775,0.007975171796251974
matrix_free_joint_rank8_int4_per_row_hadamard,pooled_router_square_column_generated,576,1152,9,32,0.7734781901041666,0.9906676759053891,0.9947722045536673,0.9969198467003645,0.993842124942357,0.003799800827521371,0.006341756208569471,0.010602678204016216,0.007102529167157628
matrix_free_joint_rank8_int4_per_row_hadamard,pooled_router_square_column_generated,576,1152,10,32,0.7734781901041666,0.9881889207477395,0.9939631074732014,0.9991108291151021,0.9934659228643268,0.0013141066821160785,0.006093408000049094,0.014323214269222086,0.006309858946072711
matrix_free_joint_rank8_int4_per_row_hadamard,pooled_router_square_column_generated,576,1152,11,32,0.7734781901041666,0.9879621585561215,0.9943100009172978,0.9973816228718645,0.9931635037376986,0.002451168246802915,0.005019273772605304,0.012572673937493796,0.006392524483309032
matrix_free_joint_rank8_int4_per_row_hadamard,pooled_router_square_column_generated,576,1152,12,32,0.7734781901041666,0.9886184240549627,0.99496211466728,0.9976518910669132,0.9937961775982335,0.0016278323357791225,0.007500532867610099,0.01435721721172193,0.007628012373812734
matrix_free_joint_rank8_int4_per_row_hadamard,pooled_router_square_column_generated,576,1152,13,32,0.7734781901041666,0.9882450349494353,0.9930361556624452,0.9979619933266857,0.9928274317776129,0.002819190997263832,0.0055850151831066674,0.012269914855859045,0.006952073185298651
matrix_free_joint_rank8_int4_per_row_hadamard,pooled_router_square_column_generated,576,1152,14,32,0.7734781901041666,0.9859361387077654,0.9918372268037086,0.9969409180646862,0.9915909698735743,0.0012157776359398742,0.0035146589134607553,0.007494281185167787,0.003939859143469206
matrix_free_joint_rank8_int4_per_row_hadamard,pooled_router_square_column_generated,576,1152,15,32,0.7734781901041666,0.9838169412975046,0.9903982374380749,0.9974507430384836,0.99052838183326,0.0015236497672500905,0.0052959903928054275,0.014705821978152034,0.006748228258368166
matrix_free_joint_rank8_int4_per_row_hadamard,pooled_router_square_column_generated,576,1152,16,32,0.7734781901041666,0.9896554199582877,0.9939210948712404,0.9987500448973133,0.993738472048556,0.003379158426218565,0.00692165175065762,0.01202036567710657,0.007643699861574697
matrix_free_joint_rank8_int4_per_row_hadamard,pooled_router_square_column_generated,576,1152,17,32,0.7734781901041666,0.9870255954323189,0.9913765804948532,0.9972303615369512,0.9917755960899828,0.003023500189693995,0.008250516800307972,0.015038571709834081,0.009003119561615175
matrix_free_joint_rank8_int4_per_row_hadamard,pooled_router_square_column_generated,576,1152,18,32,0.7734781901041666,0.9844724741654166,0.9929298148188972,0.9982814370906735,0.9918344147562026,0.0012446688764729764,0.004974886549095114,0.011734564029638872,0.006367411795573572
matrix_free_joint_rank8_int4_per_row_hadamard,pooled_router_square_column_generated,576,1152,19,32,0.7734781901041666,0.985408447252453,0.9945105813897379,0.9980702740018448,0.9930103608256369,0.0015141695598674843,0.0044277234784591,0.00860233088548541,0.005108389464120268
matrix_free_joint_rank8_int4_per_row_hadamard,pooled_router_square_column_generated,576,1152,20,32,0.7734781901041666,0.984429279774325,0.9913621352178201,0.9981558987812255,0.9912948226762731,0.0020067592223453334,0.005397973903330688,0.010823950270176864,0.0059339706604943365
matrix_free_joint_rank8_int4_per_row_hadamard,pooled_router_square_column_generated,576,1152,21,32,0.7734781901041666,0.9935641624152252,0.9971130304024625,0.9985903867496861,0.9963083305816077,0.002420777593603396,0.00833205290813882,0.013610397127452658,0.008351504268758199
matrix_free_joint_rank8_int4_per_row_hadamard,pooled_router_square_column_generated,576,1152,22,32,0.7734781901041666,0.986799080911195,0.9927203513214089,0.9969726747570429,0.9917412412958785,0.0013974534385042038,0.005132177948682093,0.010577159311419284,0.005359533310198169
matrix_free_joint_rank8_int4_per_row_hadamard,pooled_router_square_column_generated,576,1152,23,32,0.7734781901041666,0.9837536953090605,0.9930936789318756,0.9982356355815682,0.9919278652554043,0.002118575245855203,0.0048845713100752475,0.009699953762712333,0.005557780334420351
matrix_free_joint_rank8_int4_per_row_hadamard,pooled_router_square_column_generated,576,1152,24,32,0.7734781901041666,0.9916848519040284,0.9951438449796317,0.9977786225594198,0.9944738109997349,0.00524217641757081,0.009094065469858303,0.0177646492108715,0.010530794241693859
matrix_free_joint_rank8_int4_per_row_hadamard,pooled_router_square_column_generated,576,1152,25,32,0.7734781901041666,0.9843652094379547,0.9908550062455557,0.9978383545792502,0.9905619213820323,0.0023581217438250037,0.0063539555432140515,0.01307866813134977,0.007506422806162354
matrix_free_joint_rank8_int4_per_row_hadamard,pooled_router_square_column_generated,576,1152,26,32,0.7734781901041666,0.9869176490894973,0.9921764516763445,0.9969594971095714,0.9923704355934909,0.0015633273281715821,0.004665275448517248,0.010414614049431083,0.005721277160395298
matrix_free_joint_rank8_int4_per_row_hadamard,pooled_router_square_column_generated,576,1152,27,32,0.7734781901041666,0.9887639326598676,0.9932365175958469,0.9970184084400309,0.9929226104230124,0.003010816363411384,0.005211402290649592,0.01721664191013875,0.008277910526522488
matrix_free_joint_rank8_int4_per_row_hadamard,pooled_router_square_column_generated,576,1152,28,32,0.7734781901041666,0.9870474983130749,0.9932155106829934,0.9970037371937565,0.9924560341126825,0.0037823728659980736,0.007623605208938511,0.013513018713074122,0.007890929910573805
matrix_free_joint_rank8_int4_per_row_hadamard,pooled_router_square_column_generated,576,1152,29,32,0.7734781901041666,0.9901089403067154,0.9946642426425283,0.9972128118366259,0.9941672246005204,0.0020179844787415633,0.004458608128024122,0.01193416597661913,0.0054515805889669006
matrix_free_joint_rank8_int4_per_row_hadamard,pooled_router_square_column_generated,576,1152,30,32,0.7734781901041666,0.9870984412338296,0.9925702660264041,0.9978003527203414,0.9919511918407934,0.0016649270268737748,0.004668747995229872,0.008122934852937183,0.005022857089183246
matrix_free_joint_rank8_int4_per_row_hadamard,pooled_router_square_column_generated,576,1152,31,32,0.7734781901041666,0.9914424174817194,0.9946654449708703,0.9969685180800296,0.9941891014225785,0.001949046227959861,0.0046761862470565685,0.009509096630087543,0.005503850445622873
matrix_free_joint_rank8_int4_per_row_hadamard,pooled_router_square_column_generated,576,1152,32,32,0.7734781901041666,0.9873807694619895,0.995574920893864,0.9978476149773299,0.993767831674516,0.0015923865198397725,0.0036209240720533886,0.008500435677127894,0.004486765234237966
matrix_free_joint_rank8_int4_per_row_hadamard,pooled_router_square_column_generated,576,1152,33,32,0.7734781901041666,0.9937713038392999,0.9969337168233892,0.9988572950313047,0.9963290564348022,0.0012973818963866513,0.004201990796345978,0.007796867401809716,0.004673924443378198
matrix_free_joint_rank8_int4_per_row_hadamard,pooled_router_square_column_generated,576,1152,34,32,0.7734781901041666,0.9904912955079701,0.9953743211872932,0.9971859893942824,0.9947280595476898,0.001572699337920369,0.0028652417396926033,0.0038294599736672374,0.0028093258136451527
matrix_free_joint_rank8_int4_per_row_hadamard,pooled_router_square_column_generated,576,1152,35,32,0.7734781901041666,0.9805714588488401,0.9927967581790528,0.9970252885107873,0.9913390738064856,0.0015419932015072635,0.0033238664584801514,0.0058093600573201785,0.004023279325595215
matrix_free_joint_rank8_int4_per_row_hadamard,pooled_router_square_column_generated,576,1152,36,32,0.7734781901041666,0.9902707130598059,0.9933071015931974,0.9977984592847657,0.9932872115489526,0.0016855505383601478,0.0030116602149750094,0.008558528285362578,0.004240517530887507
matrix_free_joint_rank8_int4_per_row_hadamard,pooled_router_square_column_generated,576,1152,37,32,0.7734781901041666,0.9881930913650114,0.993304178256049,0.9975988897514569,0.9929114186406757,0.0015026804280397709,0.002967741345970387,0.005089043060639742,0.0032803851893012
matrix_free_joint_rank8_int4_per_row_hadamard,pooled_router_square_column_generated,576,1152,38,32,0.7734781901041666,0.9937570687830347,0.9970526350721197,0.9988382896539579,0.9967431482187281,0.001528649058372622,0.003877369191931379,0.008374716416946372,0.004130446286730073
matrix_free_joint_rank8_int4_per_row_hadamard,pooled_router_square_column_generated,576,1152,39,32,0.7734781901041666,0.9900984465346936,0.9964003497479657,0.9990217353636524,0.9948295217567138,0.00043969037506179647,0.001548037116841261,0.005958320133511353,0.0024822549218879233
matrix_free_joint_rank8_int4_per_row_hadamard,pooled_router_square_column_generated,576,1536,0,32,0.7734781901041666,0.9993292631305588,0.99985644977291,0.9999542841709536,0.9996520904311403,7.369672883767997e-05,0.0004672914067164746,0.002202348535611043,0.0008696310348537684
matrix_free_joint_rank8_int4_per_row_hadamard,pooled_router_square_column_generated,576,1536,1,32,0.7734781901041666,0.9921316917463665,0.9961855257043994,0.998780202119116,0.9955189964147522,0.001119143693829905,0.003511748218695099,0.007934831068642446,0.004004600695295769
matrix_free_joint_rank8_int4_per_row_hadamard,pooled_router_square_column_generated,576,1536,2,32,0.7734781901041666,0.9927058759338834,0.9963123566517569,0.998833870958328,0.9957778107108375,0.002759575212165244,0.007227504263049633,0.012124205718643869,0.007565442539120143
matrix_free_joint_rank8_int4_per_row_hadamard,pooled_router_square_column_generated,576,1536,3,32,0.7734781901041666,0.9871275523263676,0.9946586426336419,0.9977810048455871,0.9934623386836154,0.0038499815314028017,0.007576047527895369,0.012272335665640389,0.007834750518176795
matrix_free_joint_rank8_int4_per_row_hadamard,pooled_router_square_column_generated,576,1536,4,32,0.7734781901041666,0.9905508867251746,0.9953068043209252,0.9982142199490731,0.9947947399744823,0.0026643974151183136,0.006028183852086144,0.012848943925487766,0.0072056224034554965
matrix_free_joint_rank8_int4_per_row_hadamard,pooled_router_square_column_generated,576,1536,5,32,0.7734781901041666,0.9887377801353788,0.9932395927931481,0.998382980925049,0.9930780499007055,0.003926258036074904,0.005773765065507419,0.010526262348139238,0.006457647067986488
matrix_free_joint_rank8_int4_per_row_hadamard,pooled_router_square_column_generated,576,1536,6,32,0.7734781901041666,0.9928775453145168,0.996234818371106,0.9987198975188053,0.9951701768936283,0.0015411797924009042,0.005876470084960117,0.01300046534320371,0.0071180809198410425
matrix_free_joint_rank8_int4_per_row_hadamard,pooled_router_square_column_generated,576,1536,7,32,0.7734781901041666,0.9871853587016826,0.9928843598788593,0.9965677399007222,0.9921204152295712,0.0016755312684041956,0.005019885701939675,0.013168157082377764,0.005886863380348269
matrix_free_joint_rank8_int4_per_row_hadamard,pooled_router_square_column_generated,576,1536,8,32,0.7734781901041666,0.9872293516998641,0.9936297739861384,0.9964810981962853,0.9924609479599014,0.0030726444301319767,0.006486460010157735,0.014227208740556775,0.007987592759478909
matrix_free_joint_rank8_int4_per_row_hadamard,pooled_router_square_column_generated,576,1536,9,32,0.7734781901041666,0.9906676759053891,0.9947722045536673,0.9969198467003645,0.9938434437963165,0.003799800827521371,0.006341756208569471,0.010602678204016216,0.007103848021117146
matrix_free_joint_rank8_int4_per_row_hadamard,pooled_router_square_column_generated,576,1536,10,32,0.7734781901041666,0.9881889207477395,0.9939631074732014,0.9992439116787396,0.9934735915699973,0.0013141066821160785,0.006093408000049094,0.014337983850717719,0.006317527651743156
matrix_free_joint_rank8_int4_per_row_hadamard,pooled_router_square_column_generated,576,1536,11,32,0.7734781901041666,0.9879621585561215,0.9943100009172978,0.997391136878308,0.9931664768647122,0.002451168246802915,0.005019273772605304,0.012572673937493796,0.006395497610322664
matrix_free_joint_rank8_int4_per_row_hadamard,pooled_router_square_column_generated,576,1536,12,32,0.7734781901041666,0.9886184240549627,0.99496211466728,0.9976518910669132,0.9937963275343309,0.0016278323357791225,0.007500532867610099,0.01435721721172193,0.007628162309910251
matrix_free_joint_rank8_int4_per_row_hadamard,pooled_router_square_column_generated,576,1536,13,32,0.7734781901041666,0.9882450349494353,0.9930361556624452,0.9979619933266857,0.9928274317776129,0.002819190997263832,0.0055850151831066674,0.012269914855859045,0.006952073185298651
matrix_free_joint_rank8_int4_per_row_hadamard,pooled_router_square_column_generated,576,1536,14,32,0.7734781901041666,0.9859361387077654,0.9918372268037086,0.9969409180646862,0.9915966270163019,0.0012157776359398742,0.0035146589134607553,0.007501698789310132,0.003945516286196715
matrix_free_joint_rank8_int4_per_row_hadamard,pooled_router_square_column_generated,576,1536,15,32,0.7734781901041666,0.9838169412975046,0.9903982374380749,0.9974507430384836,0.9905385113007912,0.0015236497672500905,0.0052959903928054275,0.014716199875084457,0.006758357725899319
matrix_free_joint_rank8_int4_per_row_hadamard,pooled_router_square_column_generated,576,1536,16,32,0.7734781901041666,0.9896554199582877,0.9939210948712404,0.9987540729773555,0.9937372780790273,0.0033840721310561817,0.00692165175065762,0.01202036567710657,0.007642505892046021
matrix_free_joint_rank8_int4_per_row_hadamard,pooled_router_square_column_generated,576,1536,17,32,0.7734781901041666,0.9870255954323189,0.9913765804948532,0.9972303615369512,0.9917769817220471,0.003023500189693995,0.008250516800307972,0.015038571709834081,0.009004505193679405
matrix_free_joint_rank8_int4_per_row_hadamard,pooled_router_square_column_generated,576,1536,18,32,0.7734781901041666,0.9844724741654166,0.9929298148188972,0.9982814370906735,0.9918341329695411,0.0012446688764729764,0.004974886549095114,0.011734564029638872,0.0063671300089120815
matrix_free_joint_rank8_int4_per_row_hadamard,pooled_router_square_column_generated,576,1536,19,32,0.7734781901041666,0.985408447252453,0.9945105813897379,0.9980702740018448,0.9930103608256369,0.0015141695598674843,0.0044277234784591,0.00860233088548541,0.005108389464120268
matrix_free_joint_rank8_int4_per_row_hadamard,pooled_router_square_column_generated,576,1536,20,32,0.7734781901041666,0.984429279774325,0.9913621352178201,0.9981558987812255,0.9912937894639937,0.0020067592223453334,0.005397973903330688,0.010823950270176864,0.005932937448214971
matrix_free_joint_rank8_int4_per_row_hadamard,pooled_router_square_column_generated,576,1536,21,32,0.7734781901041666,0.9935641624152252,0.9971220145664198,0.9985848797492712,0.996326056354703,0.002420777593603396,0.00833205290813882,0.013604890127037673,0.008369230041853498
matrix_free_joint_rank8_int4_per_row_hadamard,pooled_router_square_column_generated,576,1536,22,32,0.7734781901041666,0.986799080911195,0.9927203513214089,0.9969726747570429,0.9917412412958785,0.0013974534385042038,0.005132177948682093,0.010577159311419284,0.005359533310198169
matrix_free_joint_rank8_int4_per_row_hadamard,pooled_router_square_column_generated,576,1536,23,32,0.7734781901041666,0.9837536953090605,0.9930936789318756,0.9982356355815682,0.9919278652554043,0.002118575245855203,0.0048845713100752475,0.009699953762712333,0.005557780334420351
matrix_free_joint_rank8_int4_per_row_hadamard,pooled_router_square_column_generated,576,1536,24,32,0.7734781901041666,0.9916848519040284,0.9951438449796317,0.997813421503902,0.9944787272408971,0.00524217641757081,0.009094065469858303,0.017768630710480973,0.010535710482856127
matrix_free_joint_rank8_int4_per_row_hadamard,pooled_router_square_column_generated,576,1536,25,32,0.7734781901041666,0.9843652094379547,0.9908550062455557,0.9978383545792502,0.9905622935477006,0.0023581217438250037,0.0063539555432140515,0.01307866813134977,0.007506794971830728
matrix_free_joint_rank8_int4_per_row_hadamard,pooled_router_square_column_generated,576,1536,26,32,0.7734781901041666,0.9869176490894973,0.9921764516763445,0.9969594971095714,0.9923740683713761,0.0015633273281715821,0.004665275448517248,0.010414614049431083,0.005724909938280395
matrix_free_joint_rank8_int4_per_row_hadamard,pooled_router_square_column_generated,576,1536,27,32,0.7734781901041666,0.9887639326598676,0.9932365175958469,0.9970184084400309,0.9929281521982707,0.003010816363411384,0.005211402290649592,0.01721664191013875,0.008283452301780712
matrix_free_joint_rank8_int4_per_row_hadamard,pooled_router_square_column_generated,576,1536,28,32,0.7734781901041666,0.9870474983130749,0.9932155106829934,0.9970037371937565,0.9924560341126825,0.0037823728659980736,0.007623605208938511,0.013513018713074122,0.007890929910573805
matrix_free_joint_rank8_int4_per_row_hadamard,pooled_router_square_column_generated,576,1536,29,32,0.7734781901041666,0.9901089403067154,0.9946642426425283,0.9972128118366259,0.9941672246005204,0.0020179844787415633,0.004458608128024122,0.01193416597661913,0.0054515805889669006
matrix_free_joint_rank8_int4_per_row_hadamard,pooled_router_square_column_generated,576,1536,30,32,0.7734781901041666,0.9870984412338296,0.9925702660264041,0.9978003527203414,0.9919511918407934,0.0016649270268737748,0.004668747995229872,0.008122934852937183,0.005022857089183246
matrix_free_joint_rank8_int4_per_row_hadamard,pooled_router_square_column_generated,576,1536,31,32,0.7734781901041666,0.9914424174817194,0.9946654449708703,0.9969685180800296,0.9941891014225785,0.001949046227959861,0.0046761862470565685,0.009509096630087543,0.005503850445622873
matrix_free_joint_rank8_int4_per_row_hadamard,pooled_router_square_column_generated,576,1536,32,32,0.7734781901041666,0.9873807694619895,0.995574920893864,0.9978476149773299,0.993767831674516,0.0015923865198397725,0.0036209240720533886,0.008500435677127894,0.004486765234237966
matrix_free_joint_rank8_int4_per_row_hadamard,pooled_router_square_column_generated,576,1536,33,32,0.7734781901041666,0.9937713038392999,0.9969337168233892,0.9988572950313047,0.9963269575476794,0.0012973818963866513,0.004201990796345978,0.007771475525889139,0.004671825556255421
matrix_free_joint_rank8_int4_per_row_hadamard,pooled_router_square_column_generated,576,1536,34,32,0.7734781901041666,0.9904912955079701,0.9953743211872932,0.9971859893942824,0.9947280595476898,0.001572699337920369,0.0028652417396926033,0.0038294599736672374,0.0028093258136451527
matrix_free_joint_rank8_int4_per_row_hadamard,pooled_router_square_column_generated,576,1536,35,32,0.7734781901041666,0.9805714588488401,0.9927967581790528,0.9970252885107873,0.9913390738064856,0.0015419932015072635,0.0033238664584801514,0.0058093600573201785,0.004023279325595215
matrix_free_joint_rank8_int4_per_row_hadamard,pooled_router_square_column_generated,576,1536,36,32,0.7734781901041666,0.9902707130598059,0.9933071015931974,0.9977984592847657,0.9932872115489526,0.0016855505383601478,0.0030116602149750094,0.008558528285362578,0.004240517530887507
matrix_free_joint_rank8_int4_per_row_hadamard,pooled_router_square_column_generated,576,1536,37,32,0.7734781901041666,0.9881930913650114,0.993304178256049,0.9975988897514569,0.9929114186406757,0.0015026804280397709,0.002967741345970387,0.005089043060639742,0.0032803851893012
matrix_free_joint_rank8_int4_per_row_hadamard,pooled_router_square_column_generated,576,1536,38,32,0.7734781901041666,0.9937570687830347,0.9970526350721197,0.9988382896539579,0.9967446779452867,0.0015288918440557243,0.0038667662621561516,0.008374716416946372,0.004131976013288581
matrix_free_joint_rank8_int4_per_row_hadamard,pooled_router_square_column_generated,576,1536,39,32,0.7734781901041666,0.9900984465346936,0.9964003497479657,0.9990217353636524,0.9948295217567138,0.00043969037506179647,0.001548037116841261,0.005958320133511353,0.0024822549218879233
matrix_free_joint_rank8_int4_per_row_hadamard,pooled_router_square_column_generated,749,768,0,32,0.9987386067708334,0.9994116963060845,0.9999134891742076,0.9999856035336842,0.999779417664526,4.063584322200331e-06,2.41926083362487e-05,0.00014887330158690483,5.946335901199987e-05
matrix_free_joint_rank8_int4_per_row_hadamard,pooled_router_square_column_generated,749,768,1,32,0.9987386067708334,0.9950937642945694,0.9974326917246865,0.9992138092846614,0.997199728666873,0.0001295348519247508,0.00035837114920844737,0.0007311877232485054,0.00042019588647937076
matrix_free_joint_rank8_int4_per_row_hadamard,pooled_router_square_column_generated,749,768,2,32,0.9987386067708334,0.994272719369783,0.9963942590470284,0.9980112479298211,0.9962113244610179,0.0002538664356896203,0.0005798394039253085,0.001027168570194881,0.0005929040960610497
matrix_free_joint_rank8_int4_per_row_hadamard,pooled_router_square_column_generated,749,768,3,32,0.9987386067708334,0.9927824103061073,0.9951582133118915,0.9974250737983783,0.9952486251433856,0.0003394393010154206,0.0006189453085191365,0.001215382160546097,0.0006936197006192323
matrix_free_joint_rank8_int4_per_row_hadamard,pooled_router_square_column_generated,749,768,4,32,0.9987386067708334,0.9930992892357118,0.996016464686683,0.9981449806808835,0.9959451779669439,0.00027123051212192274,0.0004898992037793426,0.0010626545028294078,0.0006063896011892812
matrix_free_joint_rank8_int4_per_row_hadamard,pooled_router_square_column_generated,749,768,5,32,0.9987386067708334,0.9933166870393222,0.9949711129193513,0.9974829031516762,0.9954884650126321,0.00030026914676377635,0.0006267215915029545,0.0009854237932415688,0.0006118845488961092
matrix_free_joint_rank8_int4_per_row_hadamard,pooled_router_square_column_generated,749,768,6,32,0.9987386067708334,0.9936517392878111,0.9963415897912171,0.9990919832934294,0.9960864427807778,0.00012585546386670866,0.0004705015832210946,0.0011224356943092763,0.0005612637693075441
matrix_free_joint_rank8_int4_per_row_hadamard,pooled_router_square_column_generated,749,768,7,32,0.9987386067708334,0.9926433657501449,0.9953723347783832,0.99789111512485,0.9954561794984464,0.0003045309644489902,0.00048112112160614284,0.0011529603745512155,0.0005957426292581454
matrix_free_joint_rank8_int4_per_row_hadamard,pooled_router_square_column_generated,749,768,8,32,0.9987386067708334,0.9923433493031553,0.9954509058071488,0.9974347607985347,0.994949373785145,0.00032875367042699554,0.0005937166258466187,0.0009927346430097963,0.0006915331491658405
matrix_free_joint_rank8_int4_per_row_hadamard,pooled_router_square_column_generated,749,768,9,32,0.9987386067708334,0.9940781947739787,0.9962060956793908,0.9974647032251878,0.9957345128458805,0.0003017669330337647,0.0005373236783852153,0.0011649872355261937,0.0006023696684272356
matrix_free_joint_rank8_int4_per_row_hadamard,pooled_router_square_column_generated,749,768,10,32,0.9987386067708334,0.9926769996765004,0.9954393238788496,0.9986371328509384,0.9958168373431646,0.000154245288020749,0.0006176927602359328,0.001071071393463674,0.0006267249030402211
matrix_free_joint_rank8_int4_per_row_hadamard,pooled_router_square_column_generated,749,768,11,32,0.9987386067708334,0.9922204717070868,0.9965453575162446,0.9978666590871285,0.9956961281941821,0.0002847909572832208,0.0005447897472684038,0.001196821225405898,0.0006743701234657971
matrix_free_joint_rank8_int4_per_row_hadamard,pooled_router_square_column_generated,749,768,12,32,0.9987386067708334,0.9924930546076636,0.9958173719084875,0.9981398269370774,0.995532835111209,0.00018754072804358924,0.0006444941237178092,0.001000195849884311,0.0006310253375589742
matrix_free_joint_rank8_int4_per_row_hadamard,pooled_router_square_column_generated,749,768,13,32,0.9987386067708334,0.9919762169135025,0.995316380280212,0.9980278134632583,0.9953318726146283,0.00016889206700215764,0.0006128651483663927,0.0010986734936663466,0.0006513346796326348
matrix_free_joint_rank8_int4_per_row_hadamard,pooled_router_square_column_generated,749,768,14,32,0.9987386067708334,0.993620964151881,0.9963349316189041,0.9982365141497819,0.9958887503695095,0.00020879137836152806,0.00047916561107752553,0.0007993932275385141,0.0005247479098902594
matrix_free_joint_rank8_int4_per_row_hadamard,pooled_router_square_column_generated,749,768,15,32,0.9987386067708334,0.9914992733407747,0.9948660804233536,0.9980537857929002,0.9946553818202795,0.00021232301999285497,0.0006608274344513387,0.0013942568353806036,0.0007053085233892503
matrix_free_joint_rank8_int4_per_row_hadamard,pooled_router_square_column_generated,749,768,16,32,0.9987386067708334,0.9931974682523003,0.9952838040023733,0.9985641502945451,0.9955065840496434,0.00023849168244848286,0.0007021907209084355,0.0010475630420032633,0.0006694246575809359
matrix_free_joint_rank8_int4_per_row_hadamard,pooled_router_square_column_generated,749,768,17,32,0.9987386067708334,0.9910301983307128,0.9942818524366512,0.9980547510347677,0.9944355998908025,0.00020265427588866958,0.0007205486355518209,0.0011758959464079567,0.0007691006336062144
matrix_free_joint_rank8_int4_per_row_hadamard,pooled_router_square_column_generated,749,768,18,32,0.9987386067708334,0.992258818577439,0.99522823655492,0.9987728858067364,0.9951638652167274,0.00020665427633422828,0.0006044229600879469,0.001101715489673827,0.0006327831110090575
matrix_free_joint_rank8_int4_per_row_hadamard,pooled_router_square_column_generated,749,768,19,32,0.9987386067708334,0.9930590911302994,0.996616050977088,0.998740338956266,0.9960031046841462,0.00019154783383331652,0.00047768796356040255,0.0011362608976591474,0.0005601353232748754
matrix_free_joint_rank8_int4_per_row_hadamard,pooled_router_square_column_generated,749,768,20,32,0.9987386067708334,0.992245320035201,0.9954422162871635,0.9984553951706091,0.9952498783447017,0.00019882908051016557,0.0005536422087530357,0.0011007180353373891,0.0006242777669503569
matrix_free_joint_rank8_int4_per_row_hadamard,pooled_router_square_column_generated,749,768,21,32,0.9987386067708334,0.993343945413705,0.9962968239892288,0.9983795061276078,0.9961344114487001,0.00025438872580985095,0.0006018086485263252,0.0011180988028235866,0.0006555717143295441
matrix_free_joint_rank8_int4_per_row_hadamard,pooled_router_square_column_generated,749,768,22,32,0.9987386067708334,0.992148457734377,0.9957905730595165,0.9985227998487604,0.9955307173065067,0.00021877562051524356,0.0005379051995869077,0.0010663235680109186,0.0006169994165876255
matrix_free_joint_rank8_int4_per_row_hadamard,pooled_router_square_column_generated,749,768,23,32,0.9987386067708334,0.9920573734343735,0.9959482341499637,0.9987777772721248,0.9955027948535998,0.0001873233121344131,0.0005101318166106927,0.0009754163790652415,0.0005494011237526936
matrix_free_joint_rank8_int4_per_row_hadamard,pooled_router_square_column_generated,749,768,24,32,0.9987386067708334,0.9922966203792657,0.994985319822397,0.9968869074628794,0.9947994538638781,0.00039052597481320506,0.0007652884056769671,0.001201003561230285,0.0007952313390332012
matrix_free_joint_rank8_int4_per_row_hadamard,pooled_router_square_column_generated,749,768,25,32,0.9987386067708334,0.9912471002849058,0.994766776472944,0.9981881859501942,0.9943360845378967,0.0002426670243036555,0.0006567929372067738,0.0011059336441884393,0.0006829764229928786
matrix_free_joint_rank8_int4_per_row_hadamard,pooled_router_square_column_generated,749,768,26,32,0.9987386067708334,0.9933896632292595,0.9954292792322911,0.9982054721990415,0.9954964853339158,0.00019683302411390712,0.0004308320620290407,0.0011792513472554502,0.0005922725095329692
matrix_free_joint_rank8_int4_per_row_hadamard,pooled_router_square_column_generated,749,768,27,32,0.9987386067708334,0.9912021073167635,0.9956836586523734,0.9974862004847077,0.9950838738659972,0.0002527770152929154,0.000594152575552509,0.0012893898604874672,0.0007186974098406136
matrix_free_joint_rank8_int4_per_row_hadamard,pooled_router_square_column_generated,749,768,28,32,0.9987386067708334,0.9928771970043242,0.994869617373753,0.997328425325022,0.9950100182965941,0.0003416544388498366,0.0007253682510682813,0.0015334044078777367,0.00083197711967338
matrix_free_joint_rank8_int4_per_row_hadamard,pooled_router_square_column_generated,749,768,29,32,0.9987386067708334,0.9944211577283323,0.9963921157276974,0.9984588127157443,0.9963826420562545,0.0001819092542772127,0.0003853926401464758,0.0007987761097965287,0.00043031638849484743
matrix_free_joint_rank8_int4_per_row_hadamard,pooled_router_square_column_generated,749,768,30,32,0.9987386067708334,0.9935097006087079,0.9958007642980486,0.9980630566496327,0.9956423814158777,0.0001928873301271117,0.00047758700792005504,0.0009088879993242926,0.0005611860453333742
matrix_free_joint_rank8_int4_per_row_hadamard,pooled_router_square_column_generated,749,768,31,32,0.9987386067708334,0.9942686312772676,0.9967067006662944,0.9978105454014897,0.9963219018174343,0.00021418282479183093,0.0005700001791374976,0.0009262573319269052,0.0005423271120465097
matrix_free_joint_rank8_int4_per_row_hadamard,pooled_router_square_column_generated,749,768,32,32,0.9987386067708334,0.9937249183091963,0.9973567031319074,0.9985046818268944,0.9964870930891603,0.0001963308661286911,0.00043988520292359556,0.0007101391599650397,0.0005034363248130717
matrix_free_joint_rank8_int4_per_row_hadamard,pooled_router_square_column_generated,749,768,33,32,0.9987386067708334,0.9953293734147964,0.9975797783011668,0.9992074200530922,0.997371600629386,0.00013773036075543922,0.00035745311775070565,0.0007295552638668658,0.00041028708960460375
matrix_free_joint_rank8_int4_per_row_hadamard,pooled_router_square_column_generated,749,768,34,32,0.9987386067708334,0.9959968494297898,0.9975846368712037,0.9984311277757597,0.9973684508090886,0.00019402527629897026,0.00033493474270346324,0.0006272288595591592,0.0003976638475861709
matrix_free_joint_rank8_int4_per_row_hadamard,pooled_router_square_column_generated,749,768,35,32,0.9987386067708334,0.9922059327755258,0.9960554387331777,0.9981546295212209,0.9958253807740615,0.0002475740230510337,0.0004126666432688886,0.0007859400389355843,0.000516835968560822
matrix_free_joint_rank8_int4_per_row_hadamard,pooled_router_square_column_generated,749,768,36,32,0.9987386067708334,0.9941707051964903,0.9962888283738249,0.9983953319305354,0.9963455638367511,0.00020561519124314697,0.0004252319691401274,0.000760748407467815,0.0004700009201402608
matrix_free_joint_rank8_int4_per_row_hadamard,pooled_router_square_column_generated,749,768,37,32,0.9987386067708334,0.9943743689581279,0.9967604774715411,0.9985252495497788,0.9966184034867838,0.00016359223888333664,0.00036755258071818897,0.0007550929827991771,0.0004442664770195927
matrix_free_joint_rank8_int4_per_row_hadamard,pooled_router_square_column_generated,749,768,38,32,0.9987386067708334,0.9960227635712744,0.9977894060821708,0.9989295372413423,0.9975774893242719,0.00015551330575932498,0.000325992780907558,0.0007455293405996377,0.00037433598146460745
matrix_free_joint_rank8_int4_per_row_hadamard,pooled_router_square_column_generated,749,768,39,32,0.9987386067708334,0.9951077936019472,0.9982166164189075,0.9996261646111286,0.9975872904778105,5.579563962485601e-05,0.00021885004591731816,0.0006410088988680675,0.0003074974863012461
matrix_free_joint_rank8_int4_per_row_hadamard,pooled_router_square_column_generated,749,1152,0,32,0.9987386067708334,0.9999124778647221,0.999994212538172,0.9999989640085272,0.9999648781062386,1.6445936506503944e-05,0.00010949255312131534,0.0006606512795533706,0.0002449238007246578
matrix_free_joint_rank8_int4_per_row_hadamard,pooled_router_square_column_generated,749,1152,1,32,0.9987386067708334,0.9971903732545885,0.9986457952541796,0.9995860528831285,0.9983777509079692,0.0005085268861252823,0.0012870452545419853,0.003545493592367734,0.0015982181275756187
matrix_free_joint_rank8_int4_per_row_hadamard,pooled_router_square_column_generated,749,1152,2,32,0.9987386067708334,0.9972059625908042,0.9986435708512111,0.9993961899755238,0.9984000347571613,0.0010030622675676782,0.002675146012744767,0.004657621761769105,0.0027816143922044893
matrix_free_joint_rank8_int4_per_row_hadamard,pooled_router_square_column_generated,749,1152,3,32,0.9987386067708334,0.9953368946089958,0.9980123189818666,0.9991870151359233,0.9975108976026428,0.0013883761610052892,0.0025156502757334165,0.005290689157070717,0.0029558921598762805
matrix_free_joint_rank8_int4_per_row_hadamard,pooled_router_square_column_generated,749,1152,4,32,0.9987386067708334,0.9964547605791673,0.9983191970467248,0.9993835012174039,0.9980849809137355,0.0011147482384500807,0.002496882345582263,0.0049122954476478525,0.002746192547980815
matrix_free_joint_rank8_int4_per_row_hadamard,pooled_router_square_column_generated,749,1152,5,32,0.9987386067708334,0.9958378389579463,0.9975434581199343,0.9994009133408933,0.9973918082578186,0.0014034777463132087,0.0023230979929306783,0.004098214237269671,0.0025152277940826313
matrix_free_joint_rank8_int4_per_row_hadamard,pooled_router_square_column_generated,749,1152,6,32,0.9987386067708334,0.997377569487444,0.9986435168337958,0.9995407593957664,0.9982221468512587,0.0005447504091189771,0.0024792482392487214,0.005071208106036431,0.0026969678397883168
matrix_free_joint_rank8_int4_per_row_hadamard,pooled_router_square_column_generated,749,1152,7,32,0.9987386067708334,0.9953828354463844,0.9972752956617683,0.998844485833385,0.997089448770867,0.000556401307515797,0.001757965303931297,0.005219166073142102,0.002229011901678686
matrix_free_joint_rank8_int4_per_row_hadamard,pooled_router_square_column_generated,749,1152,8,32,0.9987386067708334,0.9951199878930318,0.9974659548268925,0.9987490179298988,0.9971824663674558,0.0011820635910403054,0.002281023928082382,0.004949824468764975,0.0029246257314765878
matrix_free_joint_rank8_int4_per_row_hadamard,pooled_router_square_column_generated,749,1152,9,32,0.9987386067708334,0.9964547600191572,0.9981194026084003,0.998939863125329,0.9977670440182731,0.0012979471780355189,0.0022728803521842034,0.004395868356812905,0.0026349008408198503
matrix_free_joint_rank8_int4_per_row_hadamard,pooled_router_square_column_generated,749,1152,10,32,0.9987386067708334,0.9955842309407648,0.9977285490468196,0.9995577764316712,0.9975809036072585,0.00036724251060014094,0.0022608057656941516,0.005245510306537305,0.002390791167134077
matrix_free_joint_rank8_int4_per_row_hadamard,pooled_router_square_column_generated,749,1152,11,32,0.9987386067708334,0.9955641342363962,0.9979409218123774,0.9990508360137704,0.9975162030349805,0.001002835486158915,0.00201965954890454,0.004947724571559209,0.00249444496426416
matrix_free_joint_rank8_int4_per_row_hadamard,pooled_router_square_column_generated,749,1152,12,32,0.9987386067708334,0.9959171398170233,0.9981360509524309,0.9991099234197479,0.9977475885687095,0.0005667487007416706,0.0026776932289177546,0.005456351898508961,0.0028457787950593554
matrix_free_joint_rank8_int4_per_row_hadamard,pooled_router_square_column_generated,749,1152,13,32,0.9987386067708334,0.9957284324146413,0.9974178299992482,0.9992221224112936,0.9974037690474014,0.0009967640338303329,0.002166208442101858,0.005117639527282104,0.0027232311124056954
matrix_free_joint_rank8_int4_per_row_hadamard,pooled_router_square_column_generated,749,1152,14,32,0.9987386067708334,0.9947728873378744,0.99690432676664,0.9989153664172624,0.9968639054993277,0.0004000561415477222,0.001327886518973198,0.0026920581929373304,0.0014999030397083862
matrix_free_joint_rank8_int4_per_row_hadamard,pooled_router_square_column_generated,749,1152,15,32,0.9987386067708334,0.9939370066249088,0.9963786533502152,0.9990706279783796,0.9964899894685377,0.0004956203835634999,0.002057890004534213,0.005266103807564205,0.0025399161716474702
matrix_free_joint_rank8_int4_per_row_hadamard,pooled_router_square_column_generated,749,1152,16,32,0.9987386067708334,0.9961195789384992,0.9977195958857611,0.9995508487756773,0.9977130470190496,0.001024282498919582,0.0026571253815698137,0.004673547835441261,0.0028758876269871676
matrix_free_joint_rank8_int4_per_row_hadamard,pooled_router_square_column_generated,749,1152,17,32,0.9987386067708334,0.9953162300515891,0.9967605830964361,0.9989416495293663,0.9969634970089676,0.0009051363844349902,0.0031242073870843545,0.0060113588304670515,0.0032969977517712315
matrix_free_joint_rank8_int4_per_row_hadamard,pooled_router_square_column_generated,749,1152,18,32,0.9987386067708334,0.9941403858060784,0.9974868252866161,0.9994245615534019,0.996954455721019,0.0005710081450934212,0.001812720997201478,0.004543024461175016,0.002423373615300789
matrix_free_joint_rank8_int4_per_row_hadamard,pooled_router_square_column_generated,749,1152,19,32,0.9987386067708334,0.9944057239469681,0.9979622821657068,0.9993156657271798,0.9974188789115332,0.0005815995643255634,0.0016988498822633202,0.003545640162484865,0.0019759095506619757
matrix_free_joint_rank8_int4_per_row_hadamard,pooled_router_square_column_generated,749,1152,20,32,0.9987386067708334,0.9942697240358701,0.996848822251418,0.9992967064297935,0.9967946784152946,0.0008687448231614936,0.001927855441397952,0.004090248580311729,0.0021690778375430923
matrix_free_joint_rank8_int4_per_row_hadamard,pooled_router_square_column_generated,749,1152,21,32,0.9987386067708334,0.9977073522391359,0.9988854798190671,0.9994804876608351,0.9986573110947246,0.0008431537153588797,0.003112525756201301,0.004810487338933956,0.003178471360354044
matrix_free_joint_rank8_int4_per_row_hadamard,pooled_router_square_column_generated,749,1152,22,32,0.9987386067708334,0.9950490982374874,0.997265580933018,0.9988789491670712,0.9968933963007376,0.000576957181025528,0.0019629990889336035,0.003845300433642796,0.001979678410818607
matrix_free_joint_rank8_int4_per_row_hadamard,pooled_router_square_column_generated,749,1152,23,32,0.9987386067708334,0.9938249476963661,0.9973232599197257,0.9993466788342256,0.9969973540652162,0.0007048149066851806,0.0017985186221890492,0.0033098126042428126,0.0020439603353690737
matrix_free_joint_rank8_int4_per_row_hadamard,pooled_router_square_column_generated,749,1152,24,32,0.9987386067708334,0.9968733214466291,0.9982463603745155,0.9990917761965559,0.997984127306083,0.0017205297279005438,0.0032310865552573897,0.006934438185657877,0.003979904781238143
matrix_free_joint_rank8_int4_per_row_hadamard,pooled_router_square_column_generated,749,1152,25,32,0.9987386067708334,0.9945422168705865,0.9966279759390575,0.9991580245634472,0.9965590353258975,0.0009021099749469852,0.0026816572451705545,0.00528309133226842,0.0029059272109936522
matrix_free_joint_rank8_int4_per_row_hadamard,pooled_router_square_column_generated,749,1152,26,32,0.9987386067708334,0.9950730365688646,0.9971867500143781,0.998877640701805,0.9971674584190141,0.0005659380481321308,0.0015654297057860478,0.004602689936585037,0.0022632455946312753
matrix_free_joint_rank8_int4_per_row_hadamard,pooled_router_square_column_generated,749,1152,27,32,0.9987386067708334,0.9956863100409084,0.9974068703346337,0.9989097469007934,0.9974053891407074,0.0008202211301861052,0.002011438647503583,0.006266188181002054,0.003040212684550875
matrix_free_joint_rank8_int4_per_row_hadamard,pooled_router_square_column_generated,749,1152,28,32,0.9987386067708334,0.9951024202196664,0.9974538652457308,0.9988478486832563,0.9972486971619567,0.0011673849072007304,0.0028909881093377443,0.00480058050704344,0.003070655985036058
matrix_free_joint_rank8_int4_per_row_hadamard,pooled_router_square_column_generated,749,1152,29,32,0.9987386067708334,0.9965000887554523,0.9979511765979785,0.9989527198574969,0.997869467136453,0.0006081992227503497,0.001737328819672035,0.003995523386070455,0.0019171414686932342
matrix_free_joint_rank8_int4_per_row_hadamard,pooled_router_square_column_generated,749,1152,30,32,0.9987386067708334,0.9952670388289052,0.9973169428075084,0.9991797800076334,0.9970801563084187,0.0006643975347758624,0.0019107511149026313,0.0033872822443066337,0.0019989609378742827
matrix_free_joint_rank8_int4_per_row_hadamard,pooled_router_square_column_generated,749,1152,31,32,0.9987386067708334,0.9969317126211461,0.9981419336814072,0.9989089311011916,0.9979165591053305,0.0006887043107688506,0.0018802330781760856,0.003903925633134276,0.002136984399942664
matrix_free_joint_rank8_int4_per_row_hadamard,pooled_router_square_column_generated,749,1152,32,32,0.9987386067708334,0.9952264042071978,0.9984522128403542,0.9992090858878403,0.9977251212287961,0.0007095585820257155,0.0014730237151843184,0.003261723212966473,0.0017414644644487658
matrix_free_joint_rank8_int4_per_row_hadamard,pooled_router_square_column_generated,749,1152,33,32,0.9987386067708334,0.9976206320228458,0.9989030029271286,0.9995797875642004,0.9986493888306074,0.0005010784171696758,0.0016617341397802132,0.0029599963597376606,0.0016880752908261416
matrix_free_joint_rank8_int4_per_row_hadamard,pooled_router_square_column_generated,749,1152,34,32,0.9987386067708334,0.996628653559344,0.9983227918542861,0.9989556026878308,0.9980757464856945,0.000602356592870168,0.0011247152419660567,0.0016536954763911706,0.0011049595241921818
matrix_free_joint_rank8_int4_per_row_hadamard,pooled_router_square_column_generated,749,1152,35,32,0.9987386067708334,0.9931343928925812,0.9973418112364086,0.9988984521863763,0.9968563705330111,0.0007648147349666456,0.0012670071476504896,0.002287188868977308,0.0015478257275105094
matrix_free_joint_rank8_int4_per_row_hadamard,pooled_router_square_column_generated,749,1152,36,32,0.9987386067708334,0.9964046911824347,0.9975451790088273,0.9991999338272003,0.997546167884287,0.000818299206890738,0.0012122953005767045,0.0031354608679744268,0.0016706049676760634
matrix_free_joint_rank8_int4_per_row_hadamard,pooled_router_square_column_generated,749,1152,37,32,0.9987386067708334,0.9956971713045003,0.9973777529701988,0.99918576424231,0.9974357423748617,0.0005650407793328039,0.001186094517885261,0.0022008979425845233,0.001261605365097434
matrix_free_joint_rank8_int4_per_row_hadamard,pooled_router_square_column_generated,749,1152,38,32,0.9987386067708334,0.997790980920621,0.9989862923344198,0.9995662604873673,0.9988000020223216,0.0005734727696441677,0.0014695556558806944,0.0031927494279369935,0.0015968486795143143
matrix_free_joint_rank8_int4_per_row_hadamard,pooled_router_square_column_generated,749,1152,39,32,0.9987386067708334,0.9964951145139562,0.9987216388636022,0.9996515643827613,0.9981719346446256,0.00015023391057858993,0.0005909306269446524,0.0022759969021514575,0.0008921416531162928
matrix_free_joint_rank8_int4_per_row_hadamard,pooled_router_square_column_generated,749,1536,0,32,0.9987386067708334,0.9999127816094413,0.999994212538172,0.9999989640085272,0.9999659957799067,1.6445936506503944e-05,0.00010949255312131534,0.0006633887746865022,0.0002460414743928087
matrix_free_joint_rank8_int4_per_row_hadamard,pooled_router_square_column_generated,749,1536,1,32,0.9987386067708334,0.9971903732545885,0.9986457952541796,0.9995860528831285,0.9983795992473747,0.0005085268861252823,0.0012870452545419853,0.003545493592367734,0.0016000664669810621
matrix_free_joint_rank8_int4_per_row_hadamard,pooled_router_square_column_generated,749,1536,2,32,0.9987386067708334,0.9972059625908042,0.9986435708512111,0.9995755673350967,0.9984340742305109,0.0010382662540292299,0.002682908917082061,0.004676826875397933,0.002815653865554088
matrix_free_joint_rank8_int4_per_row_hadamard,pooled_router_square_column_generated,749,1536,3,32,0.9987386067708334,0.9953368946089958,0.998002034398747,0.9992083044365896,0.9975356862789833,0.0013883761610052892,0.0026100490055624426,0.005297854169788131,0.0029806808362167897
matrix_free_joint_rank8_int4_per_row_hadamard,pooled_router_square_column_generated,749,1536,4,32,0.9987386067708334,0.9964547605791673,0.9983191970467248,0.9993797854211884,0.9980943588336867,0.0011147482384500807,0.0025165123022830582,0.00491100947019153,0.0027555704679319594
matrix_free_joint_rank8_int4_per_row_hadamard,pooled_router_square_column_generated,749,1536,5,32,0.9987386067708334,0.9958378389579463,0.9975526167011024,0.9994094324530027,0.9973991666646349,0.0014193890031819478,0.0023235088577024943,0.004098214237269671,0.0025225862008989193
matrix_free_joint_rank8_int4_per_row_hadamard,pooled_router_square_column_generated,749,1536,6,32,0.9987386067708334,0.9973819620751654,0.9986435168337958,0.9995548578081717,0.9982389792252075,0.000549559018814605,0.0024792482392487214,0.005083103540537117,0.002713800213737117
matrix_free_joint_rank8_int4_per_row_hadamard,pooled_router_square_column_generated,749,1536,7,32,0.9987386067708334,0.9953828354463844,0.9972752956617683,0.998844485833385,0.9970933552719863,0.000556401307515797,0.001757965303931297,0.005219166073142102,0.00223291840279799
matrix_free_joint_rank8_int4_per_row_hadamard,pooled_router_square_column_generated,749,1536,8,32,0.9987386067708334,0.9951711362584625,0.9974659548268925,0.9987661441504513,0.9972024476203264,0.0011820635910403054,0.0022955591001793674,0.004949824468764975,0.002944606984347172
matrix_free_joint_rank8_int4_per_row_hadamard,pooled_router_square_column_generated,749,1536,9,32,0.9987386067708334,0.9964547600191572,0.9981182508899691,0.9989417177415191,0.9977661484868496,0.0012979471780355189,0.0022467003573335975,0.004395868356812905,0.0026340053093964096
matrix_free_joint_rank8_int4_per_row_hadamard,pooled_router_square_column_generated,749,1536,10,32,0.9987386067708334,0.9955842309407648,0.9977285490468196,0.9997274292115903,0.99759546924721,0.00036724251060014094,0.0022608057656941516,0.005244533068952351,0.0024053568070856353
matrix_free_joint_rank8_int4_per_row_hadamard,pooled_router_square_column_generated,749,1536,11,32,0.9987386067708334,0.9955641342363962,0.9979409218123774,0.9990636191803269,0.9975166431453872,0.001002835486158915,0.00201965954890454,0.004947724571559209,0.0024948850746709487
matrix_free_joint_rank8_int4_per_row_hadamard,pooled_router_square_column_generated,749,1536,12,32,0.9987386067708334,0.9959171398170233,0.9981360509524309,0.9991301945452671,0.9977541097797604,0.0005667487007416706,0.002698419406385877,0.005457961470957752,0.002852300006110347
matrix_free_joint_rank8_int4_per_row_hadamard,pooled_router_square_column_generated,749,1536,13,32,0.9987386067708334,0.9957284324146413,0.9974178299992482,0.9992221224112936,0.9974031393750754,0.0009967640338303329,0.002166208442101858,0.005117639527282104,0.0027226014400796965
matrix_free_joint_rank8_int4_per_row_hadamard,pooled_router_square_column_generated,749,1536,14,32,0.9987386067708334,0.9947728873378744,0.99690432676664,0.9989153664172624,0.9968704734740087,0.0004000561415477222,0.001327886518973198,0.002718642272138206,0.0015064710143894398
matrix_free_joint_rank8_int4_per_row_hadamard,pooled_router_square_column_generated,749,1536,15,32,0.9987386067708334,0.9939370066249088,0.9963786533502152,0.9990739991155644,0.996498281862523,0.0004956203835634999,0.002057890004534213,0.005260698337643311,0.002548208565632832
matrix_free_joint_rank8_int4_per_row_hadamard,pooled_router_square_column_generated,749,1536,16,32,0.9987386067708334,0.9961195789384992,0.9977195958857611,0.9995568816756383,0.9977148902671931,0.0010241876090108404,0.0026493455607443095,0.004673547835441261,0.0028777308751305117
matrix_free_joint_rank8_int4_per_row_hadamard,pooled_router_square_column_generated,749,1536,17,32,0.9987386067708334,0.9953162300515891,0.9967605830964361,0.9989416495293663,0.9969674254480609,0.0009051363844349902,0.0031242073870843545,0.0060113588304670515,0.0033009261908645525
matrix_free_joint_rank8_int4_per_row_hadamard,pooled_router_square_column_generated,749,1536,18,32,0.9987386067708334,0.9941403858060784,0.9974868252866161,0.9994245615534019,0.9969566966433512,0.0005710081450934212,0.001812720997201478,0.004547412224442738,0.0024256145376328406
matrix_free_joint_rank8_int4_per_row_hadamard,pooled_router_square_column_generated,749,1536,19,32,0.9987386067708334,0.9944057239469681,0.9979622821657068,0.9993196352476875,0.9974248194789831,0.0005815995643255634,0.0016988498822633202,0.0035496180811213423,0.001981850118111826
matrix_free_joint_rank8_int4_per_row_hadamard,pooled_router_square_column_generated,749,1536,20,32,0.9987386067708334,0.9942697240358701,0.996848822251418,0.9993073191998768,0.9968016739625695,0.0008687448231614936,0.001927855441397952,0.004120783970391095,0.002176073384818053
matrix_free_joint_rank8_int4_per_row_hadamard,pooled_router_square_column_generated,749,1536,21,32,0.9987386067708334,0.9977077988939845,0.9989224759826862,0.9995182707357159,0.9986839794478171,0.0008431537153588797,0.003112525756201301,0.004908364082247997,0.0032051397134465545
matrix_free_joint_rank8_int4_per_row_hadamard,pooled_router_square_column_generated,749,1536,22,32,0.9987386067708334,0.9950490982374874,0.997265580933018,0.9988789491670712,0.9968928758162965,0.000576957181025528,0.0019629990889336035,0.003845300433642796,0.0019791579263774527
matrix_free_joint_rank8_int4_per_row_hadamard,pooled_router_square_column_generated,749,1536,23,32,0.9987386067708334,0.9938249476963661,0.9973232599197257,0.9993462265670126,0.9969968415371528,0.0007048149066851806,0.0017985186221890492,0.0033098126042428126,0.002043447807305778
matrix_free_joint_rank8_int4_per_row_hadamard,pooled_router_square_column_generated,749,1536,24,32,0.9987386067708334,0.996873922177169,0.9982531729931472,0.9991005583553856,0.9980062821288754,0.0017241985209091259,0.0032310865552573897,0.007135990972006868,0.004002059604030508
matrix_free_joint_rank8_int4_per_row_hadamard,pooled_router_square_column_generated,749,1536,25,32,0.9987386067708334,0.9945422168705865,0.9966279759390575,0.9991580245634472,0.9965660872655394,0.000902340248099176,0.0026816572451705545,0.00528309133226842,0.0029129791506356494
matrix_free_joint_rank8_int4_per_row_hadamard,pooled_router_square_column_generated,749,1536,26,32,0.9987386067708334,0.9950730365688646,0.9972216401965899,0.998877640701805,0.9971839501229713,0.0005659380481321308,0.0015654297057860478,0.004609667973027399,0.0022797372985884877
matrix_free_joint_rank8_int4_per_row_hadamard,pooled_router_square_column_generated,749,1536,27,32,0.9987386067708334,0.9956863100409084,0.9974068703346337,0.9989128664740949,0.997408640048738,0.0008202211301861052,0.002011438647503583,0.006345552240590448,0.0030434635925815426
matrix_free_joint_rank8_int4_per_row_hadamard,pooled_router_square_column_generated,749,1536,28,32,0.9987386067708334,0.9951024202196664,0.997450781693283,0.9988502691665608,0.9972552167857914,0.0011673849072007304,0.0028909881093377443,0.004822364856784534,0.0030771756088707955
matrix_free_joint_rank8_int4_per_row_hadamard,pooled_router_square_column_generated,749,1536,29,32,0.9987386067708334,0.9965000887554523,0.997950620926886,0.998930664103991,0.9978720368275764,0.0006081992227503497,0.001737328819672035,0.004054559762693634,0.001919711159816713
matrix_free_joint_rank8_int4_per_row_hadamard,pooled_router_square_column_generated,749,1536,30,32,0.9987386067708334,0.9952670388289052,0.9973169428075084,0.9991830583435112,0.9970788822549439,0.0006643975347758624,0.0019107511149026313,0.0033872822443066337,0.001997686884399545
matrix_free_joint_rank8_int4_per_row_hadamard,pooled_router_square_column_generated,749,1536,31,32,0.9987386067708334,0.9969317126211461,0.9981419336814072,0.9989089311011916,0.997920540638809,0.0006887043107688506,0.0018802330781760856,0.003903925633134276,0.0021409659334212586
matrix_free_joint_rank8_int4_per_row_hadamard,pooled_router_square_column_generated,749,1536,32,32,0.9987386067708334,0.9952264042071978,0.9984522128403542,0.9992090858878403,0.9977255638494502,0.0007095585820257155,0.0014730237151843184,0.003277743800332989,0.00174190708510304
matrix_free_joint_rank8_int4_per_row_hadamard,pooled_router_square_column_generated,749,1536,33,32,0.9987386067708334,0.9976206320228458,0.9989030029271286,0.9995823187936507,0.9986565748671152,0.0005010784171696758,0.0016764240228705485,0.0030034992211565477,0.001695261327333851
matrix_free_joint_rank8_int4_per_row_hadamard,pooled_router_square_column_generated,749,1536,34,32,0.9987386067708334,0.996628653559344,0.9983227918542861,0.9989556026878308,0.9980767117485365,0.000602356592870168,0.0011247152419660567,0.001655795547811645,0.0011059247870340502
matrix_free_joint_rank8_int4_per_row_hadamard,pooled_router_square_column_generated,749,1536,35,32,0.9987386067708334,0.9931343928925812,0.9973418112364086,0.9988984521863763,0.9968563705330111,0.0007648147349666456,0.0012670071476504896,0.002287188868977308,0.0015478257275105094
matrix_free_joint_rank8_int4_per_row_hadamard,pooled_router_square_column_generated,749,1536,36,32,0.9987386067708334,0.9964046911824347,0.9975451790088273,0.9991999338272003,0.9975439605414751,0.000818299206890738,0.0012122953005767045,0.0031246706857372187,0.0016683976248641381
matrix_free_joint_rank8_int4_per_row_hadamard,pooled_router_square_column_generated,749,1536,37,32,0.9987386067708334,0.9956943327598448,0.9973777529701988,0.99918576424231,0.9974348553296568,0.0005650407793328039,0.001186094517885261,0.0022008979425845233,0.0012607183198925787
matrix_free_joint_rank8_int4_per_row_hadamard,pooled_router_square_column_generated,749,1536,38,32,0.9987386067708334,0.997790980920621,0.9989899304977974,0.9995722281838095,0.9988103820839941,0.000578364878518578,0.0014731938192583116,0.003197895680952125,0.001607228741186826
matrix_free_joint_rank8_int4_per_row_hadamard,pooled_router_square_column_generated,749,1536,39,32,0.9987386067708334,0.9964951145139562,0.9987216388636022,0.9996515643827613,0.9981713279262387,0.00015332393815810087,0.0005909306269446524,0.002256220593590498,0.0008915349347294876
matrix_free_joint_rank8_int4_per_row_hadamard,pooled_router_square_column_generated,768,768,0,32,1.0234781901041667,0.9994164815492504,0.9999134891742076,0.9999856035336842,0.9997796135946433,1.681128688035827e-07,3.640239891133934e-06,2.6703049704590594e-05,1.148638315039141e-05
matrix_free_joint_rank8_int4_per_row_hadamard,pooled_router_square_column_generated,768,768,1,32,1.0234781901041667,0.9952293687903176,0.9975417392810668,0.9992166756780613,0.9972737915433189,2.672420956499888e-05,9.82547419551838e-05,0.0002566703415693095,0.00012870385899085846
matrix_free_joint_rank8_int4_per_row_hadamard,pooled_router_square_column_generated,768,768,2,32,1.0234781901041667,0.9945298553363612,0.9964209955449386,0.9980436008002286,0.9962796051059426,3.4017142311648654e-05,0.00012465519276216863,0.0003546958021071634,0.00015737838812543078
matrix_free_joint_rank8_int4_per_row_hadamard,pooled_router_square_column_generated,768,768,3,32,1.0234781901041667,0.9929304384181722,0.995258614500744,0.9974502449283157,0.9953546448170064,2.9239649316492588e-05,0.00015489479528846273,0.00041087868995919334,0.00018282018688917448
matrix_free_joint_rank8_int4_per_row_hadamard,pooled_router_square_column_generated,768,768,4,32,1.0234781901041667,0.9931288485535712,0.9961207634599145,0.9981468373230443,0.9960257315484381,1.327683189565887e-05,0.00012484270731505376,0.0003334656834905859,0.00015868571273593493
matrix_free_joint_rank8_int4_per_row_hadamard,pooled_router_square_column_generated,768,768,5,32,1.0234781901041667,0.9935095658306768,0.9952139823510908,0.9975646256825718,0.9956153650947048,7.87268700089383e-05,0.0001439834837673737,0.00041045717730857644,0.00020227776385124338
matrix_free_joint_rank8_int4_per_row_hadamard,pooled_router_square_column_generated,768,768,6,32,1.0234781901041667,0.9936938481307542,0.9963860584233851,0.9991210533603695,0.9961808943689889,3.644857474122132e-05,0.00015195990094385436,0.00043286074791262265,0.00019410906563085278
matrix_free_joint_rank8_int4_per_row_hadamard,pooled_router_square_column_generated,768,768,7,32,1.0234781901041667,0.9926873121595715,0.9955976629831015,0.9979365190423378,0.9955935034382295,3.164848331583814e-05,0.0001670624016482103,0.0003598366583206004,0.00018627353298202032
matrix_free_joint_rank8_int4_per_row_hadamard,pooled_router_square_column_generated,768,768,8,32,1.0234781901041667,0.9925332123265146,0.9955570321683642,0.9974837383404925,0.9950725792217869,5.155437104026328e-05,0.00021525922280957177,0.0003663761560766088,0.0002482457471779456
matrix_free_joint_rank8_int4_per_row_hadamard,pooled_router_square_column_generated,768,768,9,32,1.0234781901041667,0.9942887763080455,0.9963507642641132,0.9974997563797157,0.9958603814395386,7.756392825232216e-05,0.00016577326931704883,0.00034340807225533574,0.00019088953319072732
matrix_free_joint_rank8_int4_per_row_hadamard,pooled_router_square_column_generated,768,768,10,32,1.0234781901041667,0.992873489659143,0.9955100100905137,0.9986755134567007,0.9959359985808077,1.6250120958116734e-05,0.0001645407688585232,0.0003178964797074913,0.00018266842042383852
matrix_free_joint_rank8_int4_per_row_hadamard,pooled_router_square_column_generated,768,768,11,32,1.0234781901041667,0.992334025873796,0.9965992766446615,0.9979449739703408,0.9958017357779507,4.2087522514189236e-05,0.000154320701981292,0.0005236579440513814,0.0002329547079218848
matrix_free_joint_rank8_int4_per_row_hadamard,pooled_router_square_column_generated,768,768,12,32,1.0234781901041667,0.9925297334643384,0.9959405905733176,0.9981869396966799,0.9956325874408197,5.809055131146268e-05,0.00014072593894942642,0.0003742790768096139,0.00018257495159561266
matrix_free_joint_rank8_int4_per_row_hadamard,pooled_router_square_column_generated,768,768,13,32,1.0234781901041667,0.9920590135387065,0.9954820966833031,0.9980261631365439,0.9954450323045343,4.340197727509265e-05,0.0001745022756677317,0.0003706242132977212,0.00018524996315079367
matrix_free_joint_rank8_int4_per_row_hadamard,pooled_router_square_column_generated,768,768,14,32,1.0234781901041667,0.9939190807734793,0.9964436321468195,0.9982576099490145,0.9960582477489304,4.5723889676485555e-05,0.0001460248297386335,0.0003335571763567358,0.00017362484789413407
matrix_free_joint_rank8_int4_per_row_hadamard,pooled_router_square_column_generated,768,768,15,32,1.0234781901041667,0.9921128843065117,0.9949101111458856,0.9981037217496228,0.9948395969802035,3.7222885551968517e-05,0.00019611850515527385,0.0005511410072231995,0.0002481233211229228
matrix_free_joint_rank8_int4_per_row_hadamard,pooled_router_square_column_generated,768,768,16,32,1.0234781901041667,0.9933228447511651,0.9953489531154012,0.99857884901827,0.9956129157613787,3.5767078843607083e-05,0.0001809477049607433,0.0004605609291476687,0.00023662461558741216
matrix_free_joint_rank8_int4_per_row_hadamard,pooled_router_square_column_generated,768,768,17,32,1.0234781901041667,0.9912776091746812,0.994486369247823,0.9981023320032174,0.9945819271361999,5.068914442245554e-05,0.00020900704248233426,0.0004651739658543931,0.00024463163280603883
matrix_free_joint_rank8_int4_per_row_hadamard,pooled_router_square_column_generated,768,768,18,32,1.0234781901041667,0.992405988755324,0.9953865220015176,0.9987688837800182,0.995344313136463,1.6530174247542108e-05,0.00016610241561204608,0.0004100888909845835,0.00020995034625341177
matrix_free_joint_rank8_int4_per_row_hadamard,pooled_router_square_column_generated,768,768,19,32,1.0234781901041667,0.9932294154144039,0.9967569606309754,0.9987769191025773,0.996138979146967,3.8979445298703565e-05,0.00015605153229658608,0.0004484822840043036,0.0002258194309763678
matrix_free_joint_rank8_int4_per_row_hadamard,pooled_router_square_column_generated,768,768,20,32,1.0234781901041667,0.9926869906201412,0.9955696273154335,0.9985051505345222,0.9954388852089802,3.934359864853354e-05,0.00014623294411325594,0.0002994785412158918,0.00017011849307306884
matrix_free_joint_rank8_int4_per_row_hadamard,pooled_router_square_column_generated,768,768,21,32,1.0234781901041667,0.9933993524314166,0.996303554384431,0.9984287097045984,0.9961835162806586,4.888444037458584e-05,0.00013511877218708168,0.0005287189483964562,0.0002174049879560061
matrix_free_joint_rank8_int4_per_row_hadamard,pooled_router_square_column_generated,768,768,22,32,1.0234781901041667,0.9923848501837904,0.9958958696895124,0.998550358712231,0.9956796811022104,1.1388274116597153e-05,0.00015322728740646552,0.0003933862098605914,0.00017804897811986992
matrix_free_joint_rank8_int4_per_row_hadamard,pooled_router_square_column_generated,768,768,23,32,1.0234781901041667,0.9925131935293925,0.9960241781423336,0.9987854566422285,0.9956629875794245,2.5553023444724322e-05,0.0001612070070555749,0.00036024085482632144,0.00017810704159272953
matrix_free_joint_rank8_int4_per_row_hadamard,pooled_router_square_column_generated,768,768,24,32,1.0234781901041667,0.9923087182815801,0.9950372351647264,0.9969392816928262,0.99488067045814,8.493613041549165e-06,0.00011701293578830763,0.00037695631896904623,0.0001612580910997953
matrix_free_joint_rank8_int4_per_row_hadamard,pooled_router_square_column_generated,768,768,25,32,1.0234781901041667,0.9915912955871587,0.9949421728939335,0.998229827815065,0.9945232596319127,2.4902286653893937e-05,0.00020790225794820039,0.0004940290622672762,0.0002508225353122402
matrix_free_joint_rank8_int4_per_row_hadamard,pooled_router_square_column_generated,768,768,26,32,1.0234781901041667,0.9934366395746044,0.9955047644295496,0.998280482273349,0.9956571947616447,3.1413329335727715e-05,0.00012929471617684207,0.00030436092117012157,0.0001507810137651236
matrix_free_joint_rank8_int4_per_row_hadamard,pooled_router_square_column_generated,768,768,27,32,1.0234781901041667,0.9913402204120221,0.9957935299974827,0.997560902623852,0.9952138034172224,4.425757607154912e-05,0.00015867942325814566,0.0003863190877672063,0.00022289023407533887
matrix_free_joint_rank8_int4_per_row_hadamard,pooled_router_square_column_generated,768,768,28,32,1.0234781901041667,0.9930507747431786,0.9950283820944517,0.9974239927630986,0.9951293092019042,5.9822488755911785e-05,0.0002029308222823989,0.0004626854050620468,0.00022292777557603172
matrix_free_joint_rank8_int4_per_row_hadamard,pooled_router_square_column_generated,768,768,29,32,1.0234781901041667,0.9945567767652315,0.9964945176663084,0.9985285193198332,0.996500471875398,3.870213826685509e-05,8.773854490429223e-05,0.00024984565228295405,0.00012275179005319728
matrix_free_joint_rank8_int4_per_row_hadamard,pooled_router_square_column_generated,768,768,30,32,1.0234781901041667,0.9936838279364709,0.9959746985033769,0.9980975003347023,0.9958127378791748,3.2138060454112165e-05,0.00016241399449001825,0.00040116209513730867,0.00019474096700451693
matrix_free_joint_rank8_int4_per_row_hadamard,pooled_router_square_column_generated,768,768,31,32,1.0234781901041667,0.9943691918562076,0.996826584216814,0.9978923249068465,0.9964267477659141,4.977989662352522e-05,0.00015191551948467996,0.0003712633241075625,0.00018109816403197657
matrix_free_joint_rank8_int4_per_row_hadamard,pooled_router_square_column_generated,768,768,32,32,1.0234781901041667,0.9938520340565729,0.9974069869412592,0.9985699885385843,0.9966099690966499,3.441567496840214e-05,0.0001274859111661808,0.00024456182520687936,0.00013795378621848584
matrix_free_joint_rank8_int4_per_row_hadamard,pooled_router_square_column_generated,768,768,33,32,1.0234781901041667,0.9953889784262158,0.9976553278355227,0.9992123461092286,0.9974356459425227,3.8900915662587464e-05,0.00010489633237187324,0.00023572306563758306,0.00014120822695395246
matrix_free_joint_rank8_int4_per_row_hadamard,pooled_router_square_column_generated,768,768,34,32,1.0234781901041667,0.9962680626790802,0.9976812422240364,0.9985406048619305,0.9974817656819055,3.849050462502168e-05,0.00011508887935562928,0.000205847613666299,0.00011527033928328614
matrix_free_joint_rank8_int4_per_row_hadamard,pooled_router_square_column_generated,768,768,35,32,1.0234781901041667,0.9926971205163451,0.9962986097484807,0.9982235825526661,0.9960389482911048,2.674556118164029e-05,0.00016416123948476136,0.0002942883464114976,0.0001761236073943677
matrix_free_joint_rank8_int4_per_row_hadamard,pooled_router_square_column_generated,768,768,36,32,1.0234781901041667,0.9942558410121385,0.9964311866284468,0.9984234760581112,0.9964938078636192,3.394440134174559e-05,0.00014999007741178794,0.00029571018149727736,0.00015674451228530478
matrix_free_joint_rank8_int4_per_row_hadamard,pooled_router_square_column_generated,768,768,37,32,1.0234781901041667,0.9945369928058135,0.9969288944122225,0.9985754883148491,0.9967463239923189,1.942516092755531e-05,9.183569547083215e-05,0.0002698730812544681,0.00013102868156565986
matrix_free_joint_rank8_int4_per_row_hadamard,pooled_router_square_column_generated,768,768,38,32,1.0234781901041667,0.9960568801450063,0.9978686107690578,0.9989574542700088,0.9976376942128802,3.002377865729544e-05,7.345960775534399e-05,0.00021490767346460385,0.0001039561796748606
matrix_free_joint_rank8_int4_per_row_hadamard,pooled_router_square_column_generated,768,768,39,32,1.0234781901041667,0.9952184394977642,0.998264452590548,0.9996547533099219,0.9976908685672519,1.857761524737267e-05,8.548414485254341e-05,0.0003089957098934338,0.00014531734397215182
matrix_free_joint_rank8_int4_per_row_hadamard,pooled_router_square_column_generated,768,1152,0,32,1.0234781901041667,0.9999319349910424,0.9999963022494369,0.9999993112480142,0.9999734854536892,1.3079932933424132e-05,9.180940518993541e-05,0.0005500370135381519,0.00020535824219642534
matrix_free_joint_rank8_int4_per_row_hadamard,pooled_router_square_column_generated,768,1152,1,32,1.0234781901041667,0.9974405621020782,0.9988220171299107,0.9996396823925975,0.9985525440958474,0.00043080347023275454,0.0011936554204000638,0.0027010181471129216,0.0014074564115192506
matrix_free_joint_rank8_int4_per_row_hadamard,pooled_router_square_column_generated,768,1152,2,32,1.0234781901041667,0.9974367125926877,0.9988112682463879,0.9994269452983365,0.9985770326205281,0.0009023644907248829,0.002450480803076749,0.0041943500119693946,0.0024548059027110145
matrix_free_joint_rank8_int4_per_row_hadamard,pooled_router_square_column_generated,768,1152,3,32,1.0234781901041667,0.9957729247509036,0.9982346030596392,0.9992643544817609,0.9977802438245471,0.0012163244128656548,0.0022129341208771414,0.004521270671401467,0.0026084191944298757
matrix_free_joint_rank8_int4_per_row_hadamard,pooled_router_square_column_generated,768,1152,4,32,1.0234781901041667,0.9968082027121039,0.9984572115742034,0.9994464241257733,0.9982851872237561,0.0010333278163382142,0.0021746327706290702,0.0041467988764421265,0.00241814138805398
matrix_free_joint_rank8_int4_per_row_hadamard,pooled_router_square_column_generated,768,1152,5,32,1.0234781901041667,0.9962703853691006,0.9978007653280607,0.9994617014158403,0.9976640885939877,0.0013342344850577504,0.002128218969577378,0.003660622076888843,0.002251001263134142
matrix_free_joint_rank8_int4_per_row_hadamard,pooled_router_square_column_generated,768,1152,6,32,1.0234781901041667,0.9976087816724055,0.9987854736521369,0.9995980297899514,0.9984198878093868,0.0004771676383674262,0.0023237578255003166,0.004674834806445085,0.0024331025060287184
matrix_free_joint_rank8_int4_per_row_hadamard,pooled_router_square_column_generated,768,1152,7,32,1.0234781901041667,0.9958844839788226,0.9975741173066894,0.9989631871775074,0.9973976950778569,0.0005587694255305142,0.0016081031526284928,0.004535012407460171,0.0019904651726093577
matrix_free_joint_rank8_int4_per_row_hadamard,pooled_router_square_column_generated,768,1152,8,32,1.0234781901041667,0.9956135601346894,0.997779274612083,0.9989225328452989,0.9974985389546058,0.0011236739567736299,0.002115567811544483,0.004213400866153772,0.0026742054799967843
matrix_free_joint_rank8_int4_per_row_hadamard,pooled_router_square_column_generated,768,1152,9,32,1.0234781901041667,0.9968531476276834,0.9982892993042423,0.9990447367405028,0.9980031176694573,0.0011284257517133578,0.0021380901383968864,0.003669548144087554,0.002333625763109446
matrix_free_joint_rank8_int4_per_row_hadamard,pooled_router_square_column_generated,768,1152,10,32,1.0234781901041667,0.9961210975013276,0.9979809976778804,0.9995856909497612,0.9978397844034911,0.0002256781998337121,0.001984749663095031,0.004633607608042035,0.002086454243107161
matrix_free_joint_rank8_int4_per_row_hadamard,pooled_router_square_column_generated,768,1152,11,32,1.0234781901041667,0.9960406986145316,0.9981871512482503,0.9991455417486245,0.9977964320921282,0.0009102989906990877,0.0016975719605054618,0.0043779094828307104,0.002227651022099368
matrix_free_joint_rank8_int4_per_row_hadamard,pooled_router_square_column_generated,768,1152,12,32,1.0234781901041667,0.9964261067329386,0.9982843571790362,0.9991901320048666,0.9979864732260413,0.000532142285023729,0.002415291791990015,0.004828281904824783,0.0025364607368171255
matrix_free_joint_rank8_int4_per_row_hadamard,pooled_router_square_column_generated,768,1152,13,32,1.0234781901041667,0.9962930147630283,0.9977301125323521,0.9993067916880346,0.9977153666030345,0.0008652739585829128,0.0019630260316553794,0.00464461222800312,0.002455584261651045
matrix_free_joint_rank8_int4_per_row_hadamard,pooled_router_square_column_generated,768,1152,14,32,1.0234781901041667,0.9953063010308817,0.99728101534034,0.9990201999586411,0.9972127213996628,0.0004016630736241145,0.0011576139900926763,0.0022465524131514707,0.0013280984986265391
matrix_free_joint_rank8_int4_per_row_hadamard,pooled_router_square_column_generated,768,1152,15,32,1.0234781901041667,0.9945787967018098,0.9968131401173632,0.9991919377983495,0.9968836779274505,0.00044899830781184317,0.0019733771809993805,0.00466592320611885,0.002292204268369895
matrix_free_joint_rank8_int4_per_row_hadamard,pooled_router_square_column_generated,768,1152,16,32,1.0234781901041667,0.9964682995566805,0.9979860510888016,0.9995986211995316,0.9979549522305772,0.0008554965940677728,0.002385903375321796,0.0041385925528187985,0.0025786610847858236
matrix_free_joint_rank8_int4_per_row_hadamard,pooled_router_square_column_generated,768,1152,17,32,1.0234781901041667,0.995806974145848,0.997068627393972,0.9990509112046199,0.9972970396397469,0.0009564297431520652,0.002775530292950412,0.00527773833478532,0.002959744136353231
matrix_free_joint_rank8_int4_per_row_hadamard,pooled_router_square_column_generated,768,1152,18,32,1.0234781901041667,0.9948250246414357,0.9977366450586425,0.9994809483180875,0.997295128959631,0.000432326646016834,0.0016802695160648695,0.004041410071725027,0.0021607661694213118
matrix_free_joint_rank8_int4_per_row_hadamard,pooled_router_square_column_generated,768,1152,19,32,1.0234781901041667,0.9951597223656319,0.998166491446624,0.9993703996600455,0.9977155250750895,0.0004909217384170828,0.0016081792892150282,0.003247598174256994,0.0018023653590989175
matrix_free_joint_rank8_int4_per_row_hadamard,pooled_router_square_column_generated,768,1152,20,32,1.0234781901041667,0.9950059595871574,0.9971955607087271,0.9993796761473005,0.9971552758861559,0.0007620342361126075,0.0017392268838526959,0.0035114925963065312,0.0018865091702488165
matrix_free_joint_rank8_int4_per_row_hadamard,pooled_router_square_column_generated,768,1152,21,32,1.0234781901041667,0.9979742284631625,0.9989905258750007,0.9995375664045831,0.9988106288142795,0.0007089093056956486,0.0027798029913981837,0.0042997045035547575,0.002844517521576981
matrix_free_joint_rank8_int4_per_row_hadamard,pooled_router_square_column_generated,768,1152,22,32,1.0234781901041667,0.9956739202513872,0.9975692492198922,0.999015727841035,0.9972569691503717,0.00047404387883507313,0.0017360653581862673,0.003210398748479593,0.001755337026281143
matrix_free_joint_rank8_int4_per_row_hadamard,pooled_router_square_column_generated,768,1152,23,32,1.0234781901041667,0.9943529725451824,0.9976083257824345,0.9994173538903375,0.9973300648140244,0.000610009640884246,0.0016835027257537383,0.0029473904470676327,0.001845184276192638
matrix_free_joint_rank8_int4_per_row_hadamard,pooled_router_square_column_generated,768,1152,24,32,1.0234781901041667,0.9973088505930755,0.9984325817469153,0.9991942345311252,0.9982082848836957,0.0014473159320981365,0.002819102154652031,0.0059243242488633665,0.0034888725166555036
matrix_free_joint_rank8_int4_per_row_hadamard,pooled_router_square_column_generated,768,1152,25,32,1.0234781901041667,0.9950846666786589,0.9969766537049672,0.9992481776508607,0.9969446339260699,0.0007604623550551137,0.0024598201202326586,0.0048578647817465025,0.0026721968294693907
matrix_free_joint_rank8_int4_per_row_hadamard,pooled_router_square_column_generated,768,1152,26,32,1.0234781901041667,0.9955179407433102,0.9974654323226071,0.998993299122192,0.9974828838606142,0.0005502766635566148,0.0015272322524171322,0.0041787237741518395,0.001976470112734715
matrix_free_joint_rank8_int4_per_row_hadamard,pooled_router_square_column_generated,768,1152,27,32,1.0234781901041667,0.9962119652166738,0.997704149403144,0.9990211209553419,0.9976839808620119,0.0006938499333989711,0.0016572691004980156,0.005593547815175206,0.002693067678864954
matrix_free_joint_rank8_int4_per_row_hadamard,pooled_router_square_column_generated,768,1152,28,32,1.0234781901041667,0.995787282650915,0.9978233983732523,0.9989871784280792,0.9975566603949465,0.0009378569583142982,0.0024594962708742174,0.004201605261164343,0.0026502789686183546
matrix_free_joint_rank8_int4_per_row_hadamard,pooled_router_square_column_generated,768,1152,29,32,1.0234781901041667,0.9968782678952448,0.9982008271600086,0.9990485698089792,0.998105351922888,0.0005326960587313078,0.0015348136532529755,0.0034307157355033314,0.0017276318375430838
matrix_free_joint_rank8_int4_per_row_hadamard,pooled_router_square_column_generated,768,1152,30,32,1.0234781901041667,0.9957970422100847,0.9975901029409033,0.9992351408966752,0.9973945373777136,0.0005576991253570584,0.0016614114546474323,0.0030578880980360107,0.0017765404655433574
matrix_free_joint_rank8_int4_per_row_hadamard,pooled_router_square_column_generated,768,1152,31,32,1.0234781901041667,0.9972607716172495,0.9983331081762598,0.9990669490028322,0.9981473630080423,0.00060147760409055,0.0015683919451652262,0.0037225899554479873,0.0019017134061601534
matrix_free_joint_rank8_int4_per_row_hadamard,pooled_router_square_column_generated,768,1152,32,32,1.0234781901041667,0.9957818295411519,0.9986104386908534,0.9992773874356782,0.9979804105085277,0.0005768772073635354,0.0013080087186439493,0.0029292542409373964,0.0015083951980963337
matrix_free_joint_rank8_int4_per_row_hadamard,pooled_router_square_column_generated,768,1152,33,32,1.0234781901041667,0.9978986139876072,0.9990392193123392,0.9996303475551428,0.9988060595441436,0.00046508709448398464,0.0015971916534670005,0.0027016656200303034,0.0015116218285748835
matrix_free_joint_rank8_int4_per_row_hadamard,pooled_router_square_column_generated,768,1152,34,32,1.0234781901041667,0.9970067270297727,0.9984776161640843,0.9990787357480679,0.998285483053436,0.00048719006098583154,0.0009458994127164444,0.0013209772783612794,0.0009189877108138206
matrix_free_joint_rank8_int4_per_row_hadamard,pooled_router_square_column_generated,768,1152,35,32,1.0234781901041667,0.9939524709601466,0.99759479250182,0.999061796742824,0.9971994423371854,0.000651776282847083,0.0011666034410443005,0.002185066131308367,0.0013366176534749113
matrix_free_joint_rank8_int4_per_row_hadamard,pooled_router_square_column_generated,768,1152,36,32,1.0234781901041667,0.9967380333843409,0.9977431128736951,0.9992731658843154,0.997814824479244,0.0007121293606968226,0.001055486343897405,0.002929966312757293,0.0014777611279099892
matrix_free_joint_rank8_int4_per_row_hadamard,pooled_router_square_column_generated,768,1152,37,32,1.0234781901041667,0.9961087574182175,0.9976888959045935,0.9992908275927136,0.9977115234914514,0.0005039199465535881,0.000932680955071874,0.0018409235692271487,0.0010962281806983637
matrix_free_joint_rank8_int4_per_row_hadamard,pooled_router_square_column_generated,768,1152,38,32,1.0234781901041667,0.9981333930645372,0.9991112582981374,0.9996010787443278,0.9989423589424087,0.0004921659901310882,0.0012898796299069537,0.0026418073787859435,0.001408620909203434
matrix_free_joint_rank8_int4_per_row_hadamard,pooled_router_square_column_generated,768,1152,39,32,1.0234781901041667,0.9968821580780406,0.9988558447500077,0.9996932550076674,0.9983734531434514,0.00013397876759703166,0.0005747185965880308,0.0020868104371486464,0.0008279019201714796
matrix_free_joint_rank8_int4_per_row_hadamard,pooled_router_square_column_generated,768,1536,0,32,1.0234781901041667,0.9999327013908709,0.9999963487432093,0.9999993112480142,0.9999748894582755,1.3079932933424132e-05,9.180940518993541e-05,0.0005569351427158313,0.000206762246782545
matrix_free_joint_rank8_int4_per_row_hadamard,pooled_router_square_column_generated,768,1536,1,32,1.0234781901041667,0.9974405621020782,0.9988220171299107,0.9996396823925975,0.9985578480945179,0.00043080347023275454,0.0011936554204000638,0.002699668756767049,0.0014127604101898533
matrix_free_joint_rank8_int4_per_row_hadamard,pooled_router_square_column_generated,768,1536,2,32,1.0234781901041667,0.9974367125926877,0.9988112682463879,0.9996258126380516,0.998608798916861,0.0009111067453392519,0.0024484626955217914,0.004205498443781675,0.0024865721990437843
matrix_free_joint_rank8_int4_per_row_hadamard,pooled_router_square_column_generated,768,1536,3,32,1.0234781901041667,0.9957729247509036,0.9982315828861914,0.9992947128988067,0.997798424390131,0.0012163244128656548,0.0022887982961188325,0.004527266166457234,0.002626599760013646
matrix_free_joint_rank8_int4_per_row_hadamard,pooled_router_square_column_generated,768,1536,4,32,1.0234781901041667,0.9968082027121039,0.9984763378169685,0.9994442252959541,0.9982951227961321,0.0010333278163382142,0.0021666058968608515,0.0041505091542229375,0.0024280769604299035
matrix_free_joint_rank8_int4_per_row_hadamard,pooled_router_square_column_generated,768,1536,5,32,1.0234781901041667,0.9962703853691006,0.9977964275190967,0.9995027651607168,0.997667365312461,0.0013426782141832462,0.002133355716053442,0.003660622076888843,0.002254277981607395
matrix_free_joint_rank8_int4_per_row_hadamard,pooled_router_square_column_generated,768,1536,6,32,1.0234781901041667,0.9976087816724055,0.9987839538825973,0.9996028523484422,0.99843576671689,0.000477706141999712,0.00233788810430674,0.004675883239533431,0.002448981413531951
matrix_free_joint_rank8_int4_per_row_hadamard,pooled_router_square_column_generated,768,1536,7,32,1.0234781901041667,0.9958844839788226,0.9975741173066894,0.9989626708833739,0.9974018173112496,0.0005587694255305142,0.0016055216819606533,0.004565786272758577,0.001994587406002061
matrix_free_joint_rank8_int4_per_row_hadamard,pooled_router_square_column_generated,768,1536,8,32,1.0234781901041667,0.9956158762188111,0.997779274612083,0.9989373846068144,0.9975142445129277,0.0011236739567736299,0.002115567811544483,0.004189590822775791,0.002689911038318657
matrix_free_joint_rank8_int4_per_row_hadamard,pooled_router_square_column_generated,768,1536,9,32,1.0234781901041667,0.9968531476276834,0.9983182863414013,0.9990681198539414,0.9980135927698459,0.0011284257517133578,0.0021510807569739,0.0036687904561336533,0.0023441008634980526
matrix_free_joint_rank8_int4_per_row_hadamard,pooled_router_square_column_generated,768,1536,10,32,1.0234781901041667,0.9961210975013276,0.9980624981290325,0.9997577132586054,0.997860569045782,0.0002256781998337121,0.001984749663095031,0.004742925512539165,0.002107238885398082
matrix_free_joint_rank8_int4_per_row_hadamard,pooled_router_square_column_generated,768,1536,11,32,1.0234781901041667,0.9960406986145316,0.9981871512482503,0.9991632507769944,0.9978022404423981,0.0009102989906990877,0.0016975719605054618,0.004379497216001449,0.002233459372369278
matrix_free_joint_rank8_int4_per_row_hadamard,pooled_router_square_column_generated,768,1536,12,32,1.0234781901041667,0.9964261067329386,0.9982843571790362,0.9992179891872951,0.9979981275433226,0.000532142285023729,0.0024393621600666826,0.004840194385696817,0.002548115054098528
matrix_free_joint_rank8_int4_per_row_hadamard,pooled_router_square_column_generated,768,1536,13,32,1.0234781901041667,0.9962930147630283,0.9977390855840402,0.9993067916880346,0.9977188770165581,0.0008652739585829128,0.0019630260316553794,0.00464461222800312,0.0024590946751746785
matrix_free_joint_rank8_int4_per_row_hadamard,pooled_router_square_column_generated,768,1536,14,32,1.0234781901041667,0.9953063010308817,0.99728101534034,0.9990203002578995,0.9972199343898618,0.0004016630736241145,0.0011524863449464684,0.0022777560582059935,0.0013353114888255135
matrix_free_joint_rank8_int4_per_row_hadamard,pooled_router_square_column_generated,768,1536,15,32,1.0234781901041667,0.9945787967018098,0.9968131401173632,0.9991957278320657,0.9968910695539512,0.00044899830781184317,0.0019733771809993805,0.004671084836963768,0.002299595894870641
matrix_free_joint_rank8_int4_per_row_hadamard,pooled_router_square_column_generated,768,1536,16,32,1.0234781901041667,0.9964682995566805,0.9979699901911337,0.9996045213866728,0.9979570144420811,0.0008553508182672754,0.002385903375321796,0.004132152620348307,0.002580723296289715
matrix_free_joint_rank8_int4_per_row_hadamard,pooled_router_square_column_generated,768,1536,17,32,1.0234781901041667,0.995806974145848,0.9970698083355647,0.9990509112046199,0.9972994916234427,0.0009564297431520652,0.0027817250213061917,0.00527773833478532,0.002962196120048867
matrix_free_joint_rank8_int4_per_row_hadamard,pooled_router_square_column_generated,768,1536,18,32,1.0234781901041667,0.9948250246414357,0.9977483225261277,0.9994809483180875,0.9972976640351712,0.000432326646016834,0.0016802695160648695,0.004041410071725027,0.0021633012449615227
matrix_free_joint_rank8_int4_per_row_hadamard,pooled_router_square_column_generated,768,1536,19,32,1.0234781901041667,0.9951597223656319,0.998166491446624,0.9993936195509787,0.9977163684180247,0.0004909217384170828,0.0016081792892150282,0.003173982619808724,0.0018032087020340981
matrix_free_joint_rank8_int4_per_row_hadamard,pooled_router_square_column_generated,768,1536,20,32,1.0234781901041667,0.9950059595871574,0.9971955607087271,0.9993830938155148,0.9971572860574001,0.0007620342361126075,0.0017392268838526959,0.003530046595499625,0.0018885193414930786
matrix_free_joint_rank8_int4_per_row_hadamard,pooled_router_square_column_generated,768,1536,21,32,1.0234781901041667,0.99797844089917,0.9990293507756728,0.9995811149647063,0.9988413152163645,0.0007151425162733371,0.0027779480126468026,0.004379804576267199,0.0028752039236619176
matrix_free_joint_rank8_int4_per_row_hadamard,pooled_router_square_column_generated,768,1536,22,32,1.0234781901041667,0.9956739202513872,0.9975692492198922,0.999015727841035,0.997259935310608,0.00047404387883507313,0.0017360653581862673,0.003210398748479593,0.0017583031865174535
matrix_free_joint_rank8_int4_per_row_hadamard,pooled_router_square_column_generated,768,1536,23,32,1.0234781901041667,0.9943529725451824,0.9976083257824345,0.9994220640401595,0.9973333010792365,0.0006116303115886846,0.0016990966864210422,0.0029473904470676327,0.0018484205414046918
matrix_free_joint_rank8_int4_per_row_hadamard,pooled_router_square_column_generated,768,1536,24,32,1.0234781901041667,0.9973172162022275,0.9984375938621124,0.9992093125076208,0.9982332961341762,0.0014363516975610447,0.002819102154652031,0.006145442474550855,0.003513883767136069
matrix_free_joint_rank8_int4_per_row_hadamard,pooled_router_square_column_generated,768,1536,25,32,1.0234781901041667,0.9950846666786589,0.9969766537049672,0.9992481776508607,0.9969500316303717,0.0007625221202916865,0.0024598201202326586,0.004907125269239499,0.0026775945337711403
matrix_free_joint_rank8_int4_per_row_hadamard,pooled_router_square_column_generated,768,1536,26,32,1.0234781901041667,0.9955179407433102,0.9974654323226071,0.998993299122192,0.9974980628826369,0.0005502766635566148,0.0015272322524171322,0.0042148885455227224,0.0019916491347572486
matrix_free_joint_rank8_int4_per_row_hadamard,pooled_router_square_column_generated,768,1536,27,32,1.0234781901041667,0.9961980517283971,0.997704149403144,0.9990265768178048,0.9976945313690554,0.0006938499333989711,0.0016572691004980156,0.0054683264206862444,0.0027036181859083734
matrix_free_joint_rank8_int4_per_row_hadamard,pooled_router_square_column_generated,768,1536,28,32,1.0234781901041667,0.995787282650915,0.9977874387786393,0.9989934736763274,0.9975647984345637,0.0009378569583142982,0.0024594962708742174,0.004258262495399146,0.0026584170082355404
matrix_free_joint_rank8_int4_per_row_hadamard,pooled_router_square_column_generated,768,1536,29,32,1.0234781901041667,0.9968782678952448,0.9981900691201082,0.9990685261765974,0.9981067063999389,0.0005326960587313078,0.0015348136532529755,0.0034719338585531227,0.001728986314594047
matrix_free_joint_rank8_int4_per_row_hadamard,pooled_router_square_column_generated,768,1536,30,32,1.0234781901041667,0.9957970422100847,0.9975901029409033,0.9992351408966752,0.9973946692112148,0.0005576991253570584,0.0016614114546474323,0.0030578880980360107,0.0017766722990445183
matrix_free_joint_rank8_int4_per_row_hadamard,pooled_router_square_column_generated,768,1536,31,32,1.0234781901041667,0.9972607716172495,0.9983331081762598,0.9990669490028322,0.9981484278670957,0.00060147760409055,0.001578332030779117,0.0037114040659773986,0.0019027782652135533
matrix_free_joint_rank8_int4_per_row_hadamard,pooled_router_square_column_generated,768,1536,32,32,1.0234781901041667,0.9957818295411519,0.9986104386908534,0.9992773874356782,0.9979799810171776,0.0005768772073635354,0.0013080087186439493,0.0029292542409373964,0.0015079657067461304
matrix_free_joint_rank8_int4_per_row_hadamard,pooled_router_square_column_generated,768,1536,33,32,1.0234781901041667,0.9978986139876072,0.9990392193123392,0.9996307994692133,0.9988089485061584,0.00046508709448398464,0.0016099413579359623,0.0027054230272076994,0.0015145107905898056
matrix_free_joint_rank8_int4_per_row_hadamard,pooled_router_square_column_generated,768,1536,34,32,1.0234781901041667,0.9970067270297727,0.9984776161640843,0.9990787357480679,0.9982859905198881,0.00048719006098583154,0.0009458994127164444,0.0013269690754489694,0.0009194951772659547
matrix_free_joint_rank8_int4_per_row_hadamard,pooled_router_square_column_generated,768,1536,35,32,1.0234781901041667,0.9939524709601466,0.9976270291973479,0.999061796742824,0.9972020069551081,0.000651776282847083,0.0011666034410443005,0.002185066131308367,0.001339182271397621
matrix_free_joint_rank8_int4_per_row_hadamard,pooled_router_square_column_generated,768,1536,36,32,1.0234781901041667,0.9967380333843409,0.9977431128736951,0.9992731658843154,0.9978170465210534,0.0007121293606968226,0.001055486343897405,0.002935777485846358,0.0014799831697194996
matrix_free_joint_rank8_int4_per_row_hadamard,pooled_router_square_column_generated,768,1536,37,32,1.0234781901041667,0.9961087574182175,0.9976888959045935,0.9992908275927136,0.9977115540168289,0.0005039199465535881,0.000932680955071874,0.0018409235692271487,0.001096258706075836
matrix_free_joint_rank8_int4_per_row_hadamard,pooled_router_square_column_generated,768,1536,38,32,1.0234781901041667,0.9981333930645372,0.9991123656076597,0.9996028802328667,0.9989468950121573,0.0005048094363298894,0.0012949421035889364,0.0026309413948852117,0.0014131569789520224
matrix_free_joint_rank8_int4_per_row_hadamard,pooled_router_square_column_generated,768,1536,39,32,1.0234781901041667,0.9968821580780406,0.9988558447500077,0.9996932550076674,0.9983766051834301,0.0001319821188968562,0.0005708716594220453,0.0020859699413910537,0.0008310539601502388
matrix_free_joint_rank8_int4_per_row_hadamard,pooled_router_square_compressed,384,768,0,32,0.5234781901041666,0.9954284508811262,0.998535773005552,0.9996376290446845,0.9975070231400978,0.00042970702606152103,0.0020385742443181365,0.0069214158076853285,0.003027416649631867
matrix_free_joint_rank8_int4_per_row_hadamard,pooled_router_square_compressed,384,768,1,32,0.5234781901041666,0.9766555658335122,0.9879122832145527,0.9963280579583099,0.9868510899379468,0.00266907852800381,0.007612030903971556,0.018824641418300186,0.009905765230970517
matrix_free_joint_rank8_int4_per_row_hadamard,pooled_router_square_compressed,384,768,2,32,0.5234781901041666,0.9786189091743952,0.9884204292520679,0.9938175569196316,0.9865995360199725,0.006611266309814768,0.017510267025066528,0.032674743218977814,0.019061394341595397
matrix_free_joint_rank8_int4_per_row_hadamard,pooled_router_square_compressed,384,768,3,32,0.5234781901041666,0.9668044543045204,0.9845283280583907,0.9929546177537294,0.980638177124623,0.007756017894011302,0.01740842590237146,0.0326086210349096,0.018722980907426308
matrix_free_joint_rank8_int4_per_row_hadamard,pooled_router_square_compressed,384,768,4,32,0.5234781901041666,0.9741357020580833,0.9853976713740065,0.9945463400753833,0.9843655066536368,0.0066154709993744175,0.016157539622137673,0.03178579341895293,0.01805015742004064
matrix_free_joint_rank8_int4_per_row_hadamard,pooled_router_square_compressed,384,768,5,32,0.5234781901041666,0.9678422425656387,0.9806477811229996,0.9941757633967969,0.9800146933771594,0.008635473007643123,0.013849374645548307,0.025524608612502567,0.01571742665020671
matrix_free_joint_rank8_int4_per_row_hadamard,pooled_router_square_compressed,384,768,6,32,0.5234781901041666,0.9785072609747703,0.988726996669747,0.9954317805724248,0.985467613846154,0.0036844930153453136,0.013527422758370988,0.032437277426320445,0.01690553075825546
matrix_free_joint_rank8_int4_per_row_hadamard,pooled_router_square_compressed,384,768,7,32,0.5234781901041666,0.9653005096704191,0.978910122259653,0.9896096926791625,0.9772888400145625,0.003909900834703761,0.011558977129367876,0.031266351908903686,0.014892575827048244
matrix_free_joint_rank8_int4_per_row_hadamard,pooled_router_square_compressed,384,768,8,32,0.5234781901041666,0.9632406701857218,0.9807370395765214,0.9892536126941808,0.9777617424023595,0.008623381667076357,0.015837686778227722,0.03512577547850547,0.020201346771484344
matrix_free_joint_rank8_int4_per_row_hadamard,pooled_router_square_compressed,384,768,9,32,0.5234781901041666,0.971801391051276,0.9845888958732179,0.9909565051608247,0.9817506108517814,0.009394133065839116,0.015030613537610205,0.026083379879297274,0.017835584041739565
matrix_free_joint_rank8_int4_per_row_hadamard,pooled_router_square_compressed,384,768,10,32,0.5234781901041666,0.9683834743994839,0.9815302128338714,0.9937044760799426,0.9807135992357929,0.0008432557055037428,0.014735573987663564,0.03255023731390335,0.014985914898149887
matrix_free_joint_rank8_int4_per_row_hadamard,pooled_router_square_compressed,384,768,11,32,0.5234781901041666,0.9662430856471315,0.984213562695092,0.9917982933358962,0.9801081960126653,0.005866648261503404,0.013372631147647196,0.030587479513630698,0.015649001460812783
matrix_free_joint_rank8_int4_per_row_hadamard,pooled_router_square_compressed,384,768,12,32,0.5234781901041666,0.9688750593863176,0.9842749704887092,0.9929719366923195,0.9818717356105255,0.005210451906021174,0.01999910124267945,0.03508979743851061,0.019134727345028694
matrix_free_joint_rank8_int4_per_row_hadamard,pooled_router_square_compressed,384,768,13,32,0.5234781901041666,0.9655531051289175,0.9794964979953833,0.9937175617464067,0.9793341500998661,0.004505328463569014,0.014973124283501227,0.030410244424578473,0.01759468402957982
matrix_free_joint_rank8_int4_per_row_hadamard,pooled_router_square_compressed,384,768,14,32,0.5234781901041666,0.9605015201393156,0.977744010459346,0.9910686989427011,0.9759647091381337,0.003123417988537369,0.0073976273211937005,0.016023105121443306,0.009325935529451327
matrix_free_joint_rank8_int4_per_row_hadamard,pooled_router_square_compressed,384,768,15,32,0.5234781901041666,0.9499350767719805,0.9726519957548074,0.9922590721164194,0.9727420109079015,0.002055261695995114,0.012598021202870457,0.03226053872538414,0.01586452933799373
matrix_free_joint_rank8_int4_per_row_hadamard,pooled_router_square_compressed,384,768,16,32,0.5234781901041666,0.9715074595587045,0.981120169447768,0.9959015685192034,0.98176193537634,0.006795527531903389,0.018141822528948304,0.028387917727412528,0.019007265688541018
matrix_free_joint_rank8_int4_per_row_hadamard,pooled_router_square_compressed,384,768,17,32,0.5234781901041666,0.9614143691965391,0.9752549230435457,0.9914112483755881,0.9756967877120196,0.007220408196193628,0.021001315005954646,0.042051514024145434,0.022563925749862587
matrix_free_joint_rank8_int4_per_row_hadamard,pooled_router_square_compressed,384,768,18,32,0.5234781901041666,0.9533154610946312,0.9792689566867041,0.9951025295056848,0.9763814146671259,0.0034167131179536846,0.011488954986013655,0.027624966266222694,0.014825476382416786
matrix_free_joint_rank8_int4_per_row_hadamard,pooled_router_square_compressed,384,768,19,32,0.5234781901041666,0.9609562864650302,0.9839432555741137,0.9947206033094819,0.980432533093126,0.0036583960310501372,0.011277623089851252,0.021375726653077277,0.012328376132984282
matrix_free_joint_rank8_int4_per_row_hadamard,pooled_router_square_compressed,384,768,20,32,0.5234781901041666,0.9555274528375282,0.975549827921343,0.9934876638646014,0.9749519083207935,0.0037426693050605754,0.012228921466351794,0.02797615982515066,0.01386802095118797
matrix_free_joint_rank8_int4_per_row_hadamard,pooled_router_square_compressed,384,768,21,32,0.5234781901041666,0.9802709418422786,0.9895671277832183,0.9951899101069654,0.9881843733952138,0.00678094267735464,0.020634464108603423,0.031992165348109176,0.02049316906291864
matrix_free_joint_rank8_int4_per_row_hadamard,pooled_router_square_compressed,384,768,22,32,0.5234781901041666,0.9605608607078557,0.9785107621143929,0.9912477350037742,0.9762770568540764,0.002990577739830336,0.011660666253136887,0.027025933075207842,0.013011414427367581
matrix_free_joint_rank8_int4_per_row_hadamard,pooled_router_square_compressed,384,768,23,32,0.5234781901041666,0.9535395793901399,0.9804548795438848,0.9946281324368706,0.9770550290071085,0.005639030326105721,0.010786102771301875,0.02414705096127321,0.01416563190757256
matrix_free_joint_rank8_int4_per_row_hadamard,pooled_router_square_compressed,384,768,24,32,0.5234781901041666,0.9746353627631874,0.9847852026597561,0.992283617801818,0.9828198051775218,0.013349140958535366,0.022075671534289742,0.04718254642033488,0.026708297083934622
matrix_free_joint_rank8_int4_per_row_hadamard,pooled_router_square_compressed,384,768,25,32,0.5234781901041666,0.9569145974064571,0.9741828442201841,0.9927568677358254,0.9728456276713232,0.006247990824062933,0.014637129803631799,0.03408605979180913,0.017956247518861712
matrix_free_joint_rank8_int4_per_row_hadamard,pooled_router_square_compressed,384,768,26,32,0.5234781901041666,0.9635759169456135,0.9777652577929264,0.9911774246989417,0.9776607875575192,0.003219950967329699,0.010316683628445233,0.02474323976617712,0.013512826322831347
matrix_free_joint_rank8_int4_per_row_hadamard,pooled_router_square_compressed,384,768,27,32,0.5234781901041666,0.968121467044266,0.9802644949359272,0.9906292369914466,0.9788611991235852,0.004831196850206554,0.013297234359438359,0.03825902528638824,0.020153564776279397
matrix_free_joint_rank8_int4_per_row_hadamard,pooled_router_square_compressed,384,768,28,32,0.5234781901041666,0.9641147426387895,0.9798470426765316,0.9891644991010885,0.9776656884530313,0.007263774554414582,0.017885180966645264,0.03474841550299224,0.01998442718707579
matrix_free_joint_rank8_int4_per_row_hadamard,pooled_router_square_compressed,384,768,29,32,0.5234781901041666,0.9713391444014756,0.9844280962593478,0.9918364752983232,0.9831395706144495,0.0049692569264101925,0.010424059821730725,0.02940058202400307,0.013519443843149733
matrix_free_joint_rank8_int4_per_row_hadamard,pooled_router_square_compressed,384,768,30,32,0.5234781901041666,0.9638582726247693,0.9780264063768458,0.9932704589831806,0.9772415209291028,0.0041374506347486625,0.013495688346955304,0.018464192474918484,0.012850828467368413
matrix_free_joint_rank8_int4_per_row_hadamard,pooled_router_square_compressed,384,768,31,32,0.5234781901041666,0.9742431047926701,0.9837001229241489,0.9906758413577033,0.9830368991141635,0.0046984404145792415,0.011708039935905412,0.02575507018575815,0.013525445324517233
matrix_free_joint_rank8_int4_per_row_hadamard,pooled_router_square_compressed,384,768,32,32,0.5234781901041666,0.9643836540445678,0.9874094638837981,0.9937492004857202,0.9822545354926477,0.004754974119357147,0.009540044713497453,0.018052879153029423,0.01084991617114998
matrix_free_joint_rank8_int4_per_row_hadamard,pooled_router_square_compressed,384,768,33,32,0.5234781901041666,0.982138490699206,0.9909980387033782,0.9968666965433866,0.9888499935706851,0.0030478814627258543,0.010469279472376192,0.019330819238230833,0.011443285908815565
matrix_free_joint_rank8_int4_per_row_hadamard,pooled_router_square_compressed,384,768,34,32,0.5234781901041666,0.9732796263350694,0.986457010141067,0.9919258094360931,0.984808739840183,0.003879686513825287,0.0068670478077699215,0.010992552242125033,0.007121166062841258
matrix_free_joint_rank8_int4_per_row_hadamard,pooled_router_square_compressed,384,768,35,32,0.5234781901041666,0.9458696308292189,0.979769493642445,0.9918501620856981,0.9757058636580889,0.0032831004622119854,0.007502972062408575,0.01609701928980253,0.00984821203119635
matrix_free_joint_rank8_int4_per_row_hadamard,pooled_router_square_compressed,384,768,36,32,0.5234781901041666,0.9712066825213795,0.9806197903952834,0.9937409640945338,0.981060054773917,0.002586083250478977,0.007764596712356797,0.02330900285051172,0.010149412902664523
matrix_free_joint_rank8_int4_per_row_hadamard,pooled_router_square_compressed,384,768,37,32,0.5234781901041666,0.96777782661348,0.9799049694470373,0.9932760490208818,0.9801023676962652,0.0033229461371232726,0.0064775754163416965,0.013304167664808809,0.00781838890947326
matrix_free_joint_rank8_int4_per_row_hadamard,pooled_router_square_compressed,384,768,38,32,0.5234781901041666,0.9820209770477079,0.9905589116457005,0.996257687919853,0.9900942464625307,0.003983851409208372,0.010400470663725014,0.020890728136875158,0.01069838590390712
matrix_free_joint_rank8_int4_per_row_hadamard,pooled_router_square_compressed,384,768,39,32,0.5234781901041666,0.9688314652081957,0.9893481000333362,0.997113525192946,0.9847346782958117,0.0011414882849233976,0.004112399938106026,0.013556531466077871,0.0062747791237119065
matrix_free_joint_rank8_int4_per_row_hadamard,pooled_router_square_compressed,384,1152,0,32,0.5234781901041666,0.9954880622504423,0.998535773005552,0.9996592132564359,0.9975225984938894,0.00042970702606152103,0.0020385742443181365,0.006928087474467583,0.003042992003423471
matrix_free_joint_rank8_int4_per_row_hadamard,pooled_router_square_compressed,384,1152,1,32,0.5234781901041666,0.9766555658335122,0.9884852555483873,0.9963280579583099,0.9869381619416584,0.0026533299064080865,0.007651173009494749,0.018939235885067098,0.009992837234682292
matrix_free_joint_rank8_int4_per_row_hadamard,pooled_router_square_compressed,384,1152,2,32,0.5234781901041666,0.9786189091743952,0.9887125266067311,0.9963182867192719,0.9872593493651507,0.007098023786967456,0.0181136268488023,0.03314016100663089,0.019721207686773597
matrix_free_joint_rank8_int4_per_row_hadamard,pooled_router_square_compressed,384,1152,3,32,0.5234781901041666,0.9668044543045204,0.9846738788910369,0.9938014060298294,0.9811598083249196,0.007756017894011302,0.018571017368589793,0.033780516803133785,0.019244612107722856
matrix_free_joint_rank8_int4_per_row_hadamard,pooled_router_square_compressed,384,1152,4,32,0.5234781901041666,0.9741357020580833,0.9854849430768253,0.9945262994177813,0.9846197495704141,0.0066154709993744175,0.016157539622137673,0.03178579341895293,0.01830440033681801
matrix_free_joint_rank8_int4_per_row_hadamard,pooled_router_square_compressed,384,1152,5,32,0.5234781901041666,0.9678521571890175,0.9811481395827748,0.9952002806368788,0.9802846069515698,0.008733618737802162,0.01406921140601719,0.02643776301230602,0.01598734022461717
matrix_free_joint_rank8_int4_per_row_hadamard,pooled_router_square_compressed,384,1152,6,32,0.5234781901041666,0.978621526169231,0.9888141176601073,0.9958346243254499,0.985871535565169,0.0036844930153453136,0.01360269555980581,0.03320269490891927,0.017309452477270566
matrix_free_joint_rank8_int4_per_row_hadamard,pooled_router_square_compressed,384,1152,7,32,0.5234781901041666,0.9653005096704191,0.9789684944435764,0.9895805684982243,0.9774324034048429,0.003909900834703761,0.01162545994512254,0.031266351908903686,0.015036139217328735
matrix_free_joint_rank8_int4_per_row_hadamard,pooled_router_square_compressed,384,1152,8,32,0.5234781901041666,0.9637194004638655,0.9807370395765214,0.9900739355824599,0.9782501310723213,0.008623381667076357,0.015837686778227722,0.036316442328450896,0.02068973544144612
matrix_free_joint_rank8_int4_per_row_hadamard,pooled_router_square_compressed,384,1152,9,32,0.5234781901041666,0.971801391051276,0.9847222532484657,0.9911351275454766,0.9819791251295522,0.009394133065839116,0.014966584332763211,0.026824903176379436,0.018064098319510356
matrix_free_joint_rank8_int4_per_row_hadamard,pooled_router_square_compressed,384,1152,10,32,0.5234781901041666,0.9683834743994839,0.9816968067289299,0.9975558776458404,0.9811398605723247,0.0008432557055037428,0.014752737253298842,0.035372828349100556,0.015412176234681624
matrix_free_joint_rank8_int4_per_row_hadamard,pooled_router_square_compressed,384,1152,11,32,0.5234781901041666,0.9662430856471315,0.9843709984556959,0.9922156592525591,0.9803404387971335,0.005866648261503404,0.013389138384061916,0.03070149823922678,0.015881244245280837
matrix_free_joint_rank8_int4_per_row_hadamard,pooled_router_square_compressed,384,1152,12,32,0.5234781901041666,0.9688750593863176,0.9842843579924511,0.9930757852501148,0.98219731474093,0.005210451906021174,0.020865089809368464,0.035919149893115614,0.019460306475433158
matrix_free_joint_rank8_int4_per_row_hadamard,pooled_router_square_compressed,384,1152,13,32,0.5234781901041666,0.9665911928492755,0.9799451757689519,0.9937600362593203,0.9795451138050518,0.004505328463569014,0.014973124283501227,0.03038622812950698,0.017805647734765402
matrix_free_joint_rank8_int4_per_row_hadamard,pooled_router_square_compressed,384,1152,14,32,0.5234781901041666,0.9605015201393156,0.977744010459346,0.9910686989427011,0.9761198154768994,0.003123417988537369,0.0073976273211937005,0.016934761568308244,0.009481041868217018
matrix_free_joint_rank8_int4_per_row_hadamard,pooled_router_square_compressed,384,1152,15,32,0.5234781901041666,0.9499350767719805,0.9726519957548074,0.9924922927471579,0.9729191980014462,0.002055261695995114,0.012598021202870457,0.03255728995354419,0.016041716431538382
matrix_free_joint_rank8_int4_per_row_hadamard,pooled_router_square_compressed,384,1152,16,32,0.5234781901041666,0.9715074595587045,0.9821481522248843,0.9965465970367142,0.9822227848193081,0.006840381911061533,0.018589526244343235,0.02996868534795745,0.01946811513150896
matrix_free_joint_rank8_int4_per_row_hadamard,pooled_router_square_compressed,384,1152,17,32,0.5234781901041666,0.9611823331270926,0.9752549230435457,0.9914112483755881,0.9758926918098968,0.007220408196193628,0.021001315005954646,0.04239985680681846,0.022759829847739752
matrix_free_joint_rank8_int4_per_row_hadamard,pooled_router_square_compressed,384,1152,18,32,0.5234781901041666,0.9533154610946312,0.979681537026246,0.9951636766634202,0.9765960274988673,0.003477860275689082,0.011488954986013655,0.028445364290855802,0.015040089214158208
matrix_free_joint_rank8_int4_per_row_hadamard,pooled_router_square_compressed,384,1152,19,32,0.5234781901041666,0.9609562864650302,0.9840001816925369,0.9947206033094819,0.9804864033113159,0.0036583960310501372,0.011277623089851252,0.021668660329882062,0.012382246351174228
matrix_free_joint_rank8_int4_per_row_hadamard,pooled_router_square_compressed,384,1152,20,32,0.5234781901041666,0.9555274528375282,0.975549827921343,0.9945090721040378,0.975212440190829,0.0037426693050605754,0.012228921466351794,0.02797615982515066,0.014128552821223463
matrix_free_joint_rank8_int4_per_row_hadamard,pooled_router_square_compressed,384,1152,21,32,0.5234781901041666,0.9810057418638758,0.9912138681543554,0.9958847291574169,0.9891172597282811,0.0066671521219344495,0.02125936766089892,0.034413274267489656,0.021426055395985955
matrix_free_joint_rank8_int4_per_row_hadamard,pooled_router_square_compressed,384,1152,22,32,0.5234781901041666,0.9605608607078557,0.9785107621143929,0.9912477350037742,0.9762648674471834,0.0030227131803111764,0.011660666253136887,0.027003108284488844,0.012999225020474469
matrix_free_joint_rank8_int4_per_row_hadamard,pooled_router_square_compressed,384,1152,23,32,0.5234781901041666,0.9535395793901399,0.9804548795438848,0.9946264466314678,0.9771604642419421,0.005639030326105721,0.010899889470074253,0.02414705096127321,0.014271067142406196
matrix_free_joint_rank8_int4_per_row_hadamard,pooled_router_square_compressed,384,1152,24,32,0.5234781901041666,0.9747762396906134,0.9852243429758409,0.993208361897468,0.9835730820086783,0.013640542934394073,0.022143327243185795,0.048810513891655596,0.027461573915091117
matrix_free_joint_rank8_int4_per_row_hadamard,pooled_router_square_compressed,384,1152,25,32,0.5234781901041666,0.9569145974064571,0.9741828442201841,0.9936359593142724,0.9731367281668613,0.006247990824062933,0.014637129803631799,0.03408605979180913,0.018247348014399815
matrix_free_joint_rank8_int4_per_row_hadamard,pooled_router_square_compressed,384,1152,26,32,0.5234781901041666,0.9635759169456135,0.9777652577929264,0.9915080935871968,0.978006550652715,0.003219950967329699,0.010316683628445233,0.02513615975943924,0.013858589418027312
matrix_free_joint_rank8_int4_per_row_hadamard,pooled_router_square_compressed,384,1152,27,32,0.5234781901041666,0.968121467044266,0.9802644949359272,0.9911868187562766,0.9795401397950247,0.004831196850206554,0.013297234359438359,0.03955498603039903,0.020832505447719057
matrix_free_joint_rank8_int4_per_row_hadamard,pooled_router_square_compressed,384,1152,28,32,0.5234781901041666,0.9641147426387895,0.9798084074765256,0.9909627741507199,0.9779535916544165,0.007263774554414582,0.017885180966645264,0.035727721673742316,0.020272330388461005
matrix_free_joint_rank8_int4_per_row_hadamard,pooled_router_square_compressed,384,1152,29,32,0.5234781901041666,0.9713391444014756,0.9843229962238766,0.9918498282668795,0.9832328769598457,0.0049692569264101925,0.010434069026502513,0.029495107065964046,0.013612750188545929
matrix_free_joint_rank8_int4_per_row_hadamard,pooled_router_square_compressed,384,1152,30,32,0.5234781901041666,0.9638582726247693,0.978316689710653,0.9935634516657927,0.9772798327792205,0.004296941218619033,0.013495688346955304,0.0184534548833593,0.012889140317486163
matrix_free_joint_rank8_int4_per_row_hadamard,pooled_router_square_compressed,384,1152,31,32,0.5234781901041666,0.9742894335824702,0.9839591735999811,0.9907943359399899,0.9832980858236857,0.0046984404145792415,0.011804266671524177,0.02672453822387862,0.013786632034039435
matrix_free_joint_rank8_int4_per_row_hadamard,pooled_router_square_compressed,384,1152,32,32,0.5234781901041666,0.9643836540445678,0.9874094638837981,0.9940171231660339,0.9823366961756181,0.004754974119357147,0.009540044713497453,0.018052879153029423,0.01093207685412046
matrix_free_joint_rank8_int4_per_row_hadamard,pooled_router_square_compressed,384,1152,33,32,0.5234781901041666,0.982138490699206,0.9909980387033782,0.9968681746771894,0.9890821501653435,0.0030478814627258543,0.010524563884834137,0.02049121169585958,0.011675442503473896
matrix_free_joint_rank8_int4_per_row_hadamard,pooled_router_square_compressed,384,1152,34,32,0.5234781901041666,0.9732796263350694,0.986457010141067,0.9919212908641658,0.9848060154840123,0.003879686513825287,0.0068670478077699215,0.010992552242125033,0.007118441706670493
matrix_free_joint_rank8_int4_per_row_hadamard,pooled_router_square_compressed,384,1152,35,32,0.5234781901041666,0.9458696308292189,0.9798251910365445,0.9918501620856981,0.9758161577291623,0.0032831004622119854,0.007502972062408575,0.01609701928980253,0.009958506102269872
matrix_free_joint_rank8_int4_per_row_hadamard,pooled_router_square_compressed,384,1152,36,32,0.5234781901041666,0.9720811974953504,0.9805003068201935,0.9937409640945338,0.981113855808531,0.002586083250478977,0.007764596712356797,0.023509531070024757,0.010203213937278556
matrix_free_joint_rank8_int4_per_row_hadamard,pooled_router_square_compressed,384,1152,37,32,0.5234781901041666,0.96777782661348,0.9799049694470373,0.9932760490208818,0.9801052806631403,0.0033229461371232726,0.0064775754163416965,0.013304167664808809,0.007821301876348313
matrix_free_joint_rank8_int4_per_row_hadamard,pooled_router_square_compressed,384,1152,38,32,0.5234781901041666,0.9820209770477079,0.991089666964689,0.9965373924840334,0.9904003321067296,0.003980885601329776,0.010332058639944297,0.021769264621358374,0.011004471548106017
matrix_free_joint_rank8_int4_per_row_hadamard,pooled_router_square_compressed,384,1152,39,32,0.5234781901041666,0.9688314652081957,0.9893481000333362,0.997113525192946,0.9847676751673207,0.0011414882849233976,0.004112399938106026,0.014170614624414081,0.0063077759952209
matrix_free_joint_rank8_int4_per_row_hadamard,pooled_router_square_compressed,384,1536,0,32,0.5234781901041666,0.9954880622504423,0.998535773005552,0.9996592132564359,0.9975225984938894,0.00042970702606152103,0.0020385742443181365,0.006928087474467583,0.003042992003423471
matrix_free_joint_rank8_int4_per_row_hadamard,pooled_router_square_compressed,384,1536,1,32,0.5234781901041666,0.9766555658335122,0.9884852555483873,0.9963280579583099,0.9869381619416584,0.0026533299064080865,0.007651173009494749,0.018939235885067098,0.009992837234682292
matrix_free_joint_rank8_int4_per_row_hadamard,pooled_router_square_compressed,384,1536,2,32,0.5234781901041666,0.9786189091743952,0.9887125266067311,0.9962950904319968,0.9872605660495868,0.007098023786967456,0.0181136268488023,0.03314016100663089,0.01972242437120961
matrix_free_joint_rank8_int4_per_row_hadamard,pooled_router_square_compressed,384,1536,3,32,0.5234781901041666,0.9668044543045204,0.9846738788910369,0.9938014060298294,0.9811598083249196,0.007756017894011302,0.018571017368589793,0.033780516803133785,0.019244612107722856
matrix_free_joint_rank8_int4_per_row_hadamard,pooled_router_square_compressed,384,1536,4,32,0.5234781901041666,0.9741357020580833,0.9854849430768253,0.9945262994177813,0.9846183454882136,0.0066154709993744175,0.016157539622137673,0.03178579341895293,0.01830299625461751
matrix_free_joint_rank8_int4_per_row_hadamard,pooled_router_square_compressed,384,1536,5,32,0.5234781901041666,0.9678521571890175,0.9811481395827748,0.9952002806368788,0.9802846069515698,0.008733618737802162,0.01406921140601719,0.02643776301230602,0.01598734022461717
matrix_free_joint_rank8_int4_per_row_hadamard,pooled_router_square_compressed,384,1536,6,32,0.5234781901041666,0.978621526169231,0.9888141176601073,0.9958346243254499,0.985871535565169,0.0036844930153453136,0.01360269555980581,0.03320269490891927,0.017309452477270566
matrix_free_joint_rank8_int4_per_row_hadamard,pooled_router_square_compressed,384,1536,7,32,0.5234781901041666,0.9653005096704191,0.9789684944435764,0.9895805684982243,0.9774324034048429,0.003909900834703761,0.01162545994512254,0.031266351908903686,0.015036139217328735
matrix_free_joint_rank8_int4_per_row_hadamard,pooled_router_square_compressed,384,1536,8,32,0.5234781901041666,0.9637194004638655,0.9807370395765214,0.9900739355824599,0.9782501310723213,0.008623381667076357,0.015837686778227722,0.036316442328450896,0.02068973544144612
matrix_free_joint_rank8_int4_per_row_hadamard,pooled_router_square_compressed,384,1536,9,32,0.5234781901041666,0.971801391051276,0.9847222532484657,0.9911351275454766,0.9819791251295522,0.009394133065839116,0.014966584332763211,0.026824903176379436,0.018064098319510356
matrix_free_joint_rank8_int4_per_row_hadamard,pooled_router_square_compressed,384,1536,10,32,0.5234781901041666,0.9683834743994839,0.9816968067289299,0.9975557282929715,0.9811398553864612,0.0008432557055037428,0.014752737253298842,0.035372828349100556,0.015412171048818119
matrix_free_joint_rank8_int4_per_row_hadamard,pooled_router_square_compressed,384,1536,11,32,0.5234781901041666,0.9662430856471315,0.9843709984556959,0.9922156592525591,0.9803404387971335,0.005866648261503404,0.013389138384061916,0.03070149823922678,0.015881244245280837
matrix_free_joint_rank8_int4_per_row_hadamard,pooled_router_square_compressed,384,1536,12,32,0.5234781901041666,0.9688750593863176,0.9842843579924511,0.9930757852501148,0.98219731474093,0.005210451906021174,0.020865089809368464,0.035919149893115614,0.019460306475433158
matrix_free_joint_rank8_int4_per_row_hadamard,pooled_router_square_compressed,384,1536,13,32,0.5234781901041666,0.9665911928492755,0.9799451757689519,0.9937600362593203,0.9795451138050518,0.004505328463569014,0.014973124283501227,0.03038622812950698,0.017805647734765402
matrix_free_joint_rank8_int4_per_row_hadamard,pooled_router_square_compressed,384,1536,14,32,0.5234781901041666,0.9605015201393156,0.977744010459346,0.9910686989427011,0.9761218295735365,0.003123417988537369,0.0073976273211937005,0.016938499106942364,0.009483055964854194
matrix_free_joint_rank8_int4_per_row_hadamard,pooled_router_square_compressed,384,1536,15,32,0.5234781901041666,0.9499350767719805,0.9726519957548074,0.9924922927471579,0.9729191980014462,0.002055261695995114,0.012598021202870457,0.03255728995354419,0.016041716431538382
matrix_free_joint_rank8_int4_per_row_hadamard,pooled_router_square_compressed,384,1536,16,32,0.5234781901041666,0.9715074595587045,0.9821481522248843,0.9965465970367142,0.9822227848193081,0.006840381911061533,0.018589526244343235,0.02996868534795745,0.01946811513150896
matrix_free_joint_rank8_int4_per_row_hadamard,pooled_router_square_compressed,384,1536,17,32,0.5234781901041666,0.9611823331270926,0.9752549230435457,0.9914112483755881,0.9758926918098968,0.007220408196193628,0.021001315005954646,0.04239985680681846,0.022759829847739752
matrix_free_joint_rank8_int4_per_row_hadamard,pooled_router_square_compressed,384,1536,18,32,0.5234781901041666,0.9533154610946312,0.979681537026246,0.9951636766634202,0.9765960274988673,0.003477860275689082,0.011488954986013655,0.028445364290855802,0.015040089214158208
matrix_free_joint_rank8_int4_per_row_hadamard,pooled_router_square_compressed,384,1536,19,32,0.5234781901041666,0.9609562864650302,0.9840001816925369,0.9947206033094819,0.9804864033113159,0.0036583960310501372,0.011277623089851252,0.021668660329882062,0.012382246351174228
matrix_free_joint_rank8_int4_per_row_hadamard,pooled_router_square_compressed,384,1536,20,32,0.5234781901041666,0.9555274528375282,0.975549827921343,0.9945090721040378,0.975212440190829,0.0037426693050605754,0.012228921466351794,0.02797615982515066,0.014128552821223463
matrix_free_joint_rank8_int4_per_row_hadamard,pooled_router_square_compressed,384,1536,21,32,0.5234781901041666,0.9810057418638758,0.9912138681543554,0.9958847291574169,0.9891172781348005,0.0066671521219344495,0.02125936766089892,0.034413274267489656,0.021426073802505358
matrix_free_joint_rank8_int4_per_row_hadamard,pooled_router_square_compressed,384,1536,22,32,0.5234781901041666,0.9605608607078557,0.9785107621143929,0.9912477350037742,0.9762648674471834,0.0030227131803111764,0.011660666253136887,0.027003108284488844,0.012999225020474469
matrix_free_joint_rank8_int4_per_row_hadamard,pooled_router_square_compressed,384,1536,23,32,0.5234781901041666,0.9535395793901399,0.9804548795438848,0.9946264466314678,0.9771604642419421,0.005639030326105721,0.010899889470074253,0.02414705096127321,0.014271067142406196
matrix_free_joint_rank8_int4_per_row_hadamard,pooled_router_square_compressed,384,1536,24,32,0.5234781901041666,0.9747762396906134,0.9852243429758409,0.993208361897468,0.9835730820086783,0.013640542934394073,0.022143327243185795,0.048810513891655596,0.027461573915091117
matrix_free_joint_rank8_int4_per_row_hadamard,pooled_router_square_compressed,384,1536,25,32,0.5234781901041666,0.9569145974064571,0.9741828442201841,0.9936359593142724,0.9731367281668613,0.006247990824062933,0.014637129803631799,0.03408605979180913,0.018247348014399815
matrix_free_joint_rank8_int4_per_row_hadamard,pooled_router_square_compressed,384,1536,26,32,0.5234781901041666,0.9635759169456135,0.9777652577929264,0.9915080935871968,0.978006550652715,0.003219950967329699,0.010316683628445233,0.02513615975943924,0.013858589418027312
matrix_free_joint_rank8_int4_per_row_hadamard,pooled_router_square_compressed,384,1536,27,32,0.5234781901041666,0.968121467044266,0.9802644949359272,0.9911868187562766,0.9795401397950247,0.004831196850206554,0.013297234359438359,0.03955498603039903,0.020832505447719057
matrix_free_joint_rank8_int4_per_row_hadamard,pooled_router_square_compressed,384,1536,28,32,0.5234781901041666,0.9641147426387895,0.9798084074765256,0.9909627741507199,0.9779535916544165,0.007263774554414582,0.017885180966645264,0.035727721673742316,0.020272330388461005
matrix_free_joint_rank8_int4_per_row_hadamard,pooled_router_square_compressed,384,1536,29,32,0.5234781901041666,0.9713391444014756,0.9843229962238766,0.9918498282668795,0.9832328769598457,0.0049692569264101925,0.010434069026502513,0.029495107065964046,0.013612750188545929
matrix_free_joint_rank8_int4_per_row_hadamard,pooled_router_square_compressed,384,1536,30,32,0.5234781901041666,0.9638582726247693,0.978316689710653,0.9935634516657927,0.9772798327792205,0.004296941218619033,0.013495688346955304,0.0184534548833593,0.012889140317486163
matrix_free_joint_rank8_int4_per_row_hadamard,pooled_router_square_compressed,384,1536,31,32,0.5234781901041666,0.9742894335824702,0.9839591735999811,0.9907943359399899,0.9832980858236857,0.0046984404145792415,0.011804266671524177,0.02672453822387862,0.013786632034039435
matrix_free_joint_rank8_int4_per_row_hadamard,pooled_router_square_compressed,384,1536,32,32,0.5234781901041666,0.9643836540445678,0.9874094638837981,0.9940171231660339,0.9823366961756181,0.004754974119357147,0.009540044713497453,0.018052879153029423,0.01093207685412046
matrix_free_joint_rank8_int4_per_row_hadamard,pooled_router_square_compressed,384,1536,33,32,0.5234781901041666,0.982138490699206,0.9909980387033782,0.9968681746771894,0.9890821501653435,0.0030478814627258543,0.010524563884834137,0.02049121169585958,0.011675442503473896
matrix_free_joint_rank8_int4_per_row_hadamard,pooled_router_square_compressed,384,1536,34,32,0.5234781901041666,0.9732796263350694,0.986457010141067,0.9919212908641658,0.9848060154840123,0.003879686513825287,0.0068670478077699215,0.010992552242125033,0.007118441706670493
matrix_free_joint_rank8_int4_per_row_hadamard,pooled_router_square_compressed,384,1536,35,32,0.5234781901041666,0.9458696308292189,0.9798251910365445,0.9918501620856981,0.9758161577291623,0.0032831004622119854,0.007502972062408575,0.01609701928980253,0.009958506102269872
matrix_free_joint_rank8_int4_per_row_hadamard,pooled_router_square_compressed,384,1536,36,32,0.5234781901041666,0.9720811974953504,0.9805003068201935,0.9937409640945338,0.981113855808531,0.002586083250478977,0.007764596712356797,0.023509531070024757,0.010203213937278556
matrix_free_joint_rank8_int4_per_row_hadamard,pooled_router_square_compressed,384,1536,37,32,0.5234781901041666,0.96777782661348,0.9799049694470373,0.9932760490208818,0.9801052806631403,0.0033229461371232726,0.0064775754163416965,0.013304167664808809,0.007821301876348313
matrix_free_joint_rank8_int4_per_row_hadamard,pooled_router_square_compressed,384,1536,38,32,0.5234781901041666,0.9820209770477079,0.991089666964689,0.9965373924840334,0.9904003321067296,0.003980885601329776,0.010332058639944297,0.021769264621358374,0.011004471548106017
matrix_free_joint_rank8_int4_per_row_hadamard,pooled_router_square_compressed,384,1536,39,32,0.5234781901041666,0.9688314652081957,0.9893481000333362,0.997113525192946,0.9847676751673207,0.0011414882849233976,0.004112399938106026,0.014170614624414081,0.0063077759952209
matrix_free_joint_rank8_int4_per_row_hadamard,pooled_router_square_compressed,576,768,0,32,0.7734781901041666,0.9989900584253182,0.999810025688552,0.9999116642479512,0.9995482853172132,7.105522569171852e-05,0.00045260341868857967,0.0018675875455818171,0.0007658259209267007
matrix_free_joint_rank8_int4_per_row_hadamard,pooled_router_square_compressed,576,768,1,32,0.7734781901041666,0.9917596109958936,0.995464457621345,0.9986598939920953,0.9949166852097115,0.0009923242532879684,0.002980635967808065,0.006487282245598537,0.003402289490255162
matrix_free_joint_rank8_int4_per_row_hadamard,pooled_router_square_compressed,576,768,2,32,0.7734781901041666,0.9911205430104547,0.9945593713012992,0.9970029224811358,0.9941750830897034,0.002248384350201027,0.005883632379619419,0.009406450130984203,0.005962714917986091
matrix_free_joint_rank8_int4_per_row_hadamard,pooled_router_square_compressed,576,768,3,32,0.7734781901041666,0.986836753798287,0.9926573630137293,0.9962553486415692,0.9918267080289798,0.0032004924250001896,0.005655605376912287,0.009270494578935874,0.006199119863541203
matrix_free_joint_rank8_int4_per_row_hadamard,pooled_router_square_compressed,576,768,4,32,0.7734781901041666,0.9902813031039399,0.9935335301394244,0.9974382640653169,0.9935268126210846,0.0022909513095316523,0.004797324267560743,0.010816919047902942,0.0059376950500577355
matrix_free_joint_rank8_int4_per_row_hadamard,pooled_router_square_compressed,576,768,5,32,0.7734781901041666,0.9874894009644657,0.9921522565961701,0.996749357915,0.9918718319955449,0.002941271330107875,0.004870747777055817,0.009007090308699141,0.005251429162825779
matrix_free_joint_rank8_int4_per_row_hadamard,pooled_router_square_compressed,576,768,6,32,0.7734781901041666,0.9909596689143021,0.9945779852827334,0.9981364475446599,0.993766689008281,0.0012781003856087716,0.004939425511299278,0.011030338656274149,0.00571459303449378
matrix_free_joint_rank8_int4_per_row_hadamard,pooled_router_square_compressed,576,768,7,32,0.7734781901041666,0.9870477542115833,0.9911213068935345,0.9955796396601825,0.9912310231485431,0.0015001955881697282,0.004590649179041839,0.01097687779609226,0.00499747129932011
matrix_free_joint_rank8_int4_per_row_hadamard,pooled_router_square_compressed,576,768,8,32,0.7734781901041666,0.9851776933106795,0.9923067742037501,0.9949631893788885,0.9908857267000116,0.002935998353656899,0.005257120519883585,0.010881415282645301,0.006412371499589176
matrix_free_joint_rank8_int4_per_row_hadamard,pooled_router_square_compressed,576,768,9,32,0.7734781901041666,0.9900240635971731,0.9931256081135611,0.9954755079935522,0.9925391052768654,0.003477716805926012,0.005140804567462687,0.00849764851092103,0.005799509501666085
matrix_free_joint_rank8_int4_per_row_hadamard,pooled_router_square_compressed,576,768,10,32,0.7734781901041666,0.9874728844533369,0.992391244781824,0.9969650138102027,0.992255220518935,0.0011492268503563885,0.0049429773446534875,0.011276305352887499,0.005099156600680985
matrix_free_joint_rank8_int4_per_row_hadamard,pooled_router_square_compressed,576,768,11,32,0.7734781901041666,0.9864099180360935,0.9931555914098041,0.9961942047163347,0.9919940006893978,0.002185310028054188,0.0045086504911354686,0.010786852134826618,0.00522302143500818
matrix_free_joint_rank8_int4_per_row_hadamard,pooled_router_square_compressed,576,768,12,32,0.7734781901041666,0.9873244436831455,0.9930622594312173,0.9964577042652346,0.992467692885818,0.001515221201291972,0.006063949863941875,0.011306663679382335,0.006299527661397245
matrix_free_joint_rank8_int4_per_row_hadamard,pooled_router_square_compressed,576,768,13,32,0.7734781901041666,0.9869357844341793,0.9913016399052903,0.9970921024893017,0.9916711361077508,0.002491973390065383,0.005046033099015412,0.010125870480524967,0.005795777515436518
matrix_free_joint_rank8_int4_per_row_hadamard,pooled_router_square_compressed,576,768,14,32,0.7734781901041666,0.9839793826666973,0.9914429792734272,0.9964940172655051,0.990868762198102,0.0009743877246207178,0.0029587151011618573,0.0060387086134447345,0.003217651467996862
matrix_free_joint_rank8_int4_per_row_hadamard,pooled_router_square_compressed,576,768,15,32,0.7734781901041666,0.9815959384026833,0.9899781567997263,0.9966347972379516,0.9893787872460339,0.0011098506535899388,0.004620536788076113,0.012633976615797897,0.00559863367114204
matrix_free_joint_rank8_int4_per_row_hadamard,pooled_router_square_compressed,576,768,16,32,0.7734781901041666,0.9891391353576144,0.9921230576622522,0.997886986088268,0.9921984330572775,0.0027005854871447912,0.006063719933718903,0.009738038941563488,0.006103660870296297
matrix_free_joint_rank8_int4_per_row_hadamard,pooled_router_square_compressed,576,768,17,32,0.7734781901041666,0.9849936915704671,0.9899453095030608,0.9968105505911282,0.9904353081497278,0.0026647319629187426,0.0072575001718299115,0.013313670048727867,0.0076628316213602325
matrix_free_joint_rank8_int4_per_row_hadamard,pooled_router_square_compressed,576,768,18,32,0.7734781901041666,0.9834384812312036,0.9911122826283998,0.9981509104168046,0.9907164895573273,0.001068225785254917,0.004617881561818027,0.009017666579686789,0.005249486596698279
matrix_free_joint_rank8_int4_per_row_hadamard,pooled_router_square_compressed,576,768,19,32,0.7734781901041666,0.9852497098692816,0.9934058706107359,0.9977640033469193,0.9923329870098492,0.0012582691493398302,0.004004299734365724,0.0074250302577597346,0.004431015648332481
matrix_free_joint_rank8_int4_per_row_hadamard,pooled_router_square_compressed,576,768,20,32,0.7734781901041666,0.9821501738470485,0.9902963759971746,0.9973295658976662,0.9902383397236822,0.001753108292376937,0.004623288795008673,0.008576360080699553,0.004877487707903458
matrix_free_joint_rank8_int4_per_row_hadamard,pooled_router_square_compressed,576,768,21,32,0.7734781901041666,0.9901257301699163,0.9949291818228749,0.9972534783161828,0.9943167306722254,0.0020119701920772726,0.006136534575466979,0.010945240536492042,0.006359904359375793
matrix_free_joint_rank8_int4_per_row_hadamard,pooled_router_square_compressed,576,768,22,32,0.7734781901041666,0.9854692120096122,0.9920621560202643,0.9967591189946342,0.9910655637132872,0.0010106914270188061,0.004515693659899012,0.009266047650679555,0.004683855727606906
matrix_free_joint_rank8_int4_per_row_hadamard,pooled_router_square_compressed,576,768,23,32,0.7734781901041666,0.9831085802016887,0.9919633236232056,0.9979388776845671,0.9911250477102576,0.001903535313746707,0.004254732635949665,0.008495020199139383,0.0047549627892736306
matrix_free_joint_rank8_int4_per_row_hadamard,pooled_router_square_compressed,576,768,24,32,0.7734781901041666,0.9879231583538204,0.9925275985076454,0.9961624939968217,0.9922678662879796,0.004511141836529608,0.007103793671828451,0.013267366265490955,0.008324849529938581
matrix_free_joint_rank8_int4_per_row_hadamard,pooled_router_square_compressed,576,768,25,32,0.7734781901041666,0.9839165732418758,0.989495211981867,0.9965939312551928,0.9892551340190177,0.001895183599864414,0.005640152065025661,0.011642909004251634,0.006199635443147767
matrix_free_joint_rank8_int4_per_row_hadamard,pooled_router_square_compressed,576,768,26,32,0.7734781901041666,0.9866462834103233,0.9915736689324984,0.9966239255689101,0.9912295399087656,0.0011535170121468319,0.004092664234725929,0.00828610400688712,0.0045803814756700464
matrix_free_joint_rank8_int4_per_row_hadamard,pooled_router_square_compressed,576,768,27,32,0.7734781901041666,0.9862007239866567,0.9924737738323857,0.9956230124409898,0.9913701824437522,0.0026646451304845886,0.0046570887439967845,0.012302669398073653,0.006725482547262181
matrix_free_joint_rank8_int4_per_row_hadamard,pooled_router_square_compressed,576,768,28,32,0.7734781901041666,0.9855005949673581,0.9911522422987815,0.9958057296433531,0.9910631260844728,0.003169688335796961,0.006372782869279114,0.010560542477543601,0.006498021882364102
matrix_free_joint_rank8_int4_per_row_hadamard,pooled_router_square_compressed,576,768,29,32,0.7734781901041666,0.9895566500131878,0.9934109859711293,0.9969855627016498,0.9932766009785869,0.001723040906327533,0.0037163639087973155,0.009439912080736836,0.004560956967033368
matrix_free_joint_rank8_int4_per_row_hadamard,pooled_router_square_compressed,576,768,30,32,0.7734781901041666,0.9864988038664291,0.990974164981997,0.9970573482434868,0.991184104125028,0.0014666316925022293,0.004235349278450151,0.00742657059859573,0.004255769373417907
matrix_free_joint_rank8_int4_per_row_hadamard,pooled_router_square_compressed,576,768,31,32,0.7734781901041666,0.9902934409238696,0.9931135070319097,0.9961999423265013,0.9932128538936229,0.0018299194110525496,0.003895802526026615,0.007609222640087377,0.0045276029166673275
matrix_free_joint_rank8_int4_per_row_hadamard,pooled_router_square_compressed,576,768,32,32,0.7734781901041666,0.9863609246781717,0.9949692294805712,0.9973009836832303,0.9930688529917239,0.001429145452219982,0.003049926363716149,0.007624470502142169,0.0037877865514459007
matrix_free_joint_rank8_int4_per_row_hadamard,pooled_router_square_compressed,576,768,33,32,0.7734781901041666,0.9929300267933479,0.9961088583178768,0.9987680303350868,0.995441933335043,0.001209227688275305,0.0035462483751222407,0.005938774326366969,0.003786801343618952
matrix_free_joint_rank8_int4_per_row_hadamard,pooled_router_square_compressed,576,768,34,32,0.7734781901041666,0.9899242760398881,0.9950627536027272,0.9968822327922772,0.9943595499370117,0.0014595689133212741,0.002403358530249422,0.0032386145510087893,0.0024408162029670513
matrix_free_joint_rank8_int4_per_row_hadamard,pooled_router_square_compressed,576,768,35,32,0.7734781901041666,0.9800381349870079,0.9922406798776231,0.9966892671951797,0.9907319524105888,0.001334623718872996,0.003007345543799722,0.005126614108727945,0.003416157929698408
matrix_free_joint_rank8_int4_per_row_hadamard,pooled_router_square_compressed,576,768,36,32,0.7734781901041666,0.9878826580183114,0.9923498966565344,0.9974956661232398,0.9925852096266445,0.0013514850963089132,0.002865136911936239,0.0066540372039228255,0.003538515608579422
matrix_free_joint_rank8_int4_per_row_hadamard,pooled_router_square_compressed,576,768,37,32,0.7734781901041666,0.9877725215615729,0.9926272591450398,0.9973761043983836,0.9925277003189493,0.0013600024216835927,0.002688725115610746,0.004408789201660091,0.0028966668675748306
matrix_free_joint_rank8_int4_per_row_hadamard,pooled_router_square_compressed,576,768,38,32,0.7734781901041666,0.9933114437739075,0.9960213947729655,0.9982953043925874,0.99584649522954,0.001123824079426594,0.002914539768268387,0.006534141344719514,0.003233793297541889
matrix_free_joint_rank8_int4_per_row_hadamard,pooled_router_square_compressed,576,768,39,32,0.7734781901041666,0.9892161788058784,0.9959380353872803,0.9989749410921577,0.9944679478618039,0.00036701135596888256,0.0014920658960297373,0.004911020149690327,0.0021206810269779504
matrix_free_joint_rank8_int4_per_row_hadamard,pooled_router_square_compressed,576,1152,0,32,0.7734781901041666,0.9993150529896327,0.9998509239840438,0.9999496371784642,0.9996369825104684,7.115573210044745e-05,0.00045689595213244116,0.0021948468107803047,0.0008545231141819619
matrix_free_joint_rank8_int4_per_row_hadamard,pooled_router_square_compressed,576,1152,1,32,0.7734781901041666,0.9919640971994255,0.9961571583165778,0.99877576980422,0.9954170342944884,0.0010798339529503153,0.0034017387858062964,0.007735190104654177,0.003902638575032036
matrix_free_joint_rank8_int4_per_row_hadamard,pooled_router_square_compressed,576,1152,2,32,0.7734781901041666,0.9924793171073525,0.9962638328796128,0.9986764362656886,0.9956186200371866,0.002724579677009764,0.007075733853733945,0.011742211463692512,0.007406251865469279
matrix_free_joint_rank8_int4_per_row_hadamard,pooled_router_square_compressed,576,1152,3,32,0.7734781901041666,0.987044364438347,0.9946044839412999,0.9977466343514582,0.9932127747032575,0.0035777560732038415,0.006893210149071849,0.01196800925034516,0.00758518653781886
matrix_free_joint_rank8_int4_per_row_hadamard,pooled_router_square_compressed,576,1152,4,32,0.7734781901041666,0.9906233733260573,0.9951511265194675,0.9981560823484457,0.99462317333697,0.0024312172969095493,0.005714529484797615,0.01263208221983362,0.007034055765943067
matrix_free_joint_rank8_int4_per_row_hadamard,pooled_router_square_compressed,576,1152,5,32,0.7734781901041666,0.9881827852410502,0.9931549978341114,0.9983415178284456,0.9928492626467715,0.003914863270074698,0.005447434275032692,0.010208442452043165,0.006228859814052388
matrix_free_joint_rank8_int4_per_row_hadamard,pooled_router_square_compressed,576,1152,6,32,0.7734781901041666,0.9926247545332568,0.9960837157017838,0.9987143461471563,0.9950150120510468,0.0014587051595989166,0.005761927494056351,0.01273112393015076,0.006962916077259601
matrix_free_joint_rank8_int4_per_row_hadamard,pooled_router_square_compressed,576,1152,7,32,0.7734781901041666,0.9870477542115833,0.9924126132042015,0.9966084434930972,0.9918894447713305,0.0014977541822787876,0.004807694668374163,0.012726407881718705,0.005655892922107508
matrix_free_joint_rank8_int4_per_row_hadamard,pooled_router_square_compressed,576,1152,8,32,0.7734781901041666,0.9869144166981624,0.9933300957480719,0.9963873725789243,0.9921676719097928,0.0027417825029061316,0.0062635160929225275,0.013919516161040802,0.00769431670937042
matrix_free_joint_rank8_int4_per_row_hadamard,pooled_router_square_compressed,576,1152,9,32,0.7734781901041666,0.9902136656303681,0.9945185348227039,0.9968479162194152,0.9936333697762653,0.003842759658813688,0.005774501734992887,0.009721072320479552,0.0068937740010659235
matrix_free_joint_rank8_int4_per_row_hadamard,pooled_router_square_compressed,576,1152,10,32,0.7734781901041666,0.9877504160157027,0.9936548193334142,0.9990719834866995,0.9932400992901962,0.0011492268503563885,0.005623193304592322,0.014119121200296793,0.00608403537194209
matrix_free_joint_rank8_int4_per_row_hadamard,pooled_router_square_compressed,576,1152,11,32,0.7734781901041666,0.9872937367265878,0.9942192619704704,0.9972952861645713,0.9929126781895727,0.002198079617876969,0.004886690450857156,0.011976745176470172,0.006141698935183099
matrix_free_joint_rank8_int4_per_row_hadamard,pooled_router_square_compressed,576,1152,12,32,0.7734781901041666,0.9884981608013272,0.9948168257130038,0.9976262927490193,0.9936282911844487,0.0015076636919299947,0.007429355374880264,0.01425513908606957,0.0074601259600281696
matrix_free_joint_rank8_int4_per_row_hadamard,pooled_router_square_compressed,576,1152,13,32,0.7734781901041666,0.9881437791362131,0.9929637673836973,0.9978155428910939,0.9926213035465389,0.0026169785815398526,0.005219592094713121,0.011570244266215135,0.006745944954224568
matrix_free_joint_rank8_int4_per_row_hadamard,pooled_router_square_compressed,576,1152,14,32,0.7734781901041666,0.9850984963275105,0.991572478293507,0.9968110162925629,0.9912735475398878,0.0009743877246207178,0.0033161693378759294,0.007379518651755249,0.003622436809782654
matrix_free_joint_rank8_int4_per_row_hadamard,pooled_router_square_compressed,576,1152,15,32,0.7734781901041666,0.9835749214422456,0.9901018071656271,0.9974030176123986,0.9901698770724471,0.0011098506535899388,0.00494242685937718,0.014777557719299218,0.006389723497555191
matrix_free_joint_rank8_int4_per_row_hadamard,pooled_router_square_compressed,576,1152,16,32,0.7734781901041666,0.98924833894067,0.9937291093634998,0.9987228404736935,0.993539157158418,0.0033132235223408803,0.006753316739756154,0.01160479121066742,0.007444384971436728
matrix_free_joint_rank8_int4_per_row_hadamard,pooled_router_square_compressed,576,1152,17,32,0.7734781901041666,0.9866846039017668,0.991071289653112,0.9969853207184669,0.9915033360225705,0.0027822412282012656,0.007816286213632895,0.014796254595480118,0.008730859494202794
matrix_free_joint_rank8_int4_per_row_hadamard,pooled_router_square_compressed,576,1152,18,32,0.7734781901041666,0.9837816850153448,0.9926943789266449,0.9982782155571355,0.9916013107769464,0.0011484458827561994,0.0048074302763581045,0.01177420203240195,0.006134307816317373
matrix_free_joint_rank8_int4_per_row_hadamard,pooled_router_square_compressed,576,1152,19,32,0.7734781901041666,0.9849434107952726,0.9942760408350988,0.998037873844564,0.9928094849141541,0.0014381437511419293,0.004256442438455965,0.008464283522517982,0.0049075135526374415
matrix_free_joint_rank8_int4_per_row_hadamard,pooled_router_square_compressed,576,1152,20,32,0.7734781901041666,0.9838005800179915,0.9910948239626376,0.9981472542397669,0.9909649511337723,0.0020003050045973247,0.005059939800530322,0.010483684318300202,0.005604099117993474
matrix_free_joint_rank8_int4_per_row_hadamard,pooled_router_square_compressed,576,1152,21,32,0.7734781901041666,0.9934435995117881,0.9969054940158639,0.9985755781538463,0.9961637619183946,0.0021327484773882356,0.008092675470389665,0.013536044184841093,0.00820693560554515
matrix_free_joint_rank8_int4_per_row_hadamard,pooled_router_square_compressed,576,1152,22,32,0.7734781901041666,0.985751236362024,0.9921337854519016,0.9967039916265578,0.9914177224686592,0.0010106914270188061,0.004613332293807004,0.009848172463793537,0.0050360144829789295
matrix_free_joint_rank8_int4_per_row_hadamard,pooled_router_square_compressed,576,1152,23,32,0.7734781901041666,0.9834664428903277,0.9927486023798016,0.9982163841122293,0.9917100020168319,0.002008310079908415,0.004593579549611371,0.009405466877538416,0.005339917095847819
matrix_free_joint_rank8_int4_per_row_hadamard,pooled_router_square_compressed,576,1152,24,32,0.7734781901041666,0.9914033526380212,0.9949308207259508,0.9977024362295597,0.9943105999395394,0.004907112395354763,0.008749968553599552,0.017600267379735714,0.010367583181498378
matrix_free_joint_rank8_int4_per_row_hadamard,pooled_router_square_compressed,576,1152,25,32,0.7734781901041666,0.9840745209161396,0.990218068203542,0.9977504420311122,0.9902884804259127,0.0021649133665176514,0.00585531973129666,0.012834490017361179,0.007232981850042727
matrix_free_joint_rank8_int4_per_row_hadamard,pooled_router_square_compressed,576,1152,26,32,0.7734781901041666,0.9865496846461699,0.9921529035386191,0.9968710275471788,0.9921336930771181,0.0011535170121468319,0.004482325172991575,0.01044700880060583,0.005484534644022352
matrix_free_joint_rank8_int4_per_row_hadamard,pooled_router_square_compressed,576,1152,27,32,0.7734781901041666,0.9883651546544161,0.9931625830989945,0.9968704323038531,0.9927576382266451,0.0027692570831929,0.005040682070299063,0.01714999591566254,0.00811293833015507
matrix_free_joint_rank8_int4_per_row_hadamard,pooled_router_square_compressed,576,1152,28,32,0.7734781901041666,0.9866288367460073,0.9930276767913746,0.9969406004751733,0.9922324665590303,0.0033731238853662803,0.007368012298511084,0.013397766890275312,0.007667362356921573
matrix_free_joint_rank8_int4_per_row_hadamard,pooled_router_square_compressed,576,1152,29,32,0.7734781901041666,0.9896638157282127,0.9945730195277134,0.9971509813102883,0.9939837908603473,0.0017821185079130886,0.004216036331764261,0.011811961637672333,0.0052681468487938005
matrix_free_joint_rank8_int4_per_row_hadamard,pooled_router_square_compressed,576,1152,30,32,0.7734781901041666,0.9868243214308987,0.9924803645079778,0.9977573939992761,0.9917312479895968,0.0014814901905336076,0.004403048921820363,0.007618919224092515,0.004802913237986636
matrix_free_joint_rank8_int4_per_row_hadamard,pooled_router_square_compressed,576,1152,31,32,0.7734781901041666,0.9909403805562632,0.99459302517458,0.9968114566078379,0.9939899899177401,0.0018407535623479409,0.004425461481724513,0.00940071250540957,0.0053047389407845195
matrix_free_joint_rank8_int4_per_row_hadamard,pooled_router_square_compressed,576,1152,32,32,0.7734781901041666,0.9868916858143884,0.9953705793488883,0.9978026706007214,0.9935499108114398,0.0015994848176776543,0.0033778609446434293,0.008078951061840357,0.004268844371161852
matrix_free_joint_rank8_int4_per_row_hadamard,pooled_router_square_compressed,576,1152,33,32,0.7734781901041666,0.9934174168655202,0.9968372830026533,0.9988382705584918,0.9961835734824169,0.0012696318702307917,0.003986692922912594,0.007694789343340226,0.004528441490992928
matrix_free_joint_rank8_int4_per_row_hadamard,pooled_router_square_compressed,576,1152,34,32,0.7734781901041666,0.9897927125182986,0.9951230529595767,0.997071883187982,0.9945488079570979,0.0014840506642487595,0.002556054018948428,0.0035568351818438316,0.0026300742230531415
matrix_free_joint_rank8_int4_per_row_hadamard,pooled_router_square_compressed,576,1152,35,32,0.7734781901041666,0.9800381349870079,0.9924731697325995,0.9969229349485269,0.9910517417923463,0.0013753959829974406,0.0032180132440084996,0.00570120265093016,0.003735947311455934
matrix_free_joint_rank8_int4_per_row_hadamard,pooled_router_square_compressed,576,1152,36,32,0.7734781901041666,0.9898757602439566,0.9930892457387279,0.9977243518440978,0.9930735038329961,0.001576008255517336,0.0029505024744883035,0.008489937660875593,0.004026809814930983
matrix_free_joint_rank8_int4_per_row_hadamard,pooled_router_square_compressed,576,1152,37,32,0.7734781901041666,0.9880323179730716,0.9930101503043516,0.9974889691553337,0.9927082067262605,0.0014234453501471233,0.002688725115610746,0.004804566835188518,0.0030771732748861337
matrix_free_joint_rank8_int4_per_row_hadamard,pooled_router_square_compressed,576,1152,38,32,0.7734781901041666,0.9936844696144878,0.9969827492232052,0.9987633560984062,0.9966343651266021,0.0014983033739124686,0.003771036670874306,0.008117656250300411,0.004021663194603908
matrix_free_joint_rank8_int4_per_row_hadamard,pooled_router_square_compressed,576,1152,39,32,0.7734781901041666,0.9898510556677921,0.9962606641444347,0.9989734411947742,0.9946575942614754,0.00040888115173516316,0.001493421320073629,0.005786872788879949,0.0023103274266494597
matrix_free_joint_rank8_int4_per_row_hadamard,pooled_router_square_compressed,576,1536,0,32,0.7734781901041666,0.9993150529896327,0.9998509239840438,0.9999496371784642,0.9996369825104684,7.115573210044745e-05,0.00045689595213244116,0.0021948468107803047,0.0008545231141819619
matrix_free_joint_rank8_int4_per_row_hadamard,pooled_router_square_compressed,576,1536,1,32,0.7734781901041666,0.9919640971994255,0.9961571583165778,0.99877576980422,0.9954170342944884,0.0010798339529503153,0.0034017387858062964,0.007735190104654177,0.003902638575032036
matrix_free_joint_rank8_int4_per_row_hadamard,pooled_router_square_compressed,576,1536,2,32,0.7734781901041666,0.9924793171073525,0.9962638328796128,0.9988234715795549,0.9956353453425447,0.0027528624010403346,0.007075733853733945,0.011757942467800478,0.007422977170827433
matrix_free_joint_rank8_int4_per_row_hadamard,pooled_router_square_compressed,576,1536,3,32,0.7734781901041666,0.987044364438347,0.9946044839412999,0.9977468526892806,0.9932156768227246,0.0035777560732038415,0.006893210149071849,0.01196800925034516,0.007588088657286045
matrix_free_joint_rank8_int4_per_row_hadamard,pooled_router_square_compressed,576,1536,4,32,0.7734781901041666,0.9906233733260573,0.9951511265194675,0.9981560823484457,0.9946247676391647,0.0024312172969095493,0.005714529484797615,0.01263208221983362,0.007035650068137774
matrix_free_joint_rank8_int4_per_row_hadamard,pooled_router_square_compressed,576,1536,5,32,0.7734781901041666,0.9881827852410502,0.9931549978341114,0.9983685446367971,0.992850201077617,0.003914863270074698,0.005447434275032692,0.010208442452043165,0.0062297982448979265
matrix_free_joint_rank8_int4_per_row_hadamard,pooled_router_square_compressed,576,1536,6,32,0.7734781901041666,0.9926247545332568,0.9960837157017838,0.9987143461471563,0.9950150120510468,0.0014587051595989166,0.005761927494056351,0.01273112393015076,0.006962916077259601
matrix_free_joint_rank8_int4_per_row_hadamard,pooled_router_square_compressed,576,1536,7,32,0.7734781901041666,0.9870477542115833,0.9924126132042015,0.9966084434930972,0.9918894447713305,0.0014977541822787876,0.004807694668374163,0.012726407881718705,0.005655892922107508
matrix_free_joint_rank8_int4_per_row_hadamard,pooled_router_square_compressed,576,1536,8,32,0.7734781901041666,0.9869144166981624,0.9933300957480719,0.9963873725789243,0.992170800586097,0.0027417825029061316,0.0062635160929225275,0.013919516161040802,0.007697445385674587
matrix_free_joint_rank8_int4_per_row_hadamard,pooled_router_square_compressed,576,1536,9,32,0.7734781901041666,0.9902136656303681,0.9945185348227039,0.9968479162194152,0.9936333697762653,0.003842759658813688,0.005774501734992887,0.009721072320479552,0.0068937740010659235
matrix_free_joint_rank8_int4_per_row_hadamard,pooled_router_square_compressed,576,1536,10,32,0.7734781901041666,0.9877504160157027,0.9936548193334142,0.9992235994408659,0.9932470675890512,0.0011492268503563885,0.005623193304592322,0.0141359674174264,0.0060910036707972175
matrix_free_joint_rank8_int4_per_row_hadamard,pooled_router_square_compressed,576,1536,11,32,0.7734781901041666,0.9872937367265878,0.9942192619704704,0.9973037644291414,0.9929153276472509,0.002198079617876969,0.004886690450857156,0.011976745176470172,0.006144348392861272
matrix_free_joint_rank8_int4_per_row_hadamard,pooled_router_square_compressed,576,1536,12,32,0.7734781901041666,0.9884981608013272,0.9948168257130038,0.9976262927490193,0.9936282911844487,0.0015076636919299947,0.007429355374880264,0.01425513908606957,0.0074601259600281696
matrix_free_joint_rank8_int4_per_row_hadamard,pooled_router_square_compressed,576,1536,13,32,0.7734781901041666,0.9881437791362131,0.9929637673836973,0.9978155428910939,0.9926213035465389,0.0026169785815398526,0.005219592094713121,0.011570244266215135,0.006745944954224568
matrix_free_joint_rank8_int4_per_row_hadamard,pooled_router_square_compressed,576,1536,14,32,0.7734781901041666,0.9850984963275105,0.991572478293507,0.9968110162925629,0.9912783834766963,0.0009743877246207178,0.0033161693378759294,0.007388946171613067,0.0036272727465910815
matrix_free_joint_rank8_int4_per_row_hadamard,pooled_router_square_compressed,576,1536,15,32,0.7734781901041666,0.9835749214422456,0.9901018071656271,0.9974030176123986,0.9901719015853699,0.0011098506535899388,0.00494242685937718,0.014777557719299218,0.006391748010478045
matrix_free_joint_rank8_int4_per_row_hadamard,pooled_router_square_compressed,576,1536,16,32,0.7734781901041666,0.98924833894067,0.9937291093634998,0.998728046354514,0.9935408594462528,0.0033132235223408803,0.006753316739756154,0.01160479121066742,0.007446087259271591
matrix_free_joint_rank8_int4_per_row_hadamard,pooled_router_square_compressed,576,1536,17,32,0.7734781901041666,0.9866846039017668,0.991071289653112,0.9969853207184669,0.9915022124845869,0.0027822412282012656,0.007816286213632895,0.014796254595480118,0.00872973595621929
matrix_free_joint_rank8_int4_per_row_hadamard,pooled_router_square_compressed,576,1536,18,32,0.7734781901041666,0.9837816850153448,0.9926943789266449,0.9982782155571355,0.9916013107769464,0.0011484458827561994,0.0048074302763581045,0.01177420203240195,0.006134307816317373
matrix_free_joint_rank8_int4_per_row_hadamard,pooled_router_square_compressed,576,1536,19,32,0.7734781901041666,0.9849434107952726,0.9942760408350988,0.998037873844564,0.9928094849141541,0.0014381437511419293,0.004256442438455965,0.008464283522517982,0.0049075135526374415
matrix_free_joint_rank8_int4_per_row_hadamard,pooled_router_square_compressed,576,1536,20,32,0.7734781901041666,0.9838005800179915,0.9910948239626376,0.9981472542397669,0.9909663364636343,0.0020003050045973247,0.005059939800530322,0.010483684318300202,0.0056054844478554584
matrix_free_joint_rank8_int4_per_row_hadamard,pooled_router_square_compressed,576,1536,21,32,0.7734781901041666,0.9934435995117881,0.9969054940158639,0.9985916103909294,0.9961780562920487,0.0021327484773882356,0.008092675470389665,0.013557778365132002,0.008221229979199163
matrix_free_joint_rank8_int4_per_row_hadamard,pooled_router_square_compressed,576,1536,22,32,0.7734781901041666,0.985751236362024,0.9921337854519016,0.9967039916265578,0.9914177224686592,0.0010106914270188061,0.004613332293807004,0.009848172463793537,0.0050360144829789295
matrix_free_joint_rank8_int4_per_row_hadamard,pooled_router_square_compressed,576,1536,23,32,0.7734781901041666,0.9834664428903277,0.9927486023798016,0.9982163841122293,0.9917100020168319,0.002008310079908415,0.004593579549611371,0.009405466877538416,0.005339917095847819
matrix_free_joint_rank8_int4_per_row_hadamard,pooled_router_square_compressed,576,1536,24,32,0.7734781901041666,0.9914033526380212,0.9949308207259508,0.9977571376409688,0.994316586880449,0.004907112395354763,0.008749968553599552,0.0176069570275765,0.010373570122407836
matrix_free_joint_rank8_int4_per_row_hadamard,pooled_router_square_compressed,576,1536,25,32,0.7734781901041666,0.9840745209161396,0.990218068203542,0.9977504420311122,0.9902884804259127,0.0021649133665176514,0.00585531973129666,0.012834490017361179,0.007232981850042727
matrix_free_joint_rank8_int4_per_row_hadamard,pooled_router_square_compressed,576,1536,26,32,0.7734781901041666,0.9865496846461699,0.9921529035386191,0.9968710275471788,0.9921389825926952,0.0011535170121468319,0.004482325172991575,0.01044700880060583,0.005489824159599432
matrix_free_joint_rank8_int4_per_row_hadamard,pooled_router_square_compressed,576,1536,27,32,0.7734781901041666,0.9883651546544161,0.9931625830989945,0.9968704323038531,0.9927576382266451,0.0027692570831929,0.005040682070299063,0.01714999591566254,0.00811293833015507
matrix_free_joint_rank8_int4_per_row_hadamard,pooled_router_square_compressed,576,1536,28,32,0.7734781901041666,0.9866288367460073,0.9930276767913746,0.9969406004751733,0.9922324665590303,0.0033731238853662803,0.007368012298511084,0.013397766890275312,0.007667362356921573
matrix_free_joint_rank8_int4_per_row_hadamard,pooled_router_square_compressed,576,1536,29,32,0.7734781901041666,0.9896638157282127,0.9945730195277134,0.9971509813102883,0.9939837908603473,0.0017821185079130886,0.004216036331764261,0.011811961637672333,0.0052681468487938005
matrix_free_joint_rank8_int4_per_row_hadamard,pooled_router_square_compressed,576,1536,30,32,0.7734781901041666,0.9868243214308987,0.9924803645079778,0.9977573939992761,0.9917312479895968,0.0014814901905336076,0.004403048921820363,0.007618919224092515,0.004802913237986636
matrix_free_joint_rank8_int4_per_row_hadamard,pooled_router_square_compressed,576,1536,31,32,0.7734781901041666,0.9909403805562632,0.99459302517458,0.9968114566078379,0.9939899899177401,0.0018407535623479409,0.004425461481724513,0.00940071250540957,0.0053047389407845195
matrix_free_joint_rank8_int4_per_row_hadamard,pooled_router_square_compressed,576,1536,32,32,0.7734781901041666,0.9868916858143884,0.9953705793488883,0.9978026706007214,0.9935499108114398,0.0015994848176776543,0.0033778609446434293,0.008078951061840357,0.004268844371161852
matrix_free_joint_rank8_int4_per_row_hadamard,pooled_router_square_compressed,576,1536,33,32,0.7734781901041666,0.9934174168655202,0.9968372830026533,0.9988382705584918,0.996183381350864,0.0012696318702307917,0.003986692922912594,0.007689255954617403,0.004528249359440052
matrix_free_joint_rank8_int4_per_row_hadamard,pooled_router_square_compressed,576,1536,34,32,0.7734781901041666,0.9897927125182986,0.9951230529595767,0.997071883187982,0.9945488079570979,0.0014840506642487595,0.002556054018948428,0.0035568351818438316,0.0026300742230531415
matrix_free_joint_rank8_int4_per_row_hadamard,pooled_router_square_compressed,576,1536,35,32,0.7734781901041666,0.9800381349870079,0.9924731697325995,0.9969229349485269,0.9910517417923463,0.0013753959829974406,0.0032180132440084996,0.00570120265093016,0.003735947311455934
matrix_free_joint_rank8_int4_per_row_hadamard,pooled_router_square_compressed,576,1536,36,32,0.7734781901041666,0.9898757602439566,0.9930892457387279,0.9977243518440978,0.9930735038329961,0.001576008255517336,0.0029505024744883035,0.008489937660875593,0.004026809814930983
matrix_free_joint_rank8_int4_per_row_hadamard,pooled_router_square_compressed,576,1536,37,32,0.7734781901041666,0.9880323179730716,0.9930101503043516,0.9974889691553337,0.9927082067262605,0.0014234453501471233,0.002688725115610746,0.004804566835188518,0.0030771732748861337
matrix_free_joint_rank8_int4_per_row_hadamard,pooled_router_square_compressed,576,1536,38,32,0.7734781901041666,0.9936844696144878,0.9969827492232052,0.9987633560984062,0.9966331692457449,0.0014983033739124686,0.003771036670874306,0.008117656250300411,0.004020467313746667
matrix_free_joint_rank8_int4_per_row_hadamard,pooled_router_square_compressed,576,1536,39,32,0.7734781901041666,0.9898510556677921,0.9962606641444347,0.9989734411947742,0.9946575942614754,0.00040888115173516316,0.001493421320073629,0.005786872788879949,0.0023103274266494597
matrix_free_joint_rank8_int4_per_row_hadamard,pooled_router_square_compressed,749,768,0,32,0.9987386067708334,0.9993858863164857,0.999906606181395,0.9999854028273865,0.9997677640084935,3.816431795400366e-06,1.9540982287458153e-05,0.00012854845609766577,4.780970297949341e-05
matrix_free_joint_rank8_int4_per_row_hadamard,pooled_router_square_compressed,749,768,1,32,0.9987386067708334,0.9947439038618802,0.99730039293453,0.9991862913893323,0.9970662278731871,9.505341065888518e-05,0.00020658913503435183,0.0005422823557020618,0.00028669509279349165
matrix_free_joint_rank8_int4_per_row_hadamard,pooled_router_square_compressed,749,768,2,32,0.9987386067708334,0.994098095682971,0.996072971970589,0.9979593834668444,0.9960490782642153,0.00016214675871244476,0.00032664772485441196,0.0007679241945999782,0.0004306578992584881
matrix_free_joint_rank8_int4_per_row_hadamard,pooled_router_square_compressed,749,768,3,32,0.9987386067708334,0.9925550375109351,0.9950127909537207,0.9973789000548072,0.9950705047505211,0.0002700190967706129,0.0004412812415754974,0.000746752524219152,0.0005154993077545814
matrix_free_joint_rank8_int4_per_row_hadamard,pooled_router_square_compressed,749,768,4,32,0.9987386067708334,0.9925498214036333,0.9958824126967545,0.9980514181564027,0.9957949976830887,0.00016227220869677872,0.00035729096842263,0.0008591816237713435,0.00045620931733393946
matrix_free_joint_rank8_int4_per_row_hadamard,pooled_router_square_compressed,749,768,5,32,0.9987386067708334,0.9930488783156628,0.99479439255989,0.9973512446867063,0.9952680665553468,0.00019088074233947205,0.0004100860229667158,0.0007328260590921513,0.00039148609161076403
matrix_free_joint_rank8_int4_per_row_hadamard,pooled_router_square_compressed,749,768,6,32,0.9987386067708334,0.9932263243433549,0.9961580172675217,0.9990420458061492,0.9959049448540815,7.012997643421893e-05,0.00033201213247952,0.0006826158491564096,0.0003797658426111482
matrix_free_joint_rank8_int4_per_row_hadamard,pooled_router_square_compressed,749,768,7,32,0.9987386067708334,0.9925364297218386,0.9952273891927682,0.9977380784413843,0.9952677992373065,0.00012661779774306715,0.00032735274435652384,0.0008704107245384732,0.0004073623681182456
matrix_free_joint_rank8_int4_per_row_hadamard,pooled_router_square_compressed,749,768,8,32,0.9987386067708334,0.9920153182686813,0.9952085152574913,0.9973715302252304,0.9946988116818485,0.0001615583427448053,0.0004068882237406868,0.0006912418785537278,0.0004409710458693379
matrix_free_joint_rank8_int4_per_row_hadamard,pooled_router_square_compressed,749,768,9,32,0.9987386067708334,0.9938625936789327,0.996032609487302,0.9973114796402808,0.9955589041621612,0.0001386366925872906,0.00036999508133250814,0.0009572869059355617,0.00042676098470791415
matrix_free_joint_rank8_int4_per_row_hadamard,pooled_router_square_compressed,749,768,10,32,0.9987386067708334,0.9925509032900545,0.9952632802742029,0.9985935955228369,0.9956312182707125,9.82620064858164e-05,0.0003740612831009682,0.0007720708341676597,0.00044110583058815794
matrix_free_joint_rank8_int4_per_row_hadamard,pooled_router_square_compressed,749,768,11,32,0.9987386067708334,0.9917548379680272,0.9963561213135841,0.9976995433061738,0.995456058099294,9.977331671805479e-05,0.00037478930305268054,0.0009249943427059209,0.0004343000285777013
matrix_free_joint_rank8_int4_per_row_hadamard,pooled_router_square_compressed,749,768,12,32,0.9987386067708334,0.9922763487972385,0.9955626533057957,0.9980696479929653,0.9953410612228587,7.708146248374126e-05,0.0004925799261580877,0.0007551711931495842,0.00043925144920866147
matrix_free_joint_rank8_int4_per_row_hadamard,pooled_router_square_compressed,749,768,13,32,0.9987386067708334,0.9917324330192162,0.9951828269156842,0.9978829746931964,0.9951462610212145,0.00010088679098767539,0.0004396357963230013,0.0008557579573743039,0.00046572308621881456
matrix_free_joint_rank8_int4_per_row_hadamard,pooled_router_square_compressed,749,768,14,32,0.9987386067708334,0.9933214812451899,0.9960285021598339,0.9981242434096318,0.9956984931628634,0.00011145633197059412,0.00029932964253875927,0.0005223831307456073,0.00033449070324428204
matrix_free_joint_rank8_int4_per_row_hadamard,pooled_router_square_compressed,749,768,15,32,0.9987386067708334,0.9911577960686332,0.9946483180450547,0.997944720764523,0.9944082362700183,5.956389727175271e-05,0.00046390410057395304,0.0008252769834802276,0.00045816297312804843
matrix_free_joint_rank8_int4_per_row_hadamard,pooled_router_square_compressed,749,768,16,32,0.9987386067708334,0.9929628298898374,0.995149539019401,0.998492949974851,0.9952716821286939,5.5057152969861805e-05,0.0004233003850089845,0.0007454750515137776,0.0004345227366314222
matrix_free_joint_rank8_int4_per_row_hadamard,pooled_router_square_compressed,749,768,17,32,0.9987386067708334,0.9908308867036425,0.9942142649488634,0.9980188636172029,0.9942050347999196,0.0001272243490701319,0.00047527641352990146,0.0009354053738779069,0.0005385355427232584
matrix_free_joint_rank8_int4_per_row_hadamard,pooled_router_square_compressed,749,768,18,32,0.9987386067708334,0.9916877784037497,0.9950427467194312,0.9987094837851742,0.9949505063054626,8.511706144315179e-05,0.00034846771804775134,0.0008296737892872331,0.00041942419974432335
matrix_free_joint_rank8_int4_per_row_hadamard,pooled_router_square_compressed,749,768,19,32,0.9987386067708334,0.9927665763343698,0.996489038089704,0.9986268208372038,0.9957835361529976,0.00012752130035565968,0.0003000459836876024,0.0006401365287875495,0.00034056679212632335
matrix_free_joint_rank8_int4_per_row_hadamard,pooled_router_square_compressed,749,768,20,32,0.9987386067708334,0.9921216027256108,0.9953318224742793,0.9984137594092292,0.9950509202953137,0.00013746239332708133,0.00035069752870908744,0.0008461307020190657,0.00042531971756244735
matrix_free_joint_rank8_int4_per_row_hadamard,pooled_router_square_compressed,749,768,21,32,0.9987386067708334,0.9927185442685015,0.9961053810045188,0.9982935348983023,0.9959116367741065,0.00012301169390926958,0.0003674441628215286,0.0006069352150914531,0.00043279703973587644
matrix_free_joint_rank8_int4_per_row_hadamard,pooled_router_square_compressed,749,768,22,32,0.9987386067708334,0.9915956353758392,0.9955678375228165,0.9984578429546456,0.9953514784235402,0.00014578052263264363,0.0003535136410337536,0.00086270817861418,0.0004377605336210594
matrix_free_joint_rank8_int4_per_row_hadamard,pooled_router_square_compressed,749,768,23,32,0.9987386067708334,0.991862550110296,0.9957018636319397,0.9987239707657136,0.9953036874590814,9.32165707545507e-05,0.0003164140690817274,0.0006351106344422375,0.00035029372923434457
matrix_free_joint_rank8_int4_per_row_hadamard,pooled_router_square_compressed,749,768,24,32,0.9987386067708334,0.9921429161439954,0.9947706848870307,0.9969019780369391,0.9946317735394514,0.00034721017461958326,0.0005498414575117461,0.0010094025245341867,0.0006275510146065109
matrix_free_joint_rank8_int4_per_row_hadamard,pooled_router_square_compressed,749,768,25,32,0.9987386067708334,0.9911394817547505,0.994503432789839,0.9981648627274553,0.9940840124981747,0.00015861623774157118,0.0003653370722894178,0.000876496040240693,0.0004309043832708727
matrix_free_joint_rank8_int4_per_row_hadamard,pooled_router_square_compressed,749,768,26,32,0.9987386067708334,0.993205341716681,0.9951967616677717,0.9981667865245929,0.9953391478709042,0.00012123891682461752,0.00035090872482546054,0.000899485129032307,0.0004349350465213189
matrix_free_joint_rank8_int4_per_row_hadamard,pooled_router_square_compressed,749,768,27,32,0.9987386067708334,0.9910207267016535,0.9954474440672267,0.9972797827867036,0.994860800039964,0.00010702297162811236,0.0004132423984616884,0.0010338439534716471,0.0004956235838075446
matrix_free_joint_rank8_int4_per_row_hadamard,pooled_router_square_compressed,749,768,28,32,0.9987386067708334,0.9922797162730995,0.9946697792497327,0.9972014308163525,0.9947882200827097,0.00019875450845717736,0.0004889959532440313,0.0010045920096672047,0.0006101789057890578
matrix_free_joint_rank8_int4_per_row_hadamard,pooled_router_square_compressed,749,768,29,32,0.9987386067708334,0.9942823153647423,0.9962730027834161,0.9984189939911273,0.9962662668372185,7.955464455544625e-05,0.00023958904900750477,0.0006666159820660545,0.0003139411694588756
matrix_free_joint_rank8_int4_per_row_hadamard,pooled_router_square_compressed,749,768,30,32,0.9987386067708334,0.9933914995226276,0.9956074842902208,0.997987611148861,0.9954466000211621,6.181820948771843e-05,0.00032626886700842794,0.0007206114576413403,0.00036540465061778507
matrix_free_joint_rank8_int4_per_row_hadamard,pooled_router_square_compressed,749,768,31,32,0.9987386067708334,0.9940405111542923,0.9964838118831306,0.9977031084345077,0.9961245711502189,0.00012218746216338116,0.0003019494981077453,0.0006627369679778508,0.00034499644483102984
matrix_free_joint_rank8_int4_per_row_hadamard,pooled_router_square_compressed,749,768,32,32,0.9987386067708334,0.9934194956324286,0.997273809287275,0.998450118505606,0.9963425667877874,0.00010832988571091162,0.00027343293385473366,0.0006421860206356712,0.00035891002344022593
matrix_free_joint_rank8_int4_per_row_hadamard,pooled_router_square_compressed,749,768,33,32,0.9987386067708334,0.9952109096349843,0.9975294893274524,0.9991448338828895,0.9972367759347902,7.620668603895986e-05,0.00025298987285360397,0.0005795608907457232,0.00027546239500887
matrix_free_joint_rank8_int4_per_row_hadamard,pooled_router_square_compressed,749,768,34,32,0.9987386067708334,0.9957802833870173,0.9974504653613496,0.9983711384869334,0.9972576365982062,0.00012050677529383824,0.000254323100821352,0.0004200505006237809,0.0002868496367037787
matrix_free_joint_rank8_int4_per_row_hadamard,pooled_router_square_compressed,749,768,35,32,0.9987386067708334,0.9920605223765367,0.9958093037573204,0.9980569143792545,0.995654140360053,0.0001043830484651731,0.00027461784261023636,0.0006163232408558651,0.0003455955545522277
matrix_free_joint_rank8_int4_per_row_hadamard,pooled_router_square_compressed,749,768,36,32,0.9987386067708334,0.9940943514993752,0.9960245821549534,0.9983714596043244,0.9962038095580166,0.00010919741561919994,0.0003245752226971321,0.0005841081021552454,0.0003282466414056724
matrix_free_joint_rank8_int4_per_row_hadamard,pooled_router_square_compressed,749,768,37,32,0.9987386067708334,0.9940451172231496,0.9966476007556344,0.9984930128946397,0.9964687500107741,7.116190807765488e-05,0.0002447282041589949,0.0005716505533038708,0.00029461300100990656
matrix_free_joint_rank8_int4_per_row_hadamard,pooled_router_square_compressed,749,768,38,32,0.9987386067708334,0.9958091221880159,0.9977229909371531,0.9989189188264196,0.9974823005806588,8.935032842051216e-05,0.00025533061366356247,0.0005572232888115038,0.000279147237851482
matrix_free_joint_rank8_int4_per_row_hadamard,pooled_router_square_compressed,749,768,39,32,0.9987386067708334,0.9944528326589407,0.9981489713143737,0.9996037658183907,0.9974424252830595,3.2398061573069015e-05,0.00012579718793492844,0.00030845771920235966,0.00016263229155021736
matrix_free_joint_rank8_int4_per_row_hadamard,pooled_router_square_compressed,749,1152,0,32,0.9987386067708334,0.9999062757130892,0.9999941043952709,0.9999981944214557,0.9999635462583127,1.624800919926006e-05,0.00010949216342404089,0.0006531045355623213,0.0002435919527987336
matrix_free_joint_rank8_int4_per_row_hadamard,pooled_router_square_compressed,749,1152,1,32,0.9987386067708334,0.9971931897854301,0.9986001163538507,0.999584863425015,0.9983276690449419,0.0005048892436022356,0.001235426596069289,0.0034095869634160466,0.0015481362645481632
matrix_free_joint_rank8_int4_per_row_hadamard,pooled_router_square_compressed,749,1152,2,32,0.9987386067708334,0.9971375377185842,0.9985800321191411,0.9993590209258951,0.9983553233464044,0.0009862613351157012,0.002679972569744782,0.004575205736676159,0.0027369029814475407
matrix_free_joint_rank8_int4_per_row_hadamard,pooled_router_square_compressed,749,1152,3,32,0.9987386067708334,0.995210325779574,0.9979193362395231,0.9991771564649313,0.997426010742527,0.0013478711476971217,0.0025121868169963313,0.005172930372851238,0.00287100529976057
matrix_free_joint_rank8_int4_per_row_hadamard,pooled_router_square_compressed,749,1152,4,32,0.9987386067708334,0.9963204597983847,0.9982277228438896,0.9993499518203075,0.9980109405040429,0.001051902745996014,0.0023890516307325527,0.004749267496144217,0.002672152138288239
matrix_free_joint_rank8_int4_per_row_hadamard,pooled_router_square_compressed,749,1152,5,32,0.9987386067708334,0.9957864693633929,0.9973962395777485,0.9993921551819408,0.997296614841684,0.0013949163345855164,0.0022894225924040557,0.003942336494865384,0.0024200343779478967
matrix_free_joint_rank8_int4_per_row_hadamard,pooled_router_square_compressed,749,1152,6,32,0.9987386067708334,0.9972514749253417,0.9985676272504804,0.9995264755479647,0.9981555563538295,0.0005043291548451845,0.002450111538826072,0.004947839632511443,0.0026303773423590887
matrix_free_joint_rank8_int4_per_row_hadamard,pooled_router_square_compressed,749,1152,7,32,0.9987386067708334,0.9951511337748226,0.9972378408214446,0.9988028381169998,0.9969981964641663,0.0004996750928930483,0.0016365778269499254,0.005052356697756001,0.0021377595949779934
matrix_free_joint_rank8_int4_per_row_hadamard,pooled_router_square_compressed,749,1152,8,32,0.9987386067708334,0.9951052420962501,0.9973871969358146,0.9987023845411384,0.9971187199655478,0.0011238769887687906,0.0022636593773177616,0.004700120947965037,0.0028608793295686608
matrix_free_joint_rank8_int4_per_row_hadamard,pooled_router_square_compressed,749,1152,9,32,0.9987386067708334,0.9964307576100031,0.998043743107699,0.9988770054093249,0.9976896323850944,0.0012235815037788921,0.0021982207098127926,0.0041592365377629,0.002557489207641119
matrix_free_joint_rank8_int4_per_row_hadamard,pooled_router_square_compressed,749,1152,10,32,0.9987386067708334,0.9954461394141623,0.997682369246462,0.9995265171490539,0.9974989301880017,0.00031099699754619795,0.002147960124657511,0.005091847476226064,0.002308817747877355
matrix_free_joint_rank8_int4_per_row_hadamard,pooled_router_square_compressed,749,1152,11,32,0.9987386067708334,0.9954409193867703,0.9978642611482194,0.999023646724159,0.9974187517366682,0.000876109262675362,0.0018823232839949577,0.004868877037641796,0.0023969936659518944
matrix_free_joint_rank8_int4_per_row_hadamard,pooled_router_square_compressed,749,1152,12,32,0.9987386067708334,0.9957028950540632,0.9980188649824357,0.9990881896431921,0.9976658707532814,0.0005313298852042792,0.002619088685934301,0.00543408393426157,0.0027640609796312776
matrix_free_joint_rank8_int4_per_row_hadamard,pooled_router_square_compressed,749,1152,13,32,0.9987386067708334,0.9956097113866337,0.9973770303969831,0.9992095021130026,0.9973285531566551,0.0009620435110836434,0.0020351173825989277,0.0047876155485752974,0.002648015221659396
matrix_free_joint_rank8_int4_per_row_hadamard,pooled_router_square_compressed,749,1152,14,32,0.9987386067708334,0.9946182278111124,0.9968319577994343,0.9988664128480622,0.9967702233115638,0.00035969234832863297,0.0013091771464380786,0.0026767752691371108,0.0014062208519445667
matrix_free_joint_rank8_int4_per_row_hadamard,pooled_router_square_compressed,749,1152,15,32,0.9987386067708334,0.9938010461620082,0.9963472743822726,0.999076189949799,0.9963646318848467,0.00038143378749831984,0.0018761823345831985,0.0051253855287792145,0.0024145585879564793
matrix_free_joint_rank8_int4_per_row_hadamard,pooled_router_square_compressed,749,1152,16,32,0.9987386067708334,0.9958785105310152,0.9976253448502503,0.9995432421636654,0.9976220945785312,0.0009243579599915619,0.002548610136485163,0.004643657156087478,0.0027849351864687767
matrix_free_joint_rank8_int4_per_row_hadamard,pooled_router_square_compressed,749,1152,17,32,0.9987386067708334,0.9949768999966614,0.996712172790807,0.998866081754796,0.996857024991198,0.0010008563104735746,0.002857721481424269,0.005881594461473516,0.003190525734001585
matrix_free_joint_rank8_int4_per_row_hadamard,pooled_router_square_compressed,749,1152,18,32,0.9987386067708334,0.9941760515660724,0.9974061030707531,0.9993955431345877,0.9968657078944868,0.0005149019584448023,0.001747573693495874,0.00446797271200885,0.0023346257887686163
matrix_free_joint_rank8_int4_per_row_hadamard,pooled_router_square_compressed,749,1152,19,32,0.9987386067708334,0.994227152448695,0.9979045678576989,0.9992873496171092,0.9973377449915739,0.0005591788921862184,0.0015802622801439625,0.0033988630404888642,0.0018947756307027414
matrix_free_joint_rank8_int4_per_row_hadamard,pooled_router_square_compressed,749,1152,20,32,0.9987386067708334,0.9941035136305051,0.996703590925079,0.9992728032552434,0.996692870956593,0.0007890858769948772,0.0018555014820699767,0.004015647794289268,0.002067270378841638
matrix_free_joint_rank8_int4_per_row_hadamard,pooled_router_square_compressed,749,1152,21,32,0.9987386067708334,0.9976358987684187,0.998856291536049,0.9994625490294489,0.9986178164949121,0.0007971315340895013,0.0029661459166253623,0.004764563590352989,0.0031389767605415377
matrix_free_joint_rank8_int4_per_row_hadamard,pooled_router_square_compressed,749,1152,22,32,0.9987386067708334,0.994913096036879,0.9971465079125497,0.998875628912825,0.9968087967350188,0.000508109717957983,0.0018658401392488977,0.0037352983514178603,0.0018950788450997035
matrix_free_joint_rank8_int4_per_row_hadamard,pooled_router_square_compressed,749,1152,23,32,0.9987386067708334,0.99357040264882,0.9972283793157778,0.9993420237346137,0.9968903951919194,0.0006853767030088331,0.0016896616369352357,0.0032763458638053085,0.0019370014620722804
matrix_free_joint_rank8_int4_per_row_hadamard,pooled_router_square_compressed,749,1152,24,32,0.9987386067708334,0.9967807313643056,0.9981586834630234,0.9990581880198628,0.9979038090727355,0.001703494646482151,0.0031802893717776115,0.0068659783642364925,0.003899586547890573
matrix_free_joint_rank8_int4_per_row_hadamard,pooled_router_square_compressed,749,1152,25,32,0.9987386067708334,0.994385237796666,0.9965236537905953,0.9991223408924366,0.9964628732261094,0.000833379039624138,0.002596694096304142,0.005118635422940499,0.002809765111205554
matrix_free_joint_rank8_int4_per_row_hadamard,pooled_router_square_compressed,749,1152,26,32,0.9987386067708334,0.9947593627909708,0.9970618401316319,0.99883369383348,0.9970712805825632,0.0005580386952396488,0.001517716248048806,0.004469875480688102,0.0021670677581803986
matrix_free_joint_rank8_int4_per_row_hadamard,pooled_router_square_compressed,749,1152,27,32,0.9987386067708334,0.9955973033188164,0.9973153080635593,0.9988358744192039,0.9973238886191363,0.0006541936466948229,0.0018851120323423731,0.00620472113255497,0.0029587121629798263
matrix_free_joint_rank8_int4_per_row_hadamard,pooled_router_square_compressed,749,1152,28,32,0.9987386067708334,0.9950769965492847,0.9973912034410656,0.9988454020643519,0.9971896741555982,0.0010844063471220466,0.002852904900603803,0.004761061519854582,0.003011632978677549
matrix_free_joint_rank8_int4_per_row_hadamard,pooled_router_square_compressed,749,1152,29,32,0.9987386067708334,0.9963044096085463,0.997915987172223,0.9988884122212336,0.9977904432336324,0.0005828636376030594,0.0016249193929225858,0.0039292951848160515,0.001838117565872703
matrix_free_joint_rank8_int4_per_row_hadamard,pooled_router_square_compressed,749,1152,30,32,0.9987386067708334,0.9951095767162217,0.9972085190366096,0.9991614210387851,0.9969770052577942,0.000619908314194495,0.0018212071228849713,0.0030474710723817355,0.0018958098872497858
matrix_free_joint_rank8_int4_per_row_hadamard,pooled_router_square_compressed,749,1152,31,32,0.9987386067708334,0.9968126215076593,0.9980784096437397,0.9988860704122677,0.9978441386734717,0.0006012456785332243,0.0017998297841494981,0.003831654267783947,0.002064563968083844
matrix_free_joint_rank8_int4_per_row_hadamard,pooled_router_square_compressed,749,1152,32,32,0.9987386067708334,0.9950426314273881,0.9983936893644264,0.9991693408876101,0.9976455750343856,0.0006679717328086588,0.0014070940827063394,0.0031714249782741188,0.0016619182700383164
matrix_free_joint_rank8_int4_per_row_hadamard,pooled_router_square_compressed,749,1152,33,32,0.9987386067708334,0.9975553166467764,0.9988872284118613,0.9995602714797208,0.9986003696381702,0.0004902106706787035,0.0016163359379216535,0.002960095807269592,0.0016390560983889461
matrix_free_joint_rank8_int4_per_row_hadamard,pooled_router_square_compressed,749,1152,34,32,0.9987386067708334,0.9964581352943401,0.9982553289440328,0.9989279249005619,0.9980016907370122,0.0005479117237916053,0.001007488778952681,0.0015512027345820248,0.0010309037755096909
matrix_free_joint_rank8_int4_per_row_hadamard,pooled_router_square_compressed,749,1152,35,32,0.9987386067708334,0.993129880955731,0.997248382256228,0.9988552209283668,0.9967774637030629,0.0006122424957510031,0.0011631596736709215,0.0022586258970103577,0.001468918897562295
matrix_free_joint_rank8_int4_per_row_hadamard,pooled_router_square_compressed,749,1152,36,32,0.9987386067708334,0.9963158759750562,0.9974495639367456,0.9991501122178403,0.9974565359236218,0.0006525246940618068,0.0011480267368630392,0.0029863801194889962,0.001580973007010912
matrix_free_joint_rank8_int4_per_row_hadamard,pooled_router_square_compressed,749,1152,37,32,0.9987386067708334,0.9954959962192985,0.9973280467991118,0.9991431883587497,0.9973287583702216,0.0004908991283707808,0.0010385786608564374,0.0020993622459057008,0.0011546213604574883
matrix_free_joint_rank8_int4_per_row_hadamard,pooled_router_square_compressed,749,1152,38,32,0.9987386067708334,0.9977056272338125,0.998935476951001,0.999543706876819,0.9987553539547683,0.000548457392352597,0.001376443867287247,0.003171280250340971,0.0015522006119611208
matrix_free_joint_rank8_int4_per_row_hadamard,pooled_router_square_compressed,749,1152,39,32,0.9987386067708334,0.9964350756754684,0.9986522612678782,0.9996435766193881,0.9981021718284452,0.00012288600237971847,0.0005449121642305821,0.0022261193476117566,0.0008223788369359462
matrix_free_joint_rank8_int4_per_row_hadamard,pooled_router_square_compressed,749,1536,0,32,0.9987386067708334,0.9999069533270001,0.9999941043952709,0.9999981944214557,0.99996480140497,1.624800919926006e-05,0.00010949216342404089,0.0006592030607595615,0.00024484709945594985
matrix_free_joint_rank8_int4_per_row_hadamard,pooled_router_square_compressed,749,1536,1,32,0.9987386067708334,0.9971931897854301,0.9986001163538507,0.999584863425015,0.9983290034991716,0.0005048892436022356,0.001235426596069289,0.0034095869634160466,0.001549470718777965
matrix_free_joint_rank8_int4_per_row_hadamard,pooled_router_square_compressed,749,1536,2,32,0.9987386067708334,0.9971375377185842,0.9985800321191411,0.9995607328710784,0.9983924763878638,0.0009899736330366115,0.0026770393695399464,0.0046596522788407545,0.0027740560229069823
matrix_free_joint_rank8_int4_per_row_hadamard,pooled_router_square_compressed,749,1536,3,32,0.9987386067708334,0.995210325779574,0.9978995932831483,0.9991893107243814,0.9974492556837451,0.0013478711476971217,0.0025739251693735477,0.005179984544734207,0.0028942502409786894
matrix_free_joint_rank8_int4_per_row_hadamard,pooled_router_square_compressed,749,1536,4,32,0.9987386067708334,0.9963204597983847,0.998238300534504,0.9993499518203075,0.9980204073080763,0.001051902745996014,0.0023890516307325527,0.004804469482898599,0.0026816189423215925
matrix_free_joint_rank8_int4_per_row_hadamard,pooled_router_square_compressed,749,1536,5,32,0.9987386067708334,0.9957864693633929,0.9973962395777485,0.9994054192590582,0.9973035436792346,0.0014122802208788253,0.002293820199063823,0.003942336494865384,0.002426963215498578
matrix_free_joint_rank8_int4_per_row_hadamard,pooled_router_square_compressed,749,1536,6,32,0.9987386067708334,0.9972514749253417,0.9985676272504804,0.9995319066006929,0.9981723888643905,0.0005043291548451845,0.002450111538826072,0.00502847670382093,0.002647209852920201
matrix_free_joint_rank8_int4_per_row_hadamard,pooled_router_square_compressed,749,1536,7,32,0.9987386067708334,0.9951511337748226,0.9972378408214446,0.9988028381169998,0.9970004748345838,0.0004996750928930483,0.0016365778269499254,0.005052356697756001,0.00214003796539549
matrix_free_joint_rank8_int4_per_row_hadamard,pooled_router_square_compressed,749,1536,8,32,0.9987386067708334,0.9951110949773607,0.9973871969358146,0.9987184821495948,0.997134139167037,0.0011238769887687906,0.0022636593773177616,0.004700120947965037,0.002876298531057784
matrix_free_joint_rank8_int4_per_row_hadamard,pooled_router_square_compressed,749,1536,9,32,0.9987386067708334,0.9964307576100031,0.998043743107699,0.9988770054093249,0.9976958478430238,0.0012235815037788921,0.0021982207098127926,0.0041592365377629,0.0025637046655704876
matrix_free_joint_rank8_int4_per_row_hadamard,pooled_router_square_compressed,749,1536,10,32,0.9987386067708334,0.9954461394141623,0.997682369246462,0.9997234374616731,0.9975147419167315,0.00031099699754619795,0.002147960124657511,0.00509606929778913,0.0023246294766071686
matrix_free_joint_rank8_int4_per_row_hadamard,pooled_router_square_compressed,749,1536,11,32,0.9987386067708334,0.9954409193867703,0.9978642611482194,0.9990354133175567,0.997422428797105,0.000876109262675362,0.0018823232839949577,0.004868877037641796,0.002400670726388665
matrix_free_joint_rank8_int4_per_row_hadamard,pooled_router_square_compressed,749,1536,12,32,0.9987386067708334,0.9957028950540632,0.9980188649824357,0.9990881896431921,0.9976723125213784,0.0005313298852042792,0.0026363126893608757,0.005444843270774315,0.0027705027477283213
matrix_free_joint_rank8_int4_per_row_hadamard,pooled_router_square_compressed,749,1536,13,32,0.9987386067708334,0.9956097113866337,0.9973770303969831,0.9992095021130026,0.9973325237107057,0.0009620435110836434,0.0020351173825989277,0.0047876155485752974,0.0026519857757100647
matrix_free_joint_rank8_int4_per_row_hadamard,pooled_router_square_compressed,749,1536,14,32,0.9987386067708334,0.9946182278111124,0.9968319577994343,0.9988664128480622,0.99677728556125,0.00035969234832863297,0.0013091771464380786,0.002704264959561898,0.0014132831016307607
matrix_free_joint_rank8_int4_per_row_hadamard,pooled_router_square_compressed,749,1536,15,32,0.9987386067708334,0.9938010461620082,0.9963472743822726,0.9990818539866199,0.9963726123822683,0.00038143378749831984,0.0018761823345831985,0.005128872413382901,0.0024225390853779907
matrix_free_joint_rank8_int4_per_row_hadamard,pooled_router_square_compressed,749,1536,16,32,0.9987386067708334,0.9958785105310152,0.9976253448502503,0.9995469169733247,0.997628954129465,0.0009240933041058108,0.002548610136485163,0.004643657156087478,0.002791794737402497
matrix_free_joint_rank8_int4_per_row_hadamard,pooled_router_square_compressed,749,1536,17,32,0.9987386067708334,0.9949768999966614,0.996712172790807,0.998866081754796,0.9968552030553876,0.0010008563104735746,0.002857721481424269,0.005881594461473516,0.003188703798191167
matrix_free_joint_rank8_int4_per_row_hadamard,pooled_router_square_compressed,749,1536,18,32,0.9987386067708334,0.9941760515660724,0.9974061030707531,0.9993955431345877,0.9968684831656917,0.0005149019584448023,0.001747573693495874,0.00446797271200885,0.0023374010599734388
matrix_free_joint_rank8_int4_per_row_hadamard,pooled_router_square_compressed,749,1536,19,32,0.9987386067708334,0.994227152448695,0.9979045678576989,0.9992873496171092,0.9973405362472466,0.0005591788921862184,0.0015802622801439625,0.0033988630404888642,0.0018975668863753792
matrix_free_joint_rank8_int4_per_row_hadamard,pooled_router_square_compressed,749,1536,20,32,0.9987386067708334,0.9941035136305051,0.996703590925079,0.9992872189940228,0.9967027358374176,0.0007890858769948772,0.0018555014820699767,0.004015647794289268,0.002077135259666338
matrix_free_joint_rank8_int4_per_row_hadamard,pooled_router_square_compressed,749,1536,21,32,0.9987386067708334,0.997639132245352,0.9988836902704559,0.9994929162309124,0.998641845803126,0.0007971315340895013,0.0029661459166253623,0.004878978196855067,0.003163006068755369
matrix_free_joint_rank8_int4_per_row_hadamard,pooled_router_square_compressed,749,1536,22,32,0.9987386067708334,0.994913096036879,0.9971465079125497,0.998875628912825,0.9968087967350188,0.000508109717957983,0.0018658401392488977,0.0037352983514178603,0.0018950788450997035
matrix_free_joint_rank8_int4_per_row_hadamard,pooled_router_square_compressed,749,1536,23,32,0.9987386067708334,0.99357040264882,0.9972283793157778,0.9993420237346137,0.9968897287247908,0.0006853767030088331,0.0016896616369352357,0.0032763458638053085,0.001936334994943674
matrix_free_joint_rank8_int4_per_row_hadamard,pooled_router_square_compressed,749,1536,24,32,0.9987386067708334,0.9967862661602255,0.998185214213545,0.9990985402228435,0.9979379852555244,0.00172246208943172,0.0031802893717776115,0.007123102276192197,0.003933762730679302
matrix_free_joint_rank8_int4_per_row_hadamard,pooled_router_square_compressed,749,1536,25,32,0.9987386067708334,0.994385237796666,0.9965236537905953,0.9991223408924366,0.9964662725415812,0.000833379039624138,0.002596694096304142,0.005118635422940499,0.0028131644266773774
matrix_free_joint_rank8_int4_per_row_hadamard,pooled_router_square_compressed,749,1536,26,32,0.9987386067708334,0.9947593627909708,0.9970485388014122,0.99883369383348,0.9970847670974737,0.0005580386952396488,0.001517716248048806,0.004469875480688102,0.0021805542730909955
matrix_free_joint_rank8_int4_per_row_hadamard,pooled_router_square_compressed,749,1536,27,32,0.9987386067708334,0.9955973033188164,0.9973153080635593,0.9988394786153747,0.997329796982591,0.0006541936466948229,0.0018851120323423731,0.006305142033629121,0.0029646205264346227
matrix_free_joint_rank8_int4_per_row_hadamard,pooled_router_square_compressed,749,1536,28,32,0.9987386067708334,0.9950769965492847,0.9973912034410656,0.9988487010589446,0.9971950763513491,0.0010844063471220466,0.002852904900603803,0.004790752471188819,0.0030170351744284174
matrix_free_joint_rank8_int4_per_row_hadamard,pooled_router_square_compressed,749,1536,29,32,0.9987386067708334,0.9963044096085463,0.997915987172223,0.9988981292499602,0.9977954294138646,0.0005828636376030594,0.0016249193929225858,0.003982772593659957,0.0018431037461048919
matrix_free_joint_rank8_int4_per_row_hadamard,pooled_router_square_compressed,749,1536,30,32,0.9987386067708334,0.9951095767162217,0.9972085190366096,0.9991614210387851,0.9969768716664597,0.000619908314194495,0.0018212071228849713,0.0030474710723817355,0.0018956762959153085
matrix_free_joint_rank8_int4_per_row_hadamard,pooled_router_square_compressed,749,1536,31,32,0.9987386067708334,0.9968126215076593,0.9980784096437397,0.9988860704122677,0.9978445905398623,0.0006012456785332243,0.0017998297841494981,0.003831654267783947,0.002065015834474524
matrix_free_joint_rank8_int4_per_row_hadamard,pooled_router_square_compressed,749,1536,32,32,0.9987386067708334,0.9950426314273881,0.9983936893644264,0.9991693408876101,0.9976455750343856,0.0006679717328086588,0.0014070940827063394,0.0031714249782741188,0.0016619182700383164
matrix_free_joint_rank8_int4_per_row_hadamard,pooled_router_square_compressed,749,1536,33,32,0.9987386067708334,0.9975553166467764,0.9988872284118613,0.9995602714797208,0.9986044456268206,0.0004902106706787035,0.0016284515936105248,0.0029873974745654127,0.0016431320870391904
matrix_free_joint_rank8_int4_per_row_hadamard,pooled_router_square_compressed,749,1536,34,32,0.9987386067708334,0.9964581352943401,0.9982553289440328,0.9989279249005619,0.9980020182280139,0.0005479117237916053,0.001007488778952681,0.001560634475434153,0.0010312312665115009
matrix_free_joint_rank8_int4_per_row_hadamard,pooled_router_square_compressed,749,1536,35,32,0.9987386067708334,0.993129880955731,0.997248382256228,0.9988552209283668,0.9967774637030629,0.0006122424957510031,0.0011631596736709215,0.0022586258970103577,0.001468918897562295
matrix_free_joint_rank8_int4_per_row_hadamard,pooled_router_square_compressed,749,1536,36,32,0.9987386067708334,0.9963158759750562,0.9974495639367456,0.9991501122178403,0.9974574579894011,0.0006525246940618068,0.0011480267368630392,0.003012935613934809,0.0015818950727902806
matrix_free_joint_rank8_int4_per_row_hadamard,pooled_router_square_compressed,749,1536,37,32,0.9987386067708334,0.9954959962192985,0.9973280467991118,0.9991431883587497,0.9973287583702216,0.0004908991283707808,0.0010385786608564374,0.0020993622459057008,0.0011546213604574883
matrix_free_joint_rank8_int4_per_row_hadamard,pooled_router_square_compressed,749,1536,38,32,0.9987386067708334,0.9977056272338125,0.998935476951001,0.9995455131189603,0.9987644281485171,0.0005478520494558436,0.001376443867287247,0.003171280250340971,0.0015612748057098128
matrix_free_joint_rank8_int4_per_row_hadamard,pooled_router_square_compressed,749,1536,39,32,0.9987386067708334,0.9964350756754684,0.9986522612678782,0.9996435766193881,0.9981017791407045,0.00012288600237971847,0.0005449121642305821,0.0022148099406820074,0.00082198614919533
matrix_free_joint_rank8_int4_per_row_hadamard,pooled_router_square_compressed,768,768,0,32,1.0234781901041667,0.9993905423167465,0.9999066120978346,0.9999854028273865,0.9997681272114929,0.0,0.0,0.0,0.0
matrix_free_joint_rank8_int4_per_row_hadamard,pooled_router_square_compressed,768,768,1,32,1.0234781901041667,0.9948679787646075,0.9974160974881445,0.9991862832562968,0.997145087684328,0.0,0.0,0.0,0.0
matrix_free_joint_rank8_int4_per_row_hadamard,pooled_router_square_compressed,768,768,2,32,1.0234781901041667,0.9942208998827259,0.9961042292997899,0.9979802674015229,0.9961222267178171,0.0,0.0,0.0,0.0
matrix_free_joint_rank8_int4_per_row_hadamard,pooled_router_square_compressed,768,768,3,32,1.0234781901041667,0.9926588123720668,0.9950952234808597,0.9973987805797112,0.9951718246301173,0.0,0.0,0.0,0.0
matrix_free_joint_rank8_int4_per_row_hadamard,pooled_router_square_compressed,768,768,4,32,1.0234781901041667,0.9927089486569691,0.9959920723136566,0.9980499812052697,0.9958670458357022,0.0,0.0,0.0,0.0
matrix_free_joint_rank8_int4_per_row_hadamard,pooled_router_square_compressed,768,768,5,32,1.0234781901041667,0.9932761710422223,0.9949472492058455,0.9974786865364622,0.9954130873308535,0.0,0.0,0.0,0.0
matrix_free_joint_rank8_int4_per_row_hadamard,pooled_router_square_compressed,768,768,6,32,1.0234781901041667,0.9933034451736101,0.9962211696697962,0.9990887627466535,0.9959867853033582,0.0,0.0,0.0,0.0
matrix_free_joint_rank8_int4_per_row_hadamard,pooled_router_square_compressed,768,768,7,32,1.0234781901041667,0.9926177767672916,0.9954572098255117,0.9978073188051315,0.9954072299052474,0.0,0.0,0.0,0.0
matrix_free_joint_rank8_int4_per_row_hadamard,pooled_router_square_compressed,768,768,8,32,1.0234781901041667,0.9923299795358915,0.9952893025312703,0.9974255995713028,0.994824333474609,0.0,0.0,0.0,0.0
matrix_free_joint_rank8_int4_per_row_hadamard,pooled_router_square_compressed,768,768,9,32,1.0234781901041667,0.9940576711193784,0.9961752027776917,0.9973362288304455,0.9956694919063478,0.0,0.0,0.0,0.0
matrix_free_joint_rank8_int4_per_row_hadamard,pooled_router_square_compressed,768,768,10,32,1.0234781901041667,0.9925844598818806,0.9953389473429536,0.998625926398316,0.9957533301603838,0.0,0.0,0.0,0.0
matrix_free_joint_rank8_int4_per_row_hadamard,pooled_router_square_compressed,768,768,11,32,1.0234781901041667,0.9919155731695922,0.996447379758808,0.9977846181196288,0.9955687810700289,0.0,0.0,0.0,0.0
matrix_free_joint_rank8_int4_per_row_hadamard,pooled_router_square_compressed,768,768,12,32,1.0234781901041667,0.9923812368050038,0.9957174816873314,0.9981102961181367,0.9954500124892242,0.0,0.0,0.0,0.0
matrix_free_joint_rank8_int4_per_row_hadamard,pooled_router_square_compressed,768,768,13,32,1.0234781901041667,0.9917990825965101,0.9953041442418216,0.9978793144876847,0.9952597823413835,0.0,0.0,0.0,0.0
matrix_free_joint_rank8_int4_per_row_hadamard,pooled_router_square_compressed,768,768,14,32,1.0234781901041667,0.9937139344285598,0.9961389058673714,0.9981496437706336,0.9958846229010363,0.0,0.0,0.0,0.0
matrix_free_joint_rank8_int4_per_row_hadamard,pooled_router_square_compressed,768,768,15,32,1.0234781901041667,0.991634772780314,0.9947390103935887,0.9979963336486001,0.9945914736590806,0.0,0.0,0.0,0.0
matrix_free_joint_rank8_int4_per_row_hadamard,pooled_router_square_compressed,768,768,16,32,1.0234781901041667,0.9931025310825939,0.9951674746284475,0.9984962601706288,0.9953762911457914,0.0,0.0,0.0,0.0
matrix_free_joint_rank8_int4_per_row_hadamard,pooled_router_square_compressed,768,768,17,32,1.0234781901041667,0.9910869033240689,0.9942976747392482,0.9980765314450022,0.9943372955033938,0.0,0.0,0.0,0.0
matrix_free_joint_rank8_int4_per_row_hadamard,pooled_router_square_compressed,768,768,18,32,1.0234781901041667,0.9918663124096647,0.9952381234528571,0.9987171274474353,0.9951343627902096,0.0,0.0,0.0,0.0
matrix_free_joint_rank8_int4_per_row_hadamard,pooled_router_square_compressed,768,768,19,32,1.0234781901041667,0.9929554226851135,0.9965752908469404,0.9986752702841724,0.9959131597159906,0.0,0.0,0.0,0.0
matrix_free_joint_rank8_int4_per_row_hadamard,pooled_router_square_compressed,768,768,20,32,1.0234781901041667,0.9923940095341394,0.9954133687183552,0.9984537727792905,0.995268766715907,0.0,0.0,0.0,0.0
matrix_free_joint_rank8_int4_per_row_hadamard,pooled_router_square_compressed,768,768,21,32,1.0234781901041667,0.9927596803158591,0.9961296772278248,0.9983408113395168,0.9959661112927025,0.0,0.0,0.0,0.0
matrix_free_joint_rank8_int4_per_row_hadamard,pooled_router_square_compressed,768,768,22,32,1.0234781901041667,0.9918398297982736,0.9956813684120328,0.9985148547082019,0.9955016321240905,0.0,0.0,0.0,0.0
matrix_free_joint_rank8_int4_per_row_hadamard,pooled_router_square_compressed,768,768,23,32,1.0234781901041667,0.9921529706110624,0.9958004659811719,0.9987356429895443,0.9954848805378318,0.0,0.0,0.0,0.0
matrix_free_joint_rank8_int4_per_row_hadamard,pooled_router_square_compressed,768,768,24,32,1.0234781901041667,0.9921428219105303,0.9948264327461886,0.9969233448865532,0.9947194123670402,0.0,0.0,0.0,0.0
matrix_free_joint_rank8_int4_per_row_hadamard,pooled_router_square_compressed,768,768,25,32,1.0234781901041667,0.9914603237600268,0.9947257375054849,0.9982074173661313,0.9942724370966005,0.0,0.0,0.0,0.0
matrix_free_joint_rank8_int4_per_row_hadamard,pooled_router_square_compressed,768,768,26,32,1.0234781901041667,0.9932472840521912,0.9954419489908501,0.9982450313994691,0.9955064137478795,0.0,0.0,0.0,0.0
matrix_free_joint_rank8_int4_per_row_hadamard,pooled_router_square_compressed,768,768,27,32,1.0234781901041667,0.9911694666408543,0.9956336397154312,0.997302943006836,0.994990913183147,0.0,0.0,0.0,0.0
matrix_free_joint_rank8_int4_per_row_hadamard,pooled_router_square_compressed,768,768,28,32,1.0234781901041667,0.9925317478096966,0.9947705455122708,0.9972861444244466,0.9949063814263281,0.0,0.0,0.0,0.0
matrix_free_joint_rank8_int4_per_row_hadamard,pooled_router_square_compressed,768,768,29,32,1.0234781901041667,0.9943568575503348,0.9963581625163102,0.9984714988562776,0.9963777200853448,0.0,0.0,0.0,0.0
matrix_free_joint_rank8_int4_per_row_hadamard,pooled_router_square_compressed,768,768,30,32,1.0234781901041667,0.9934607753590556,0.9957787203627408,0.9980258004244564,0.9956179969121702,0.0,0.0,0.0,0.0
matrix_free_joint_rank8_int4_per_row_hadamard,pooled_router_square_compressed,768,768,31,32,1.0234781901041667,0.9941430271578809,0.9965856825265234,0.9977983963390019,0.9962456496018821,0.0,0.0,0.0,0.0
matrix_free_joint_rank8_int4_per_row_hadamard,pooled_router_square_compressed,768,768,32,32,1.0234781901041667,0.993692262390869,0.9973471343607687,0.9985289807382155,0.9964720153104314,0.0,0.0,0.0,0.0
matrix_free_joint_rank8_int4_per_row_hadamard,pooled_router_square_compressed,768,768,33,32,1.0234781901041667,0.9952653830913937,0.9975925092285858,0.9991528654442823,0.9972944377155686,0.0,0.0,0.0,0.0
matrix_free_joint_rank8_int4_per_row_hadamard,pooled_router_square_compressed,768,768,34,32,1.0234781901041667,0.9960669963293517,0.9975240928971651,0.9984512686460272,0.9973664953426222,0.0,0.0,0.0,0.0
matrix_free_joint_rank8_int4_per_row_hadamard,pooled_router_square_compressed,768,768,35,32,1.0234781901041667,0.992603841579902,0.9960892750910794,0.9981460696412207,0.9958628246837105,0.0,0.0,0.0,0.0
matrix_free_joint_rank8_int4_per_row_hadamard,pooled_router_square_compressed,768,768,36,32,1.0234781901041667,0.994189103199005,0.9961793815397595,0.998393817125656,0.996337063351334,0.0,0.0,0.0,0.0
matrix_free_joint_rank8_int4_per_row_hadamard,pooled_router_square_compressed,768,768,37,32,1.0234781901041667,0.9943528131001776,0.9968315459062327,0.9985396916901845,0.9966152953107532,0.0,0.0,0.0,0.0
matrix_free_joint_rank8_int4_per_row_hadamard,pooled_router_square_compressed,768,768,38,32,1.0234781901041667,0.9958380757084906,0.9977931024887652,0.9989458544957986,0.9975337380332053,0.0,0.0,0.0,0.0
matrix_free_joint_rank8_int4_per_row_hadamard,pooled_router_square_compressed,768,768,39,32,1.0234781901041667,0.9947227510997303,0.9982015715885022,0.999631462736945,0.9975455512232798,0.0,0.0,0.0,0.0
matrix_free_joint_rank8_int4_per_row_hadamard,pooled_router_square_compressed,768,1152,0,32,1.0234781901041667,0.9999270958478389,0.9999959543085045,0.9999989507143211,0.9999722251975854,1.2993961869300908e-05,9.158802902403673e-05,0.0005434674284828803,0.00020409798609255167
matrix_free_joint_rank8_int4_per_row_hadamard,pooled_router_square_compressed,768,1152,1,32,1.0234781901041667,0.9973987757144068,0.9987789688040369,0.9996315570069851,0.9985093685044517,0.00038359534689693666,0.0011427476534711656,0.002546943342232866,0.0013642808201236728
matrix_free_joint_rank8_int4_per_row_hadamard,pooled_router_square_compressed,768,1152,2,32,1.0234781901041667,0.9973582582459373,0.9987459587583732,0.99940959598237,0.9985308268181656,0.0008472250567184592,0.002392562001867826,0.004155651942816674,0.0024086001003484694
matrix_free_joint_rank8_int4_per_row_hadamard,pooled_router_square_compressed,768,1152,3,32,1.0234781901041667,0.9956626598429053,0.998147422363756,0.9992454267028419,0.9976960402029265,0.0011833204173593015,0.0021713214141868,0.004373695804913802,0.002524215572809095
matrix_free_joint_rank8_int4_per_row_hadamard,pooled_router_square_compressed,768,1152,4,32,1.0234781901041667,0.9967076683754987,0.9984309886552019,0.9994286634942626,0.9982281719947874,0.0009430382332384247,0.002067568937571207,0.0040872689059629165,0.0023611261590852986
matrix_free_joint_rank8_int4_per_row_hadamard,pooled_router_square_compressed,768,1152,5,32,1.0234781901041667,0.996121377260643,0.9977124129282628,0.9994291795219675,0.9975660337873464,0.001220990000653066,0.0019986390914450425,0.0035531746190160985,0.002152946456492947
matrix_free_joint_rank8_int4_per_row_hadamard,pooled_router_square_compressed,768,1152,6,32,1.0234781901041667,0.9975138071512403,0.9987368790510286,0.9995851677539085,0.9983654018003559,0.00045756680644537534,0.0021651829602419292,0.004602101608222333,0.0023786164969977763
matrix_free_joint_rank8_int4_per_row_hadamard,pooled_router_square_compressed,768,1152,7,32,1.0234781901041667,0.9956837548190585,0.997514209693033,0.998919456626639,0.9973148587609928,0.00046333409995400474,0.001477570537825823,0.0044417594057001636,0.0019076288557453719
matrix_free_joint_rank8_int4_per_row_hadamard,pooled_router_square_compressed,768,1152,8,32,1.0234781901041667,0.9955237967865128,0.9976706868784924,0.9988235396657351,0.9974220676752482,0.0010329455435860503,0.002012669620462315,0.004109845383989253,0.0025977342006392318
matrix_free_joint_rank8_int4_per_row_hadamard,pooled_router_square_compressed,768,1152,9,32,1.0234781901041667,0.9967775981068238,0.9982692372236595,0.999039815635605,0.9979459794074652,0.001072095368010706,0.002093037879583648,0.003449103103546791,0.0022764875011173913
matrix_free_joint_rank8_int4_per_row_hadamard,pooled_router_square_compressed,768,1152,10,32,1.0234781901041667,0.9959647896851896,0.9979374237067998,0.9995498254467794,0.9977754042303508,0.00011800318757151377,0.0019149754571615718,0.004598246912940152,0.0020220740699668747
matrix_free_joint_rank8_int4_per_row_hadamard,pooled_router_square_compressed,768,1152,11,32,1.0234781901041667,0.9959260967253901,0.9980538691551073,0.9991368740039529,0.9977086572713639,0.0008061350983882942,0.0015617246089027481,0.004336736512888251,0.0021398762013349892
matrix_free_joint_rank8_int4_per_row_hadamard,pooled_router_square_compressed,768,1152,12,32,1.0234781901041667,0.9962586002914371,0.9982300179197638,0.9991645697122825,0.9979108515026138,0.0004975212835395704,0.0023637546054371406,0.004659930046988093,0.0024608390133897505
matrix_free_joint_rank8_int4_per_row_hadamard,pooled_router_square_compressed,768,1152,13,32,1.0234781901041667,0.9959982641678166,0.9976541548899136,0.9992944071434717,0.9976275993209243,0.0007289364563077827,0.001878238112705044,0.004425760337430063,0.0023678169795407315
matrix_free_joint_rank8_int4_per_row_hadamard,pooled_router_square_compressed,768,1152,14,32,1.0234781901041667,0.9950675107545891,0.9972207356569573,0.9989938854478057,0.9971265152139733,0.0003359559837712189,0.0011071591012155602,0.00222067120005256,0.0012418923129370665
matrix_free_joint_rank8_int4_per_row_hadamard,pooled_router_square_compressed,768,1152,15,32,1.0234781901041667,0.9944502454108708,0.9967383497507996,0.9991814635705204,0.9967803366597323,0.00038080979814418824,0.0018154089350554958,0.004556663693583963,0.0021888630006517765
matrix_free_joint_rank8_int4_per_row_hadamard,pooled_router_square_compressed,768,1152,16,32,1.0234781901041667,0.9962483315962684,0.9979373859460634,0.9995842437833027,0.9978782487773583,0.0008091095162744422,0.002309296863117982,0.004033787782672493,0.0025019576315668778
matrix_free_joint_rank8_int4_per_row_hadamard,pooled_router_square_compressed,768,1152,17,32,1.0234781901041667,0.9955733526205812,0.9970238039123787,0.9989953429239582,0.9972138337313803,0.0009076004285052508,0.0026546770420163845,0.005238397556833008,0.002876538227986586
matrix_free_joint_rank8_int4_per_row_hadamard,pooled_router_square_compressed,768,1152,18,32,1.0234781901041667,0.9947977148289439,0.9977634496329517,0.9994690934218511,0.9972051199889325,0.00038137711611462287,0.0016224769456938959,0.0039643878891892585,0.0020707571987227946
matrix_free_joint_rank8_int4_per_row_hadamard,pooled_router_square_compressed,768,1152,19,32,1.0234781901041667,0.9947936513458324,0.9980814878397313,0.9993584347816695,0.9976228200992572,0.00048098924729508277,0.0013837738381918818,0.0031241044386337907,0.0017096603832665695
matrix_free_joint_rank8_int4_per_row_hadamard,pooled_router_square_compressed,768,1152,20,32,1.0234781901041667,0.994855965271104,0.9970769402904377,0.9993616120196053,0.9970578655233024,0.0006545279897771205,0.001612624044536659,0.003333043488027388,0.0017890988073954277
matrix_free_joint_rank8_int4_per_row_hadamard,pooled_router_square_compressed,768,1152,21,32,1.0234781901041667,0.9978691234416829,0.9989682063561167,0.9995280914036402,0.9987750141708897,0.0007040224519356486,0.002746195085095049,0.004229946114515515,0.0028089028781870043
matrix_free_joint_rank8_int4_per_row_hadamard,pooled_router_square_compressed,768,1152,22,32,1.0234781901041667,0.9955261993896719,0.9974552012139217,0.9989872350157403,0.9971780765445651,0.0004665502359902485,0.0016506227570728393,0.003159146181621842,0.001676444420474786
matrix_free_joint_rank8_int4_per_row_hadamard,pooled_router_square_compressed,768,1152,23,32,1.0234781901041667,0.9941472504099335,0.997495153224929,0.9994102616183997,0.9972195271441584,0.0005980513196895854,0.0015951498362091754,0.0027997182337055394,0.0017346466063267174
matrix_free_joint_rank8_int4_per_row_hadamard,pooled_router_square_compressed,768,1152,24,32,1.0234781901041667,0.9971731745107734,0.9983731143262331,0.99915580564182,0.9981506806022554,0.001423381768299914,0.0027840851769891373,0.005888228932818184,0.0034312682352151957
matrix_free_joint_rank8_int4_per_row_hadamard,pooled_router_square_compressed,768,1152,25,32,1.0234781901041667,0.9949185152016605,0.9968533324334246,0.9992358536016708,0.9968417089375307,0.0006816088826182342,0.002328500821095758,0.004805690990467694,0.0025692718409301603
matrix_free_joint_rank8_int4_per_row_hadamard,pooled_router_square_compressed,768,1152,26,32,1.0234781901041667,0.9953604227708354,0.9973683378270213,0.9989469563129921,0.9973799126668859,0.0004643612371756478,0.0014218398743578442,0.004105553272543162,0.001873498919006296
matrix_free_joint_rank8_int4_per_row_hadamard,pooled_router_square_compressed,768,1152,27,32,1.0234781901041667,0.9960629326018302,0.9976065403951835,0.9989983883934843,0.9976048313045653,0.0006010036374469619,0.0015501502872113937,0.005348492920913085,0.0026139181214183335
matrix_free_joint_rank8_int4_per_row_hadamard,pooled_router_square_compressed,768,1152,28,32,1.0234781901041667,0.9955470028822094,0.9976979435887643,0.998964775256533,0.9974870267234198,0.0007804326160133935,0.0023692539499487464,0.004132901191441607,0.0025806452970917153
matrix_free_joint_rank8_int4_per_row_hadamard,pooled_router_square_compressed,768,1152,29,32,1.0234781901041667,0.996678869518707,0.9981287142642101,0.9990310248335563,0.9980379108585502,0.0005019037934092307,0.0013921313161948667,0.0032931599314641293,0.0016601907732052834
matrix_free_joint_rank8_int4_per_row_hadamard,pooled_router_square_compressed,768,1152,30,32,1.0234781901041667,0.9956566339065794,0.9975246049426072,0.9992156474375186,0.9973121782272711,0.0005229944104086393,0.0016088377450499958,0.0028717645629394834,0.0016941813151009656
matrix_free_joint_rank8_int4_per_row_hadamard,pooled_router_square_compressed,768,1152,31,32,1.0234781901041667,0.9971680236482953,0.9982890650537259,0.9990437506258417,0.9980883542207261,0.0005923059549649446,0.0015404365359232841,0.003676041505040097,0.0018427046188439662
matrix_free_joint_rank8_int4_per_row_hadamard,pooled_router_square_compressed,768,1152,32,32,1.0234781901041667,0.9956215987911037,0.9985976627411451,0.9992705689670179,0.9979077007652506,0.0005549973435373223,0.0012312196383210128,0.0028849849915471687,0.0014356854548192091
matrix_free_joint_rank8_int4_per_row_hadamard,pooled_router_square_compressed,768,1152,33,32,1.0234781901041667,0.9978309936283355,0.9990102979733004,0.9996096348751948,0.998755279934135,0.0004198145288636712,0.0015762282123821247,0.002668934125402712,0.001460842218566391
matrix_free_joint_rank8_int4_per_row_hadamard,pooled_router_square_compressed,768,1152,34,32,1.0234781901041667,0.9968511716284344,0.9984470180394567,0.9990564582122508,0.9982236745565867,0.0004349059442893655,0.0008586911146446496,0.0012762611572087249,0.0008571792139644603
matrix_free_joint_rank8_int4_per_row_hadamard,pooled_router_square_compressed,768,1152,35,32,1.0234781901041667,0.9938395652016904,0.9975910587179733,0.9989743925315374,0.9971119668943849,0.0005515715076420902,0.0011402916720381073,0.002092783920406594,0.0012491422106743477
matrix_free_joint_rank8_int4_per_row_hadamard,pooled_router_square_compressed,768,1152,36,32,1.0234781901041667,0.9966724249043655,0.9977242807996969,0.9992444796743394,0.9977380759161962,0.0006625852126081133,0.0009806195281687469,0.0027453921929980756,0.001401012564862341
matrix_free_joint_rank8_int4_per_row_hadamard,pooled_router_square_compressed,768,1152,37,32,1.0234781901041667,0.9958560716601692,0.9976158679350443,0.9992675057625919,0.9976259198346151,0.00042329247580846774,0.0008432477505728175,0.0017032919536888681,0.0010106245238619693
matrix_free_joint_rank8_int4_per_row_hadamard,pooled_router_square_compressed,768,1152,38,32,1.0234781901041667,0.9980137623539334,0.9990685368293202,0.9995950016601843,0.9988938167960255,0.000478771351000562,0.0012508278411884066,0.002597866266416505,0.0013600787628201896
matrix_free_joint_rank8_int4_per_row_hadamard,pooled_router_square_compressed,768,1152,39,32,1.0234781901041667,0.9968313060769485,0.9987814598257976,0.9996776224088251,0.9983063398250066,0.0001255069039494239,0.0005418268563509021,0.00203743634430218,0.0007607886017267605
matrix_free_joint_rank8_int4_per_row_hadamard,pooled_router_square_compressed,768,1536,0,32,1.0234781901041667,0.9999288145766797,0.9999959543085045,0.9999989507143211,0.9999736463720054,1.2993961869300908e-05,9.158802902403673e-05,0.0005496230954122664,0.00020551916051254546
matrix_free_joint_rank8_int4_per_row_hadamard,pooled_router_square_compressed,768,1536,1,32,1.0234781901041667,0.9973987757144068,0.9987789688040369,0.9996315570069851,0.9985109834179151,0.00038359534689693666,0.001140484609342185,0.002546943342232866,0.0013658957335870511
matrix_free_joint_rank8_int4_per_row_hadamard,pooled_router_square_compressed,768,1536,2,32,1.0234781901041667,0.9973582582459373,0.9987459587583732,0.9996109778918448,0.9985606843389421,0.0008512077386957806,0.0023810900952677128,0.0041508443762570905,0.00243845762112491
matrix_free_joint_rank8_int4_per_row_hadamard,pooled_router_square_compressed,768,1536,3,32,1.0234781901041667,0.9956626598429053,0.998147422363756,0.9992839298827504,0.9977236483744545,0.0011833204173593015,0.0022686160869374583,0.004413707722168547,0.002551823744337302
matrix_free_joint_rank8_int4_per_row_hadamard,pooled_router_square_compressed,768,1536,4,32,1.0234781901041667,0.9967076683754987,0.9984479822764138,0.9994285664599466,0.998236313243566,0.0009430382332384247,0.002067568937571207,0.0040872689059629165,0.002369267407863772
matrix_free_joint_rank8_int4_per_row_hadamard,pooled_router_square_compressed,768,1536,5,32,1.0234781901041667,0.996121377260643,0.9977124129282628,0.9994562873024678,0.9975727650531545,0.0012397371763180232,0.0019986390914450425,0.0035531746190160985,0.0021596777223010025
matrix_free_joint_rank8_int4_per_row_hadamard,pooled_router_square_compressed,768,1536,6,32,1.0234781901041667,0.9975152998750443,0.9987368790510286,0.9995908903402511,0.9983842375178332,0.00045756680644537534,0.0021651829602419292,0.004658119137554198,0.002397452214475071
matrix_free_joint_rank8_int4_per_row_hadamard,pooled_router_square_compressed,768,1536,7,32,1.0234781901041667,0.9956837548190585,0.997514209693033,0.998919456626639,0.9973174536020709,0.00046333409995400474,0.001477570537825823,0.004443461728496323,0.0019102236968234002
matrix_free_joint_rank8_int4_per_row_hadamard,pooled_router_square_compressed,768,1536,8,32,1.0234781901041667,0.9955273107257888,0.9976706868784924,0.9988412687135275,0.9974415421308553,0.0010329455435860503,0.002012669620462315,0.0041431203512995235,0.002617208656246338
matrix_free_joint_rank8_int4_per_row_hadamard,pooled_router_square_compressed,768,1536,9,32,1.0234781901041667,0.9967775981068238,0.9982692372236595,0.9990293728633282,0.9979500801586678,0.001072095368010706,0.0020872363394298654,0.00344453202793793,0.002280588252320033
matrix_free_joint_rank8_int4_per_row_hadamard,pooled_router_square_compressed,768,1536,10,32,1.0234781901041667,0.9959647896851896,0.9979589109181137,0.9997531342855569,0.997797635238037,0.00011800318757151377,0.0019149754571615718,0.004679724932656559,0.002044305077653113
matrix_free_joint_rank8_int4_per_row_hadamard,pooled_router_square_compressed,768,1536,11,32,1.0234781901041667,0.9959260967253901,0.9980538691551073,0.9991537050195658,0.9977140808667191,0.0008061350983882942,0.0015617246089027481,0.004336736512888251,0.002145299796690054
matrix_free_joint_rank8_int4_per_row_hadamard,pooled_router_square_compressed,768,1536,12,32,1.0234781901041667,0.9962586002914371,0.9982300179197638,0.9991842826408381,0.9979289205874224,0.0004975212835395704,0.0023904895178608054,0.004759529081210568,0.0024789080981983333
matrix_free_joint_rank8_int4_per_row_hadamard,pooled_router_square_compressed,768,1536,13,32,1.0234781901041667,0.9959982641678166,0.9976654108885367,0.9992944071434717,0.9976309689724567,0.0007289364563077827,0.001878238112705044,0.004425760337430063,0.0023711866310733125
matrix_free_joint_rank8_int4_per_row_hadamard,pooled_router_square_compressed,768,1536,14,32,1.0234781901041667,0.9950675107545891,0.9972207356569573,0.9989938854478057,0.9971349418175448,0.0003359559837712189,0.0011071591012155602,0.0022294819271435735,0.0012503189165085256
matrix_free_joint_rank8_int4_per_row_hadamard,pooled_router_square_compressed,768,1536,15,32,1.0234781901041667,0.9944502454108708,0.9967383497507996,0.9991876841231354,0.9967894951057813,0.00038080979814418824,0.0018154089350554958,0.004561604539085729,0.0021980214467006987
matrix_free_joint_rank8_int4_per_row_hadamard,pooled_router_square_compressed,768,1536,16,32,1.0234781901041667,0.9962483315962684,0.9979373859460634,0.9995980613714314,0.9978819466146045,0.0008098068203242104,0.002309296863117982,0.004033787782672493,0.0025056554688130395
matrix_free_joint_rank8_int4_per_row_hadamard,pooled_router_square_compressed,768,1536,17,32,1.0234781901041667,0.9955733526205812,0.9970238039123787,0.9989953429239582,0.9972160635359477,0.0009076004285052508,0.0026546770420163845,0.005238397556833008,0.00287876803255405
matrix_free_joint_rank8_int4_per_row_hadamard,pooled_router_square_compressed,768,1536,18,32,1.0234781901041667,0.9947977148289439,0.9977524625355236,0.9994690934218511,0.9972109445437284,0.00038137711611462287,0.0016224769456938959,0.0039643878891892585,0.0020765817535186686
matrix_free_joint_rank8_int4_per_row_hadamard,pooled_router_square_compressed,768,1536,19,32,1.0234781901041667,0.9947936513458324,0.9981234039412141,0.9993584347816695,0.9976286926398699,0.00048098924729508277,0.0013837738381918818,0.0031241044386337907,0.0017155329238791837
matrix_free_joint_rank8_int4_per_row_hadamard,pooled_router_square_compressed,768,1536,20,32,1.0234781901041667,0.994855965271104,0.9970769402904377,0.9993708266056549,0.9970617452874878,0.0006621382152012578,0.001612624044536659,0.003333043488027388,0.0017929785715807035
matrix_free_joint_rank8_int4_per_row_hadamard,pooled_router_square_compressed,768,1536,21,32,1.0234781901041667,0.9978751431175981,0.9990023148092395,0.9995640638231233,0.9988059868461261,0.0007079123639570417,0.002746195085095049,0.004367585556059772,0.0028398755534236146
matrix_free_joint_rank8_int4_per_row_hadamard,pooled_router_square_compressed,768,1536,22,32,1.0234781901041667,0.9955261993896719,0.9974552012139217,0.9989872350157403,0.9971780765445651,0.0004665502359902485,0.0016506227570728393,0.003159146181621842,0.001676444420474786
matrix_free_joint_rank8_int4_per_row_hadamard,pooled_router_square_compressed,768,1536,23,32,1.0234781901041667,0.9941472504099335,0.997495153224929,0.9994102616183997,0.9972255517123485,0.0005980513196895854,0.0015951498362091754,0.0027997182337055394,0.0017406711745167093
matrix_free_joint_rank8_int4_per_row_hadamard,pooled_router_square_compressed,768,1536,24,32,1.0234781901041667,0.9971819420617241,0.9983731143262331,0.9991804497838682,0.9981781276124441,0.0014241994316840812,0.0027840851769891373,0.006140274892977627,0.003458715245403806
matrix_free_joint_rank8_int4_per_row_hadamard,pooled_router_square_compressed,768,1536,25,32,1.0234781901041667,0.9949185152016605,0.9968533324334246,0.9992358536016708,0.9968498429529556,0.0006816088826182342,0.002328500821095758,0.004866503905585607,0.0025774058563551236
matrix_free_joint_rank8_int4_per_row_hadamard,pooled_router_square_compressed,768,1536,26,32,1.0234781901041667,0.9953604227708354,0.997366132445561,0.9989469563129921,0.9973943031355874,0.0004643612371756478,0.0014218398743578442,0.004105553272543162,0.0018878893877078765
matrix_free_joint_rank8_int4_per_row_hadamard,pooled_router_square_compressed,768,1536,27,32,1.0234781901041667,0.9960689859342515,0.9976065403951835,0.9990020603802725,0.9976175795703817,0.0006010036374469619,0.0015501502872113937,0.005402972912704753,0.002626666387234699
matrix_free_joint_rank8_int4_per_row_hadamard,pooled_router_square_compressed,768,1536,28,32,1.0234781901041667,0.9955470028822094,0.9976949245751532,0.9989726940206948,0.9974944411271232,0.0007804326160133935,0.0023692539499487464,0.004204170068896874,0.0025880597007949258
matrix_free_joint_rank8_int4_per_row_hadamard,pooled_router_square_compressed,768,1536,29,32,1.0234781901041667,0.996678869518707,0.9981287142642101,0.999039661122059,0.9980420763813067,0.0005019037934092307,0.0013921313161948667,0.0033870028891819673,0.001664356295961917
matrix_free_joint_rank8_int4_per_row_hadamard,pooled_router_square_compressed,768,1536,30,32,1.0234781901041667,0.9956566339065794,0.9975246049426072,0.9992156474375186,0.9973103053991569,0.0005229944104086393,0.0016088377450499958,0.0028717645629394834,0.0016923084869866177
matrix_free_joint_rank8_int4_per_row_hadamard,pooled_router_square_compressed,768,1536,31,32,1.0234781901041667,0.9971680236482953,0.9982890650537259,0.9990437506258417,0.998088342342891,0.0005923059549649446,0.0015230579298610158,0.0036400716991327868,0.001842692741008952
matrix_free_joint_rank8_int4_per_row_hadamard,pooled_router_square_compressed,768,1536,32,32,1.0234781901041667,0.9956215987911037,0.9985976627411451,0.9992705689670179,0.9979060272037663,0.0005549973435373223,0.0012312196383210128,0.0028849849915471687,0.0014340118933349362
matrix_free_joint_rank8_int4_per_row_hadamard,pooled_router_square_compressed,768,1536,33,32,1.0234781901041667,0.9978309936283355,0.9990102979733004,0.9996113258297306,0.9987625152389104,0.0004198145288636712,0.001580243149641447,0.002692408865332486,0.0014680775233416876
matrix_free_joint_rank8_int4_per_row_hadamard,pooled_router_square_compressed,768,1536,34,32,1.0234781901041667,0.9968511716284344,0.9984470180394567,0.9990564582122508,0.9982237122556774,0.0004349059442893655,0.0008586911146446496,0.0012762611572087249,0.0008572169130552053
matrix_free_joint_rank8_int4_per_row_hadamard,pooled_router_square_compressed,768,1536,35,32,1.0234781901041667,0.9938395652016904,0.9975910587179733,0.9989743925315374,0.9971119668943849,0.0005515715076420902,0.0011402916720381073,0.002092783920406594,0.0012491422106743477
matrix_free_joint_rank8_int4_per_row_hadamard,pooled_router_square_compressed,768,1536,36,32,1.0234781901041667,0.9966724249043655,0.9977242807996969,0.9992444796743394,0.9977397728124162,0.0006625852126081133,0.0009806195281687469,0.002774865339122646,0.0014027094610823514
matrix_free_joint_rank8_int4_per_row_hadamard,pooled_router_square_compressed,768,1536,37,32,1.0234781901041667,0.9958560716601692,0.9976158679350443,0.9992675057625919,0.9976259127685284,0.00042329247580846774,0.0008432477505728175,0.0017032919536888681,0.001010617457775309
matrix_free_joint_rank8_int4_per_row_hadamard,pooled_router_square_compressed,768,1536,38,32,1.0234781901041667,0.9980137623539334,0.9990685368293202,0.9995957004838706,0.9989043977213181,0.00048006586381771355,0.001260207767892152,0.002597866266416505,0.001370659688112813
matrix_free_joint_rank8_int4_per_row_hadamard,pooled_router_square_compressed,768,1536,39,32,1.0234781901041667,0.9968313060769485,0.9987814598257976,0.9996776224088251,0.9983051971097634,0.0001255069039494239,0.0005418268563509021,0.002043618082874611,0.000759645886483553
matrix_free_joint_rank8_int4_per_row_hadamard,uniform_per_expert,384,384,0,32,0.5234781901041666,0.989144132662674,0.9962537154807871,0.9990832067678045,0.9944796064904659,0.0,0.0,0.0,0.0
matrix_free_joint_rank8_int4_per_row_hadamard,uniform_per_expert,384,384,1,32,0.5234781901041666,0.9576629415990013,0.979271820673794,0.9936313436923959,0.9769453247069763,0.0,0.0,0.0,0.0
matrix_free_joint_rank8_int4_per_row_hadamard,uniform_per_expert,384,384,2,32,0.5234781901041666,0.9516550061884533,0.9680322676651525,0.9830187441649133,0.9675381416783772,0.0,0.0,0.0,0.0
matrix_free_joint_rank8_int4_per_row_hadamard,uniform_per_expert,384,384,3,32,0.5234781901041666,0.9417548347441854,0.960195664068382,0.9786252391999742,0.9619151962171967,0.0,0.0,0.0,0.0
matrix_free_joint_rank8_int4_per_row_hadamard,uniform_per_expert,384,384,4,32,0.5234781901041666,0.9428142872961257,0.9683942361317838,0.9835050364419963,0.9663153492335961,0.0,0.0,0.0,0.0
matrix_free_joint_rank8_int4_per_row_hadamard,uniform_per_expert,384,384,5,32,0.5234781901041666,0.9480040529843489,0.9625077407262785,0.9798096960694808,0.9642972667269527,0.0,0.0,0.0,0.0
matrix_free_joint_rank8_int4_per_row_hadamard,uniform_per_expert,384,384,6,32,0.5234781901041666,0.9451184321116751,0.9708756727314637,0.9917266902987331,0.9685620830878985,0.0,0.0,0.0,0.0
matrix_free_joint_rank8_int4_per_row_hadamard,uniform_per_expert,384,384,7,32,0.5234781901041666,0.933962841040563,0.9635166225624758,0.9819632149691806,0.9623962641875141,0.0,0.0,0.0,0.0
matrix_free_joint_rank8_int4_per_row_hadamard,uniform_per_expert,384,384,8,32,0.5234781901041666,0.9363603155165172,0.9641617779779078,0.9783284290812497,0.9575603956308751,0.0,0.0,0.0,0.0
matrix_free_joint_rank8_int4_per_row_hadamard,uniform_per_expert,384,384,9,32,0.5234781901041666,0.9529859723803242,0.9666708178506813,0.9773874964604672,0.9639150268100418,0.0,0.0,0.0,0.0
matrix_free_joint_rank8_int4_per_row_hadamard,uniform_per_expert,384,384,10,32,0.5234781901041666,0.9455559181851174,0.9626216890179874,0.9877902479162938,0.9657276843376432,0.0,0.0,0.0,0.0
matrix_free_joint_rank8_int4_per_row_hadamard,uniform_per_expert,384,384,11,32,0.5234781901041666,0.9400172821544515,0.9713962671535143,0.9812341418588257,0.9644591945518526,0.0,0.0,0.0,0.0
matrix_free_joint_rank8_int4_per_row_hadamard,uniform_per_expert,384,384,12,32,0.5234781901041666,0.9400948971868377,0.9619503852576079,0.9845199093987562,0.9627370082654968,0.0,0.0,0.0,0.0
matrix_free_joint_rank8_int4_per_row_hadamard,uniform_per_expert,384,384,13,32,0.5234781901041666,0.9413783836535244,0.9632377596259958,0.9824711450807254,0.9617394660702864,0.0,0.0,0.0,0.0
matrix_free_joint_rank8_int4_per_row_hadamard,uniform_per_expert,384,384,14,32,0.5234781901041666,0.9469358060147133,0.9704314466622155,0.9857350364386442,0.9666387736086823,0.0,0.0,0.0,0.0
matrix_free_joint_rank8_int4_per_row_hadamard,uniform_per_expert,384,384,15,32,0.5234781901041666,0.9323910010996506,0.9587859417458855,0.9846642127683348,0.9568774815699078,0.0,0.0,0.0,0.0
matrix_free_joint_rank8_int4_per_row_hadamard,uniform_per_expert,384,384,16,32,0.5234781901041666,0.9413177659573152,0.961664627645467,0.9870625617439431,0.9627546696877991,0.0,0.0,0.0,0.0
matrix_free_joint_rank8_int4_per_row_hadamard,uniform_per_expert,384,384,17,32,0.5234781901041666,0.922216953928296,0.9533906743912958,0.9844680080153092,0.9531328619621571,0.0,0.0,0.0,0.0
matrix_free_joint_rank8_int4_per_row_hadamard,uniform_per_expert,384,384,18,32,0.5234781901041666,0.9380500948457927,0.9610099911539975,0.9901527089877393,0.9615559382847092,0.0,0.0,0.0,0.0
matrix_free_joint_rank8_int4_per_row_hadamard,uniform_per_expert,384,384,19,32,0.5234781901041666,0.9432979377115434,0.9704410006979782,0.9902457466765168,0.9681041569601416,0.0,0.0,0.0,0.0
matrix_free_joint_rank8_int4_per_row_hadamard,uniform_per_expert,384,384,20,32,0.5234781901041666,0.9330816250562537,0.9610115687020693,0.987905235118614,0.9610838873696055,0.0,0.0,0.0,0.0
matrix_free_joint_rank8_int4_per_row_hadamard,uniform_per_expert,384,384,21,32,0.5234781901041666,0.9426006818715097,0.9697231207320833,0.9853319520530051,0.967691204332295,0.0,0.0,0.0,0.0
matrix_free_joint_rank8_int4_per_row_hadamard,uniform_per_expert,384,384,22,32,0.5234781901041666,0.9333611798412882,0.9656907326503046,0.987201619932523,0.9632656424267089,0.0,0.0,0.0,0.0
matrix_free_joint_rank8_int4_per_row_hadamard,uniform_per_expert,384,384,23,32,0.5234781901041666,0.9351512744171067,0.9646381244023403,0.9885781110932588,0.9628893970995359,0.0,0.0,0.0,0.0
matrix_free_joint_rank8_int4_per_row_hadamard,uniform_per_expert,384,384,24,32,0.5234781901041666,0.9348777543335943,0.9593956700740452,0.9751339177781981,0.9561115080935872,0.0,0.0,0.0,0.0
matrix_free_joint_rank8_int4_per_row_hadamard,uniform_per_expert,384,384,25,32,0.5234781901041666,0.9323800408626245,0.9567442817941219,0.9853778620600884,0.9548893801524614,0.0,0.0,0.0,0.0
matrix_free_joint_rank8_int4_per_row_hadamard,uniform_per_expert,384,384,26,32,0.5234781901041666,0.9493286583555417,0.960655202097918,0.9824282914282844,0.9641479612346877,0.0,0.0,0.0,0.0
matrix_free_joint_rank8_int4_per_row_hadamard,uniform_per_expert,384,384,27,32,0.5234781901041666,0.9313120008102507,0.9635245053935582,0.9765741461957171,0.9587076343473058,0.0,0.0,0.0,0.0
matrix_free_joint_rank8_int4_per_row_hadamard,uniform_per_expert,384,384,28,32,0.5234781901041666,0.9410346290352208,0.9573292509766234,0.9775709057409881,0.9576812612659555,0.0,0.0,0.0,0.0
matrix_free_joint_rank8_int4_per_row_hadamard,uniform_per_expert,384,384,29,32,0.5234781901041666,0.9519677042795989,0.9707065507492674,0.986287606225393,0.9696201267712997,0.0,0.0,0.0,0.0
matrix_free_joint_rank8_int4_per_row_hadamard,uniform_per_expert,384,384,30,32,0.5234781901041666,0.9464699368973989,0.9646953693967182,0.9844320983818949,0.9643906924617344,0.0,0.0,0.0,0.0
matrix_free_joint_rank8_int4_per_row_hadamard,uniform_per_expert,384,384,31,32,0.5234781901041666,0.9548132291916561,0.9723859727609228,0.9818303908167842,0.9695114537896463,0.0,0.0,0.0,0.0
matrix_free_joint_rank8_int4_per_row_hadamard,uniform_per_expert,384,384,32,32,0.5234781901041666,0.9493687551442628,0.9783071477739802,0.9870902685685452,0.9714046193214977,0.0,0.0,0.0,0.0
matrix_free_joint_rank8_int4_per_row_hadamard,uniform_per_expert,384,384,33,32,0.5234781901041666,0.964181920347785,0.97864620337315,0.9926084405136443,0.9774067076618697,0.0,0.0,0.0,0.0
matrix_free_joint_rank8_int4_per_row_hadamard,uniform_per_expert,384,384,34,32,0.5234781901041666,0.9683726449151799,0.9785807591186026,0.9869737624140424,0.9776875737773417,0.0,0.0,0.0,0.0
matrix_free_joint_rank8_int4_per_row_hadamard,uniform_per_expert,384,384,35,32,0.5234781901041666,0.936759175044924,0.969438809212569,0.9850798208232634,0.9658576516268924,0.0,0.0,0.0,0.0
matrix_free_joint_rank8_int4_per_row_hadamard,uniform_per_expert,384,384,36,32,0.5234781901041666,0.9528993400154082,0.9710234714066468,0.9877119517227814,0.9709106418712525,0.0,0.0,0.0,0.0
matrix_free_joint_rank8_int4_per_row_hadamard,uniform_per_expert,384,384,37,32,0.5234781901041666,0.9534633536390064,0.9738283117661845,0.988667777073083,0.9722839787867918,0.0,0.0,0.0,0.0
matrix_free_joint_rank8_int4_per_row_hadamard,uniform_per_expert,384,384,38,32,0.5234781901041666,0.9662103756337266,0.9808637794385422,0.9901458854932559,0.9793958605586236,0.0,0.0,0.0,0.0
matrix_free_joint_rank8_int4_per_row_hadamard,uniform_per_expert,384,384,39,32,0.5234781901041666,0.9552050893900873,0.9830513242435097,0.9966744009721907,0.9784598991720999,0.0,0.0,0.0,0.0
matrix_free_joint_rank8_int4_per_row_hadamard,uniform_per_expert,576,576,0,32,0.7734781901041666,0.997247948153454,0.9993149403650564,0.9998380157875821,0.9987824593962865,0.0,0.0,0.0,0.0
matrix_free_joint_rank8_int4_per_row_hadamard,uniform_per_expert,576,576,1,32,0.7734781901041666,0.9839527160810456,0.9922352838851162,0.9976355104756018,0.9915143957194563,0.0,0.0,0.0,0.0
matrix_free_joint_rank8_int4_per_row_hadamard,uniform_per_expert,576,576,2,32,0.7734781901041666,0.983168770239022,0.9887787949275939,0.99358256368111,0.9882123681717173,0.0,0.0,0.0,0.0
matrix_free_joint_rank8_int4_per_row_hadamard,uniform_per_expert,576,576,3,32,0.7734781901041666,0.9767156569244504,0.9853366752828925,0.9923058627010596,0.9856275881654386,0.0,0.0,0.0,0.0
matrix_free_joint_rank8_int4_per_row_hadamard,uniform_per_expert,576,576,4,32,0.7734781901041666,0.9787483152512041,0.9881375010511656,0.994226194595672,0.987589117571027,0.0,0.0,0.0,0.0
matrix_free_joint_rank8_int4_per_row_hadamard,uniform_per_expert,576,576,5,32,0.7734781901041666,0.9811827387839118,0.9860930785790029,0.9926726316445244,0.9866204028327191,0.0,0.0,0.0,0.0
matrix_free_joint_rank8_int4_per_row_hadamard,uniform_per_expert,576,576,6,32,0.7734781901041666,0.979496810445276,0.988860799921956,0.9970193633562048,0.9880520959737873,0.0,0.0,0.0,0.0
matrix_free_joint_rank8_int4_per_row_hadamard,uniform_per_expert,576,576,7,32,0.7734781901041666,0.9766057640674949,0.9866773433528426,0.9935294965788195,0.9862335518492229,0.0,0.0,0.0,0.0
matrix_free_joint_rank8_int4_per_row_hadamard,uniform_per_expert,576,576,8,32,0.7734781901041666,0.9772919795565291,0.9868969239562926,0.9917975576806396,0.9844733552004225,0.0,0.0,0.0,0.0
matrix_free_joint_rank8_int4_per_row_hadamard,uniform_per_expert,576,576,9,32,0.7734781901041666,0.9817904737346923,0.9883319684321352,0.9915076178992065,0.9867395957751993,0.0,0.0,0.0,0.0
matrix_free_joint_rank8_int4_per_row_hadamard,uniform_per_expert,576,576,10,32,0.7734781901041666,0.9778736038195436,0.9861498054229066,0.9952496890824448,0.9871560639182542,0.0,0.0,0.0,0.0
matrix_free_joint_rank8_int4_per_row_hadamard,uniform_per_expert,576,576,11,32,0.7734781901041666,0.9751598132302763,0.98931381986756,0.9934560760393764,0.9867709792543895,0.0,0.0,0.0,0.0
matrix_free_joint_rank8_int4_per_row_hadamard,uniform_per_expert,576,576,12,32,0.7734781901041666,0.9763491147758742,0.9861714196243343,0.9942917495947476,0.9861681652244206,0.0,0.0,0.0,0.0
matrix_free_joint_rank8_int4_per_row_hadamard,uniform_per_expert,576,576,13,32,0.7734781901041666,0.9771802464449582,0.985254989541373,0.9938951156481811,0.9858753585923143,0.0,0.0,0.0,0.0
matrix_free_joint_rank8_int4_per_row_hadamard,uniform_per_expert,576,576,14,32,0.7734781901041666,0.9800338367399927,0.9888356321808597,0.9946575728542816,0.9876511107301051,0.0,0.0,0.0,0.0
matrix_free_joint_rank8_int4_per_row_hadamard,uniform_per_expert,576,576,15,32,0.7734781901041666,0.9743547865648576,0.9845656977298127,0.9940741074532723,0.9837801535748919,0.0,0.0,0.0,0.0
matrix_free_joint_rank8_int4_per_row_hadamard,uniform_per_expert,576,576,16,32,0.7734781901041666,0.9792679648742374,0.9848627656317313,0.9950680533555342,0.9860947721869813,0.0,0.0,0.0,0.0
matrix_free_joint_rank8_int4_per_row_hadamard,uniform_per_expert,576,576,17,32,0.7734781901041666,0.9724585698806734,0.9835506516657416,0.9940946014604771,0.9827724765283676,0.0,0.0,0.0,0.0
matrix_free_joint_rank8_int4_per_row_hadamard,uniform_per_expert,576,576,18,32,0.7734781901041666,0.9759039805649579,0.9854182296789424,0.9963867655026922,0.9854670029606291,0.0,0.0,0.0,0.0
matrix_free_joint_rank8_int4_per_row_hadamard,uniform_per_expert,576,576,19,32,0.7734781901041666,0.9781301017429417,0.9891379069084645,0.9963287318094053,0.9879019713615166,0.0,0.0,0.0,0.0
matrix_free_joint_rank8_int4_per_row_hadamard,uniform_per_expert,576,576,20,32,0.7734781901041666,0.975750998730912,0.9856156080804106,0.995760234822169,0.9853608520157787,0.0,0.0,0.0,0.0
matrix_free_joint_rank8_int4_per_row_hadamard,uniform_per_expert,576,576,21,32,0.7734781901041666,0.9786467258741763,0.9889375422946525,0.9948690278929155,0.9879568263128495,0.0,0.0,0.0,0.0
matrix_free_joint_rank8_int4_per_row_hadamard,uniform_per_expert,576,576,22,32,0.7734781901041666,0.9760577798000493,0.98730490310994,0.9955752213185387,0.9863817079856804,0.0,0.0,0.0,0.0
matrix_free_joint_rank8_int4_per_row_hadamard,uniform_per_expert,576,576,23,32,0.7734781901041666,0.9752985794544815,0.9877254941486764,0.995861215618792,0.986370084920984,0.0,0.0,0.0,0.0
matrix_free_joint_rank8_int4_per_row_hadamard,uniform_per_expert,576,576,24,32,0.7734781901041666,0.9775914209007914,0.9844567342405173,0.9905029749991504,0.9839430167580411,0.0,0.0,0.0,0.0
matrix_free_joint_rank8_int4_per_row_hadamard,uniform_per_expert,576,576,25,32,0.7734781901041666,0.9736630359446062,0.9840656988025087,0.9947705870692976,0.9830554985758699,0.0,0.0,0.0,0.0
matrix_free_joint_rank8_int4_per_row_hadamard,uniform_per_expert,576,576,26,32,0.7734781901041666,0.9805223547275201,0.9860069283752155,0.9941712756380482,0.9866491584330956,0.0,0.0,0.0,0.0
matrix_free_joint_rank8_int4_per_row_hadamard,uniform_per_expert,576,576,27,32,0.7734781901041666,0.9721998450627234,0.9865588576278976,0.991889865854032,0.98464469989649,0.0,0.0,0.0,0.0
matrix_free_joint_rank8_int4_per_row_hadamard,uniform_per_expert,576,576,28,32,0.7734781901041666,0.9775816998896538,0.9841451227356919,0.991527858693221,0.9845651042021086,0.0,0.0,0.0,0.0
matrix_free_joint_rank8_int4_per_row_hadamard,uniform_per_expert,576,576,29,32,0.7734781901041666,0.9828566864313535,0.9888278458594696,0.9950585453675407,0.9887156440115535,0.0,0.0,0.0,0.0
matrix_free_joint_rank8_int4_per_row_hadamard,uniform_per_expert,576,576,30,32,0.7734781901041666,0.9809675495098296,0.9871908590236295,0.9939299460100406,0.9869283347516101,0.0,0.0,0.0,0.0
matrix_free_joint_rank8_int4_per_row_hadamard,uniform_per_expert,576,576,31,32,0.7734781901041666,0.9826570389362991,0.9894843988925099,0.99326376090058,0.9886852509769556,0.0,0.0,0.0,0.0
matrix_free_joint_rank8_int4_per_row_hadamard,uniform_per_expert,576,576,32,32,0.7734781901041666,0.980085847980503,0.9922338503420569,0.9954943683971907,0.989281066440278,0.0,0.0,0.0,0.0
matrix_free_joint_rank8_int4_per_row_hadamard,uniform_per_expert,576,576,33,32,0.7734781901041666,0.9865610216914283,0.9919599147671097,0.9975142697661501,0.991655131991424,0.0,0.0,0.0,0.0
matrix_free_joint_rank8_int4_per_row_hadamard,uniform_per_expert,576,576,34,32,0.7734781901041666,0.9884911456003092,0.992772270276278,0.9951418234413484,0.9919187337340447,0.0,0.0,0.0,0.0
matrix_free_joint_rank8_int4_per_row_hadamard,uniform_per_expert,576,576,35,32,0.7734781901041666,0.9766284141322,0.9884156798758897,0.994698121202629,0.9873157944808904,0.0,0.0,0.0,0.0
matrix_free_joint_rank8_int4_per_row_hadamard,uniform_per_expert,576,576,36,32,0.7734781901041666,0.9823548933718296,0.989134869625107,0.9956362676801286,0.9890466940180651,0.0,0.0,0.0,0.0
matrix_free_joint_rank8_int4_per_row_hadamard,uniform_per_expert,576,576,37,32,0.7734781901041666,0.9835709833070876,0.9901799748938424,0.995661253275369,0.9896310334513745,0.0,0.0,0.0,0.0
matrix_free_joint_rank8_int4_per_row_hadamard,uniform_per_expert,576,576,38,32,0.7734781901041666,0.9876485042232147,0.9930873204905529,0.9968157630564906,0.9926127019319981,0.0,0.0,0.0,0.0
matrix_free_joint_rank8_int4_per_row_hadamard,uniform_per_expert,576,576,39,32,0.7734781901041666,0.9847378029397603,0.9943341106856832,0.9988058454208869,0.9923472668348259,0.0,0.0,0.0,0.0
matrix_free_joint_rank8_int4_per_row_hadamard,uniform_per_expert,749,749,0,32,0.9987386067708334,0.9992628230044976,0.999885444139933,0.9999803741633934,0.999719954305514,0.0,0.0,0.0,0.0
matrix_free_joint_rank8_int4_per_row_hadamard,uniform_per_expert,749,749,1,32,0.9987386067708334,0.9938410277196,0.9970700193879365,0.9990702843894895,0.9967795327803936,0.0,0.0,0.0,0.0
matrix_free_joint_rank8_int4_per_row_hadamard,uniform_per_expert,749,749,2,32,0.9987386067708334,0.9934526709955167,0.9957726822094459,0.9976703454145812,0.9956184203649568,0.0,0.0,0.0,0.0
matrix_free_joint_rank8_int4_per_row_hadamard,uniform_per_expert,749,749,3,32,0.9987386067708334,0.9915145078806539,0.9945637099948437,0.9970327375313576,0.9945550054427665,0.0,0.0,0.0,0.0
matrix_free_joint_rank8_int4_per_row_hadamard,uniform_per_expert,749,749,4,32,0.9987386067708334,0.9921917857006898,0.9954766790234056,0.9978111627035355,0.9953387883657547,0.0,0.0,0.0,0.0
matrix_free_joint_rank8_int4_per_row_hadamard,uniform_per_expert,749,749,5,32,0.9987386067708334,0.9925753634602661,0.9944174346840977,0.9972535790660786,0.9948765804637361,0.0,0.0,0.0,0.0
matrix_free_joint_rank8_int4_per_row_hadamard,uniform_per_expert,749,749,6,32,0.9987386067708334,0.9925821865059223,0.9957458698578022,0.998971915829715,0.9955251790114703,0.0,0.0,0.0,0.0
matrix_free_joint_rank8_int4_per_row_hadamard,uniform_per_expert,749,749,7,32,0.9987386067708334,0.9913670564074741,0.9948902486564901,0.9974110927849315,0.9948604368691883,0.0,0.0,0.0,0.0
matrix_free_joint_rank8_int4_per_row_hadamard,uniform_per_expert,749,749,8,32,0.9987386067708334,0.9914194254252839,0.9947273979690651,0.9970542616884134,0.9942578406359792,0.0,0.0,0.0,0.0
matrix_free_joint_rank8_int4_per_row_hadamard,uniform_per_expert,749,749,9,32,0.9987386067708334,0.9935255848988377,0.9958210426541354,0.9969438025373735,0.9951321431774534,0.0,0.0,0.0,0.0
matrix_free_joint_rank8_int4_per_row_hadamard,uniform_per_expert,749,749,10,32,0.9987386067708334,0.991716230634731,0.9948793789824177,0.9984231372148198,0.9951901124401243,0.0,0.0,0.0,0.0
matrix_free_joint_rank8_int4_per_row_hadamard,uniform_per_expert,749,749,11,32,0.9987386067708334,0.9909394969041497,0.9959584963129935,0.9975707311563468,0.9950217580707164,0.0,0.0,0.0,0.0
matrix_free_joint_rank8_int4_per_row_hadamard,uniform_per_expert,749,749,12,32,0.9987386067708334,0.9916484542976794,0.9951652813917891,0.997822594805981,0.9949018097736502,0.0,0.0,0.0,0.0
matrix_free_joint_rank8_int4_per_row_hadamard,uniform_per_expert,749,749,13,32,0.9987386067708334,0.9910767159021492,0.9946497080113843,0.9977701565888898,0.9946805379349957,0.0,0.0,0.0,0.0
matrix_free_joint_rank8_int4_per_row_hadamard,uniform_per_expert,749,749,14,32,0.9987386067708334,0.9929348113320398,0.99565749527681,0.9980028301049343,0.9953640024596192,0.0,0.0,0.0,0.0
matrix_free_joint_rank8_int4_per_row_hadamard,uniform_per_expert,749,749,15,32,0.9987386067708334,0.9904657160591631,0.9940826097088133,0.9977657332410819,0.9939500732968902,0.0,0.0,0.0,0.0
matrix_free_joint_rank8_int4_per_row_hadamard,uniform_per_expert,749,749,16,32,0.9987386067708334,0.9921742330147277,0.9946237306598334,0.9982731278553606,0.9948371593920625,0.0,0.0,0.0,0.0
matrix_free_joint_rank8_int4_per_row_hadamard,uniform_per_expert,749,749,17,32,0.9987386067708334,0.9901567174821986,0.9936839566765265,0.9978772452793766,0.9936664992571964,0.0,0.0,0.0,0.0
matrix_free_joint_rank8_int4_per_row_hadamard,uniform_per_expert,749,749,18,32,0.9987386067708334,0.9911282216026431,0.994534414341725,0.9985662315304021,0.9945310821057183,0.0,0.0,0.0,0.0
matrix_free_joint_rank8_int4_per_row_hadamard,uniform_per_expert,749,749,19,32,0.9987386067708334,0.9918870619450622,0.9960665389595265,0.9985192955639814,0.9954429693608713,0.0,0.0,0.0,0.0
matrix_free_joint_rank8_int4_per_row_hadamard,uniform_per_expert,749,749,20,32,0.9987386067708334,0.9912897406501734,0.9949793463818729,0.9982565660900989,0.9946256005777514,0.0,0.0,0.0,0.0
matrix_free_joint_rank8_int4_per_row_hadamard,uniform_per_expert,749,749,21,32,0.9987386067708334,0.9921915794241177,0.9957379368416974,0.9980520906293568,0.9954788397343707,0.0,0.0,0.0,0.0
matrix_free_joint_rank8_int4_per_row_hadamard,uniform_per_expert,749,749,22,32,0.9987386067708334,0.9907360621119016,0.9951706042915367,0.9982985422995583,0.9949137178899191,0.0,0.0,0.0,0.0
matrix_free_joint_rank8_int4_per_row_hadamard,uniform_per_expert,749,749,23,32,0.9987386067708334,0.9913731438490982,0.9953108043315667,0.9985767421042043,0.994953393729847,0.0,0.0,0.0,0.0
matrix_free_joint_rank8_int4_per_row_hadamard,uniform_per_expert,749,749,24,32,0.9987386067708334,0.9911832050452979,0.9941543053805247,0.9964327459691912,0.9940042225248449,0.0,0.0,0.0,0.0
matrix_free_joint_rank8_int4_per_row_hadamard,uniform_per_expert,749,749,25,32,0.9987386067708334,0.9902448297314164,0.9941083800979016,0.997949655570002,0.9936531081149038,0.0,0.0,0.0,0.0
matrix_free_joint_rank8_int4_per_row_hadamard,uniform_per_expert,749,749,26,32,0.9987386067708334,0.9921737097171864,0.9947947325064536,0.9979873266734887,0.9949042128243828,0.0,0.0,0.0,0.0
matrix_free_joint_rank8_int4_per_row_hadamard,uniform_per_expert,749,749,27,32,0.9987386067708334,0.9894660272616796,0.9949981224666129,0.9969872638663084,0.9943651764561565,0.0,0.0,0.0,0.0
matrix_free_joint_rank8_int4_per_row_hadamard,uniform_per_expert,749,749,28,32,0.9987386067708334,0.9909613944320539,0.9940325999263755,0.9969373382368115,0.9941780411769205,0.0,0.0,0.0,0.0
matrix_free_joint_rank8_int4_per_row_hadamard,uniform_per_expert,749,749,29,32,0.9987386067708334,0.9936666299603897,0.9960459389106554,0.9982606455466191,0.9959523256677596,0.0,0.0,0.0,0.0
matrix_free_joint_rank8_int4_per_row_hadamard,uniform_per_expert,749,749,30,32,0.9987386067708334,0.9926554510766042,0.9952033166102185,0.9976915429954958,0.9950811953705443,0.0,0.0,0.0,0.0
matrix_free_joint_rank8_int4_per_row_hadamard,uniform_per_expert,749,749,31,32,0.9987386067708334,0.9935537803213341,0.9958761893091843,0.9975406907535751,0.9957795747053877,0.0,0.0,0.0,0.0
matrix_free_joint_rank8_int4_per_row_hadamard,uniform_per_expert,749,749,32,32,0.9987386067708334,0.992656558977529,0.9970244468947124,0.9983309341774567,0.9959836567643473,0.0,0.0,0.0,0.0
matrix_free_joint_rank8_int4_per_row_hadamard,uniform_per_expert,749,749,33,32,0.9987386067708334,0.9948294401532591,0.9972509499962068,0.9990933402879635,0.9969613135397813,0.0,0.0,0.0,0.0
matrix_free_joint_rank8_int4_per_row_hadamard,uniform_per_expert,749,749,34,32,0.9987386067708334,0.9954431995239645,0.9971942076753371,0.9982262140738932,0.9969707869615023,0.0,0.0,0.0,0.0
matrix_free_joint_rank8_int4_per_row_hadamard,uniform_per_expert,749,749,35,32,0.9987386067708334,0.99145542571974,0.995602514299347,0.9979328051904117,0.9953085448055006,0.0,0.0,0.0,0.0
matrix_free_joint_rank8_int4_per_row_hadamard,uniform_per_expert,749,749,36,32,0.9987386067708334,0.9935650815573199,0.9955871348820112,0.9982213584555318,0.995875562916611,0.0,0.0,0.0,0.0
matrix_free_joint_rank8_int4_per_row_hadamard,uniform_per_expert,749,749,37,32,0.9987386067708334,0.9934710290313901,0.9963843055827539,0.9984351558771284,0.9961741370097641,0.0,0.0,0.0,0.0
matrix_free_joint_rank8_int4_per_row_hadamard,uniform_per_expert,749,749,38,32,0.9987386067708334,0.9952458133404963,0.9975085390094354,0.9988306438470536,0.9972031533428072,0.0,0.0,0.0,0.0
matrix_free_joint_rank8_int4_per_row_hadamard,uniform_per_expert,749,749,39,32,0.9987386067708334,0.9943216168584978,0.9979714911863231,0.9995716662458556,0.9972797929915092,0.0,0.0,0.0,0.0
matrix_free_joint_rank8_int4_per_row_hadamard,uniform_per_expert,768,768,0,32,1.0234781901041667,0.9993905423167465,0.9999066120978346,0.9999854028273865,0.9997681272114929,0.0,0.0,0.0,0.0
matrix_free_joint_rank8_int4_per_row_hadamard,uniform_per_expert,768,768,1,32,1.0234781901041667,0.9948679787646075,0.9974160974881445,0.9991862832562968,0.997145087684328,0.0,0.0,0.0,0.0
matrix_free_joint_rank8_int4_per_row_hadamard,uniform_per_expert,768,768,2,32,1.0234781901041667,0.9942208998827259,0.9961042292997899,0.9979802674015229,0.9961222267178171,0.0,0.0,0.0,0.0
matrix_free_joint_rank8_int4_per_row_hadamard,uniform_per_expert,768,768,3,32,1.0234781901041667,0.9926588123720668,0.9950952234808597,0.9973987805797112,0.9951718246301173,0.0,0.0,0.0,0.0
matrix_free_joint_rank8_int4_per_row_hadamard,uniform_per_expert,768,768,4,32,1.0234781901041667,0.9927089486569691,0.9959920723136566,0.9980499812052697,0.9958670458357022,0.0,0.0,0.0,0.0
matrix_free_joint_rank8_int4_per_row_hadamard,uniform_per_expert,768,768,5,32,1.0234781901041667,0.9932761710422223,0.9949472492058455,0.9974786865364622,0.9954130873308535,0.0,0.0,0.0,0.0
matrix_free_joint_rank8_int4_per_row_hadamard,uniform_per_expert,768,768,6,32,1.0234781901041667,0.9933034451736101,0.9962211696697962,0.9990887627466535,0.9959867853033582,0.0,0.0,0.0,0.0
matrix_free_joint_rank8_int4_per_row_hadamard,uniform_per_expert,768,768,7,32,1.0234781901041667,0.9926177767672916,0.9954572098255117,0.9978073188051315,0.9954072299052474,0.0,0.0,0.0,0.0
matrix_free_joint_rank8_int4_per_row_hadamard,uniform_per_expert,768,768,8,32,1.0234781901041667,0.9923299795358915,0.9952893025312703,0.9974255995713028,0.994824333474609,0.0,0.0,0.0,0.0
matrix_free_joint_rank8_int4_per_row_hadamard,uniform_per_expert,768,768,9,32,1.0234781901041667,0.9940576711193784,0.9961752027776917,0.9973362288304455,0.9956694919063478,0.0,0.0,0.0,0.0
matrix_free_joint_rank8_int4_per_row_hadamard,uniform_per_expert,768,768,10,32,1.0234781901041667,0.9925844598818806,0.9953389473429536,0.998625926398316,0.9957533301603838,0.0,0.0,0.0,0.0
matrix_free_joint_rank8_int4_per_row_hadamard,uniform_per_expert,768,768,11,32,1.0234781901041667,0.9919155731695922,0.996447379758808,0.9977846181196288,0.9955687810700289,0.0,0.0,0.0,0.0
matrix_free_joint_rank8_int4_per_row_hadamard,uniform_per_expert,768,768,12,32,1.0234781901041667,0.9923812368050038,0.9957174816873314,0.9981102961181367,0.9954500124892242,0.0,0.0,0.0,0.0
matrix_free_joint_rank8_int4_per_row_hadamard,uniform_per_expert,768,768,13,32,1.0234781901041667,0.9917990825965101,0.9953041442418216,0.9978793144876847,0.9952597823413835,0.0,0.0,0.0,0.0
matrix_free_joint_rank8_int4_per_row_hadamard,uniform_per_expert,768,768,14,32,1.0234781901041667,0.9937139344285598,0.9961389058673714,0.9981496437706336,0.9958846229010363,0.0,0.0,0.0,0.0
matrix_free_joint_rank8_int4_per_row_hadamard,uniform_per_expert,768,768,15,32,1.0234781901041667,0.991634772780314,0.9947390103935887,0.9979963336486001,0.9945914736590806,0.0,0.0,0.0,0.0
matrix_free_joint_rank8_int4_per_row_hadamard,uniform_per_expert,768,768,16,32,1.0234781901041667,0.9931025310825939,0.9951674746284475,0.9984962601706288,0.9953762911457914,0.0,0.0,0.0,0.0
matrix_free_joint_rank8_int4_per_row_hadamard,uniform_per_expert,768,768,17,32,1.0234781901041667,0.9910869033240689,0.9942976747392482,0.9980765314450022,0.9943372955033938,0.0,0.0,0.0,0.0
matrix_free_joint_rank8_int4_per_row_hadamard,uniform_per_expert,768,768,18,32,1.0234781901041667,0.9918663124096647,0.9952381234528571,0.9987171274474353,0.9951343627902096,0.0,0.0,0.0,0.0
matrix_free_joint_rank8_int4_per_row_hadamard,uniform_per_expert,768,768,19,32,1.0234781901041667,0.9929554226851135,0.9965752908469404,0.9986752702841724,0.9959131597159906,0.0,0.0,0.0,0.0
matrix_free_joint_rank8_int4_per_row_hadamard,uniform_per_expert,768,768,20,32,1.0234781901041667,0.9923940095341394,0.9954133687183552,0.9984537727792905,0.995268766715907,0.0,0.0,0.0,0.0
matrix_free_joint_rank8_int4_per_row_hadamard,uniform_per_expert,768,768,21,32,1.0234781901041667,0.9927596803158591,0.9961296772278248,0.9983408113395168,0.9959661112927025,0.0,0.0,0.0,0.0
matrix_free_joint_rank8_int4_per_row_hadamard,uniform_per_expert,768,768,22,32,1.0234781901041667,0.9918398297982736,0.9956813684120328,0.9985148547082019,0.9955016321240905,0.0,0.0,0.0,0.0
matrix_free_joint_rank8_int4_per_row_hadamard,uniform_per_expert,768,768,23,32,1.0234781901041667,0.9921529706110624,0.9958004659811719,0.9987356429895443,0.9954848805378318,0.0,0.0,0.0,0.0
matrix_free_joint_rank8_int4_per_row_hadamard,uniform_per_expert,768,768,24,32,1.0234781901041667,0.9921428219105303,0.9948264327461886,0.9969233448865532,0.9947194123670402,0.0,0.0,0.0,0.0
matrix_free_joint_rank8_int4_per_row_hadamard,uniform_per_expert,768,768,25,32,1.0234781901041667,0.9914603237600268,0.9947257375054849,0.9982074173661313,0.9942724370966005,0.0,0.0,0.0,0.0
matrix_free_joint_rank8_int4_per_row_hadamard,uniform_per_expert,768,768,26,32,1.0234781901041667,0.9932472840521912,0.9954419489908501,0.9982450313994691,0.9955064137478795,0.0,0.0,0.0,0.0
matrix_free_joint_rank8_int4_per_row_hadamard,uniform_per_expert,768,768,27,32,1.0234781901041667,0.9911694666408543,0.9956336397154312,0.997302943006836,0.994990913183147,0.0,0.0,0.0,0.0
matrix_free_joint_rank8_int4_per_row_hadamard,uniform_per_expert,768,768,28,32,1.0234781901041667,0.9925317478096966,0.9947705455122708,0.9972861444244466,0.9949063814263281,0.0,0.0,0.0,0.0
matrix_free_joint_rank8_int4_per_row_hadamard,uniform_per_expert,768,768,29,32,1.0234781901041667,0.9943568575503348,0.9963581625163102,0.9984714988562776,0.9963777200853448,0.0,0.0,0.0,0.0
matrix_free_joint_rank8_int4_per_row_hadamard,uniform_per_expert,768,768,30,32,1.0234781901041667,0.9934607753590556,0.9957787203627408,0.9980258004244564,0.9956179969121702,0.0,0.0,0.0,0.0
matrix_free_joint_rank8_int4_per_row_hadamard,uniform_per_expert,768,768,31,32,1.0234781901041667,0.9941430271578809,0.9965856825265234,0.9977983963390019,0.9962456496018821,0.0,0.0,0.0,0.0
matrix_free_joint_rank8_int4_per_row_hadamard,uniform_per_expert,768,768,32,32,1.0234781901041667,0.993692262390869,0.9973471343607687,0.9985289807382155,0.9964720153104314,0.0,0.0,0.0,0.0
matrix_free_joint_rank8_int4_per_row_hadamard,uniform_per_expert,768,768,33,32,1.0234781901041667,0.9952653830913937,0.9975925092285858,0.9991528654442823,0.9972944377155686,0.0,0.0,0.0,0.0
matrix_free_joint_rank8_int4_per_row_hadamard,uniform_per_expert,768,768,34,32,1.0234781901041667,0.9960669963293517,0.9975240928971651,0.9984512686460272,0.9973664953426222,0.0,0.0,0.0,0.0
matrix_free_joint_rank8_int4_per_row_hadamard,uniform_per_expert,768,768,35,32,1.0234781901041667,0.992603841579902,0.9960892750910794,0.9981460696412207,0.9958628246837105,0.0,0.0,0.0,0.0
matrix_free_joint_rank8_int4_per_row_hadamard,uniform_per_expert,768,768,36,32,1.0234781901041667,0.994189103199005,0.9961793815397595,0.998393817125656,0.996337063351334,0.0,0.0,0.0,0.0
matrix_free_joint_rank8_int4_per_row_hadamard,uniform_per_expert,768,768,37,32,1.0234781901041667,0.9943528131001776,0.9968315459062327,0.9985396916901845,0.9966152953107532,0.0,0.0,0.0,0.0
matrix_free_joint_rank8_int4_per_row_hadamard,uniform_per_expert,768,768,38,32,1.0234781901041667,0.9958380757084906,0.9977931024887652,0.9989458544957986,0.9975337380332053,0.0,0.0,0.0,0.0
matrix_free_joint_rank8_int4_per_row_hadamard,uniform_per_expert,768,768,39,32,1.0234781901041667,0.9947227510997303,0.9982015715885022,0.999631462736945,0.9975455512232798,0.0,0.0,0.0,0.0
