candidate,design,objective,sharing,projection,split,level,count,p10_relative_error,median_relative_error,p90_relative_error,p10_damage,median_damage,p90_damage,summed_damage,median_own_recovery
A_vector_functional,A,expert_functional_proxy,independent_vector,down,test,2,152,0.33621824383735655,0.36368900537490845,0.3854272723197937,0.022255219891667365,0.12034357339143753,9.517666912078859,623.545309998095,0.0
A_vector_functional,A,expert_functional_proxy,independent_vector,down,test,3,152,0.1780156299471855,0.1941942274570465,0.2078974351286888,0.00849524512887001,0.03427272289991379,3.331013417243958,179.21429212135263,0.6775694489479065
A_vector_functional,A,expert_functional_proxy,independent_vector,down,test,4,152,0.0,0.0,0.0,0.0,0.0,0.0,0.0,1.0
A_vector_functional,A,expert_functional_proxy,independent_vector,down,train,2,258,0.3318358063697815,0.36262889206409454,0.38192959129810333,0.025171438977122308,0.12092071399092674,9.552529621124268,1001.1550490930676,0.0
A_vector_functional,A,expert_functional_proxy,independent_vector,down,train,3,258,0.17406332343816758,0.1938830241560936,0.2033627897500992,0.007655114028602839,0.034458113834261894,3.0558885574340824,265.35714935767464,0.7170928716659546
A_vector_functional,A,expert_functional_proxy,independent_vector,down,train,4,258,0.0,0.0,0.0,0.0,0.0,0.0,0.0,1.0
A_vector_functional,A,expert_functional_proxy,independent_vector,down,validation,2,135,0.3343629002571106,0.3659555912017822,0.3851847887039185,0.028067536279559137,0.12160878628492355,12.740957260131854,652.1984671666287,0.0
A_vector_functional,A,expert_functional_proxy,independent_vector,down,validation,3,135,0.17488457262516022,0.19451652467250824,0.20626338124275206,0.007255473732948303,0.03411266580224037,2.9220649719238287,166.35249727312475,0.7304850220680237
A_vector_functional,A,expert_functional_proxy,independent_vector,down,validation,4,135,0.0,0.0,0.0,0.0,0.0,0.0,0.0,1.0
A_vector_functional,A,expert_functional_proxy,independent_vector,gate,test,2,152,0.1598749577999115,0.25360317528247833,0.3139851212501526,1.948472535610199,12.257920265197754,136.4653121948242,6499.928514838219,0.0
A_vector_functional,A,expert_functional_proxy,independent_vector,gate,test,3,152,0.05496185198426247,0.1267138570547104,0.16380122900009156,0.5072431921958923,3.1590025424957275,17.61237621307373,1085.8071826696396,0.760235458612442
A_vector_functional,A,expert_functional_proxy,independent_vector,gate,test,4,152,0.0,0.0,0.0,0.0,0.0,0.0,0.0,1.0
A_vector_functional,A,expert_functional_proxy,independent_vector,gate,train,2,258,0.1534106656908989,0.25094859302043915,0.3135683745145798,1.9099722981452942,12.420902729034424,131.2594223022461,10721.979382872581,0.0
A_vector_functional,A,expert_functional_proxy,independent_vector,gate,train,3,258,0.05591407008469105,0.1260039582848549,0.1675795540213585,0.5193935334682466,3.2963244915008545,17.930004882812508,1889.0026615262032,0.7527086436748505
A_vector_functional,A,expert_functional_proxy,independent_vector,gate,train,4,258,0.0,0.0,0.0,0.0,0.0,0.0,0.0,1.0
A_vector_functional,A,expert_functional_proxy,independent_vector,gate,validation,2,135,0.14958675503730773,0.25355201959609985,0.31063421368598937,1.988124704360962,11.46025562286377,114.77871093750001,5318.2860733270645,0.0
A_vector_functional,A,expert_functional_proxy,independent_vector,gate,validation,3,135,0.05536805689334869,0.12738172709941864,0.15864784121513367,0.511077630519867,3.1001698970794678,16.708910369873045,978.0645805597305,0.7580870985984802
A_vector_functional,A,expert_functional_proxy,independent_vector,gate,validation,4,135,0.0,0.0,0.0,0.0,0.0,0.0,0.0,1.0
A_vector_functional,A,expert_functional_proxy,independent_vector,up,test,2,152,0.1950589045882225,0.31669147312641144,0.4011954814195633,1.9601848602294922,10.835017204284668,45.173026657104494,2689.85357940197,0.0
A_vector_functional,A,expert_functional_proxy,independent_vector,up,test,3,152,0.09276982471346855,0.1628710702061653,0.20841696262359619,0.4752301722764969,2.907663345336914,10.54048776626587,646.5117145478725,0.7416045069694519
A_vector_functional,A,expert_functional_proxy,independent_vector,up,test,4,152,0.0,0.0,0.0,0.0,0.0,0.0,0.0,1.0
A_vector_functional,A,expert_functional_proxy,independent_vector,up,train,2,258,0.19819966703653336,0.32309892773628235,0.39704068899154665,1.9888768911361694,10.855867385864258,47.56186294555664,4654.1150805950165,0.0
A_vector_functional,A,expert_functional_proxy,independent_vector,up,train,3,258,0.09067188277840614,0.16427092999219894,0.20875786244869232,0.49218209683895114,2.9662437438964844,10.386581897735597,1092.0671013593674,0.7418131232261658
A_vector_functional,A,expert_functional_proxy,independent_vector,up,train,4,258,0.0,0.0,0.0,0.0,0.0,0.0,0.0,1.0
A_vector_functional,A,expert_functional_proxy,independent_vector,up,validation,2,135,0.20246095359325408,0.3284561336040497,0.4012444019317627,1.9197138547897339,10.719301223754883,51.51504669189453,2601.5079649686813,0.0
A_vector_functional,A,expert_functional_proxy,independent_vector,up,validation,3,135,0.08967097699642182,0.16851934790611267,0.20851103961467743,0.4799425959587097,2.813100814819336,10.662646484375001,597.402487963438,0.7422064542770386
A_vector_functional,A,expert_functional_proxy,independent_vector,up,validation,4,135,0.0,0.0,0.0,0.0,0.0,0.0,0.0,1.0
A_vector_functional_shrunk,A,expert_functional_proxy,independent_vector,down,test,2,152,0.33610844910144805,0.36301271617412567,0.38646736443042756,0.02234033476561308,0.11321045458316803,9.620438098907474,616.18350793235,0.0
A_vector_functional_shrunk,A,expert_functional_proxy,independent_vector,down,test,3,152,0.17809369266033173,0.19420970231294632,0.20814992040395736,0.008369672764092685,0.03398001007735729,3.2872362613677986,179.3525968841277,0.6800451874732971
A_vector_functional_shrunk,A,expert_functional_proxy,independent_vector,down,test,4,152,0.0,0.0,0.0,0.0,0.0,0.0,0.0,1.0
A_vector_functional_shrunk,A,expert_functional_proxy,independent_vector,down,train,2,258,0.33161674439907074,0.3627151697874069,0.3812951326370239,0.024941289238631724,0.11979539692401886,9.282514286041263,994.159334381111,0.0
A_vector_functional_shrunk,A,expert_functional_proxy,independent_vector,down,train,3,258,0.17399645894765856,0.19382699579000473,0.2034866064786911,0.007708644028753043,0.03432995453476906,3.091015434265137,267.1312764424365,0.7073155343532562
A_vector_functional_shrunk,A,expert_functional_proxy,independent_vector,down,train,4,258,0.0,0.0,0.0,0.0,0.0,0.0,0.0,1.0
A_vector_functional_shrunk,A,expert_functional_proxy,independent_vector,down,validation,2,135,0.33404073119163513,0.3667653203010559,0.3852693438529968,0.027324526011943816,0.12506841123104095,11.586508941650392,643.2622373499908,0.0
A_vector_functional_shrunk,A,expert_functional_proxy,independent_vector,down,validation,3,135,0.17498737275600434,0.19506031274795532,0.20628461837768555,0.007029677927494049,0.03368569165468216,2.799475336074829,166.39103578636423,0.7273219227790833
A_vector_functional_shrunk,A,expert_functional_proxy,independent_vector,down,validation,4,135,0.0,0.0,0.0,0.0,0.0,0.0,0.0,1.0
A_vector_functional_shrunk,A,expert_functional_proxy,independent_vector,gate,test,2,152,0.17196770161390304,0.25797389447689056,0.31353692412376405,1.9728718638420104,12.085204601287842,162.40118713378908,7249.277054905891,0.0
A_vector_functional_shrunk,A,expert_functional_proxy,independent_vector,gate,test,3,152,0.05548291765153408,0.12956875562667847,0.16407640576362612,0.5072442352771759,3.149679183959961,17.775875091552734,1099.2511378228664,0.7607862055301666
A_vector_functional_shrunk,A,expert_functional_proxy,independent_vector,gate,test,4,152,0.0,0.0,0.0,0.0,0.0,0.0,0.0,1.0
A_vector_functional_shrunk,A,expert_functional_proxy,independent_vector,gate,train,2,258,0.16583926528692244,0.25712330639362335,0.31540438532829285,1.9274726033210754,12.440758228302002,151.8141082763672,11955.572179079056,0.0
A_vector_functional_shrunk,A,expert_functional_proxy,independent_vector,gate,train,3,258,0.05617732331156731,0.12948334217071533,0.1666281968355179,0.5228600978851319,3.3106216192245483,18.395190429687503,1911.2785717248917,0.7557917535305023
A_vector_functional_shrunk,A,expert_functional_proxy,independent_vector,gate,train,4,258,0.0,0.0,0.0,0.0,0.0,0.0,0.0,1.0
A_vector_functional_shrunk,A,expert_functional_proxy,independent_vector,gate,validation,2,135,0.1626037299633026,0.2567097544670105,0.31123974919319153,1.989801549911499,11.524443626403809,136.49711608886722,5891.766673207283,0.0
A_vector_functional_shrunk,A,expert_functional_proxy,independent_vector,gate,validation,3,135,0.05547372251749039,0.12990039587020874,0.15861999988555908,0.5102761507034301,3.0758097171783447,17.18705520629883,986.1586202681065,0.7583363056182861
A_vector_functional_shrunk,A,expert_functional_proxy,independent_vector,gate,validation,4,135,0.0,0.0,0.0,0.0,0.0,0.0,0.0,1.0
A_vector_functional_shrunk,A,expert_functional_proxy,independent_vector,up,test,2,152,0.19529533982276917,0.3163280040025711,0.40242605805397036,1.961294412612915,10.66113567352295,45.48917694091797,2705.4161661863327,0.0
A_vector_functional_shrunk,A,expert_functional_proxy,independent_vector,up,test,3,152,0.09291037991642952,0.16344854980707169,0.20904088020324707,0.4708772122859955,2.9146244525909424,10.479402446746827,648.3154872357845,0.740648090839386
A_vector_functional_shrunk,A,expert_functional_proxy,independent_vector,up,test,4,152,0.0,0.0,0.0,0.0,0.0,0.0,0.0,1.0
A_vector_functional_shrunk,A,expert_functional_proxy,independent_vector,up,train,2,258,0.198610420525074,0.3225238472223282,0.39388933777809143,1.9940565586090089,10.759162425994873,47.42370529174805,4677.244248151779,0.0
A_vector_functional_shrunk,A,expert_functional_proxy,independent_vector,up,train,3,258,0.09030697792768479,0.16421876847743988,0.20675405263900756,0.48803610503673556,2.9450725317001343,10.338172149658204,1091.9628272354603,0.7419803142547607
A_vector_functional_shrunk,A,expert_functional_proxy,independent_vector,up,train,4,258,0.0,0.0,0.0,0.0,0.0,0.0,0.0,1.0
A_vector_functional_shrunk,A,expert_functional_proxy,independent_vector,up,validation,2,135,0.20280300974845886,0.3287101089954376,0.4020828664302826,1.9273752212524413,10.562273025512695,51.917448425292974,2624.9143167734146,0.0
A_vector_functional_shrunk,A,expert_functional_proxy,independent_vector,up,validation,3,135,0.08899177014827728,0.16897670924663544,0.2084147185087204,0.4747645676136017,2.7710320949554443,10.552680969238281,597.0785291790962,0.7429020404815674
A_vector_functional_shrunk,A,expert_functional_proxy,independent_vector,up,validation,4,135,0.0,0.0,0.0,0.0,0.0,0.0,0.0,1.0
B16_g32_cluster_functional,B,expert_functional_proxy,cluster_projection,down,test,2,152,0.293841752409935,0.33223700523376465,0.36483755707740784,0.019410021044313906,0.08871591463685036,7.189120674133301,323.4973179567605,0.0
B16_g32_cluster_functional,B,expert_functional_proxy,cluster_projection,down,test,3,152,0.16460802704095842,0.18521983176469803,0.2002975359559059,0.007050884421914816,0.03599410876631737,2.5239938497543344,108.27677257382311,0.6535986065864563
B16_g32_cluster_functional,B,expert_functional_proxy,cluster_projection,down,test,4,152,0.0,0.0,0.0,0.0,0.0,0.0,0.0,1.0
B16_g32_cluster_functional,B,expert_functional_proxy,cluster_projection,down,train,2,258,0.25636009871959686,0.31596042215824127,0.3544323265552521,0.01858473252505064,0.08539262786507607,7.617499971389774,556.4716861341149,0.0
B16_g32_cluster_functional,B,expert_functional_proxy,cluster_projection,down,train,3,258,0.15213221609592437,0.18080787360668182,0.19546787440776825,0.005987630272284151,0.03576800227165222,2.5957115411758425,189.43602931965142,0.65553879737854
B16_g32_cluster_functional,B,expert_functional_proxy,cluster_projection,down,train,4,258,0.0,0.0,0.0,0.0,0.0,0.0,0.0,1.0
B16_g32_cluster_functional,B,expert_functional_proxy,cluster_projection,down,validation,2,135,0.29265188574790957,0.34420278668403625,0.37424102425575256,0.0230317547917366,0.11323344707489014,9.236459732055666,352.99053002521396,0.0
B16_g32_cluster_functional,B,expert_functional_proxy,cluster_projection,down,validation,3,135,0.1620865911245346,0.18940627574920654,0.20398474037647246,0.007283638790249824,0.03562203049659729,2.534248304367069,105.37700139475055,0.6849565505981445
B16_g32_cluster_functional,B,expert_functional_proxy,cluster_projection,down,validation,4,135,0.0,0.0,0.0,0.0,0.0,0.0,0.0,1.0
B16_g32_cluster_functional,B,expert_functional_proxy,cluster_projection,gate,test,2,152,0.1413114622235298,0.2248421087861061,0.28271412551403047,1.5234719753265382,10.292193412780762,123.38431320190429,5629.692538380623,0.0
B16_g32_cluster_functional,B,expert_functional_proxy,cluster_projection,gate,test,3,152,0.04623577855527401,0.12399664521217346,0.1560271143913269,0.43681894838809965,3.0295939445495605,13.119999408721924,908.7304223775864,0.7203659415245056
B16_g32_cluster_functional,B,expert_functional_proxy,cluster_projection,gate,test,4,152,0.0,0.0,0.0,0.0,0.0,0.0,0.0,1.0
B16_g32_cluster_functional,B,expert_functional_proxy,cluster_projection,gate,train,2,258,0.1411554753780365,0.22157253324985504,0.2827164351940155,1.5418954253196717,10.410934448242188,117.56482238769532,9160.916041612625,0.0
B16_g32_cluster_functional,B,expert_functional_proxy,cluster_projection,gate,train,3,258,0.04512145034968853,0.1229088045656681,0.1581163540482521,0.45657624006271363,3.1999764442443848,12.570954895019531,1525.4134660959244,0.7107895910739899
B16_g32_cluster_functional,B,expert_functional_proxy,cluster_projection,gate,train,4,258,0.0,0.0,0.0,0.0,0.0,0.0,0.0,1.0
B16_g32_cluster_functional,B,expert_functional_proxy,cluster_projection,gate,validation,2,135,0.14166631996631623,0.22400319576263428,0.28226772546768186,1.5505742311477662,9.772445678710938,119.5826293945313,4794.246215641499,0.0
B16_g32_cluster_functional,B,expert_functional_proxy,cluster_projection,gate,validation,3,135,0.04648954346776009,0.12588410079479218,0.1554218828678131,0.46536415815353394,2.999058961868286,12.764171600341797,821.940296292305,0.7234483957290649
B16_g32_cluster_functional,B,expert_functional_proxy,cluster_projection,gate,validation,4,135,0.0,0.0,0.0,0.0,0.0,0.0,0.0,1.0
B16_g32_cluster_functional,B,expert_functional_proxy,cluster_projection,up,test,2,152,0.1695272758603096,0.2906957268714905,0.36922564506530764,1.5795138955116272,8.902572631835938,33.297457504272465,2102.8404228687286,0.0
B16_g32_cluster_functional,B,expert_functional_proxy,cluster_projection,up,test,3,152,0.08954166173934937,0.15851404517889023,0.2040726825594902,0.4407949328422546,2.7514824867248535,9.869538974761964,610.2562080025673,0.7010133266448975
B16_g32_cluster_functional,B,expert_functional_proxy,cluster_projection,up,test,4,152,0.0,0.0,0.0,0.0,0.0,0.0,0.0,1.0
B16_g32_cluster_functional,B,expert_functional_proxy,cluster_projection,up,train,2,258,0.1654845342040062,0.28137174248695374,0.35921514928340914,1.4644611358642579,8.991754055023193,35.26009101867676,3550.6190618276596,0.0
B16_g32_cluster_functional,B,expert_functional_proxy,cluster_projection,up,train,3,258,0.08707112967967987,0.15690124034881592,0.2010103315114975,0.4521584272384644,2.8472084999084473,9.369268417358398,1022.3880486190319,0.6998749375343323
B16_g32_cluster_functional,B,expert_functional_proxy,cluster_projection,up,train,4,258,0.0,0.0,0.0,0.0,0.0,0.0,0.0,1.0
B16_g32_cluster_functional,B,expert_functional_proxy,cluster_projection,up,validation,2,135,0.16066281795501708,0.29788780212402344,0.3655884683132172,1.4902804136276244,8.580009460449219,39.66509399414063,2027.4396142959595,0.0
B16_g32_cluster_functional,B,expert_functional_proxy,cluster_projection,up,validation,3,135,0.08522827476263047,0.1628326177597046,0.20196170806884767,0.4437071025371552,2.6806373596191406,9.913740730285644,566.1094434857368,0.7003622055053711
B16_g32_cluster_functional,B,expert_functional_proxy,cluster_projection,up,validation,4,135,0.0,0.0,0.0,0.0,0.0,0.0,0.0,1.0
B16_g32_expert_functional,B,expert_functional_proxy,expert_projection,down,test,2,152,0.2920883625745773,0.3304850906133652,0.36560750007629395,0.018854312598705292,0.10045057535171509,6.624891710281373,302.4581211078912,0.0
B16_g32_expert_functional,B,expert_functional_proxy,expert_projection,down,test,3,152,0.1621009260416031,0.18657589703798294,0.20178852826356888,0.006096276314929127,0.03322601690888405,2.319020462036134,103.25370607851073,0.6643820106983185
B16_g32_expert_functional,B,expert_functional_proxy,expert_projection,down,test,4,152,0.0,0.0,0.0,0.0,0.0,0.0,0.0,1.0
B16_g32_expert_functional,B,expert_functional_proxy,expert_projection,down,train,2,258,0.2555126488208771,0.31955426931381226,0.3543483763933182,0.016172069869935513,0.08740659058094025,7.202927827835085,562.999613138847,0.0
B16_g32_expert_functional,B,expert_functional_proxy,expert_projection,down,train,3,258,0.14933650940656662,0.18103668838739395,0.19692363142967223,0.0058685425668954854,0.03060154989361763,2.4665328741073616,191.84571777982637,0.6614603102207184
B16_g32_expert_functional,B,expert_functional_proxy,expert_projection,down,train,4,258,0.0,0.0,0.0,0.0,0.0,0.0,0.0,1.0
B16_g32_expert_functional,B,expert_functional_proxy,expert_projection,down,validation,2,135,0.2919585406780243,0.3410080671310425,0.3772686243057251,0.023011700063943864,0.11432816833257675,9.433580589294438,377.39417621679604,0.0
B16_g32_expert_functional,B,expert_functional_proxy,expert_projection,down,validation,3,135,0.16110301911830902,0.189327210187912,0.20354562997817993,0.007145079225301743,0.033274319022893906,2.416896867752077,104.86434554867446,0.7132152318954468
B16_g32_expert_functional,B,expert_functional_proxy,expert_projection,down,validation,4,135,0.0,0.0,0.0,0.0,0.0,0.0,0.0,1.0
B16_g32_expert_functional,B,expert_functional_proxy,expert_projection,gate,test,2,152,0.1120024062693119,0.22377288341522217,0.283483898639679,1.4745411157608033,9.966955184936523,81.42167053222657,4235.320075690746,0.0
B16_g32_expert_functional,B,expert_functional_proxy,expert_projection,gate,test,3,152,0.04348869360983372,0.12104607746005058,0.15365556627511978,0.43895446360111234,2.9500855207443237,12.023872661590577,844.7873985171318,0.7186038494110107
B16_g32_expert_functional,B,expert_functional_proxy,expert_projection,gate,test,4,152,0.0,0.0,0.0,0.0,0.0,0.0,0.0,1.0
B16_g32_expert_functional,B,expert_functional_proxy,expert_projection,gate,train,2,258,0.10881394147872925,0.22172439098358154,0.2785980761051178,1.472718381881714,10.30484390258789,71.52097244262696,6857.589353680611,0.0
B16_g32_expert_functional,B,expert_functional_proxy,expert_projection,gate,train,3,258,0.04163200967013836,0.11796366423368454,0.1565488398075104,0.45747948288917545,3.102473020553589,11.84220495223999,1417.351156592369,0.7104454040527344
B16_g32_expert_functional,B,expert_functional_proxy,expert_projection,gate,train,4,258,0.0,0.0,0.0,0.0,0.0,0.0,0.0,1.0
B16_g32_expert_functional,B,expert_functional_proxy,expert_projection,gate,validation,2,135,0.10965906828641891,0.2233360856771469,0.2780409336090088,1.5468945741653441,9.196990966796875,71.57225646972658,3663.816479444504,0.0
B16_g32_expert_functional,B,expert_functional_proxy,expert_projection,gate,validation,3,135,0.04287096858024597,0.12063046544790268,0.15402585864067078,0.4407594323158264,2.8502554893493652,11.98036231994629,761.1512606143951,0.725044846534729
B16_g32_expert_functional,B,expert_functional_proxy,expert_projection,gate,validation,4,135,0.0,0.0,0.0,0.0,0.0,0.0,0.0,1.0
B16_g32_expert_functional,B,expert_functional_proxy,expert_projection,up,test,2,152,0.16568800806999207,0.28583139181137085,0.36399418115615845,1.353264367580414,9.056682586669922,33.320528793334965,2078.742820382118,0.0
B16_g32_expert_functional,B,expert_functional_proxy,expert_projection,up,test,3,152,0.08350318446755409,0.15715201944112778,0.20327620506286623,0.43676453828811646,2.8611390590667725,9.90202283859253,596.5004317164421,0.6995942294597626
B16_g32_expert_functional,B,expert_functional_proxy,expert_projection,up,test,4,152,0.0,0.0,0.0,0.0,0.0,0.0,0.0,1.0
B16_g32_expert_functional,B,expert_functional_proxy,expert_projection,up,train,2,258,0.165392005443573,0.2823769748210907,0.35994396805763246,1.3462117195129395,8.966826915740967,34.819139099121095,3516.5504308342934,0.0
B16_g32_expert_functional,B,expert_functional_proxy,expert_projection,up,train,3,258,0.08375796675682068,0.15556496381759644,0.20048526674509048,0.435726261138916,2.828726291656494,9.342768573760987,995.3281887769699,0.7020712494850159
B16_g32_expert_functional,B,expert_functional_proxy,expert_projection,up,train,4,258,0.0,0.0,0.0,0.0,0.0,0.0,0.0,1.0
B16_g32_expert_functional,B,expert_functional_proxy,expert_projection,up,validation,2,135,0.1604255646467209,0.2952451705932617,0.3691492915153504,1.2980009078979493,8.86203384399414,39.33683776855469,2019.0104355812073,0.0
B16_g32_expert_functional,B,expert_functional_proxy,expert_projection,up,validation,3,135,0.07901445478200912,0.1591666042804718,0.20136264264583587,0.4174354553222656,2.7007765769958496,10.15295524597168,552.798118263483,0.7088712453842163
B16_g32_expert_functional,B,expert_functional_proxy,expert_projection,up,validation,4,135,0.0,0.0,0.0,0.0,0.0,0.0,0.0,1.0
B16_g32_global_activation,B,activation_projection,global_projection,down,test,2,152,0.2943637818098068,0.33617542684078217,0.3700330317020416,0.01760733332484961,0.10203490033745766,8.479334831237797,334.9086289508268,0.0
B16_g32_global_activation,B,activation_projection,global_projection,down,test,3,152,0.1730487108230591,0.19705037027597427,0.21282217800617217,0.006884479662403464,0.03759361058473587,3.0412437677383437,123.01221476588398,0.6289868354797363
B16_g32_global_activation,B,activation_projection,global_projection,down,test,4,152,0.0,0.0,0.0,0.0,0.0,0.0,0.0,1.0
B16_g32_global_activation,B,activation_projection,global_projection,down,train,2,258,0.2591446667909622,0.32203350961208344,0.35757491290569304,0.019342825934290885,0.09240303933620453,7.614559888839725,565.081785756629,0.0
B16_g32_global_activation,B,activation_projection,global_projection,down,train,3,258,0.15885291993618011,0.19360026717185974,0.21019767075777054,0.006783305574208498,0.03346692584455013,2.982979440689089,213.13461558427662,0.614580899477005
B16_g32_global_activation,B,activation_projection,global_projection,down,train,4,258,0.0,0.0,0.0,0.0,0.0,0.0,0.0,1.0
B16_g32_global_activation,B,activation_projection,global_projection,down,validation,2,135,0.2966211915016174,0.3463769853115082,0.381070077419281,0.02223678007721901,0.11497243493795395,9.098221969604493,387.8074007509276,0.0
B16_g32_global_activation,B,activation_projection,global_projection,down,validation,3,135,0.17307302951812745,0.20189182460308075,0.21617768108844757,0.007811549305915833,0.03371065855026245,2.937975978851323,111.8538258310873,0.6698876619338989
B16_g32_global_activation,B,activation_projection,global_projection,down,validation,4,135,0.0,0.0,0.0,0.0,0.0,0.0,0.0,1.0
B16_g32_global_activation,B,activation_projection,global_projection,gate,test,2,152,0.10621878579258918,0.22200798988342285,0.2803100198507309,1.3955493330955506,10.161279201507568,71.96205978393556,3973.546854019165,0.0
B16_g32_global_activation,B,activation_projection,global_projection,gate,test,3,152,0.042591269314289096,0.12209470942616463,0.15834705531597137,0.4600224196910858,3.177112579345703,12.02177495956421,852.5655727982521,0.7092629671096802
B16_g32_global_activation,B,activation_projection,global_projection,gate,test,4,152,0.0,0.0,0.0,0.0,0.0,0.0,0.0,1.0
B16_g32_global_activation,B,activation_projection,global_projection,gate,train,2,258,0.10178169161081314,0.22008460760116577,0.2795458108186722,1.3188236236572266,10.448177337646484,64.94064178466797,6490.0371832847595,0.0
B16_g32_global_activation,B,activation_projection,global_projection,gate,train,3,258,0.04105548709630966,0.12169672921299934,0.15964751690626147,0.47611867487430576,3.232546091079712,11.73959493637085,1439.796280413866,0.7018035054206848
B16_g32_global_activation,B,activation_projection,global_projection,gate,train,4,258,0.0,0.0,0.0,0.0,0.0,0.0,0.0,1.0
B16_g32_global_activation,B,activation_projection,global_projection,gate,validation,2,135,0.1090989887714386,0.22219908237457275,0.2781636297702789,1.4175330638885497,9.63306713104248,69.40151824951177,3518.018578529358,0.0
B16_g32_global_activation,B,activation_projection,global_projection,gate,validation,3,135,0.043088389188051225,0.12416825443506241,0.15593500435352325,0.4542741537094116,3.1519908905029297,12.042327308654786,776.6633858680725,0.710554838180542
B16_g32_global_activation,B,activation_projection,global_projection,gate,validation,4,135,0.0,0.0,0.0,0.0,0.0,0.0,0.0,1.0
B16_g32_global_activation,B,activation_projection,global_projection,up,test,2,152,0.16724766343832015,0.2845747768878937,0.3623859345912933,1.450214946269989,8.703285694122314,33.64458084106445,2077.1059000492096,0.0
B16_g32_global_activation,B,activation_projection,global_projection,up,test,3,152,0.09033055230975151,0.15640410035848618,0.20259564071893693,0.42684953510761264,2.8072614669799805,9.943293476104737,612.7583430111408,0.694976270198822
B16_g32_global_activation,B,activation_projection,global_projection,up,test,4,152,0.0,0.0,0.0,0.0,0.0,0.0,0.0,1.0
B16_g32_global_activation,B,activation_projection,global_projection,up,train,2,258,0.16495410799980165,0.280891090631485,0.35712726712226867,1.4765305042266847,8.80861759185791,34.465003204345706,3524.364810228348,0.0
B16_g32_global_activation,B,activation_projection,global_projection,up,train,3,258,0.08740596920251846,0.1571418046951294,0.2003104865550995,0.4478741317987442,2.769793391227722,9.599277687072755,1032.7508138418198,0.6943699717521667
B16_g32_global_activation,B,activation_projection,global_projection,up,train,4,258,0.0,0.0,0.0,0.0,0.0,0.0,0.0,1.0
B16_g32_global_activation,B,activation_projection,global_projection,up,validation,2,135,0.16173769235610963,0.29087984561920166,0.3645887792110443,1.446763849258423,7.986146926879883,40.61689605712891,2022.0285614728928,0.0
B16_g32_global_activation,B,activation_projection,global_projection,up,validation,3,135,0.08672158867120743,0.16017070412635803,0.19873898029327394,0.4299663543701172,2.567953109741211,10.333313179016114,570.9869877099991,0.6991208791732788
B16_g32_global_activation,B,activation_projection,global_projection,up,validation,4,135,0.0,0.0,0.0,0.0,0.0,0.0,0.0,1.0
B16_g32_global_functional,B,expert_functional_proxy,global_projection,down,test,2,152,0.29561361074447634,0.33528463542461395,0.3705880969762802,0.020299176312983037,0.10113256797194481,8.083991956710816,315.04662329051644,0.0
B16_g32_global_functional,B,expert_functional_proxy,global_projection,down,test,3,152,0.17589214444160461,0.19932962954044342,0.21366437822580336,0.0073181434068828825,0.04451950266957283,3.0736417531967186,133.41937984433025,0.625869631767273
B16_g32_global_functional,B,expert_functional_proxy,global_projection,down,test,4,152,0.0,0.0,0.0,0.0,0.0,0.0,0.0,1.0
B16_g32_global_functional,B,expert_functional_proxy,global_projection,down,train,2,258,0.25990907549858094,0.32277895510196686,0.3622546076774597,0.018931258469820023,0.09088609740138054,7.540433216094979,534.0899862595834,0.0
B16_g32_global_functional,B,expert_functional_proxy,global_projection,down,train,3,258,0.15803731381893157,0.1936057209968567,0.21186776459217072,0.007470076205208898,0.040275078266859055,2.9163676977157595,206.80083285062574,0.621410459280014
B16_g32_global_functional,B,expert_functional_proxy,global_projection,down,train,4,258,0.0,0.0,0.0,0.0,0.0,0.0,0.0,1.0
B16_g32_global_functional,B,expert_functional_proxy,global_projection,down,validation,2,135,0.29657326340675355,0.34725871682167053,0.379592102766037,0.024014517664909363,0.12705841660499573,9.492972946166997,336.18227884126827,0.0
B16_g32_global_functional,B,expert_functional_proxy,global_projection,down,validation,3,135,0.17385302484035492,0.20048946142196655,0.2158062279224396,0.00707241827622056,0.037875041365623474,2.691616010665894,111.40585127915256,0.6707813739776611
B16_g32_global_functional,B,expert_functional_proxy,global_projection,down,validation,4,135,0.0,0.0,0.0,0.0,0.0,0.0,0.0,1.0
B16_g32_global_functional,B,expert_functional_proxy,global_projection,gate,test,2,152,0.13295493721961976,0.22939278185367584,0.28439816236495974,1.5226733684539795,10.142313957214355,99.33312225341797,4883.737053871155,0.0
B16_g32_global_functional,B,expert_functional_proxy,global_projection,gate,test,3,152,0.04307481609284878,0.12392514944076538,0.15899274498224258,0.45234256982803345,3.138458728790283,11.646023559570313,859.5636923611164,0.7161480486392975
B16_g32_global_functional,B,expert_functional_proxy,global_projection,gate,test,4,152,0.0,0.0,0.0,0.0,0.0,0.0,0.0,1.0
B16_g32_global_functional,B,expert_functional_proxy,global_projection,gate,train,2,258,0.12875772416591644,0.2245406210422516,0.28479168117046355,1.5532132387161255,10.450422763824463,91.72153778076172,7912.493483781815,0.0
B16_g32_global_functional,B,expert_functional_proxy,global_projection,gate,train,3,258,0.04168079346418381,0.1240602433681488,0.16002394258975983,0.47209242880344393,3.2274168729782104,11.450000095367434,1458.3555533587933,0.7062759101390839
B16_g32_global_functional,B,expert_functional_proxy,global_projection,gate,train,4,258,0.0,0.0,0.0,0.0,0.0,0.0,0.0,1.0
B16_g32_global_functional,B,expert_functional_proxy,global_projection,gate,validation,2,135,0.130713614821434,0.2236538827419281,0.2848599851131439,1.5403595924377442,9.816940307617188,94.85306396484376,4125.113216996193,0.0
B16_g32_global_functional,B,expert_functional_proxy,global_projection,gate,validation,3,135,0.04296801686286926,0.1266024112701416,0.1558047890663147,0.46559937596321105,3.122368574142456,11.61310501098633,777.561333656311,0.7160323858261108
B16_g32_global_functional,B,expert_functional_proxy,global_projection,gate,validation,4,135,0.0,0.0,0.0,0.0,0.0,0.0,0.0,1.0
B16_g32_global_functional,B,expert_functional_proxy,global_projection,up,test,2,152,0.16610972583293915,0.2904837876558304,0.3674182057380676,1.5435410499572755,9.001396179199219,34.30606307983398,2116.099414229393,0.0
B16_g32_global_functional,B,expert_functional_proxy,global_projection,up,test,3,152,0.09060138463973999,0.16295481473207474,0.20399628430604935,0.4505007803440094,2.956793427467346,10.354968261718751,630.3886153101921,0.6954335570335388
B16_g32_global_functional,B,expert_functional_proxy,global_projection,up,test,4,152,0.0,0.0,0.0,0.0,0.0,0.0,0.0,1.0
B16_g32_global_functional,B,expert_functional_proxy,global_projection,up,train,2,258,0.16500955820083618,0.28625182807445526,0.3594773530960083,1.5043021678924562,9.00912857055664,35.18788223266602,3563.848581671715,0.0
B16_g32_global_functional,B,expert_functional_proxy,global_projection,up,train,3,258,0.08882720619440079,0.16256804019212723,0.20105254501104355,0.45564914345741275,2.952214241027832,9.672078609466555,1056.4302099645138,0.6972056031227112
B16_g32_global_functional,B,expert_functional_proxy,global_projection,up,train,4,258,0.0,0.0,0.0,0.0,0.0,0.0,0.0,1.0
B16_g32_global_functional,B,expert_functional_proxy,global_projection,up,validation,2,135,0.16123417615890503,0.2961266040802002,0.3627482056617737,1.547409749031067,8.819917678833008,39.93463897705078,2046.2275399565697,0.0
B16_g32_global_functional,B,expert_functional_proxy,global_projection,up,validation,3,135,0.08731856644153595,0.16467508673667908,0.20022599995136262,0.44727887511253356,2.929274082183838,10.364555740356446,580.9042660593987,0.7010079622268677
B16_g32_global_functional,B,expert_functional_proxy,global_projection,up,validation,4,135,0.0,0.0,0.0,0.0,0.0,0.0,0.0,1.0
B16_g32_global_functional_eps_0p0,B,expert_functional_proxy,global_projection,down,test,2,152,0.29303584396839144,0.33451612293720245,0.3719668984413147,0.019661237671971324,0.10718434303998947,7.190154027938843,342.6267224531621,0.0
B16_g32_global_functional_eps_0p0,B,expert_functional_proxy,global_projection,down,test,3,152,0.17448509037494658,0.1986972838640213,0.21338362842798234,0.007178790634498,0.037823984399437904,2.6969866275787355,121.15125720528886,0.6396309733390808
B16_g32_global_functional_eps_0p0,B,expert_functional_proxy,global_projection,down,test,4,152,0.0,0.0,0.0,0.0,0.0,0.0,0.0,1.0
B16_g32_global_functional_eps_0p0,B,expert_functional_proxy,global_projection,down,train,2,258,0.25765625238418577,0.3200255036354065,0.359730064868927,0.01929709706455469,0.08741739019751549,7.376412296295167,566.3673136392608,0.0
B16_g32_global_functional_eps_0p0,B,expert_functional_proxy,global_projection,down,train,3,258,0.15839875489473343,0.19339191913604736,0.21148632019758223,0.006877416139468551,0.03734130971133709,2.792627835273744,201.310432695318,0.6378747820854187
B16_g32_global_functional_eps_0p0,B,expert_functional_proxy,global_projection,down,train,4,258,0.0,0.0,0.0,0.0,0.0,0.0,0.0,1.0
B16_g32_global_functional_eps_0p0,B,expert_functional_proxy,global_projection,down,validation,2,135,0.29641964435577395,0.34682077169418335,0.38008366227149964,0.023351629823446275,0.10479254275560379,9.800572776794436,394.24608499277383,0.0
B16_g32_global_functional_eps_0p0,B,expert_functional_proxy,global_projection,down,validation,3,135,0.17515395879745482,0.20266763865947723,0.2166710764169693,0.007164378184825182,0.03700271621346474,2.9014368057250985,112.76025801780634,0.6890566349029541
B16_g32_global_functional_eps_0p0,B,expert_functional_proxy,global_projection,down,validation,4,135,0.0,0.0,0.0,0.0,0.0,0.0,0.0,1.0
B16_g32_global_functional_eps_0p0,B,expert_functional_proxy,global_projection,gate,test,2,152,0.13069697916507722,0.2267073392868042,0.2869794756174088,1.596440029144287,10.462507724761963,96.26389389038086,4741.414625048637,0.0
B16_g32_global_functional_eps_0p0,B,expert_functional_proxy,global_projection,gate,test,3,152,0.043277497962117197,0.12561693787574768,0.1602431669831276,0.4672294467687607,3.0880119800567627,11.828521251678467,867.5553578436375,0.714020699262619
B16_g32_global_functional_eps_0p0,B,expert_functional_proxy,global_projection,gate,test,4,152,0.0,0.0,0.0,0.0,0.0,0.0,0.0,1.0
B16_g32_global_functional_eps_0p0,B,expert_functional_proxy,global_projection,gate,train,2,258,0.12535974979400635,0.2236640602350235,0.2863122820854187,1.6370320081710816,10.430585384368896,88.49407806396485,7687.400110244751,0.0
B16_g32_global_functional_eps_0p0,B,expert_functional_proxy,global_projection,gate,train,3,258,0.04221602044999599,0.12539511173963547,0.16019438207149506,0.5011197745800019,3.2449848651885986,11.559053421020508,1470.9541172981262,0.7072117924690247
B16_g32_global_functional_eps_0p0,B,expert_functional_proxy,global_projection,gate,train,4,258,0.0,0.0,0.0,0.0,0.0,0.0,0.0,1.0
B16_g32_global_functional_eps_0p0,B,expert_functional_proxy,global_projection,gate,validation,2,135,0.12791960537433625,0.22538496553897858,0.2826691746711731,1.6264949321746827,9.845096588134766,90.67942047119142,4089.9173218011856,0.0
B16_g32_global_functional_eps_0p0,B,expert_functional_proxy,global_projection,gate,validation,3,135,0.04365666210651398,0.12688559293746948,0.15662394762039186,0.48070415258407595,2.994847297668457,11.864616012573242,793.3308835327625,0.714031457901001
B16_g32_global_functional_eps_0p0,B,expert_functional_proxy,global_projection,gate,validation,4,135,0.0,0.0,0.0,0.0,0.0,0.0,0.0,1.0
B16_g32_global_functional_eps_0p0,B,expert_functional_proxy,global_projection,up,test,2,152,0.16318129897117614,0.2886369228363037,0.3654296427965164,1.556935977935791,9.07700490951538,32.96186981201172,2092.4606051445007,0.0
B16_g32_global_functional_eps_0p0,B,expert_functional_proxy,global_projection,up,test,3,152,0.08985335752367973,0.16030750423669815,0.20618201196193695,0.4534051150083542,2.804449200630188,10.058449172973633,621.3390655815601,0.6946071684360504
B16_g32_global_functional_eps_0p0,B,expert_functional_proxy,global_projection,up,test,4,152,0.0,0.0,0.0,0.0,0.0,0.0,0.0,1.0
B16_g32_global_functional_eps_0p0,B,expert_functional_proxy,global_projection,up,train,2,258,0.1655055359005928,0.2834145724773407,0.3570272624492645,1.4817013502120973,9.069247722625732,35.575798797607426,3555.088379204273,0.0
B16_g32_global_functional_eps_0p0,B,expert_functional_proxy,global_projection,up,train,3,258,0.08787573650479318,0.15934612601995468,0.20046646595001222,0.45702064037323,2.845529317855835,9.697032260894776,1035.0841083526611,0.6973364353179932
B16_g32_global_functional_eps_0p0,B,expert_functional_proxy,global_projection,up,train,4,258,0.0,0.0,0.0,0.0,0.0,0.0,0.0,1.0
B16_g32_global_functional_eps_0p0,B,expert_functional_proxy,global_projection,up,validation,2,135,0.16055695414543153,0.29499393701553345,0.36713617444038393,1.426275610923767,8.870561599731445,39.973468780517585,2021.501837849617,0.0
B16_g32_global_functional_eps_0p0,B,expert_functional_proxy,global_projection,up,validation,3,135,0.08623269051313401,0.16319632530212402,0.20193187594413758,0.4451673448085785,2.736901044845581,10.07358169555664,568.8138688802719,0.699851393699646
B16_g32_global_functional_eps_0p0,B,expert_functional_proxy,global_projection,up,validation,4,135,0.0,0.0,0.0,0.0,0.0,0.0,0.0,1.0
B16_g32_global_functional_eps_0p001,B,expert_functional_proxy,global_projection,down,test,2,152,0.29604576528072357,0.33737701177597046,0.3700715690851212,0.019327548146247864,0.09384987130761147,6.727689266204835,324.12623678240925,0.0
B16_g32_global_functional_eps_0p001,B,expert_functional_proxy,global_projection,down,test,3,152,0.17460662871599197,0.1986374482512474,0.21309274584054946,0.0074000868014991285,0.04553880915045738,2.8542483091354383,122.54458428407088,0.6395890414714813
B16_g32_global_functional_eps_0p001,B,expert_functional_proxy,global_projection,down,test,4,152,0.0,0.0,0.0,0.0,0.0,0.0,0.0,1.0
B16_g32_global_functional_eps_0p001,B,expert_functional_proxy,global_projection,down,train,2,258,0.26187320947647097,0.3193267434835434,0.3596978962421417,0.01880281437188387,0.08565729111433029,7.2377341270446784,555.0347573589534,0.0
B16_g32_global_functional_eps_0p001,B,expert_functional_proxy,global_projection,down,train,3,258,0.15982404798269273,0.19419054687023163,0.21083822548389436,0.006846218509599567,0.04319984093308449,2.600546550750734,200.01822408777662,0.6193629503250122
B16_g32_global_functional_eps_0p001,B,expert_functional_proxy,global_projection,down,train,4,258,0.0,0.0,0.0,0.0,0.0,0.0,0.0,1.0
B16_g32_global_functional_eps_0p001,B,expert_functional_proxy,global_projection,down,validation,2,135,0.29776946306228635,0.34757089614868164,0.3796117901802063,0.0241967111825943,0.10515198111534119,9.692356872558598,387.68804857786745,0.0
B16_g32_global_functional_eps_0p001,B,expert_functional_proxy,global_projection,down,validation,3,135,0.1735425353050232,0.20029178261756897,0.21575476825237275,0.007731219381093979,0.04217682033777237,2.8578706264495852,116.60741863492876,0.6707153916358948
B16_g32_global_functional_eps_0p001,B,expert_functional_proxy,global_projection,down,validation,4,135,0.0,0.0,0.0,0.0,0.0,0.0,0.0,1.0
B16_g32_global_functional_eps_0p001,B,expert_functional_proxy,global_projection,gate,test,2,152,0.13995256870985032,0.2253362536430359,0.28643312454223635,1.554814350605011,10.714300155639648,126.4584655761719,5565.028467535973,0.0
B16_g32_global_functional_eps_0p001,B,expert_functional_proxy,global_projection,gate,test,3,152,0.04530560523271561,0.12590423971414566,0.15912937223911286,0.46076629459857943,3.194826126098633,12.845378589630128,908.5045790374279,0.7143594920635223
B16_g32_global_functional_eps_0p001,B,expert_functional_proxy,global_projection,gate,test,4,152,0.0,0.0,0.0,0.0,0.0,0.0,0.0,1.0
B16_g32_global_functional_eps_0p001,B,expert_functional_proxy,global_projection,gate,train,2,258,0.13884402811527252,0.22556963562965393,0.28278142511844634,1.5935335516929627,10.669382572174072,112.01419067382812,8921.057517886162,0.0
B16_g32_global_functional_eps_0p001,B,expert_functional_proxy,global_projection,gate,train,3,258,0.0442536260932684,0.12498408555984497,0.1606444522738457,0.49604506492614747,3.2797203063964844,12.202888870239258,1524.593349546194,0.7087943851947784
B16_g32_global_functional_eps_0p001,B,expert_functional_proxy,global_projection,gate,train,4,258,0.0,0.0,0.0,0.0,0.0,0.0,0.0,1.0
B16_g32_global_functional_eps_0p001,B,expert_functional_proxy,global_projection,gate,validation,2,135,0.13920110762119292,0.22905878722667694,0.2839051067829132,1.5955822229385377,9.941387176513672,116.49026489257814,4678.690138578415,0.0
B16_g32_global_functional_eps_0p001,B,expert_functional_proxy,global_projection,gate,validation,3,135,0.04607158526778221,0.12922778725624084,0.15779646933078767,0.48263370990753174,3.169370651245117,12.604404449462892,820.9033744931221,0.7168844938278198
B16_g32_global_functional_eps_0p001,B,expert_functional_proxy,global_projection,gate,validation,4,135,0.0,0.0,0.0,0.0,0.0,0.0,0.0,1.0
B16_g32_global_functional_eps_0p001,B,expert_functional_proxy,global_projection,up,test,2,152,0.1704452157020569,0.29029227793216705,0.37005181014537813,1.5167224526405336,8.91218090057373,34.900630950927734,2134.009815454483,0.0
B16_g32_global_functional_eps_0p001,B,expert_functional_proxy,global_projection,up,test,3,152,0.09158599078655243,0.15914303064346313,0.2067131668329239,0.45816460251808167,2.8768770694732666,10.231821060180666,628.8496328890324,0.6960824131965637
B16_g32_global_functional_eps_0p001,B,expert_functional_proxy,global_projection,up,test,4,152,0.0,0.0,0.0,0.0,0.0,0.0,0.0,1.0
B16_g32_global_functional_eps_0p001,B,expert_functional_proxy,global_projection,up,train,2,258,0.1657327815890312,0.2846909761428833,0.3584642201662064,1.4697606921195985,9.029984474182129,35.59804420471191,3577.4766444563866,0.0
B16_g32_global_functional_eps_0p001,B,expert_functional_proxy,global_projection,up,train,3,258,0.08791311234235763,0.1583615094423294,0.2014837220311165,0.43233424723148345,2.826808452606201,9.719844722747803,1047.3988467752934,0.6966273784637451
B16_g32_global_functional_eps_0p001,B,expert_functional_proxy,global_projection,up,train,4,258,0.0,0.0,0.0,0.0,0.0,0.0,0.0,1.0
B16_g32_global_functional_eps_0p001,B,expert_functional_proxy,global_projection,up,validation,2,135,0.16182860732078552,0.2982391119003296,0.36510289907455445,1.4650235652923584,8.522653579711914,39.90106964111328,2049.529170393944,0.0
B16_g32_global_functional_eps_0p001,B,expert_functional_proxy,global_projection,up,validation,3,135,0.0881192371249199,0.16217462718486786,0.2012863874435425,0.4354964792728424,2.6842942237854004,10.56935272216797,582.8915841281414,0.7012940049171448
B16_g32_global_functional_eps_0p001,B,expert_functional_proxy,global_projection,up,validation,4,135,0.0,0.0,0.0,0.0,0.0,0.0,0.0,1.0
B16_g32_global_functional_eps_0p0025,B,expert_functional_proxy,global_projection,down,test,2,152,0.29131571650505067,0.335396870970726,0.37000291645526884,0.02097860649228096,0.10646070912480354,7.630714702606207,321.07138704229146,0.0
B16_g32_global_functional_eps_0p0025,B,expert_functional_proxy,global_projection,down,test,3,152,0.17541764974594115,0.19903682172298431,0.21354201138019563,0.0075808763038367035,0.04180174879729748,3.1822588205337534,135.53705855761655,0.6130887269973755
B16_g32_global_functional_eps_0p0025,B,expert_functional_proxy,global_projection,down,test,4,152,0.0,0.0,0.0,0.0,0.0,0.0,0.0,1.0
B16_g32_global_functional_eps_0p0025,B,expert_functional_proxy,global_projection,down,train,2,258,0.26053405404090885,0.3203331083059311,0.3595459371805191,0.018878524377942085,0.09084135293960571,6.757717084884645,527.8705063886009,0.0
B16_g32_global_functional_eps_0p0025,B,expert_functional_proxy,global_projection,down,train,3,258,0.15905123502016066,0.19382596015930176,0.21075332909822464,0.007229482103139162,0.040892455726861954,2.754862308502198,197.00125939934514,0.6133823394775391
B16_g32_global_functional_eps_0p0025,B,expert_functional_proxy,global_projection,down,train,4,258,0.0,0.0,0.0,0.0,0.0,0.0,0.0,1.0
B16_g32_global_functional_eps_0p0025,B,expert_functional_proxy,global_projection,down,validation,2,135,0.29428918957710265,0.3465561270713806,0.38086023926734924,0.02304009199142456,0.11495844274759293,8.50053310394288,348.89089068956673,0.0
B16_g32_global_functional_eps_0p0025,B,expert_functional_proxy,global_projection,down,validation,3,135,0.1732795685529709,0.20090614259243011,0.21685243248939515,0.008373848162591457,0.041784465312957764,2.520774698257447,109.46277962112799,0.677466630935669
B16_g32_global_functional_eps_0p0025,B,expert_functional_proxy,global_projection,down,validation,4,135,0.0,0.0,0.0,0.0,0.0,0.0,0.0,1.0
B16_g32_global_functional_eps_0p0025,B,expert_functional_proxy,global_projection,gate,test,2,152,0.13115020096302032,0.2286238968372345,0.28569825291633605,1.5518354773521423,10.033320903778076,97.823046875,4791.4064791202545,0.0
B16_g32_global_functional_eps_0p0025,B,expert_functional_proxy,global_projection,gate,test,3,152,0.04318324141204357,0.12576600164175034,0.1578112557530403,0.4432719796895981,3.05821692943573,12.001026821136476,866.2518148124218,0.7137696743011475
B16_g32_global_functional_eps_0p0025,B,expert_functional_proxy,global_projection,gate,test,4,152,0.0,0.0,0.0,0.0,0.0,0.0,0.0,1.0
B16_g32_global_functional_eps_0p0025,B,expert_functional_proxy,global_projection,gate,train,2,258,0.1261988639831543,0.22387118637561798,0.2850111395120621,1.59465891122818,10.46414566040039,90.58209609985353,7814.12660741806,0.0
B16_g32_global_functional_eps_0p0025,B,expert_functional_proxy,global_projection,gate,train,3,258,0.04203325435519219,0.1244945116341114,0.16001231372356417,0.4708735942840577,3.3429137468338013,11.672830200195314,1467.2883174717426,0.7051730453968048
B16_g32_global_functional_eps_0p0025,B,expert_functional_proxy,global_projection,gate,train,4,258,0.0,0.0,0.0,0.0,0.0,0.0,0.0,1.0
B16_g32_global_functional_eps_0p0025,B,expert_functional_proxy,global_projection,gate,validation,2,135,0.12932250797748565,0.22436444461345673,0.2855602979660034,1.5922016620635986,9.774154663085938,92.65745849609378,4116.279473125935,0.0
B16_g32_global_functional_eps_0p0025,B,expert_functional_proxy,global_projection,gate,validation,3,135,0.04395043104887009,0.12582778930664062,0.1558909058570862,0.4801399052143097,3.005798816680908,11.904541778564454,787.7200946807861,0.7169968485832214
B16_g32_global_functional_eps_0p0025,B,expert_functional_proxy,global_projection,gate,validation,4,135,0.0,0.0,0.0,0.0,0.0,0.0,0.0,1.0
B16_g32_global_functional_eps_0p0025,B,expert_functional_proxy,global_projection,up,test,2,152,0.16642635613679885,0.290919229388237,0.3682496190071106,1.5436922550201415,8.983812808990479,34.310755538940434,2112.247752428055,0.0
B16_g32_global_functional_eps_0p0025,B,expert_functional_proxy,global_projection,up,test,3,152,0.09049413502216339,0.1597583368420601,0.2054397240281105,0.4611514240503311,2.8435654640197754,9.972405815124512,621.6135346293449,0.696107029914856
B16_g32_global_functional_eps_0p0025,B,expert_functional_proxy,global_projection,up,test,4,152,0.0,0.0,0.0,0.0,0.0,0.0,0.0,1.0
B16_g32_global_functional_eps_0p0025,B,expert_functional_proxy,global_projection,up,train,2,258,0.16766226440668106,0.2839197516441345,0.35921269059181216,1.494806182384491,8.981276512145996,35.71509132385254,3592.3016986250877,0.0
B16_g32_global_functional_eps_0p0025,B,expert_functional_proxy,global_projection,up,train,3,258,0.08894319757819176,0.15804719924926758,0.200680410861969,0.44917276203632356,2.839462995529175,9.820893287658691,1046.7756588459015,0.6978572010993958
B16_g32_global_functional_eps_0p0025,B,expert_functional_proxy,global_projection,up,train,4,258,0.0,0.0,0.0,0.0,0.0,0.0,0.0,1.0
B16_g32_global_functional_eps_0p0025,B,expert_functional_proxy,global_projection,up,validation,2,135,0.1617427498102188,0.2959563136100769,0.36147628426551826,1.4402584075927733,8.582657814025879,40.34554901123047,2053.090416431427,0.0
B16_g32_global_functional_eps_0p0025,B,expert_functional_proxy,global_projection,up,validation,3,135,0.08776637315750122,0.16283373534679413,0.20167964100837707,0.434013819694519,2.693051815032959,10.31274814605713,579.359673589468,0.7002729177474976
B16_g32_global_functional_eps_0p0025,B,expert_functional_proxy,global_projection,up,validation,4,135,0.0,0.0,0.0,0.0,0.0,0.0,0.0,1.0
B16_g32_global_functional_eps_0p01,B,expert_functional_proxy,global_projection,down,test,2,152,0.29534901678562164,0.3361029028892517,0.3719247609376907,0.019289306923747064,0.09874880313873291,7.148453569412232,311.56451494339854,0.0
B16_g32_global_functional_eps_0p01,B,expert_functional_proxy,global_projection,down,test,3,152,0.17283687591552735,0.19797991961240768,0.21418553292751313,0.006916921818628907,0.04249122738838196,2.9757750988006597,122.10958039527759,0.6268597543239594
B16_g32_global_functional_eps_0p01,B,expert_functional_proxy,global_projection,down,test,4,152,0.0,0.0,0.0,0.0,0.0,0.0,0.0,1.0
B16_g32_global_functional_eps_0p01,B,expert_functional_proxy,global_projection,down,train,2,258,0.26093590855598453,0.3222315311431885,0.36093983948230746,0.019987675175070763,0.09384868294000626,6.728356742858888,528.0379353715107,0.0
B16_g32_global_functional_eps_0p01,B,expert_functional_proxy,global_projection,down,train,3,258,0.1588251620531082,0.1930495724081993,0.21087959110736848,0.0070605031214654446,0.04167347773909569,2.655541992187501,196.2890164165292,0.6270638108253479
B16_g32_global_functional_eps_0p01,B,expert_functional_proxy,global_projection,down,train,4,258,0.0,0.0,0.0,0.0,0.0,0.0,0.0,1.0
B16_g32_global_functional_eps_0p01,B,expert_functional_proxy,global_projection,down,validation,2,135,0.29738351702690125,0.3495174050331116,0.38103995323181156,0.024584251642227172,0.11910977959632874,7.782258033752441,346.7624040376395,0.0
B16_g32_global_functional_eps_0p01,B,expert_functional_proxy,global_projection,down,validation,3,135,0.17243948578834534,0.20151646435260773,0.21497075259685516,0.007674793060868978,0.04142177850008011,2.450074768066408,109.81548103014939,0.6834114789962769
B16_g32_global_functional_eps_0p01,B,expert_functional_proxy,global_projection,down,validation,4,135,0.0,0.0,0.0,0.0,0.0,0.0,0.0,1.0
B16_g32_global_functional_eps_0p01,B,expert_functional_proxy,global_projection,gate,test,2,152,0.13342146575450897,0.22400185465812683,0.2850237816572189,1.58587543964386,9.939168453216553,100.11256256103516,4884.971568822861,0.0
B16_g32_global_functional_eps_0p01,B,expert_functional_proxy,global_projection,gate,test,3,152,0.04324823208153248,0.12401673197746277,0.15609417259693145,0.4570190191268921,3.07750928401947,11.882847976684571,856.7912630140781,0.7149620950222015
B16_g32_global_functional_eps_0p01,B,expert_functional_proxy,global_projection,gate,test,4,152,0.0,0.0,0.0,0.0,0.0,0.0,0.0,1.0
B16_g32_global_functional_eps_0p01,B,expert_functional_proxy,global_projection,gate,train,2,258,0.1298419326543808,0.22163008898496628,0.2846312433481216,1.5704063534736634,10.370709419250488,95.19535293579104,8036.720600306988,0.0
B16_g32_global_functional_eps_0p01,B,expert_functional_proxy,global_projection,gate,train,3,258,0.04149963520467281,0.12240471690893173,0.16034042388200762,0.5026015520095826,3.279458999633789,11.465465354919434,1452.042453944683,0.7077211141586304
B16_g32_global_functional_eps_0p01,B,expert_functional_proxy,global_projection,gate,train,4,258,0.0,0.0,0.0,0.0,0.0,0.0,0.0,1.0
B16_g32_global_functional_eps_0p01,B,expert_functional_proxy,global_projection,gate,validation,2,135,0.13108079731464387,0.22345417737960815,0.2843052685260773,1.5585454463958741,9.580376625061035,96.82044982910158,4188.376593112946,0.0
B16_g32_global_functional_eps_0p01,B,expert_functional_proxy,global_projection,gate,validation,3,135,0.04292234405875206,0.12605448067188263,0.15482084751129152,0.47565890550613404,2.9633264541625977,11.526837730407715,777.1338393092155,0.7162367105484009
B16_g32_global_functional_eps_0p01,B,expert_functional_proxy,global_projection,gate,validation,4,135,0.0,0.0,0.0,0.0,0.0,0.0,0.0,1.0
B16_g32_global_functional_eps_0p01,B,expert_functional_proxy,global_projection,up,test,2,152,0.16627222299575806,0.28857582807540894,0.37178149819374084,1.5437595129013062,9.043227672576904,34.31048431396484,2107.0675671100616,0.0
B16_g32_global_functional_eps_0p01,B,expert_functional_proxy,global_projection,up,test,3,152,0.09033779129385948,0.15971175581216812,0.20503720790147784,0.45234322845935826,2.7883554697036743,10.086443328857422,616.4031665027142,0.6982827186584473
B16_g32_global_functional_eps_0p01,B,expert_functional_proxy,global_projection,up,test,4,152,0.0,0.0,0.0,0.0,0.0,0.0,0.0,1.0
B16_g32_global_functional_eps_0p01,B,expert_functional_proxy,global_projection,up,train,2,258,0.1666103795170784,0.28540919721126556,0.3575512558221817,1.4569434642791748,9.031933307647705,36.198036956787114,3588.7312826514244,0.0
B16_g32_global_functional_eps_0p01,B,expert_functional_proxy,global_projection,up,train,3,258,0.08806918933987617,0.1573944315314293,0.19972254782915116,0.44147825241088867,2.873688220977783,9.71798267364502,1037.618814498186,0.7019618153572083
B16_g32_global_functional_eps_0p01,B,expert_functional_proxy,global_projection,up,train,4,258,0.0,0.0,0.0,0.0,0.0,0.0,0.0,1.0
B16_g32_global_functional_eps_0p01,B,expert_functional_proxy,global_projection,up,validation,2,135,0.16319166421890258,0.2949483096599579,0.3628557682037354,1.4623444080352783,8.841913223266602,40.13140640258789,2065.203981757164,0.0
B16_g32_global_functional_eps_0p01,B,expert_functional_proxy,global_projection,up,validation,3,135,0.08779189139604568,0.1611202508211136,0.20032311081886292,0.438868510723114,2.7713656425476074,10.282986450195313,574.3872224986553,0.7045875787734985
B16_g32_global_functional_eps_0p01,B,expert_functional_proxy,global_projection,up,validation,4,135,0.0,0.0,0.0,0.0,0.0,0.0,0.0,1.0
B16_g32_global_functional_eps_0p02,B,expert_functional_proxy,global_projection,down,test,2,152,0.2958181440830231,0.3351854234933853,0.3681604653596878,0.02043658383190632,0.10490840300917625,8.24959721565247,331.5428576283157,0.0
B16_g32_global_functional_eps_0p02,B,expert_functional_proxy,global_projection,down,test,3,152,0.17200708538293838,0.19557978957891464,0.21266591548919678,0.007193247275426984,0.03411353379487991,3.206238913536072,130.75086339982226,0.6041765809059143
B16_g32_global_functional_eps_0p02,B,expert_functional_proxy,global_projection,down,test,4,152,0.0,0.0,0.0,0.0,0.0,0.0,0.0,1.0
B16_g32_global_functional_eps_0p02,B,expert_functional_proxy,global_projection,down,train,2,258,0.2589722752571106,0.32029296457767487,0.36025938093662263,0.017228810116648674,0.09059702605009079,6.723152017593384,524.1400805125013,0.0
B16_g32_global_functional_eps_0p02,B,expert_functional_proxy,global_projection,down,train,3,258,0.15655335634946824,0.1911831572651863,0.20921533852815627,0.007184981927275657,0.03526031784713268,2.719809460639954,202.3315756698139,0.6162509024143219
B16_g32_global_functional_eps_0p02,B,expert_functional_proxy,global_projection,down,train,4,258,0.0,0.0,0.0,0.0,0.0,0.0,0.0,1.0
B16_g32_global_functional_eps_0p02,B,expert_functional_proxy,global_projection,down,validation,2,135,0.2957619190216064,0.3499492108821869,0.38064571619033816,0.02228975258767605,0.11469502002000809,9.557249832153321,389.5822330629453,0.0
B16_g32_global_functional_eps_0p02,B,expert_functional_proxy,global_projection,down,validation,3,135,0.17222117781639099,0.19847822189331055,0.2143939346075058,0.007696610502898694,0.03501417487859726,2.571201848983765,113.37374826311134,0.6965927481651306
B16_g32_global_functional_eps_0p02,B,expert_functional_proxy,global_projection,down,validation,4,135,0.0,0.0,0.0,0.0,0.0,0.0,0.0,1.0
B16_g32_global_functional_eps_0p02,B,expert_functional_proxy,global_projection,gate,test,2,152,0.13201234191656114,0.22477851808071136,0.28225765824317933,1.5041991710662843,10.32962703704834,95.04051513671875,4775.002119421959,0.0
B16_g32_global_functional_eps_0p02,B,expert_functional_proxy,global_projection,gate,test,3,152,0.04261128455400467,0.12538205832242966,0.15558791309595107,0.43623160719871523,3.073439836502075,11.655447101593019,857.3626827597618,0.7173438370227814
B16_g32_global_functional_eps_0p02,B,expert_functional_proxy,global_projection,gate,test,4,152,0.0,0.0,0.0,0.0,0.0,0.0,0.0,1.0
B16_g32_global_functional_eps_0p02,B,expert_functional_proxy,global_projection,gate,train,2,258,0.12760697454214096,0.2236996814608574,0.2809434950351715,1.5384935975074767,10.556571960449219,91.8306365966797,7835.722954034805,0.0
B16_g32_global_functional_eps_0p02,B,expert_functional_proxy,global_projection,gate,train,3,258,0.04129702337086201,0.12269988656044006,0.15939839929342273,0.4760226160287857,3.2343201637268066,11.532083892822266,1450.2237424254417,0.7061533033847809
B16_g32_global_functional_eps_0p02,B,expert_functional_proxy,global_projection,gate,train,4,258,0.0,0.0,0.0,0.0,0.0,0.0,0.0,1.0
B16_g32_global_functional_eps_0p02,B,expert_functional_proxy,global_projection,gate,validation,2,135,0.1294614553451538,0.22327156364917755,0.2822889387607575,1.5816561698913574,10.08763599395752,93.19874572753906,4116.646384477615,0.0
B16_g32_global_functional_eps_0p02,B,expert_functional_proxy,global_projection,gate,validation,3,135,0.04297172501683235,0.12620091438293457,0.1552361309528351,0.46413262486457824,3.0492825508117676,11.50082588195801,780.1569336056709,0.7164496183395386
B16_g32_global_functional_eps_0p02,B,expert_functional_proxy,global_projection,gate,validation,4,135,0.0,0.0,0.0,0.0,0.0,0.0,0.0,1.0
B16_g32_global_functional_eps_0p02,B,expert_functional_proxy,global_projection,up,test,2,152,0.16354283541440964,0.2902517020702362,0.37452185750007627,1.5629701137542724,8.96672534942627,33.20029907226563,2092.475222468376,0.0
B16_g32_global_functional_eps_0p02,B,expert_functional_proxy,global_projection,up,test,3,152,0.08940941244363784,0.1588274985551834,0.2042112648487091,0.4439524859189987,2.893026351928711,9.704438209533691,604.1771181225777,0.6998664736747742
B16_g32_global_functional_eps_0p02,B,expert_functional_proxy,global_projection,up,test,4,152,0.0,0.0,0.0,0.0,0.0,0.0,0.0,1.0
B16_g32_global_functional_eps_0p02,B,expert_functional_proxy,global_projection,up,train,2,258,0.16252131313085555,0.2847216725349426,0.3580914318561554,1.508691167831421,8.957020282745361,34.59616851806641,3529.637677550316,0.0
B16_g32_global_functional_eps_0p02,B,expert_functional_proxy,global_projection,up,train,3,258,0.08728324621915817,0.15704846382141113,0.2005692884325981,0.44225276708602906,2.8581342697143555,9.42521915435791,1013.2473013550043,0.7027400135993958
B16_g32_global_functional_eps_0p02,B,expert_functional_proxy,global_projection,up,train,4,258,0.0,0.0,0.0,0.0,0.0,0.0,0.0,1.0
B16_g32_global_functional_eps_0p02,B,expert_functional_proxy,global_projection,up,validation,2,135,0.15811720490455627,0.29492685198783875,0.37111954689025883,1.473138427734375,8.923503875732422,39.08803100585938,2021.2703820466995,0.0
B16_g32_global_functional_eps_0p02,B,expert_functional_proxy,global_projection,up,validation,3,135,0.0858503058552742,0.16327427327632904,0.20321684777736665,0.4410977303981781,2.7168242931365967,10.089373016357422,562.2446043789387,0.7056014537811279
B16_g32_global_functional_eps_0p02,B,expert_functional_proxy,global_projection,up,validation,4,135,0.0,0.0,0.0,0.0,0.0,0.0,0.0,1.0
B16_g32_global_functional_eps_0p05,B,expert_functional_proxy,global_projection,down,test,2,152,0.2977350831031799,0.3386334329843521,0.37232345044612886,0.01969129405915737,0.09486892819404602,6.779509449005127,307.8853625310585,0.0
B16_g32_global_functional_eps_0p05,B,expert_functional_proxy,global_projection,down,test,3,152,0.16999828219413757,0.19372456520795822,0.21020163148641585,0.007385082542896271,0.03715081140398979,3.304257488250733,122.470559168607,0.6336894333362579
B16_g32_global_functional_eps_0p05,B,expert_functional_proxy,global_projection,down,test,4,152,0.0,0.0,0.0,0.0,0.0,0.0,0.0,1.0
B16_g32_global_functional_eps_0p05,B,expert_functional_proxy,global_projection,down,train,2,258,0.2612156838178635,0.324770987033844,0.3601548582315445,0.01877497918903828,0.09332062304019928,6.706755161285407,523.8276111059822,0.0
B16_g32_global_functional_eps_0p05,B,expert_functional_proxy,global_projection,down,train,3,258,0.1520477756857872,0.18868552148342133,0.20714593678712845,0.0068647097796201715,0.03296650014817715,2.8295824289321914,199.28036167635582,0.6297251880168915
B16_g32_global_functional_eps_0p05,B,expert_functional_proxy,global_projection,down,train,4,258,0.0,0.0,0.0,0.0,0.0,0.0,0.0,1.0
B16_g32_global_functional_eps_0p05,B,expert_functional_proxy,global_projection,down,validation,2,135,0.2981619477272034,0.34940382838249207,0.38165283203125,0.024726050719618798,0.13010765612125397,9.986185073852546,422.94230276718736,0.0
B16_g32_global_functional_eps_0p05,B,expert_functional_proxy,global_projection,down,validation,3,135,0.16949841976165772,0.1977235972881317,0.2116228699684143,0.007216094247996807,0.03373217582702637,2.4961298465728765,112.73931280779652,0.6987828016281128
B16_g32_global_functional_eps_0p05,B,expert_functional_proxy,global_projection,down,validation,4,135,0.0,0.0,0.0,0.0,0.0,0.0,0.0,1.0
B16_g32_global_functional_eps_0p05,B,expert_functional_proxy,global_projection,gate,test,2,152,0.139455184340477,0.22539624571800232,0.283431813120842,1.495948076248169,10.489441871643066,105.87550048828125,5086.6638424396515,0.0
B16_g32_global_functional_eps_0p05,B,expert_functional_proxy,global_projection,gate,test,3,152,0.04230253845453262,0.12068653851747513,0.15396770238876345,0.4314902275800705,3.029260039329529,11.623832798004152,826.289628058672,0.7293744683265686
B16_g32_global_functional_eps_0p05,B,expert_functional_proxy,global_projection,gate,test,4,152,0.0,0.0,0.0,0.0,0.0,0.0,0.0,1.0
B16_g32_global_functional_eps_0p05,B,expert_functional_proxy,global_projection,gate,train,2,258,0.13322464227676392,0.2243887260556221,0.2839557260274887,1.5401044726371764,10.525153160095215,100.09483795166018,8294.936758995056,0.0
B16_g32_global_functional_eps_0p05,B,expert_functional_proxy,global_projection,gate,train,3,258,0.040845931693911555,0.11818111687898636,0.15650142282247545,0.44745893478393556,3.066421627998352,11.266225624084473,1385.7293747663498,0.7229702174663544
B16_g32_global_functional_eps_0p05,B,expert_functional_proxy,global_projection,gate,train,4,258,0.0,0.0,0.0,0.0,0.0,0.0,0.0,1.0
B16_g32_global_functional_eps_0p05,B,expert_functional_proxy,global_projection,gate,validation,2,135,0.13454414010047913,0.22483178973197937,0.2836816251277924,1.5380543231964112,9.930848121643066,102.13700256347657,4351.113712668419,0.0
B16_g32_global_functional_eps_0p05,B,expert_functional_proxy,global_projection,gate,validation,3,135,0.04207765534520149,0.12148861587047577,0.153369003534317,0.4383737206459045,2.867809772491455,11.28879528045655,748.70899528265,0.7285275459289551
B16_g32_global_functional_eps_0p05,B,expert_functional_proxy,global_projection,gate,validation,4,135,0.0,0.0,0.0,0.0,0.0,0.0,0.0,1.0
B16_g32_global_functional_eps_0p05,B,expert_functional_proxy,global_projection,up,test,2,152,0.16893265545368194,0.2893873453140259,0.369848370552063,1.525986397266388,9.029252052307129,34.291419219970706,2124.2910766601562,0.0
B16_g32_global_functional_eps_0p05,B,expert_functional_proxy,global_projection,up,test,3,152,0.08792493194341659,0.155387245118618,0.20157155692577364,0.41780558228492737,2.7829238176345825,9.435102272033692,588.2164104580879,0.709074467420578
B16_g32_global_functional_eps_0p05,B,expert_functional_proxy,global_projection,up,test,4,152,0.0,0.0,0.0,0.0,0.0,0.0,0.0,1.0
B16_g32_global_functional_eps_0p05,B,expert_functional_proxy,global_projection,up,train,2,258,0.16767869442701339,0.28611980378627777,0.3599537253379822,1.5293774008750916,9.096865177154541,36.1115348815918,3617.2103784680367,0.0
B16_g32_global_functional_eps_0p05,B,expert_functional_proxy,global_projection,up,train,3,258,0.08556330651044845,0.15424858033657074,0.1977497860789299,0.41437300443649294,2.731029748916626,9.176175689697265,980.9513557255268,0.717910498380661
B16_g32_global_functional_eps_0p05,B,expert_functional_proxy,global_projection,up,train,4,258,0.0,0.0,0.0,0.0,0.0,0.0,0.0,1.0
B16_g32_global_functional_eps_0p05,B,expert_functional_proxy,global_projection,up,validation,2,135,0.1639123171567917,0.29809704422950745,0.3693986713886261,1.4788462400436402,8.555054664611816,40.06534881591797,2065.168706715107,0.0
B16_g32_global_functional_eps_0p05,B,expert_functional_proxy,global_projection,up,validation,3,135,0.08572377860546113,0.15815891325473785,0.1992139309644699,0.4135760307312012,2.6274285316467285,9.839990234375001,544.5003124475479,0.7167021036148071
B16_g32_global_functional_eps_0p05,B,expert_functional_proxy,global_projection,up,validation,4,135,0.0,0.0,0.0,0.0,0.0,0.0,0.0,1.0
B16_g32_global_weight,B,weight_mse,global_projection,down,test,2,152,0.3188886046409607,0.34905603528022766,0.3693371176719666,0.02550786454230547,0.09949048608541489,7.521760845184327,503.6036337064579,0.0
B16_g32_global_weight,B,weight_mse,global_projection,down,test,3,152,0.1744740515947342,0.18966715782880783,0.20254938900470734,0.007389636617153883,0.038803935050964355,2.359700226783753,160.31007788027637,0.6906559467315674
B16_g32_global_weight,B,weight_mse,global_projection,down,test,4,152,0.0,0.0,0.0,0.0,0.0,0.0,0.0,1.0
B16_g32_global_weight,B,weight_mse,global_projection,down,train,2,258,0.3134194612503052,0.34520378708839417,0.3674828737974167,0.02356722019612789,0.09799440950155258,8.075798702239991,825.9435119098052,0.0
B16_g32_global_weight,B,weight_mse,global_projection,down,train,3,258,0.17035368084907532,0.18894781172275543,0.20024476796388627,0.007811963558197022,0.03681698068976402,2.6685574293136605,244.26919633196667,0.6977757513523102
B16_g32_global_weight,B,weight_mse,global_projection,down,train,4,258,0.0,0.0,0.0,0.0,0.0,0.0,0.0,1.0
B16_g32_global_weight,B,weight_mse,global_projection,down,validation,2,135,0.31925448775291443,0.34951281547546387,0.372580748796463,0.027222761511802675,0.10471640527248383,9.298141479492196,561.9880314101465,0.0
B16_g32_global_weight,B,weight_mse,global_projection,down,validation,3,135,0.1717420995235443,0.19041962921619415,0.20116754174232482,0.006505857780575752,0.03346440941095352,2.2632078170776397,149.1876970892772,0.7132419347763062
B16_g32_global_weight,B,weight_mse,global_projection,down,validation,4,135,0.0,0.0,0.0,0.0,0.0,0.0,0.0,1.0
B16_g32_global_weight,B,weight_mse,global_projection,gate,test,2,152,0.19907346367835999,0.25143371522426605,0.3031507343053818,1.8050227046012879,16.445756912231445,367.2610595703125,12580.90417933464,0.0
B16_g32_global_weight,B,weight_mse,global_projection,gate,test,3,152,0.07795626744627952,0.1265323907136917,0.16583205759525302,0.5080056309700012,5.2387518882751465,34.8194622039795,1588.5452159643173,0.733993262052536
B16_g32_global_weight,B,weight_mse,global_projection,gate,test,4,152,0.0,0.0,0.0,0.0,0.0,0.0,0.0,1.0
B16_g32_global_weight,B,weight_mse,global_projection,gate,train,2,258,0.1923977851867676,0.25066010653972626,0.31448797285556795,1.8143994569778443,16.462340354919434,349.1644927978516,20819.228583812714,0.0
B16_g32_global_weight,B,weight_mse,global_projection,gate,train,3,258,0.0795984536409378,0.12590514868497849,0.17190212607383729,0.5320960760116578,5.212305545806885,36.54144439697266,2752.943862080574,0.7274093627929688
B16_g32_global_weight,B,weight_mse,global_projection,gate,train,4,258,0.0,0.0,0.0,0.0,0.0,0.0,0.0,1.0
B16_g32_global_weight,B,weight_mse,global_projection,gate,validation,2,135,0.18736520707607268,0.24727913737297058,0.3016197502613068,1.9099836826324463,16.466815948486328,326.2027038574219,10245.699668884277,0.0
B16_g32_global_weight,B,weight_mse,global_projection,gate,validation,3,135,0.07766412645578384,0.127801313996315,0.1615779310464859,0.505478835105896,5.237809181213379,33.12033386230469,1376.3949046134949,0.7299600839614868
B16_g32_global_weight,B,weight_mse,global_projection,gate,validation,4,135,0.0,0.0,0.0,0.0,0.0,0.0,0.0,1.0
B16_g32_global_weight,B,weight_mse,global_projection,up,test,2,152,0.17328311502933502,0.30708983540534973,0.38366209864616396,1.6849255323410035,12.019524574279785,35.578229141235354,2264.2699526548386,0.0
B16_g32_global_weight,B,weight_mse,global_projection,up,test,3,152,0.09084029272198677,0.16463689506053925,0.20902872532606126,0.47597696483135227,3.4504313468933105,9.7437313079834,631.6790668070316,0.7144420742988586
B16_g32_global_weight,B,weight_mse,global_projection,up,test,4,152,0.0,0.0,0.0,0.0,0.0,0.0,0.0,1.0
B16_g32_global_weight,B,weight_mse,global_projection,up,train,2,258,0.1700421541929245,0.3088148534297943,0.37912024557590485,1.7484519124031066,11.073382377624512,36.568617248535155,3877.403718829155,0.0
B16_g32_global_weight,B,weight_mse,global_projection,up,train,3,258,0.08612500876188278,0.16591034084558487,0.20809462070465087,0.48764028251171115,3.32736074924469,9.180025005340577,1058.7250803112984,0.7168257832527161
B16_g32_global_weight,B,weight_mse,global_projection,up,train,4,258,0.0,0.0,0.0,0.0,0.0,0.0,0.0,1.0
B16_g32_global_weight,B,weight_mse,global_projection,up,validation,2,135,0.16919512450695037,0.31747257709503174,0.38661224842071534,1.715370273590088,11.747949600219727,39.58777465820314,2138.8638575077057,0.0
B16_g32_global_weight,B,weight_mse,global_projection,up,validation,3,135,0.08417813777923584,0.16824281215667725,0.21078225970268252,0.4751991868019104,3.358384132385254,9.53265838623047,572.3779903650284,0.7170594930648804
B16_g32_global_weight,B,weight_mse,global_projection,up,validation,4,135,0.0,0.0,0.0,0.0,0.0,0.0,0.0,1.0
B16_g32_layer_functional,B,expert_functional_proxy,layer_projection,down,test,2,152,0.29001355171203613,0.3307519555091858,0.36893190145492555,0.018844162672758104,0.08830541372299194,7.852210474014282,326.9566187914461,0.0
B16_g32_layer_functional,B,expert_functional_proxy,layer_projection,down,test,3,152,0.1686813235282898,0.1886402815580368,0.20449838489294053,0.006210867036134005,0.035282524302601814,3.0863132238388067,123.36164208268747,0.6397252380847931
B16_g32_layer_functional,B,expert_functional_proxy,layer_projection,down,test,4,152,0.0,0.0,0.0,0.0,0.0,0.0,0.0,1.0
B16_g32_layer_functional,B,expert_functional_proxy,layer_projection,down,train,2,258,0.2571933001279831,0.31916138529777527,0.35614103376865386,0.019111308455467227,0.0953880324959755,7.3119519710540795,547.7184290848672,0.0
B16_g32_layer_functional,B,expert_functional_proxy,layer_projection,down,train,3,258,0.15374247580766678,0.1865122839808464,0.2006576031446457,0.006199419591575862,0.032142287120223045,2.984547472000123,204.53308535995893,0.6373183131217957
B16_g32_layer_functional,B,expert_functional_proxy,layer_projection,down,train,4,258,0.0,0.0,0.0,0.0,0.0,0.0,0.0,1.0
B16_g32_layer_functional,B,expert_functional_proxy,layer_projection,down,validation,2,135,0.29546433687210083,0.3436179757118225,0.37835933566093444,0.024420683830976488,0.11552178859710693,10.967656517028809,391.68627424072474,0.0
B16_g32_layer_functional,B,expert_functional_proxy,layer_projection,down,validation,3,135,0.17161473929882048,0.19296227395534515,0.20661159753799438,0.007242376636713743,0.03145516291260719,2.7684468746185305,113.8610947385896,0.6958064436912537
B16_g32_layer_functional,B,expert_functional_proxy,layer_projection,down,validation,4,135,0.0,0.0,0.0,0.0,0.0,0.0,0.0,1.0
B16_g32_layer_functional,B,expert_functional_proxy,layer_projection,gate,test,2,152,0.11804652214050293,0.22313690930604935,0.2821282625198364,1.5092469334602356,10.162820816040039,82.7421989440918,4429.630133986473,0.0
B16_g32_layer_functional,B,expert_functional_proxy,layer_projection,gate,test,3,152,0.0430630698800087,0.12102299928665161,0.1558559000492096,0.43514226377010345,2.9595088958740234,11.936410331726076,854.3019877374172,0.7196903824806213
B16_g32_layer_functional,B,expert_functional_proxy,layer_projection,gate,test,4,152,0.0,0.0,0.0,0.0,0.0,0.0,0.0,1.0
B16_g32_layer_functional,B,expert_functional_proxy,layer_projection,gate,train,2,258,0.11756459474563599,0.22116822749376297,0.28055580556392673,1.5225884914398193,10.299960613250732,81.32407684326172,7233.714354395866,0.0
B16_g32_layer_functional,B,expert_functional_proxy,layer_projection,gate,train,3,258,0.041683132946491244,0.11845436319708824,0.15774510949850082,0.45259994566440587,3.129857659339905,11.769234371185304,1438.521814852953,0.7142203152179718
B16_g32_layer_functional,B,expert_functional_proxy,layer_projection,gate,train,4,258,0.0,0.0,0.0,0.0,0.0,0.0,0.0,1.0
B16_g32_layer_functional,B,expert_functional_proxy,layer_projection,gate,validation,2,135,0.11825694739818574,0.220692440867424,0.2790869474411011,1.5215111017227172,9.427042007446289,83.84199218750001,3823.220140814781,0.0
B16_g32_layer_functional,B,expert_functional_proxy,layer_projection,gate,validation,3,135,0.042712806910276416,0.12144653499126434,0.15399542152881623,0.4506287455558777,2.8078227043151855,11.898515129089356,773.8438507318497,0.720118522644043
B16_g32_layer_functional,B,expert_functional_proxy,layer_projection,gate,validation,4,135,0.0,0.0,0.0,0.0,0.0,0.0,0.0,1.0
B16_g32_layer_functional,B,expert_functional_proxy,layer_projection,up,test,2,152,0.16766447275877,0.28486955165863037,0.3706542581319809,1.386702060699463,8.91400146484375,34.13939666748047,2100.436256825924,0.0
B16_g32_layer_functional,B,expert_functional_proxy,layer_projection,up,test,3,152,0.09143882170319557,0.1576097533106804,0.20956578850746155,0.4378748178482056,2.7428157329559326,10.105740833282471,616.6873721182346,0.6940125226974487
B16_g32_layer_functional,B,expert_functional_proxy,layer_projection,up,test,4,152,0.0,0.0,0.0,0.0,0.0,0.0,0.0,1.0
B16_g32_layer_functional,B,expert_functional_proxy,layer_projection,up,train,2,258,0.1667454034090042,0.2815858870744705,0.35662358403205874,1.3565937519073485,9.109189987182617,35.35032958984375,3539.5838342905045,0.0
B16_g32_layer_functional,B,expert_functional_proxy,layer_projection,up,train,3,258,0.08794893696904182,0.15570251643657684,0.20195846408605578,0.4251417309045792,2.7830547094345093,9.775781059265137,1028.5303705632687,0.6954376697540283
B16_g32_layer_functional,B,expert_functional_proxy,layer_projection,up,train,4,258,0.0,0.0,0.0,0.0,0.0,0.0,0.0,1.0
B16_g32_layer_functional,B,expert_functional_proxy,layer_projection,up,validation,2,135,0.16417507827281952,0.28948408365249634,0.36771275401115416,1.352506971359253,8.386844635009766,40.379042053222655,2046.6153568029404,0.0
B16_g32_layer_functional,B,expert_functional_proxy,layer_projection,up,validation,3,135,0.08739633858203888,0.1612963080406189,0.20650047957897188,0.4379748165607452,2.634852409362793,10.375841712951662,571.1308490931988,0.6988189220428467
B16_g32_layer_functional,B,expert_functional_proxy,layer_projection,up,validation,4,135,0.0,0.0,0.0,0.0,0.0,0.0,0.0,1.0
C8_g32_layer_functional,C,expert_functional_proxy,layer_projection,down,test,2,152,0.3017012536525726,0.3414449095726013,0.3719168186187744,0.019160903990268707,0.09882168471813202,9.513050079345703,412.9826029567048,0.0
C8_g32_layer_functional,C,expert_functional_proxy,layer_projection,down,test,3,152,0.17160851657390594,0.19075126945972443,0.2037315621972084,0.007469188561663032,0.039711449295282364,3.0128219127655034,128.40827248152345,0.6571284532546997
C8_g32_layer_functional,C,expert_functional_proxy,layer_projection,down,test,4,152,0.0,0.0,0.0,0.0,0.0,0.0,0.0,1.0
C8_g32_layer_functional,C,expert_functional_proxy,layer_projection,down,train,2,258,0.27219084799289706,0.3306352347135544,0.3607989102602005,0.021166865713894367,0.0991591028869152,8.449434375762943,615.636527040042,0.0
C8_g32_layer_functional,C,expert_functional_proxy,layer_projection,down,train,3,258,0.16042930483818055,0.1872779279947281,0.20227262526750564,0.007325044739991427,0.0374737624078989,3.001064372062685,214.4234202641528,0.6411988735198975
C8_g32_layer_functional,C,expert_functional_proxy,layer_projection,down,train,4,258,0.0,0.0,0.0,0.0,0.0,0.0,0.0,1.0
C8_g32_layer_functional,C,expert_functional_proxy,layer_projection,down,validation,2,135,0.30604432225227357,0.34919750690460205,0.3789623737335205,0.02237146198749542,0.10975944995880127,9.942836380004884,370.09029572922736,0.0
C8_g32_layer_functional,C,expert_functional_proxy,layer_projection,down,validation,3,135,0.1699616551399231,0.19349455833435059,0.20550308227539063,0.006456451211124659,0.033335864543914795,2.5650014877319345,110.14808130240999,0.6962825059890747
C8_g32_layer_functional,C,expert_functional_proxy,layer_projection,down,validation,4,135,0.0,0.0,0.0,0.0,0.0,0.0,0.0,1.0
C8_g32_layer_functional,C,expert_functional_proxy,layer_projection,gate,test,2,152,0.12875469475984574,0.22892947494983673,0.2869937241077423,1.583419144153595,10.497690677642822,95.47382736206056,4816.578171491623,0.0
C8_g32_layer_functional,C,expert_functional_proxy,layer_projection,gate,test,3,152,0.0574892308562994,0.1235894002020359,0.15721402168273926,0.4582576543092728,3.043826460838318,18.53803768157959,1109.347389280796,0.724847674369812
C8_g32_layer_functional,C,expert_functional_proxy,layer_projection,gate,test,4,152,0.0,0.0,0.0,0.0,0.0,0.0,0.0,1.0
C8_g32_layer_functional,C,expert_functional_proxy,layer_projection,gate,train,2,258,0.12595387399196625,0.22469887882471085,0.2866393864154816,1.6041728138923645,10.60414171218872,88.27906494140626,7836.335763692856,0.0
C8_g32_layer_functional,C,expert_functional_proxy,layer_projection,gate,train,3,258,0.05767467692494392,0.11987999454140663,0.1615857034921646,0.48643013536930085,3.232988119125366,18.823838996887208,1899.3243547976017,0.7133489549160004
C8_g32_layer_functional,C,expert_functional_proxy,layer_projection,gate,train,4,258,0.0,0.0,0.0,0.0,0.0,0.0,0.0,1.0
C8_g32_layer_functional,C,expert_functional_proxy,layer_projection,gate,validation,2,135,0.1239591270685196,0.22609980404376984,0.2859306514263153,1.650946068763733,9.91494369506836,82.99778442382814,4044.4897661805153,0.0
C8_g32_layer_functional,C,expert_functional_proxy,layer_projection,gate,validation,3,135,0.05767850801348686,0.12439008802175522,0.1550280600786209,0.46433361172676085,2.899400472640991,18.354393005371097,984.4954443275928,0.727908194065094
C8_g32_layer_functional,C,expert_functional_proxy,layer_projection,gate,validation,4,135,0.0,0.0,0.0,0.0,0.0,0.0,0.0,1.0
C8_g32_layer_functional,C,expert_functional_proxy,layer_projection,up,test,2,152,0.17017218023538588,0.29134364426136017,0.37349110245704653,1.5733086943626404,9.61605453491211,35.63719100952149,2171.1438730955124,0.0
C8_g32_layer_functional,C,expert_functional_proxy,layer_projection,up,test,3,152,0.09111079797148705,0.1584818810224533,0.2074860543012619,0.4637699365615845,2.7634600400924683,10.133612346649171,614.7596618235111,0.7029372155666351
C8_g32_layer_functional,C,expert_functional_proxy,layer_projection,up,test,4,152,0.0,0.0,0.0,0.0,0.0,0.0,0.0,1.0
C8_g32_layer_functional,C,expert_functional_proxy,layer_projection,up,train,2,258,0.16710212528705598,0.289803609251976,0.36476210653781893,1.5825190901756288,9.414711952209473,36.61953048706055,3685.5359580516815,0.0
C8_g32_layer_functional,C,expert_functional_proxy,layer_projection,up,train,3,258,0.0865297019481659,0.15823503583669662,0.20424330830574036,0.4546760082244873,2.837178945541382,9.376431083679199,1022.0490404963493,0.7114417552947998
C8_g32_layer_functional,C,expert_functional_proxy,layer_projection,up,train,4,258,0.0,0.0,0.0,0.0,0.0,0.0,0.0,1.0
C8_g32_layer_functional,C,expert_functional_proxy,layer_projection,up,validation,2,135,0.1638388067483902,0.3002130091190338,0.37257659435272217,1.5400848388671875,9.098848342895508,40.75836944580079,2093.7372552752495,0.0
C8_g32_layer_functional,C,expert_functional_proxy,layer_projection,up,validation,3,135,0.08497495502233506,0.16208410263061523,0.20300423204898838,0.4414564728736877,2.658971071243286,9.798035430908204,556.8890670537949,0.7108498215675354
C8_g32_layer_functional,C,expert_functional_proxy,layer_projection,up,validation,4,135,0.0,0.0,0.0,0.0,0.0,0.0,0.0,1.0
D4_g16_layer_functional,D,expert_functional_proxy,layer_projection,down,test,2,152,0.289923170208931,0.33083947002887726,0.365338009595871,0.016970173828303816,0.09840687364339828,8.384864616394049,345.7741373339668,0.0
D4_g16_layer_functional,D,expert_functional_proxy,layer_projection,down,test,3,152,0.1710296466946602,0.19100134819746017,0.20509501099586488,0.006600345671176911,0.043860502541065216,3.21924114227295,157.13422906282358,0.6199421584606171
D4_g16_layer_functional,D,expert_functional_proxy,layer_projection,down,test,4,152,0.0,0.0,0.0,0.0,0.0,0.0,0.0,1.0
D4_g16_layer_functional,D,expert_functional_proxy,layer_projection,down,train,2,258,0.27136663198471067,0.31967321038246155,0.3532369613647461,0.01929863281548023,0.09348506107926369,7.767759799957275,624.4977086521685,0.0
D4_g16_layer_functional,D,expert_functional_proxy,layer_projection,down,train,3,258,0.16138723045587539,0.18866734206676483,0.20249200463294983,0.006712117372080684,0.041995467618107796,3.2341543912887576,247.9977914916817,0.6240081489086151
D4_g16_layer_functional,D,expert_functional_proxy,layer_projection,down,train,4,258,0.0,0.0,0.0,0.0,0.0,0.0,0.0,1.0
D4_g16_layer_functional,D,expert_functional_proxy,layer_projection,down,validation,2,135,0.29753088355064394,0.3445515036582947,0.3728800654411316,0.0239237479865551,0.1088886708021164,11.055888557434084,439.18411722267047,0.0
D4_g16_layer_functional,D,expert_functional_proxy,layer_projection,down,validation,3,135,0.1726358264684677,0.19260337948799133,0.20837076306343078,0.0070471614599227905,0.03840160369873047,2.9897945404052737,144.5628429048229,0.6882445812225342
D4_g16_layer_functional,D,expert_functional_proxy,layer_projection,down,validation,4,135,0.0,0.0,0.0,0.0,0.0,0.0,0.0,1.0
D4_g16_layer_functional,D,expert_functional_proxy,layer_projection,gate,test,2,152,0.15116456151008606,0.22230150550603867,0.28626305162906646,1.5408148407936095,10.110693454742432,126.99310836791993,5817.987977921963,0.0
D4_g16_layer_functional,D,expert_functional_proxy,layer_projection,gate,test,3,152,0.07198038697242737,0.12653286755084991,0.16376041024923324,0.4736118078231812,3.620521068572998,29.320454597473148,1455.3991648852825,0.7076089382171631
D4_g16_layer_functional,D,expert_functional_proxy,layer_projection,gate,test,4,152,0.0,0.0,0.0,0.0,0.0,0.0,0.0,1.0
D4_g16_layer_functional,D,expert_functional_proxy,layer_projection,gate,train,2,258,0.14773226529359818,0.22197368741035461,0.27949104011058806,1.525295090675354,10.27881669998169,125.56184768676759,9505.089981675148,0.0
D4_g16_layer_functional,D,expert_functional_proxy,layer_projection,gate,train,3,258,0.07391485050320626,0.12663082778453827,0.16449230909347534,0.505782425403595,3.6231377124786377,31.02185134887696,2500.650260359049,0.6993257701396942
D4_g16_layer_functional,D,expert_functional_proxy,layer_projection,gate,train,4,258,0.0,0.0,0.0,0.0,0.0,0.0,0.0,1.0
D4_g16_layer_functional,D,expert_functional_proxy,layer_projection,gate,validation,2,135,0.14659441113471985,0.2214815318584442,0.282929003238678,1.5736654281616211,9.70960807800293,120.71479949951176,4797.723423063755,0.0
D4_g16_layer_functional,D,expert_functional_proxy,layer_projection,gate,validation,3,135,0.07146988660097123,0.12623746693134308,0.16131089627742767,0.508980131149292,3.6203219890594482,28.522022247314453,1257.831277281046,0.7045554518699646
D4_g16_layer_functional,D,expert_functional_proxy,layer_projection,gate,validation,4,135,0.0,0.0,0.0,0.0,0.0,0.0,0.0,1.0
D4_g16_layer_functional,D,expert_functional_proxy,layer_projection,up,test,2,152,0.16790241599082947,0.2883780151605606,0.3747443944215775,1.5544657707214355,9.277149200439453,34.377664184570314,2125.1321610212326,0.0
D4_g16_layer_functional,D,expert_functional_proxy,layer_projection,up,test,3,152,0.09321188256144523,0.1633421629667282,0.21294563859701157,0.45845847427845005,3.3713796138763428,10.555463314056396,648.1444321870804,0.6894506812095642
D4_g16_layer_functional,D,expert_functional_proxy,layer_projection,up,test,4,152,0.0,0.0,0.0,0.0,0.0,0.0,0.0,1.0
D4_g16_layer_functional,D,expert_functional_proxy,layer_projection,up,train,2,258,0.16845096945762633,0.2889931797981262,0.3606358200311661,1.5554044008255006,9.312381744384766,34.14420051574707,3568.8384696245193,0.0
D4_g16_layer_functional,D,expert_functional_proxy,layer_projection,up,train,3,258,0.08967254236340523,0.1645759791135788,0.2081593468785286,0.4690442860126495,3.4275189638137817,9.794992256164551,1083.073083460331,0.6915886998176575
D4_g16_layer_functional,D,expert_functional_proxy,layer_projection,up,train,4,258,0.0,0.0,0.0,0.0,0.0,0.0,0.0,1.0
D4_g16_layer_functional,D,expert_functional_proxy,layer_projection,up,validation,2,135,0.16999821364879608,0.29788005352020264,0.37012976408004766,1.5143299102783203,9.189905166625977,37.72749328613282,2034.6640893816948,0.0
D4_g16_layer_functional,D,expert_functional_proxy,layer_projection,up,validation,3,135,0.08654913902282715,0.16842079162597656,0.20757922232151033,0.4505002677440643,3.4110255241394043,10.220565605163575,592.1187451779842,0.6993676424026489
D4_g16_layer_functional,D,expert_functional_proxy,layer_projection,up,validation,4,135,0.0,0.0,0.0,0.0,0.0,0.0,0.0,1.0
E16_g64_layer_functional,E,expert_functional_proxy,layer_projection,down,test,2,152,0.3103786766529083,0.34953072667121887,0.3821550935506821,0.019238940440118316,0.10021678358316422,9.213995742797852,388.10971193481237,0.0
E16_g64_layer_functional,E,expert_functional_proxy,layer_projection,down,test,3,152,0.1718752548098564,0.1935875564813614,0.20788965225219727,0.007201346661895514,0.038585321977734566,3.7391047477722177,144.745130661875,0.6530879735946655
E16_g64_layer_functional,E,expert_functional_proxy,layer_projection,down,test,4,152,0.0,0.0,0.0,0.0,0.0,0.0,0.0,1.0
E16_g64_layer_functional,E,expert_functional_proxy,layer_projection,down,train,2,258,0.27802322804927826,0.3419910818338394,0.3725825518369675,0.022181139327585697,0.09219542518258095,9.273376464843754,681.4107812838629,0.0
E16_g64_layer_functional,E,expert_functional_proxy,layer_projection,down,train,3,258,0.16287646144628526,0.1916629746556282,0.2044895648956299,0.007147578662261367,0.03491941839456558,2.986333250999451,226.23342049168423,0.6576597094535828
E16_g64_layer_functional,E,expert_functional_proxy,layer_projection,down,train,4,258,0.0,0.0,0.0,0.0,0.0,0.0,0.0,1.0
E16_g64_layer_functional,E,expert_functional_proxy,layer_projection,down,validation,2,135,0.3086099922657013,0.3595743179321289,0.3870048463344574,0.022817710414528847,0.12098462134599686,11.020793533325199,400.95684005506337,0.0
E16_g64_layer_functional,E,expert_functional_proxy,layer_projection,down,validation,3,135,0.1746425986289978,0.19686800241470337,0.20818029642105104,0.0069223992526531225,0.03500010818243027,2.665238571166993,128.9703326697927,0.7071547508239746
E16_g64_layer_functional,E,expert_functional_proxy,layer_projection,down,validation,4,135,0.0,0.0,0.0,0.0,0.0,0.0,0.0,1.0
E16_g64_layer_functional,E,expert_functional_proxy,layer_projection,gate,test,2,152,0.131170055270195,0.23501957952976227,0.2904275804758072,1.666940951347351,10.944528579711914,97.45320281982423,5000.656249403954,0.0
E16_g64_layer_functional,E,expert_functional_proxy,layer_projection,gate,test,3,152,0.04561801664531231,0.12360453233122826,0.1582127884030342,0.4526663959026337,3.086514949798584,12.883434867858886,916.449570029974,0.7346713244915009
E16_g64_layer_functional,E,expert_functional_proxy,layer_projection,gate,test,4,152,0.0,0.0,0.0,0.0,0.0,0.0,0.0,1.0
E16_g64_layer_functional,E,expert_functional_proxy,layer_projection,gate,train,2,258,0.12728110253810881,0.23100396245718002,0.29263146817684177,1.6363510847091676,11.080869674682617,89.84220962524415,8125.569932460785,0.0
E16_g64_layer_functional,E,expert_functional_proxy,layer_projection,gate,train,3,258,0.04475956819951534,0.12136782705783844,0.1593097671866417,0.47469611167907716,3.244954466819763,12.857634830474858,1557.6720727682114,0.7259792685508728
E16_g64_layer_functional,E,expert_functional_proxy,layer_projection,gate,train,4,258,0.0,0.0,0.0,0.0,0.0,0.0,0.0,1.0
E16_g64_layer_functional,E,expert_functional_proxy,layer_projection,gate,validation,2,135,0.13024594485759736,0.23299497365951538,0.2910259187221527,1.6494058132171632,10.69180679321289,86.99862365722657,4339.246444702148,0.0
E16_g64_layer_functional,E,expert_functional_proxy,layer_projection,gate,validation,3,135,0.044932270795106886,0.12502802908420563,0.15535759031772614,0.46409542560577394,3.0071330070495605,13.125994873046876,829.8419404923916,0.7373563647270203
E16_g64_layer_functional,E,expert_functional_proxy,layer_projection,gate,validation,4,135,0.0,0.0,0.0,0.0,0.0,0.0,0.0,1.0
E16_g64_layer_functional,E,expert_functional_proxy,layer_projection,up,test,2,152,0.17812854349613189,0.298222154378891,0.3863291949033737,1.5410176038742065,9.589635848999023,38.93288345336914,2351.344128727913,0.0
E16_g64_layer_functional,E,expert_functional_proxy,layer_projection,up,test,3,152,0.09369929805397988,0.15762221068143845,0.21012093275785446,0.4411799281835556,2.8710641860961914,10.736569976806644,644.0211650431156,0.7149038314819336
E16_g64_layer_functional,E,expert_functional_proxy,layer_projection,up,test,4,152,0.0,0.0,0.0,0.0,0.0,0.0,0.0,1.0
E16_g64_layer_functional,E,expert_functional_proxy,layer_projection,up,train,2,258,0.17698782831430435,0.29536931216716766,0.3735853135585785,1.4612644076347352,9.769506931304932,40.27559204101563,3980.7681871652603,0.0
E16_g64_layer_functional,E,expert_functional_proxy,layer_projection,up,train,3,258,0.09153397902846336,0.15892759710550308,0.2066421687602997,0.45520372688770294,2.8837074041366577,10.305832195281983,1084.1683667600155,0.7122146487236023
E16_g64_layer_functional,E,expert_functional_proxy,layer_projection,up,train,4,258,0.0,0.0,0.0,0.0,0.0,0.0,0.0,1.0
E16_g64_layer_functional,E,expert_functional_proxy,layer_projection,up,validation,2,135,0.17336235642433168,0.3036576211452484,0.381149959564209,1.4627923011779784,9.399364471435547,45.243141174316406,2281.6806279420853,0.0
E16_g64_layer_functional,E,expert_functional_proxy,layer_projection,up,validation,3,135,0.08950615525245667,0.16356799006462097,0.2111794024705887,0.44011865854263305,2.7643022537231445,10.716991996765136,595.7872766554356,0.7110657691955566
E16_g64_layer_functional,E,expert_functional_proxy,layer_projection,up,validation,4,135,0.0,0.0,0.0,0.0,0.0,0.0,0.0,1.0
E32_g64_layer_functional,E,expert_functional_proxy,layer_projection,down,test,2,152,0.3038853883743286,0.34663449227809906,0.3765332728624344,0.018260819837450985,0.10173220559954643,9.65498533248902,353.8518459200859,0.0
E32_g64_layer_functional,E,expert_functional_proxy,layer_projection,down,test,3,152,0.1717674419283867,0.19415726512670517,0.20733531266450883,0.006880986783653498,0.03635392710566521,2.6730832576751715,126.80835536541417,0.6445097923278809
E32_g64_layer_functional,E,expert_functional_proxy,layer_projection,down,test,4,152,0.0,0.0,0.0,0.0,0.0,0.0,0.0,1.0
E32_g64_layer_functional,E,expert_functional_proxy,layer_projection,down,train,2,258,0.27491530776023865,0.3354215621948242,0.3678866535425186,0.020451629348099232,0.10058223456144333,8.665652275085451,637.6168523514643,0.0
E32_g64_layer_functional,E,expert_functional_proxy,layer_projection,down,train,3,258,0.1610665038228035,0.19033652544021606,0.2038126677274704,0.0072731123305857185,0.03663267195224762,2.4690274477005008,208.79799788584933,0.6590873003005981
E32_g64_layer_functional,E,expert_functional_proxy,layer_projection,down,train,4,258,0.0,0.0,0.0,0.0,0.0,0.0,0.0,1.0
E32_g64_layer_functional,E,expert_functional_proxy,layer_projection,down,validation,2,135,0.307328987121582,0.3551778793334961,0.382121479511261,0.026542992517352103,0.1297321617603302,11.737721633911134,407.46829541865736,0.0
E32_g64_layer_functional,E,expert_functional_proxy,layer_projection,down,validation,3,135,0.1722639948129654,0.19634948670864105,0.2072571963071823,0.006882466189563275,0.03673557937145233,3.000351715087892,126.31536965537816,0.7001592516899109
E32_g64_layer_functional,E,expert_functional_proxy,layer_projection,down,validation,4,135,0.0,0.0,0.0,0.0,0.0,0.0,0.0,1.0
E32_g64_layer_functional,E,expert_functional_proxy,layer_projection,gate,test,2,152,0.12436348646879196,0.23302944749593735,0.29090072214603424,1.5918820977211,10.764276504516602,89.32909774780273,4705.840796351433,0.0
E32_g64_layer_functional,E,expert_functional_proxy,layer_projection,gate,test,3,152,0.045600858703255656,0.12415658682584763,0.15698863118886947,0.44948047697544097,3.052872061729431,12.892892551422118,902.5605383515358,0.7294878363609314
E32_g64_layer_functional,E,expert_functional_proxy,layer_projection,gate,test,4,152,0.0,0.0,0.0,0.0,0.0,0.0,0.0,1.0
E32_g64_layer_functional,E,expert_functional_proxy,layer_projection,gate,train,2,258,0.11921044662594796,0.22787655889987946,0.29077803194522855,1.6287545204162597,11.386069297790527,76.80878982543946,7488.815201640129,0.0
E32_g64_layer_functional,E,expert_functional_proxy,layer_projection,gate,train,3,258,0.04451600573956967,0.12181161716580391,0.1609638959169388,0.47918541431427003,3.2741949558258057,12.784487342834472,1527.36115193367,0.7232567667961121
E32_g64_layer_functional,E,expert_functional_proxy,layer_projection,gate,train,4,258,0.0,0.0,0.0,0.0,0.0,0.0,0.0,1.0
E32_g64_layer_functional,E,expert_functional_proxy,layer_projection,gate,validation,2,135,0.1234611839056015,0.2336537092924118,0.2891182005405426,1.5835169792175292,10.730929374694824,75.95437316894535,4039.2364590764046,0.0
E32_g64_layer_functional,E,expert_functional_proxy,layer_projection,gate,validation,3,135,0.04509993344545364,0.12416069209575653,0.15506744384765625,0.4611837148666382,2.9685544967651367,13.115098953247074,819.4027405679226,0.7296757698059082
E32_g64_layer_functional,E,expert_functional_proxy,layer_projection,gate,validation,4,135,0.0,0.0,0.0,0.0,0.0,0.0,0.0,1.0
E32_g64_layer_functional,E,expert_functional_proxy,layer_projection,up,test,2,152,0.1761258363723755,0.2964339405298233,0.38230906128883363,1.5065426111221314,9.65425443649292,37.31248626708985,2313.848874092102,0.0
E32_g64_layer_functional,E,expert_functional_proxy,layer_projection,up,test,3,152,0.09285610541701317,0.15935981273651123,0.2112798810005188,0.4535795420408249,2.8688935041427612,10.482566642761231,641.4881030917168,0.7107724249362946
E32_g64_layer_functional,E,expert_functional_proxy,layer_projection,up,test,4,152,0.0,0.0,0.0,0.0,0.0,0.0,0.0,1.0
E32_g64_layer_functional,E,expert_functional_proxy,layer_projection,up,train,2,258,0.17450412064790727,0.29378244280815125,0.36957934200763704,1.4256166458129884,9.650550365447998,39.321175765991214,3894.2526520490646,0.0
E32_g64_layer_functional,E,expert_functional_proxy,layer_projection,up,train,3,258,0.09075794741511345,0.1588285267353058,0.20614493191242217,0.4653948605060578,2.9100735187530518,10.126199436187745,1069.5245691537857,0.7126753032207489
E32_g64_layer_functional,E,expert_functional_proxy,layer_projection,up,train,4,258,0.0,0.0,0.0,0.0,0.0,0.0,0.0,1.0
E32_g64_layer_functional,E,expert_functional_proxy,layer_projection,up,validation,2,135,0.1686481386423111,0.3010718822479248,0.3793011486530304,1.4354828357696534,9.572210311889648,44.72951812744141,2219.466005384922,0.0
E32_g64_layer_functional,E,expert_functional_proxy,layer_projection,up,validation,3,135,0.0883313998579979,0.16293497383594513,0.21032550632953645,0.43490740060806277,2.78605318069458,10.568287277221682,587.8730153143406,0.7117919921875
E32_g64_layer_functional,E,expert_functional_proxy,layer_projection,up,validation,4,135,0.0,0.0,0.0,0.0,0.0,0.0,0.0,1.0
E64_g64_layer_functional,E,expert_functional_proxy,layer_projection,down,test,2,152,0.3038466364145279,0.3414838910102844,0.3780859559774399,0.01864225398749113,0.10346832871437073,8.719382572174078,355.65677870437503,0.0
E64_g64_layer_functional,E,expert_functional_proxy,layer_projection,down,test,3,152,0.1714995577931404,0.19360493123531342,0.20635176599025726,0.006677008513361216,0.03419801965355873,3.2558229684829714,130.828781879507,0.6720829904079437
E64_g64_layer_functional,E,expert_functional_proxy,layer_projection,down,test,4,152,0.0,0.0,0.0,0.0,0.0,0.0,0.0,1.0
E64_g64_layer_functional,E,expert_functional_proxy,layer_projection,down,train,2,258,0.2699022114276886,0.3311273008584976,0.36583738923072817,0.02061678059399128,0.09842388331890106,8.185809135437015,625.7961384281516,0.0
E64_g64_layer_functional,E,expert_functional_proxy,layer_projection,down,train,3,258,0.16041040867567063,0.18943800777196884,0.20365847647190094,0.00723349922336638,0.0346054881811142,2.847716617584229,210.50813121558167,0.6639974117279053
E64_g64_layer_functional,E,expert_functional_proxy,layer_projection,down,train,4,258,0.0,0.0,0.0,0.0,0.0,0.0,0.0,1.0
E64_g64_layer_functional,E,expert_functional_proxy,layer_projection,down,validation,2,135,0.30623276233673097,0.35553425550460815,0.3828729033470154,0.024287529289722443,0.10866235941648483,12.540218544006352,416.707007904537,0.0
E64_g64_layer_functional,E,expert_functional_proxy,layer_projection,down,validation,3,135,0.17252214550971984,0.19572888314723969,0.20875333547592165,0.007239887211471796,0.031213175505399704,3.1752474308013934,123.2063007436227,0.6976412534713745
E64_g64_layer_functional,E,expert_functional_proxy,layer_projection,down,validation,4,135,0.0,0.0,0.0,0.0,0.0,0.0,0.0,1.0
E64_g64_layer_functional,E,expert_functional_proxy,layer_projection,gate,test,2,152,0.1262692853808403,0.23254497349262238,0.28931293785572054,1.5947773694992067,10.641277313232422,92.37753982543946,4765.230818748474,0.0
E64_g64_layer_functional,E,expert_functional_proxy,layer_projection,gate,test,3,152,0.04357011802494526,0.12273886054754257,0.1570829287171364,0.4520252227783203,3.0545873641967773,12.065703201293946,879.0580797493458,0.7309221625328064
E64_g64_layer_functional,E,expert_functional_proxy,layer_projection,gate,test,4,152,0.0,0.0,0.0,0.0,0.0,0.0,0.0,1.0
E64_g64_layer_functional,E,expert_functional_proxy,layer_projection,gate,train,2,258,0.12114795371890068,0.22698915749788284,0.288518887758255,1.6290788173675539,11.061799049377441,80.03145751953126,7564.87583565712,0.0
E64_g64_layer_functional,E,expert_functional_proxy,layer_projection,gate,train,3,258,0.04271588809788227,0.12038160115480423,0.1610409215092659,0.474260213971138,3.2892426252365112,11.881485176086427,1474.7304807305336,0.7198152542114258
E64_g64_layer_functional,E,expert_functional_proxy,layer_projection,gate,train,4,258,0.0,0.0,0.0,0.0,0.0,0.0,0.0,1.0
E64_g64_layer_functional,E,expert_functional_proxy,layer_projection,gate,validation,2,135,0.12419213950634003,0.22879254817962646,0.2918801963329315,1.5888165950775146,10.152786254882812,81.79051818847657,4085.7065966129303,0.0
E64_g64_layer_functional,E,expert_functional_proxy,layer_projection,gate,validation,3,135,0.04344761520624161,0.12444642186164856,0.15513332784175873,0.46122201085090636,2.9702563285827637,12.118163299560548,800.786828070879,0.7296217083930969
E64_g64_layer_functional,E,expert_functional_proxy,layer_projection,gate,validation,4,135,0.0,0.0,0.0,0.0,0.0,0.0,0.0,1.0
E64_g64_layer_functional,E,expert_functional_proxy,layer_projection,up,test,2,152,0.1751391440629959,0.29473160207271576,0.37395747303962706,1.4863707065582275,9.224247932434082,36.94662170410157,2252.4391729831696,0.0
E64_g64_layer_functional,E,expert_functional_proxy,layer_projection,up,test,3,152,0.08914519920945167,0.15799181908369064,0.2110669195652008,0.45863616466522217,2.845440149307251,10.354401683807373,632.4873602986336,0.7056764960289001
E64_g64_layer_functional,E,expert_functional_proxy,layer_projection,up,test,4,152,0.0,0.0,0.0,0.0,0.0,0.0,0.0,1.0
E64_g64_layer_functional,E,expert_functional_proxy,layer_projection,up,train,2,258,0.1730331853032112,0.29083120822906494,0.36701543927192687,1.3849985241889953,9.368907928466797,39.175132751464844,3857.05165207386,0.0
E64_g64_layer_functional,E,expert_functional_proxy,layer_projection,up,train,3,258,0.0878351241350174,0.15820376574993134,0.2063620686531067,0.46404074728488925,2.8616514205932617,10.340682697296144,1066.1344718933105,0.7059867680072784
E64_g64_layer_functional,E,expert_functional_proxy,layer_projection,up,train,4,258,0.0,0.0,0.0,0.0,0.0,0.0,0.0,1.0
E64_g64_layer_functional,E,expert_functional_proxy,layer_projection,up,validation,2,135,0.16705548763275146,0.3011876344680786,0.3728490352630615,1.4017720699310303,9.05537223815918,43.111340332031254,2180.2505870461464,0.0
E64_g64_layer_functional,E,expert_functional_proxy,layer_projection,up,validation,3,135,0.08628010898828506,0.1624305546283722,0.2074487179517746,0.44816266298294066,2.7015695571899414,10.61127815246582,584.2062940895557,0.7083075046539307
E64_g64_layer_functional,E,expert_functional_proxy,layer_projection,up,validation,4,135,0.0,0.0,0.0,0.0,0.0,0.0,0.0,1.0
baseline_pr4_2p25,baseline,activation_projection,baseline_global,down,test,2,152,0.34176460802555086,0.37279604375362396,0.3975888520479202,0.02757835742086172,0.12678112089633942,9.738815402984619,603.1359729208052,0.0
baseline_pr4_2p25,baseline,activation_projection,baseline_global,down,test,3,152,0.1828488901257515,0.2048785164952278,0.2165941298007965,0.007642672769725324,0.04813945107161999,3.734259414672852,181.73276280611753,0.6835805475711823
baseline_pr4_2p25,baseline,activation_projection,baseline_global,down,test,4,152,0.0,0.0,0.0,0.0,0.0,0.0,0.0,1.0
baseline_pr4_2p25,baseline,activation_projection,baseline_global,down,train,2,258,0.335136416554451,0.3693993240594864,0.3938963711261749,0.027806486934423447,0.11968809738755226,9.759148120880129,1010.9374383576214,0.0
baseline_pr4_2p25,baseline,activation_projection,baseline_global,down,train,3,258,0.18228434920310974,0.2037915289402008,0.2150040403008461,0.009317770972847939,0.04893959313631058,2.9482391119003295,290.59673303877935,0.6801880598068237
baseline_pr4_2p25,baseline,activation_projection,baseline_global,down,train,4,258,0.0,0.0,0.0,0.0,0.0,0.0,0.0,1.0
baseline_pr4_2p25,baseline,activation_projection,baseline_global,down,validation,2,135,0.3435396373271942,0.3750762343406677,0.4003655552864075,0.029452788084745406,0.11997954547405243,13.068482017517093,686.9130821432918,0.0
baseline_pr4_2p25,baseline,activation_projection,baseline_global,down,validation,3,135,0.18342538177967072,0.20522049069404602,0.21606364250183105,0.007997211441397667,0.037913478910923004,3.1797215938568124,167.23966668266803,0.7043236494064331
baseline_pr4_2p25,baseline,activation_projection,baseline_global,down,validation,4,135,0.0,0.0,0.0,0.0,0.0,0.0,0.0,1.0
baseline_pr4_2p25,baseline,activation_projection,baseline_global,gate,test,2,152,0.21645520329475404,0.274615541100502,0.33241422772407536,2.0547962188720703,18.771190643310547,440.82948303222656,15295.106420397758,0.0
baseline_pr4_2p25,baseline,activation_projection,baseline_global,gate,test,3,152,0.17797725647687912,0.2028363049030304,0.2291270971298218,1.0157907247543336,8.012188911437988,185.7083969116211,7109.425639629364,0.4601086974143982
baseline_pr4_2p25,baseline,activation_projection,baseline_global,gate,test,4,152,0.0,0.0,0.0,0.0,0.0,0.0,0.0,1.0
baseline_pr4_2p25,baseline,activation_projection,baseline_global,gate,train,2,258,0.2060112863779068,0.27201060950756073,0.34095199406147003,2.0178218364715574,18.819732666015625,410.3961517333985,25120.696424245834,0.0
baseline_pr4_2p25,baseline,activation_projection,baseline_global,gate,train,3,258,0.17996326386928557,0.20154362171888351,0.23433183133602142,1.1077106952667237,8.020654201507568,187.8618179321289,12033.338430464268,0.4686357080936432
baseline_pr4_2p25,baseline,activation_projection,baseline_global,gate,train,4,258,0.0,0.0,0.0,0.0,0.0,0.0,0.0,1.0
baseline_pr4_2p25,baseline,activation_projection,baseline_global,gate,validation,2,135,0.20049021542072296,0.26939570903778076,0.3286921620368958,2.102892446517944,18.771190643310547,393.0544555664063,12108.8300999403,0.0
baseline_pr4_2p25,baseline,activation_projection,baseline_global,gate,validation,3,135,0.17805241644382477,0.20108354091644287,0.22723468840122224,1.143027949333191,8.027116775512695,175.19001159667974,6041.401516675949,0.4568213224411011
baseline_pr4_2p25,baseline,activation_projection,baseline_global,gate,validation,4,135,0.0,0.0,0.0,0.0,0.0,0.0,0.0,1.0
baseline_pr4_2p25,baseline,activation_projection,baseline_global,up,test,2,152,0.2052105873823166,0.3310300409793854,0.40152314603328704,1.9991615891456604,13.138901710510254,47.21774253845216,2872.1919314861298,0.0
baseline_pr4_2p25,baseline,activation_projection,baseline_global,up,test,3,152,0.0970327265560627,0.16895651817321777,0.2186452716588974,0.5138226926326752,3.5275075435638428,11.162474441528321,701.9522625207901,0.7385621070861816
baseline_pr4_2p25,baseline,activation_projection,baseline_global,up,test,4,152,0.0,0.0,0.0,0.0,0.0,0.0,0.0,1.0
baseline_pr4_2p25,baseline,activation_projection,baseline_global,up,train,2,258,0.20647175163030623,0.33283500373363495,0.3933297753334045,2.022174620628357,12.79008150100708,50.57471199035645,5008.290835380554,0.0
baseline_pr4_2p25,baseline,activation_projection,baseline_global,up,train,3,258,0.09487115442752839,0.17065564543008804,0.2166840061545372,0.5160262882709503,3.551342487335205,10.94120330810547,1188.379045188427,0.740149974822998
baseline_pr4_2p25,baseline,activation_projection,baseline_global,up,train,4,258,0.0,0.0,0.0,0.0,0.0,0.0,0.0,1.0
baseline_pr4_2p25,baseline,activation_projection,baseline_global,up,validation,2,135,0.20431141257286073,0.338326096534729,0.39901735782623293,1.9792049884796143,12.972034454345703,53.32653732299806,2781.0390216112137,0.0
baseline_pr4_2p25,baseline,activation_projection,baseline_global,up,validation,3,135,0.09034043997526169,0.172067791223526,0.2152009189128876,0.4996367633342743,3.5294175148010254,10.921753692626954,640.0277704298496,0.7408725023269653
baseline_pr4_2p25,baseline,activation_projection,baseline_global,up,validation,4,135,0.0,0.0,0.0,0.0,0.0,0.0,0.0,1.0
learned_16_leaf_scalar_global,learned_16_leaf,expert_functional_proxy,global_projection,down,test,2,152,0.3513267397880554,0.38357140123844147,0.4013027250766754,0.03127093762159348,0.1228981763124466,7.81639051437378,800.3438376206905,0.0
learned_16_leaf_scalar_global,learned_16_leaf,expert_functional_proxy,global_projection,down,test,3,152,0.18739576488733292,0.20672528445720673,0.21859944611787796,0.007816422684118153,0.050583597272634506,2.483475494384767,197.70381024456583,0.6766838431358337
learned_16_leaf_scalar_global,learned_16_leaf,expert_functional_proxy,global_projection,down,test,4,152,0.11721569374203682,0.1372353658080101,0.15275673270225526,0.003904573479667306,0.019738001748919487,1.3579673767089846,85.16380520944949,0.8624322414398193
learned_16_leaf_scalar_global,learned_16_leaf,expert_functional_proxy,global_projection,down,train,2,258,0.3463645726442337,0.38188542425632477,0.3983251839876175,0.03339278250932694,0.12645339965820312,9.776088523864754,1139.2888786355034,0.0
learned_16_leaf_scalar_global,learned_16_leaf,expert_functional_proxy,global_projection,down,train,3,258,0.18318952471017838,0.20704937726259232,0.2163467973470688,0.00954681932926178,0.05091969668865204,2.741515421867372,280.7096664714627,0.6993940770626068
learned_16_leaf_scalar_global,learned_16_leaf,expert_functional_proxy,global_projection,down,train,4,258,0.11569855660200119,0.13731595128774643,0.15084919929504395,0.0043772410601377485,0.021077976562082767,1.0696085929870607,119.15363587613683,0.8661774098873138
learned_16_leaf_scalar_global,learned_16_leaf,expert_functional_proxy,global_projection,down,validation,2,135,0.35170877575874326,0.3842483460903168,0.40105165243148805,0.02580031007528305,0.1297481805086136,9.962158966064463,831.5413537817076,0.0
learned_16_leaf_scalar_global,learned_16_leaf,expert_functional_proxy,global_projection,down,validation,3,135,0.1863476425409317,0.2073868364095688,0.2193027913570404,0.01032189205288887,0.042820680886507034,2.294243907928467,181.06004552636296,0.6926599144935608
learned_16_leaf_scalar_global,learned_16_leaf,expert_functional_proxy,global_projection,down,validation,4,135,0.11702267676591874,0.1387583166360855,0.1501045286655426,0.0038099567405879497,0.01951444149017334,1.4894683837890632,83.44096407620236,0.8605408668518066
learned_16_leaf_scalar_global,learned_16_leaf,expert_functional_proxy,global_projection,gate,test,2,152,0.23441433161497116,0.296114519238472,0.33643786013126376,2.2006099700927737,18.31285858154297,544.4579162597656,19051.63523709774,0.0
learned_16_leaf_scalar_global,learned_16_leaf,expert_functional_proxy,global_projection,gate,test,3,152,0.09850129336118699,0.13953766971826553,0.1792459174990654,0.5438185691833496,5.6568121910095215,60.14779777526856,2536.08043718338,0.7591575682163239
learned_16_leaf_scalar_global,learned_16_leaf,expert_functional_proxy,global_projection,gate,test,4,152,0.03386107087135315,0.05911455117166042,0.07934107258915901,0.1025466039776802,1.1128791570663452,5.94835810661316,312.95277398079634,0.9560581147670746
learned_16_leaf_scalar_global,learned_16_leaf,expert_functional_proxy,global_projection,gate,train,2,258,0.22586915791034698,0.296316534280777,0.3500518798828125,2.1482087135314942,18.349348068237305,533.8416870117188,31733.85083079338,0.0
learned_16_leaf_scalar_global,learned_16_leaf,expert_functional_proxy,global_projection,gate,train,3,258,0.10182339251041413,0.13866817951202393,0.18439247012138368,0.5644119143486023,5.6583311557769775,63.17102661132814,4319.961986362934,0.7562498450279236
learned_16_leaf_scalar_global,learned_16_leaf,expert_functional_proxy,global_projection,gate,train,4,258,0.034643346443772316,0.05951680429279804,0.08152870312333108,0.11158565506339073,1.112528145313263,6.806980133056642,552.2218412533402,0.9551868438720703
learned_16_leaf_scalar_global,learned_16_leaf,expert_functional_proxy,global_projection,gate,validation,2,135,0.22066299319267274,0.2910369336605072,0.33699806928634646,2.0840550899505614,18.29989242553711,497.0764953613281,15219.151384234428,0.0
learned_16_leaf_scalar_global,learned_16_leaf,expert_functional_proxy,global_projection,gate,validation,3,135,0.09569596648216247,0.13954178988933563,0.1800965189933777,0.554149580001831,5.657805919647217,54.042597198486334,2056.61856636405,0.7584148645401001
learned_16_leaf_scalar_global,learned_16_leaf,expert_functional_proxy,global_projection,gate,validation,4,135,0.032981406152248385,0.06070748716592789,0.08016378730535507,0.10437711477279663,1.1163393259048462,5.597538757324223,267.00108951330185,0.9539065957069397
learned_16_leaf_scalar_global,learned_16_leaf,expert_functional_proxy,global_projection,up,test,2,152,0.2094072714447975,0.33717162907123566,0.41382208168506623,2.0197833776474,13.296908855438232,50.812799835205084,3019.697392463684,0.0
learned_16_leaf_scalar_global,learned_16_leaf,expert_functional_proxy,global_projection,up,test,3,152,0.10082937404513359,0.17964251339435577,0.22135527133941652,0.5286918520927429,4.104294538497925,11.920603275299072,771.5051090419292,0.7207737565040588
learned_16_leaf_scalar_global,learned_16_leaf,expert_functional_proxy,global_projection,up,test,4,152,0.041575678065419196,0.07875334843993187,0.10288986638188362,0.10145044550299645,0.8487100601196289,2.086882209777832,140.61350674927235,0.9477861523628235
learned_16_leaf_scalar_global,learned_16_leaf,expert_functional_proxy,global_projection,up,train,2,258,0.2073680967092514,0.3412542790174484,0.4059688925743103,2.126223254203796,14.108274936676025,51.946170806884766,5222.060957074165,0.0
learned_16_leaf_scalar_global,learned_16_leaf,expert_functional_proxy,global_projection,up,train,3,258,0.09904470443725587,0.18095556646585464,0.2229956865310669,0.5856127083301544,4.186282157897949,12.283428478240968,1343.1642231941223,0.7211821675300598
learned_16_leaf_scalar_global,learned_16_leaf,expert_functional_proxy,global_projection,up,train,4,258,0.04025379046797752,0.0777117945253849,0.10043506324291229,0.10294540598988533,0.8531290888786316,2.0601006507873536,239.72573789954185,0.9479084014892578
learned_16_leaf_scalar_global,learned_16_leaf,expert_functional_proxy,global_projection,up,validation,2,135,0.20988281667232514,0.3488203287124634,0.4137445807456971,2.1478700160980226,14.45582389831543,56.93235321044922,2921.8295443058014,0.0
learned_16_leaf_scalar_global,learned_16_leaf,expert_functional_proxy,global_projection,up,validation,3,135,0.09824277609586715,0.1836758553981781,0.22401053905487062,0.5453419327735901,4.134991645812988,13.20597496032715,732.3357414901257,0.7244396209716797
learned_16_leaf_scalar_global,learned_16_leaf,expert_functional_proxy,global_projection,up,validation,4,135,0.0404462493956089,0.07930666953325272,0.0998423457145691,0.09313401579856873,0.8487100601196289,2.1608807563781744,128.58309680223465,0.9484724402427673
