layout_id,allocation_policy,mean_budget_quanta_per_expert,average_allowed_total_bpw,average_actual_total_bpw_mean,groups,recovery_p10,recovery_median,recovery_p90,recovery_mean,remaining_damage_median,baseline_recovery_p10,baseline_recovery_median,p10_remaining_damage_ratio_vs_baseline_same_budget,median_remaining_damage_ratio_vs_baseline_same_budget
q2q4_monolithic_same_solver_reference,pooled_exact_combined_moe_local_control,384,0.2682698567708333,0.2677764892578125,128,0.9039481865242407,0.9689820775865026,0.9917891728008227,0.9564366906101343,0.031017922413497434,0.9039481865242407,0.9689820775865026,1.0,1.0
q2q4_monolithic_same_solver_reference,pooled_exact_combined_moe_local_control,416,0.2891031901041667,0.2884864807128906,128,0.9122512450379444,0.9722853001105174,0.9930216877350188,0.9608566642073588,0.027714699889482608,0.9122512450379444,0.9722853001105174,1.0,1.0
q2q4_monolithic_same_solver_reference,pooled_exact_combined_moe_local_control,448,0.3099365234375,0.3093477884928385,128,0.9204389333172104,0.9750015752412626,0.9940400355357571,0.9647393325282558,0.02499842475873737,0.9204389333172104,0.9750015752412626,1.0,1.0
q2q4_monolithic_same_solver_reference,pooled_exact_combined_moe_local_control,480,0.3307698567708333,0.3301277160644531,128,0.9268942872487169,0.9773517859036728,0.9949764032782397,0.9680607537243096,0.022648214096327224,0.9268942872487169,0.9773517859036728,1.0,1.0
q2q4_monolithic_same_solver_reference,pooled_exact_combined_moe_local_control,512,0.3516031901041667,0.3509775797526042,128,0.9331582196383733,0.9800196142347563,0.9957432037257475,0.9711088774070491,0.019980385765243747,0.9331582196383733,0.9800196142347563,1.0,1.0
q2q4_monolithic_same_solver_reference,pooled_exact_combined_moe_local_control,544,0.3724365234375,0.3717689514160156,128,0.9380673742004293,0.9818609013120765,0.9964351658332049,0.9737310866273003,0.018139098687923516,0.9380673742004293,0.9818609013120765,1.0,1.0
q2q4_monolithic_same_solver_reference,pooled_exact_combined_moe_local_control,576,0.3932698567708333,0.39272562662760413,128,0.9433486407164836,0.9833833693254832,0.996934130872224,0.9759701709524943,0.016616630674516797,0.9433486407164836,0.9833833693254832,1.0,1.0
q2q4_monolithic_same_solver_reference,pooled_exact_combined_moe_local_control,608,0.4141031901041667,0.41344197591145837,128,0.9481905582210681,0.9847533602706037,0.9974243138555599,0.9780329015600343,0.015246639729396327,0.9481905582210681,0.9847533602706037,1.0,1.0
q2q4_monolithic_same_solver_reference,pooled_exact_combined_moe_local_control,640,0.4349365234375,0.4343172709147135,128,0.9532101469446367,0.9857869715049685,0.9978256692572266,0.9798592721457566,0.014213028495031477,0.9532101469446367,0.9857869715049685,1.0,1.0
q2q4_monolithic_same_solver_reference,pooled_exact_combined_moe_local_control,672,0.4557698567708333,0.45516331990559894,128,0.9573641009624643,0.9870103068986693,0.9981121409986016,0.9815227959516127,0.01298969310133069,0.9573641009624643,0.9870103068986693,1.0,1.0
q2q4_monolithic_same_solver_reference,pooled_exact_combined_moe_local_control,704,0.4766031901041667,0.4760398864746094,128,0.9605630232287011,0.9881419616980788,0.998364829178225,0.9830822792666696,0.011858038301921225,0.9605630232287011,0.9881419616980788,1.0,1.0
q2q4_monolithic_same_solver_reference,pooled_exact_combined_moe_local_control,736,0.4974365234375,0.49687957763671875,128,0.9637529180283332,0.9891332151567308,0.9985873715121517,0.984516634225566,0.010866784843269195,0.9637529180283332,0.9891332151567308,1.0,1.0
q2q4_monolithic_same_solver_reference,pooled_exact_combined_moe_local_control,768,0.5182698567708334,0.5176709493001301,128,0.9673530303002326,0.9900397754884372,0.9987942278887234,0.9858596628114702,0.009960224511562754,0.9673530303002326,0.9900397754884372,1.0,1.0
q2q4_monolithic_same_solver_reference,pooled_exact_combined_moe_local_control,800,0.5391031901041666,0.5385576883951823,128,0.9701547464739667,0.9909305358401468,0.9989551317685461,0.987117121891431,0.009069464159853213,0.9701547464739667,0.9909305358401468,1.0,1.0
q2q4_monolithic_same_solver_reference,pooled_exact_combined_moe_local_control,832,0.5599365234375,0.559313456217448,128,0.9728437871701043,0.9917629920402173,0.99913786406632,0.9882724796760224,0.00823700795978266,0.9728437871701043,0.9917629920402173,1.0,1.0
q2q4_monolithic_same_solver_reference,pooled_exact_combined_moe_local_control,864,0.5807698567708334,0.5802599589029948,128,0.9750886105849693,0.9925510112552518,0.99927656995865,0.9893069723856103,0.007448988744748197,0.9750886105849693,0.9925510112552518,1.0,1.0
q2q4_monolithic_same_solver_reference,pooled_exact_combined_moe_local_control,896,0.6016031901041666,0.6010297139485676,128,0.9773284309924003,0.993177292618044,0.9994037382003162,0.9902407612638782,0.006822707381956006,0.9773284309924003,0.993177292618044,1.0,1.0
q2q4_monolithic_same_solver_reference,pooled_exact_combined_moe_local_control,928,0.6224365234375,0.6218833923339844,128,0.9792877831388501,0.9938052192998283,0.9994717849035898,0.9910599535170433,0.006194780700171654,0.9792877831388501,0.9938052192998283,1.0,1.0
q2q4_monolithic_same_solver_reference,pooled_exact_combined_moe_local_control,960,0.6432698567708334,0.6428171793619791,128,0.9812951073068683,0.9943276949973008,0.9995514212078743,0.9918014096953975,0.005672305002699218,0.9812951073068683,0.9943276949973008,1.0,1.0
q2q4_monolithic_same_solver_reference,pooled_exact_combined_moe_local_control,992,0.6641031901041666,0.6635729471842449,128,0.982592491577194,0.9949085629006087,0.9996376190543919,0.992462507082036,0.005091437099391305,0.982592491577194,0.9949085629006087,1.0,1.0
q2q4_monolithic_same_solver_reference,pooled_exact_combined_moe_local_control,1024,0.6849365234375,0.684412638346354,128,0.9840894431845925,0.9953291756854523,0.9997030346781122,0.9930753848801556,0.0046708243145476835,0.9840894431845925,0.9953291756854523,1.0,1.0
q2q4_monolithic_same_solver_reference,pooled_exact_combined_moe_local_control,1056,0.7057698567708334,0.7051226298014324,128,0.985520922325019,0.9956371651526087,0.9997580712242861,0.9936510958696021,0.004362834847391306,0.985520922325019,0.9956371651526087,1.0,1.0
q2q4_monolithic_same_solver_reference,pooled_exact_combined_moe_local_control,1088,0.7266031901041666,0.72601318359375,128,0.9866113934508386,0.9960236684863589,0.9998056504102558,0.9941839832937001,0.003976331513641074,0.9866113934508386,0.9960236684863589,1.0,1.0
q2q4_monolithic_same_solver_reference,pooled_exact_combined_moe_local_control,1120,0.7474365234375,0.7468605041503906,128,0.988025642949616,0.9963364664187244,0.9998495989760716,0.9946632957723309,0.00366353358127558,0.988025642949616,0.9963364664187244,1.0,1.0
q2q4_monolithic_same_solver_reference,pooled_exact_combined_moe_local_control,1152,0.7682698567708334,0.7677497863769531,128,0.9890790947378284,0.9967386429246257,0.999882571566124,0.9951314635764992,0.003261357075374338,0.9890790947378284,0.9967386429246257,1.0,1.0
q2q4_monolithic_same_solver_reference,pooled_exact_combined_moe_local_control,1184,0.7891031901041666,0.7885793050130208,128,0.9900536552747075,0.9970126286801291,0.9999044115639405,0.9955646041057687,0.002987371319870924,0.9900536552747075,0.9970126286801291,1.0,1.0
q2q4_monolithic_same_solver_reference,pooled_exact_combined_moe_local_control,1216,0.8099365234375,0.8094724019368489,128,0.9911037482657279,0.9973092360919202,0.9999213181393514,0.9959717917301827,0.002690763908079763,0.9911037482657279,0.9973092360919202,1.0,1.0
q2q4_monolithic_same_solver_reference,pooled_exact_combined_moe_local_control,1248,0.8307698567708334,0.83026123046875,128,0.991825000594535,0.9975063649344348,0.999937884711327,0.9963398895555085,0.002493635065565214,0.991825000594535,0.9975063649344348,1.0,1.0
q2q4_monolithic_same_solver_reference,pooled_exact_combined_moe_local_control,1280,0.8516031901041666,0.8510856628417969,128,0.9925241684692142,0.9977877550250037,0.999950983596387,0.9966729106468736,0.0022122449749962803,0.9925241684692142,0.9977877550250037,1.0,1.0
q2q4_monolithic_same_solver_reference,pooled_exact_combined_moe_local_control,1284,0.8542073567708334,0.8535957336425781,128,0.9926043528467,0.9978155095673121,0.9999518518067406,0.9967150410340395,0.002184490432687869,0.9926043528467,0.9978155095673121,1.0,1.0
q2q4_monolithic_same_solver_reference,pooled_exact_combined_moe_local_control,1288,0.8568115234375,0.8563270568847656,128,0.9927016072816502,0.9978325837981643,0.9999532591309068,0.9967538803337515,0.0021674162018356924,0.9927016072816502,0.9978325837981643,1.0,1.0
q2q4_monolithic_same_solver_reference,pooled_exact_combined_moe_local_control,1292,0.8594156901041666,0.8588587443033854,128,0.9928064301781467,0.9978764076024988,0.999954463491758,0.9967916726172594,0.0021235923975011506,0.9928064301781467,0.9978764076024988,1.0,1.0
q2q4_monolithic_same_solver_reference,pooled_exact_combined_moe_local_control,1296,0.8620198567708334,0.8614654541015625,128,0.9928337993215803,0.9979044947850816,0.9999567026834962,0.9968296567417025,0.002095505214918414,0.9928337993215803,0.9979044947850816,1.0,1.0
q2q4_monolithic_same_solver_reference,pooled_exact_combined_moe_local_control,1300,0.8646240234375,0.8641014099121095,128,0.992952772521741,0.997928417935019,0.9999576411495554,0.9968683277396408,0.002071582064981037,0.992952772521741,0.997928417935019,1.0,1.0
q2q4_monolithic_same_solver_reference,pooled_exact_combined_moe_local_control,1304,0.8672281901041666,0.8667221069335938,128,0.9929844363743449,0.9979399220512112,0.9999581653649671,0.9969020746433692,0.0020600779487888188,0.9929844363743449,0.9979399220512112,1.0,1.0
q2q4_monolithic_same_solver_reference,pooled_exact_combined_moe_local_control,1308,0.8698323567708334,0.8692614237467449,128,0.9931007579331302,0.9979669734359441,0.9999597928557881,0.9969401734254387,0.0020330265640559064,0.9931007579331302,0.9979669734359441,1.0,1.0
q2q4_monolithic_same_solver_reference,pooled_exact_combined_moe_local_control,1312,0.8724365234375,0.871911366780599,128,0.9931884721246713,0.9979854049207375,0.9999609960495683,0.9969771328121093,0.0020145950792624934,0.9931884721246713,0.9979854049207375,1.0,1.0
q2q4_monolithic_same_solver_reference,pooled_exact_combined_moe_local_control,1316,0.8750406901041666,0.8745574951171875,128,0.9932677852303445,0.997998603705147,0.9999619239988541,0.9970152903158385,0.002001396294852964,0.9932677852303445,0.997998603705147,1.0,1.0
q2q4_monolithic_same_solver_reference,pooled_exact_combined_moe_local_control,1320,0.8776448567708334,0.8770472208658854,128,0.9932883960957444,0.9980208828670466,0.9999633221568098,0.9970448772196578,0.0019791171329534007,0.9932883960957444,0.9980208828670466,1.0,1.0
q2q4_monolithic_same_solver_reference,pooled_exact_combined_moe_local_control,1324,0.8802490234375,0.8796768188476562,128,0.9933752558641852,0.9980641424049415,0.9999644132753379,0.9970831969547972,0.0019358575950585433,0.9933752558641852,0.9980641424049415,1.0,1.0
q2q4_monolithic_same_solver_reference,pooled_exact_combined_moe_local_control,1328,0.8828531901041666,0.8823407491048176,128,0.9934489812164409,0.9980679566879395,0.9999651559630771,0.9971139588687948,0.0019320433120605385,0.9934489812164409,0.9980679566879395,1.0,1.0
q2q4_monolithic_same_solver_reference,pooled_exact_combined_moe_local_control,1332,0.8854573567708334,0.8848253885904949,128,0.9935209291325798,0.9980985400855266,0.999966063179586,0.9971466026854239,0.0019014599144734357,0.9935209291325798,0.9980985400855266,1.0,1.0
q2q4_monolithic_same_solver_reference,pooled_exact_combined_moe_local_control,1336,0.8880615234375,0.8875974019368489,128,0.9935467519784431,0.9981215366192255,0.9999673507936324,0.9971804101005018,0.0018784633807744644,0.9935467519784431,0.9981215366192255,1.0,1.0
q2q4_monolithic_same_solver_reference,pooled_exact_combined_moe_local_control,1340,0.8906656901041666,0.8900998433430989,128,0.9936493157463591,0.9981398768841296,0.9999686508027398,0.997210213240415,0.0018601231158703602,0.9936493157463591,0.9981398768841296,1.0,1.0
q2q4_monolithic_same_solver_reference,pooled_exact_combined_moe_local_control,1344,0.8932698567708334,0.8926709493001302,128,0.9937407942483966,0.9981566138493394,0.9999692549561582,0.9972451194951311,0.0018433861506605975,0.9937407942483966,0.9981566138493394,1.0,1.0
q2q4_monolithic_same_solver_reference,pooled_exact_combined_moe_local_control,1348,0.8958740234375,0.8952929178873699,128,0.9938151725680385,0.998198449567398,0.9999707181353052,0.9972766247165018,0.0018015504326019949,0.9938151725680385,0.998198449567398,1.0,1.0
q2q4_monolithic_same_solver_reference,pooled_exact_combined_moe_local_control,1352,0.8984781901041666,0.8979543050130209,128,0.9938609879224805,0.9982298064110449,0.9999722301860887,0.9973046140731522,0.001770193588955138,0.9938609879224805,0.9982298064110449,1.0,1.0
q2q4_monolithic_same_solver_reference,pooled_exact_combined_moe_local_control,1356,0.9010823567708334,0.9004974365234375,128,0.9939112927720835,0.9982417236186788,0.9999730898661645,0.997334324208866,0.0017582763813212,0.9939112927720835,0.9982417236186788,1.0,1.0
q2q4_monolithic_same_solver_reference,pooled_exact_combined_moe_local_control,1360,0.9036865234375,0.903100331624349,128,0.9939714700802439,0.99824296035373,0.9999740832372773,0.9973677933879062,0.0017570396462700533,0.9939714700802439,0.99824296035373,1.0,1.0
q2q4_monolithic_same_solver_reference,pooled_exact_combined_moe_local_control,1364,0.9062906901041666,0.9056256612141929,128,0.9940680751592365,0.9982961615936081,0.9999752685039405,0.9973952395011011,0.0017038384063918777,0.9940680751592365,0.9982961615936081,1.0,1.0
q2q4_monolithic_same_solver_reference,pooled_exact_combined_moe_local_control,1368,0.9088948567708334,0.908349355061849,128,0.9941338891521485,0.998319494352975,0.9999763200320999,0.9974241359090258,0.0016805056470250435,0.9941338891521485,0.998319494352975,1.0,1.0
q2q4_monolithic_same_solver_reference,pooled_exact_combined_moe_local_control,1372,0.9114990234375,0.9108874003092449,128,0.9942239716083641,0.9983217952849954,0.9999772001209981,0.9974551155675624,0.001678204715004572,0.9942239716083641,0.9983217952849954,1.0,1.0
q2q4_monolithic_same_solver_reference,pooled_exact_combined_moe_local_control,1376,0.9141031901041666,0.913487752278646,128,0.9942453507034705,0.9983407650771521,0.9999783235635015,0.9974770168977558,0.0016592349228479186,0.9942453507034705,0.9983407650771521,1.0,1.0
q2q4_monolithic_same_solver_reference,pooled_exact_combined_moe_local_control,1380,0.9167073567708334,0.9162025451660156,128,0.9943161060028609,0.9983563686558468,0.9999790852891632,0.9975129156685157,0.0016436313441532402,0.9943161060028609,0.9983563686558468,1.0,1.0
q2q4_monolithic_same_solver_reference,pooled_exact_combined_moe_local_control,1384,0.9193115234375,0.9187278747558594,128,0.9943722855958608,0.9983859741627024,0.9999798439245394,0.9975389064114432,0.001614025837297639,0.9943722855958608,0.9983859741627024,1.0,1.0
q2q4_monolithic_same_solver_reference,pooled_exact_combined_moe_local_control,1388,0.9219156901041666,0.9213918050130208,128,0.9944059461341249,0.9984163325685724,0.9999802246885272,0.9975648000912578,0.0015836674314275712,0.9944059461341249,0.9984163325685724,1.0,1.0
q2q4_monolithic_same_solver_reference,pooled_exact_combined_moe_local_control,1392,0.9245198567708334,0.9239451090494791,128,0.9944493366426703,0.9984229860574633,0.999981408584966,0.9975967434696897,0.0015770139425367313,0.9944493366426703,0.9984229860574633,1.0,1.0
q2q4_monolithic_same_solver_reference,pooled_exact_combined_moe_local_control,1396,0.9271240234375,0.9265429178873699,128,0.9945434409283641,0.9984471660446351,0.9999819442811549,0.9976218414698665,0.001552833955364874,0.9945434409283641,0.9984471660446351,1.0,1.0
q2q4_monolithic_same_solver_reference,pooled_exact_combined_moe_local_control,1400,0.9297281901041666,0.9292551676432292,128,0.9946147596924187,0.9984632050279734,0.9999829321265047,0.9976458234939207,0.0015367949720266338,0.9946147596924187,0.9984632050279734,1.0,1.0
q2q4_monolithic_same_solver_reference,pooled_exact_combined_moe_local_control,1404,0.9323323567708334,0.9316685994466146,128,0.994662049986836,0.9984814598170755,0.9999837257993296,0.9976713369300141,0.0015185401829245215,0.994662049986836,0.9984814598170755,1.0,1.0
q2q4_monolithic_same_solver_reference,pooled_exact_combined_moe_local_control,1408,0.9349365234375,0.9342473347981771,128,0.9946931287964305,0.9984845170160543,0.9999848163158908,0.9977003060663014,0.0015154829839456596,0.9946931287964305,0.9984845170160543,1.0,1.0
q2q4_monolithic_same_solver_reference,pooled_exact_combined_moe_local_control,1412,0.9375406901041666,0.9369913736979167,128,0.9947675334872569,0.9985082391804709,0.9999854240808354,0.9977229006805924,0.0014917608195290644,0.9947675334872569,0.9985082391804709,1.0,1.0
q2q4_monolithic_same_solver_reference,pooled_exact_combined_moe_local_control,1416,0.9401448567708334,0.9396018981933594,128,0.9948645955880524,0.9985313875337518,0.9999864725988726,0.9977500176560525,0.001468612466248187,0.9948645955880524,0.9985313875337518,1.0,1.0
q2q4_monolithic_same_solver_reference,pooled_exact_combined_moe_local_control,1420,0.9427490234375,0.9421666463216146,128,0.9949234405207359,0.9985371000739072,0.9999868639101811,0.9977745510232843,0.001462899926092831,0.9949234405207359,0.9985371000739072,1.0,1.0
q2q4_monolithic_same_solver_reference,pooled_exact_combined_moe_local_control,1424,0.9453531901041666,0.9448216756184896,128,0.9948982069025345,0.9985442124320154,0.9999874460948642,0.9977980922536666,0.00145578756798459,0.9948982069025345,0.9985442124320154,1.0,1.0
q2q4_monolithic_same_solver_reference,pooled_exact_combined_moe_local_control,1428,0.9479573567708334,0.9474372863769531,128,0.9949756711630194,0.9985631110184665,0.9999878198345016,0.9978240673030077,0.0014368889815334907,0.9949756711630194,0.9985631110184665,1.0,1.0
q2q4_monolithic_same_solver_reference,pooled_exact_combined_moe_local_control,1432,0.9505615234375,0.9499486287434896,128,0.9950945050156897,0.9985910204712045,0.9999886246049183,0.9978490187638208,0.0014089795287954843,0.9950945050156897,0.9985910204712045,1.0,1.0
q2q4_monolithic_same_solver_reference,pooled_exact_combined_moe_local_control,1436,0.9531656901041666,0.9525616963704426,128,0.9951368689414438,0.9985896469150335,0.9999887817511184,0.9978741525411072,0.0014103530849665091,0.9951368689414438,0.9985896469150335,1.0,1.0
q2q4_monolithic_same_solver_reference,pooled_exact_combined_moe_local_control,1440,0.9557698567708334,0.9552841186523438,128,0.9951572795998639,0.99860360863788,0.9999891877273299,0.9978949074432526,0.0013963913621199975,0.9951572795998639,0.99860360863788,1.0,1.0
q2q4_monolithic_same_solver_reference,pooled_exact_combined_moe_local_control,1444,0.9583740234375,0.9578018188476562,128,0.9951757089231947,0.9986294258851742,0.9999897822812117,0.9979188884501635,0.0013705741148257733,0.9951757089231947,0.9986294258851742,1.0,1.0
q2q4_monolithic_same_solver_reference,pooled_exact_combined_moe_local_control,1448,0.9609781901041666,0.9604479471842449,128,0.9952801319573721,0.9986411100504944,0.9999901950485975,0.997940340444263,0.001358889949505615,0.9952801319573721,0.9986411100504944,1.0,1.0
q2q4_monolithic_same_solver_reference,pooled_exact_combined_moe_local_control,1452,0.9635823567708334,0.963043212890625,128,0.9953755508671128,0.9986642757346005,0.9999908149082265,0.9979635609512527,0.0013357242653995183,0.9953755508671128,0.9986642757346005,1.0,1.0
q2q4_monolithic_same_solver_reference,pooled_exact_combined_moe_local_control,1456,0.9661865234375,0.9655380249023438,128,0.9953494258839135,0.9986708080020159,0.9999913233661609,0.9979844805029809,0.0013291919979840916,0.9953494258839135,0.9986708080020159,1.0,1.0
q2q4_monolithic_same_solver_reference,pooled_exact_combined_moe_local_control,1460,0.9687906901041666,0.9681650797526041,128,0.995412832065544,0.9986848080596105,0.9999914968318718,0.9980056668650907,0.0013151919403895374,0.995412832065544,0.9986848080596105,1.0,1.0
q2q4_monolithic_same_solver_reference,pooled_exact_combined_moe_local_control,1464,0.9713948567708334,0.9707832336425781,128,0.9955371885290824,0.9986952064572561,0.9999920110425363,0.9980327031829967,0.0013047935427439317,0.9955371885290824,0.9986952064572561,1.0,1.0
q2q4_monolithic_same_solver_reference,pooled_exact_combined_moe_local_control,1468,0.9739990234375,0.9733734130859375,128,0.99555840914414,0.9987176032583921,0.9999923508948293,0.9980531955245202,0.0012823967416079052,0.99555840914414,0.9987176032583921,1.0,1.0
q2q4_monolithic_same_solver_reference,pooled_exact_combined_moe_local_control,1472,0.9766031901041666,0.9760233561197916,128,0.995593846778427,0.9987275337125223,0.9999923856595024,0.9980754556038627,0.0012724662874776804,0.995593846778427,0.9987275337125223,1.0,1.0
q2q4_monolithic_same_solver_reference,pooled_exact_combined_moe_local_control,1476,0.9792073567708334,0.9786567687988281,128,0.9956593150822076,0.9987407511769467,0.9999926584788397,0.9980959729261133,0.0012592488230532828,0.9956593150822076,0.9987407511769467,1.0,1.0
q2q4_monolithic_same_solver_reference,pooled_exact_combined_moe_local_control,1480,0.9818115234375,0.9811592102050781,128,0.9957213887019568,0.9987547113968198,0.999993311697679,0.9981198422075594,0.0012452886031801835,0.9957213887019568,0.9987547113968198,1.0,1.0
q2q4_monolithic_same_solver_reference,pooled_exact_combined_moe_local_control,1484,0.9844156901041666,0.983978271484375,128,0.9957951061189948,0.9987799257046246,0.9999937169679449,0.998140014053069,0.0012200742953754062,0.9957951061189948,0.9987799257046246,1.0,1.0
q2q4_monolithic_same_solver_reference,pooled_exact_combined_moe_local_control,1488,0.9870198567708334,0.986419677734375,128,0.995836903380947,0.9987856929160661,0.9999940168211587,0.998161203263891,0.0012143070839338854,0.995836903380947,0.9987856929160661,1.0,1.0
q2q4_monolithic_same_solver_reference,pooled_exact_combined_moe_local_control,1492,0.9896240234375,0.9890594482421875,128,0.9958718744268716,0.9988009313092505,0.9999943766722493,0.9981786265363147,0.001199068690749483,0.9958718744268716,0.9988009313092505,1.0,1.0
q2q4_monolithic_same_solver_reference,pooled_exact_combined_moe_local_control,1496,0.9922281901041666,0.9917513529459635,128,0.9958698842794919,0.9988225865391316,0.9999946942184909,0.9981992467295384,0.001177413460868415,0.9958698842794919,0.9988225865391316,1.0,1.0
q2q4_monolithic_same_solver_reference,pooled_exact_combined_moe_local_control,1500,0.9948323567708334,0.9942906697591146,128,0.9959190020810443,0.9988319386235356,0.9999949855367173,0.9982183172306761,0.0011680613764644132,0.9959190020810443,0.9988319386235356,1.0,1.0
q2q4_monolithic_same_solver_reference,pooled_exact_combined_moe_local_control,1504,0.9974365234375,0.9967981974283855,128,0.9960231168413614,0.9988480081533648,0.9999952004185345,0.9982384301850149,0.0011519918466351697,0.9960231168413614,0.9988480081533648,1.0,1.0
q2q4_monolithic_same_solver_reference,pooled_exact_combined_moe_local_control,1506,0.9987386067708334,0.9981460571289062,128,0.9960639770160515,0.9988488233795365,0.9999952669452166,0.9982536699422428,0.00115117662046349,0.9960639770160515,0.9988488233795365,1.0,1.0
q2q4_monolithic_same_solver_reference,pooled_exact_combined_moe_local_control,1507,0.9993896484375,0.9988416035970052,128,0.9959959221653577,0.9988477493633869,0.999995283630118,0.9982524484395678,0.0011522506366130614,0.9959959221653577,0.9988477493633869,1.0,1.0
q2q4_monolithic_same_solver_reference,pooled_exact_combined_moe_local_control,1508,1.0000406901041667,0.999463399251302,128,0.9959639861281763,0.9988561905946707,0.9999954044979599,0.9982592037583116,0.0011438094053293213,0.9959639861281763,0.9988561905946707,1.0,1.0
q2q4_monolithic_same_solver_reference,pooled_exact_combined_moe_local_control,1512,1.0026448567708333,1.0020853678385415,128,0.9960316889251969,0.9988705401313589,0.999995538351028,0.998281560073047,0.0011294598686411028,0.9960316889251969,0.9988705401313589,1.0,1.0
q2q4_monolithic_same_solver_reference,pooled_exact_combined_moe_local_control,1516,1.0052490234375,1.0046552022298179,128,0.9961115004302699,0.9988914482258487,0.9999957060847323,0.9983013056423671,0.0011085517741512563,0.9961115004302699,0.9988914482258487,1.0,1.0
q2q4_monolithic_same_solver_reference,pooled_exact_combined_moe_local_control,1520,1.0078531901041667,1.0071945190429688,128,0.9961685242300191,0.9988951221390402,0.9999959151849627,0.9983199345757021,0.0011048778609598076,0.9961685242300191,0.9988951221390402,1.0,1.0
q2q4_monolithic_same_solver_reference,pooled_exact_combined_moe_local_control,1524,1.0104573567708333,1.0098851521809895,128,0.9962244859696491,0.9989098750412857,0.9999961028543494,0.9983390003865611,0.0010901249587143003,0.9962244859696491,0.9989098750412857,1.0,1.0
q2q4_monolithic_same_solver_reference,pooled_exact_combined_moe_local_control,1528,1.0130615234375,1.0124168395996094,128,0.9962410120886014,0.9989193550423905,0.9999962571509923,0.9983555708718138,0.0010806449576095112,0.9962410120886014,0.9989193550423905,1.0,1.0
q2q4_monolithic_same_solver_reference,pooled_exact_combined_moe_local_control,1532,1.0156656901041667,1.0150553385416665,128,0.9962674326217537,0.9989369904523682,0.9999964039686705,0.9983747434494072,0.0010630095476318324,0.9962674326217537,0.9989369904523682,1.0,1.0
q2q4_monolithic_same_solver_reference,pooled_exact_combined_moe_local_control,1536,1.0182698567708333,1.0176175435384114,128,0.9963449828804145,0.9989488379103376,0.9999964884393765,0.9983980049896913,0.001051162089662383,0.9963449828804145,0.9989488379103376,1.0,1.0
q2q4_monolithic_same_solver_reference,pooled_exact_combined_moe_local_control,1568,1.0391031901041667,1.0384788513183594,128,0.9966047516795248,0.999039774599028,0.9999975298814788,0.9985396105893997,0.0009602254009719591,0.9966047516795248,0.999039774599028,1.0,1.0
q2q4_monolithic_same_solver_reference,pooled_exact_combined_moe_local_control,1600,1.0599365234375,1.0592753092447915,128,0.9969121790000592,0.9991304986273065,0.9999983579041916,0.9986796156941024,0.0008695013726934819,0.9969121790000592,0.9991304986273065,1.0,1.0
q2q4_monolithic_same_solver_reference,pooled_exact_combined_moe_local_control,1632,1.0807698567708333,1.0798492431640625,128,0.9972012493272625,0.9992171246710577,0.9999987781398699,0.9988082018856389,0.0007828753289422785,0.9972012493272625,0.9992171246710577,1.0,1.0
q2q4_monolithic_same_solver_reference,pooled_exact_combined_moe_local_control,1664,1.1016031901041667,1.1006253560384114,128,0.9974431989417786,0.9992927450882967,0.9999991314662001,0.9989206692480096,0.0007072549117033144,0.9974431989417786,0.9992927450882967,1.0,1.0
q2q4_monolithic_same_solver_reference,pooled_router_square_multi_budget_column_generated,384,0.2682698567708333,0.2678031921386719,128,0.9012698574429038,0.9686161663626609,0.9917239016911314,0.9556213283896927,0.0313838336373391,0.9012698574429038,0.9686161663626609,1.0,1.0
q2q4_monolithic_same_solver_reference,pooled_router_square_multi_budget_column_generated,416,0.2891031901041667,0.28857421875,128,0.9102871887463212,0.9717119540961152,0.9928934052105672,0.9600218915818097,0.028288045903884784,0.9102871887463212,0.9717119540961152,1.0,1.0
q2q4_monolithic_same_solver_reference,pooled_router_square_multi_budget_column_generated,448,0.3099365234375,0.3094431559244792,128,0.9195210557985299,0.9745019773484618,0.9939329666634936,0.963922102439609,0.02549802265153822,0.9195210557985299,0.9745019773484618,1.0,1.0
q2q4_monolithic_same_solver_reference,pooled_router_square_multi_budget_column_generated,480,0.3307698567708333,0.3303883870442708,128,0.9263291345947609,0.9771658700058922,0.9949590449345009,0.9674855111559828,0.022834129994107832,0.9263291345947609,0.9771658700058922,1.0,1.0
q2q4_monolithic_same_solver_reference,pooled_router_square_multi_budget_column_generated,512,0.3516031901041667,0.35123443603515625,128,0.9314329611872246,0.9797805472842459,0.9955453853664996,0.9705163855354213,0.020219452715754094,0.9314329611872246,0.9797805472842459,1.0,1.0
q2q4_monolithic_same_solver_reference,pooled_router_square_multi_budget_column_generated,544,0.3724365234375,0.3720575968424479,128,0.937214831280119,0.9812713133027045,0.9963767272422399,0.9731358798877349,0.01872868669729555,0.937214831280119,0.9812713133027045,1.0,1.0
q2q4_monolithic_same_solver_reference,pooled_router_square_multi_budget_column_generated,576,0.3932698567708333,0.39296086629231763,128,0.9424944745284266,0.9829262894979749,0.9969264821351286,0.9754575084616657,0.017073710502025108,0.9424944745284266,0.9829262894979749,1.0,1.0
q2q4_monolithic_same_solver_reference,pooled_router_square_multi_budget_column_generated,608,0.4141031901041667,0.4137560526529948,128,0.9458245602276232,0.9840957959507932,0.9973909574147575,0.9774422064729777,0.015904204049206783,0.9458245602276232,0.9840957959507932,1.0,1.0
q2q4_monolithic_same_solver_reference,pooled_router_square_multi_budget_column_generated,640,0.4349365234375,0.4345703125,128,0.9521928140295318,0.9853933617297443,0.9978190528310322,0.9792557646204927,0.014606638270255656,0.9521928140295318,0.9853933617297443,1.0,1.0
q2q4_monolithic_same_solver_reference,pooled_router_square_multi_budget_column_generated,672,0.4557698567708333,0.4554023742675781,128,0.9546125998056706,0.9866767929147321,0.9980895085393124,0.9810004617246001,0.013323207085267907,0.9546125998056706,0.9866767929147321,1.0,1.0
q2q4_monolithic_same_solver_reference,pooled_router_square_multi_budget_column_generated,704,0.4766031901041667,0.476250966389974,128,0.9585882696482144,0.9878160577217937,0.99832106812819,0.9825236074494736,0.012183942278206294,0.9585882696482144,0.9878160577217937,1.0,1.0
q2q4_monolithic_same_solver_reference,pooled_router_square_multi_budget_column_generated,736,0.4974365234375,0.4970830281575521,128,0.9622908823177203,0.9887079146975845,0.9985730264579303,0.9840106768607488,0.011292085302415544,0.9622908823177203,0.9887079146975845,1.0,1.0
q2q4_monolithic_same_solver_reference,pooled_router_square_multi_budget_column_generated,768,0.5182698567708334,0.5179824829101562,128,0.9656164064490277,0.9898095416827313,0.9987920597560576,0.9854284168066291,0.010190458317268725,0.9656164064490277,0.9898095416827313,1.0,1.0
q2q4_monolithic_same_solver_reference,pooled_router_square_multi_budget_column_generated,800,0.5391031901041666,0.538794199625651,128,0.9684972373444677,0.9907158964395029,0.9989427926091609,0.9866980902968624,0.009284103560497137,0.9684972373444677,0.9907158964395029,1.0,1.0
q2q4_monolithic_same_solver_reference,pooled_router_square_multi_budget_column_generated,832,0.5599365234375,0.5597190856933594,128,0.9720879595279959,0.9915047996317168,0.9991013704839653,0.9878951889699645,0.008495200368283218,0.9720879595279959,0.9915047996317168,1.0,1.0
q2q4_monolithic_same_solver_reference,pooled_router_square_multi_budget_column_generated,864,0.5807698567708334,0.580518086751302,128,0.9743533948047971,0.9922746420292201,0.9992411128338109,0.9889694489858806,0.007725357970779889,0.9743533948047971,0.9922746420292201,1.0,1.0
q2q4_monolithic_same_solver_reference,pooled_router_square_multi_budget_column_generated,896,0.6016031901041666,0.6014086405436199,128,0.9765085982066268,0.9929974915426429,0.9993452672163233,0.989947560685984,0.0070025084573570595,0.9765085982066268,0.9929974915426429,1.0,1.0
q2q4_monolithic_same_solver_reference,pooled_router_square_multi_budget_column_generated,928,0.6224365234375,0.6222050984700521,128,0.9787582580432893,0.9935418947207035,0.9994596391048802,0.9908089356115228,0.006458105279296467,0.9787582580432893,0.9935418947207035,1.0,1.0
q2q4_monolithic_same_solver_reference,pooled_router_square_multi_budget_column_generated,960,0.6432698567708334,0.6430206298828125,128,0.9805918588176755,0.994270152294358,0.9995453118251685,0.9915128583145975,0.005729847705641999,0.9805918588176755,0.994270152294358,1.0,1.0
q2q4_monolithic_same_solver_reference,pooled_router_square_multi_budget_column_generated,992,0.6641031901041666,0.6638132731119791,128,0.9822376644846484,0.9948055788498051,0.9996205123269143,0.9922312101282984,0.005194421150194861,0.9822376644846484,0.9948055788498051,1.0,1.0
q2q4_monolithic_same_solver_reference,pooled_router_square_multi_budget_column_generated,1024,0.6849365234375,0.6846224466959635,128,0.9838312231619167,0.9950757120890018,0.9996871880514819,0.9928317072938769,0.004924287910998193,0.9838312231619167,0.9950757120890018,1.0,1.0
q2q4_monolithic_same_solver_reference,pooled_router_square_multi_budget_column_generated,1056,0.7057698567708334,0.705474853515625,128,0.9852464175589725,0.9955285243751982,0.9997479156317589,0.9934191007780617,0.004471475624801768,0.9852464175589725,0.9955285243751982,1.0,1.0
q2q4_monolithic_same_solver_reference,pooled_router_square_multi_budget_column_generated,1088,0.7266031901041666,0.7262738545735676,128,0.9863793969959124,0.995930887489546,0.9998028747224834,0.9939712212261688,0.004069112510454054,0.9863793969959124,0.995930887489546,1.0,1.0
q2q4_monolithic_same_solver_reference,pooled_router_square_multi_budget_column_generated,1120,0.7474365234375,0.7471389770507812,128,0.9876788936724094,0.9962704520037553,0.9998468012010808,0.9944801937484655,0.0037295479962446976,0.9876788936724094,0.9962704520037553,1.0,1.0
q2q4_monolithic_same_solver_reference,pooled_router_square_multi_budget_column_generated,1152,0.7682698567708334,0.7679430643717449,128,0.9888755298252253,0.9965901528250427,0.9998807689922472,0.99497249054276,0.0034098471749572923,0.9888755298252253,0.9965901528250427,1.0,1.0
q2q4_monolithic_same_solver_reference,pooled_router_square_multi_budget_column_generated,1184,0.7891031901041666,0.788861592610677,128,0.9898316658880925,0.9968781757801042,0.9999034490897515,0.9954230697586773,0.003121824219895819,0.9898316658880925,0.9968781757801042,1.0,1.0
q2q4_monolithic_same_solver_reference,pooled_router_square_multi_budget_column_generated,1216,0.8099365234375,0.8096466064453125,128,0.9908677133536433,0.9972181029408084,0.999919822992583,0.9958541345970353,0.0027818970591916292,0.9908677133536433,0.9972181029408084,1.0,1.0
q2q4_monolithic_same_solver_reference,pooled_router_square_multi_budget_column_generated,1248,0.8307698567708334,0.8304939270019531,128,0.9916003216366571,0.9974748775027411,0.999936267356972,0.9962154224504964,0.0025251224972588915,0.9916003216366571,0.9974748775027411,1.0,1.0
q2q4_monolithic_same_solver_reference,pooled_router_square_multi_budget_column_generated,1280,0.8516031901041666,0.8513120015462239,128,0.9924453438125479,0.9977356617351041,0.9999500515938745,0.9965701383957213,0.0022643382648959154,0.9924453438125479,0.9977356617351041,1.0,1.0
q2q4_monolithic_same_solver_reference,pooled_router_square_multi_budget_column_generated,1284,0.8542073567708334,0.8539772033691406,128,0.9924978225346561,0.99775670792343,0.9999515744656959,0.9966026609095154,0.002243292076570036,0.9924978225346561,0.99775670792343,1.0,1.0
q2q4_monolithic_same_solver_reference,pooled_router_square_multi_budget_column_generated,1288,0.8568115234375,0.8565317789713542,128,0.9926651592628014,0.9977472039803639,0.9999530159883844,0.9966561372822044,0.0022527960196361274,0.9926651592628014,0.9977472039803639,1.0,1.0
q2q4_monolithic_same_solver_reference,pooled_router_square_multi_budget_column_generated,1292,0.8594156901041666,0.8592084248860676,128,0.9926776219589967,0.9977707951887718,0.9999534861703486,0.996689428407371,0.002229204811228236,0.9926776219589967,0.9977707951887718,1.0,1.0
q2q4_monolithic_same_solver_reference,pooled_router_square_multi_budget_column_generated,1296,0.8620198567708334,0.8617808024088542,128,0.9927291897974807,0.9977976318308225,0.9999567026834962,0.9967223873143297,0.0022023681691775154,0.9927291897974807,0.9977976318308225,1.0,1.0
q2q4_monolithic_same_solver_reference,pooled_router_square_multi_budget_column_generated,1300,0.8646240234375,0.8643391927083333,128,0.992794367068448,0.9978418766196644,0.999957265535994,0.9967695102342098,0.002158123380335608,0.992794367068448,0.9978418766196644,1.0,1.0
q2q4_monolithic_same_solver_reference,pooled_router_square_multi_budget_column_generated,1304,0.8672281901041666,0.8669713338216145,128,0.9929221293123476,0.9978671145946534,0.99995800466466,0.9967931887233514,0.0021328854053466184,0.9929221293123476,0.9978671145946534,1.0,1.0
q2q4_monolithic_same_solver_reference,pooled_router_square_multi_budget_column_generated,1308,0.8698323567708334,0.8695348103841146,128,0.9930039209872512,0.9978563067049158,0.9999597392056153,0.9968301286470154,0.002143693295084237,0.9930039209872512,0.9978563067049158,1.0,1.0
q2q4_monolithic_same_solver_reference,pooled_router_square_multi_budget_column_generated,1312,0.8724365234375,0.8721783955891926,128,0.9930148334377785,0.9978981421238027,0.9999608420833442,0.9968643600533322,0.0021018578761973217,0.9930148334377785,0.9978981421238027,1.0,1.0
q2q4_monolithic_same_solver_reference,pooled_router_square_multi_budget_column_generated,1316,0.8750406901041666,0.8747978210449219,128,0.9932470535963848,0.9979290366666156,0.9999618153744195,0.9969194060916783,0.0020709633333844124,0.9932470535963848,0.9979290366666156,1.0,1.0
q2q4_monolithic_same_solver_reference,pooled_router_square_multi_budget_column_generated,1320,0.8776448567708334,0.877386728922526,128,0.9932320701113749,0.9979374459889445,0.9999633221568098,0.9969435684361446,0.002062554011055484,0.9932320701113749,0.9979374459889445,1.0,1.0
q2q4_monolithic_same_solver_reference,pooled_router_square_multi_budget_column_generated,1324,0.8802490234375,0.8799718221028646,128,0.9932335793926143,0.9979756609081261,0.9999640568323778,0.9969696263227104,0.002024339091873939,0.9932335793926143,0.9979756609081261,1.0,1.0
q2q4_monolithic_same_solver_reference,pooled_router_square_multi_budget_column_generated,1328,0.8828531901041666,0.8826433817545573,128,0.9933498222410513,0.9979899311991226,0.9999649880225333,0.9970059114767154,0.002010068800877396,0.9933498222410513,0.9979899311991226,1.0,1.0
q2q4_monolithic_same_solver_reference,pooled_router_square_multi_budget_column_generated,1332,0.8854573567708334,0.8852132161458333,128,0.9934663818328511,0.9980036337371574,0.999966063179586,0.9970365463577642,0.001996366262842608,0.9934663818328511,0.9980036337371574,1.0,1.0
q2q4_monolithic_same_solver_reference,pooled_router_square_multi_budget_column_generated,1336,0.8880615234375,0.8878122965494792,128,0.9934835219920134,0.998041212803819,0.9999670062241761,0.997072831426302,0.0019587871961810333,0.9934835219920134,0.998041212803819,1.0,1.0
q2q4_monolithic_same_solver_reference,pooled_router_square_multi_budget_column_generated,1340,0.8906656901041666,0.8903795878092446,128,0.9936493157463591,0.9980740153506638,0.9999684680936769,0.997107274616273,0.0019259846493362431,0.9936493157463591,0.9980740153506638,1.0,1.0
q2q4_monolithic_same_solver_reference,pooled_router_square_multi_budget_column_generated,1344,0.8932698567708334,0.8930155436197917,128,0.9936544602150069,0.9980754734172386,0.9999689812060119,0.997138592606594,0.0019245265827614322,0.9936544602150069,0.9980754734172386,1.0,1.0
q2q4_monolithic_same_solver_reference,pooled_router_square_multi_budget_column_generated,1348,0.8958740234375,0.8956260681152344,128,0.9937181147427145,0.9981081508666887,0.9999698595535111,0.9971643819897028,0.0018918491333113074,0.9937181147427145,0.9981081508666887,1.0,1.0
q2q4_monolithic_same_solver_reference,pooled_router_square_multi_budget_column_generated,1352,0.8984781901041666,0.8981959025065104,128,0.9937638556979904,0.9981463112510592,0.9999722301860887,0.9971952385554883,0.0018536887489407627,0.9937638556979904,0.9981463112510592,1.0,1.0
q2q4_monolithic_same_solver_reference,pooled_router_square_multi_budget_column_generated,1356,0.9010823567708334,0.9008064270019531,128,0.9938423650283781,0.9981595216260282,0.9999715511683402,0.9972271552610399,0.0018404783739718322,0.9938423650283781,0.9981595216260282,1.0,1.0
q2q4_monolithic_same_solver_reference,pooled_router_square_multi_budget_column_generated,1360,0.9036865234375,0.9033902486165365,128,0.9938245887168874,0.9981846638628835,0.999973901727585,0.9972605568022812,0.0018153361371164856,0.9938245887168874,0.9981846638628835,1.0,1.0
q2q4_monolithic_same_solver_reference,pooled_router_square_multi_budget_column_generated,1364,0.9062906901041666,0.9060478210449219,128,0.9940068996325042,0.9982005471388689,0.9999742055264915,0.9972833348151031,0.0017994528611311456,0.9940068996325042,0.9982005471388689,1.0,1.0
q2q4_monolithic_same_solver_reference,pooled_router_square_multi_budget_column_generated,1368,0.9088948567708334,0.9086049397786459,128,0.9940065255217839,0.9982707707932463,0.9999761763527574,0.9973219439083012,0.0017292292067536685,0.9940065255217839,0.9982707707932463,1.0,1.0
q2q4_monolithic_same_solver_reference,pooled_router_square_multi_budget_column_generated,1372,0.9114990234375,0.9112408955891927,128,0.9940142752340417,0.9982621508226501,0.999976478687677,0.9973516977908854,0.0017378491773498705,0.9940142752340417,0.9982621508226501,1.0,1.0
q2q4_monolithic_same_solver_reference,pooled_router_square_multi_budget_column_generated,1376,0.9141031901041666,0.9137903849283855,128,0.9940609833128822,0.9982986737671706,0.9999776847774382,0.9973820978485849,0.00170132623282937,0.9940609833128822,0.9982986737671706,1.0,1.0
q2q4_monolithic_same_solver_reference,pooled_router_square_multi_budget_column_generated,1380,0.9167073567708334,0.916418711344401,128,0.9942331710385122,0.998306519015828,0.9999787657468604,0.9974074163505402,0.0016934809841719911,0.9942331710385122,0.998306519015828,1.0,1.0
q2q4_monolithic_same_solver_reference,pooled_router_square_multi_budget_column_generated,1384,0.9193115234375,0.9190394083658855,128,0.9942613211250867,0.9983059372123855,0.9999795989743876,0.9974448410764687,0.0016940627876145253,0.9942613211250867,0.9983059372123855,1.0,1.0
q2q4_monolithic_same_solver_reference,pooled_router_square_multi_budget_column_generated,1388,0.9219156901041666,0.9216562906901041,128,0.9942590622967823,0.9983454614961548,0.9999799708895224,0.9974680899289825,0.0016545385038452265,0.9942590622967823,0.9983454614961548,1.0,1.0
q2q4_monolithic_same_solver_reference,pooled_router_square_multi_budget_column_generated,1392,0.9245198567708334,0.924249013264974,128,0.9943328028793131,0.9983305462572212,0.999981408584966,0.9975024210526433,0.0016694537427788259,0.9943328028793131,0.9983305462572212,1.0,1.0
q2q4_monolithic_same_solver_reference,pooled_router_square_multi_budget_column_generated,1396,0.9271240234375,0.9267857869466146,128,0.994495882674594,0.9983657902725448,0.9999815523583332,0.9975254974316662,0.0016342097274552048,0.994495882674594,0.9983657902725448,1.0,1.0
q2q4_monolithic_same_solver_reference,pooled_router_square_multi_budget_column_generated,1400,0.9297281901041666,0.9294586181640624,128,0.9944949624743137,0.9983880921717674,0.9999825060002246,0.9975602156335569,0.0016119078282326171,0.9944949624743137,0.9983880921717674,1.0,1.0
q2q4_monolithic_same_solver_reference,pooled_router_square_multi_budget_column_generated,1404,0.9323323567708334,0.932092030843099,128,0.9946113262242366,0.9984071597312337,0.9999837257993296,0.9975945426330584,0.0015928402687662713,0.9946113262242366,0.9984071597312337,1.0,1.0
q2q4_monolithic_same_solver_reference,pooled_router_square_multi_budget_column_generated,1408,0.9349365234375,0.934618631998698,128,0.9945183393243404,0.9984251793991179,0.9999845270629357,0.9976079179259271,0.0015748206008820986,0.9945183393243404,0.9984251793991179,1.0,1.0
q2q4_monolithic_same_solver_reference,pooled_router_square_multi_budget_column_generated,1412,0.9375406901041666,0.9372520446777344,128,0.9946630212730968,0.9984564286393185,0.9999847678300001,0.9976389930137688,0.001543571360681506,0.9946630212730968,0.9984564286393185,1.0,1.0
q2q4_monolithic_same_solver_reference,pooled_router_square_multi_budget_column_generated,1416,0.9401448567708334,0.9398384094238281,128,0.9947129515309854,0.9984594595308163,0.9999862349117716,0.99766735332057,0.0015405404691837266,0.9947129515309854,0.9984594595308163,1.0,1.0
q2q4_monolithic_same_solver_reference,pooled_router_square_multi_budget_column_generated,1420,0.9427490234375,0.9424514770507812,128,0.9947955084599402,0.9984815657207282,0.9999865482578978,0.9976820635073707,0.0015184342792717853,0.9947955084599402,0.9984815657207282,1.0,1.0
q2q4_monolithic_same_solver_reference,pooled_router_square_multi_budget_column_generated,1424,0.9453531901041666,0.9451001485188801,128,0.9948020412054357,0.9985148635948624,0.9999872440335054,0.9977072825791836,0.0014851364051375882,0.9948020412054357,0.9985148635948624,1.0,1.0
q2q4_monolithic_same_solver_reference,pooled_router_square_multi_budget_column_generated,1428,0.9479573567708334,0.9476420084635416,128,0.994935762131808,0.9985216016004874,0.9999878198345016,0.9977396297822234,0.0014783983995125816,0.994935762131808,0.9985216016004874,1.0,1.0
q2q4_monolithic_same_solver_reference,pooled_router_square_multi_budget_column_generated,1432,0.9505615234375,0.9502639770507812,128,0.9949468371680955,0.9985406568898004,0.9999883590822719,0.9977613676764666,0.0014593431101995735,0.9949468371680955,0.9985406568898004,1.0,1.0
q2q4_monolithic_same_solver_reference,pooled_router_square_multi_budget_column_generated,1436,0.9531656901041666,0.9528516133626301,128,0.9949733680672895,0.9985730276770597,0.9999887590369773,0.997790423971834,0.001426972322940312,0.9949733680672895,0.9985730276770597,1.0,1.0
q2q4_monolithic_same_solver_reference,pooled_router_square_multi_budget_column_generated,1440,0.9557698567708334,0.9554964701334636,128,0.9951144392841208,0.9985723683210446,0.9999888530232629,0.9978145586670211,0.0014276316789554322,0.9951144392841208,0.9985723683210446,1.0,1.0
q2q4_monolithic_same_solver_reference,pooled_router_square_multi_budget_column_generated,1444,0.9583740234375,0.9580777486165365,128,0.9950517398147289,0.9985748872526785,0.9999897298103463,0.9978375226457654,0.0014251127473214886,0.9950517398147289,0.9985748872526785,1.0,1.0
q2q4_monolithic_same_solver_reference,pooled_router_square_multi_budget_column_generated,1448,0.9609781901041666,0.9606602986653645,128,0.9952362147489001,0.9986067860777917,0.9999901348597395,0.9978591230945564,0.0013932139222082585,0.9952362147489001,0.9986067860777917,1.0,1.0
q2q4_monolithic_same_solver_reference,pooled_router_square_multi_budget_column_generated,1452,0.9635823567708334,0.9633153279622396,128,0.9951454948517486,0.9986259443813181,0.9999906266957199,0.9978782600809772,0.0013740556186818687,0.9951454948517486,0.9986259443813181,1.0,1.0
q2q4_monolithic_same_solver_reference,pooled_router_square_multi_budget_column_generated,1456,0.9661865234375,0.9659042358398438,128,0.9953010596804329,0.9986410456969519,0.9999912885090632,0.9979065225986592,0.00135895430304811,0.9953010596804329,0.9986410456969519,1.0,1.0
q2q4_monolithic_same_solver_reference,pooled_router_square_multi_budget_column_generated,1460,0.9687906901041666,0.9685529073079426,128,0.9952724856101132,0.9986521971904319,0.9999914968318718,0.9979267803292107,0.0013478028095681438,0.9952724856101132,0.9986521971904319,1.0,1.0
q2q4_monolithic_same_solver_reference,pooled_router_square_multi_budget_column_generated,1464,0.9713948567708334,0.9710769653320312,128,0.9953941770003134,0.9986679940495047,0.9999919932639499,0.9979539801939723,0.0013320059504953186,0.9953941770003134,0.9986679940495047,1.0,1.0
q2q4_monolithic_same_solver_reference,pooled_router_square_multi_budget_column_generated,1468,0.9739990234375,0.9736849466959636,128,0.9954060338709482,0.9986942880251986,0.9999922616852892,0.9979779563426175,0.001305711974801449,0.9954060338709482,0.9986942880251986,1.0,1.0
q2q4_monolithic_same_solver_reference,pooled_router_square_multi_budget_column_generated,1472,0.9766031901041666,0.9762662251790364,128,0.995493246996439,0.9986980923631543,0.9999923336295969,0.9979943679045353,0.0013019076368456783,0.995493246996439,0.9986980923631543,1.0,1.0
q2q4_monolithic_same_solver_reference,pooled_router_square_multi_budget_column_generated,1476,0.9792073567708334,0.9788945515950522,128,0.9954584509086809,0.9986932255524645,0.9999925971391952,0.9980202772268965,0.0013067744475354637,0.9954584509086809,0.9986932255524645,1.0,1.0
q2q4_monolithic_same_solver_reference,pooled_router_square_multi_budget_column_generated,1480,0.9818115234375,0.9814783732096354,128,0.9955268570695646,0.9987216095452004,0.9999932554889513,0.9980382283274027,0.001278390454799605,0.9955268570695646,0.9987216095452004,1.0,1.0
q2q4_monolithic_same_solver_reference,pooled_router_square_multi_budget_column_generated,1484,0.9844156901041666,0.9841156005859375,128,0.9956250653155013,0.998748394384229,0.9999937079523039,0.9980630539904097,0.0012516056157709787,0.9956250653155013,0.998748394384229,1.0,1.0
q2q4_monolithic_same_solver_reference,pooled_router_square_multi_budget_column_generated,1488,0.9870198567708334,0.9867286682128906,128,0.9956272181983729,0.9987487868769178,0.9999939639808206,0.9980842409139296,0.0012512131230821844,0.9956272181983729,0.9987487868769178,1.0,1.0
q2q4_monolithic_same_solver_reference,pooled_router_square_multi_budget_column_generated,1492,0.9896240234375,0.9893506368001301,128,0.9956281156816005,0.9987770905640783,0.9999942708020011,0.9981043830668781,0.0012229094359217374,0.9956281156816005,0.9987770905640783,1.0,1.0
q2q4_monolithic_same_solver_reference,pooled_router_square_multi_budget_column_generated,1496,0.9922281901041666,0.9918797810872395,128,0.9957877959199658,0.9987873934418081,0.9999945692692807,0.9981314333050992,0.0012126065581918866,0.9957877959199658,0.9987873934418081,1.0,1.0
q2q4_monolithic_same_solver_reference,pooled_router_square_multi_budget_column_generated,1500,0.9948323567708334,0.9945068359375,128,0.9958191818665251,0.9987920929258498,0.9999949831296855,0.9981555479131077,0.001207907074150194,0.9958191818665251,0.9987920929258498,1.0,1.0
q2q4_monolithic_same_solver_reference,pooled_router_square_multi_budget_column_generated,1504,0.9974365234375,0.9971008300781251,128,0.99583668076722,0.9988030218500523,0.9999951682111312,0.9981774970547025,0.0011969781499476806,0.99583668076722,0.9988030218500523,1.0,1.0
q2q4_monolithic_same_solver_reference,pooled_router_square_multi_budget_column_generated,1506,0.9987386067708334,0.9983940124511719,128,0.9958554110689603,0.9988240837362874,0.9999952399145692,0.9981844486111142,0.0011759162637126064,0.9958554110689603,0.9988240837362874,1.0,1.0
q2q4_monolithic_same_solver_reference,pooled_router_square_multi_budget_column_generated,1507,0.9993896484375,0.9990501403808594,128,0.9958619767423159,0.998817081149521,0.9999952777453182,0.9981912929076046,0.0011829188504790533,0.9958619767423159,0.998817081149521,1.0,1.0
q2q4_monolithic_same_solver_reference,pooled_router_square_multi_budget_column_generated,1508,1.0000406901041667,0.9997762044270833,128,0.9958649901327659,0.9988286385486528,0.9999953323421572,0.9981973891843322,0.0011713614513472193,0.9958649901327659,0.9988286385486528,1.0,1.0
q2q4_monolithic_same_solver_reference,pooled_router_square_multi_budget_column_generated,1512,1.0026448567708333,1.0023091634114585,128,0.9959479870778932,0.9988487772232271,0.9999954939948759,0.9982181855135683,0.001151222776772931,0.9959479870778932,0.9988487772232271,1.0,1.0
q2q4_monolithic_same_solver_reference,pooled_router_square_multi_budget_column_generated,1516,1.0052490234375,1.0048268636067708,128,0.9960333622428458,0.998853244156647,0.9999955678877575,0.9982309993213128,0.0011467558433529979,0.9960333622428458,0.998853244156647,1.0,1.0
q2q4_monolithic_same_solver_reference,pooled_router_square_multi_budget_column_generated,1520,1.0078531901041667,1.0075556437174478,128,0.9959765381275643,0.9988636626577782,0.9999958373098741,0.9982558501619248,0.0011363373422218492,0.9959765381275643,0.9988636626577782,1.0,1.0
q2q4_monolithic_same_solver_reference,pooled_router_square_multi_budget_column_generated,1524,1.0104573567708333,1.0101025899251304,128,0.9960328603462214,0.998881379171707,0.9999960211188357,0.998282465743441,0.0011186208282929488,0.9960328603462214,0.998881379171707,1.0,1.0
q2q4_monolithic_same_solver_reference,pooled_router_square_multi_budget_column_generated,1528,1.0130615234375,1.0126813252766926,128,0.9961709996710253,0.998893614721939,0.9999961669973912,0.9983008321771025,0.0011063852780609507,0.9961709996710253,0.998893614721939,1.0,1.0
q2q4_monolithic_same_solver_reference,pooled_router_square_multi_budget_column_generated,1532,1.0156656901041667,1.0153465270996094,128,0.9961567448056872,0.9989113540633745,0.9999962921495282,0.9983151837554358,0.0010886459366254986,0.9961567448056872,0.9989113540633745,1.0,1.0
q2q4_monolithic_same_solver_reference,pooled_router_square_multi_budget_column_generated,1536,1.0182698567708333,1.0179583231608071,128,0.9961916593510988,0.9989137414325406,0.9999963939142398,0.9983437477119257,0.0010862585674593639,0.9961916593510988,0.9989137414325406,1.0,1.0
q2q4_monolithic_same_solver_reference,pooled_router_square_multi_budget_column_generated,1568,1.0391031901041667,1.0386772155761719,128,0.9965059487233348,0.9990173886679623,0.9999975280220275,0.9984893675101061,0.0009826113320376972,0.9965059487233348,0.9990173886679623,1.0,1.0
q2q4_monolithic_same_solver_reference,pooled_router_square_multi_budget_column_generated,1600,1.0599365234375,1.0595601399739583,128,0.9967928301353296,0.999109804417588,0.9999983544804966,0.998641046941096,0.00089019558241199,0.9967928301353296,0.999109804417588,1.0,1.0
q2q4_monolithic_same_solver_reference,pooled_router_square_multi_budget_column_generated,1632,1.0807698567708333,1.0802243550618489,128,0.997115354924787,0.9991710472802738,0.9999987781398699,0.998768912402038,0.0008289527197261615,0.997115354924787,0.9991710472802738,1.0,1.0
q2q4_monolithic_same_solver_reference,pooled_router_square_multi_budget_column_generated,1664,1.1016031901041667,1.1010309855143228,128,0.9973584534766048,0.9992425064664631,0.9999991314662001,0.9988856524656421,0.0007574935335369348,0.9973584534766048,0.9992425064664631,1.0,1.0
q2q4_monolithic_same_solver_reference,uniform_per_expert,384,0.2682698567708333,0.26768366495768225,128,0.8583700328527172,0.9391208266752388,0.983395398784895,0.9292732694896315,0.06087917332476123,0.8583700328527172,0.9391208266752388,1.0,1.0
q2q4_monolithic_same_solver_reference,uniform_per_expert,416,0.2891031901041667,0.2693837483723958,128,0.8608515075205858,0.9392093227260514,0.9835332879925169,0.9296469677030363,0.0607906772739486,0.8608515075205858,0.9392093227260514,1.0,1.0
q2q4_monolithic_same_solver_reference,uniform_per_expert,448,0.3099365234375,0.2750574747721354,128,0.8620139800991259,0.9402917184863534,0.9838449959352891,0.9304012235969117,0.0597082815136466,0.8620139800991259,0.9402917184863534,1.0,1.0
q2q4_monolithic_same_solver_reference,uniform_per_expert,480,0.3307698567708333,0.2840576171875,128,0.8676078552970875,0.9402870345591136,0.9836311125112444,0.9318869666276579,0.059712965440886445,0.8676078552970875,0.9402870345591136,1.0,1.0
q2q4_monolithic_same_solver_reference,uniform_per_expert,512,0.3516031901041667,0.35080464680989587,128,0.8993678590614463,0.9573280045292015,0.9904771551042909,0.9498338338895298,0.042671995470798474,0.8993678590614463,0.9573280045292015,1.0,1.0
q2q4_monolithic_same_solver_reference,uniform_per_expert,544,0.3724365234375,0.35299809773763025,128,0.8994502352322311,0.9573797641479493,0.9905019645002098,0.9502023490726689,0.04262023585205066,0.8994502352322311,0.9573797641479493,1.0,1.0
q2q4_monolithic_same_solver_reference,uniform_per_expert,576,0.3932698567708333,0.35912322998046875,128,0.9031028660198848,0.9571898836784549,0.9905575987766411,0.9508511906123911,0.04281011632154508,0.9031028660198848,0.9571898836784549,1.0,1.0
q2q4_monolithic_same_solver_reference,uniform_per_expert,608,0.4141031901041667,0.3675193786621094,128,0.9041942026963868,0.9573512942730481,0.9906859086801488,0.9514661017136203,0.0426487057269519,0.9041942026963868,0.9573512942730481,1.0,1.0
q2q4_monolithic_same_solver_reference,uniform_per_expert,640,0.4349365234375,0.379302978515625,128,0.9070156760670046,0.9578336396434407,0.9916827319197777,0.9524375747867582,0.042166360356559296,0.9070156760670046,0.9578336396434407,1.0,1.0
q2q4_monolithic_same_solver_reference,uniform_per_expert,672,0.4557698567708333,0.3946685791015625,128,0.9128853933733115,0.959922975503203,0.9918558217062066,0.9539852163082837,0.040077024496796954,0.9128853933733115,0.959922975503203,1.0,1.0
q2q4_monolithic_same_solver_reference,uniform_per_expert,704,0.4766031901041667,0.41218058268229163,128,0.9132587226310555,0.9617367624333839,0.9919231105907589,0.9557343774886579,0.03826323756661609,0.9132587226310555,0.9617367624333839,1.0,1.0
q2q4_monolithic_same_solver_reference,uniform_per_expert,736,0.4974365234375,0.4329503377278646,128,0.917212703695066,0.9640628810648901,0.9927274003487491,0.9580783654056406,0.03593711893510987,0.917212703695066,0.9640628810648901,1.0,1.0
q2q4_monolithic_same_solver_reference,uniform_per_expert,768,0.5182698567708334,0.517333984375,128,0.9489836038835402,0.9776760619972176,0.9967744375912886,0.9743377501602133,0.02232393800278243,0.9489836038835402,0.9776760619972176,1.0,1.0
q2q4_monolithic_same_solver_reference,uniform_per_expert,800,0.5391031901041666,0.5192591349283855,128,0.9490156737276007,0.9777517066288975,0.9967971162117369,0.9745060138684158,0.022248293371102457,0.9490156737276007,0.9777517066288975,1.0,1.0
q2q4_monolithic_same_solver_reference,uniform_per_expert,832,0.5599365234375,0.5244166056315105,128,0.9493412733920834,0.9780334272735912,0.9969338003899462,0.974910414419817,0.021966572726408784,0.9493412733920834,0.9780334272735912,1.0,1.0
q2q4_monolithic_same_solver_reference,uniform_per_expert,864,0.5807698567708334,0.5359115600585938,128,0.9499591445698776,0.9786011370034937,0.9971295259843878,0.9755898940098863,0.021398862996506285,0.9499591445698776,0.9786011370034937,1.0,1.0
q2q4_monolithic_same_solver_reference,uniform_per_expert,896,0.6016031901041666,0.5484733581542969,128,0.9505370127902416,0.9794501584676415,0.9972891020581195,0.9761787360959835,0.020549841532358504,0.9505370127902416,0.9794501584676415,1.0,1.0
q2q4_monolithic_same_solver_reference,uniform_per_expert,928,0.6224365234375,0.5615514119466145,128,0.9540023579102931,0.9799764293661765,0.9974345739834173,0.976926639937032,0.02002357063382354,0.9540023579102931,0.9799764293661765,1.0,1.0
q2q4_monolithic_same_solver_reference,uniform_per_expert,960,0.6432698567708334,0.5781504313151041,128,0.9538326300523281,0.9804485703464458,0.997497239843491,0.9778011045874895,0.019551429653554164,0.9538326300523281,0.9804485703464458,1.0,1.0
q2q4_monolithic_same_solver_reference,uniform_per_expert,992,0.6641031901041666,0.5961583455403645,128,0.9547592891475971,0.9807195885236475,0.9981217856809064,0.9786425004652184,0.01928041147635251,0.9547592891475971,0.9807195885236475,1.0,1.0
q2q4_monolithic_same_solver_reference,uniform_per_expert,1024,0.6849365234375,0.6837743123372396,128,0.9727964799441474,0.9888141358628604,0.9988872220167132,0.9868745898920016,0.011185864137139623,0.9727964799441474,0.9888141358628604,1.0,1.0
q2q4_monolithic_same_solver_reference,uniform_per_expert,1056,0.7057698567708334,0.6868069966634115,128,0.9736682353045331,0.9890016799113525,0.9989117643386998,0.9870817693698595,0.01099832008864754,0.9736682353045331,0.9890016799113525,1.0,1.0
q2q4_monolithic_same_solver_reference,uniform_per_expert,1088,0.7266031901041666,0.6931838989257812,128,0.9748384001478112,0.9890016799113525,0.9990089632718794,0.9873116579551042,0.01099832008864754,0.9748384001478112,0.9890016799113525,1.0,1.0
q2q4_monolithic_same_solver_reference,uniform_per_expert,1120,0.7474365234375,0.7019437154134114,128,0.975275117724573,0.9891377480129637,0.9990403276442256,0.9876853763923668,0.010862251987036275,0.975275117724573,0.9891377480129637,1.0,1.0
q2q4_monolithic_same_solver_reference,uniform_per_expert,1152,0.7682698567708334,0.7669766743977864,128,0.9806485648150222,0.9922123409259804,0.9994232545994512,0.990747966061615,0.007787659074019571,0.9806485648150222,0.9922123409259804,1.0,1.0
q2q4_monolithic_same_solver_reference,uniform_per_expert,1184,0.7891031901041666,0.7696914672851562,128,0.9808340199088184,0.9922313795268342,0.9994258876153773,0.9909278991731317,0.007768620473165844,0.9808340199088184,0.9922313795268342,1.0,1.0
q2q4_monolithic_same_solver_reference,uniform_per_expert,1216,0.8099365234375,0.77728271484375,128,0.9817347796873569,0.9922150162431649,0.9994419320234963,0.9911845248677962,0.007784983756835118,0.9817347796873569,0.9922150162431649,1.0,1.0
q2q4_monolithic_same_solver_reference,uniform_per_expert,1248,0.8307698567708334,0.7865079243977865,128,0.9828389244596857,0.9925359745995451,0.999489590338693,0.991573328996522,0.007464025400454877,0.9828389244596857,0.9925359745995451,1.0,1.0
q2q4_monolithic_same_solver_reference,uniform_per_expert,1280,0.8516031901041666,0.8504473368326821,128,0.9871371392633973,0.9942016065960907,0.9997065747858744,0.9935962654840529,0.005798393403909308,0.9871371392633973,0.9942016065960907,1.0,1.0
q2q4_monolithic_same_solver_reference,uniform_per_expert,1284,0.8542073567708334,0.8504854838053384,128,0.9871371392633973,0.9942016065960907,0.9997065613674745,0.9935967396855169,0.005798393403909308,0.9871371392633973,0.9942016065960907,1.0,1.0
q2q4_monolithic_same_solver_reference,uniform_per_expert,1288,0.8568115234375,0.8506329854329426,128,0.9870979865860605,0.9942016065960907,0.9997065613674745,0.99361125554082,0.005798393403909308,0.9870979865860605,0.9942016065960907,1.0,1.0
q2q4_monolithic_same_solver_reference,uniform_per_expert,1292,0.8594156901041666,0.8508402506510415,128,0.9870979865860605,0.994241160087836,0.9997065613674745,0.9936218792019724,0.005758839912163971,0.9870979865860605,0.994241160087836,1.0,1.0
q2q4_monolithic_same_solver_reference,uniform_per_expert,1296,0.8620198567708334,0.851104736328125,128,0.9870979865860605,0.994241160087836,0.999708714148048,0.9936334363367982,0.005758839912163971,0.9870979865860605,0.994241160087836,1.0,1.0
q2q4_monolithic_same_solver_reference,uniform_per_expert,1300,0.8646240234375,0.8515332539876301,128,0.9870979865860605,0.99432926122713,0.9997079416382687,0.9936515477446524,0.005670738772870054,0.9870979865860605,0.99432926122713,1.0,1.0
q2q4_monolithic_same_solver_reference,uniform_per_expert,1304,0.8672281901041666,0.8519643147786458,128,0.9871060089108291,0.99432926122713,0.9997079416382687,0.9936642054346957,0.005670738772870054,0.9871060089108291,0.99432926122713,1.0,1.0
q2q4_monolithic_same_solver_reference,uniform_per_expert,1308,0.8698323567708334,0.8524106343587239,128,0.9871060089108291,0.9944805543265922,0.9997079150075419,0.9936770777300697,0.005519445673407786,0.9871060089108291,0.9944805543265922,1.0,1.0
q2q4_monolithic_same_solver_reference,uniform_per_expert,1312,0.8724365234375,0.8530082702636719,128,0.9871060089108291,0.9944805543265922,0.9997079860169938,0.9937019502729514,0.005519445673407786,0.9871060089108291,0.9944805543265922,1.0,1.0
q2q4_monolithic_same_solver_reference,uniform_per_expert,1316,0.8750406901041666,0.8534825642903646,128,0.9871060089108291,0.9944805543265922,0.999707982479767,0.9937242639390527,0.005519445673407786,0.9871060089108291,0.9944805543265922,1.0,1.0
q2q4_monolithic_same_solver_reference,uniform_per_expert,1320,0.8776448567708334,0.8540802001953125,128,0.9871060089108291,0.9944805543265922,0.9997094108714484,0.9937495280458517,0.005519445673407786,0.9871060089108291,0.9944805543265922,1.0,1.0
q2q4_monolithic_same_solver_reference,uniform_per_expert,1324,0.8802490234375,0.8546396891276042,128,0.9871060089108291,0.994623196038682,0.9997099157865001,0.9937652423248456,0.005376803961318011,0.9871060089108291,0.994623196038682,1.0,1.0
q2q4_monolithic_same_solver_reference,uniform_per_expert,1328,0.8828531901041666,0.8556620279947917,128,0.9872896946269561,0.9945805173077782,0.9997099157865001,0.9937903367959224,0.005419482692221811,0.9872896946269561,0.9945805173077782,1.0,1.0
q2q4_monolithic_same_solver_reference,uniform_per_expert,1332,0.8854573567708334,0.856805165608724,128,0.9874586335502328,0.9945805173077782,0.9997099157865001,0.9938364173195079,0.005419482692221811,0.9874586335502328,0.9945805173077782,1.0,1.0
q2q4_monolithic_same_solver_reference,uniform_per_expert,1336,0.8880615234375,0.857927958170573,128,0.9877589250248411,0.9945750780308349,0.9997099157865001,0.9938601253831837,0.0054249219691651085,0.9877589250248411,0.9945750780308349,1.0,1.0
q2q4_monolithic_same_solver_reference,uniform_per_expert,1340,0.8906656901041666,0.8592745463053386,128,0.9877995067952375,0.9946484060200075,0.9997102480075435,0.9939194959161746,0.005351593979992519,0.9877995067952375,0.9946484060200075,1.0,1.0
q2q4_monolithic_same_solver_reference,uniform_per_expert,1344,0.8932698567708334,0.860211690266927,128,0.9878007194598627,0.9946484060200075,0.9997129141420641,0.9939494559529691,0.005351593979992519,0.9878007194598627,0.9946484060200075,1.0,1.0
q2q4_monolithic_same_solver_reference,uniform_per_expert,1348,0.8958740234375,0.8611844380696616,128,0.9879141811782209,0.9947030440495852,0.9997130053917198,0.9939771509675177,0.0052969559504147945,0.9879141811782209,0.9947030440495852,1.0,1.0
q2q4_monolithic_same_solver_reference,uniform_per_expert,1352,0.8984781901041666,0.8623644510904949,128,0.9879141811782209,0.994847984305063,0.999717873884073,0.9940039342147029,0.005152015694936951,0.9879141811782209,0.994847984305063,1.0,1.0
q2q4_monolithic_same_solver_reference,uniform_per_expert,1356,0.9010823567708334,0.8636283874511719,128,0.9879141811782209,0.994847984305063,0.9997216736382234,0.9940406710031926,0.005152015694936951,0.9879141811782209,0.994847984305063,1.0,1.0
q2q4_monolithic_same_solver_reference,uniform_per_expert,1360,0.9036865234375,0.8642908732096355,128,0.9879141811782209,0.994847984305063,0.9997221297439616,0.9940558322694575,0.005152015694936951,0.9879141811782209,0.994847984305063,1.0,1.0
q2q4_monolithic_same_solver_reference,uniform_per_expert,1364,0.9062906901041666,0.8652102152506511,128,0.9879141811782209,0.994847984305063,0.9997221297439616,0.9940774585811711,0.005152015694936951,0.9879141811782209,0.994847984305063,1.0,1.0
q2q4_monolithic_same_solver_reference,uniform_per_expert,1368,0.9088948567708334,0.8667894999186199,128,0.9879141811782209,0.9949394788199836,0.9997241006367796,0.9941028180734501,0.005060521180016431,0.9879141811782209,0.9949394788199836,1.0,1.0
q2q4_monolithic_same_solver_reference,uniform_per_expert,1372,0.9114990234375,0.8682136535644531,128,0.9879141811782209,0.9949394788199836,0.9997323616619431,0.9941179115910265,0.005060521180016431,0.9879141811782209,0.9949394788199836,1.0,1.0
q2q4_monolithic_same_solver_reference,uniform_per_expert,1376,0.9141031901041666,0.8697458902994792,128,0.9879141811782209,0.9950085857086529,0.9997369769148712,0.9941789795631273,0.004991414291347085,0.9879141811782209,0.9950085857086529,1.0,1.0
q2q4_monolithic_same_solver_reference,uniform_per_expert,1380,0.9167073567708334,0.8709119160970052,128,0.9879141811782209,0.9950085857086529,0.9997369769148712,0.9942021820256631,0.004991414291347085,0.9879141811782209,0.9950085857086529,1.0,1.0
q2q4_monolithic_same_solver_reference,uniform_per_expert,1384,0.9193115234375,0.8727849324544271,128,0.9879745312514946,0.9951112630555392,0.9997369769148712,0.9942541867384547,0.004888736944460792,0.9879745312514946,0.9951112630555392,1.0,1.0
q2q4_monolithic_same_solver_reference,uniform_per_expert,1388,0.9219156901041666,0.8738759358723959,128,0.9881263906797412,0.9951112630555392,0.9997481862951934,0.9942891048152113,0.004888736944460792,0.9881263906797412,0.9951112630555392,1.0,1.0
q2q4_monolithic_same_solver_reference,uniform_per_expert,1392,0.9245198567708334,0.8750343322753906,128,0.9881263906797412,0.9951112630555392,0.9998065495187378,0.9943330836429853,0.004888736944460792,0.9881263906797412,0.9951112630555392,1.0,1.0
q2q4_monolithic_same_solver_reference,uniform_per_expert,1396,0.9271240234375,0.8763236999511719,128,0.9881263906797412,0.9951112630555392,0.9998091219537791,0.994386303298515,0.004888736944460792,0.9881263906797412,0.9951112630555392,1.0,1.0
q2q4_monolithic_same_solver_reference,uniform_per_expert,1400,0.9297281901041666,0.8771489461263021,128,0.9887294349413743,0.9951608392251441,0.9998091219537791,0.9944048598422324,0.004839160774855911,0.9887294349413743,0.9951608392251441,1.0,1.0
q2q4_monolithic_same_solver_reference,uniform_per_expert,1404,0.9323323567708334,0.8792788187662761,128,0.9887294349413743,0.9952662632892743,0.9998091219537791,0.9944592273304287,0.004733736710725744,0.9887294349413743,0.9952662632892743,1.0,1.0
q2q4_monolithic_same_solver_reference,uniform_per_expert,1408,0.9349365234375,0.9325040181477866,128,0.9910565901826605,0.9961603843683049,0.9998509020562277,0.9956119524326432,0.0038396156316951036,0.9910565901826605,0.9961603843683049,1.0,1.0
q2q4_monolithic_same_solver_reference,uniform_per_expert,1412,0.9375406901041666,0.9325561523437501,128,0.9910565901826605,0.9961734970662882,0.9998509020562277,0.9956159181829082,0.003826502933711784,0.9910565901826605,0.9961734970662882,1.0,1.0
q2q4_monolithic_same_solver_reference,uniform_per_expert,1416,0.9401448567708334,0.9326515197753906,128,0.9910565901826605,0.9961734970662882,0.9998509020562277,0.9956212630002016,0.003826502933711784,0.9910565901826605,0.9961734970662882,1.0,1.0
q2q4_monolithic_same_solver_reference,uniform_per_expert,1420,0.9427490234375,0.9328994750976562,128,0.9910565901826605,0.9961734970662882,0.9998509020562277,0.99563791654588,0.003826502933711784,0.9910565901826605,0.9961734970662882,1.0,1.0
q2q4_monolithic_same_solver_reference,uniform_per_expert,1424,0.9453531901041666,0.9331982930501302,128,0.9910565901826605,0.9961734970662882,0.9998509020562277,0.995651211101114,0.003826502933711784,0.9910565901826605,0.9961734970662882,1.0,1.0
q2q4_monolithic_same_solver_reference,uniform_per_expert,1428,0.9479573567708334,0.9334793090820312,128,0.9910951119319554,0.9961734970662882,0.9998509020562277,0.9956633706601921,0.003826502933711784,0.9910951119319554,0.9961734970662882,1.0,1.0
q2q4_monolithic_same_solver_reference,uniform_per_expert,1432,0.9505615234375,0.933977762858073,128,0.9910951119319554,0.9961667662722644,0.9998509020562277,0.9956858931211087,0.0038332337277355855,0.9910951119319554,0.9961667662722644,1.0,1.0
q2q4_monolithic_same_solver_reference,uniform_per_expert,1436,0.9531656901041666,0.9345512390136719,128,0.991340988765417,0.9961667662722644,0.9998512812309712,0.9957075540014984,0.0038332337277355855,0.991340988765417,0.9961667662722644,1.0,1.0
q2q4_monolithic_same_solver_reference,uniform_per_expert,1440,0.9557698567708334,0.935124715169271,128,0.991340988765417,0.9961667662722644,0.9998512812309712,0.9957269868641865,0.0038332337277355855,0.991340988765417,0.9961667662722644,1.0,1.0
q2q4_monolithic_same_solver_reference,uniform_per_expert,1444,0.9583740234375,0.9357732137044272,128,0.991340988765417,0.9961667662722644,0.9998544380326341,0.9957485823438434,0.0038332337277355855,0.991340988765417,0.9961667662722644,1.0,1.0
q2q4_monolithic_same_solver_reference,uniform_per_expert,1448,0.9609781901041666,0.9362500508626302,128,0.9913426470110976,0.9961773117087578,0.9998544380326341,0.9957728262353619,0.0038226882912422155,0.9913426470110976,0.9961773117087578,1.0,1.0
q2q4_monolithic_same_solver_reference,uniform_per_expert,1452,0.9635823567708334,0.9368565877278647,128,0.9913426470110976,0.996187869458472,0.9998544380326341,0.9957906650609982,0.0038121305415279583,0.9913426470110976,0.996187869458472,1.0,1.0
q2q4_monolithic_same_solver_reference,uniform_per_expert,1456,0.9661865234375,0.937432607014974,128,0.9913426470110976,0.996187869458472,0.9998544380326341,0.9957968529908557,0.0038121305415279583,0.9913426470110976,0.996187869458472,1.0,1.0
q2q4_monolithic_same_solver_reference,uniform_per_expert,1460,0.9687906901041666,0.9381942749023438,128,0.9913548683811524,0.996187869458472,0.9998544380326341,0.9958124039236176,0.0038121305415279583,0.9913548683811524,0.996187869458472,1.0,1.0
q2q4_monolithic_same_solver_reference,uniform_per_expert,1464,0.9713948567708334,0.9392038981119792,128,0.9915272397974085,0.9962578571863361,0.9998544380326341,0.9958356870281668,0.003742142813663918,0.9915272397974085,0.9962578571863361,1.0,1.0
q2q4_monolithic_same_solver_reference,uniform_per_expert,1468,0.9739990234375,0.940282185872396,128,0.9915272397974085,0.9962695075803913,0.9998544380326341,0.9958478327564277,0.0037304924196086553,0.9915272397974085,0.9962695075803913,1.0,1.0
q2q4_monolithic_same_solver_reference,uniform_per_expert,1472,0.9766031901041666,0.9412676493326824,128,0.9915272397974085,0.9962743031100338,0.9998544380326341,0.9958754211689129,0.003725696889966157,0.9915272397974085,0.9962743031100338,1.0,1.0
q2q4_monolithic_same_solver_reference,uniform_per_expert,1476,0.9792073567708334,0.9423039754231771,128,0.9915272397974085,0.9962743031100338,0.9998777676895025,0.9959001846261442,0.003725696889966157,0.9915272397974085,0.9962743031100338,1.0,1.0
q2q4_monolithic_same_solver_reference,uniform_per_expert,1480,0.9818115234375,0.9433199564615885,128,0.9914159207166521,0.9963319110405835,0.9998777676895025,0.9959129143041396,0.0036680889594165045,0.9914159207166521,0.9963319110405835,1.0,1.0
q2q4_monolithic_same_solver_reference,uniform_per_expert,1484,0.9844156901041666,0.9447428385416666,128,0.9917041038155098,0.9963319110405835,0.9998781007100421,0.9959379813404018,0.0036680889594165045,0.9917041038155098,0.9963319110405835,1.0,1.0
q2q4_monolithic_same_solver_reference,uniform_per_expert,1488,0.9870198567708334,0.9453633626302084,128,0.9917041038155098,0.9963319110405835,0.9998833601904346,0.995945465832049,0.0036680889594165045,0.9917041038155098,0.9963319110405835,1.0,1.0
q2q4_monolithic_same_solver_reference,uniform_per_expert,1492,0.9896240234375,0.9461479187011719,128,0.9917041038155098,0.9963602421517286,0.9998833601904346,0.995954505008951,0.003639757848271419,0.9917041038155098,0.9963602421517286,1.0,1.0
q2q4_monolithic_same_solver_reference,uniform_per_expert,1496,0.9922281901041666,0.9473431905110677,128,0.9917041038155098,0.9964032254848074,0.9998833601904346,0.9959902093166546,0.00359677451519258,0.9917041038155098,0.9964032254848074,1.0,1.0
q2q4_monolithic_same_solver_reference,uniform_per_expert,1500,0.9948323567708334,0.9479688008626301,128,0.9917041038155098,0.996436571015515,0.9998833601904346,0.9959990877207272,0.0035634289844850286,0.9917041038155098,0.996436571015515,1.0,1.0
q2q4_monolithic_same_solver_reference,uniform_per_expert,1504,0.9974365234375,0.9498443603515625,128,0.9917041038155098,0.996436571015515,0.9998833601904346,0.9960266574534984,0.0035634289844850286,0.9917041038155098,0.996436571015515,1.0,1.0
q2q4_monolithic_same_solver_reference,uniform_per_expert,1506,0.9987386067708334,0.9936510721842449,128,0.9933244549452312,0.9970646541126278,0.9999204136764345,0.9967562130891208,0.0029353458873722094,0.9933244549452312,0.9970646541126278,1.0,1.0
q2q4_monolithic_same_solver_reference,uniform_per_expert,1507,0.9993896484375,0.9936510721842449,128,0.9933244549452312,0.9970646541126278,0.9999204136764345,0.9967562130891208,0.0029353458873722094,0.9933244549452312,0.9970646541126278,1.0,1.0
q2q4_monolithic_same_solver_reference,uniform_per_expert,1508,1.0000406901041667,0.9936650594075521,128,0.9933567160692802,0.9970646541126278,0.9999204136764345,0.9967586086119833,0.0029353458873722094,0.9933567160692802,0.9970646541126278,1.0,1.0
q2q4_monolithic_same_solver_reference,uniform_per_expert,1512,1.0026448567708333,0.9937413533528646,128,0.9933567160692802,0.9970646541126278,0.9999204136764345,0.9967609285726138,0.0029353458873722094,0.9933567160692802,0.9970646541126278,1.0,1.0
q2q4_monolithic_same_solver_reference,uniform_per_expert,1516,1.0052490234375,0.9939142862955729,128,0.9933567160692802,0.997103313649784,0.9999204136764345,0.9967637041755267,0.0028966863502160045,0.9933567160692802,0.997103313649784,1.0,1.0
q2q4_monolithic_same_solver_reference,uniform_per_expert,1520,1.0078531901041667,0.9941495259602865,128,0.9933567160692802,0.997103313649784,0.9999204136764345,0.9967668642064388,0.0028966863502160045,0.9933567160692802,0.997103313649784,1.0,1.0
q2q4_monolithic_same_solver_reference,uniform_per_expert,1524,1.0104573567708333,0.9944585164388021,128,0.9933567160692802,0.997103313649784,0.9999204136764345,0.9967769437451961,0.0028966863502160045,0.9933567160692802,0.997103313649784,1.0,1.0
q2q4_monolithic_same_solver_reference,uniform_per_expert,1528,1.0130615234375,0.994744618733724,128,0.9933567160692802,0.997103313649784,0.9999204136764345,0.9967894790837424,0.0028966863502160045,0.9933567160692802,0.997103313649784,1.0,1.0
q2q4_monolithic_same_solver_reference,uniform_per_expert,1532,1.0156656901041667,0.995404561360677,128,0.9934609788327193,0.9971877563421354,0.9999204136764345,0.996816123029284,0.002812243657864588,0.9934609788327193,0.9971877563421354,1.0,1.0
q2q4_monolithic_same_solver_reference,uniform_per_expert,1536,1.0182698567708333,1.0119234720865886,128,0.9937433632387639,0.9973668984072204,0.9999352030942251,0.9970539581330989,0.0026331015927796297,0.9937433632387639,0.9973668984072204,1.0,1.0
q2q4_monolithic_same_solver_reference,uniform_per_expert,1568,1.0391031901041667,1.0139694213867188,128,0.9941148022863185,0.9974776863443995,0.9999355227589778,0.9971308209724083,0.0025223136556005166,0.9941148022863185,0.9974776863443995,1.0,1.0
q2q4_monolithic_same_solver_reference,uniform_per_expert,1600,1.0599365234375,1.018773396809896,128,0.994294964780441,0.9975718485939375,0.9999433685902748,0.9972373152504619,0.002428151406062451,0.994294964780441,0.9975718485939375,1.0,1.0
q2q4_monolithic_same_solver_reference,uniform_per_expert,1632,1.0807698567708333,1.0250523885091147,128,0.9944389027834453,0.9976430806178186,0.9999443969275782,0.9973458233006611,0.0023569193821814105,0.9944389027834453,0.9976430806178186,1.0,1.0
q2q4_monolithic_same_solver_reference,uniform_per_expert,1664,1.1016031901041667,1.0340296427408855,128,0.994771206694037,0.9977062282630735,0.9999499947445596,0.9974886423263315,0.0022937717369264643,0.994771206694037,0.9977062282630735,1.0,1.0
q3_ideal_logical_256_byte_plane_ceiling,pooled_exact_combined_moe_local_control,384,0.2682698567708333,0.2678610483805339,128,0.9223908408489225,0.9745166311110705,0.9941091876176348,0.964599668831731,0.025483368888929547,0.9039481865242407,0.9689820775865026,0.8079926483705981,0.8215691737574427
q3_ideal_logical_256_byte_plane_ceiling,pooled_exact_combined_moe_local_control,416,0.2891031901041667,0.2886466979980469,128,0.9290768278765699,0.9769857690122759,0.9950232360020471,0.9684333350946399,0.02301423098772415,0.9122512450379444,0.9722853001105174,0.8082527456269757,0.8303979866099063
q3_ideal_logical_256_byte_plane_ceiling,pooled_exact_combined_moe_local_control,448,0.3099365234375,0.30947812398274743,128,0.9357354782927786,0.9797346572666206,0.9958865383024436,0.9718112815681859,0.020265342733379432,0.9204389333172104,0.9750015752412626,0.8077383120495907,0.8106647890402116
q3_ideal_logical_256_byte_plane_ceiling,pooled_exact_combined_moe_local_control,480,0.3307698567708333,0.3303273518880208,128,0.9422434616163632,0.981889563103227,0.9965570997575498,0.9747230537629458,0.018110436896773052,0.9268942872487169,0.9773517859036728,0.7900413826773494,0.7996408378932603
q3_ideal_logical_256_byte_plane_ceiling,pooled_exact_combined_moe_local_control,512,0.3516031901041667,0.3511219024658203,128,0.946656554683464,0.9837976497011074,0.9971726507013843,0.9772705278796171,0.01620235029889261,0.9331582196383733,0.9800196142347563,0.7980554232388465,0.8109127866328236
q3_ideal_logical_256_byte_plane_ceiling,pooled_exact_combined_moe_local_control,544,0.3724365234375,0.3719329833984375,128,0.951812508297282,0.9853945399522596,0.9976540013753459,0.979623087852074,0.014605460047740437,0.9380673742004293,0.9818609013120765,0.778063114240701,0.8051921597110184
q3_ideal_logical_256_byte_plane_ceiling,pooled_exact_combined_moe_local_control,576,0.3932698567708333,0.39273834228515625,128,0.9563028078189245,0.986732842328369,0.9980785023935004,0.9815717734084839,0.013267157671631002,0.9433486407164836,0.9833833693254832,0.7713352818665707,0.7984264639147012
q3_ideal_logical_256_byte_plane_ceiling,pooled_exact_combined_moe_local_control,608,0.4141031901041667,0.41355768839518225,128,0.9603024234006211,0.9880646357528047,0.9984096156420412,0.9833633840301945,0.011935364247195324,0.9481905582210681,0.9847533602706037,0.7662228203261934,0.7828193266863459
q3_ideal_logical_256_byte_plane_ceiling,pooled_exact_combined_moe_local_control,640,0.4349365234375,0.43433125813802087,128,0.9641556559113592,0.9892745861468362,0.9986696803390498,0.9849272092951786,0.010725413853163834,0.9532101469446367,0.9857869715049685,0.7660708839206775,0.7546184725453251
q3_ideal_logical_256_byte_plane_ceiling,pooled_exact_combined_moe_local_control,672,0.4557698567708333,0.4552199045817057,128,0.9677275093580556,0.990216611409109,0.9988716285162634,0.9863437169555505,0.009783388590891007,0.9573641009624643,0.9870103068986693,0.7569323356716922,0.7531654916380416
q3_ideal_logical_256_byte_plane_ceiling,pooled_exact_combined_moe_local_control,704,0.4766031901041667,0.47605005900065106,128,0.9713677790220682,0.9911759033007101,0.9990597022460304,0.987661499168042,0.008824096699289852,0.9605630232287011,0.9881419616980788,0.7260247443401788,0.7441447290535553
q3_ideal_logical_256_byte_plane_ceiling,pooled_exact_combined_moe_local_control,736,0.4974365234375,0.496914545694987,128,0.9743725992021544,0.9920365458002103,0.9992064849168952,0.9888432029647973,0.007963454199789721,0.9637529180283332,0.9891332151567308,0.7070196938301893,0.7328252389870611
q3_ideal_logical_256_byte_plane_ceiling,pooled_exact_combined_moe_local_control,768,0.5182698567708334,0.5177923838297527,128,0.9767196484028101,0.9927337771129854,0.9993444568194495,0.9899041491582452,0.007266222887014617,0.9673530303002326,0.9900397754884372,0.7130937974116393,0.729524006068268
q3_ideal_logical_256_byte_plane_ceiling,pooled_exact_combined_moe_local_control,800,0.5391031901041666,0.5385964711507162,128,0.978940867740521,0.9934516357348178,0.9994531404636304,0.990854690228872,0.006548364265182238,0.9701547464739667,0.9909305358401468,0.7056107679269538,0.722023280511891
q3_ideal_logical_256_byte_plane_ceiling,pooled_exact_combined_moe_local_control,832,0.5599365234375,0.5593706766764324,128,0.9808179741118942,0.9941204640044543,0.999531329604797,0.9917478177548167,0.005879535995545693,0.9728437871701043,0.9917629920402173,0.7063586520057297,0.713795109128537
q3_ideal_logical_256_byte_plane_ceiling,pooled_exact_combined_moe_local_control,864,0.5807698567708334,0.5802771250406901,128,0.9826757665368187,0.9947111133647827,0.9995825984478722,0.9925491108116358,0.005288886635217316,0.9750886105849693,0.9925510112552518,0.6954342519622169,0.71001404572482
q3_ideal_logical_256_byte_plane_ceiling,pooled_exact_combined_moe_local_control,896,0.6016031901041666,0.6010424296061198,128,0.9844506240247705,0.9952692893462749,0.999647836715895,0.9932584997584656,0.004730710653725101,0.9773284309924003,0.993177292618044,0.6858535450288976,0.693377333789281
q3_ideal_logical_256_byte_plane_ceiling,pooled_exact_combined_moe_local_control,928,0.6224365234375,0.6218840281168619,128,0.98596901827776,0.9957689158340945,0.9997200576734656,0.9938992597374944,0.004231084165905452,0.9792877831388501,0.9938052192998283,0.6774253966294695,0.6830079014400318
q3_ideal_logical_256_byte_plane_ceiling,pooled_exact_combined_moe_local_control,960,0.6432698567708334,0.6426035563151042,128,0.9872401021491719,0.9961832091974605,0.9997808922767382,0.9944822509006416,0.0038167908025394937,0.9812951073068683,0.9943276949973008,0.6821689950412515,0.6728818003833078
q3_ideal_logical_256_byte_plane_ceiling,pooled_exact_combined_moe_local_control,992,0.6641031901041666,0.6634464263916016,128,0.9887251894485757,0.9965372158265745,0.9998244871386501,0.995008330884712,0.0034627841734254927,0.982592491577194,0.9949085629006087,0.6476981241412411,0.6801192091402795
q3_ideal_logical_256_byte_plane_ceiling,pooled_exact_combined_moe_local_control,1024,0.6849365234375,0.6843833923339844,128,0.9896768530554236,0.996929647302488,0.9998542110296681,0.9954821342575395,0.003070352697511991,0.9840894431845925,0.9953291756854523,0.6488237378706689,0.6573470742517791
q3_ideal_logical_256_byte_plane_ceiling,pooled_exact_combined_moe_local_control,1056,0.7057698567708334,0.7051995595296223,128,0.9905033597787982,0.9972285450968461,0.9998881284709434,0.9959025569414268,0.0027714549031538915,0.985520922325019,0.9956371651526087,0.6558870968425983,0.6352417636920277
q3_ideal_logical_256_byte_plane_ceiling,pooled_exact_combined_moe_local_control,1088,0.7266031901041666,0.7261130015055339,128,0.9913500894131925,0.9974871853582077,0.9999121086185991,0.9962857670355497,0.002512814641792316,0.9866113934508386,0.9960236684863589,0.6460650370929987,0.6319429436836279
q3_ideal_logical_256_byte_plane_ceiling,pooled_exact_combined_moe_local_control,1120,0.7474365234375,0.7469622294108073,128,0.99223134215524,0.997770739380146,0.9999269676919524,0.996647141376652,0.0022292606198539566,0.988025642949616,0.9963364664187244,0.6487745281080364,0.6085001189146371
q3_ideal_logical_256_byte_plane_ceiling,pooled_exact_combined_moe_local_control,1152,0.7682698567708334,0.7677529652913412,128,0.9929436964220656,0.99801138409199,0.9999443142205684,0.9969793989859037,0.0019886159080100274,0.9890790947378284,0.9967386429246257,0.6461280826577995,0.6097510521082008
q3_ideal_logical_256_byte_plane_ceiling,pooled_exact_combined_moe_local_control,1184,0.7891031901041666,0.7886199951171875,128,0.9936353683157272,0.9981873681924962,0.9999571582433746,0.9972824584274067,0.001812631807503795,0.9900536552747075,0.9970126286801291,0.6398965509498382,0.6067648154237867
q3_ideal_logical_256_byte_plane_ceiling,pooled_exact_combined_moe_local_control,1216,0.8099365234375,0.8094355265299479,128,0.9943007224117264,0.9983716202463357,0.9999651540759646,0.9975581477862395,0.0016283797536642552,0.9911037482657279,0.9973092360919202,0.6406380752826025,0.6051737756607314
q3_ideal_logical_256_byte_plane_ceiling,pooled_exact_combined_moe_local_control,1248,0.8307698567708334,0.8302574157714844,128,0.9949516476817124,0.9985367456953512,0.9999729966708504,0.9978060690731263,0.0014632543046487756,0.991825000594535,0.9975063649344348,0.6175354966891854,0.5867956882925491
q3_ideal_logical_256_byte_plane_ceiling,pooled_exact_combined_moe_local_control,1280,0.8516031901041666,0.8509877522786458,128,0.9954365391389635,0.9986702334438486,0.9999794710608153,0.9980285042936812,0.0013297665561513572,0.9925241684692142,0.9977877550250037,0.6104285312267957,0.6010937175497904
q3_ideal_logical_256_byte_plane_ceiling,pooled_exact_combined_moe_local_control,1284,0.8542073567708334,0.8537286122639973,128,0.9955240556828713,0.9986794553530337,0.9999801094826501,0.9980507921919384,0.001320544646966293,0.9926043528467,0.9978155095673121,0.6052133402729367,0.6045092380383884
q3_ideal_logical_256_byte_plane_ceiling,pooled_exact_combined_moe_local_control,1288,0.8568115234375,0.8562138875325521,128,0.9955720211805451,0.9986987031128829,0.9999806933199304,0.9980748593730143,0.0013012968871171093,0.9927016072816502,0.9978325837981643,0.6067060228647309,0.6003908644841616
q3_ideal_logical_256_byte_plane_ceiling,pooled_exact_combined_moe_local_control,1292,0.8594156901041666,0.8588040669759115,128,0.9956236459144348,0.99871526855825,0.9999815523463967,0.9981004815619129,0.0012847314417500089,0.9928064301781467,0.9978764076024988,0.6083702798394162,0.6049802416234694
q3_ideal_logical_256_byte_plane_ceiling,pooled_exact_combined_moe_local_control,1296,0.8620198567708334,0.8614947001139324,128,0.9956886628122744,0.9987434291195441,0.9999822244635123,0.9981242475348198,0.0012565708804559428,0.9928337993215803,0.9979044947850816,0.6016210515439189,0.5996505623131393
q3_ideal_logical_256_byte_plane_ceiling,pooled_exact_combined_moe_local_control,1300,0.8646240234375,0.8640569051106771,128,0.9957206922425053,0.9987586560259596,0.9999827000706184,0.9981504160181298,0.0012413439740404097,0.992952772521741,0.997928417935019,0.607232811867727,0.5992251019279669
q3_ideal_logical_256_byte_plane_ceiling,pooled_exact_combined_moe_local_control,1304,0.8672281901041666,0.8666756947835286,128,0.9958227323919284,0.9987717220060233,0.9999833192945068,0.9981733694803232,0.001228277993976734,0.9929844363743449,0.9979399220512112,0.5954286541990399,0.5962288925517966
q3_ideal_logical_256_byte_plane_ceiling,pooled_exact_combined_moe_local_control,1308,0.8698323567708334,0.8692366282145183,128,0.9958504909876561,0.998769339539492,0.9999838677400388,0.9981988483143005,0.0012306604605080151,0.9931007579331302,0.9979669734359441,0.6014441835966141,0.6053341762799382
q3_ideal_logical_256_byte_plane_ceiling,pooled_exact_combined_moe_local_control,1312,0.8724365234375,0.8719603220621744,128,0.995876286797609,0.9987851054372799,0.9999845447141517,0.9982231524522089,0.0012148945627200591,0.9931884721246713,0.9979854049207375,0.6054020886161369,0.6030465254411372
q3_ideal_logical_256_byte_plane_ceiling,pooled_exact_combined_moe_local_control,1316,0.8750406901041666,0.8744964599609375,128,0.9959051437536246,0.9988086481850299,0.9999853530613051,0.9982445241374901,0.0011913518149700986,0.9932677852303445,0.997998603705147,0.6082480114616075,0.595260328018956
q3_ideal_logical_256_byte_plane_ceiling,pooled_exact_combined_moe_local_control,1320,0.8776448567708334,0.8771006266276042,128,0.9959622625348399,0.9988216409498882,0.9999856435717647,0.9982671642677997,0.0011783590501117658,0.9932883960957444,0.9980208828670466,0.6016054467397742,0.5953963161105689
q3_ideal_logical_256_byte_plane_ceiling,pooled_exact_combined_moe_local_control,1324,0.8802490234375,0.8796888987223308,128,0.9960391258517999,0.9988303048298143,0.9999860127021447,0.9982907644426415,0.001169695170185725,0.9933752558641852,0.9980641424049415,0.5978908871041174,0.6042258341581948
q3_ideal_logical_256_byte_plane_ceiling,pooled_exact_combined_moe_local_control,1328,0.8828531901041666,0.8823426564534504,128,0.9961324940750304,0.9988434022256647,0.9999865441942556,0.9983125622880149,0.0011565977743352995,0.9934489812164409,0.9980679566879395,0.5903670944549573,0.5986396718517555
q3_ideal_logical_256_byte_plane_ceiling,pooled_exact_combined_moe_local_control,1332,0.8854573567708334,0.8849690755208334,128,0.9961521216983128,0.9988665609358323,0.9999870479795002,0.9983348690365046,0.0011334390641677405,0.9935209291325798,0.9980985400855266,0.5938935351110534,0.5960888554842976
q3_ideal_logical_256_byte_plane_ceiling,pooled_exact_combined_moe_local_control,1336,0.8880615234375,0.8874918619791667,128,0.9961795245206285,0.9988713807605873,0.9999874482539404,0.9983558379914566,0.0011286192394126537,0.9935467519784431,0.9981215366192255,0.5920236548493546,0.6008204636639441
q3_ideal_logical_256_byte_plane_ceiling,pooled_exact_combined_moe_local_control,1340,0.8906656901041666,0.8900604248046874,128,0.9962448178980895,0.998891769735645,0.9999880165354214,0.998376601970915,0.0011082302643550257,0.9936493157463591,0.9981398768841296,0.5913035433556005,0.5957832870844572
q3_ideal_logical_256_byte_plane_ceiling,pooled_exact_combined_moe_local_control,1344,0.8932698567708334,0.8927694956461588,128,0.9962858509559797,0.9989025927793572,0.9999883749108756,0.9983974217068394,0.0010974072206427765,0.9937407942483966,0.9981566138493394,0.5933898311409367,0.595321398204879
q3_ideal_logical_256_byte_plane_ceiling,pooled_exact_combined_moe_local_control,1348,0.8958740234375,0.8953177134195963,128,0.9963062421728018,0.9989131640568949,0.9999888537139691,0.9984199395880331,0.0010868359431051022,0.9938151725680385,0.998198449567398,0.5972289231725122,0.6032781116959216
q3_ideal_logical_256_byte_plane_ceiling,pooled_exact_combined_moe_local_control,1352,0.8984781901041666,0.8979269663492839,128,0.9963562369683647,0.9989311137167308,0.9999891579807292,0.9984369558052826,0.001068886283269177,0.9938609879224805,0.9982298064110449,0.5935422484308789,0.6038245138488443
q3_ideal_logical_256_byte_plane_ceiling,pooled_exact_combined_moe_local_control,1356,0.9010823567708334,0.9004853566487631,128,0.9964166332142775,0.9989446162255103,0.999989586237313,0.9984600251396036,0.00105538377448966,0.9939112927720835,0.9982417236186788,0.5885267022353828,0.6002377019343375
q3_ideal_logical_256_byte_plane_ceiling,pooled_exact_combined_moe_local_control,1360,0.9036865234375,0.9031263987223307,128,0.9964746441099391,0.9989612879974048,0.9999901624123795,0.9984811616372151,0.001038712002595199,0.9939714700802439,0.99824296035373,0.5847787001119318,0.5911716362235979
q3_ideal_logical_256_byte_plane_ceiling,pooled_exact_combined_moe_local_control,1364,0.9062906901041666,0.9057025909423828,128,0.996496150192829,0.9989814315160395,0.999990547273081,0.9984977610380246,0.0010185684839605358,0.9940680751592365,0.9982961615936081,0.5906767029637534,0.5978081490236511
q3_ideal_logical_256_byte_plane_ceiling,pooled_exact_combined_moe_local_control,1368,0.9088948567708334,0.9083449045817058,128,0.9965486889896329,0.9989938002940979,0.9999908898153184,0.9985198415819099,0.0010061997059021,0.9941338891521485,0.998319494352975,0.5883473906107959,0.5987481849188366
q3_ideal_logical_256_byte_plane_ceiling,pooled_exact_combined_moe_local_control,1372,0.9114990234375,0.9109484354654946,128,0.9965832927861471,0.9990083410519304,0.9999912806569504,0.9985400772814745,0.0009916589480696292,0.9942239716083641,0.9983217952849954,0.591532274806771,0.5909046370823285
q3_ideal_logical_256_byte_plane_ceiling,pooled_exact_combined_moe_local_control,1376,0.9141031901041666,0.9135684967041016,128,0.9966116502489333,0.9990142698321605,0.9999915468761633,0.9985571562656508,0.000985730167839538,0.9942453507034705,0.9983407650771521,0.5888021278916472,0.5940871628639699
q3_ideal_logical_256_byte_plane_ceiling,pooled_exact_combined_moe_local_control,1380,0.9167073567708334,0.9161637624104817,128,0.9966633277359327,0.9990315283523423,0.9999921318948586,0.9985745403393279,0.000968471647657676,0.9943161060028609,0.9983563686558468,0.5870398472854661,0.5892268063046763
q3_ideal_logical_256_byte_plane_ceiling,pooled_exact_combined_moe_local_control,1384,0.9193115234375,0.9188397725423176,128,0.9967142683103508,0.9990405368212986,0.9999926312053558,0.9985939522699301,0.0009594631787014363,0.9943722855958608,0.9983859741627024,0.5838483358772619,0.5944534198460317
q3_ideal_logical_256_byte_plane_ceiling,pooled_exact_combined_moe_local_control,1388,0.9219156901041666,0.9214452107747396,128,0.9967616499661003,0.9990472943233739,0.9999928804699653,0.9986131875243515,0.0009527056766260866,0.9944059461341249,0.9984163325685724,0.5788914643197023,0.6015819090042697
q3_ideal_logical_256_byte_plane_ceiling,pooled_exact_combined_moe_local_control,1392,0.9245198567708334,0.9240659077962241,128,0.9967820769350588,0.9990607704412899,0.9999932007484221,0.9986329435128896,0.0009392295587100641,0.9944493366426703,0.9984229860574633,0.5797366652927874,0.5955746701891875
q3_ideal_logical_256_byte_plane_ceiling,pooled_exact_combined_moe_local_control,1396,0.9271240234375,0.9265855153401693,128,0.9968621147005486,0.9990817405680168,0.999993713514281,0.9986487689236976,0.0009182594319832038,0.9945434409283641,0.9984471660446351,0.5750666781493512,0.5913442508200677
q3_ideal_logical_256_byte_plane_ceiling,pooled_exact_combined_moe_local_control,1400,0.9297281901041666,0.9292284647623699,128,0.9968984269885899,0.9990966872812381,0.9999939344350175,0.9986660785321454,0.0009033127187618728,0.9946147596924187,0.9984632050279734,0.5759395745151384,0.587790001401838
q3_ideal_logical_256_byte_plane_ceiling,pooled_exact_combined_moe_local_control,1404,0.9323323567708334,0.9318243662516277,128,0.9969771795335656,0.9991099691010976,0.9999942569975674,0.9986840184379171,0.0008900308989023831,0.994662049986836,0.9984814598170755,0.5662886424525956,0.5861095471232728
q3_ideal_logical_256_byte_plane_ceiling,pooled_exact_combined_moe_local_control,1408,0.9349365234375,0.9343802134195964,128,0.9970186151285262,0.99911127970995,0.9999943518602104,0.998700641489346,0.000888720290050049,0.9946931287964305,0.9984845170160543,0.561797103624534,0.5864270991259878
q3_ideal_logical_256_byte_plane_ceiling,pooled_exact_combined_moe_local_control,1412,0.9375406901041666,0.9369564056396484,128,0.9970283752222878,0.9991316271843682,0.9999946487680561,0.9987201354318899,0.0008683728156317905,0.9947675334872569,0.9985082391804709,0.5679204578710827,0.5821126311025705
q3_ideal_logical_256_byte_plane_ceiling,pooled_exact_combined_moe_local_control,1416,0.9401448567708334,0.9396451314290365,128,0.9970701132765012,0.9991379943363979,0.9999949255126047,0.9987365624517484,0.0008620056636020612,0.9948645955880524,0.9985313875337518,0.5705269709007498,0.5869524353175327
q3_ideal_logical_256_byte_plane_ceiling,pooled_exact_combined_moe_local_control,1420,0.9427490234375,0.9422156016031901,128,0.9970978985997515,0.9991530557013296,0.9999951290328248,0.998751199964578,0.0008469442986703823,0.9949234405207359,0.9985371000739072,0.5716669748680214,0.5789488970256725
q3_ideal_logical_256_byte_plane_ceiling,pooled_exact_combined_moe_local_control,1424,0.9453531901041666,0.9448458353678386,128,0.9971493818233783,0.9991704812977165,0.9999953036886069,0.9987685091569554,0.0008295187022835382,0.9948982069025345,0.9985442124320154,0.5587482914659624,0.5698075189857089
q3_ideal_logical_256_byte_plane_ceiling,pooled_exact_combined_moe_local_control,1428,0.9479573567708334,0.9474493662516276,128,0.9971852404506812,0.9991730653618484,0.9999954790584747,0.9987846606440334,0.000826934638151644,0.9949756711630194,0.9985631110184665,0.5602259805531209,0.5755035001166999
q3_ideal_logical_256_byte_plane_ceiling,pooled_exact_combined_moe_local_control,1432,0.9505615234375,0.9500630696614583,128,0.9972385834004852,0.9991859502298495,0.9999956824992469,0.9988024332813767,0.0008140497701505378,0.9950945050156897,0.9985910204712045,0.5629231317832162,0.5777584084890551
q3_ideal_logical_256_byte_plane_ceiling,pooled_exact_combined_moe_local_control,1436,0.9531656901041666,0.952685038248698,128,0.9972637833753807,0.999199334330112,0.9999959477090273,0.9988165995581778,0.0008006656698880121,0.9951368689414438,0.9985896469150335,0.5626450514438063,0.5677058308466245
q3_ideal_logical_256_byte_plane_ceiling,pooled_exact_combined_moe_local_control,1440,0.9557698567708334,0.9552008310953777,128,0.9972905266696395,0.9992127973589214,0.9999959985554897,0.9988322289997906,0.000787202641078566,0.9951572795998639,0.99860360863788,0.5594940666581494,0.5637406979397503
q3_ideal_logical_256_byte_plane_ceiling,pooled_exact_combined_moe_local_control,1444,0.9583740234375,0.9578634897867839,128,0.9973479519093243,0.9992298683479091,0.9999961010242251,0.9988473776024016,0.000770131652090944,0.9951757089231947,0.9986294258851742,0.5497280426188311,0.5619044192942771
q3_ideal_logical_256_byte_plane_ceiling,pooled_exact_combined_moe_local_control,1448,0.9609781901041666,0.9604676564534506,128,0.9973523554692298,0.9992332350896316,0.9999964971887587,0.9988616788616358,0.0007667649103684226,0.9952801319573721,0.9986411100504944,0.5609573205983117,0.5642582834963078
q3_ideal_logical_256_byte_plane_ceiling,pooled_exact_combined_moe_local_control,1452,0.9635823567708334,0.9629936218261719,128,0.9973974376891175,0.9992359005266216,0.9999966815673621,0.9988768695510413,0.0007640994733784101,0.9953755508671128,0.9986642757346005,0.5627832064092059,0.5720488076555726
q3_ideal_logical_256_byte_plane_ceiling,pooled_exact_combined_moe_local_control,1456,0.9661865234375,0.9656791687011719,128,0.9974629618552489,0.9992483175672193,0.9999968579137034,0.9988925053254155,0.0007516824327806759,0.9953494258839135,0.9986708080020159,0.5455322464328537,0.5655183253590972
q3_ideal_logical_256_byte_plane_ceiling,pooled_exact_combined_moe_local_control,1460,0.9687906901041666,0.9682095845540364,128,0.9974830002988675,0.999263442839416,0.9999970029390184,0.9989057852943928,0.0007365571605839616,0.995412832065544,0.9986848080596105,0.5487045028864834,0.5600377693660485
q3_ideal_logical_256_byte_plane_ceiling,pooled_exact_combined_moe_local_control,1464,0.9713948567708334,0.970812479654948,128,0.9975060925530013,0.9992681387614417,0.9999971643459702,0.9989207690081844,0.0007318612385582846,0.9955371885290824,0.9986952064572561,0.5588198074802234,0.5609019470001422
q3_ideal_logical_256_byte_plane_ceiling,pooled_exact_combined_moe_local_control,1468,0.9739990234375,0.9734878540039062,128,0.9975470041292744,0.9992768528243932,0.9999972870153647,0.9989375844647701,0.0007231471756068419,0.99555840914414,0.9987176032583921,0.552278665534711,0.5639028485834576
q3_ideal_logical_256_byte_plane_ceiling,pooled_exact_combined_moe_local_control,1472,0.9766031901041666,0.976019541422526,128,0.9975684993816389,0.9992933922530021,0.9999973921406856,0.9989505163758932,0.0007066077469979337,0.995593846778427,0.9987275337125223,0.5518420481739419,0.5553056721043604
q3_ideal_logical_256_byte_plane_ceiling,pooled_exact_combined_moe_local_control,1476,0.9792073567708334,0.9786249796549479,128,0.9976054661875192,0.9992979138698947,0.9999974731224136,0.9989648289336519,0.0007020861301052506,0.9956593150822076,0.9987407511769467,0.5516488429431113,0.5575436063564564
q3_ideal_logical_256_byte_plane_ceiling,pooled_exact_combined_moe_local_control,1480,0.9818115234375,0.9812965393066406,128,0.997628530128194,0.999306179602985,0.999997564105357,0.9989773228466563,0.0006938203970150436,0.9957213887019568,0.9987547113968198,0.5542615831661587,0.5571563051674803
q3_ideal_logical_256_byte_plane_ceiling,pooled_exact_combined_moe_local_control,1484,0.9844156901041666,0.9838631947835287,128,0.9976700486610496,0.999318689242003,0.9999976402082982,0.998990471016725,0.0006813107579970445,0.9957951061189948,0.9987799257046246,0.5541046706257029,0.5584174345607463
q3_ideal_logical_256_byte_plane_ceiling,pooled_exact_combined_moe_local_control,1488,0.9870198567708334,0.986535390218099,128,0.9976950226933398,0.9993203810639723,0.99999775666654,0.9990045717909488,0.0006796189360277483,0.995836903380947,0.9987856929160661,0.5536689434761566,0.559676333128228
q3_ideal_logical_256_byte_plane_ceiling,pooled_exact_combined_moe_local_control,1492,0.9896240234375,0.9890988667805989,128,0.9977210863316186,0.9993287957233163,0.9999978364914134,0.9990184084598751,0.0006712042766836568,0.9958718744268716,0.9988009313092505,0.5520456265225482,0.5597713307518002
q3_ideal_logical_256_byte_plane_ceiling,pooled_exact_combined_moe_local_control,1496,0.9922281901041666,0.9917316436767578,128,0.9977668411322148,0.9993392577323137,0.9999978979734276,0.9990298269932527,0.0006607422676863095,0.9958698842794919,0.9988225865391316,0.5407012827016955,0.56118117351824
q3_ideal_logical_256_byte_plane_ceiling,pooled_exact_combined_moe_local_control,1500,0.9948323567708334,0.9943402608235679,128,0.9977642997180829,0.9993512571379501,0.9999979760802046,0.9990420568031451,0.0006487428620498559,0.9959190020810443,0.9988319386235356,0.5478317623080847,0.5554013471565385
q3_ideal_logical_256_byte_plane_ceiling,pooled_exact_combined_moe_local_control,1504,0.9974365234375,0.9969781239827474,128,0.9978070575560761,0.9993554173613107,0.9999980402665174,0.9990539275793725,0.0006445826386892728,0.9960231168413614,0.9988480081533648,0.5514223969996028,0.5595375006967467
q3_ideal_logical_256_byte_plane_ceiling,pooled_exact_combined_moe_local_control,1506,0.9987386067708334,0.9983024597167969,128,0.9978257202961855,0.9993630238435769,0.9999980683458708,0.9990613685360672,0.000636976156423108,0.9960639770160515,0.9988488233795365,0.5524052356100069,0.5533261752368172
q3_ideal_logical_256_byte_plane_ceiling,pooled_exact_combined_moe_local_control,1507,0.9993896484375,0.9988695780436199,128,0.9978296103504927,0.9993630238435769,0.9999980916579762,0.9990640367542419,0.000636976156423108,0.9959959221653577,0.9988477493633869,0.5420448200905725,0.5528104183091996
q3_ideal_logical_256_byte_plane_ceiling,pooled_exact_combined_moe_local_control,1508,1.0000406901041667,0.99957275390625,128,0.9978395396925335,0.9993666191949014,0.9999981261867493,0.9990666388070382,0.0006333808050985601,0.9959639861281763,0.9988561905946707,0.5352955604412463,0.5537468061964392
q3_ideal_logical_256_byte_plane_ceiling,pooled_exact_combined_moe_local_control,1512,1.0026448567708333,1.0021273295084636,128,0.9978622846862394,0.9993766960051151,0.9999981817889708,0.9990790208136126,0.0006233039948848607,0.9960316889251969,0.9988705401313589,0.5386965067668433,0.5518602406252663
q3_ideal_logical_256_byte_plane_ceiling,pooled_exact_combined_moe_local_control,1516,1.0052490234375,1.0045897165934243,128,0.9979060047618868,0.9993844120639461,0.9999982461733692,0.9990920587454153,0.0006155879360538741,0.9961115004302699,0.9988914482258487,0.5385098289360173,0.5553082412638675
q3_ideal_logical_256_byte_plane_ceiling,pooled_exact_combined_moe_local_control,1520,1.0078531901041667,1.007277806599935,128,0.9979282344353069,0.9993936637407725,0.9999983060080013,0.9991030112141615,0.0006063362592274579,0.9961685242300191,0.9988951221390402,0.5407226063975512,0.5487812550617437
q3_ideal_logical_256_byte_plane_ceiling,pooled_exact_combined_moe_local_control,1524,1.0104573567708333,1.0099779764811196,128,0.9979629626984494,0.9993995726387745,0.9999983611584233,0.9991158835946354,0.0006004273612254529,0.9962244859696491,0.9989098750412857,0.5395390628070966,0.5507876472561462
q3_ideal_logical_256_byte_plane_ceiling,pooled_exact_combined_moe_local_control,1528,1.0130615234375,1.012595494588216,128,0.9979672063728846,0.9994059436363915,0.9999984189759089,0.9991270254806905,0.0005940563636085416,0.9962410120886014,0.9989193550423905,0.5407821666441717,0.5497239027725169
q3_ideal_logical_256_byte_plane_ceiling,pooled_exact_combined_moe_local_control,1532,1.0156656901041667,1.0151151021321616,128,0.9980154966909167,0.9994144033380747,0.9999984642740624,0.9991392473996474,0.0005855966619252584,0.9962674326217537,0.9989369904523682,0.5316724677628342,0.5508856089108962
q3_ideal_logical_256_byte_plane_ceiling,pooled_exact_combined_moe_local_control,1536,1.0182698567708333,1.0176976521809895,128,0.9980237580640081,0.9994176597730469,0.9999985763984266,0.9991494289718581,0.0005823402269531375,0.9963449828804145,0.9989488379103376,0.5406929355822024,0.5539966030740094
q3_ideal_logical_256_byte_plane_ceiling,pooled_exact_combined_moe_local_control,1568,1.0391031901041667,1.0385710398356118,128,0.9982421390345341,0.9994794442578636,0.9999990952054741,0.9992344402577739,0.000520555742136386,0.9966047516795248,0.999039774599028,0.5177415021060635,0.5421182793221979
q3_ideal_logical_256_byte_plane_ceiling,pooled_exact_combined_moe_local_control,1600,1.0599365234375,1.0593439737955728,128,0.9984368054455981,0.9995284846046615,0.9999993888422438,0.999315640380767,0.0004715153953385176,0.9969121790000592,0.9991304986273065,0.5062451982909285,0.5422825197824466
q3_ideal_logical_256_byte_plane_ceiling,pooled_exact_combined_moe_local_control,1632,1.0807698567708333,1.079962412516276,128,0.9985988792318488,0.9995749907399459,0.999999582033173,0.9993852618239593,0.0004250092600540656,0.9972012493272625,0.9992171246710577,0.5006236467576403,0.5428824288386811
q3_ideal_logical_256_byte_plane_ceiling,pooled_exact_combined_moe_local_control,1664,1.1016031901041667,1.1006094614664712,128,0.9987352872857307,0.9996217950696095,0.9999996870168776,0.9994476718365226,0.0003782049303905355,0.9974431989417786,0.9992927450882967,0.4946465076751327,0.5347505179987895
q3_ideal_logical_256_byte_plane_ceiling,pooled_router_square_multi_budget_column_generated,384,0.2682698567708333,0.2678782145182292,128,0.9196125484468143,0.9738616849520785,0.9940861106521065,0.963740437792008,0.026138315047921523,0.9012698574429038,0.9686161663626609,0.81421387097357,0.8328592150330325
q3_ideal_logical_256_byte_plane_ceiling,pooled_router_square_multi_budget_column_generated,416,0.2891031901041667,0.2887248992919922,128,0.9277606675218223,0.9763039788177046,0.9950150115992282,0.9677554858649831,0.023696021182295413,0.9102871887463212,0.9717119540961152,0.8052287233972443,0.837669072752786
q3_ideal_logical_256_byte_plane_ceiling,pooled_router_square_multi_budget_column_generated,448,0.3099365234375,0.30955823262532556,128,0.9332527233580497,0.9788895484260183,0.9958027320365518,0.9710892177475341,0.021110451573981726,0.9195210557985299,0.9745019773484618,0.8293756497955042,0.8279250458940272
q3_ideal_logical_256_byte_plane_ceiling,pooled_router_square_multi_budget_column_generated,480,0.3307698567708333,0.33032353719075525,128,0.9410491734291505,0.9813805801556914,0.9964671558283055,0.9741123987923577,0.018619419844308593,0.9263291345947609,0.9771658700058922,0.8001918566665455,0.8154205940455445
q3_ideal_logical_256_byte_plane_ceiling,pooled_router_square_multi_budget_column_generated,512,0.3516031901041667,0.35117212931315106,128,0.9454059038304549,0.9832079167527958,0.997142383417044,0.9768068974233429,0.01679208324720416,0.9314329611872246,0.9797805472842459,0.7962148740098893,0.8304914818055643
q3_ideal_logical_256_byte_plane_ceiling,pooled_router_square_multi_budget_column_generated,544,0.3724365234375,0.3720614115397135,128,0.9505218075834222,0.9852219922855667,0.9975439021242138,0.9791459274118195,0.014778007714433272,0.937214831280119,0.9812713133027045,0.7880554185866262,0.7890573403936133
q3_ideal_logical_256_byte_plane_ceiling,pooled_router_square_multi_budget_column_generated,576,0.3932698567708333,0.39285405476888013,128,0.9544027100578667,0.9865767964962087,0.998009140688199,0.981132857681366,0.013423203503791337,0.9424944745284266,0.9829262894979749,0.7929201510326748,0.7861913496892907
q3_ideal_logical_256_byte_plane_ceiling,pooled_router_square_multi_budget_column_generated,608,0.4141031901041667,0.4137306213378906,128,0.958684961472283,0.9876610840977822,0.998346656782707,0.98291268605539,0.012338915902217806,0.9458245602276232,0.9840957959507932,0.7626156557529761,0.7758273135858821
q3_ideal_logical_256_byte_plane_ceiling,pooled_router_square_multi_budget_column_generated,640,0.4349365234375,0.43461227416992193,128,0.9631103439510388,0.9888792129892146,0.9986471731128989,0.9845368676264996,0.011120787010785449,0.9521928140295318,0.9853933617297443,0.7716341236179217,0.7613515721431503
q3_ideal_logical_256_byte_plane_ceiling,pooled_router_square_multi_budget_column_generated,672,0.4557698567708333,0.4554424285888672,128,0.9670537139844501,0.9899702566498836,0.9988504330973259,0.9860074437404664,0.010029743350116416,0.9546125998056706,0.9866767929147321,0.7258905747958256,0.7528024811088294
q3_ideal_logical_256_byte_plane_ceiling,pooled_router_square_multi_budget_column_generated,704,0.4766031901041667,0.4762694040934245,128,0.9703600494844359,0.9909330806378988,0.9990518607288081,0.9873353350810131,0.009066919362101244,0.9585882696482144,0.9878160577217937,0.7157380351841809,0.7441695926547073
q3_ideal_logical_256_byte_plane_ceiling,pooled_router_square_multi_budget_column_generated,736,0.4974365234375,0.4970855712890625,128,0.9738041509074737,0.9919905387095169,0.9991885929127421,0.9885579816745206,0.008009461290483078,0.9622908823177203,0.9887079146975845,0.6946821008447047,0.709298688061605
q3_ideal_logical_256_byte_plane_ceiling,pooled_router_square_multi_budget_column_generated,768,0.5182698567708334,0.5179176330566406,128,0.9759913959921419,0.9925185275715389,0.9993444568194495,0.9895930377516381,0.007481472428461089,0.9656164064490277,0.9898095416827313,0.6982575562460128,0.7341644698926844
q3_ideal_logical_256_byte_plane_ceiling,pooled_router_square_multi_budget_column_generated,800,0.5391031901041666,0.5387738545735677,128,0.9781669266591472,0.99327624077371,0.9994386431503878,0.9905904642863799,0.006723759226289983,0.9684972373444677,0.9907158964395029,0.6930526563523038,0.7242227730956013
q3_ideal_logical_256_byte_plane_ceiling,pooled_router_square_multi_budget_column_generated,832,0.5599365234375,0.5596351623535156,128,0.9802836641027969,0.9938358433007057,0.9995160553715265,0.9914806573763146,0.006164156699294265,0.9720879595279959,0.9915047996317168,0.7063738646043692,0.7256046275621831
q3_ideal_logical_256_byte_plane_ceiling,pooled_router_square_multi_budget_column_generated,864,0.5807698567708334,0.580468495686849,128,0.9823590909083688,0.9944959794838013,0.9995733422895113,0.9923167123150856,0.005504020516198693,0.9743533948047971,0.9922746420292201,0.6878457775351434,0.7124615502630297
q3_ideal_logical_256_byte_plane_ceiling,pooled_router_square_multi_budget_column_generated,896,0.6016031901041666,0.6012986501057943,128,0.9839563051256813,0.9950599226023833,0.9996468020188854,0.9930420590064577,0.0049400773976167045,0.9765085982066268,0.9929974915426429,0.6829603024730748,0.7054725356920492
q3_ideal_logical_256_byte_plane_ceiling,pooled_router_square_multi_budget_column_generated,928,0.6224365234375,0.6220811208089192,128,0.9854587611460159,0.9956031337358935,0.9997167690724766,0.9937095426872535,0.004396866264106514,0.9787582580432893,0.9935418947207035,0.6845596224461334,0.6808291401197938
q3_ideal_logical_256_byte_plane_ceiling,pooled_router_square_multi_budget_column_generated,960,0.6432698567708334,0.6429278055826824,128,0.9869907512508703,0.996029729831248,0.9997771236068455,0.9942917891374401,0.003970270168751955,0.9805918588176755,0.994270152294358,0.6702985426021917,0.6929102434681738
q3_ideal_logical_256_byte_plane_ceiling,pooled_router_square_multi_budget_column_generated,992,0.6641031901041666,0.6637541453043619,128,0.987995497036446,0.9964218673711879,0.9998239133581511,0.9948218605959476,0.003578132628812125,0.9822376644846484,0.9948055788498051,0.6758403450480283,0.6888414561221892
q3_ideal_logical_256_byte_plane_ceiling,pooled_router_square_multi_budget_column_generated,1024,0.6849365234375,0.6846173604329426,128,0.9891975832186011,0.9967589873898633,0.9998534024162198,0.9953191903976463,0.003241012610136651,0.9838312231619167,0.9950757120890018,0.6681035238210081,0.658168788810659
q3_ideal_logical_256_byte_plane_ceiling,pooled_router_square_multi_budget_column_generated,1056,0.7057698567708334,0.7054208119710287,128,0.9900996032094033,0.9971390013888033,0.9998874401772576,0.9957590367798019,0.002860998611196708,0.9852464175589725,0.9955285243751982,0.6710503587972769,0.6398332119552912
q3_ideal_logical_256_byte_plane_ceiling,pooled_router_square_multi_budget_column_generated,1088,0.7266031901041666,0.7262954711914062,128,0.9908840522247945,0.997351115223789,0.9999106893208617,0.9961549722984767,0.002648884776210947,0.9863793969959124,0.995930887489546,0.6692763728940467,0.6509735893037202
q3_ideal_logical_256_byte_plane_ceiling,pooled_router_square_multi_budget_column_generated,1120,0.7474365234375,0.7471249898274739,128,0.9917967508909515,0.9976962321026428,0.9999256846212808,0.9965350942556281,0.0023037678973572007,0.9876788936724094,0.9962704520037553,0.6657883546284256,0.6177069981876832
q3_ideal_logical_256_byte_plane_ceiling,pooled_router_square_multi_budget_column_generated,1152,0.7682698567708334,0.7679742177327474,128,0.9927900428044383,0.9979221842429695,0.9999439442227035,0.9968781158666147,0.0020778157570304767,0.9888755298252253,0.9965901528250427,0.6481169064492321,0.6093574434333706
q3_ideal_logical_256_byte_plane_ceiling,pooled_router_square_multi_budget_column_generated,1184,0.7891031901041666,0.7888139088948567,128,0.9935712223720288,0.9981049994009622,0.9999547779848798,0.9972033895022252,0.0018950005990377994,0.9898316658880925,0.9968781757801042,0.6322350895652478,0.6070170725695244
q3_ideal_logical_256_byte_plane_ceiling,pooled_router_square_multi_budget_column_generated,1216,0.8099365234375,0.8096046447753906,128,0.994197466117574,0.9982854945135753,0.9999647719740002,0.9974780310443973,0.0017145054864247111,0.9908677133536433,0.9972181029408084,0.6353867445390511,0.6163080264813668
q3_ideal_logical_256_byte_plane_ceiling,pooled_router_square_multi_budget_column_generated,1248,0.8307698567708334,0.8304494222005209,128,0.9947741791844932,0.9984392325386855,0.9999719226682904,0.9977356498906391,0.001560767461314505,0.9916003216366571,0.9974748775027411,0.6221453476496052,0.6180957411011833
q3_ideal_logical_256_byte_plane_ceiling,pooled_router_square_multi_budget_column_generated,1280,0.8516031901041666,0.8512840270996094,128,0.9953405146458167,0.9985988006119194,0.9999789751032004,0.9979662988736585,0.0014011993880805873,0.9924453438125479,0.9977356617351041,0.6167700076043731,0.6188118664968973
q3_ideal_logical_256_byte_plane_ceiling,pooled_router_square_multi_budget_column_generated,1284,0.8542073567708334,0.8538780212402344,128,0.9953494960155994,0.9986302488228196,0.9999795621801046,0.9979930289307721,0.0013697511771804116,0.9924978225346561,0.99775670792343,0.619887226859599,0.6105986783828627
q3_ideal_logical_256_byte_plane_ceiling,pooled_router_square_multi_budget_column_generated,1288,0.8568115234375,0.8565006256103516,128,0.9954446162619482,0.9986484941950231,0.9999804982926818,0.9980182002870395,0.0013515058049768935,0.9926651592628014,0.9977472039803639,0.6210610293075841,0.599923736191255
q3_ideal_logical_256_byte_plane_ceiling,pooled_router_square_multi_budget_column_generated,1292,0.8594156901041666,0.85906982421875,128,0.9955272377314496,0.99866701890985,0.9999814801632078,0.9980424693532963,0.0013329810901500094,0.9926776219589967,0.9977707951887718,0.6108346555591869,0.5979625934036856
q3_ideal_logical_256_byte_plane_ceiling,pooled_router_square_multi_budget_column_generated,1296,0.8620198567708334,0.8616809844970703,128,0.9955744145136816,0.9987142327558769,0.9999822244635123,0.9980737244265965,0.0012857672441231038,0.9927291897974807,0.9977976318308225,0.6086784502757339,0.5838112183592262
q3_ideal_logical_256_byte_plane_ceiling,pooled_router_square_multi_budget_column_generated,1300,0.8646240234375,0.8642717997233073,128,0.9955945735764763,0.998687691481756,0.9999823817173277,0.9980932512024439,0.001312308518244043,0.992794367068448,0.9978418766196644,0.6113864618655861,0.6080785418486903
q3_ideal_logical_256_byte_plane_ceiling,pooled_router_square_multi_budget_column_generated,1304,0.8672281901041666,0.8668880462646484,128,0.9955324421491962,0.998687370852799,0.9999833052590811,0.9981244966052327,0.0013126291472009832,0.9929221293123476,0.9978671145946534,0.6312008297350746,0.6154241310435832
q3_ideal_logical_256_byte_plane_ceiling,pooled_router_square_multi_budget_column_generated,1308,0.8698323567708334,0.8695329030354818,128,0.9957151194020578,0.9987397495079176,0.9999838677400388,0.9981432983640706,0.0012602504920824487,0.9930039209872512,0.9978563067049158,0.6124688686525623,0.5878875000320075
q3_ideal_logical_256_byte_plane_ceiling,pooled_router_square_multi_budget_column_generated,1312,0.8724365234375,0.8720690409342446,128,0.9957649904109696,0.9987522381145706,0.9999836240045958,0.9981659737144448,0.0012477618854294104,0.9930148334377785,0.9978981421238027,0.6062861280839087,0.5936471250315266
q3_ideal_logical_256_byte_plane_ceiling,pooled_router_square_multi_budget_column_generated,1316,0.8750406901041666,0.8747138977050781,128,0.9957814287494808,0.9987518093885778,0.9999846863522442,0.9981905745912719,0.0012481906114222285,0.9932470535963848,0.9979290366666156,0.624700834033086,0.6027101452261875
q3_ideal_logical_256_byte_plane_ceiling,pooled_router_square_multi_budget_column_generated,1320,0.8776448567708334,0.8772385915120443,128,0.9958587145546862,0.9987683853438294,0.9999854116929591,0.9982147092764255,0.0012316146561706098,0.9932320701113749,0.9979374459889445,0.6118983963285558,0.5971308627890659
q3_ideal_logical_256_byte_plane_ceiling,pooled_router_square_multi_budget_column_generated,1324,0.8802490234375,0.8798878987630208,128,0.9958954675435494,0.9988033809711516,0.9999856033277674,0.9982351050130635,0.001196619028848378,0.9932335793926143,0.9979756609081261,0.6066032093793245,0.5911159022971111
q3_ideal_logical_256_byte_plane_ceiling,pooled_router_square_multi_budget_column_generated,1328,0.8828531901041666,0.8825492858886719,128,0.9959723039795298,0.9987959935011649,0.9999865441942556,0.9982592622388671,0.0012040064988351196,0.9933498222410513,0.9979899311991226,0.6056523850133688,0.5989877054504653
q3_ideal_logical_256_byte_plane_ceiling,pooled_router_square_multi_budget_column_generated,1332,0.8854573567708334,0.8850396474202473,128,0.9959967726659619,0.9988206025874311,0.999986922708301,0.9982818321524402,0.0011793974125688944,0.9934663818328511,0.9980036337371574,0.6127121652389149,0.5907720614801218
q3_ideal_logical_256_byte_plane_ceiling,pooled_router_square_multi_budget_column_generated,1336,0.8880615234375,0.8877538045247396,128,0.9960120567877047,0.9988281719306183,0.9999872003452948,0.9983040897255397,0.001171828069381653,0.9934835219920134,0.998041212803819,0.6119783121200921,0.5982416424133862
q3_ideal_logical_256_byte_plane_ceiling,pooled_router_square_multi_budget_column_generated,1340,0.8906656901041666,0.8903516133626302,128,0.9961021817681319,0.9988678856034865,0.9999880165354214,0.9983268007217543,0.001132114396513506,0.9936493157463591,0.9980740153506638,0.6137635058196136,0.5878107060218104
q3_ideal_logical_256_byte_plane_ceiling,pooled_router_square_multi_budget_column_generated,1344,0.8932698567708334,0.8929189046223959,128,0.9961692841018245,0.9988670289027879,0.9999880712214771,0.9983515923723594,0.0011329710972121099,0.9936544602150069,0.9980754734172386,0.6036863731017794,0.5887011940289499
q3_ideal_logical_256_byte_plane_ceiling,pooled_router_square_multi_budget_column_generated,1348,0.8958740234375,0.8955338795979817,128,0.9962639231498326,0.9988794339971894,0.9999887348047772,0.998371701247847,0.0011205660028106301,0.9937181147427145,0.9981081508666887,0.5947381553705512,0.5923125597490436
q3_ideal_logical_256_byte_plane_ceiling,pooled_router_square_multi_budget_column_generated,1352,0.8984781901041666,0.8981622060139973,128,0.996292541897492,0.9988903839323193,0.9999890873226762,0.9983940273038556,0.0011096160676806743,0.9937638556979904,0.9981463112510592,0.5945112753906825,0.5985989116645027
q3_ideal_logical_256_byte_plane_ceiling,pooled_router_square_multi_budget_column_generated,1356,0.9010823567708334,0.9007542928059897,128,0.9962951517599152,0.9989080016143932,0.999989342260039,0.9984149390228263,0.0010919983856068072,0.9938423650283781,0.9981595216260282,0.6016674026893337,0.593323127861713
q3_ideal_logical_256_byte_plane_ceiling,pooled_router_square_multi_budget_column_generated,1360,0.9036865234375,0.9033273061116536,128,0.9962917824253879,0.998930275571035,0.9999899528963893,0.9984314658710758,0.0010697244289650243,0.9938245887168874,0.9981846638628835,0.6004810699414804,0.5892707180193058
q3_ideal_logical_256_byte_plane_ceiling,pooled_router_square_multi_budget_column_generated,1364,0.9062906901041666,0.9059855143229166,128,0.9964391519512528,0.9989391234595391,0.9999902376639392,0.9984513968728197,0.0010608765404609422,0.9940068996325042,0.9982005471388689,0.594157920007459,0.5895550605277148
q3_ideal_logical_256_byte_plane_ceiling,pooled_router_square_multi_budget_column_generated,1368,0.9088948567708334,0.9085241953531902,128,0.9964798393901761,0.9989378250894325,0.9999905560931384,0.9984736076358063,0.0010621749105674816,0.9940065255217839,0.9982707707932463,0.5873322098255782,0.614247611837145
q3_ideal_logical_256_byte_plane_ceiling,pooled_router_square_multi_budget_column_generated,1372,0.9114990234375,0.9110953013102213,128,0.9965707084657573,0.9989628013674106,0.9999910679595982,0.9984916865569706,0.0010371986325894422,0.9940142752340417,0.9982621508226501,0.5729116637212518,0.5968289113391969
q3_ideal_logical_256_byte_plane_ceiling,pooled_router_square_multi_budget_column_generated,1376,0.9141031901041666,0.9137401580810547,128,0.9965033520806919,0.998969711058685,0.999991492402223,0.9985124204968359,0.0010302889413149607,0.9940609833128822,0.9982986737671706,0.5887587295204342,0.6055798831724067
q3_ideal_logical_256_byte_plane_ceiling,pooled_router_square_multi_budget_column_generated,1380,0.9167073567708334,0.9163665771484375,128,0.9965988494864167,0.9989818717703758,0.9999921241662062,0.998531060038701,0.0010181282296242156,0.9942331710385122,0.998306519015828,0.5897782882580512,0.6012044062732822
q3_ideal_logical_256_byte_plane_ceiling,pooled_router_square_multi_budget_column_generated,1384,0.9193115234375,0.9189764658610027,128,0.9966383208496292,0.9989953066004829,0.9999925778290762,0.9985476737709188,0.0010046933995171425,0.9942613211250867,0.9983059372123855,0.5857932154152052,0.5930673921076384
q3_ideal_logical_256_byte_plane_ceiling,pooled_router_square_multi_budget_column_generated,1388,0.9219156901041666,0.9215774536132812,128,0.9966749788801751,0.9990379083214844,0.9999928804699653,0.998569853690235,0.0009620916785155753,0.9942590622967823,0.9983454614961548,0.5791773559851185,0.5814864243289765
q3_ideal_logical_256_byte_plane_ceiling,pooled_router_square_multi_budget_column_generated,1392,0.9245198567708334,0.9242445627848308,128,0.9967736847551838,0.9990230391647992,0.9999931667381928,0.9985859557577659,0.000976960835200824,0.9943328028793131,0.9983305462572212,0.5692964575097,0.5851979064569115
q3_ideal_logical_256_byte_plane_ceiling,pooled_router_square_multi_budget_column_generated,1396,0.9271240234375,0.9267857869466145,128,0.9967873112976624,0.99906296875572,0.9999936859726143,0.9986049677049904,0.0009370312442800177,0.994495882674594,0.9983657902725448,0.5836882668740373,0.573384938626675
q3_ideal_logical_256_byte_plane_ceiling,pooled_router_square_multi_budget_column_generated,1400,0.9297281901041666,0.9293804168701172,128,0.9968313306569014,0.9990597189315299,0.9999938853273272,0.9986242981348583,0.0009402810684701057,0.9944949624743137,0.9983880921717674,0.5755945038183043,0.5833342651490692
q3_ideal_logical_256_byte_plane_ceiling,pooled_router_square_multi_budget_column_generated,1404,0.9323323567708334,0.9319934844970703,128,0.9969019855154714,0.9990707832411668,0.999994201745348,0.9986413113692488,0.0009292167588331735,0.9946113262242366,0.9984071597312337,0.5749122350776859,0.5833709613286554
q3_ideal_logical_256_byte_plane_ceiling,pooled_router_square_multi_budget_column_generated,1408,0.9349365234375,0.9346001942952473,128,0.9969227965735173,0.9990880220785232,0.9999943473535249,0.9986607125834825,0.000911977921476792,0.9945183393243404,0.9984251793991179,0.5613633547487669,0.5790995628111348
q3_ideal_logical_256_byte_plane_ceiling,pooled_router_square_multi_budget_column_generated,1412,0.9375406901041666,0.9371744791666666,128,0.9969456449254628,0.9991226048478377,0.9999946215395641,0.9986817354123498,0.0008773951521623413,0.9946630212730968,0.9984564286393185,0.5723004026867313,0.5684189111768441
q3_ideal_logical_256_byte_plane_ceiling,pooled_router_square_multi_budget_column_generated,1416,0.9401448567708334,0.9398276011149089,128,0.9970164906815816,0.9991251078286656,0.9999947842288105,0.998697609750226,0.0008748921713344071,0.9947129515309854,0.9984594595308163,0.5643052708715667,0.5679124883995933
q3_ideal_logical_256_byte_plane_ceiling,pooled_router_square_multi_budget_column_generated,1420,0.9427490234375,0.9424877166748047,128,0.9970646144838048,0.999117434056418,0.9999951290328248,0.9987169822574707,0.0008825659435820477,0.9947955084599402,0.9984815657207282,0.5640100466301285,0.5812342065968841
q3_ideal_logical_256_byte_plane_ceiling,pooled_router_square_multi_budget_column_generated,1424,0.9453531901041666,0.9450626373291016,128,0.9970763845683601,0.999131419882282,0.9999951985715726,0.9987311232476328,0.0008685801177179542,0.9948020412054357,0.9985148635948624,0.5624545224747091,0.584848714712832
q3_ideal_logical_256_byte_plane_ceiling,pooled_router_square_multi_budget_column_generated,1428,0.9479573567708334,0.9475777943929038,128,0.997135592423867,0.9991393128206592,0.9999953761729513,0.9987464130198218,0.0008606871793408466,0.994935762131808,0.9985216016004874,0.5656147382262833,0.5821753998276848
q3_ideal_logical_256_byte_plane_ceiling,pooled_router_square_multi_budget_column_generated,1432,0.9505615234375,0.9502105712890625,128,0.9971228016037221,0.9991552156433314,0.9999956824992469,0.9987607218851036,0.0008447843566685709,0.9949468371680955,0.9985406568898004,0.5693856485510245,0.5788798746259485
q3_ideal_logical_256_byte_plane_ceiling,pooled_router_square_multi_budget_column_generated,1436,0.9531656901041666,0.9528586069742838,128,0.9971984555287616,0.9991746070051204,0.9999959477090273,0.99877943170642,0.0008253929948796035,0.9949733680672895,0.9985730276770597,0.5573402844571749,0.5784225675651934
q3_ideal_logical_256_byte_plane_ceiling,pooled_router_square_multi_budget_column_generated,1440,0.9557698567708334,0.9553839365641277,128,0.9972524916736171,0.999173240288646,0.9999959368555431,0.9987974823340856,0.0008267597113540415,0.9951144392841208,0.9985723683210446,0.5623731821514149,0.5791127526386666
q3_ideal_logical_256_byte_plane_ceiling,pooled_router_square_multi_budget_column_generated,1444,0.9583740234375,0.9581108093261719,128,0.9972602718434388,0.9991916297483663,0.9999960797868525,0.9988110683659657,0.0008083702516337166,0.9950517398147289,0.9985748872526785,0.5536750401113208,0.5672324896069137
q3_ideal_logical_256_byte_plane_ceiling,pooled_router_square_multi_budget_column_generated,1448,0.9609781901041666,0.9606844584147136,128,0.9972890709021801,0.9992002963078115,0.9999964971887587,0.9988268874231154,0.0007997036921885137,0.9952362147489001,0.9986067860777917,0.5690703830937762,0.5739992110622718
q3_ideal_logical_256_byte_plane_ceiling,pooled_router_square_multi_budget_column_generated,1452,0.9635823567708334,0.9632174173990884,128,0.9973565530697508,0.9992085817921855,0.9999966815673621,0.9988431630013438,0.000791418207814476,0.9951454948517486,0.9986259443813181,0.544534787691264,0.5759724694213495
q3_ideal_logical_256_byte_plane_ceiling,pooled_router_square_multi_budget_column_generated,1456,0.9661865234375,0.9659112294514973,128,0.9973953588646661,0.9992252043346423,0.9999967570405888,0.9988613569727451,0.0007747956653576527,0.9953010596804329,0.9986410456969519,0.5543039405050038,0.5701410736327189
q3_ideal_logical_256_byte_plane_ceiling,pooled_router_square_multi_budget_column_generated,1460,0.9687906901041666,0.968531290690104,128,0.9974262263795907,0.9992276210761277,0.9999969953514726,0.9988729732397442,0.0007723789238722745,0.9952724856101132,0.9986521971904319,0.5444242805299948,0.5730652276350101
q3_ideal_logical_256_byte_plane_ceiling,pooled_router_square_multi_budget_column_generated,1464,0.9713948567708334,0.9710534413655599,128,0.997412729832204,0.9992387805300516,0.9999971593823428,0.9988893167742819,0.0007612194699484487,0.9953941770003134,0.9986679940495047,0.5617389482774485,0.5714835355392986
q3_ideal_logical_256_byte_plane_ceiling,pooled_router_square_multi_budget_column_generated,1468,0.9739990234375,0.9737218221028645,128,0.9974633692964847,0.9992482046680288,0.9999972435454525,0.9989058808120332,0.0007517953319712278,0.9954060338709482,0.9986942880251986,0.5521657392016586,0.5757742492064901
q3_ideal_logical_256_byte_plane_ceiling,pooled_router_square_multi_budget_column_generated,1472,0.9766031901041666,0.9762821197509766,128,0.9975272033443774,0.9992636961811627,0.9999973543381798,0.99892256183691,0.0007363038188372695,0.995493246996439,0.9986980923631543,0.5486869712337816,0.5655576463328997
q3_ideal_logical_256_byte_plane_ceiling,pooled_router_square_multi_budget_column_generated,1476,0.9792073567708334,0.9789524078369141,128,0.9975297722541054,0.9992746200940434,0.9999974321042125,0.9989344796044,0.000725379905956558,0.9954584509086809,0.9986932255524645,0.5439174379103937,0.5550918961758107
q3_ideal_logical_256_byte_plane_ceiling,pooled_router_square_multi_budget_column_generated,1480,0.9818115234375,0.9814828236897786,128,0.9975930947792879,0.9992874574873186,0.9999975240167762,0.9989496332090337,0.00071254251268138,0.9955268570695646,0.9987216095452004,0.538079211450052,0.557374712871331
q3_ideal_logical_256_byte_plane_ceiling,pooled_router_square_multi_budget_column_generated,1484,0.9844156901041666,0.9840647379557292,128,0.9976081167819343,0.9992961592993348,0.9999975573974618,0.9989626423878035,0.0007038407006652037,0.9956250653155013,0.998748394384229,0.5467243263175257,0.5623502258190521
q3_ideal_logical_256_byte_plane_ceiling,pooled_router_square_multi_budget_column_generated,1488,0.9870198567708334,0.9866517384847007,128,0.9976328777736969,0.9993061536251668,0.9999976272887526,0.9989758375865443,0.0006938463748331625,0.9956272181983729,0.9987487868769178,0.54133097275109,0.5545389206947984
q3_ideal_logical_256_byte_plane_ceiling,pooled_router_square_multi_budget_column_generated,1492,0.9896240234375,0.9893449147542317,128,0.9976789038080821,0.9993158778265518,0.9999977463584035,0.9989892616592267,0.000684122173448154,0.9956281156816005,0.9987770905640783,0.5309143661805786,0.5594217800212768
q3_ideal_logical_256_byte_plane_ceiling,pooled_router_square_multi_budget_column_generated,1496,0.9922281901041666,0.9919077555338541,128,0.9977332759734987,0.9993216993909251,0.9999977991116866,0.9990031414867284,0.0006783006090749222,0.9957877959199658,0.9987873934418081,0.5381325271597228,0.5593740232498279
q3_ideal_logical_256_byte_plane_ceiling,pooled_router_square_multi_budget_column_generated,1500,0.9948323567708334,0.9945233662923176,128,0.9977497271960765,0.9993374553108499,0.9999978946765793,0.9990181828746684,0.0006625446891500575,0.9958191818665251,0.9987920929258498,0.5382374291543746,0.5485063407018966
q3_ideal_logical_256_byte_plane_ceiling,pooled_router_square_multi_budget_column_generated,1504,0.9974365234375,0.9971364339192708,128,0.997726418892504,0.9993362874341376,0.999997957933243,0.9990301380582209,0.0006637125658623955,0.99583668076722,0.9988030218500523,0.5460981924217757,0.554490126566977
q3_ideal_logical_256_byte_plane_ceiling,pooled_router_square_multi_budget_column_generated,1506,0.9987386067708334,0.9984283447265625,128,0.997774703127533,0.9993523335942589,0.9999980166678311,0.9990347353980064,0.0006476664057410986,0.9958554110689603,0.9988240837362874,0.5369161838466612,0.5507759572065822
q3_ideal_logical_256_byte_plane_ceiling,pooled_router_square_multi_budget_column_generated,1507,0.9993896484375,0.9990482330322266,128,0.9977922241069048,0.99935492138611,0.9999980197531187,0.9990394678692003,0.00064507861388996,0.9958619767423159,0.998817081149521,0.5335339498141909,0.5453278672740052
q3_ideal_logical_256_byte_plane_ceiling,pooled_router_square_multi_budget_column_generated,1508,1.0000406901041667,0.9997119903564454,128,0.9977600827054484,0.9993526051957362,0.9999980573693612,0.9990452053305052,0.00064739480426379,0.9958649901327659,0.9988286385486528,0.5416957556258252,0.5526857687857161
q3_ideal_logical_256_byte_plane_ceiling,pooled_router_square_multi_budget_column_generated,1512,1.0026448567708333,1.0023829142252605,128,0.9978054346961773,0.9993661794263912,0.9999981353106091,0.9990566720347984,0.0006338205736088343,0.9959479870778932,0.9988487772232271,0.5415987920101807,0.5505629200505733
q3_ideal_logical_256_byte_plane_ceiling,pooled_router_square_multi_budget_column_generated,1516,1.0052490234375,1.0049152374267578,128,0.9978514174601358,0.999371806978392,0.9999981832481222,0.9990672963560254,0.0006281930216079923,0.9960333622428458,0.998853244156647,0.5416634115351174,0.5478001487842604
q3_ideal_logical_256_byte_plane_ceiling,pooled_router_square_multi_budget_column_generated,1520,1.0078531901041667,1.0075213114420571,128,0.9978567395066711,0.9993743849376162,0.9999982689407751,0.9990798287857867,0.0006256150623837886,0.9959765381275643,0.9988636626577782,0.5326906433517207,0.550553994081142
q3_ideal_logical_256_byte_plane_ceiling,pooled_router_square_multi_budget_column_generated,1524,1.0104573567708333,1.0101070404052734,128,0.9978802266640564,0.9993864525120361,0.9999983355091948,0.999094245237345,0.0006135474879639391,0.9960328603462214,0.998881379171707,0.5343329252159222,0.5484856641729371
q3_ideal_logical_256_byte_plane_ceiling,pooled_router_square_multi_budget_column_generated,1528,1.0130615234375,1.0127938588460288,128,0.9979109834942668,0.9993869886299382,0.999998386845682,0.9991033459864149,0.0006130113700617557,0.9961709996710253,0.998893614721939,0.545577520567257,0.5540668176063573
q3_ideal_logical_256_byte_plane_ceiling,pooled_router_square_multi_budget_column_generated,1532,1.0156656901041667,1.0153274536132812,128,0.9979467626064954,0.9994022581569777,0.9999984457517092,0.999114806600393,0.0005977418430223036,0.9961567448056872,0.9989113540633745,0.5342443552910408,0.5490690985125413
q3_ideal_logical_256_byte_plane_ceiling,pooled_router_square_multi_budget_column_generated,1536,1.0182698567708333,1.0179430643717446,128,0.9979886771062174,0.9994073361569522,0.9999985612621645,0.9991282454327772,0.0005926638430477915,0.9961916593510988,0.9989137414325406,0.5281362880085018,0.5456010758414227
q3_ideal_logical_256_byte_plane_ceiling,pooled_router_square_multi_budget_column_generated,1568,1.0391031901041667,1.038726806640625,128,0.9981889447868106,0.9994589211516218,0.9999990843443797,0.9992153447284562,0.0005410788483781737,0.9965059487233348,0.9990173886679623,0.518325310588415,0.5506539877329804
q3_ideal_logical_256_byte_plane_ceiling,pooled_router_square_multi_budget_column_generated,1600,1.0599365234375,1.0594800313313801,128,0.9984052651355017,0.9995084271660394,0.999999362873355,0.9992982615787624,0.0004915728339606185,0.9967928301353296,0.999109804417588,0.4972405366069497,0.5522076762375062
q3_ideal_logical_256_byte_plane_ceiling,pooled_router_square_multi_budget_column_generated,1632,1.0807698567708333,1.080144246419271,128,0.9985454841928677,0.9995606834662419,0.999999582033173,0.9993696420388793,0.0004393165337580607,0.997115354924787,0.9991710472802738,0.5042269565953045,0.5299657306187326
q3_ideal_logical_256_byte_plane_ceiling,pooled_router_square_multi_budget_column_generated,1664,1.1016031901041667,1.100855509440104,128,0.9986968483131651,0.999605907330203,0.9999996862153128,0.9994354479539502,0.0003940926697969527,0.9973584534766048,0.9992425064664631,0.49332906889709766,0.5202587908002743
q3_ideal_logical_256_byte_plane_ceiling,uniform_per_expert,384,0.2682698567708333,0.2674109141031901,128,0.8794739621257512,0.9478506349502855,0.9871788918373879,0.9405083401400726,0.05214936504971446,0.8583700328527172,0.9391208266752388,0.8509924862787844,0.8566043558364792
q3_ideal_logical_256_byte_plane_ceiling,uniform_per_expert,416,0.2891031901041667,0.27041880289713544,128,0.8814887973505461,0.9480911939758221,0.9872191693333696,0.940965391633761,0.05190880602417791,0.8608515075205858,0.9392093227260514,0.8516887286219549,0.8538941882528269
q3_ideal_logical_256_byte_plane_ceiling,uniform_per_expert,448,0.3099365234375,0.28084246317545575,128,0.8831060161256448,0.9490606028305169,0.98721934918935,0.9423870347391999,0.05093939716948315,0.8620139800991259,0.9402917184863534,0.8471436741079212,0.8531378877122886
q3_ideal_logical_256_byte_plane_ceiling,uniform_per_expert,480,0.3307698567708333,0.29572486877441406,128,0.8884172223296463,0.9518475645984701,0.9878989516077439,0.9443691578316888,0.048152435401529914,0.8676078552970875,0.9402870345591136,0.8428202286528789,0.8063983264940842
q3_ideal_logical_256_byte_plane_ceiling,uniform_per_expert,512,0.3516031901041667,0.35054143269856775,128,0.9201174882700635,0.9654662383111905,0.9935989105803904,0.960134843636065,0.034533761688809506,0.8993678590614463,0.9573280045292015,0.7938071374106319,0.8092839649938994
q3_ideal_logical_256_byte_plane_ceiling,uniform_per_expert,544,0.3724365234375,0.35341835021972656,128,0.9213865331949858,0.9655426520110041,0.9935925191286253,0.9605354846232492,0.03445734798899591,0.8994502352322311,0.9573797641479493,0.7818364069431786,0.8084738927444957
q3_ideal_logical_256_byte_plane_ceiling,uniform_per_expert,576,0.3932698567708333,0.3643836975097656,128,0.9236858387650155,0.9661586269337813,0.9937627432450186,0.9612931901957391,0.033841373066218705,0.9031028660198848,0.9571898836784549,0.7875791377962251,0.7904994420486388
q3_ideal_logical_256_byte_plane_ceiling,uniform_per_expert,608,0.4141031901041667,0.37744649251302087,128,0.9238481007697749,0.9664620451252901,0.9937802662817596,0.962236432274716,0.0335379548747099,0.9041942026963868,0.9573512942730481,0.7948569019147779,0.7863768502010027
q3_ideal_logical_256_byte_plane_ceiling,uniform_per_expert,640,0.4349365234375,0.3949057261149088,128,0.927083144532715,0.9677893245504112,0.9941225233712,0.9639523037375199,0.03221067544958878,0.9070156760670046,0.9578336396434407,0.7841843913370706,0.7638950854950459
q3_ideal_logical_256_byte_plane_ceiling,uniform_per_expert,672,0.4557698567708333,0.4148597717285156,128,0.9283320536141454,0.9689621385966213,0.9944493382783004,0.9655042189365556,0.03103786140337872,0.9128853933733115,0.959922975503203,0.8226857602993342,0.7744552344663046
q3_ideal_logical_256_byte_plane_ceiling,uniform_per_expert,704,0.4766031901041667,0.436248779296875,128,0.932416218498777,0.9718631413733094,0.9952634625357304,0.9676206483023515,0.028136858626690575,0.9132587226310555,0.9617367624333839,0.7791421057100968,0.7353496571664762
q3_ideal_logical_256_byte_plane_ceiling,uniform_per_expert,736,0.4974365234375,0.45930163065592444,128,0.9348810246643114,0.9733064833583391,0.9953064031016325,0.9692165694416102,0.026693516641660864,0.917212703695066,0.9640628810648901,0.7865817370799628,0.7427839913895217
q3_ideal_logical_256_byte_plane_ceiling,uniform_per_expert,768,0.5182698567708334,0.5170847574869791,128,0.9617187178368964,0.9842457502679552,0.9980201311220316,0.9812038524606416,0.015754249732044756,0.9489836038835402,0.9776760619972176,0.7503721367482596,0.7057110501776688
q3_ideal_logical_256_byte_plane_ceiling,uniform_per_expert,800,0.5391031901041666,0.5198103586832683,128,0.9619430437325593,0.984504807138067,0.9980355743231177,0.9814517064070989,0.015495192861933016,0.9490156737276007,0.9777517066288975,0.7464442319804273,0.6964665830080787
q3_ideal_logical_256_byte_plane_ceiling,uniform_per_expert,832,0.5599365234375,0.5301036834716797,128,0.9640246571763128,0.9848238800614257,0.998109113396411,0.9819213888323813,0.015176119938574262,0.9493412733920834,0.9780334272735912,0.710150949946405,0.6908733614292564
q3_ideal_logical_256_byte_plane_ceiling,uniform_per_expert,864,0.5807698567708334,0.5466492970784506,128,0.9658591667343869,0.9849935972749033,0.9981452079114882,0.9826154897226833,0.01500640272509668,0.9499591445698776,0.9786011370034937,0.682259185462722,0.7012710314350216
q3_ideal_logical_256_byte_plane_ceiling,uniform_per_expert,896,0.6016031901041666,0.5649706522623698,128,0.9668939598928097,0.9860115196123592,0.9983606552335945,0.9835155072919295,0.013988480387640778,0.9505370127902416,0.9794501584676415,0.6693093558380747,0.6807098909066537
q3_ideal_logical_256_byte_plane_ceiling,uniform_per_expert,928,0.6224365234375,0.5825023651123047,128,0.9676293532516476,0.9862624607099474,0.9986447765245487,0.9842780621260059,0.013737539290052614,0.9540023579102931,0.9799764293661765,0.7037457851691957,0.6860684111377894
q3_ideal_logical_256_byte_plane_ceiling,uniform_per_expert,960,0.6432698567708334,0.6009451548258464,128,0.9689589068514985,0.9873292466466608,0.9987582898735149,0.98518540571221,0.012670753353339226,0.9538326300523281,0.9804485703464458,0.6723600062919931,0.6480729838104636
q3_ideal_logical_256_byte_plane_ceiling,uniform_per_expert,992,0.6641031901041666,0.6254056294759114,128,0.9691843281066452,0.9880761451870075,0.9989540391750389,0.9861680944086296,0.011923854812992518,0.9547592891475971,0.9807195885236475,0.6811491533342705,0.6184440009289826
q3_ideal_logical_256_byte_plane_ceiling,uniform_per_expert,1024,0.6849365234375,0.6836414337158203,128,0.9817397237919099,0.9925148012599349,0.9994389003931716,0.9913446359488467,0.0074851987400651465,0.9727964799441474,0.9888141358628604,0.6712468155076715,0.6691658908329289
q3_ideal_logical_256_byte_plane_ceiling,uniform_per_expert,1056,0.7057698567708334,0.6866950988769531,128,0.9821064954862501,0.9925516972359059,0.9994544013112039,0.9914932569035205,0.007448302764094139,0.9736682353045331,0.9890016799113525,0.67954065064353,0.6772218578892129
q3_ideal_logical_256_byte_plane_ceiling,uniform_per_expert,1088,0.7266031901041666,0.6955757141113281,128,0.9826143920928929,0.9926962779518054,0.9994744010861296,0.9918049411324928,0.0073037220481946274,0.9748384001478112,0.9890016799113525,0.6909579680639708,0.6640761488414513
q3_ideal_logical_256_byte_plane_ceiling,uniform_per_expert,1120,0.7474365234375,0.7137502034505208,128,0.983774775561597,0.9928669688868826,0.9995509616745488,0.9922027170774518,0.007133031113117361,0.975275117724573,0.9891377480129637,0.6562306043628188,0.6566806884640853
q3_ideal_logical_256_byte_plane_ceiling,uniform_per_expert,1152,0.7682698567708334,0.7670688629150391,128,0.9881262929542071,0.9949796506687757,0.9997333302948488,0.9942724124739527,0.005020349331224305,0.9806485648150222,0.9922123409259804,0.6135827618103631,0.6446544826252995
q3_ideal_logical_256_byte_plane_ceiling,uniform_per_expert,1184,0.7891031901041666,0.770260492960612,128,0.9881721653921169,0.9951296826756568,0.9997363034210063,0.994399703832161,0.004870317324343176,0.9808340199088184,0.9922313795268342,0.6171265206168663,0.6269217734559299
q3_ideal_logical_256_byte_plane_ceiling,uniform_per_expert,1216,0.8099365234375,0.7785294850667318,128,0.9886011184563495,0.9952037369586112,0.9997367021719691,0.9945785277882478,0.004796263041388804,0.9817347796873569,0.9922150162431649,0.6240757761766654,0.6160915926353405
q3_ideal_logical_256_byte_plane_ceiling,uniform_per_expert,1248,0.8307698567708334,0.7930049896240234,128,0.9887256518833489,0.9953226650775195,0.9997561492372964,0.9948101758682493,0.004677334922480458,0.9828389244596857,0.9925359745995451,0.65697211635516,0.6266504562263963
q3_ideal_logical_256_byte_plane_ceiling,uniform_per_expert,1280,0.8516031901041666,0.8502438863118489,128,0.9919384735174331,0.9966059675942687,0.9998611831403882,0.9961952466437862,0.0033940324057313287,0.9871371392633973,0.9942016065960907,0.6267288939564503,0.585340139812358
q3_ideal_logical_256_byte_plane_ceiling,uniform_per_expert,1284,0.8542073567708334,0.8503163655598959,128,0.9919384735174331,0.9966475825058219,0.9998611831403882,0.9961991074101383,0.0033524174941781393,0.9871371392633973,0.9942016065960907,0.6267288939564503,0.578163167045189
q3_ideal_logical_256_byte_plane_ceiling,uniform_per_expert,1288,0.8568115234375,0.850430170694987,128,0.9919384735174331,0.9966475825058219,0.9998617394963001,0.9962007206182711,0.0033524174941781393,0.9870979865860605,0.9942016065960907,0.6248270114071572,0.578163167045189
q3_ideal_logical_256_byte_plane_ceiling,uniform_per_expert,1292,0.8594156901041666,0.850603739420573,128,0.992014432657158,0.9966475825058219,0.9998619771077687,0.9962076883351877,0.0033524174941781393,0.9870979865860605,0.994241160087836,0.6189396248971691,0.58213417030348
q3_ideal_logical_256_byte_plane_ceiling,uniform_per_expert,1296,0.8620198567708334,0.8508809407552084,128,0.9920099192129399,0.9966475825058219,0.9998625694741321,0.9962128458399453,0.0033524174941781393,0.9870979865860605,0.994241160087836,0.6192894496937601,0.58213417030348
q3_ideal_logical_256_byte_plane_ceiling,uniform_per_expert,1300,0.8646240234375,0.8512884775797526,128,0.9919695837627929,0.996638522265376,0.9998646789203052,0.996227986640842,0.00336147773462403,0.9870979865860605,0.99432926122713,0.6224157408277823,0.5927759802137264
q3_ideal_logical_256_byte_plane_ceiling,uniform_per_expert,1304,0.8672281901041666,0.8518072764078777,128,0.9920133670421143,0.996638522265376,0.9998792583981256,0.9962347835751978,0.00336147773462403,0.9871060089108291,0.99432926122713,0.6194073582533605,0.5927759802137264
q3_ideal_logical_256_byte_plane_ceiling,uniform_per_expert,1308,0.8698323567708334,0.852261225382487,128,0.9920133670421143,0.9966558670923529,0.9998792656339368,0.9962470242773147,0.003344132907647124,0.9871060089108291,0.9944805543265922,0.6194073582533605,0.6058820224934668
q3_ideal_logical_256_byte_plane_ceiling,uniform_per_expert,1312,0.8724365234375,0.8529624938964845,128,0.9920908572248951,0.9966558670923529,0.9998792572662993,0.9962634625461234,0.003344132907647124,0.9871060089108291,0.9944805543265922,0.6133975679374757,0.6058820224934668
q3_ideal_logical_256_byte_plane_ceiling,uniform_per_expert,1316,0.8750406901041666,0.8535359700520835,128,0.9920908572248951,0.996654318708796,0.9998792588579734,0.9962745325950163,0.00334568129120405,0.9871060089108291,0.9944805543265922,0.6133975679374757,0.6061625549325097
q3_ideal_logical_256_byte_plane_ceiling,uniform_per_expert,1320,0.8776448567708334,0.8540903727213542,128,0.9920908572248951,0.996654318708796,0.9998792588579734,0.9962827767414855,0.00334568129120405,0.9871060089108291,0.9944805543265922,0.6133975679374757,0.6061625549325097
q3_ideal_logical_256_byte_plane_ceiling,uniform_per_expert,1324,0.8802490234375,0.854882558186849,128,0.9921221439019121,0.9966555038485301,0.9998792593823522,0.9963075876646452,0.0033444961514699223,0.9871060089108291,0.994623196038682,0.6109711138783215,0.6220230783065577
q3_ideal_logical_256_byte_plane_ceiling,uniform_per_expert,1328,0.8828531901041666,0.8559195200602213,128,0.9921709644686487,0.9966665808709745,0.9998791826411313,0.9963303076990917,0.0033334191290255166,0.9872896946269561,0.9945805173077782,0.6159596722164663,0.6150806854332667
q3_ideal_logical_256_byte_plane_ceiling,uniform_per_expert,1332,0.8854573567708334,0.8570416768391926,128,0.9921709644686487,0.9966723142639412,0.9998791826411313,0.9963495695412458,0.003327685736058794,0.9874586335502328,0.9945805173077782,0.6242569789113047,0.614022762880077
q3_ideal_logical_256_byte_plane_ceiling,uniform_per_expert,1336,0.8880615234375,0.8580036163330078,128,0.9921709644686487,0.9966723142639412,0.9998853445506742,0.996364919522327,0.003327685736058794,0.9877589250248411,0.9945750780308349,0.6395709157274925,0.6134071153415913
q3_ideal_logical_256_byte_plane_ceiling,uniform_per_expert,1340,0.8906656901041666,0.8592230478922527,128,0.9921319576216366,0.9967097969870422,0.9998853445506742,0.9963861684159485,0.003290203012957793,0.9877995067952375,0.9946484060200075,0.6448954354805976,0.6148080413533898
q3_ideal_logical_256_byte_plane_ceiling,uniform_per_expert,1344,0.8932698567708334,0.8608754475911459,128,0.9921319576216366,0.9967097969870422,0.999886900583165,0.9964079026403027,0.003290203012957793,0.9878007194598627,0.9946484060200075,0.6449595410546076,0.6148080413533898
q3_ideal_logical_256_byte_plane_ceiling,uniform_per_expert,1348,0.8958740234375,0.8621482849121094,128,0.9921746284397587,0.9967147599578923,0.9998868577462516,0.9964310593761372,0.003285240042107729,0.9879141811782209,0.9947030440495852,0.6474837721495325,0.6202128303238897
q3_ideal_logical_256_byte_plane_ceiling,uniform_per_expert,1352,0.8984781901041666,0.8639888763427734,128,0.9921746284397587,0.996820243045716,0.999886888473364,0.996456073503247,0.003179756954283963,0.9879141811782209,0.994847984305063,0.6474837721495325,0.6171869696376917
q3_ideal_logical_256_byte_plane_ceiling,uniform_per_expert,1356,0.9010823567708334,0.8656120300292969,128,0.9922383609922488,0.9968985215661955,0.999887598689628,0.9964768373838575,0.003101478433804483,0.9879141811782209,0.994847984305063,0.6422104387138782,0.6019932037187705
q3_ideal_logical_256_byte_plane_ceiling,uniform_per_expert,1360,0.9036865234375,0.8667678833007812,128,0.9922394340279574,0.9968985215661955,0.999887598689628,0.996492895877684,0.003101478433804483,0.9879141811782209,0.994847984305063,0.6421216540213022,0.6019932037187705
q3_ideal_logical_256_byte_plane_ceiling,uniform_per_expert,1364,0.9062906901041666,0.8685836791992188,128,0.9922394340279574,0.9969074097514137,0.999887598689628,0.9965181391834226,0.0030925902485863244,0.9879141811782209,0.994847984305063,0.6421216540213022,0.6002680177441057
q3_ideal_logical_256_byte_plane_ceiling,uniform_per_expert,1368,0.9088948567708334,0.8707796732584636,128,0.9923338614545861,0.9969074097514137,0.9998875962811477,0.9965508736842464,0.0030925902485863244,0.9879141811782209,0.9949394788199836,0.6343085775536553,0.6111208981396424
q3_ideal_logical_256_byte_plane_ceiling,uniform_per_expert,1372,0.9114990234375,0.8725325266520182,128,0.992668781698335,0.9969074097514137,0.9998858442711898,0.9965857977669856,0.0030925902485863244,0.9879141811782209,0.9949394788199836,0.606596740342818,0.6111208981396424
q3_ideal_logical_256_byte_plane_ceiling,uniform_per_expert,1376,0.9141031901041666,0.874755859375,128,0.9926857266559368,0.9969074097514137,0.9998926247869959,0.9966126639947874,0.0030925902485863244,0.9879141811782209,0.9950085857086529,0.605194687420155,0.6195819597558782
q3_ideal_logical_256_byte_plane_ceiling,uniform_per_expert,1380,0.9167073567708334,0.8767045338948567,128,0.9926056446920768,0.99692633467432,0.9998927501529513,0.9966263622081096,0.003073665325679986,0.9879141811782209,0.9950085857086529,0.6118207973297038,0.6157904646401259
q3_ideal_logical_256_byte_plane_ceiling,uniform_per_expert,1384,0.9193115234375,0.8788235982259115,128,0.9926205137216693,0.9969677965495618,0.9998996477106887,0.9966505784052161,0.003032203450438198,0.9879745312514946,0.9951112630555392,0.6136547716069614,0.6202427099035982
q3_ideal_logical_256_byte_plane_ceiling,uniform_per_expert,1388,0.9219156901041666,0.8813489278157551,128,0.9927375163706911,0.9970792545759151,0.9999063857870454,0.9966710459446175,0.002920745424084936,0.9881263906797412,0.9951112630555392,0.6116491989438821,0.5974437686597766
q3_ideal_logical_256_byte_plane_ceiling,uniform_per_expert,1392,0.9245198567708334,0.8834044138590494,128,0.992960161860438,0.9970792545759151,0.9999085129424191,0.9967297484832573,0.002920745424084936,0.9881263906797412,0.9951112630555392,0.5928979091092864,0.5974437686597766
q3_ideal_logical_256_byte_plane_ceiling,uniform_per_expert,1396,0.9271240234375,0.8855279286702474,128,0.992960161860438,0.9971154144880385,0.999908576500593,0.996751174496612,0.0028845855119614683,0.9881263906797412,0.9951112630555392,0.5928979091092864,0.590047193115977
q3_ideal_logical_256_byte_plane_ceiling,uniform_per_expert,1400,0.9297281901041666,0.8871841430664062,128,0.9933524581084056,0.9971210224521156,0.999908576500593,0.9968054004856717,0.0028789775478843538,0.9887294349413743,0.9951608392251441,0.5898144287368182,0.5949332295061177
q3_ideal_logical_256_byte_plane_ceiling,uniform_per_expert,1404,0.9323323567708334,0.8895734151204426,128,0.9933304461382544,0.9972184219043174,0.9999106946544014,0.9968456180113235,0.0027815780956825797,0.9887294349413743,0.9952662632892743,0.5917674781213585,0.5876072679285382
q3_ideal_logical_256_byte_plane_ceiling,uniform_per_expert,1408,0.9349365234375,0.9321937561035156,128,0.9949688696765264,0.9978565929947624,0.9999377907573498,0.997558647399402,0.0021434070052376297,0.9910565901826605,0.9961603843683049,0.5625516918300207,0.5582347846342536
q3_ideal_logical_256_byte_plane_ceiling,uniform_per_expert,1412,0.9375406901041666,0.9322586059570312,128,0.9949688696765264,0.9978564139509593,0.9999379419392764,0.9975622603808866,0.0021435860490407466,0.9910565901826605,0.9961734970662882,0.5625516918300207,0.5601945395508754
q3_ideal_logical_256_byte_plane_ceiling,uniform_per_expert,1416,0.9401448567708334,0.9323902130126953,128,0.9949688696765264,0.9978564139509593,0.9999379419392764,0.9975655542682744,0.0021435860490407466,0.9910565901826605,0.9961734970662882,0.5625516918300207,0.5601945395508754
q3_ideal_logical_256_byte_plane_ceiling,uniform_per_expert,1420,0.9427490234375,0.9325453440348308,128,0.9949910319532279,0.9978564139509593,0.9999379448047967,0.9975697660160985,0.0021435860490407466,0.9910565901826605,0.9961734970662882,0.5600736351207644,0.5601945395508754
q3_ideal_logical_256_byte_plane_ceiling,uniform_per_expert,1424,0.9453531901041666,0.9327659606933593,128,0.9950928733879063,0.9978605511313346,0.9999379448047967,0.9975803451724912,0.00213944886866535,0.9910565901826605,0.9961734970662882,0.5486863190122098,0.559113348592168
q3_ideal_logical_256_byte_plane_ceiling,uniform_per_expert,1428,0.9479573567708334,0.9330399831136067,128,0.9950928733879063,0.9978605511313346,0.9999402192699836,0.9975847130122582,0.00213944886866535,0.9910951119319554,0.9961734970662882,0.551059886951645,0.559113348592168
q3_ideal_logical_256_byte_plane_ceiling,uniform_per_expert,1432,0.9505615234375,0.9333871205647786,128,0.9951165088157067,0.9978605511313346,0.9999402192699836,0.9975938018680819,0.00213944886866535,0.9910951119319554,0.9961667662722644,0.5484056786539361,0.5581315987035289
q3_ideal_logical_256_byte_plane_ceiling,uniform_per_expert,1436,0.9531656901041666,0.9339771270751953,128,0.9952013136978717,0.9978605511313346,0.9999409111153262,0.9976063409285703,0.00213944886866535,0.991340988765417,0.9961667662722644,0.5541840947108329,0.5581315987035289
q3_ideal_logical_256_byte_plane_ceiling,uniform_per_expert,1440,0.9557698567708334,0.93463134765625,128,0.9952016813260938,0.9978605511313346,0.9999409111153262,0.9976189106815592,0.00213944886866535,0.991340988765417,0.9961667662722644,0.5541416385675011,0.5581315987035289
q3_ideal_logical_256_byte_plane_ceiling,uniform_per_expert,1444,0.9583740234375,0.9352855682373047,128,0.995247333103144,0.9978781108435009,0.9999434525106828,0.9976241028194209,0.002121889156499135,0.991340988765417,0.9961667662722644,0.5488694688227785,0.5535506851946133
q3_ideal_logical_256_byte_plane_ceiling,uniform_per_expert,1448,0.9609781901041666,0.9361629486083984,128,0.995247333103144,0.9978781108435009,0.9999434525106828,0.9976334260536381,0.002121889156499135,0.9913426470110976,0.9961773117087578,0.5489746003135572,0.5550777345253041
q3_ideal_logical_256_byte_plane_ceiling,uniform_per_expert,1452,0.9635823567708334,0.9368909200032551,128,0.995247333103144,0.997903565960314,0.9999434525106828,0.9976569636911646,0.002096434039685957,0.9913426470110976,0.996187869458472,0.5489746003135572,0.5499376311614123
q3_ideal_logical_256_byte_plane_ceiling,uniform_per_expert,1456,0.9661865234375,0.9377530415852864,128,0.9952575944091622,0.997903565960314,0.9999434525106828,0.9976760227623758,0.002096434039685957,0.9913426470110976,0.996187869458472,0.5477893297081682,0.5499376311614123
q3_ideal_logical_256_byte_plane_ceiling,uniform_per_expert,1460,0.9687906901041666,0.9386539459228516,128,0.9952575944091622,0.997903565960314,0.9999434525106828,0.9976896141126265,0.002096434039685957,0.9913548683811524,0.996187869458472,0.5485637234832506,0.5499376311614123
q3_ideal_logical_256_byte_plane_ceiling,uniform_per_expert,1464,0.9713948567708334,0.93975830078125,128,0.9952577244803419,0.9979205039166067,0.9999434525106828,0.9977041277595258,0.0020794960833933063,0.9915272397974085,0.9962578571863361,0.5597084546553844,0.5556966120588218
q3_ideal_logical_256_byte_plane_ceiling,uniform_per_expert,1468,0.9739990234375,0.9412167867024739,128,0.9953251833446356,0.9979398367687935,0.9999442564843355,0.997727625511587,0.002060163231206502,0.9915272397974085,0.9962695075803913,0.5517466024749015,0.5522496763101913
q3_ideal_logical_256_byte_plane_ceiling,uniform_per_expert,1472,0.9766031901041666,0.9426746368408203,128,0.9954141933445909,0.9979398367687935,0.9999442564843355,0.9977425335318317,0.002060163231206502,0.9915272397974085,0.9962743031100338,0.5412411712072858,0.5529605043166075
q3_ideal_logical_256_byte_plane_ceiling,uniform_per_expert,1476,0.9792073567708334,0.9443848927815754,128,0.9954141933445909,0.9979715605154226,0.9999442567181706,0.9977740359936815,0.0020284394845774267,0.9915272397974085,0.9962743031100338,0.5412411712072858,0.5444456552652764
q3_ideal_logical_256_byte_plane_ceiling,uniform_per_expert,1480,0.9818115234375,0.945648193359375,128,0.9954443676589892,0.997971705029,0.9999442567181706,0.9977801941248414,0.0020282949709999887,0.9914159207166521,0.9963319110405835,0.5307071603879671,0.5529568648527642
q3_ideal_logical_256_byte_plane_ceiling,uniform_per_expert,1484,0.9844156901041666,0.9471950531005859,128,0.995444431139329,0.99797619020155,0.999944420557925,0.9977996213905079,0.0020238097984499603,0.9917041038155098,0.9963319110405835,0.5491352301621074,0.551734110279565
q3_ideal_logical_256_byte_plane_ceiling,uniform_per_expert,1488,0.9870198567708334,0.9485397338867188,128,0.9954967101937479,0.9980049295390058,0.9999451566880946,0.997820093207347,0.0019950704609942305,0.9917041038155098,0.9963319110405835,0.5428334330739777,0.5438991483215263
q3_ideal_logical_256_byte_plane_ceiling,uniform_per_expert,1492,0.9896240234375,0.9501533508300781,128,0.995569139045497,0.9980049295390058,0.9999451566880946,0.9978300890196905,0.0019950704609942305,0.9917041038155098,0.9963602421517286,0.5341027486321214,0.5481327451335045
q3_ideal_logical_256_byte_plane_ceiling,uniform_per_expert,1496,0.9922281901041666,0.9520950317382812,128,0.9955835818763592,0.9980049295390058,0.9999451566880946,0.9978587750249828,0.0019950704609942305,0.9917041038155098,0.9964032254848074,0.5323617877351947,0.5546832175792954
q3_ideal_logical_256_byte_plane_ceiling,uniform_per_expert,1500,0.9948323567708334,0.9540449778238933,128,0.9956300736367854,0.9980049295390058,0.9999510123742382,0.9978867016243849,0.0019950704609942305,0.9917041038155098,0.996436571015515,0.5267575999063899,0.5598737815965061
q3_ideal_logical_256_byte_plane_ceiling,uniform_per_expert,1504,0.9974365234375,0.9565137227376302,128,0.9958141772410046,0.9980152583127031,0.9999515268383581,0.9979172153681599,0.001984741687296898,0.9917041038155098,0.996436571015515,0.5045654701924873,0.5569752325466153
q3_ideal_logical_256_byte_plane_ceiling,uniform_per_expert,1506,0.9987386067708334,0.993099848429362,128,0.9964893588030784,0.9984560740433286,0.9999688176019453,0.9982636499397224,0.0015439259566714103,0.9933244549452312,0.9970646541126278,0.5258958134682509,0.5259775222107025
q3_ideal_logical_256_byte_plane_ceiling,uniform_per_expert,1507,0.9993896484375,0.9936154683430989,128,0.9964951732223831,0.9984988678298441,0.9999696853452782,0.9982883333916877,0.0015011321701559055,0.9933244549452312,0.9970646541126278,0.5250248105378548,0.5113987338302248
q3_ideal_logical_256_byte_plane_ceiling,uniform_per_expert,1508,1.0000406901041667,0.9936256408691405,128,0.9964951732223831,0.9984988678298441,0.9999696853452782,0.998288913519304,0.0015011321701559055,0.9933567160692802,0.9970646541126278,0.5275744367043995,0.5113987338302248
q3_ideal_logical_256_byte_plane_ceiling,uniform_per_expert,1512,1.0026448567708333,0.9937292734781901,128,0.9964951732223831,0.9984988678298441,0.9999696853452782,0.9982913298785172,0.0015011321701559055,0.9933567160692802,0.9970646541126278,0.5275744367043995,0.5113987338302248
q3_ideal_logical_256_byte_plane_ceiling,uniform_per_expert,1516,1.0052490234375,0.9938379923502604,128,0.9964951732223831,0.9984974987905866,0.9999696853452782,0.9982949811617399,0.0015025012094134205,0.9933567160692802,0.997103313649784,0.5275744367043995,0.5186965476263523
q3_ideal_logical_256_byte_plane_ceiling,uniform_per_expert,1520,1.0078531901041667,0.9940675099690754,128,0.9965113296748958,0.9984974987905866,0.9999696853452782,0.9982986349684404,0.0015025012094134205,0.9933567160692802,0.997103313649784,0.525142438812827,0.5186965476263523
q3_ideal_logical_256_byte_plane_ceiling,uniform_per_expert,1524,1.0104573567708333,0.9944203694661458,128,0.996542911667639,0.9984997892421607,0.9999696853452782,0.9983067625328558,0.0015002107578393487,0.9933567160692802,0.997103313649784,0.5203884657668787,0.5179058332385481
q3_ideal_logical_256_byte_plane_ceiling,uniform_per_expert,1528,1.0130615234375,0.9950160980224609,128,0.996542911667639,0.9984997892421607,0.9999696853452782,0.9983143373131825,0.0015002107578393487,0.9933567160692802,0.997103313649784,0.5203884657668787,0.5179058332385481
q3_ideal_logical_256_byte_plane_ceiling,uniform_per_expert,1532,1.0156656901041667,0.9956976572672527,128,0.9965613835616116,0.9984997892421607,0.9999696853452782,0.9983249577992591,0.0015002107578393487,0.9934609788327193,0.9971877563421354,0.5258610349197536,0.5334568907796912
q3_ideal_logical_256_byte_plane_ceiling,uniform_per_expert,1536,1.0182698567708333,1.010991414388021,128,0.9968227113453016,0.9986336771892763,0.9999744242964838,0.9984483469525061,0.0013663228107236858,0.9937433632387639,0.9973668984072204,0.5078269325756128,0.5189024284024413
q3_ideal_logical_256_byte_plane_ceiling,uniform_per_expert,1568,1.0391031901041667,1.0135567982991536,128,0.9968416702403399,0.9986755813953021,0.9999763868598729,0.9984902452835039,0.0013244186046978967,0.9941148022863185,0.9974776863443995,0.5366565259681736,0.5250808525566092
q3_ideal_logical_256_byte_plane_ceiling,uniform_per_expert,1600,1.0599365234375,1.0184459686279297,128,0.9968595580679162,0.9987429353156418,0.9999796953781215,0.9985424771489655,0.0012570646843581557,0.994294964780441,0.9975718485939375,0.5504684565867766,0.5177044072373733
q3_ideal_logical_256_byte_plane_ceiling,uniform_per_expert,1632,1.0807698567708333,1.0280672709147134,128,0.9970462845453706,0.9988105084840586,0.999979882994996,0.9986290585595248,0.0011894915159413877,0.9944389027834453,0.9976430806178186,0.5311389712513115,0.5046806118758598
q3_ideal_logical_256_byte_plane_ceiling,uniform_per_expert,1664,1.1016031901041667,1.040541966756185,128,0.9971734958705717,0.9989626819833575,0.9999827175623446,0.9987159873220778,0.00103731801664253,0.994771206694037,0.9977062282630735,0.5405652822812665,0.45223245187966377
q3_physical_fixed_gate_up_pairing,pooled_exact_combined_moe_local_control,384,0.2682698567708333,0.2679316202799479,128,0.9081490668148147,0.9697101495231798,0.9921878628911246,0.9572696014123533,0.0302898504768202,0.9039481865242407,0.9689820775865026,0.9562644354275086,0.9765273790110323
q3_physical_fixed_gate_up_pairing,pooled_exact_combined_moe_local_control,416,0.2891031901041667,0.2886568705240885,128,0.9159754232071328,0.9729993164545548,0.9931884878987005,0.961652540191934,0.02700068354544516,0.9122512450379444,0.9722853001105174,0.9575586209650636,0.9742369086843906
q3_physical_fixed_gate_up_pairing,pooled_exact_combined_moe_local_control,448,0.3099365234375,0.3094800313313802,128,0.9230250245980792,0.9754559533219139,0.9941118296115478,0.9655129688058348,0.024544046678086073,0.9204389333172104,0.9750015752412626,0.967495517736337,0.9818237314936221
q3_physical_fixed_gate_up_pairing,pooled_exact_combined_moe_local_control,480,0.3307698567708333,0.33031590779622394,128,0.9301812696207848,0.97865221883778,0.9952047692983456,0.9689506565338291,0.021347781162220025,0.9268942872487169,0.9773517859036728,0.955037954649991,0.9425812150761113
q3_physical_fixed_gate_up_pairing,pooled_exact_combined_moe_local_control,512,0.3516031901041667,0.35121409098307294,128,0.9360732705110619,0.9807715780959259,0.996040946796651,0.9719388531410065,0.019228421904074144,0.9331582196383733,0.9800196142347563,0.9563887907096783,0.9623648977549945
q3_physical_fixed_gate_up_pairing,pooled_exact_combined_moe_local_control,544,0.3724365234375,0.3719902038574219,128,0.9417958463544713,0.9821911593551629,0.9966171726871755,0.9745504238283298,0.01780884064483712,0.9380673742004293,0.9818609013120765,0.9397979319315751,0.9817930290380816
q3_physical_fixed_gate_up_pairing,pooled_exact_combined_moe_local_control,576,0.3932698567708333,0.39285024007161456,128,0.9463116271842275,0.9838205113442511,0.9972053015635459,0.9768143611711644,0.01617948865574892,0.9433486407164836,0.9833833693254832,0.9476978751221955,0.9736924995607998
q3_physical_fixed_gate_up_pairing,pooled_exact_combined_moe_local_control,608,0.4141031901041667,0.4136288960774739,128,0.9516851472575906,0.9851829154157619,0.9976251951410269,0.9788638150130684,0.014817084584238138,0.9481905582210681,0.9847533602706037,0.9325491856979724,0.9718262415337339
q3_physical_fixed_gate_up_pairing,pooled_exact_combined_moe_local_control,640,0.4349365234375,0.434478759765625,128,0.9557052005167561,0.986540093003232,0.9980428467839931,0.9806617310900337,0.013459906996768023,0.9532101469446367,0.9857869715049685,0.9466753278928404,0.9470118913413333
q3_physical_fixed_gate_up_pairing,pooled_exact_combined_moe_local_control,672,0.4557698567708333,0.4553311665852865,128,0.95931501874176,0.9876495280284343,0.9983105836026516,0.9822901441186183,0.01235047197156569,0.9573641009624643,0.9870103068986693,0.9542423679730986,0.9507901283903685
q3_physical_fixed_gate_up_pairing,pooled_exact_combined_moe_local_control,704,0.4766031901041667,0.4761568705240885,128,0.9625668044349622,0.9887691167733204,0.9985849075337873,0.9838226239762974,0.011230883226679644,0.9605630232287011,0.9881419616980788,0.9491902937215158,0.9471113974104831
q3_physical_fixed_gate_up_pairing,pooled_exact_combined_moe_local_control,736,0.4974365234375,0.49698893229166663,128,0.9656056492683079,0.989715452829407,0.9987721350973268,0.985218802265013,0.010284547170593017,0.9637529180283332,0.9891332151567308,0.948886058154337,0.9464204287584831
q3_physical_fixed_gate_up_pairing,pooled_exact_combined_moe_local_control,768,0.5182698567708334,0.5178934733072916,128,0.9687884827242601,0.9905658713740324,0.9989527952479442,0.986525697822396,0.009434128625967597,0.9673530303002326,0.9900397754884372,0.9560310669802299,0.9471803185777172
q3_physical_fixed_gate_up_pairing,pooled_exact_combined_moe_local_control,800,0.5391031901041666,0.5386835734049479,128,0.9713452295241735,0.9913880310264962,0.999094907979867,0.9876954909806478,0.008611968973503803,0.9701547464739667,0.9909305358401468,0.9601114780556875,0.9495565362753675
q3_physical_fixed_gate_up_pairing,pooled_exact_combined_moe_local_control,832,0.5599365234375,0.5595283508300781,128,0.9738178169765274,0.9922150151466721,0.9992510010475553,0.9888139415475095,0.007784984853327903,0.9728437871701043,0.9917629920402173,0.9641323400827548,0.945122900370891
q3_physical_fixed_gate_up_pairing,pooled_exact_combined_moe_local_control,864,0.5807698567708334,0.5804176330566406,128,0.9759886942145741,0.9928861059727812,0.9993715891241568,0.9898123641757206,0.007113894027218848,0.9750886105849693,0.9925510112552518,0.9638685898000643,0.9550147370318416
q3_physical_fixed_gate_up_pairing,pooled_exact_combined_moe_local_control,896,0.6016031901041666,0.6012191772460938,128,0.9782101346872727,0.9935405857827201,0.9994548409261222,0.9907315386426792,0.006459414217279913,0.9773284309924003,0.993177292618044,0.9611097187593484,0.9467523456103522
q3_physical_fixed_gate_up_pairing,pooled_exact_combined_moe_local_control,928,0.6224365234375,0.6220804850260417,128,0.9803408305467215,0.9941294722003714,0.9995300543985761,0.9915385435109273,0.0058705277996286,0.9792877831388501,0.9938052192998283,0.9491581507218289,0.9476570816245248
q3_physical_fixed_gate_up_pairing,pooled_exact_combined_moe_local_control,960,0.6432698567708334,0.6427879333496094,128,0.9820421587109797,0.994663447001469,0.9996165480264921,0.9922703669543482,0.0053365529985309745,0.9812951073068683,0.9943276949973008,0.9600611767002724,0.9408085418523029
q3_physical_fixed_gate_up_pairing,pooled_exact_combined_moe_local_control,992,0.6641031901041666,0.6635589599609375,128,0.9837561627922259,0.9951442406687321,0.9996909718956175,0.9929293157483509,0.004855759331267917,0.982592491577194,0.9949085629006087,0.9331511904651812,0.9537109536025568
q3_physical_fixed_gate_up_pairing,pooled_exact_combined_moe_local_control,1024,0.6849365234375,0.6843973795572917,128,0.985232432017726,0.9955854674102056,0.9997521390261709,0.9935307776383153,0.0044145325897944065,0.9840894431845925,0.9953291756854523,0.9281616070138589,0.9451292304112072
q3_physical_fixed_gate_up_pairing,pooled_exact_combined_moe_local_control,1056,0.7057698567708334,0.7052930196126302,128,0.9864858615057667,0.995961672076767,0.999794337745209,0.9940739614459468,0.004038327923232998,0.985520922325019,0.9956371651526087,0.933356308847279,0.9256201677328351
q3_physical_fixed_gate_up_pairing,pooled_exact_combined_moe_local_control,1088,0.7266031901041666,0.7261161804199219,128,0.9877300816319944,0.996286504463843,0.9998347636085096,0.9945847494969392,0.0037134955361569633,0.9866113934508386,0.9960236684863589,0.9164447639081709,0.9338998832007759
q3_physical_fixed_gate_up_pairing,pooled_exact_combined_moe_local_control,1120,0.7474365234375,0.7469584147135417,128,0.9887595589566786,0.9966531706348734,0.9998736416848838,0.9950382036492361,0.0033468293651266467,0.988025642949616,0.9963364664187244,0.938709360012028,0.9135522551867364
q3_physical_fixed_gate_up_pairing,pooled_exact_combined_moe_local_control,1152,0.7682698567708334,0.7678019205729167,128,0.9898839090616474,0.9969537168245126,0.999896944943777,0.9954894863455398,0.0030462831754873854,0.9890790947378284,0.9967386429246257,0.9263051638579161,0.9340538631875301
q3_physical_fixed_gate_up_pairing,pooled_exact_combined_moe_local_control,1184,0.7891031901041666,0.7885576883951823,128,0.9907890545070748,0.9972598855974656,0.9999154139796308,0.9959014542931764,0.0027401144025344104,0.9900536552747075,0.9970126286801291,0.9260633677317385,0.9172326132704531
q3_physical_fixed_gate_up_pairing,pooled_exact_combined_moe_local_control,1216,0.8099365234375,0.809454600016276,128,0.9916259627100429,0.9975456166441503,0.9999320824106078,0.9962957695337988,0.0024543833558496875,0.9911037482657279,0.9973092360919202,0.9412994978207277,0.9121511361438001
q3_physical_fixed_gate_up_pairing,pooled_exact_combined_moe_local_control,1248,0.8307698567708334,0.8302841186523438,128,0.9922623776619983,0.9977780455067025,0.9999466878438239,0.9966409529336921,0.00222195449329754,0.991825000594535,0.9975063649344348,0.9464982141563352,0.891050388238708
q3_physical_fixed_gate_up_pairing,pooled_exact_combined_moe_local_control,1280,0.8516031901041666,0.8511950174967448,128,0.993076361941703,0.9979795936000384,0.9999584785737169,0.9969575738415113,0.002020406399961594,0.9925241684692142,0.9977877550250037,0.9261361802744152,0.9132833039726946
q3_physical_fixed_gate_up_pairing,pooled_exact_combined_moe_local_control,1284,0.8542073567708334,0.8537241617838542,128,0.9931592379423743,0.9980051867639714,0.9999592988061042,0.9969933492692524,0.0019948132360285697,0.9926043528467,0.9978155095673121,0.9249713940954231,0.9131709648066922
q3_physical_fixed_gate_up_pairing,pooled_exact_combined_moe_local_control,1288,0.8568115234375,0.8563626607259116,128,0.9932072223183008,0.9980262481402042,0.9999611804490228,0.997027862065758,0.001973751859795758,0.9927016072816502,0.9978325837981643,0.9307224129801402,0.9106473681077449
q3_physical_fixed_gate_up_pairing,pooled_exact_combined_moe_local_control,1292,0.8594156901041666,0.8589324951171875,128,0.9932410274196287,0.9980568195477727,0.9999634393288629,0.9970611138777913,0.0019431804522273,0.9928064301781467,0.9978764076024988,0.9395853168531535,0.9150439860840796
q3_physical_fixed_gate_up_pairing,pooled_exact_combined_moe_local_control,1296,0.8620198567708334,0.8615341186523438,128,0.9934079579659307,0.9980769829767346,0.999962508872265,0.9971045656783406,0.001923017023265361,0.9928337993215803,0.9979044947850816,0.9198796307673295,0.9176865843973724
q3_physical_fixed_gate_up_pairing,pooled_exact_combined_moe_local_control,1300,0.8646240234375,0.8641268412272136,128,0.9935079492045685,0.9980921448108268,0.999965241657282,0.9971370933245338,0.0019078551891732465,0.992952772521741,0.997928417935019,0.9212205531125107,0.9209652957633184
q3_physical_fixed_gate_up_pairing,pooled_exact_combined_moe_local_control,1304,0.8672281901041666,0.866846720377604,128,0.9935745383985147,0.9981316936732482,0.9999665093915011,0.9971741403604362,0.001868306326751834,0.9929844363743449,0.9979399220512112,0.9158867261909034,0.9069105020274922
q3_physical_fixed_gate_up_pairing,pooled_exact_combined_moe_local_control,1308,0.8698323567708334,0.8693606058756511,128,0.9936238130247244,0.9981383017259626,0.9999672345114017,0.9972046444773737,0.001861698274037371,0.9931007579331302,0.9979669734359441,0.9241865865084178,0.9157274710288419
q3_physical_fixed_gate_up_pairing,pooled_exact_combined_moe_local_control,1312,0.8724365234375,0.8719558715820312,128,0.9936790457872823,0.9981547245286049,0.9999682132351945,0.997238812883743,0.0018452754713951247,0.9931884721246713,0.9979854049207375,0.9279789099318209,0.9159535285227871
q3_physical_fixed_gate_up_pairing,pooled_exact_combined_moe_local_control,1316,0.8750406901041666,0.8745663960774739,128,0.9938054371076581,0.9981854320420274,0.9999691453637193,0.9972739650985013,0.0018145679579726348,0.9932677852303445,0.997998603705147,0.9201374442572784,0.9066510029219101
q3_physical_fixed_gate_up_pairing,pooled_exact_combined_moe_local_control,1320,0.8776448567708334,0.8772417704264324,128,0.9938633700482042,0.9982133804372395,0.9999701127501345,0.9973048213068618,0.0017866195627604942,0.9932883960957444,0.9980208828670466,0.9143313639091106,0.9027356355075125
q3_physical_fixed_gate_up_pairing,pooled_exact_combined_moe_local_control,1324,0.8802490234375,0.8797925313313801,128,0.9939369346533299,0.9982393032310818,0.9999719205908624,0.9973398730451382,0.001760696768918213,0.9933752558641852,0.9980641424049415,0.915215021496733,0.9095177111232537
q3_physical_fixed_gate_up_pairing,pooled_exact_combined_moe_local_control,1328,0.8828531901041666,0.8823636372884114,128,0.9939792300577197,0.998231316314635,0.9999723959485565,0.997368034443801,0.00176868368536498,0.9934489812164409,0.9980679566879395,0.919058568018522,0.9154472233226831
q3_physical_fixed_gate_up_pairing,pooled_exact_combined_moe_local_control,1332,0.8854573567708334,0.8849627176920574,128,0.9940469626480365,0.9982515077655241,0.9999736680066869,0.997401754954798,0.001748492234475929,0.9935209291325798,0.9980985400855266,0.9188103470048763,0.9195525086628674
q3_physical_fixed_gate_up_pairing,pooled_exact_combined_moe_local_control,1336,0.8880615234375,0.8875452677408855,128,0.9941430982240529,0.9983054798220163,0.9999742775171084,0.9974322667160505,0.0016945201779836605,0.9935467519784431,0.9981215366192255,0.9075897526923338,0.9020778341098314
q3_physical_fixed_gate_up_pairing,pooled_exact_combined_moe_local_control,1340,0.8906656901041666,0.8901519775390624,128,0.9942166005372673,0.9983282275265795,0.9999752976801927,0.9974615835198781,0.0016717724734205408,0.9936493157463591,0.9981398768841296,0.9106734379711836,0.8987429160775258
q3_physical_fixed_gate_up_pairing,pooled_exact_combined_moe_local_control,1344,0.8932698567708334,0.8927129109700521,128,0.9942923514294353,0.9983384089514269,0.9999761618651408,0.9974906618808141,0.0016615910485731078,0.9937407942483966,0.9981566138493394,0.9118806438185186,0.9013798047564036
q3_physical_fixed_gate_up_pairing,pooled_exact_combined_moe_local_control,1348,0.8958740234375,0.8954060872395833,128,0.9943368356629936,0.9983527056364196,0.9999772254868394,0.9975225380642807,0.0016472943635803539,0.9938151725680385,0.998198449567398,0.9156543815177058,0.9143759362879186
q3_physical_fixed_gate_up_pairing,pooled_exact_combined_moe_local_control,1352,0.8984781901041666,0.8979899088541666,128,0.9944231209558698,0.9983804764416979,0.9999775534334899,0.9975456361808286,0.0016195235583020828,0.9938609879224805,0.9982298064110449,0.9084326555655685,0.9148849981193364
q3_physical_fixed_gate_up_pairing,pooled_exact_combined_moe_local_control,1356,0.9010823567708334,0.9005355834960938,128,0.9944810422676577,0.998405227195255,0.9999785513816725,0.9975816545917233,0.0015947728047449594,0.9939112927720835,0.9982417236186788,0.9064252107636386,0.9070091719861578
q3_physical_fixed_gate_up_pairing,pooled_exact_combined_moe_local_control,1360,0.9036865234375,0.9031753540039062,128,0.9945194146548315,0.9984224964250344,0.99997946131918,0.9976020956676379,0.0015775035749655553,0.9939714700802439,0.99824296035373,0.9091080940326842,0.8978189981736453
q3_physical_fixed_gate_up_pairing,pooled_exact_combined_moe_local_control,1364,0.9062906901041666,0.9057896931966145,128,0.9945679059061941,0.9984387095961536,0.9999803917134337,0.9976308014477057,0.0015612904038464492,0.9940680751592365,0.9982961615936081,0.9157388604247118,0.9163371350178129
q3_physical_fixed_gate_up_pairing,pooled_exact_combined_moe_local_control,1368,0.9088948567708334,0.908349355061849,128,0.9946387371974416,0.9984521125012107,0.999981365088025,0.9976533787085201,0.0015478874987893132,0.9941338891521485,0.998319494352975,0.9139382022625853,0.9210843781033995
q3_physical_fixed_gate_up_pairing,pooled_exact_combined_moe_local_control,1372,0.9114990234375,0.9110196431477864,128,0.9947225765634659,0.9984621188978713,0.9999822327428886,0.9976843690137778,0.001537881102128713,0.9942239716083641,0.9983217952849954,0.9136768517578963,0.9163846867898493
q3_physical_fixed_gate_up_pairing,pooled_exact_combined_moe_local_control,1376,0.9141031901041666,0.9136225382486979,128,0.9947864494281577,0.9984770681055428,0.9999827029474053,0.9977121405445202,0.0015229318944571801,0.9942453507034705,0.9983407650771521,0.905971902577357,0.917851880698854
q3_physical_fixed_gate_up_pairing,pooled_exact_combined_moe_local_control,1380,0.9167073567708334,0.9162216186523438,128,0.99481563273035,0.9985068554165775,0.999983111405915,0.9977399206387176,0.0014931445834225343,0.9943161060028609,0.9983563686558468,0.9121154040274982,0.9084425097720237
q3_physical_fixed_gate_up_pairing,pooled_exact_combined_moe_local_control,1384,0.9193115234375,0.9188232421875,128,0.9949267757689997,0.9985154375024341,0.9999842830187561,0.9977611726021429,0.0014845624975659,0.9943722855958608,0.9983859741627024,0.9014715151978787,0.9197885580639159
q3_physical_fixed_gate_up_pairing,pooled_exact_combined_moe_local_control,1388,0.9219156901041666,0.9214121500651041,128,0.9949698853961862,0.9985274742033488,0.9999846873663565,0.9977913526954518,0.0014725257966512473,0.9944059461341249,0.9984163325685724,0.8991895188029061,0.9298200919140346
q3_physical_fixed_gate_up_pairing,pooled_exact_combined_moe_local_control,1392,0.9245198567708334,0.9239031473795574,128,0.9949937778494107,0.9985534889129182,0.9999854010064877,0.9978160963365257,0.0014465110870818254,0.9944493366426703,0.9984229860574633,0.9019142088627269,0.9172468600721542
q3_physical_fixed_gate_up_pairing,pooled_exact_combined_moe_local_control,1396,0.9271240234375,0.9265429178873699,128,0.99507363754413,0.9985627513965383,0.9999858587492314,0.9978441662469416,0.0014372486034617271,0.9945434409283641,0.9984471660446351,0.9028331575255967,0.9255648992580231
q3_physical_fixed_gate_up_pairing,pooled_exact_combined_moe_local_control,1400,0.9297281901041666,0.9291407267252604,128,0.9950846566829021,0.9985821176038182,0.9999865340907329,0.9978687876821943,0.001417882396181791,0.9946147596924187,0.9984632050279734,0.9127435427864057,0.9226230056648168
q3_physical_fixed_gate_up_pairing,pooled_exact_combined_moe_local_control,1404,0.9323323567708334,0.9317881266276041,128,0.9951871168265443,0.9985981673896993,0.9999871871172534,0.9978905668439072,0.0014018326103006906,0.994662049986836,0.9984814598170755,0.9016351149011624,0.9231448901147505
q3_physical_fixed_gate_up_pairing,pooled_exact_combined_moe_local_control,1408,0.9349365234375,0.934369405110677,128,0.9952591635268813,0.9986109642559715,0.9999881473499215,0.9979111198642867,0.0013890357440284884,0.9946931287964305,0.9984845170160543,0.8933392749252942,0.91656307510101
q3_physical_fixed_gate_up_pairing,pooled_exact_combined_moe_local_control,1412,0.9375406901041666,0.9369379679361978,128,0.9952732794524696,0.9986365545803357,0.9999884800223632,0.9979401127459798,0.0013634454196642665,0.9947675334872569,0.9985082391804709,0.9033446341259903,0.9139839321525377
q3_physical_fixed_gate_up_pairing,pooled_exact_combined_moe_local_control,1416,0.9401448567708334,0.9396184285481772,128,0.9953509253782332,0.9986475629605872,0.9999888179765383,0.9979629478934187,0.0013524370394127905,0.9948645955880524,0.9985313875337518,0.9052986383994679,0.920894429602531
q3_physical_fixed_gate_up_pairing,pooled_exact_combined_moe_local_control,1420,0.9427490234375,0.9422442118326824,128,0.9953883884677099,0.9986577089735781,0.9999895210511248,0.9979873343558427,0.0013422910264219157,0.9949234405207359,0.9985371000739072,0.9084127845102199,0.9175549212084232
q3_physical_fixed_gate_up_pairing,pooled_exact_combined_moe_local_control,1424,0.9453531901041666,0.9448979695638021,128,0.9954020944848406,0.9986669556213463,0.9999900566477562,0.9980095516087053,0.0013330443786536694,0.9948982069025345,0.9985442124320154,0.9012332384556221,0.9156860574782572
q3_physical_fixed_gate_up_pairing,pooled_exact_combined_moe_local_control,1428,0.9479573567708334,0.9475326538085938,128,0.9954764782062651,0.9986856652659998,0.9999906337947436,0.9980318951213238,0.001314334734000222,0.9949756711630194,0.9985631110184665,0.9003235935594956,0.9147086176397045
q3_physical_fixed_gate_up_pairing,pooled_exact_combined_moe_local_control,1432,0.9505615234375,0.9499537150065104,128,0.9955231094939877,0.998689946499957,0.999991098708321,0.9980524764794791,0.0013100535000429847,0.9950945050156897,0.9985910204712045,0.9126276798429506,0.9297888814345869
q3_physical_fixed_gate_up_pairing,pooled_exact_combined_moe_local_control,1436,0.9531656901041666,0.9526163736979167,128,0.9955746057842039,0.9987142663523012,0.9999914308826625,0.9980767875711108,0.0012857336476987946,0.9951368689414438,0.9985896469150335,0.9099886806484688,0.9116395471488093
q3_physical_fixed_gate_up_pairing,pooled_exact_combined_moe_local_control,1440,0.9557698567708334,0.9553184509277344,128,0.9956415919359928,0.9987344167553465,0.9999916663632148,0.9980962931591635,0.0012655832446535342,0.9951572795998639,0.99860360863788,0.8999916790332813,0.9063241717079439
q3_physical_fixed_gate_up_pairing,pooled_exact_combined_moe_local_control,1444,0.9583740234375,0.9577674865722656,128,0.9956721390078869,0.9987539196101551,0.9999921927921361,0.9981199196214781,0.0012460803898448614,0.9951757089231947,0.9986294258851742,0.8970978166970639,0.909166732660249
q3_physical_fixed_gate_up_pairing,pooled_exact_combined_moe_local_control,1448,0.9609781901041666,0.9604555765787759,128,0.9956715404349374,0.9987664820663387,0.9999926898573998,0.9981391891486131,0.0012335179336613322,0.9952801319573721,0.9986411100504944,0.9170721566725347,0.9077393898675201
q3_physical_fixed_gate_up_pairing,pooled_exact_combined_moe_local_control,1452,0.9635823567708334,0.9629923502604167,128,0.9957384468906975,0.9987801926353794,0.9999930096775363,0.9981630714796587,0.0012198073646205732,0.9953755508671128,0.9986642757346005,0.9215266482219755,0.9132179419198662
q3_physical_fixed_gate_up_pairing,pooled_exact_combined_moe_local_control,1456,0.9661865234375,0.9656944274902344,128,0.995797679999569,0.9987965294201471,0.9999932722517589,0.9981848253933604,0.0012034705798529277,0.9953494258839135,0.9986708080020159,0.903613165930418,0.9054151557323259
q3_physical_fixed_gate_up_pairing,pooled_exact_combined_moe_local_control,1460,0.9687906901041666,0.9683278401692708,128,0.9958372997265081,0.9988117929995867,0.9999935604169794,0.9982037113129745,0.0011882070004133327,0.995412832065544,0.9986848080596105,0.9074662913960893,0.9034475987295103
q3_physical_fixed_gate_up_pairing,pooled_exact_combined_moe_local_control,1464,0.9713948567708334,0.9709523518880209,128,0.9958829366075319,0.9988271109200803,0.9999937862619386,0.9982241037601948,0.0011728890799197478,0.9955371885290824,0.9986952064572561,0.9225268464279388,0.8989077900042379
q3_physical_fixed_gate_up_pairing,pooled_exact_combined_moe_local_control,1468,0.9739990234375,0.9735145568847657,128,0.9959261561918388,0.9988295671356102,0.999993984794278,0.9982449714456401,0.001170432864389781,0.99555840914414,0.9987176032583921,0.9172037543229293,0.9126917017289511
q3_physical_fixed_gate_up_pairing,pooled_exact_combined_moe_local_control,1472,0.9766031901041666,0.9759953816731771,128,0.9959350851127334,0.9988510439859167,0.9999942291007401,0.998264145639724,0.0011489560140832689,0.995593846778427,0.9987275337125223,0.922554138009614,0.9029363098968718
q3_physical_fixed_gate_up_pairing,pooled_exact_combined_moe_local_control,1476,0.9792073567708334,0.9786949157714844,128,0.995993904546931,0.9988524823508138,0.9999944930690822,0.9982819672286631,0.0011475176491861916,0.9956593150822076,0.9987407511769467,0.9229178180263794,0.9112715677619788
q3_physical_fixed_gate_up_pairing,pooled_exact_combined_moe_local_control,1480,0.9818115234375,0.9812088012695312,128,0.9960729044578063,0.9988741011544209,0.9999947506903089,0.9983033714362003,0.0011258988455791208,0.9957213887019568,0.9987547113968198,0.9178434937498932,0.9041268367058299
q3_physical_fixed_gate_up_pairing,pooled_exact_combined_moe_local_control,1484,0.9844156901041666,0.9838879903157551,128,0.996108739222238,0.9988683519369181,0.999994966247332,0.9983243578181178,0.0011316480630818582,0.9957951061189948,0.9987799257046246,0.9254123618529474,0.9275238953654539
q3_physical_fixed_gate_up_pairing,pooled_exact_combined_moe_local_control,1488,0.9870198567708334,0.9864412943522135,128,0.9961556709622984,0.9988862678609528,0.9999951979847088,0.9983423564770266,0.0011137321390471966,0.995836903380947,0.9987856929160661,0.9234301745742524,0.9171750323971882
q3_physical_fixed_gate_up_pairing,pooled_exact_combined_moe_local_control,1492,0.9896240234375,0.9891242980957031,128,0.996214557758135,0.9989087390556588,0.9999955771396907,0.9983629744625602,0.0010912609443411991,0.9958718744268716,0.9988009313092505,0.9169881523241249,0.9100904333171287
q3_physical_fixed_gate_up_pairing,pooled_exact_combined_moe_local_control,1496,0.9922281901041666,0.9917488098144531,128,0.9962551531800021,0.9989289848349222,0.9999957764275484,0.9983793963551159,0.0010710151650777933,0.9958698842794919,0.9988225865391316,0.9067171656723287,0.9096338717648544
q3_physical_fixed_gate_up_pairing,pooled_exact_combined_moe_local_control,1500,0.9948323567708334,0.9942817687988281,128,0.9963036380313989,0.9989489252269623,0.9999961130836852,0.9983964839431183,0.0010510747730376746,0.9959190020810443,0.9988319386235356,0.9057495352869553,0.8998454997451901
q3_physical_fixed_gate_up_pairing,pooled_exact_combined_moe_local_control,1504,0.9974365234375,0.9968465169270834,128,0.9963380192644254,0.9989595496111776,0.9999962812860508,0.9984171347787834,0.0010404503888223893,0.9960231168413614,0.9988480081533648,0.9208167777370945,0.9031751325857212
q3_physical_fixed_gate_up_pairing,pooled_exact_combined_moe_local_control,1506,0.9987386067708334,0.9982198079427084,128,0.9963382124379483,0.9989572259789028,0.9999963576897744,0.9984259005132035,0.0010427740210972036,0.9960639770160515,0.9988488233795365,0.9303267732391011,0.9058332166938545
q3_physical_fixed_gate_up_pairing,pooled_exact_combined_moe_local_control,1507,0.9993896484375,0.9988416035970051,128,0.9963579580287725,0.9989605182427779,0.9999963889198441,0.9984307873521931,0.001039481757222127,0.9959959221653577,0.9988477493633869,0.9095832103256031,0.9021316406277644
q3_physical_fixed_gate_up_pairing,pooled_exact_combined_moe_local_control,1508,1.0000406901041667,0.999603271484375,128,0.9963806044858595,0.9989668287574531,0.9999964758401045,0.9984348851997815,0.0010331712425468709,0.9959639861281763,0.9988561905946707,0.8967747954010384,0.9032722040342063
q3_physical_fixed_gate_up_pairing,pooled_exact_combined_moe_local_control,1512,1.0026448567708333,1.0021260579427085,128,0.9964249341343344,0.9989654858698636,0.9999966054906061,0.9984549691244461,0.0010345141301364436,0.9960316889251969,0.9988705401313589,0.9009036333783288,0.9159370411107283
q3_physical_fixed_gate_up_pairing,pooled_exact_combined_moe_local_control,1516,1.0052490234375,1.0046437581380208,128,0.9964597393812944,0.9989894512135811,0.99999670822667,0.9984740172139799,0.00101054878641893,0.9961115004302699,0.9988914482258487,0.9104438756441202,0.9115936756247938
q3_physical_fixed_gate_up_pairing,pooled_exact_combined_moe_local_control,1520,1.0078531901041667,1.0073064168294272,128,0.9965353455693019,0.9990065220152,0.999996822543993,0.9984899170258967,0.0009934779847999842,0.9961685242300191,0.9988951221390402,0.9042610833776418,0.899174487881357
q3_physical_fixed_gate_up_pairing,pooled_exact_combined_moe_local_control,1524,1.0104573567708333,1.0099843343098958,128,0.996565764393536,0.9990155018481365,0.9999969537102104,0.9985086485426353,0.000984498151863522,0.9962244859696491,0.9989098750412857,0.9096074279837467,0.9031057806663237
q3_physical_fixed_gate_up_pairing,pooled_exact_combined_moe_local_control,1528,1.0130615234375,1.0125923156738281,128,0.9965795309096392,0.9990218006956653,0.9999970610983507,0.9985287385213465,0.000978199304334737,0.9962410120886014,0.9989193550423905,0.9099441581040081,0.9051995268627416
q3_physical_fixed_gate_up_pairing,pooled_exact_combined_moe_local_control,1532,1.0156656901041667,1.0151456197102866,128,0.9966564310006191,0.9990365689569112,0.9999972259538527,0.9985439636484227,0.0009634310430888249,0.9962674326217537,0.9989369904523682,0.8957826237424348,0.9063239791544224
q3_physical_fixed_gate_up_pairing,pooled_exact_combined_moe_local_control,1536,1.0182698567708333,1.017748514811198,128,0.9966685262949888,0.9990469229039273,0.999997333058545,0.9985601667638959,0.0009530770960727297,0.9963449828804145,0.9989488379103376,0.9114796445574532,0.9066889925404781
q3_physical_fixed_gate_up_pairing,pooled_exact_combined_moe_local_control,1568,1.0391031901041667,1.0385309855143228,128,0.9970081212866555,0.9991375854026452,0.9999980540305681,0.9986915156679895,0.0008624145973548103,0.9966047516795248,0.999039774599028,0.8811958451762776,0.8981376627631984
q3_physical_fixed_gate_up_pairing,pooled_exact_combined_moe_local_control,1600,1.0599365234375,1.0593045552571616,128,0.9972544618721126,0.999214894371234,0.9999986448227893,0.9988154979019304,0.0007851056287659919,0.9969121790000592,0.9991304986273065,0.8891506754892956,0.9029377680381865
q3_physical_fixed_gate_up_pairing,pooled_exact_combined_moe_local_control,1632,1.0807698567708333,1.079962412516276,128,0.9975116885816444,0.9992871764767279,0.9999990933599058,0.9989269288695328,0.0007128235232720659,0.9972012493272625,0.9992171246710577,0.8890793462219142,0.9105198451395093
q3_physical_fixed_gate_up_pairing,pooled_exact_combined_moe_local_control,1664,1.1016031901041667,1.100775400797526,128,0.9977159397169428,0.9993424129162344,0.9999992921961289,0.9990317187668216,0.0006575870837656206,0.9974431989417786,0.9992927450882967,0.8933273379689599,0.9297737956770402
q3_physical_fixed_gate_up_pairing,pooled_router_square_multi_budget_column_generated,384,0.2682698567708333,0.2679939270019531,128,0.9065609902024363,0.9685639078337868,0.9919899732579266,0.9562582886126487,0.031436092166213236,0.9012698574429038,0.9686161663626609,0.9464081320811156,1.0016651416610864
q3_physical_fixed_gate_up_pairing,pooled_router_square_multi_budget_column_generated,416,0.2891031901041667,0.2888209025065104,128,0.9134136803258339,0.9724537094387671,0.9931884878987005,0.9606613044253975,0.027546290561232922,0.9102871887463212,0.9717119540961152,0.9651499988037158,0.9737784877339302
q3_physical_fixed_gate_up_pairing,pooled_router_square_multi_budget_column_generated,448,0.3099365234375,0.3096974690755208,128,0.9202016555907323,0.9743229453055566,0.9940145733147386,0.9645109922310185,0.02567705469444337,0.9195210557985299,0.9745019773484618,0.9915431321949434,1.0070214088893026
q3_physical_fixed_gate_up_pairing,pooled_router_square_multi_budget_column_generated,480,0.3307698567708333,0.33056386311848956,128,0.9255146186080248,0.9781130997259939,0.9950935618600589,0.9680611213736594,0.021886900274006083,0.9263291345947609,0.9771658700058922,1.0110561479392934,0.9585169340655337
q3_physical_fixed_gate_up_pairing,pooled_router_square_multi_budget_column_generated,512,0.3516031901041667,0.35141754150390625,128,0.9329716487696657,0.9800816708208753,0.9956903284157834,0.9711928404562904,0.019918329179124727,0.9314329611872246,0.9797805472842459,0.9775593695005196,0.9851072360433007
q3_physical_fixed_gate_up_pairing,pooled_router_square_multi_budget_column_generated,544,0.3724365234375,0.372283935546875,128,0.9383835386377717,0.9817469264138282,0.9965609549389156,0.9737845578585356,0.018253073586171786,0.937214831280119,0.9812713133027045,0.9813856141270086,0.974605100784112
q3_physical_fixed_gate_up_pairing,pooled_router_square_multi_budget_column_generated,576,0.3932698567708333,0.39303716023763013,128,0.9440464650420857,0.9833067096747486,0.997165417080539,0.9761721882052475,0.016693290325251353,0.9424944745284266,0.9829262894979749,0.9730114541005932,0.9777189512069662
q3_physical_fixed_gate_up_pairing,pooled_router_square_multi_budget_column_generated,608,0.4141031901041667,0.41392389933268237,128,0.9496790504145938,0.9847770852256512,0.9976012733834471,0.9782340454490577,0.015222914774348784,0.9458245602276232,0.9840957959507932,0.9288517046992956,0.9571629442913254
q3_physical_fixed_gate_up_pairing,pooled_router_square_multi_budget_column_generated,640,0.4349365234375,0.43468983968098956,128,0.954384893607245,0.985939557812205,0.9980133718906095,0.9800856286027593,0.014060442187795008,0.9521928140295318,0.9853933617297443,0.9541474878051329,0.9626063114349248
q3_physical_fixed_gate_up_pairing,pooled_router_square_multi_budget_column_generated,672,0.4557698567708333,0.45552190144856763,128,0.9573122648856116,0.9872186727406804,0.9982502671696697,0.9817160713879755,0.012781327259319575,0.9546125998056706,0.9866767929147321,0.9405195039067625,0.9593281240409816
q3_physical_fixed_gate_up_pairing,pooled_router_square_multi_budget_column_generated,704,0.4766031901041667,0.4763476053873698,128,0.9614973921443999,0.9883900594116346,0.9985835461206264,0.98326138488889,0.011609940588365397,0.9585882696482144,0.9878160577217937,0.9297512450826622,0.952888672916021
q3_physical_fixed_gate_up_pairing,pooled_router_square_multi_budget_column_generated,736,0.4974365234375,0.4971694946289062,128,0.9641901271300902,0.9891902900509228,0.99873198689333,0.984672124565023,0.010809709949077151,0.9622908823177203,0.9887079146975845,0.9496343343704801,0.9572819952719268
q3_physical_fixed_gate_up_pairing,pooled_router_square_multi_budget_column_generated,768,0.5182698567708334,0.5180168151855469,128,0.9676934836576504,0.9903301173595838,0.9989173791640092,0.9860274582228218,0.009669882640416239,0.9656164064490277,0.9898095416827313,0.9395910376399859,0.9489153813651031
q3_physical_fixed_gate_up_pairing,pooled_router_square_multi_budget_column_generated,800,0.5391031901041666,0.5388959248860677,128,0.9704557061811416,0.9910475541925703,0.999080441208334,0.9872654501868813,0.00895244580742971,0.9684972373444677,0.9907158964395029,0.937831838493377,0.9642768145673649
q3_physical_fixed_gate_up_pairing,pooled_router_square_multi_budget_column_generated,832,0.5599365234375,0.5597241719563801,128,0.9725244917511674,0.9917417748438252,0.9992147743123898,0.9883949592245462,0.008258225156174803,0.9720879595279959,0.9915047996317168,0.9843604331396205,0.9721048119131881
q3_physical_fixed_gate_up_pairing,pooled_router_square_multi_budget_column_generated,864,0.5807698567708334,0.5805880228678385,128,0.9748369743578915,0.9924600740292131,0.999327920130178,0.9894528582640956,0.007539925970786898,0.9743533948047971,0.9922746420292201,0.9811445004352909,0.9759969698887272
q3_physical_fixed_gate_up_pairing,pooled_router_square_multi_budget_column_generated,896,0.6016031901041666,0.6014137268066406,128,0.9767780488385078,0.9931098894674286,0.9994314253135371,0.9903750083186726,0.006890110532571381,0.9765085982066268,0.9929974915426429,0.9885298189417965,0.9839489055286196
q3_physical_fixed_gate_up_pairing,pooled_router_square_multi_budget_column_generated,928,0.6224365234375,0.6222305297851562,128,0.9791308439907165,0.9938076425018324,0.9995257084586935,0.9912461406775488,0.0061923574981676,0.9787582580432893,0.9935418947207035,0.9824597272584104,0.9588505034161016
q3_physical_fixed_gate_up_pairing,pooled_router_square_multi_budget_column_generated,960,0.6432698567708334,0.6430028279622395,128,0.9814323031618597,0.9943351428374878,0.9996130574287393,0.9919995983344556,0.0056648571625121935,0.9805918588176755,0.994270152294358,0.9566962989248248,0.9886575444115536
q3_physical_fixed_gate_up_pairing,pooled_router_square_multi_budget_column_generated,992,0.6641031901041666,0.6638069152832031,128,0.9830025120205991,0.9948384410003969,0.9996905577155304,0.9926593581268439,0.005161558999603133,0.9822376644846484,0.9948055788498051,0.9569399229459667,0.9936735683069334
q3_physical_fixed_gate_up_pairing,pooled_router_square_multi_budget_column_generated,1024,0.6849365234375,0.6846720377604167,128,0.9848040595453508,0.9953253726646749,0.9997440921577052,0.9932829804865324,0.004674627335325088,0.9838312231619167,0.9950757120890018,0.9398324070412883,0.949300166808789
q3_physical_fixed_gate_up_pairing,pooled_router_square_multi_budget_column_generated,1056,0.7057698567708334,0.7054875691731771,128,0.9859205565314763,0.9956684280675814,0.999790424507188,0.9938057487888021,0.004331571932418621,0.9852464175589725,0.9955285243751982,0.9543067607343211,0.9687119635390274
q3_physical_fixed_gate_up_pairing,pooled_router_square_multi_budget_column_generated,1088,0.7266031901041666,0.72625732421875,128,0.9871894164988035,0.996047386091413,0.9998339308830689,0.9943344738563643,0.003952613908587033,0.9863793969959124,0.995930887489546,0.940529835378942,0.971370021947606
q3_physical_fixed_gate_up_pairing,pooled_router_square_multi_budget_column_generated,1120,0.7474365234375,0.7471377054850261,128,0.9883686758994471,0.9964473106190753,0.999871093897858,0.9948310506925105,0.0035526893809246785,0.9876788936724094,0.9962704520037553,0.9440162101764255,0.9525790751324024
q3_physical_fixed_gate_up_pairing,pooled_router_square_multi_budget_column_generated,1152,0.7682698567708334,0.7679913838704427,128,0.9893707462684399,0.9968359086588918,0.9998935944042475,0.995306990033866,0.0031640913411081772,0.9888755298252253,0.9965901528250427,0.9554840423467964,0.9279276104647731
q3_physical_fixed_gate_up_pairing,pooled_router_square_multi_budget_column_generated,1184,0.7891031901041666,0.7887802124023438,128,0.9901734769085674,0.9971346230241421,0.9999126943924529,0.9957453852259875,0.0028653769758578695,0.9898316658880925,0.9968781757801042,0.9663847571575516,0.9178534004561898
q3_physical_fixed_gate_up_pairing,pooled_router_square_multi_budget_column_generated,1216,0.8099365234375,0.8097241719563802,128,0.9911198467354204,0.9973860420176224,0.9999307162371339,0.9961444078710076,0.0026139579823776238,0.9908677133536433,0.9972181029408084,0.9723909912663893,0.9396314553555747
q3_physical_fixed_gate_up_pairing,pooled_router_square_multi_budget_column_generated,1248,0.8307698567708334,0.8305206298828125,128,0.9919327508976241,0.997659899879586,0.9999460597697607,0.9965078886436716,0.002340100120413968,0.9916003216366571,0.9974748775027411,0.9604235725956185,0.9267273658819437
q3_physical_fixed_gate_up_pairing,pooled_router_square_multi_budget_column_generated,1280,0.8516031901041666,0.8513933817545571,128,0.9926192488371179,0.9979134678752362,0.9999574227780349,0.996855529255193,0.00208653212476384,0.9924453438125479,0.9977356617351041,0.976980418399597,0.9214754513984913
q3_physical_fixed_gate_up_pairing,pooled_router_square_multi_budget_column_generated,1284,0.8542073567708334,0.853960673014323,128,0.9928698258938793,0.9979045337075678,0.9999584815095613,0.9968788790892522,0.00209546629243218,0.9924978225346561,0.99775670792343,0.9504139483581105,0.9341031933907243
q3_physical_fixed_gate_up_pairing,pooled_router_square_multi_budget_column_generated,1288,0.8568115234375,0.8565635681152344,128,0.9928990287487841,0.9979602152774671,0.9999601971226973,0.9969249191932961,0.002039784722532856,0.9926651592628014,0.9977472039803639,0.9681152605268403,0.9054458125606608
q3_physical_fixed_gate_up_pairing,pooled_router_square_multi_budget_column_generated,1292,0.8594156901041666,0.8591753641764321,128,0.9929797211615623,0.9979764928594641,0.999961075592452,0.9969610811319235,0.002023507140535896,0.9926776219589967,0.9977707951887718,0.9587430202491652,0.9077259883630856
q3_physical_fixed_gate_up_pairing,pooled_router_square_multi_budget_column_generated,1296,0.8620198567708334,0.8617947896321616,128,0.9929107918339988,0.997995719113129,0.9999620262312277,0.9969936632266179,0.0020042808868709905,0.9927291897974807,0.9977976318308225,0.9750231361485484,0.9100571443599725
q3_physical_fixed_gate_up_pairing,pooled_router_square_multi_budget_column_generated,1300,0.8646240234375,0.8642985026041667,128,0.9931317781423643,0.9980126659117254,0.999964508459218,0.9970285811803532,0.0019873340882745616,0.992794367068448,0.9978418766196644,0.9531739852527293,0.9208621278944269
q3_physical_fixed_gate_up_pairing,pooled_router_square_multi_budget_column_generated,1304,0.8672281901041666,0.8669471740722656,128,0.993175287422472,0.9980343097578253,0.9999656910517492,0.9970734560783693,0.0019656902421747446,0.9929221293123476,0.9978671145946534,0.9642324476814718,0.9216108081790252
q3_physical_fixed_gate_up_pairing,pooled_router_square_multi_budget_column_generated,1308,0.8698323567708334,0.8695869445800781,128,0.9932544894903869,0.9980578939750933,0.9999661766667495,0.9971052510124767,0.0019421060249067423,0.9930039209872512,0.9978563067049158,0.9641844377859304,0.9059626343750946
q3_physical_fixed_gate_up_pairing,pooled_router_square_multi_budget_column_generated,1312,0.8724365234375,0.8722000122070312,128,0.9933639608772896,0.9981096643890749,0.9999677314875716,0.9971450982621333,0.001890335610925109,0.9930148334377785,0.9978981421238027,0.9500187380785854,0.8993641446133844
q3_physical_fixed_gate_up_pairing,pooled_router_square_multi_budget_column_generated,1316,0.8750406901041666,0.874750773111979,128,0.9935094697074354,0.998117199712369,0.9999687969675932,0.9971706966231625,0.0018828002876309924,0.9932470535963848,0.9979290366666156,0.9611405014394733,0.9091422611302732
q3_physical_fixed_gate_up_pairing,pooled_router_square_multi_budget_column_generated,1320,0.8776448567708334,0.8773829142252605,128,0.9936295216536413,0.998150692703247,0.9999701127501345,0.9972046813736067,0.0018493072967530333,0.9932320701113749,0.9979374459889445,0.9412742819729357,0.8966103611544579
q3_physical_fixed_gate_up_pairing,pooled_router_square_multi_budget_column_generated,1324,0.8802490234375,0.8799667358398438,128,0.9937078311367954,0.9981529907963917,0.9999709991969415,0.9972551525377549,0.001847009203608252,0.9932335793926143,0.9979756609081261,0.9299109866650201,0.9124010947684007
q3_physical_fixed_gate_up_pairing,pooled_router_square_multi_budget_column_generated,1328,0.8828531901041666,0.8826281229654946,128,0.9937590510929198,0.9981761413311614,0.9999721736394267,0.9972754150519731,0.0018238586688386071,0.9933498222410513,0.9979899311991226,0.9384634716992509,0.9073613142209321
q3_physical_fixed_gate_up_pairing,pooled_router_square_multi_budget_column_generated,1332,0.8854573567708334,0.8851318359375,128,0.9938476657576824,0.9982203177217783,0.9999731607226914,0.9973072264835137,0.0017796822782216726,0.9934663818328511,0.9980036337371574,0.9416427597883856,0.8914608062388305
q3_physical_fixed_gate_up_pairing,pooled_router_square_multi_budget_column_generated,1336,0.8880615234375,0.8877843221028645,128,0.993901022474039,0.9982207899126467,0.9999737199953281,0.9973333958098467,0.0017792100873532668,0.9934835219920134,0.998041212803819,0.9359315750756909,0.9083222980128314
q3_physical_fixed_gate_up_pairing,pooled_router_square_multi_budget_column_generated,1340,0.8906656901041666,0.8903859456380208,128,0.9939802657238007,0.9982236483366809,0.9999749301267701,0.9973719188443342,0.0017763516633191312,0.9936493157463591,0.9980740153506638,0.9478875087748357,0.9223083184652171
q3_physical_fixed_gate_up_pairing,pooled_router_square_multi_budget_column_generated,1344,0.8932698567708334,0.893023173014323,128,0.9941226349940969,0.9982822293335829,0.9999760625197583,0.9974165108658513,0.0017177706664170955,0.9936544602150069,0.9980754734172386,0.9262198654561721,0.8925679082864784
q3_physical_fixed_gate_up_pairing,pooled_router_square_multi_budget_column_generated,1348,0.8958740234375,0.8955828348795574,128,0.9942097836513661,0.9982945317141456,0.9999772254868394,0.9974378175594869,0.0017054682858543835,0.9937181147427145,0.9981081508666887,0.9217322684967251,0.9014821826036936
q3_physical_fixed_gate_up_pairing,pooled_router_square_multi_budget_column_generated,1352,0.8984781901041666,0.8982073465983071,128,0.99420558656775,0.9983343906599496,0.9999772058809496,0.9974706092232144,0.0016656093400504446,0.9937638556979904,0.9981463112510592,0.9291660281790978,0.8985377620715502
q3_physical_fixed_gate_up_pairing,pooled_router_square_multi_budget_column_generated,1356,0.9010823567708334,0.9007644653320312,128,0.9942570900951234,0.9983421611602128,0.9999779898040309,0.9975012326935482,0.0016578388397872068,0.9938423650283781,0.9981595216260282,0.9326486437314588,0.9007651832439186
q3_physical_fixed_gate_up_pairing,pooled_router_square_multi_budget_column_generated,1360,0.9036865234375,0.9033279418945312,128,0.9943141257548761,0.9983580997221135,0.9999793398046445,0.9975161586088586,0.0016419002778864655,0.9938245887168874,0.9981846638628835,0.9207280267587352,0.9044607465890538
q3_physical_fixed_gate_up_pairing,pooled_router_square_multi_budget_column_generated,1364,0.9062906901041666,0.9060440063476561,128,0.9944787566532124,0.9983703633834974,0.9999803367282959,0.9975573946234741,0.0016296366165026166,0.9940068996325042,0.9982005471388689,0.9212666246560222,0.9056289562807543
q3_physical_fixed_gate_up_pairing,pooled_router_square_multi_budget_column_generated,1368,0.9088948567708334,0.9085693359375,128,0.9944990906530318,0.9983923904749659,0.9999811119435718,0.9975827527878851,0.0016076095250341371,0.9940065255217839,0.9982707707932463,0.9178164296789572,0.9296682699757012
q3_physical_fixed_gate_up_pairing,pooled_router_square_multi_budget_column_generated,1372,0.9114990234375,0.9112078348795573,128,0.9945666156093222,0.9983992030070836,0.9999818178879466,0.9976137237163036,0.0016007969929163757,0.9940142752340417,0.9982621508226501,0.907723726553256,0.9211368936845876
q3_physical_fixed_gate_up_pairing,pooled_router_square_multi_budget_column_generated,1376,0.9141031901041666,0.9137891133626301,128,0.9946679899532436,0.9984000841603728,0.999982487288833,0.9976398368523223,0.0015999158396271529,0.9940609833128822,0.9982986737671706,0.8977934105357813,0.9403933288952069
q3_physical_fixed_gate_up_pairing,pooled_router_square_multi_budget_column_generated,1380,0.9167073567708334,0.9163653055826824,128,0.9947467870776003,0.998426284924489,0.9999830632347813,0.997669317002,0.001573715075510962,0.9942331710385122,0.998306519015828,0.9109361414187566,0.9292782677925449
q3_physical_fixed_gate_up_pairing,pooled_router_square_multi_budget_column_generated,1384,0.9193115234375,0.918975830078125,128,0.9948080272364442,0.9984736114116866,0.9999839177669082,0.9976916699950519,0.0015263885883134432,0.9942613211250867,0.9983059372123855,0.9047331061252663,0.9010224411238082
q3_physical_fixed_gate_up_pairing,pooled_router_square_multi_budget_column_generated,1388,0.9219156901041666,0.9215787251790364,128,0.9947414313033349,0.9984830831117448,0.9999846873663565,0.997716184139634,0.001516916888255171,0.9942590622967823,0.9983454614961548,0.9159773139007815,0.9168217510379986
q3_physical_fixed_gate_up_pairing,pooled_router_square_multi_budget_column_generated,1392,0.9245198567708334,0.9241523742675781,128,0.9948288760353631,0.9984776450635693,0.9999854010064877,0.9977484656843691,0.0015223549364307143,0.9943328028793131,0.9983305462572212,0.9124658723729354,0.9118880609993639
q3_physical_fixed_gate_up_pairing,pooled_router_square_multi_budget_column_generated,1396,0.9271240234375,0.9266866048177084,128,0.9948383534713812,0.9985017738363009,0.9999857394889482,0.9977746015695874,0.0014982261636991012,0.994495882674594,0.9983657902725448,0.9377791612096653,0.9167894050123803
q3_physical_fixed_gate_up_pairing,pooled_router_square_multi_budget_column_generated,1400,0.9297281901041666,0.9293835957845051,128,0.9949164643720979,0.99850908630304,0.9999864356761266,0.997801609499803,0.0014909136969599723,0.9944949624743137,0.9983880921717674,0.9234334196965028,0.924937313937293
q3_physical_fixed_gate_up_pairing,pooled_router_square_multi_budget_column_generated,1404,0.9323323567708334,0.9320309956868491,128,0.994971642456267,0.9985279787244782,0.9999871871172534,0.9978269580312173,0.0014720212755218176,0.9946113262242366,0.9984071597312337,0.9331345249269011,0.9241487074293812
q3_physical_fixed_gate_up_pairing,pooled_router_square_multi_budget_column_generated,1408,0.9349365234375,0.9345461527506511,128,0.9950629547247339,0.9985476086980825,0.9999877218688947,0.9978431549635193,0.0014523913019175438,0.9945183393243404,0.9984251793991179,0.9006477356740088,0.9222582566573114
q3_physical_fixed_gate_up_pairing,pooled_router_square_multi_budget_column_generated,1412,0.9375406901041666,0.9372088114420571,128,0.9951435535220738,0.9985760917253255,0.9999884800223632,0.9978717520662252,0.0014239082746745346,0.9946630212730968,0.9984564286393185,0.9099617454806926,0.9224764795103877
q3_physical_fixed_gate_up_pairing,pooled_router_square_multi_budget_column_generated,1416,0.9401448567708334,0.9397481282552084,128,0.9951761236356018,0.998604626498208,0.9999888179765383,0.9978981048571942,0.0013953735017919744,0.9947129515309854,0.9984594595308163,0.9123949577290782,0.9057688062757153
q3_physical_fixed_gate_up_pairing,pooled_router_square_multi_budget_column_generated,1420,0.9427490234375,0.9424222310384114,128,0.9952516923744594,0.9986036722121246,0.9999895141787871,0.9979241874018032,0.001396327787875351,0.9947955084599402,0.9984815657207282,0.9123480341916467,0.9195839470543339
q3_physical_fixed_gate_up_pairing,pooled_router_square_multi_budget_column_generated,1424,0.9453531901041666,0.9450035095214844,128,0.9953459425024871,0.998606741207971,0.9999899102223341,0.9979466043227314,0.0013932587920290063,0.9948020412054357,0.9985148635948624,0.8953625223770196,0.9381352360693965
q3_physical_fixed_gate_up_pairing,pooled_router_square_multi_budget_column_generated,1428,0.9479573567708334,0.9476153055826824,128,0.9953191316033713,0.9986253879685039,0.9999906337947436,0.9979653160312127,0.0013746120314961363,0.994935762131808,0.9985216016004874,0.9242986839202078,0.9297981058078371
q3_physical_fixed_gate_up_pairing,pooled_router_square_multi_budget_column_generated,1432,0.9505615234375,0.9502054850260417,128,0.9954203364053901,0.9986680841011646,0.9999910272843222,0.9979903465617633,0.0013319158988354118,0.9949468371680955,0.9985406568898004,0.906296461632901,0.9126818015081215
q3_physical_fixed_gate_up_pairing,pooled_router_square_multi_budget_column_generated,1436,0.9531656901041666,0.9527765909830728,128,0.9954387730768447,0.9986705982134483,0.9999914029935223,0.9980101033541056,0.0013294017865517205,0.9949733680672895,0.9985730276770597,0.9074121567313149,0.931624086311958
q3_physical_fixed_gate_up_pairing,pooled_router_square_multi_budget_column_generated,1440,0.9557698567708334,0.9553922017415365,128,0.9954764818803784,0.9986887102979025,0.9999916199831154,0.9980362789054,0.0013112897020974845,0.9951144392841208,0.9985723683210446,0.9258953849287178,0.9185070080939416
q3_physical_fixed_gate_up_pairing,pooled_router_square_multi_budget_column_generated,1444,0.9583740234375,0.9580243428548177,128,0.9955358223000994,0.9987090568852204,0.99999213985643,0.9980560339257345,0.001290943114779619,0.9950517398147289,0.9985748872526785,0.9021711738579596,0.9058533208730029
q3_physical_fixed_gate_up_pairing,pooled_router_square_multi_budget_column_generated,1448,0.9609781901041666,0.9605979919433594,128,0.9955999422179995,0.9987026447653549,0.9999926898573998,0.9980739914738807,0.0012973552346451367,0.9952362147489001,0.9986067860777917,0.9236473833459585,0.9311960022541371
q3_physical_fixed_gate_up_pairing,pooled_router_square_multi_budget_column_generated,1452,0.9635823567708334,0.9631563822428385,128,0.9956623478506867,0.9987280426499898,0.9999929717022045,0.9980999142206866,0.0012719573500101777,0.9951454948517486,0.9986259443813181,0.8935312697887887,0.9256956797937818
q3_physical_fixed_gate_up_pairing,pooled_router_square_multi_budget_column_generated,1456,0.9661865234375,0.9658304850260416,128,0.9957328689084589,0.9987598850762741,0.9999932459464406,0.9981255597312302,0.001240114923725888,0.9953010596804329,0.9986410456969519,0.9081049771524284,0.9125508642522656
q3_physical_fixed_gate_up_pairing,pooled_router_square_multi_budget_column_generated,1460,0.9687906901041666,0.9684257507324219,128,0.9958241014401085,0.9987674829382684,0.9999934574935936,0.998145285072526,0.0012325170617315528,0.9952724856101132,0.9986521971904319,0.8833180008557299,0.9144639356601948
q3_physical_fixed_gate_up_pairing,pooled_router_square_multi_budget_column_generated,1464,0.9713948567708334,0.9710667928059896,128,0.9957764753475365,0.998763634180555,0.9999937274560095,0.9981689638320528,0.0012363658194449734,0.9953941770003134,0.9986679940495047,0.9169967349485302,0.9281984205740368
q3_physical_fixed_gate_up_pairing,pooled_router_square_multi_budget_column_generated,1468,0.9739990234375,0.9736086527506511,128,0.9958173710248206,0.9987751813620238,0.9999939822595102,0.9981832033658783,0.0012248186379761883,0.9954060338709482,0.9986942880251986,0.9104614308601087,0.9380465689322015
q3_physical_fixed_gate_up_pairing,pooled_router_square_multi_budget_column_generated,1472,0.9766031901041666,0.9762369791666665,128,0.9958843789828749,0.998801858062738,0.9999940964787973,0.9982072130760974,0.0011981419372619762,0.995493246996439,0.9986980923631543,0.9132120206883398,0.9202971880285529
q3_physical_fixed_gate_up_pairing,pooled_router_square_multi_budget_column_generated,1476,0.9792073567708334,0.9788602193196615,128,0.9958384199817614,0.9988228930072822,0.9999944616076266,0.9982253169326073,0.0011771069927177802,0.9954584509086809,0.9986932255524645,0.9163349188921563,0.9007728877296061
q3_physical_fixed_gate_up_pairing,pooled_router_square_multi_budget_column_generated,1480,0.9818115234375,0.981414794921875,128,0.9959593180260161,0.9988286323372679,0.9999947503960269,0.9982427324459568,0.0011713676627320702,0.9955268570695646,0.9987216095452004,0.9033205593523356,0.9162831733718543
q3_physical_fixed_gate_up_pairing,pooled_router_square_multi_budget_column_generated,1484,0.9844156901041666,0.9840316772460938,128,0.9960573506616146,0.9988462640484541,0.999994966247332,0.9982637988431962,0.0011537359515458867,0.9956250653155013,0.998748394384229,0.9011904457351192,0.9218047098927363
q3_physical_fixed_gate_up_pairing,pooled_router_square_multi_budget_column_generated,1488,0.9870198567708334,0.9866345723470052,128,0.9959686911290491,0.998849831786405,0.9999950642238042,0.9982781888841195,0.0011501682135950375,0.9956272181983729,0.9987487868769178,0.9219094511989719,0.91924244749109
q3_physical_fixed_gate_up_pairing,pooled_router_square_multi_budget_column_generated,1492,0.9896240234375,0.9892743428548176,128,0.9960319339233896,0.9988683908200167,0.9999955473502178,0.9983000708264657,0.0011316091799833394,0.9956281156816005,0.9987770905640783,0.9076329078311532,0.9253417683627712
q3_physical_fixed_gate_up_pairing,pooled_router_square_multi_budget_column_generated,1496,0.9922281901041666,0.9919306437174478,128,0.9961529650731411,0.9988886958019333,0.9999957378418792,0.9983213713228261,0.0011113041980667093,0.9957877959199658,0.9987873934418081,0.9133068706461299,0.9164590035895659
q3_physical_fixed_gate_up_pairing,pooled_router_square_multi_budget_column_generated,1500,0.9948323567708334,0.9944356282552083,128,0.9961419886307128,0.9988906771130319,0.9999959979443676,0.9983382350923036,0.0011093228869680782,0.9958191818665251,0.9987920929258498,0.9227886136440434,0.9183842952062572
q3_physical_fixed_gate_up_pairing,pooled_router_square_multi_budget_column_generated,1504,0.9974365234375,0.997002919514974,128,0.9962022107938768,0.9988899801919431,0.9999962393834909,0.9983579987531318,0.0011100198080569168,0.99583668076722,0.9988030218500523,0.9122022582897715,0.927351771713991
q3_physical_fixed_gate_up_pairing,pooled_router_square_multi_budget_column_generated,1506,0.9987386067708334,0.9983571370442709,128,0.9962556136158944,0.9989173063653229,0.9999962742896551,0.9983681784263145,0.0010826936346770566,0.9958554110689603,0.9988240837362874,0.9034397491300102,0.92072341210655
q3_physical_fixed_gate_up_pairing,pooled_router_square_multi_budget_column_generated,1507,0.9993896484375,0.9990870157877605,128,0.9962354696442806,0.9989242741038011,0.9999962695050592,0.9983716960383144,0.0010757258961988647,0.9958619767423159,0.998817081149521,0.9097412269805182,0.9093826645532125
q3_physical_fixed_gate_up_pairing,pooled_router_square_multi_budget_column_generated,1508,1.0000406901041667,0.9997049967447916,128,0.9962748551981759,0.9988974364044456,0.9999964201059922,0.998380591928929,0.0011025635955543844,0.9958649901327659,0.9988286385486528,0.9008793017260127,0.9412667578280741
q3_physical_fixed_gate_up_pairing,pooled_router_square_multi_budget_column_generated,1512,1.0026448567708333,1.002253214518229,128,0.9962220486363718,0.9989289636756854,0.9999965124616663,0.9983976202482094,0.0010710363243146004,0.9959479870778932,0.9988487772232271,0.9323640956366842,0.9303467112741579
q3_physical_fixed_gate_up_pairing,pooled_router_square_multi_budget_column_generated,1516,1.0052490234375,1.0048294067382812,128,0.9963447240373517,0.998946316558767,0.9999965752891109,0.9984204010730862,0.001053683441233022,0.9960333622428458,0.998853244156647,0.9215048578750608,0.9188385194115588
q3_physical_fixed_gate_up_pairing,pooled_router_square_multi_budget_column_generated,1520,1.0078531901041667,1.0074564615885415,128,0.9963594383712184,0.9989557700665608,0.9999967935214978,0.9984327178113994,0.0010442299334392224,0.9959765381275643,0.9988636626577782,0.9048331372847408,0.9189436047199402
q3_physical_fixed_gate_up_pairing,pooled_router_square_multi_budget_column_generated,1524,1.0104573567708333,1.0100746154785156,128,0.9964506921455336,0.9989674529900393,0.9999969537102104,0.9984513214532134,0.0010325470099606937,0.9960328603462214,0.998881379171707,0.8946768110585083,0.923053624467545
q3_physical_fixed_gate_up_pairing,pooled_router_square_multi_budget_column_generated,1528,1.0130615234375,1.012682596842448,128,0.9964888072955299,0.9989754768443222,0.9999970122225631,0.99846873156972,0.0010245231556778034,0.9961709996710253,0.998893614721939,0.9169998440324717,0.9260093893091034
q3_physical_fixed_gate_up_pairing,pooled_router_square_multi_budget_column_generated,1532,1.0156656901041667,1.0153032938639324,128,0.9965873204694891,0.9989709478236837,0.9999971993714662,0.9984956110324688,0.0010290521763163252,0.9961567448056872,0.9989113540633745,0.887965892965149,0.9452588226307098
q3_physical_fixed_gate_up_pairing,pooled_router_square_multi_budget_column_generated,1536,1.0182698567708333,1.0179150899251304,128,0.9965581471814331,0.9990005591741552,0.999997333058545,0.9985057136587525,0.0009994408258447995,0.9961916593510988,0.9989137414325406,0.9037670565420493,0.9200763573100084
q3_physical_fixed_gate_up_pairing,pooled_router_square_multi_budget_column_generated,1568,1.0391031901041667,1.0387217203776042,128,0.9968723149445532,0.9990983476071396,0.9999980540305681,0.9986478948048171,0.0009016523928604414,0.9965059487233348,0.9990173886679623,0.8951457227702443,0.9176083803049914
q3_physical_fixed_gate_up_pairing,pooled_router_square_multi_budget_column_generated,1600,1.0599365234375,1.0596084594726562,128,0.9971893489603779,0.9991719166576122,0.9999986448227893,0.9987751645244876,0.0008280833423878198,0.9967928301353296,0.999109804417588,0.876364881880346,0.9302262994207668
q3_physical_fixed_gate_up_pairing,pooled_router_square_multi_budget_column_generated,1632,1.0807698567708333,1.0802523295084634,128,0.9974065686366961,0.9992599220650665,0.9999990917996601,0.9988878760321646,0.0007400779349334696,0.997115354924787,0.9991710472802738,0.8990469522883697,0.8927866660211321
q3_physical_fixed_gate_up_pairing,pooled_router_square_multi_budget_column_generated,1664,1.1016031901041667,1.100897471110026,128,0.9976466141453538,0.9993391627026325,0.9999992916602638,0.9989960827971859,0.0006608372973675447,0.9973584534766048,0.9992425064664631,0.8909121356762395,0.8723999190883163
q3_physical_fixed_gate_up_pairing,uniform_per_expert,384,0.2682698567708333,0.2671852111816406,128,0.8585641110315446,0.939324406962256,0.9834283705475487,0.9293256338425131,0.06067559303774395,0.8583700328527172,0.9391208266752388,0.9986296813962711,0.996655994556114
q3_physical_fixed_gate_up_pairing,uniform_per_expert,416,0.2891031901041667,0.27014032999674487,128,0.8595441293807646,0.9394056846110439,0.9835540444573134,0.9298168301895049,0.0605943153889561,0.8608515075205858,0.9392093227260514,1.0093955609329694,0.9967698684436824
q3_physical_fixed_gate_up_pairing,uniform_per_expert,448,0.3099365234375,0.27802912394205725,128,0.861953367264562,0.940406335261465,0.9838657828920693,0.9310874634526114,0.059593664738535,0.8620139800991259,0.9402917184863534,1.0004392679389367,0.998080387306317
q3_physical_fixed_gate_up_pairing,uniform_per_expert,480,0.3307698567708333,0.29006067911783856,128,0.8694038741261872,0.9404149828004119,0.9837246458992542,0.9330277061980603,0.059585017199588086,0.8676078552970875,0.9402870345591136,0.9864340982380034,0.9978572787274311
q3_physical_fixed_gate_up_pairing,uniform_per_expert,512,0.3516031901041667,0.3501307169596354,128,0.899773186462178,0.9573750667854639,0.9905417910851831,0.9499575068538337,0.04262493321453609,0.8993678590614463,0.9573280045292015,0.9959721874447736,0.9988971161122616
q3_physical_fixed_gate_up_pairing,uniform_per_expert,544,0.3724365234375,0.35377756754557294,128,0.9013698343244276,0.9578063664614119,0.9905416494272526,0.9505729308205336,0.04219363353858807,0.8994502352322311,0.9573797641479493,0.9809089648630203,0.989990615843998
q3_physical_fixed_gate_up_pairing,uniform_per_expert,576,0.3932698567708333,0.3617897033691406,128,0.9061569040942741,0.9577354396346103,0.9905900869367058,0.9514510765317483,0.042264560365389725,0.9031028660198848,0.9571898836784549,0.9684816469905493,0.987256377626781
q3_physical_fixed_gate_up_pairing,uniform_per_expert,608,0.4141031901041667,0.37277348836263025,128,0.9068070158620829,0.9580366500643778,0.9907976209176366,0.95237602955103,0.04196334993562223,0.9041942026963868,0.9573512942730481,0.972728026494932,0.9839302089090934
q3_physical_fixed_gate_up_pairing,uniform_per_expert,640,0.4349365234375,0.3878885904947917,128,0.9094504089924124,0.9594762009898219,0.9917821616504584,0.9536172386182418,0.04052379901017811,0.9070156760670046,0.9578336396434407,0.9738156624426046,0.9610456930004945
q3_physical_fixed_gate_up_pairing,uniform_per_expert,672,0.4557698567708333,0.40472920735677087,128,0.9130739912810374,0.9601081173374317,0.991939590207437,0.9551491454123167,0.03989188266256827,0.9128853933733115,0.959922975503203,0.997835059870797,0.9953803498000835
q3_physical_fixed_gate_up_pairing,uniform_per_expert,704,0.4766031901041667,0.42539850870768225,128,0.9136301276478731,0.9628632885670616,0.9925204975395804,0.9573455578480615,0.037136711432938396,0.9132587226310555,0.9617367624333839,0.9957182436311386,0.970558525485032
q3_physical_fixed_gate_up_pairing,uniform_per_expert,736,0.4974365234375,0.44718805948893225,128,0.9190196893719232,0.9661996584054934,0.9931150710285801,0.9602357960558917,0.03380034159450662,0.917212703695066,0.9640628810648901,0.9781731526754845,0.940541217439786
q3_physical_fixed_gate_up_pairing,uniform_per_expert,768,0.5182698567708334,0.5159594217936198,128,0.9489329062369631,0.9779331324039889,0.9968641490044854,0.9744972971661594,0.022066867596011064,0.9489836038835402,0.9776760619972176,1.0009937520177106,0.9884845403736866
q3_physical_fixed_gate_up_pairing,uniform_per_expert,800,0.5391031901041666,0.5198249816894531,128,0.9489800774427433,0.9782375956827929,0.9970544443475551,0.9748517116499407,0.021762404317207107,0.9490156737276007,0.9777517066288975,1.0006981809402993,0.9781606145788039
q3_physical_fixed_gate_up_pairing,uniform_per_expert,832,0.5599365234375,0.5286483764648438,128,0.9492787993091177,0.978668509809706,0.9971893844060176,0.9755051144632235,0.02133149019029401,0.9493412733920834,0.9780334272735912,1.0012332343734023,0.9710886835181503
q3_physical_fixed_gate_up_pairing,uniform_per_expert,864,0.5807698567708334,0.5431264241536458,128,0.9515320675403902,0.9792448401619422,0.9973550302515544,0.9762819542946947,0.020755159838057757,0.9499591445698776,0.9786011370034937,0.9685672245809419,0.9699188149130342
q3_physical_fixed_gate_up_pairing,uniform_per_expert,896,0.6016031901041666,0.5582237243652344,128,0.9543316572705202,0.9800609839798076,0.997466418959855,0.9770931643671349,0.019939016020192435,0.9505370127902416,0.9794501584676415,0.92328315182044,0.9702759015827814
q3_physical_fixed_gate_up_pairing,uniform_per_expert,928,0.6224365234375,0.5748430887858074,128,0.9561584684143496,0.9805592727948962,0.9974846270766674,0.9782315300345485,0.019440727205103814,0.9540023579102931,0.9799764293661765,0.9531256297909455,0.9708921331076089
q3_physical_fixed_gate_up_pairing,uniform_per_expert,960,0.6432698567708334,0.5931383768717449,128,0.9563938733995003,0.9818881619070667,0.9978957846152966,0.9791836080545655,0.018111838092933263,0.9538326300523281,0.9804485703464458,0.9445226498699135,0.9263689875303208
q3_physical_fixed_gate_up_pairing,uniform_per_expert,992,0.6641031901041666,0.610955556233724,128,0.9572984877646568,0.982570548380191,0.9983423555610531,0.980114642269329,0.017429451619809022,0.9547592891475971,0.9807195885236475,0.943873591523711,0.9039979069526759
q3_physical_fixed_gate_up_pairing,uniform_per_expert,1024,0.6849365234375,0.6817881266276041,128,0.9730666830615531,0.9888326942125767,0.9989329463890213,0.9870972486944403,0.01116730578742331,0.9727964799441474,0.9888141358628604,0.9900673472825979,0.9983409105019705
q3_physical_fixed_gate_up_pairing,uniform_per_expert,1056,0.7057698567708334,0.6869481404622396,128,0.9746781632465061,0.9890703034732868,0.9989750686856304,0.987433730063305,0.010929696526713162,0.9736682353045331,0.9890016799113525,0.9616460213110237,0.9937605414844026
q3_physical_fixed_gate_up_pairing,uniform_per_expert,1088,0.7266031901041666,0.6959152221679688,128,0.9753796524699365,0.9892550530186127,0.9990705806045265,0.9877547791974425,0.010744946981387282,0.9748384001478112,0.9890016799113525,0.9784889543866491,0.976962562898875
q3_physical_fixed_gate_up_pairing,uniform_per_expert,1120,0.7474365234375,0.7073936462402344,128,0.9767156350796723,0.9897930504260014,0.999273956105628,0.9882724294212752,0.010206949573998592,0.975275117724573,0.9891377480129637,0.9417381511041215,0.9396715880077386
q3_physical_fixed_gate_up_pairing,uniform_per_expert,1152,0.7682698567708334,0.7647705078125,128,0.9809513210685193,0.9923418584551809,0.9994612804304253,0.9909214514342539,0.0076581415448191414,0.9806485648150222,0.9922123409259804,0.9843548423874935,0.9833688752975187
q3_physical_fixed_gate_up_pairing,uniform_per_expert,1184,0.7891031901041666,0.7700551350911458,128,0.981827989064569,0.9924474875710194,0.9994726322420001,0.9912243777157721,0.0075525124289805845,0.9808340199088184,0.9922313795268342,0.9481388819657596,0.9721819279327992
q3_physical_fixed_gate_up_pairing,uniform_per_expert,1216,0.8099365234375,0.7811876932779949,128,0.9824813973252388,0.992635748830524,0.9994812261812608,0.9916004563199576,0.007364251169476033,0.9817347796873569,0.9922150162431649,0.9591235350517476,0.9459558811552192
q3_physical_fixed_gate_up_pairing,uniform_per_expert,1248,0.8307698567708334,0.7943344116210938,128,0.9835984372167301,0.9928400725225062,0.9995501834638657,0.9921923330354567,0.007159927477493833,0.9828389244596857,0.9925359745995451,0.9557421237812153,0.9592581875535269
q3_physical_fixed_gate_up_pairing,uniform_per_expert,1280,0.8516031901041666,0.8465054829915364,128,0.9872684672312673,0.9944198167162596,0.9997352248120044,0.9937533451600624,0.005580183283740436,0.9871371392633973,0.9942016065960907,0.9897901430669884,0.9623671412116065
q3_physical_fixed_gate_up_pairing,uniform_per_expert,1284,0.8542073567708334,0.8467801411946615,128,0.9872684672312673,0.9945615055462764,0.9997352269820302,0.9937780648908601,0.005438494453723575,0.9871371392633973,0.9942016065960907,0.9897901430669884,0.9379312638664553
q3_physical_fixed_gate_up_pairing,uniform_per_expert,1288,0.8568115234375,0.8471794128417969,128,0.9872684672312673,0.9945615055462764,0.999735342917337,0.9938099664466973,0.005438494453723575,0.9870979865860605,0.9942016065960907,0.9867865084512654,0.9379312638664553
q3_physical_fixed_gate_up_pairing,uniform_per_expert,1292,0.8594156901041666,0.8478101094563802,128,0.9872684672312673,0.9945999300181525,0.9997355323820395,0.9938402453385704,0.0054000699818474995,0.9870979865860605,0.994241160087836,0.9867865084512654,0.9377010064894028
q3_physical_fixed_gate_up_pairing,uniform_per_expert,1296,0.8620198567708334,0.8485387166341145,128,0.9872684672312673,0.9945999300181525,0.9997355323820395,0.9938740581047583,0.0054000699818474995,0.9870979865860605,0.994241160087836,0.9867865084512654,0.9377010064894028
q3_physical_fixed_gate_up_pairing,uniform_per_expert,1300,0.8646240234375,0.8494389851888021,128,0.9872684672312673,0.9946919274056428,0.9997355003755287,0.9939013704416144,0.005308072594357172,0.9870979865860605,0.99432926122713,0.9867865084512654,0.9360460439038473
q3_physical_fixed_gate_up_pairing,uniform_per_expert,1304,0.8672281901041666,0.8503748575846354,128,0.9872764895560359,0.9947259238422761,0.9997361085806091,0.993939761064162,0.005274076157723906,0.9871060089108291,0.99432926122713,0.9867782873411531,0.9300509808274257
q3_physical_fixed_gate_up_pairing,uniform_per_expert,1308,0.8698323567708334,0.8509101867675781,128,0.9872945307012155,0.9947259238422761,0.9997361085806091,0.9939568063453101,0.005274076157723906,0.9871060089108291,0.9944805543265922,0.9853790972025138,0.9555445364982847
q3_physical_fixed_gate_up_pairing,uniform_per_expert,1312,0.8724365234375,0.8519859313964845,128,0.9872945307012155,0.9947681632519397,0.9997373743306086,0.9940040472077785,0.00523183674806027,0.9871060089108291,0.9944805543265922,0.9853790972025138,0.9478917010211386
q3_physical_fixed_gate_up_pairing,uniform_per_expert,1316,0.8750406901041666,0.8531646728515625,128,0.987307436466368,0.9947681632519397,0.9997373774391185,0.9940555681500922,0.00523183674806027,0.9871060089108291,0.9944805543265922,0.9843781840590816,0.9478917010211386
q3_physical_fixed_gate_up_pairing,uniform_per_expert,1320,0.8776448567708334,0.8542683919270834,128,0.9875643739242439,0.9947681632519397,0.9997371272007423,0.9941064519967961,0.00523183674806027,0.9871060089108291,0.9944805543265922,0.9644512695685243,0.9478917010211386
q3_physical_fixed_gate_up_pairing,uniform_per_expert,1324,0.8802490234375,0.8553009033203125,128,0.9875643739242439,0.994841753643884,0.9997369873069202,0.9941370484157852,0.0051582463561159475,0.9871060089108291,0.994623196038682,0.9644512695685243,0.9593517623527995
q3_physical_fixed_gate_up_pairing,uniform_per_expert,1328,0.8828531901041666,0.8563664754231771,128,0.9875802770360088,0.9948685036026577,0.9997369873069202,0.9941608406255213,0.005131496397342339,0.9872896946269561,0.9945805173077782,0.9771380466067373,0.9468609254361495
q3_physical_fixed_gate_up_pairing,uniform_per_expert,1332,0.8854573567708334,0.8578910827636719,128,0.987841242461264,0.9948685036026577,0.9997369873069202,0.9942059865763255,0.005131496397342339,0.9874586335502328,0.9945805173077782,0.9694922469123484,0.9468609254361495
q3_physical_fixed_gate_up_pairing,uniform_per_expert,1336,0.8880615234375,0.8596026102701823,128,0.9881101938255631,0.9948868009503802,0.9997374412667899,0.9942471316965825,0.005113199049619821,0.9877589250248411,0.9945750780308349,0.9713040887802058,0.9425387275029762
q3_physical_fixed_gate_up_pairing,uniform_per_expert,1340,0.8906656901041666,0.8617045084635417,128,0.9883346440550013,0.9949355549063348,0.9997374412667899,0.9943182830475406,0.005064445093665215,0.9877995067952375,0.9946484060200075,0.9561380633731398,0.9463432974547696
q3_physical_fixed_gate_up_pairing,uniform_per_expert,1344,0.8932698567708334,0.863012949625651,128,0.9883346440550013,0.9950210544666878,0.9997851421313309,0.9943713317256136,0.00497894553331224,0.9878007194598627,0.9946484060200075,0.9562331078966597,0.930366831251873
q3_physical_fixed_gate_up_pairing,uniform_per_expert,1348,0.8958740234375,0.8643557230631511,128,0.9883465288260013,0.9950594484806603,0.9997851462060848,0.9944003711002581,0.004940551519339698,0.9879141811782209,0.9947030440495852,0.9642268633879217,0.9327152359937622
q3_physical_fixed_gate_up_pairing,uniform_per_expert,1352,0.8984781901041666,0.8659172058105469,128,0.9884898920066936,0.9950594484806603,0.9997851462060848,0.9944417422638576,0.004940551519339698,0.9879141811782209,0.994847984305063,0.9523647642776855,0.9589550598991641
q3_physical_fixed_gate_up_pairing,uniform_per_expert,1356,0.9010823567708334,0.8672561645507812,128,0.9884898920066936,0.9950868888479625,0.9997852046682162,0.9944863770322377,0.004913111152037519,0.9879141811782209,0.994847984305063,0.9523647642776855,0.953628917874957
q3_physical_fixed_gate_up_pairing,uniform_per_expert,1360,0.9036865234375,0.8687400817871094,128,0.9884898920066936,0.9952141394120092,0.9997852046682162,0.9945352101704658,0.004785860587990798,0.9879141811782209,0.994847984305063,0.9523647642776855,0.928929737674133
q3_physical_fixed_gate_up_pairing,uniform_per_expert,1364,0.9062906901041666,0.8701362609863281,128,0.9884898920066936,0.9952822927358057,0.9997852046682162,0.9945694641170872,0.004717707264194293,0.9879141811782209,0.994847984305063,0.9523647642776855,0.9157012601554249
q3_physical_fixed_gate_up_pairing,uniform_per_expert,1368,0.9088948567708334,0.8719940185546875,128,0.9884898920066936,0.9952822927358057,0.9997851914536514,0.9946141197195887,0.004717707264194293,0.9879141811782209,0.9949394788199836,0.9523647642776855,0.9322571917738669
q3_physical_fixed_gate_up_pairing,uniform_per_expert,1372,0.9114990234375,0.8736839294433594,128,0.9885705264339,0.9952822927358057,0.9997860239927897,0.9946488268858329,0.004717707264194293,0.9879141811782209,0.9949394788199836,0.9456929426663024,0.9322571917738669
q3_physical_fixed_gate_up_pairing,uniform_per_expert,1376,0.9141031901041666,0.8754297892252605,128,0.9885705264339,0.9953853460632156,0.9997860239927897,0.9946791536075921,0.004614653936784396,0.9879141811782209,0.9950085857086529,0.9456929426663024,0.9245183163385525
q3_physical_fixed_gate_up_pairing,uniform_per_expert,1380,0.9167073567708334,0.877404530843099,128,0.988582608366333,0.9953853460632156,0.9997860959920053,0.9947180291001785,0.004614653936784396,0.9879141811782209,0.9950085857086529,0.9446932642323266,0.9245183163385525
q3_physical_fixed_gate_up_pairing,uniform_per_expert,1384,0.9193115234375,0.879547119140625,128,0.9891272274285348,0.9954440097796533,0.9998010809073132,0.9948076277415794,0.004555990220346695,0.9879745312514946,0.9951112630555392,0.9041454265819424,0.931936054671316
q3_physical_fixed_gate_up_pairing,uniform_per_expert,1388,0.9219156901041666,0.8811149597167969,128,0.9891381976503797,0.9954762953951901,0.999803200900192,0.9948361223462484,0.004523704604809886,0.9881263906797412,0.9951112630555392,0.9147852229808364,0.9253319735142412
q3_physical_fixed_gate_up_pairing,uniform_per_expert,1392,0.9245198567708334,0.8826738993326823,128,0.9891764681299233,0.9954762953951901,0.9998184727141316,0.9948803825296229,0.004523704604809886,0.9881263906797412,0.9951112630555392,0.9115620682928735,0.9253319735142412
q3_physical_fixed_gate_up_pairing,uniform_per_expert,1396,0.9271240234375,0.88446044921875,128,0.9891921130558103,0.9954762953951901,0.9998184727141316,0.9949122850252927,0.004523704604809886,0.9881263906797412,0.9951112630555392,0.9102444465432407,0.9253319735142412
q3_physical_fixed_gate_up_pairing,uniform_per_expert,1400,0.9297281901041666,0.8862037658691406,128,0.9891937764582313,0.9956552328392758,0.9998184727141316,0.9949477282136661,0.004344767160724183,0.9887294349413743,0.9951608392251441,0.9588005113814988,0.8978348442770124
q3_physical_fixed_gate_up_pairing,uniform_per_expert,1404,0.9323323567708334,0.8888320922851562,128,0.9895221021316453,0.9956892144696502,0.9998336844168725,0.9950053618542881,0.004310785530349803,0.9887294349413743,0.9952662632892743,0.9296692591589022,0.9106517311329093
q3_physical_fixed_gate_up_pairing,uniform_per_expert,1408,0.9349365234375,0.9285659790039062,128,0.9914888848760933,0.9961807362075839,0.9998615834828656,0.995781829096973,0.00381926379241615,0.9910565901826605,0.9961603843683049,0.9516633250335089,0.9946995112971845
q3_physical_fixed_gate_up_pairing,uniform_per_expert,1412,0.9375406901041666,0.9287439982096355,128,0.9914888848760933,0.9961889985511041,0.9998615834828656,0.9958094326806874,0.003811001448895901,0.9910565901826605,0.9961734970662882,0.9516633250335089,0.9959489159986489
q3_physical_fixed_gate_up_pairing,uniform_per_expert,1416,0.9401448567708334,0.9290173848470052,128,0.9914888848760933,0.9962572729916992,0.9998616378274708,0.9958247340658433,0.0037427270083008057,0.9910565901826605,0.9961734970662882,0.9516633250335089,0.9781063997957754
q3_physical_fixed_gate_up_pairing,uniform_per_expert,1420,0.9427490234375,0.929443359375,128,0.9914888848760933,0.9962619377318105,0.9998676857730701,0.9958382655755111,0.0037380622681895126,0.9910565901826605,0.9961734970662882,0.9516633250335089,0.9768873388954958
q3_physical_fixed_gate_up_pairing,uniform_per_expert,1424,0.9453531901041666,0.9301490783691406,128,0.9915236294316963,0.9963171776393918,0.9998676857730701,0.9958526723607766,0.00368282236060824,0.9910565901826605,0.9961734970662882,0.94777839117578,0.9624512052930347
q3_physical_fixed_gate_up_pairing,uniform_per_expert,1428,0.9479573567708334,0.9306500752766929,128,0.9915236294316963,0.9963171776393918,0.9998746963406061,0.9958657306344117,0.00368282236060824,0.9910951119319554,0.9961734970662882,0.9518783957230672,0.9624512052930347
q3_physical_fixed_gate_up_pairing,uniform_per_expert,1432,0.9505615234375,0.9315681457519531,128,0.9915236294316963,0.9963171776393918,0.9998746963406061,0.9958913509116667,0.00368282236060824,0.9910951119319554,0.9961667662722644,0.9518783957230672,0.9607612324708938
q3_physical_fixed_gate_up_pairing,uniform_per_expert,1436,0.9531656901041666,0.9324417114257812,128,0.9916741423715004,0.9963263898446006,0.9998746963406061,0.9959272451570593,0.003673610155399354,0.991340988765417,0.9961667662722644,0.9615252137850495,0.9583579860572378
q3_physical_fixed_gate_up_pairing,uniform_per_expert,1440,0.9557698567708334,0.9333356221516927,128,0.9916741423715004,0.9963411469996079,0.9998746963406061,0.9959450172519788,0.0036588530003921482,0.991340988765417,0.9961667662722644,0.9615252137850495,0.9545081934133848
q3_physical_fixed_gate_up_pairing,uniform_per_expert,1444,0.9583740234375,0.9343910217285156,128,0.9916741423715004,0.9963567176661344,0.9998760784325746,0.9959714777648341,0.0036432823338655718,0.991340988765417,0.9961667662722644,0.9615252137850495,0.9504461748586815
q3_physical_fixed_gate_up_pairing,uniform_per_expert,1448,0.9609781901041666,0.9354286193847657,128,0.9916741423715004,0.9963320067082785,0.9998762879205506,0.9960137401142128,0.0036679932917215163,0.9913426470110976,0.9961773117087578,0.9617093861336469,0.9595324055390272
q3_physical_fixed_gate_up_pairing,uniform_per_expert,1452,0.9635823567708334,0.9366950988769531,128,0.9917013572398923,0.9963320067082785,0.9998762879205506,0.9960470928877934,0.0036679932917215163,0.9913426470110976,0.996187869458472,0.9585658307736261,0.9621898441734187
q3_physical_fixed_gate_up_pairing,uniform_per_expert,1456,0.9661865234375,0.9375610351562501,128,0.9917013572398923,0.9963630430321246,0.9998762879205506,0.996075189256911,0.00363695696787536,0.9913426470110976,0.996187869458472,0.9585658307736261,0.9540483801002296
q3_physical_fixed_gate_up_pairing,uniform_per_expert,1460,0.9687906901041666,0.9388923645019531,128,0.9917144466057407,0.9964766423919023,0.9998762879205506,0.9961044871933173,0.0035233576080977436,0.9913548683811524,0.996187869458472,0.9584068536557168,0.924248938937314
q3_physical_fixed_gate_up_pairing,uniform_per_expert,1464,0.9713948567708334,0.9401906331380208,128,0.9917144466057407,0.9964766423919023,0.9998762879205506,0.9961231286206511,0.0035233576080977436,0.9915272397974085,0.9962578571863361,0.977904861714968,0.9415347792801199
q3_physical_fixed_gate_up_pairing,uniform_per_expert,1468,0.9739990234375,0.9414927164713542,128,0.9917144466057407,0.9964766423919023,0.9998877504212197,0.9961471881056447,0.0035233576080977436,0.9915272397974085,0.9962695075803913,0.977904861714968,0.9444752091112302
q3_physical_fixed_gate_up_pairing,uniform_per_expert,1472,0.9766031901041666,0.9431660970052084,128,0.9917144466057407,0.9964766423919023,0.9998956784883503,0.9961871057245375,0.0035233576080977436,0.9915272397974085,0.9962743031100338,0.977904861714968,0.945690890095396
q3_physical_fixed_gate_up_pairing,uniform_per_expert,1476,0.9792073567708334,0.9447313944498699,128,0.991945655486979,0.9965670893246301,0.9999003362229705,0.9962306034795103,0.0034329106753698824,0.9915272397974085,0.9962743031100338,0.9506163659107825,0.9214143760903388
q3_physical_fixed_gate_up_pairing,uniform_per_expert,1480,0.9818115234375,0.9460563659667969,128,0.9919821595265992,0.9966551500935072,0.99990196358527,0.9962574612999919,0.003344849906492753,0.9914159207166521,0.9963319110405835,0.9340361626149538,0.9118780769768543
q3_physical_fixed_gate_up_pairing,uniform_per_expert,1484,0.9844156901041666,0.947228749593099,128,0.9921069555972202,0.9966551500935072,0.99990196358527,0.9962856484234208,0.003344849906492753,0.9917041038155098,0.9963319110405835,0.9514396307823185,0.9118780769768543
q3_physical_fixed_gate_up_pairing,uniform_per_expert,1488,0.9870198567708334,0.9488245646158855,128,0.9921069555972202,0.9967120349657876,0.99990196358527,0.9963059456125347,0.003287965034212359,0.9917041038155098,0.9963319110405835,0.9514396307823185,0.8963700364386438
q3_physical_fixed_gate_up_pairing,uniform_per_expert,1492,0.9896240234375,0.9501736958821615,128,0.9922374920746401,0.9967261855165005,0.9999089403063162,0.9963410445318626,0.003273814483499504,0.9917041038155098,0.9963602421517286,0.935704564369127,0.8994594200969421
q3_physical_fixed_gate_up_pairing,uniform_per_expert,1496,0.9922281901041666,0.9520454406738281,128,0.992246372553935,0.9968081636613747,0.9999131359110371,0.9963652368708101,0.003191836338625298,0.9917041038155098,0.9964032254848074,0.9346340978279076,0.8874163017846003
q3_physical_fixed_gate_up_pairing,uniform_per_expert,1500,0.9948323567708334,0.9540112813313802,128,0.9923621118708966,0.9968081636613747,0.99991973794449,0.9964055857595057,0.003191836338625298,0.9917041038155098,0.996436571015515,0.920682703742479,0.8957204851064454
q3_physical_fixed_gate_up_pairing,uniform_per_expert,1504,0.9974365234375,0.9557787577311199,128,0.9923767258475656,0.9968971227366109,0.99991973794449,0.9964253029311807,0.003102877263389092,0.9917041038155098,0.996436571015515,0.9189211126685283,0.8707560265404045
q3_physical_fixed_gate_up_pairing,uniform_per_expert,1506,0.9987386067708334,0.9897130330403645,128,0.9935429313583802,0.9972406895949778,0.9999293680508056,0.996862961119378,0.0027593104050221973,0.9933244549452312,0.9970646541126278,0.967272123645857,0.9400290496914477
q3_physical_fixed_gate_up_pairing,uniform_per_expert,1507,0.9993896484375,0.9897130330403645,128,0.9935429313583802,0.9972406895949778,0.9999293680508056,0.996862961119378,0.0027593104050221973,0.9933244549452312,0.9970646541126278,0.967272123645857,0.9400290496914477
q3_physical_fixed_gate_up_pairing,uniform_per_expert,1508,1.0000406901041667,0.9897664388020833,128,0.9936066840657167,0.9972406895949778,0.9999294417782041,0.996870646648065,0.0027593104050221973,0.9933567160692802,0.9970646541126278,0.9623728265955023,0.9400290496914477
q3_physical_fixed_gate_up_pairing,uniform_per_expert,1512,1.0026448567708333,0.9900894165039062,128,0.9936066840657167,0.9972406895949778,0.9999294417782041,0.9968775608395289,0.0027593104050221973,0.9933567160692802,0.9970646541126278,0.9623728265955023,0.9400290496914477
q3_physical_fixed_gate_up_pairing,uniform_per_expert,1516,1.0052490234375,0.9904899597167969,128,0.9935930038294748,0.9972564620321185,0.9999295021965164,0.9968915094156212,0.0027435379678815153,0.9933567160692802,0.997103313649784,0.9644320846950502,0.9471298014978152
q3_physical_fixed_gate_up_pairing,uniform_per_expert,1520,1.0078531901041667,0.990912119547526,128,0.9937302052226966,0.9972564620321185,0.9999295021965164,0.9969019137844193,0.0027435379678815153,0.9933567160692802,0.997103313649784,0.9437794384055584,0.9471298014978152
q3_physical_fixed_gate_up_pairing,uniform_per_expert,1524,1.0104573567708333,0.9914538065592448,128,0.9937302052226966,0.9972669468936896,0.9999295709962931,0.9969164710508536,0.0027330531063104457,0.9933567160692802,0.997103313649784,0.9437794384055584,0.9435101960923878
q3_physical_fixed_gate_up_pairing,uniform_per_expert,1528,1.0130615234375,0.9922650655110676,128,0.9937429578210331,0.9972921175426239,0.9999299096162368,0.9969355111938103,0.0027078824573760762,0.9933567160692802,0.997103313649784,0.9418598157506437,0.9348207330676829
q3_physical_fixed_gate_up_pairing,uniform_per_expert,1532,1.0156656901041667,0.9931971232096355,128,0.9938297892955297,0.9973440692244304,0.9999299096162368,0.9969732163330887,0.0026559307755695816,0.9934609788327193,0.9971877563421354,0.9435985213420379,0.9444170202472074
q3_physical_fixed_gate_up_pairing,uniform_per_expert,1536,1.0182698567708333,1.0078633626302085,128,0.9941813730556752,0.9974977994125669,0.9999385723725677,0.9971536643055968,0.002502200587433112,0.9937433632387639,0.9973668984072204,0.9299927686988182,0.9502863825286999
q3_physical_fixed_gate_up_pairing,uniform_per_expert,1568,1.0391031901041667,1.0125223795572917,128,0.9944564641634203,0.9976753335390411,0.999939057135295,0.997313774431334,0.0023246664609588574,0.9941148022863185,0.9974776863443995,0.9419455566790138,0.9216405167522265
q3_physical_fixed_gate_up_pairing,uniform_per_expert,1600,1.0599365234375,1.0211207071940105,128,0.9948610257078548,0.9978042822067502,0.9999574855392839,0.9975264583509706,0.002195717793249785,0.994294964780441,0.9975718485939375,0.9007787146566287,0.9042754861857705
q3_physical_fixed_gate_up_pairing,uniform_per_expert,1632,1.0807698567708333,1.031031290690104,128,0.9950751806211281,0.9979582050299349,0.9999603877949195,0.997666446207456,0.0020417949700650695,0.9944389027834453,0.9976430806178186,0.8855841189417251,0.8662981795225076
q3_physical_fixed_gate_up_pairing,uniform_per_expert,1664,1.1016031901041667,1.0418434143066406,128,0.9953866838326244,0.9980571484444234,0.9999697985442509,0.9978340699447384,0.001942851555576608,0.994771206694037,0.9977062282630735,0.8822907882234424,0.8470117249678596
q3_physical_training_coselection_replicated2,pooled_exact_combined_moe_local_control,384,0.2683512369791667,0.2679570515950521,128,0.9083910286481395,0.9693454771237484,0.9920346819111814,0.9573667169184114,0.03065452287625159,0.9039481865242407,0.9689820775865026,0.9537453592688281,0.9882842076783417
q3_physical_training_coselection_replicated2,pooled_exact_combined_moe_local_control,416,0.2891845703125,0.288855234781901,128,0.9152085444011895,0.9726787237964629,0.9932307114936284,0.9617506956712982,0.02732127620353708,0.9122512450379444,0.9722853001105174,0.9662981045768243,0.9858045121356401
q3_physical_training_coselection_replicated2,pooled_exact_combined_moe_local_control,448,0.3100179036458333,0.3096326192220052,128,0.9232778627605011,0.9756352835919659,0.9941813493300545,0.9655778203219623,0.02436471640803406,0.9204389333172104,0.9750015752412626,0.9643176045563906,0.9746500686815549
q3_physical_training_coselection_replicated2,pooled_exact_combined_moe_local_control,480,0.3308512369791667,0.3304786682128906,128,0.9299631524225872,0.9785158684873463,0.9950919796082426,0.969008473226075,0.021484131512653715,0.9268942872487169,0.9773517859036728,0.9580215408840751,0.9486015727896936
q3_physical_training_coselection_replicated2,pooled_exact_combined_moe_local_control,512,0.3516845703125,0.35120391845703125,128,0.9356270953097501,0.9807504702692369,0.995976414135378,0.9720189433526136,0.019249529730763104,0.9331582196383733,0.9800196142347563,0.9630638852223911,0.9634213251401792
q3_physical_training_coselection_replicated2,pooled_exact_combined_moe_local_control,544,0.3725179036458333,0.372107187906901,128,0.9405475384389824,0.9824056099338934,0.9965807866033527,0.9745658264372258,0.017594390066106635,0.9380673742004293,0.9818609013120765,0.959953833596858,0.9699704692505184
q3_physical_training_coselection_replicated2,pooled_exact_combined_moe_local_control,576,0.3933512369791667,0.39293543497721356,128,0.9461182307521605,0.9836364460073792,0.9971388404081882,0.9768863950462217,0.016363553992620794,0.9433486407164836,0.9833833693254832,0.9511116755060324,0.9847696752215767
q3_physical_training_coselection_replicated2,pooled_exact_combined_moe_local_control,608,0.4141845703125,0.4137229919433594,128,0.9511794264061681,0.9850157250289912,0.9976899591189855,0.9789417852770754,0.014984274971008849,0.9481905582210681,0.9847533602706037,0.9423103572925304,0.9827919618326374
q3_physical_training_coselection_replicated2,pooled_exact_combined_moe_local_control,640,0.4350179036458333,0.4345703125,128,0.9557824638686921,0.9863623187772947,0.9979905050769035,0.9807324770727786,0.013637681222705256,0.9532101469446367,0.9857869715049685,0.9450240435461122,0.9595197270921291
q3_physical_training_coselection_replicated2,pooled_exact_combined_moe_local_control,672,0.4558512369791667,0.4554595947265625,128,0.9595772678697099,0.9876726121766088,0.9982835619207973,0.9823635403677522,0.012327387823391156,0.9573641009624643,0.9870103068986693,0.9480914685228714,0.9490130157215426
q3_physical_training_coselection_replicated2,pooled_exact_combined_moe_local_control,704,0.4766845703125,0.47621281941731763,128,0.9632890019419977,0.988788039380738,0.9985562522063712,0.9838683315130945,0.011211960619261996,0.9605630232287011,0.9881419616980788,0.9308775941648626,0.9455156353682419
q3_physical_training_coselection_replicated2,pooled_exact_combined_moe_local_control,736,0.4975179036458333,0.4971707661946615,128,0.9664396919045394,0.9897133747754108,0.998755505628328,0.9852476439000826,0.01028662522458923,0.9637529180283332,0.9891332151567308,0.9258761331931117,0.9466116586416716
q3_physical_training_coselection_replicated2,pooled_exact_combined_moe_local_control,768,0.5183512369791666,0.5179023742675781,128,0.9693382560896286,0.9906803276287883,0.9989466653177683,0.9865349745773904,0.009319672371211674,0.9673530303002326,0.9900397754884372,0.9391911161233986,0.9356889857645811
q3_physical_training_coselection_replicated2,pooled_exact_combined_moe_local_control,800,0.5391845703125,0.5387941996256511,128,0.9718942743853335,0.9915466175634191,0.9991149322159806,0.9877319244491196,0.008453382436580892,0.9701547464739667,0.9909305358401468,0.9417150901449227,0.9320707692964418
q3_physical_training_coselection_replicated2,pooled_exact_combined_moe_local_control,832,0.5600179036458334,0.5595728556315105,128,0.9742663063648114,0.9922805965720705,0.9992460719443157,0.9888230780508677,0.007719403427929539,0.9728437871701043,0.9917629920402173,0.9476171731449601,0.9371610984983461
q3_physical_training_coselection_replicated2,pooled_exact_combined_moe_local_control,864,0.5808512369791666,0.5804723103841146,128,0.9761842565772458,0.9929284418671507,0.9993672016554406,0.9898252742231419,0.0070715581328493204,0.9750886105849693,0.9925510112552518,0.9560182704375597,0.9493312951821844
q3_physical_training_coselection_replicated2,pooled_exact_combined_moe_local_control,896,0.6016845703125,0.6012967427571615,128,0.9784345352513993,0.9935812105495332,0.9994512852325185,0.9907361603552273,0.006418789450466811,0.9773284309924003,0.993177292618044,0.951211834583294,0.9407979986716951
q3_physical_training_coselection_replicated2,pooled_exact_combined_moe_local_control,928,0.6225179036458334,0.6220283508300781,128,0.9799614630056003,0.9941933634932087,0.9995389918094443,0.9915402033330546,0.005806636506791252,0.9792877831388501,0.9938052192998283,0.9674742751456131,0.937343352062544
q3_physical_training_coselection_replicated2,pooled_exact_combined_moe_local_control,960,0.6433512369791666,0.6428629557291667,128,0.9817090861226323,0.9946559534038794,0.9996252467579365,0.9922621164552137,0.005344046596120644,0.9812951073068683,0.9943276949973008,0.977867886089718,0.9421296269466523
q3_physical_training_coselection_replicated2,pooled_exact_combined_moe_local_control,992,0.6641845703125,0.6636810302734375,128,0.9834045753373998,0.995153457784226,0.999695279453477,0.9929149350408387,0.0048465422157739635,0.982592491577194,0.9949085629006087,0.9533486504512114,0.9519006365321454
q3_physical_training_coselection_replicated2,pooled_exact_combined_moe_local_control,1024,0.6850179036458334,0.6844749450683594,128,0.9848433202192636,0.9955390009494878,0.9997553228908393,0.9935193421889872,0.0044609990505122266,0.9840894431845925,0.9953291756854523,0.9526178094571103,0.9550774660091714
q3_physical_training_coselection_replicated2,pooled_exact_combined_moe_local_control,1056,0.7058512369791666,0.7053693135579427,128,0.9861126338530297,0.9959331838837404,0.9997967602379159,0.9940531754913009,0.004066816116259586,0.985520922325019,0.9956371651526087,0.9591333411358665,0.9321499113566676
q3_physical_training_coselection_replicated2,pooled_exact_combined_moe_local_control,1088,0.7266845703125,0.7262051900227864,128,0.9875253919961758,0.9963119981387685,0.999834852795389,0.9945725723486161,0.003688001861231527,0.9866113934508386,0.9960236684863589,0.9317331088951527,0.92748852769936
q3_physical_training_coselection_replicated2,pooled_exact_combined_moe_local_control,1120,0.7475179036458334,0.7471160888671875,128,0.9888297427895564,0.9966695698834018,0.9998731410414177,0.9950520841266179,0.003330430116598171,0.988025642949616,0.9963364664187244,0.9328481824487973,0.9090759079212731
q3_physical_training_coselection_replicated2,pooled_exact_combined_moe_local_control,1152,0.7683512369791666,0.7678972880045573,128,0.9898873921000931,0.9969984968812075,0.9998947005072318,0.9954883547187143,0.003001503118792548,0.9890790947378284,0.9967386429246257,0.9259862307326706,0.9203233652199938
q3_physical_training_coselection_replicated2,pooled_exact_combined_moe_local_control,1184,0.7891845703125,0.7887001037597656,128,0.9907695785225369,0.9972671550505612,0.9999148266828515,0.9958990868109874,0.0027328449494388174,0.9900536552747075,0.9970126286801291,0.9280214724501845,0.9147992187181123
q3_physical_training_coselection_replicated2,pooled_exact_combined_moe_local_control,1216,0.8100179036458334,0.8095715840657554,128,0.9917163418442618,0.9975381209925771,0.9999314335799043,0.9962872745647569,0.0024618790074228958,0.9911037482657279,0.9973092360919202,0.9311402603217748,0.9149368326334477
q3_physical_training_coselection_replicated2,pooled_exact_combined_moe_local_control,1248,0.8308512369791666,0.8303553263346353,128,0.99245547901436,0.9977774320520277,0.9999454931414078,0.9966377905724695,0.002222567947972265,0.991825000594535,0.9975063649344348,0.9228772519049327,0.8912963964390241
q3_physical_training_coselection_replicated2,pooled_exact_combined_moe_local_control,1280,0.8516845703125,0.8512064615885417,128,0.9930771281176834,0.9980004328138681,0.9999572063113658,0.9969466303632051,0.001999567186131923,0.9925241684692142,0.9977877550250037,0.9260336932163157,0.9038633644699703
q3_physical_training_coselection_replicated2,pooled_exact_combined_moe_local_control,1284,0.8542887369791666,0.8538475036621093,128,0.9931264434149168,0.9980219610811378,0.9999587958323832,0.9969810456999377,0.0019780389188621683,0.9926043528467,0.9978155095673121,0.9294056953509637,0.905492140987921
q3_physical_training_coselection_replicated2,pooled_exact_combined_moe_local_control,1288,0.8568929036458334,0.8563448588053385,128,0.9932745743722742,0.998038780328371,0.9999605786392642,0.9970171583014332,0.0019612196716289887,0.9927016072816502,0.9978325837981643,0.9214940723615258,0.9048652815125837
q3_physical_training_coselection_replicated2,pooled_exact_combined_moe_local_control,1292,0.8594970703125,0.859045664469401,128,0.9933226471962494,0.9980653211543776,0.9999616757285641,0.9970555618258116,0.001934678845622373,0.9928064301781467,0.9978764076024988,0.9282391036875097,0.9110405781725939
q3_physical_training_coselection_replicated2,pooled_exact_combined_moe_local_control,1296,0.8621012369791666,0.8616600036621094,128,0.9933980698459819,0.9980689926948565,0.999962634064497,0.9970923066454113,0.0019310073051435062,0.9928337993215803,0.9979044947850816,0.921259458153216,0.92149964189838
q3_physical_training_coselection_replicated2,pooled_exact_combined_moe_local_control,1300,0.8647054036458334,0.8642578125,128,0.9934198587665389,0.9981110403463131,0.9999641743161097,0.9971286819860612,0.0018889596536868503,0.992952772521741,0.997928417935019,0.9337205665293274,0.9118439890066058
q3_physical_training_coselection_replicated2,pooled_exact_combined_moe_local_control,1304,0.8673095703125,0.8668123881022136,128,0.9935667223150311,0.9981344040125362,0.9999652890119769,0.9971624083454955,0.0018655959874638306,0.9929844363743449,0.9979399220512112,0.9170008324695601,0.9055948531271207
q3_physical_training_coselection_replicated2,pooled_exact_combined_moe_local_control,1308,0.8699137369791666,0.869366963704427,128,0.9936121328087332,0.9981477944197176,0.99996695870794,0.9971974455545207,0.0018522055802824289,0.9931007579331302,0.9979669734359441,0.9258795573997091,0.9110582286673431
q3_physical_training_coselection_replicated2,pooled_exact_combined_moe_local_control,1312,0.8725179036458334,0.8720423380533855,128,0.9937118713633286,0.9981922304651649,0.9999677378012258,0.9972311943955557,0.0018077695348350797,0.9931884721246713,0.9979854049207375,0.9231597890756572,0.8973364193348826
q3_physical_training_coselection_replicated2,pooled_exact_combined_moe_local_control,1316,0.8751220703125,0.8745918273925781,128,0.9938030833885567,0.9982141701243651,0.9999690684976986,0.997265047311442,0.0017858298756349145,0.9932677852303445,0.997998603705147,0.9204870645801488,0.8922919864634373
q3_physical_training_coselection_replicated2,pooled_exact_combined_moe_local_control,1320,0.8777262369791666,0.8772684733072917,128,0.9938209730310997,0.9982145167539694,0.9999693237152475,0.9973026163394016,0.0017854832460305614,0.9932883960957444,0.9980208828670466,0.9206483363808665,0.9021614821585203
q3_physical_training_coselection_replicated2,pooled_exact_combined_moe_local_control,1324,0.8803304036458334,0.8797925313313802,128,0.9938791647474721,0.998233560801598,0.9999710744046414,0.9973329506940478,0.0017664391984020256,0.9933752558641852,0.9980641424049415,0.9239353440742498,0.9124840602485565
q3_physical_training_coselection_replicated2,pooled_exact_combined_moe_local_control,1328,0.8829345703125,0.8824615478515625,128,0.9940172444867535,0.9982525560996096,0.9999723216114562,0.9973669740328361,0.0017474439003903885,0.9934489812164409,0.9980679566879395,0.9132557409637069,0.9044537922530974
q3_physical_training_coselection_replicated2,pooled_exact_combined_moe_local_control,1332,0.8855387369791666,0.8849538167317708,128,0.9941047853649008,0.9982797390373223,0.9999731569035558,0.9973940875846297,0.0017202609626777443,0.9935209291325798,0.9980985400855266,0.9098858085876419,0.9047053527573995
q3_physical_training_coselection_replicated2,pooled_exact_combined_moe_local_control,1336,0.8881429036458334,0.8876482645670574,128,0.9941019794219768,0.9982987491455164,0.9999744469095853,0.9974269658134172,0.0017012508544835825,0.9935467519784431,0.9981215366192255,0.9139615521239964,0.9056609098135202
q3_physical_training_coselection_replicated2,pooled_exact_combined_moe_local_control,1340,0.8907470703125,0.890282948811849,128,0.9941837613574143,0.9983139036423385,0.9999749009401265,0.997457686952176,0.0016860963576614818,0.9936493157463591,0.9981398768841296,0.9158444051522802,0.9064434194037472
q3_physical_training_coselection_replicated2,pooled_exact_combined_moe_local_control,1344,0.8933512369791666,0.8928693135579426,128,0.9942340742969488,0.9983290288840048,0.999975889127247,0.9974887368966773,0.0016709711159952345,0.9937407942483966,0.9981566138493394,0.9211912712046831,0.9064683031259749
q3_physical_training_coselection_replicated2,pooled_exact_combined_moe_local_control,1348,0.8959554036458334,0.895409901936849,128,0.9943288808638332,0.9983543995127435,0.9999765772498891,0.9975165360605376,0.0016456004872564822,0.9938151725680385,0.998198449567398,0.9169405611642507,0.9134357037564178
q3_physical_training_coselection_replicated2,pooled_exact_combined_moe_local_control,1352,0.8985595703125,0.8979708353678386,128,0.994382647572315,0.9983890872980566,0.9999778020217774,0.9975461133081617,0.0016109127019433567,0.9938609879224805,0.9982298064110449,0.9150254726253442,0.9100206395472276
q3_physical_training_coselection_replicated2,pooled_exact_combined_moe_local_control,1356,0.9011637369791666,0.9006360371907551,128,0.9944768369352734,0.998405714955261,0.999978631770926,0.9975777521800535,0.0015942850447390189,0.9939112927720835,0.9982417236186788,0.9071158881483106,0.906731763945464
q3_physical_training_coselection_replicated2,pooled_exact_combined_moe_local_control,1360,0.9037679036458334,0.9032274881998699,128,0.9944838108097527,0.9984339785229022,0.9999793587132927,0.9976055684323213,0.0015660214770978342,0.9939714700802439,0.99824296035373,0.9150139857762348,0.8912840870849308
q3_physical_training_coselection_replicated2,pooled_exact_combined_moe_local_control,1364,0.9063720703125,0.905865987141927,128,0.9945845501061764,0.9984415001297238,0.999980236331511,0.9976347169538523,0.001558499870276231,0.9940680751592365,0.9982961615936081,0.9129329921055641,0.9146993426310762
q3_physical_training_coselection_replicated2,pooled_exact_combined_moe_local_control,1368,0.9089762369791666,0.908459981282552,128,0.9946700950623308,0.998471016025487,0.9999808243010619,0.9976621516845001,0.001528983974512954,0.9941338891521485,0.998319494352975,0.9085926052047381,0.909835665961418
q3_physical_training_coselection_replicated2,pooled_exact_combined_moe_local_control,1372,0.9115804036458334,0.9110565185546875,128,0.9946762177858691,0.9984861813625325,0.9999814507681535,0.9976909905166704,0.0015138186374674678,0.9942239716083641,0.9983217952849954,0.9217029164607401,0.9020464690229067
q3_physical_training_coselection_replicated2,pooled_exact_combined_moe_local_control,1376,0.9141845703125,0.9137102762858074,128,0.9947762060378269,0.9984889335555662,0.9999820357315389,0.9977129918320556,0.001511066444433773,0.9942453507034705,0.9983407650771521,0.9077519224887393,0.9107007233431246
q3_physical_training_coselection_replicated2,pooled_exact_combined_moe_local_control,1380,0.9167887369791666,0.9162394205729165,128,0.9948296070673244,0.9985266589126937,0.9999830906484058,0.9977445611315122,0.0014733410873063457,0.9943161060028609,0.9983563686558468,0.9096568189480793,0.8963938857380309
q3_physical_training_coselection_replicated2,pooled_exact_combined_moe_local_control,1384,0.9193929036458334,0.9189109802246094,128,0.9948704004207918,0.9985329689807538,0.9999834571575517,0.997769766336946,0.0014670310192461677,0.9943722855958608,0.9983859741627024,0.9114889652956378,0.9089266016350863
q3_physical_training_coselection_replicated2,pooled_exact_combined_moe_local_control,1388,0.9219970703125,0.9214032491048177,128,0.9949201571617661,0.9985503441969934,0.9999841415835129,0.9977902505267048,0.0014496558030065998,0.9944059461341249,0.9984163325685724,0.9080789996002808,0.9153789326208668
q3_physical_training_coselection_replicated2,pooled_exact_combined_moe_local_control,1392,0.9246012369791666,0.9240608215332031,128,0.9949581004838238,0.9985577162273602,0.9999851143455,0.9978179101851157,0.0014422837726397741,0.9944493366426703,0.9984229860574633,0.9083417947727495,0.9145662785452392
q3_physical_training_coselection_replicated2,pooled_exact_combined_moe_local_control,1396,0.9272054036458334,0.9267857869466147,128,0.9950520470040154,0.9985866542549569,0.9999855718937931,0.9978457056547918,0.0014133457450431486,0.9945434409283641,0.9984471660446351,0.9067899625067554,0.9101718442980921
q3_physical_training_coselection_replicated2,pooled_exact_combined_moe_local_control,1400,0.9298095703125,0.9292310078938802,128,0.9951313355528562,0.9986019026447698,0.9999864587207128,0.9978688555004105,0.0013980973552302212,0.9946147596924187,0.9984632050279734,0.90407561576961,0.9097487828103012
q3_physical_training_coselection_replicated2,pooled_exact_combined_moe_local_control,1404,0.9324137369791666,0.9318707784016926,128,0.9951418761783445,0.9986099313337893,0.9999869285210949,0.9978930427596642,0.0013900686662107198,0.994662049986836,0.9984814598170755,0.9101103999990381,0.9153980130664824
q3_physical_training_coselection_replicated2,pooled_exact_combined_moe_local_control,1408,0.9350179036458334,0.9344202677408854,128,0.995179906962918,0.9986250656352647,0.9999875561169512,0.9979155588657962,0.0013749343647353474,0.9946931287964305,0.9984845170160543,0.908273981445009,0.9072582003894332
q3_physical_training_coselection_replicated2,pooled_exact_combined_moe_local_control,1412,0.9376220703125,0.937231699625651,128,0.9952885744353167,0.9986428014212521,0.9999882342210571,0.9979396733912835,0.0013571985787479424,0.9947675334872569,0.9985082391804709,0.9004215417736768,0.9097963701556379
q3_physical_training_coselection_replicated2,pooled_exact_combined_moe_local_control,1416,0.9402262369791666,0.9397430419921875,128,0.9953284663362607,0.9986589254759768,0.9999885676414433,0.9979665633869581,0.0013410745240232114,0.9948645955880524,0.9985313875337518,0.9096720119784328,0.9131575244279436
q3_physical_training_coselection_replicated2,pooled_exact_combined_moe_local_control,1420,0.9428304036458334,0.9423205057779948,128,0.9954044113018236,0.9986775928551335,0.9999894167742609,0.9979882242622105,0.001322407144866533,0.9949234405207359,0.9985371000739072,0.9052565456876347,0.9039628215707609
q3_physical_training_coselection_replicated2,pooled_exact_combined_moe_local_control,1424,0.9454345703125,0.944896697998047,128,0.995389143705533,0.9986862645387475,0.9999898163475082,0.9980107385678556,0.0013137354612524632,0.9948982069025345,0.9985442124320154,0.9037717144502805,0.9024225032167397
q3_physical_training_coselection_replicated2,pooled_exact_combined_moe_local_control,1428,0.9480387369791666,0.9474474589029946,128,0.9955008959657764,0.9986969974455406,0.9999904527630934,0.9980369602902156,0.0013030025544593649,0.9949756711630194,0.9985631110184665,0.8954636888232412,0.906822010054501
q3_physical_training_coselection_replicated2,pooled_exact_combined_moe_local_control,1432,0.9506429036458334,0.950085957845052,128,0.9955252764032465,0.9987171479968616,0.9999908700593608,0.998056532937065,0.0012828520031383794,0.9950945050156897,0.9985910204712045,0.9121859488319648,0.910483067298409
q3_physical_training_coselection_replicated2,pooled_exact_combined_moe_local_control,1436,0.9532470703125,0.9527626037597656,128,0.9956196207188766,0.9987291240039806,0.999991537780538,0.9980799030272892,0.0012708759960193827,0.9951368689414438,0.9985896469150335,0.9007323118336734,0.9011048435786287
q3_physical_training_coselection_replicated2,pooled_exact_combined_moe_local_control,1440,0.9558512369791666,0.9553413391113281,128,0.9956474511186291,0.9987413683198425,0.9999917678229069,0.998102454530023,0.001258631680157496,0.9951572795998639,0.99860360863788,0.8987817841493794,0.9013459366052257
q3_physical_training_coselection_replicated2,pooled_exact_combined_moe_local_control,1444,0.9584554036458334,0.9578539530436198,128,0.9956904167449857,0.998760801436005,0.9999922552622406,0.9981225982182463,0.0012391985639950143,0.9951757089231947,0.9986294258851742,0.8933091279948595,0.9041456062757617
q3_physical_training_coselection_replicated2,pooled_exact_combined_moe_local_control,1448,0.9610595703125,0.9604962666829427,128,0.995726845953549,0.9987861741479768,0.9999925736581119,0.9981422737881152,0.0012138258520232315,0.9952801319573721,0.9986411100504944,0.9053545581905325,0.893248090078847
q3_physical_training_coselection_replicated2,pooled_exact_combined_moe_local_control,1452,0.9636637369791666,0.9631449381510416,128,0.99577696539171,0.9987945846985165,0.9999929564117686,0.9981626430650493,0.0012054153014835478,0.9953755508671128,0.9986642757346005,0.913197331603781,0.902443215795743
q3_physical_training_coselection_replicated2,pooled_exact_combined_moe_local_control,1456,0.9662679036458334,0.9657414754231771,128,0.9958497764534597,0.9988057665078504,0.999993372721736,0.9981860907015085,0.0011942334921496434,0.9953494258839135,0.9986708080020159,0.892411010542656,0.8984657551060102
q3_physical_training_coselection_replicated2,pooled_exact_combined_moe_local_control,1460,0.9688720703125,0.9682973225911458,128,0.9958684883856881,0.9988102041414134,0.99999378311717,0.9982056260192896,0.0011897958585865842,0.995412832065544,0.9986848080596105,0.9006671814385754,0.9046556795612563
q3_physical_training_coselection_replicated2,pooled_exact_combined_moe_local_control,1464,0.9714762369791666,0.9708760579427083,128,0.9959491339308388,0.9988347986592551,0.99999404176198,0.9982267982294374,0.0011652013407449369,0.9955371885290824,0.9986952064572561,0.907693747665352,0.8930158700008297
q3_physical_training_coselection_replicated2,pooled_exact_combined_moe_local_control,1468,0.9740804036458334,0.9735755920410156,128,0.9960007292243271,0.9988497273707115,0.9999941242908904,0.9982474561864387,0.0011502726292884624,0.99555840914414,0.9987176032583921,0.9004140420535115,0.896970954438186
q3_physical_training_coselection_replicated2,pooled_exact_combined_moe_local_control,1472,0.9766845703125,0.97613525390625,128,0.9960273024018951,0.998864439016312,0.999994351580995,0.9982692041242035,0.0011355609836880554,0.995593846778427,0.9987275337125223,0.9016249318462563,0.8924094845286606
q3_physical_training_coselection_replicated2,pooled_exact_combined_moe_local_control,1476,0.9792887369791666,0.978814442952474,128,0.9961095856059499,0.9988727524853218,0.999994501631331,0.9982895046717336,0.0011272475146781868,0.9956593150822076,0.9987407511769467,0.8962674019723024,0.8951745628357752
q3_physical_training_coselection_replicated2,pooled_exact_combined_moe_local_control,1480,0.9818929036458334,0.981310526529948,128,0.9961480968718266,0.998887781315214,0.9999947958298123,0.9983058127322844,0.0011122186847859483,0.9957213887019568,0.9987547113968198,0.9002694705955325,0.8931413023018079
q3_physical_training_coselection_replicated2,pooled_exact_combined_moe_local_control,1484,0.9844970703125,0.9839706420898438,128,0.9961731975813932,0.9988983872390831,0.9999949882814076,0.9983241332159523,0.0011016127609169146,0.9957951061189948,0.9987799257046246,0.9100829954100916,0.9029062943891937
q3_physical_training_coselection_replicated2,pooled_exact_combined_moe_local_control,1488,0.9871012369791666,0.9866256713867188,128,0.9962213151651717,0.9989191455427573,0.9999952780218541,0.9983455972435562,0.0010808544572427081,0.995836903380947,0.9987856929160661,0.9076620555801316,0.8900997709254546
q3_physical_training_coselection_replicated2,pooled_exact_combined_moe_local_control,1492,0.9897054036458334,0.9892082214355469,128,0.9962565256622345,0.9989285579381827,0.9999956130801684,0.9983617234050255,0.001071442061817307,0.9958718744268716,0.9988009313092505,0.9068218181475002,0.8935618702107864
q3_physical_training_coselection_replicated2,pooled_exact_combined_moe_local_control,1496,0.9923095703125,0.9918505350748698,128,0.9963303154354893,0.9989462191081678,0.9999958347505404,0.9983822535352279,0.0010537808918321678,0.9958698842794919,0.9988225865391316,0.8885185822491125,0.8949964705303602
q3_physical_training_coselection_replicated2,pooled_exact_combined_moe_local_control,1500,0.9949137369791666,0.9944127400716145,128,0.9963798935392482,0.9989468520764748,0.9999960990177749,0.9984019127627201,0.0010531479235251773,0.9959190020810443,0.9988319386235356,0.887064030083659,0.9016203640881735
q3_physical_training_coselection_replicated2,pooled_exact_combined_moe_local_control,1504,0.9975179036458334,0.9968999226888021,128,0.9964137520249874,0.9989641013918704,0.9999962796350428,0.9984194535265241,0.0010358986081295818,0.9960231168413614,0.9988480081533648,0.901773532677849,0.8992239061025628
q3_physical_training_coselection_replicated2,pooled_exact_combined_moe_local_control,1506,0.9988199869791666,0.9982757568359375,128,0.9964251061172679,0.9989663252381098,0.9999963782593077,0.9984300805528779,0.001033674761890202,0.9960639770160515,0.9988488233795365,0.908250255984517,0.8979289046662718
q3_physical_training_coselection_replicated2,pooled_exact_combined_moe_local_control,1507,0.9994710286458334,0.9989611307779949,128,0.9964521465753858,0.998976040260332,0.9999963697715282,0.9984325874499341,0.0010239597396679567,0.9959959221653577,0.9988477493633869,0.8860600545571351,0.8886605979041119
q3_physical_training_coselection_replicated2,pooled_exact_combined_moe_local_control,1508,1.0001220703125,0.9995409647623699,128,0.9964395854195269,0.9989775435329946,0.9999964390459057,0.9984384904886175,0.0010224564670053837,0.9959639861281763,0.9988561905946707,0.8821611356019069,0.8939045808169429
q3_physical_training_coselection_replicated2,pooled_exact_combined_moe_local_control,1512,1.0027262369791667,1.0022125244140625,128,0.9964524217339531,0.9989962587530117,0.9999965777086194,0.9984554327971416,0.0010037412469883211,0.9960316889251969,0.9988705401313589,0.89397685795661,0.8886913779379885
q3_physical_training_coselection_replicated2,pooled_exact_combined_moe_local_control,1516,1.0053304036458333,1.0046552022298179,128,0.9965369032954987,0.9990062511795996,0.9999967317673024,0.9984751434758113,0.0009937488204003753,0.9961115004302699,0.9988914482258487,0.8905997396681273,0.8964387984144647
q3_physical_training_coselection_replicated2,pooled_exact_combined_moe_local_control,1520,1.0079345703125,1.0072301228841147,128,0.9965935687937016,0.9990158699455021,0.9999968204228796,0.9984938256638012,0.0009841300544979337,0.9961685242300191,0.9988951221390402,0.8890650524237425,0.8907138872734944
q3_physical_training_coselection_replicated2,pooled_exact_combined_moe_local_control,1524,1.0105387369791667,1.0099220275878906,128,0.9966047662267427,0.9990281531974479,0.9999969574324191,0.9985096751320082,0.0009718468025521343,0.9962244859696491,0.9989098750412857,0.899277223171057,0.8915003686351114
q3_physical_training_coselection_replicated2,pooled_exact_combined_moe_local_control,1528,1.0131429036458333,1.0125668843587239,128,0.9966197771558679,0.9990372741588953,0.9999970411986735,0.9985268682629289,0.0009627258411046835,0.9962410120886014,0.9989193550423905,0.8992374872720458,0.8908807969958275
q3_physical_training_coselection_replicated2,pooled_exact_combined_moe_local_control,1532,1.0157470703125,1.015099843343099,128,0.996675303572766,0.9990489328887163,0.9999971805716154,0.9985428371574832,0.0009510671112836766,0.9962674326217537,0.9989369904523682,0.8907264331276492,0.8946929154140331
q3_physical_training_coselection_replicated2,pooled_exact_combined_moe_local_control,1536,1.0183512369791667,1.0177701314290364,128,0.9967238471328673,0.9990654649139956,0.9999973152712971,0.9985626431053296,0.0009345350860043844,0.9963449828804145,0.9989488379103376,0.8963440552924739,0.8890494579237942
q3_physical_training_coselection_replicated2,pooled_exact_combined_moe_local_control,1568,1.0391845703125,1.0385589599609375,128,0.9970034834053959,0.999151909448051,0.9999980321400317,0.9986927940352948,0.0008480905519490101,0.9966047516795248,0.999039774599028,0.8825618369453114,0.8832202846233355
q3_physical_training_coselection_replicated2,pooled_exact_combined_moe_local_control,1600,1.0600179036458333,1.0595779418945312,128,0.9972735503805259,0.9992181179526811,0.9999986671181731,0.9988138449748976,0.0007818820473188826,0.9969121790000592,0.9991304986273065,0.8829688053570495,0.8992303771721737
q3_physical_training_coselection_replicated2,pooled_exact_combined_moe_local_control,1632,1.0808512369791667,1.0799585978190103,128,0.997499413765661,0.9992868485389552,0.999998995935583,0.9989259917283744,0.0007131514610447809,0.9972012493272625,0.9992171246710577,0.8934651659746328,0.9109387340233347
q3_physical_training_coselection_replicated2,pooled_exact_combined_moe_local_control,1664,1.1016845703125,1.1009127298990884,128,0.9976976384683993,0.9993505577362495,0.9999992680052802,0.9990306287636773,0.0006494422637505215,0.9974431989417786,0.9992927450882967,0.9004852075594271,0.9182576932360073
q3_physical_training_coselection_replicated2,pooled_router_square_multi_budget_column_generated,384,0.2683512369791667,0.2681554158528646,128,0.9044766856688183,0.9691753023328291,0.9919121329292024,0.9562538303464173,0.030824697667170886,0.9012698574429038,0.9686161663626609,0.967519258629045,0.9821839493342529
q3_physical_training_coselection_replicated2,pooled_router_square_multi_budget_column_generated,416,0.2891845703125,0.28899383544921875,128,0.9127703853249642,0.9725336070028148,0.9931308019696452,0.960706380101998,0.02746639299718523,0.9102871887463212,0.9717119540961152,0.9723206023315737,0.9709540591990231
q3_physical_training_coselection_replicated2,pooled_router_square_multi_budget_column_generated,448,0.3100179036458333,0.3098665873209635,128,0.9207185588065154,0.9752648661561816,0.9940902951916105,0.9646479401898682,0.024735133843818424,0.9195210557985299,0.9745019773484618,0.9851202942599784,0.9700804718018488
q3_physical_training_coselection_replicated2,pooled_router_square_multi_budget_column_generated,480,0.3308512369791667,0.33066558837890625,128,0.9267277357414552,0.9776854215947628,0.9949993363204002,0.9680889175263864,0.022314578405237206,0.9263291345947609,0.9771658700058922,0.9945894330886199,0.9772467096839383
q3_physical_training_coselection_replicated2,pooled_router_square_multi_budget_column_generated,512,0.3516845703125,0.3515040079752604,128,0.933175915919543,0.9798739076740153,0.9958763304086576,0.9711779238536618,0.020126092325984724,0.9314329611872246,0.9797805472842459,0.9745802828516843,0.99538264506553
q3_physical_training_coselection_replicated2,pooled_router_square_multi_budget_column_generated,544,0.3725179036458333,0.37234369913736975,128,0.9387936629630711,0.9815949533562297,0.9965215136346366,0.9738574076903108,0.018405046643770295,0.937214831280119,0.9812713133027045,0.9748534293186951,0.9827195542989148
q3_physical_training_coselection_replicated2,pooled_router_square_multi_budget_column_generated,576,0.3933512369791667,0.39317448933919275,128,0.9445912598967936,0.9832552462295334,0.9971153569250276,0.9762174606268789,0.01674475377046658,0.9424944745284266,0.9829262894979749,0.9635376713598853,0.9807331434183852
q3_physical_training_coselection_replicated2,pooled_router_square_multi_budget_column_generated,608,0.4141845703125,0.41394933064778644,128,0.9494993929830079,0.984910608067999,0.9976297203627862,0.9782719257434556,0.015089391932000984,0.9458245602276232,0.9840957959507932,0.932167920171486,0.9487675010528781
q3_physical_training_coselection_replicated2,pooled_router_square_multi_budget_column_generated,640,0.4350179036458333,0.4347991943359375,128,0.9534743937731969,0.9859431605322101,0.997968215597542,0.9800180284567401,0.014056839467789906,0.9521928140295318,0.9853933617297443,0.9731927383373554,0.9623596619363582
q3_physical_training_coselection_replicated2,pooled_router_square_multi_budget_column_generated,672,0.4558512369791667,0.4556312561035157,128,0.9577027150818712,0.9871112021240775,0.9982660609637795,0.9817160663420612,0.012888797875922453,0.9546125998056706,0.9866767929147321,0.9319168918472952,0.9673945464807944
q3_physical_training_coselection_replicated2,pooled_router_square_multi_budget_column_generated,704,0.4766845703125,0.4764455159505208,128,0.962091468039655,0.9883536157730877,0.9985100423782235,0.9832758545530418,0.011646384226912332,0.9585882696482144,0.9878160577217937,0.9154056504840185,0.9558797933362254
q3_physical_training_coselection_replicated2,pooled_router_square_multi_budget_column_generated,736,0.4975179036458333,0.4972712198893229,128,0.965041987009154,0.9893763263093668,0.998755505628328,0.9847132751583847,0.010623673690633217,0.9622908823177203,0.9887079146975845,0.927044045034061,0.9408070702725436
q3_physical_training_coselection_replicated2,pooled_router_square_multi_budget_column_generated,768,0.5183512369791666,0.5180765787760417,128,0.9684609511995125,0.990177334165963,0.9989337785247594,0.9860579416368807,0.009822665834037014,0.9656164064490277,0.9898095416827313,0.917270289207326,0.9639081509603499
q3_physical_training_coselection_replicated2,pooled_router_square_multi_budget_column_generated,800,0.5391845703125,0.5389836629231771,128,0.9706355062040853,0.9909289229413852,0.9990903356072333,0.9872824178882046,0.009071077058614763,0.9684972373444677,0.9907158964395029,0.9321244018183864,0.9770547042593558
q3_physical_training_coselection_replicated2,pooled_router_square_multi_budget_column_generated,832,0.5600179036458334,0.5598042805989583,128,0.9727322374983229,0.9918714562741022,0.9992353910714683,0.9883902274043473,0.008128543725897774,0.9720879595279959,0.9915047996317168,0.9769175610441924,0.956839553337158
q3_physical_training_coselection_replicated2,pooled_router_square_multi_budget_column_generated,864,0.5808512369791666,0.5806757609049478,128,0.9751309483178173,0.9924632335805424,0.9993381198558077,0.9894365335601745,0.007536766419457552,0.9743533948047971,0.9922746420292201,0.9696820102659957,0.9755879854324345
q3_physical_training_coselection_replicated2,pooled_router_square_multi_budget_column_generated,896,0.6016845703125,0.6014874776204426,128,0.9770014673864491,0.9932077344408425,0.9994329891037981,0.9903386740548246,0.006792265559157462,0.9765085982066268,0.9929974915426429,0.9790191669208386,0.9699760593678813
q3_physical_training_coselection_replicated2,pooled_router_square_multi_budget_column_generated,928,0.6225179036458334,0.6223411560058594,128,0.9791082766539861,0.9938812603500635,0.9995273894305469,0.9911874965513949,0.006118739649936478,0.9787582580432893,0.9935418947207035,0.9835221324404492,0.9474512082594976
q3_physical_training_coselection_replicated2,pooled_router_square_multi_budget_column_generated,960,0.6433512369791666,0.6431414286295574,128,0.9811414467555553,0.9943269664391994,0.9996151431297406,0.9919705500146624,0.005673033560800622,0.9805918588176755,0.994270152294358,0.97168260820463,0.9900845279385988
q3_physical_training_coselection_replicated2,pooled_router_square_multi_budget_column_generated,992,0.6641845703125,0.6639353434244792,128,0.9827161618901767,0.994780566418546,0.9996911153830058,0.9926324076753119,0.005219433581454047,0.9822376644846484,0.9948055788498051,0.9730611210944222,1.0048152490019504
q3_physical_training_coselection_replicated2,pooled_router_square_multi_budget_column_generated,1024,0.6850179036458334,0.6847941080729167,128,0.9841302058628075,0.9952367316315439,0.9997514137187528,0.9932421118324131,0.004763268368456086,0.9838312231619167,0.9950757120890018,0.9815086382918848,0.967300948796581
q3_physical_training_coselection_replicated2,pooled_router_square_multi_budget_column_generated,1056,0.7058512369791666,0.7054990132649739,128,0.98554573978451,0.995737346619818,0.9997912792928018,0.9938022730309133,0.004262653380181947,0.9852464175589725,0.9955285243751982,0.9797118952814367,0.9532990309817289
q3_physical_training_coselection_replicated2,pooled_router_square_multi_budget_column_generated,1088,0.7266845703125,0.7263666788736979,128,0.9869520301042639,0.996138327655022,0.9998338618430785,0.9943407220455575,0.003861672344978029,0.9863793969959124,0.995930887489546,0.9579583144608438,0.9490207840301575
q3_physical_training_coselection_replicated2,pooled_router_square_multi_budget_column_generated,1120,0.7475179036458334,0.7472318013509116,128,0.9880386687118787,0.9964903566891452,0.9998686466398168,0.9948286620926049,0.003509643310854793,0.9876788936724094,0.9962704520037553,0.9708001026933973,0.941037175118452
q3_physical_training_coselection_replicated2,pooled_router_square_multi_budget_column_generated,1152,0.7683512369791666,0.7680867513020834,128,0.9890674047782134,0.9968610426162297,0.9998912453315782,0.9952928496947461,0.0031389573837703466,0.9888755298252253,0.9965901528250427,0.9827519917826558,0.9205566181451112
q3_physical_training_coselection_replicated2,pooled_router_square_multi_budget_column_generated,1184,0.7891845703125,0.7888921101888022,128,0.9901793781675879,0.9971731888305138,0.9999114681530598,0.9957472760089028,0.002826811169486243,0.9898316658880925,0.9968781757801042,0.9658044006354692,0.9054997880632045
q3_physical_training_coselection_replicated2,pooled_router_square_multi_budget_column_generated,1216,0.8100179036458334,0.8097267150878906,128,0.9913894319862645,0.9974000945899834,0.9999264507659195,0.9961469935553929,0.002599905410016645,0.9908677133536433,0.9972181029408084,0.9428709749458728,0.9345800202873547
q3_physical_training_coselection_replicated2,pooled_router_square_multi_budget_column_generated,1248,0.8308512369791666,0.8305104573567708,128,0.9922474830318778,0.9976912265024055,0.9999439265056119,0.9965252384212813,0.0023087734975945073,0.9916003216366571,0.9974748775027411,0.9229540266630946,0.9143213844479867
q3_physical_training_coselection_replicated2,pooled_router_square_multi_budget_column_generated,1280,0.8516845703125,0.8513806660970054,128,0.9929086519142427,0.9979490684817275,0.9999568620830329,0.9968270637905998,0.002050931518272514,0.9924453438125479,0.9977356617351041,0.938672510012521,0.9057531509616515
q3_physical_training_coselection_replicated2,pooled_router_square_multi_budget_column_generated,1284,0.8542887369791666,0.8540433247884114,128,0.9930196575971509,0.9979462215616445,0.9999572868015053,0.9968865864081542,0.0020537784383555246,0.9924978225346561,0.99775670792343,0.9304421862978558,0.9155198557540153
q3_physical_training_coselection_replicated2,pooled_router_square_multi_budget_column_generated,1288,0.8568929036458334,0.8566436767578125,128,0.9930946263601426,0.9979797782185761,0.9999597656738802,0.9969173003702979,0.0020202217814239143,0.9926651592628014,0.9977472039803639,0.9414483404986406,0.8967619632736307
q3_physical_training_coselection_replicated2,pooled_router_square_multi_budget_column_generated,1292,0.8594970703125,0.8592287699381511,128,0.9931752324490739,0.9980313761793947,0.999961246175385,0.996956564662272,0.001968623820605253,0.9926776219589967,0.9977707951887718,0.932042502136498,0.8831058549172028
q3_physical_training_coselection_replicated2,pooled_router_square_multi_budget_column_generated,1296,0.8621012369791666,0.8618202209472656,128,0.9932024475688233,0.9980048340018328,0.9999619041455522,0.9969944438416009,0.001995165998167181,0.9927291897974807,0.9977976318308225,0.9349098988750155,0.9059184681697815
q3_physical_training_coselection_replicated2,pooled_router_square_multi_budget_column_generated,1300,0.8647054036458334,0.8644002278645833,128,0.9932740824786229,0.9980394805013308,0.9999637164263534,0.997031331569592,0.0019605194986691554,0.992794367068448,0.9978418766196644,0.9334249447991846,0.9084371711705734
q3_physical_training_coselection_replicated2,pooled_router_square_multi_budget_column_generated,1304,0.8673095703125,0.8670069376627604,128,0.9933138476515331,0.9980644641861813,0.9999649499690665,0.9970608787926156,0.0019355358138186674,0.9929221293123476,0.9978671145946534,0.9446559062079414,0.9074729514144341
q3_physical_training_coselection_replicated2,pooled_router_square_multi_budget_column_generated,1308,0.8699137369791666,0.8695920308430989,128,0.9934562363058137,0.9980918772665996,0.9999661029307578,0.9971026438854921,0.0019081227334003525,0.9930039209872512,0.9978563067049158,0.9353473112956204,0.8901099507918984
q3_physical_training_coselection_replicated2,pooled_router_square_multi_budget_column_generated,1312,0.8725179036458334,0.8722991943359375,128,0.9934605370652005,0.9980847720874902,0.9999674533458267,0.9971314667005196,0.0019152279125097538,0.9930148334377785,0.9978981421238027,0.936192841866855,0.9112071440219267
q3_physical_training_coselection_replicated2,pooled_router_square_multi_budget_column_generated,1316,0.8751220703125,0.874786376953125,128,0.9936208110115109,0.9981289358191834,0.9999685690356521,0.9971739907593541,0.0018710641808166173,0.9932470535963848,0.9979290366666156,0.944652690427687,0.9034752816018642
q3_physical_training_coselection_replicated2,pooled_router_square_multi_budget_column_generated,1320,0.8777262369791666,0.8774007161458333,128,0.9936924301085681,0.9981521590318154,0.999968972096565,0.9972074219992919,0.0018478409681845775,0.9932320701113749,0.9979374459889445,0.9319792012079033,0.8958994325869652
q3_physical_training_coselection_replicated2,pooled_router_square_multi_budget_column_generated,1324,0.8803304036458334,0.8800328572591147,128,0.9937152442830721,0.9981711699625733,0.9999702484761187,0.9972385095638718,0.0018288300374267319,0.9932335793926143,0.9979756609081261,0.92881540796738,0.9034207978139553
q3_physical_training_coselection_replicated2,pooled_router_square_multi_budget_column_generated,1328,0.8829345703125,0.8826586405436198,128,0.9937633187232116,0.9982084827379106,0.999972203424765,0.9972793940819014,0.0017915172620893705,0.9933498222410513,0.9979899311991226,0.9378217399371237,0.8912716128459744
q3_physical_training_coselection_replicated2,pooled_router_square_multi_budget_column_generated,1332,0.8855387369791666,0.885236104329427,128,0.9939800226189077,0.9982011348057842,0.999972287300916,0.9973028994524942,0.001798865194215793,0.9934663818328511,0.9980036337371574,0.9213849397200413,0.9010697223736914
q3_physical_training_coselection_replicated2,pooled_router_square_multi_budget_column_generated,1336,0.8881429036458334,0.8878453572591146,128,0.9939312056499321,0.9982339804350882,0.9999740881083691,0.9973463072677682,0.001766019564911847,0.9934835219920134,0.998041212803819,0.9312997515882023,0.9015882727613203
q3_physical_training_coselection_replicated2,pooled_router_square_multi_budget_column_generated,1340,0.8907470703125,0.8904774983723959,128,0.9940165388715632,0.9982433568280905,0.9999749009401265,0.9973669440686114,0.0017566431719094888,0.9936493157463591,0.9980740153506638,0.9421758175123314,0.9120753753228953
q3_physical_training_coselection_replicated2,pooled_router_square_multi_budget_column_generated,1344,0.8933512369791666,0.8930638631184895,128,0.994127645238687,0.9982768915974665,0.9999754707524208,0.9974106410187675,0.0017231084025335353,0.9936544602150069,0.9980754734172386,0.9254302959695939,0.8953414403146932
q3_physical_training_coselection_replicated2,pooled_router_square_multi_budget_column_generated,1348,0.8959554036458334,0.8956680297851562,128,0.9941781343769841,0.9982964245185126,0.9999765735448015,0.9974419038198907,0.0017035754814873627,0.9937181147427145,0.9981081508666887,0.9267704494067209,0.9004816776830354
q3_physical_training_coselection_replicated2,pooled_router_square_multi_budget_column_generated,1352,0.8985595703125,0.8982124328613281,128,0.9941597443686574,0.9983117358513314,0.9999772015556755,0.9974698302753244,0.0016882641486686278,0.9937638556979904,0.9981463112510592,0.9365170766591461,0.9107592359468859
q3_physical_training_coselection_replicated2,pooled_router_square_multi_budget_column_generated,1356,0.9011637369791666,0.9009183247884114,128,0.9943358733401436,0.9983284648089937,0.9999783575900085,0.9974982095814369,0.0016715351910062681,0.9938423650283781,0.9981595216260282,0.9198542437088401,0.9082069176390389
q3_physical_training_coselection_replicated2,pooled_router_square_multi_budget_column_generated,1360,0.9037679036458334,0.9034360249837241,128,0.9944111264505332,0.9983783906785267,0.9999793269956339,0.9975250276731545,0.0016216093214732608,0.9938245887168874,0.9981846638628835,0.9050204582729954,0.8932832263500554
q3_physical_training_coselection_replicated2,pooled_router_square_multi_budget_column_generated,1364,0.9063720703125,0.9060312906901041,128,0.9944331872950434,0.99837543367775,0.9999800690720655,0.9975541829875804,0.001624566322250054,0.9940068996325042,0.9982005471388689,0.9288702614007307,0.9028112696594025
q3_physical_training_coselection_replicated2,pooled_router_square_multi_budget_column_generated,1368,0.9089762369791666,0.9086011250813801,128,0.9945184863390791,0.9983982608643889,0.9999803671080226,0.997591766619192,0.0016017391356111244,0.9940065255217839,0.9982707707932463,0.9145802957606668,0.9262734687543909
q3_physical_training_coselection_replicated2,pooled_router_square_multi_budget_column_generated,1372,0.9115804036458334,0.911309560139974,128,0.9945454352514413,0.998434796004821,0.9999813503709343,0.9976167020687461,0.0015652039951790098,0.9940142752340417,0.9982621508226501,0.911262204967993,0.9006558311152549
q3_physical_training_coselection_replicated2,pooled_router_square_multi_budget_column_generated,1376,0.9141845703125,0.9138310750325521,128,0.9945943976910028,0.9984477420643275,0.9999820357315389,0.9976427695470437,0.0015522579356724853,0.9940609833128822,0.9982986737671706,0.9101847315435877,0.9123811211039882
q3_physical_training_coselection_replicated2,pooled_router_square_multi_budget_column_generated,1380,0.9167887369791666,0.9164415995279946,128,0.9946458665572598,0.9984741657213764,0.9999828522299858,0.997665539372298,0.0015258342786236279,0.9942331710385122,0.998306519015828,0.928436317167763,0.9010046719654592
q3_physical_training_coselection_replicated2,pooled_router_square_multi_budget_column_generated,1384,0.9193929036458334,0.9190966288248699,128,0.9946979536981333,0.9984789438628533,0.99998302909094,0.9976922646100305,0.0015210561371467035,0.9942613211250867,0.9983059372123855,0.9239140954627473,0.8978747117682462
q3_physical_training_coselection_replicated2,pooled_router_square_multi_budget_column_generated,1388,0.9219970703125,0.9216117858886719,128,0.994783642644981,0.9984982833836267,0.9999839381902378,0.9977244122743089,0.0015017166163733275,0.9942590622967823,0.9983454614961548,0.9086246227851124,0.9076347349325908
q3_physical_training_coselection_replicated2,pooled_router_square_multi_budget_column_generated,1392,0.9246012369791666,0.9242337544759115,128,0.9948630068006981,0.9984985748663371,0.9999850394229304,0.9977531604410874,0.0015014251336629147,0.9943328028793131,0.9983305462572212,0.9064433599019299,0.8993511441435775
q3_physical_training_coselection_replicated2,pooled_router_square_multi_budget_column_generated,1396,0.9272054036458334,0.9268747965494792,128,0.9949167095937009,0.9985399089066397,0.9999855707345411,0.9977713365264398,0.0014600910933603162,0.994495882674594,0.9983657902725448,0.9235432505836164,0.8934539238326366
q3_physical_training_coselection_replicated2,pooled_router_square_multi_budget_column_generated,1400,0.9298095703125,0.9294840494791667,128,0.9950050661020826,0.9985510734570365,0.9999863975743882,0.9978012784350261,0.001448926542963469,0.9944949624743137,0.9983880921717674,0.9073387555690936,0.8988892029590491
q3_physical_training_coselection_replicated2,pooled_router_square_multi_budget_column_generated,1404,0.9324137369791666,0.9320665995279946,128,0.9950110972470011,0.9985559054387667,0.9999867579852809,0.9978277691340321,0.001444094561233289,0.9946113262242366,0.9984071597312337,0.9258127250971285,0.9066160553260041
q3_physical_training_coselection_replicated2,pooled_router_square_multi_budget_column_generated,1408,0.9350179036458334,0.9347076416015625,128,0.9950877819963764,0.998564895602952,0.9999874020556747,0.9978507906817572,0.0014351043970479704,0.9945183393243404,0.9984251793991179,0.8961185841793391,0.9112811937081154
q3_physical_training_coselection_replicated2,pooled_router_square_multi_budget_column_generated,1412,0.9376220703125,0.9372901916503906,128,0.9951381743564465,0.9986056536761687,0.9999880887815494,0.9978740847800097,0.0013943463238312859,0.9946630212730968,0.9984564286393185,0.9109696501216193,0.9033248214813111
q3_physical_training_coselection_replicated2,pooled_router_square_multi_budget_column_generated,1416,0.9402262369791666,0.9399108886718749,128,0.9952113869612067,0.9986152202931023,0.9999885676414433,0.9978992278312946,0.0013847797068976542,0.9947129515309854,0.9984594595308163,0.9057252012833885,0.8988921320784231
q3_physical_training_coselection_replicated2,pooled_router_square_multi_budget_column_generated,1420,0.9428304036458334,0.9424794514973959,128,0.9952787412221634,0.9986192915997085,0.999989268395194,0.997922832713455,0.001380708400291475,0.9947955084599402,0.9984815657207282,0.9071508218423148,0.9092974382491145
q3_physical_training_coselection_replicated2,pooled_router_square_multi_budget_column_generated,1424,0.9454345703125,0.9450848897298177,128,0.9953771543726575,0.9986649066027882,0.9999897759758704,0.9979447573067006,0.0013350933972118284,0.9948020412054357,0.9985148635948624,0.889357882593601,0.8989702175458696
q3_physical_training_coselection_replicated2,pooled_router_square_multi_budget_column_generated,1428,0.9480387369791666,0.9476280212402343,128,0.9953561354553274,0.9986774104043795,0.9999903987138763,0.9979619021892918,0.0013225895956204825,0.994935762131808,0.9985216016004874,0.9169917893944648,0.8946097317587274
q3_physical_training_coselection_replicated2,pooled_router_square_multi_budget_column_generated,1432,0.9506429036458334,0.9502665201822917,128,0.9954079740208668,0.9986645259070734,0.9999908066752442,0.9979884979374001,0.0013354740929265585,0.9949468371680955,0.9985406568898004,0.908742926339171,0.9151200177619127
q3_physical_training_coselection_replicated2,pooled_router_square_multi_budget_column_generated,1436,0.9532470703125,0.9529202779134115,128,0.9954939597322199,0.9987163900110095,0.999991537780538,0.9980083907148005,0.001283609988990464,0.9949733680672895,0.9985730276770597,0.8964333032735832,0.8995339071086913
q3_physical_training_coselection_replicated2,pooled_router_square_multi_budget_column_generated,1440,0.9558512369791666,0.9555257161458333,128,0.9955409558710034,0.99872765501075,0.9999917567231004,0.9980387195097002,0.001272344989249996,0.9951144392841208,0.9985723683210446,0.912698539290206,0.891227764139378
q3_physical_training_coselection_replicated2,pooled_router_square_multi_budget_column_generated,1444,0.9584554036458334,0.9580663045247396,128,0.9956126352033307,0.9987290096474277,0.9999922216102971,0.9980517029934,0.0012709903525722765,0.9950517398147289,0.9985748872526785,0.886647959565411,0.8918524902405888
q3_physical_training_coselection_replicated2,pooled_router_square_multi_budget_column_generated,1448,0.9610595703125,0.9606895446777344,128,0.995657587376691,0.9987341667518197,0.9999925736581119,0.9980819618285459,0.0012658332481803036,0.9952362147489001,0.9986067860777917,0.9115466786220975,0.9085706279577976
q3_physical_training_coselection_replicated2,pooled_router_square_multi_budget_column_generated,1452,0.9636637369791666,0.9632746378580729,128,0.9956447119874136,0.9987263148364487,0.9999929564117686,0.9980973600798835,0.001273685163551308,0.9951454948517486,0.9986259443813181,0.8971641556823269,0.9269531351090097
q3_physical_training_coselection_replicated2,pooled_router_square_multi_budget_column_generated,1456,0.9662679036458334,0.9658826192220054,128,0.9957297774132655,0.9987707887817019,0.9999933465855149,0.9981231442963616,0.0012292112182981096,0.9953010596804329,0.9986410456969519,0.9087628904228999,0.9045272644863857
q3_physical_training_coselection_replicated2,pooled_router_square_multi_budget_column_generated,1460,0.9688720703125,0.9685096740722656,128,0.9958440852673783,0.9987811353347631,0.9999937383451305,0.9981488981116228,0.0012188646652369073,0.9952724856101132,0.9986521971904319,0.8790908688743626,0.9043345633234359
q3_physical_training_coselection_replicated2,pooled_router_square_multi_budget_column_generated,1464,0.9714762369791666,0.971056620279948,128,0.9958216504150108,0.9987885354502558,0.9999940268793238,0.998168340814809,0.00121146454974419,0.9953941770003134,0.9986679940495047,0.9071884840719049,0.9095038571664757
q3_physical_training_coselection_replicated2,pooled_router_square_multi_budget_column_generated,1468,0.9740804036458334,0.973718007405599,128,0.995836919174545,0.9988195049655011,0.9999940704623551,0.9981870399136917,0.0011804950344989074,0.9954060338709482,0.9986942880251986,0.9062062515280802,0.9041006418574185
q3_physical_training_coselection_replicated2,pooled_router_square_multi_budget_column_generated,1472,0.9766845703125,0.9763234456380209,128,0.9959322834660536,0.998812940929345,0.9999943298503361,0.9981996271501123,0.0011870590706549722,0.995493246996439,0.9986980923631543,0.9025825313107645,0.9117843978018544
q3_physical_training_coselection_replicated2,pooled_router_square_multi_budget_column_generated,1476,0.9792887369791666,0.9790051778157551,128,0.9960159603491615,0.9988571031019682,0.9999944453877787,0.9982304300110769,0.00114289689803182,0.9954584509086809,0.9986932255524645,0.877242449818223,0.874593852204019
q3_physical_training_coselection_replicated2,pooled_router_square_multi_budget_column_generated,1480,0.9818929036458334,0.981511433919271,128,0.9960658733112272,0.9988514469916527,0.9999947841756187,0.9982493455384425,0.001148553008347264,0.9955268570695646,0.9987216095452004,0.8794994369629572,0.8984367835625824
q3_physical_training_coselection_replicated2,pooled_router_square_multi_budget_column_generated,1484,0.9844970703125,0.9841651916503906,128,0.9960271677175295,0.9988633008359755,0.999994949906286,0.9982684721767792,0.0011366991640244795,0.9956250653155013,0.998748394384229,0.9080895073810044,0.9081927643191998
q3_physical_training_coselection_replicated2,pooled_router_square_multi_budget_column_generated,1488,0.9871012369791666,0.9867477416992186,128,0.9961430696551471,0.9988497877789713,0.9999951875276888,0.9982845455092502,0.0011502122210287347,0.9956272181983729,0.9987487868769178,0.8820312834767359,0.9192776193038573
q3_physical_training_coselection_replicated2,pooled_router_square_multi_budget_column_generated,1492,0.9897054036458334,0.9893175760904949,128,0.996201275448303,0.9989049443355347,0.9999955987579915,0.9983097663309518,0.0010950556644653275,0.9956281156816005,0.9987770905640783,0.8688986887667024,0.8954511530446707
q3_physical_training_coselection_replicated2,pooled_router_square_multi_budget_column_generated,1496,0.9923095703125,0.9919624328613281,128,0.996106505660436,0.9989045094470588,0.9999957805657216,0.9983260804490703,0.001095490552941225,0.9957877959199658,0.9987873934418081,0.9243365861637868,0.9034179681286791
q3_physical_training_coselection_replicated2,pooled_router_square_multi_budget_column_generated,1500,0.9949137369791666,0.9945538838704426,128,0.9962205712049348,0.998932170776764,0.9999960644010196,0.9983526645572742,0.0010678292232360054,0.9958191818665251,0.9987920929258498,0.9039926335958316,0.8840325933079426
q3_physical_training_coselection_replicated2,pooled_router_square_multi_budget_column_generated,1504,0.9975179036458334,0.9971224466959636,128,0.9962145622885435,0.9989206310355427,0.9999961833106462,0.9983650171747829,0.0010793689644572613,0.99583668076722,0.9988030218500523,0.9092355161361869,0.9017449186557333
q3_physical_training_coselection_replicated2,pooled_router_square_multi_budget_column_generated,1506,0.9988199869791666,0.9984461466471353,128,0.9962806580414992,0.9989549980988776,0.9999962758568626,0.9983740365738034,0.0010450019011224443,0.9958554110689603,0.9988240837362874,0.897397068897662,0.8886703359499095
q3_physical_training_coselection_replicated2,pooled_router_square_multi_budget_column_generated,1507,0.9994710286458334,0.9990959167480469,128,0.9962772524519671,0.9989565851174701,0.9999963443777515,0.9983790615876303,0.0010434148825299028,0.9958619767423159,0.998817081149521,0.8996439401639371,0.8820680151536558
q3_physical_training_coselection_replicated2,pooled_router_square_multi_budget_column_generated,1508,1.0001220703125,0.9998168945312501,128,0.9962652813481374,0.998937212356141,0.9999964027921782,0.998382418828151,0.0010627876438590311,0.9958649901327659,0.9988286385486528,0.9031946166456669,0.9073097314553813
q3_physical_training_coselection_replicated2,pooled_router_square_multi_budget_column_generated,1512,1.0027262369791667,1.002375284830729,128,0.9962510175018403,0.9989536757467994,0.9999965706829159,0.9984000856640746,0.0010463242532006145,0.9959479870778932,0.9988487772232271,0.9252148426541724,0.9088807781701779
q3_physical_training_coselection_replicated2,pooled_router_square_multi_budget_column_generated,1516,1.0053304036458333,1.0049006144205728,128,0.9963207561938275,0.99897284723744,0.9999967276476341,0.9984251179295717,0.0010271527625600463,0.9960333622428458,0.998853244156647,0.9275472154059394,0.8957030988887362
q3_physical_training_coselection_replicated2,pooled_router_square_multi_budget_column_generated,1520,1.0079345703125,1.007489522298177,128,0.996384478282807,0.9989854325630599,0.9999967824957301,0.9984395601402529,0.0010145674369400615,0.9959765381275643,0.9988636626577782,0.8986096629776829,0.8928400037935087
q3_physical_training_coselection_replicated2,pooled_router_square_multi_budget_column_generated,1524,1.0105387369791667,1.0100975036621094,128,0.9964220467716661,0.9989927497820941,0.9999969574324191,0.9984586776283588,0.0010072502179059306,0.9960328603462214,0.998881379171707,0.9018974728872902,0.9004393557046731
q3_physical_training_coselection_replicated2,pooled_router_square_multi_budget_column_generated,1528,1.0131429036458333,1.0127410888671875,128,0.9965227994641601,0.9990115876540864,0.9999970371189698,0.9984817763199589,0.0009884123459136251,0.9961709996710253,0.998893614721939,0.9081222870437771,0.8933708406224595
q3_physical_training_coselection_replicated2,pooled_router_square_multi_budget_column_generated,1532,1.0157470703125,1.015307108561198,128,0.9964881787653876,0.9990070760863063,0.9999971564843579,0.9984971286633026,0.0009929239136936552,0.9961567448056872,0.9989113540633745,0.9137621773878231,0.9120724014011798
q3_physical_training_coselection_replicated2,pooled_router_square_multi_budget_column_generated,1536,1.0183512369791667,1.0179608662923176,128,0.9965669740849862,0.9990309697073045,0.9999973107151218,0.9985124917660897,0.0009690302926954608,0.9961916593510988,0.9989137414325406,0.9014492745033995,0.8920806902926559
q3_physical_training_coselection_replicated2,pooled_router_square_multi_budget_column_generated,1568,1.0391845703125,1.0387980143229165,128,0.9968820796482567,0.9991028848140417,0.9999980240606038,0.9986473520687015,0.0008971151859582527,0.9965059487233348,0.9990173886679623,0.8923510575148371,0.9129908812448292
q3_physical_training_coselection_replicated2,pooled_router_square_multi_budget_column_generated,1600,1.0600179036458333,1.059605916341146,128,0.997189360225232,0.9992018697713969,0.9999986671181731,0.9987757890474268,0.0007981302286030889,0.9967928301353296,0.999109804417588,0.8763613694832716,0.8965785096804799
q3_physical_training_coselection_replicated2,pooled_router_square_multi_budget_column_generated,1632,1.0808512369791667,1.080298105875651,128,0.997388922067367,0.9992578040661557,0.9999989770636838,0.9988876063223888,0.0007421959338442807,0.997115354924787,0.9991710472802738,0.9051643666908394,0.8953416958321335
q3_physical_training_coselection_replicated2,pooled_router_square_multi_budget_column_generated,1664,1.1016845703125,1.101098378499349,128,0.9976458797096496,0.9993324829916093,0.9999992680052802,0.9990040826684443,0.0006675170083907389,0.9973584534766048,0.9992425064664631,0.8911901681461385,0.8812180947260737
q3_physical_training_coselection_replicated2,uniform_per_expert,384,0.2683512369791667,0.2670478820800781,128,0.8598362850103118,0.9392203649825595,0.9834283705475487,0.9293913399549832,0.06077963501744055,0.8583700328527172,0.9391208266752388,0.9896473028474978,0.9983649858911571
q3_physical_training_coselection_replicated2,uniform_per_expert,416,0.2891845703125,0.27030690511067706,128,0.8604279514106561,0.9391512171675904,0.9835900782023316,0.9298990598557398,0.060848782832409576,0.8608515075205858,0.9392093227260514,1.0030439144713867,1.000955830088866
q3_physical_training_coselection_replicated2,uniform_per_expert,448,0.3100179036458333,0.278937021891276,128,0.864223000987382,0.941184179568195,0.984139193094402,0.9310726004043767,0.058815820431805,0.8620139800991259,0.9402917184863534,0.9839909804642307,0.9850529765852057
q3_physical_training_coselection_replicated2,uniform_per_expert,480,0.3308512369791667,0.2913678487141927,128,0.867161323844939,0.942200720176871,0.9844903621690101,0.9334982571268162,0.057799279823129046,0.8676078552970875,0.9402870345591136,1.0033727941574666,0.9679519246175795
q3_physical_training_coselection_replicated2,uniform_per_expert,512,0.3516845703125,0.3503443400065104,128,0.8997375499128011,0.9574087248053831,0.9905282802426877,0.9499683027242896,0.04259127519461692,0.8993678590614463,0.9573280045292015,0.9963263143573535,0.9981083547818429
q3_physical_training_coselection_replicated2,uniform_per_expert,544,0.3725179036458333,0.35420608520507807,128,0.9008410701388435,0.9575955141437797,0.9905082811857434,0.9505927169413437,0.04240448585622025,0.8994502352322311,0.9573797641479493,0.9861676960674677,0.99493785072942
q3_physical_training_coselection_replicated2,uniform_per_expert,576,0.3933512369791667,0.3621253967285156,128,0.9036551790418281,0.9573975578547829,0.9905996508969088,0.9513277037867678,0.042602442145217134,0.9031028660198848,0.9571898836784549,0.9943000066229337,0.9951489462264453
q3_physical_training_coselection_replicated2,uniform_per_expert,608,0.4141845703125,0.37419891357421875,128,0.9061970796498872,0.9579826153251045,0.9909314180192276,0.9524867251790748,0.042017384674895464,0.9041942026963868,0.9573512942730481,0.9790944075424465,0.9851971814549704
q3_physical_training_coselection_replicated2,uniform_per_expert,640,0.4350179036458333,0.38952763875325525,128,0.9109919862912167,0.9595711266879832,0.9917667010603095,0.9538708057578571,0.04042887331201683,0.9070156760670046,0.9578336396434407,0.9572367679193171,0.9587944743190958
q3_physical_training_coselection_replicated2,uniform_per_expert,672,0.4558512369791667,0.4077644348144531,128,0.9160168747996343,0.960285246007905,0.992163753912584,0.9556686443348912,0.03971475399209501,0.9128853933733115,0.959922975503203,0.9640533138174852,0.9909606436792507
q3_physical_training_coselection_replicated2,uniform_per_expert,704,0.4766845703125,0.4279352823893229,128,0.9161169064693329,0.9625423751127268,0.9926859079274805,0.9577824184263296,0.03745762488727322,0.9132587226310555,0.9617367624333839,0.9670493227103351,0.9789455171444835
q3_physical_training_coselection_replicated2,uniform_per_expert,736,0.4975179036458333,0.45096588134765625,128,0.9196666289305349,0.9654380778628219,0.9930154050315304,0.9606041025225673,0.034561922137178125,0.917212703695066,0.9640628810648901,0.9703586740358063,0.9617332485552089
q3_physical_training_coselection_replicated2,uniform_per_expert,768,0.5183512369791666,0.5158704121907552,128,0.9488702322396912,0.9778787136119614,0.9968419363237537,0.9745282625630665,0.022121286388038564,0.9489836038835402,0.9776760619972176,1.0022222589692567,0.9909222282054982
q3_physical_training_coselection_replicated2,uniform_per_expert,800,0.5391845703125,0.5197715759277344,128,0.948790406268667,0.9781636181695751,0.9969900676870755,0.9748421968747875,0.02183638183042491,0.9490156737276007,0.9777517066288975,1.0044183668865239,0.9814857016757715
q3_physical_training_coselection_replicated2,uniform_per_expert,832,0.5600179036458334,0.5293477376302083,128,0.9496374974087357,0.9788746836089601,0.9971266284149477,0.9754990031131504,0.021125316391039872,0.9493412733920834,0.9780334272735912,0.9941525569928951,0.9617028862059337
q3_physical_training_coselection_replicated2,uniform_per_expert,864,0.5808512369791666,0.5444793701171875,128,0.9519048251686518,0.9797198350665139,0.9973137197067378,0.9763808541466821,0.020280164933486056,0.9499591445698776,0.9786011370034937,0.9611181587115117,0.9477216119752309
q3_physical_training_coselection_replicated2,uniform_per_expert,896,0.6016845703125,0.5595703125,128,0.9545941105193697,0.9800130354286913,0.9975392045370473,0.977201532516797,0.019986964571308663,0.9505370127902416,0.9794501584676415,0.9179770984731854,0.9726091824034986
q3_physical_training_coselection_replicated2,uniform_per_expert,928,0.6225179036458334,0.5765762329101562,128,0.9557238112466182,0.9804511439394498,0.9976621789130746,0.9783280005008357,0.019548856060550235,0.9540023579102931,0.9799764293661765,0.9625751830285593,0.976292211716155
q3_physical_training_coselection_replicated2,uniform_per_expert,960,0.6433512369791666,0.594415028889974,128,0.9566528432478433,0.9809359084553477,0.9979597582207465,0.9791518183731371,0.019064091544652273,0.9538326300523281,0.9804485703464458,0.9389132801216156,0.975074042280417
q3_physical_training_coselection_replicated2,uniform_per_expert,992,0.6641845703125,0.6131985982259114,128,0.9567239452855855,0.9814663152812999,0.9982983792416892,0.9801314112434525,0.018533684718700094,0.9547592891475971,0.9807195885236475,0.956573269938264,0.9612701856198308
q3_physical_training_coselection_replicated2,uniform_per_expert,1024,0.6850179036458334,0.6818987528483074,128,0.972898699423317,0.9886815790119753,0.9989236498142284,0.9870955323588833,0.011318420988024713,0.9727964799441474,0.9888141358628604,0.9962424171960217,1.0118503898545461
q3_physical_training_coselection_replicated2,uniform_per_expert,1056,0.7058512369791666,0.6872177124023438,128,0.9752895260550918,0.9890402376027547,0.9989348847536267,0.9874284395612565,0.010959762397245276,0.9736682353045331,0.9890016799113525,0.9384283290805104,0.9964942199270903
q3_physical_training_coselection_replicated2,uniform_per_expert,1088,0.7266845703125,0.6964759826660156,128,0.9761657737765954,0.9891683126998156,0.9990677523618827,0.9877701753852244,0.010831687300184356,0.9748384001478112,0.9890016799113525,0.9472460560305451,0.9848492508746693
q3_physical_training_coselection_replicated2,uniform_per_expert,1120,0.7475179036458334,0.708160400390625,128,0.9766994965199959,0.9896037925720206,0.9992760053351206,0.9882283408688413,0.01039620742797942,0.975275117724573,0.9891377480129637,0.9423908765446974,0.9570950333675684
q3_physical_training_coselection_replicated2,uniform_per_expert,1152,0.7683512369791666,0.7644564310709635,128,0.9809729725947108,0.9923960356619624,0.9994608896617764,0.9909439516975069,0.007603964338037561,0.9806485648150222,0.9922123409259804,0.9832359834509584,0.9764120727119612
q3_physical_training_coselection_replicated2,uniform_per_expert,1184,0.7891845703125,0.7701123555501302,128,0.9812263714130847,0.9924506642328692,0.9994706902967984,0.9912332108885809,0.007549335767130794,0.9808340199088184,0.9922313795268342,0.9795287534266598,0.9717730185439619
q3_physical_training_coselection_replicated2,uniform_per_expert,1216,0.8100179036458334,0.7809435526529948,128,0.9822183585607546,0.9927947132600425,0.9994858934504088,0.9916618764653656,0.007205286739957462,0.9817347796873569,0.9922150162431649,0.9735246076904454,0.9255365155555155
q3_physical_training_coselection_replicated2,uniform_per_expert,1248,0.8308512369791666,0.7946243286132812,128,0.9846971512494515,0.9928122956302763,0.9995467007439793,0.9922579164146047,0.007187704369723713,0.9828389244596857,0.9925359745995451,0.8917185123158233,0.9629796234731028
q3_physical_training_coselection_replicated2,uniform_per_expert,1280,0.8516845703125,0.8469149271647136,128,0.9872545753907279,0.9943331494124883,0.9997252802461516,0.9937558261437645,0.005666850587511707,0.9871371392633973,0.9942016065960907,0.9908701392532037,0.9773139200405213
q3_physical_training_coselection_replicated2,uniform_per_expert,1284,0.8542887369791666,0.8471272786458334,128,0.9872545753907279,0.9944689203129582,0.9997252802461516,0.9937777853029568,0.005531079687041807,0.9871371392633973,0.9942016065960907,0.9908701392532037,0.9538986580856558
q3_physical_training_coselection_replicated2,uniform_per_expert,1288,0.8568929036458334,0.8474349975585938,128,0.9872296402963769,0.9944689203129582,0.9997253161005704,0.9938149929715221,0.005531079687041807,0.9870979865860605,0.9942016065960907,0.989795878666954,0.9538986580856558
q3_physical_training_coselection_replicated2,uniform_per_expert,1292,0.8594970703125,0.8480008443196614,128,0.9872296402963769,0.9945191957075938,0.9997255086275852,0.9938394165173453,0.005480804292406161,0.9870979865860605,0.994241160087836,0.989795878666954,0.9517202033745483
q3_physical_training_coselection_replicated2,uniform_per_expert,1296,0.8621012369791666,0.8486289978027344,128,0.9872296402963769,0.9945191957075938,0.9997255086275852,0.9938675037064454,0.005480804292406161,0.9870979865860605,0.994241160087836,0.989795878666954,0.9517202033745483
q3_physical_training_coselection_replicated2,uniform_per_expert,1300,0.8647054036458334,0.8494046529134115,128,0.9872296402963769,0.9946350664246233,0.9997267282244537,0.9938914389121274,0.005364933575376707,0.9870979865860605,0.99432926122713,0.989795878666954,0.9460731291385912
q3_physical_training_coselection_replicated2,uniform_per_expert,1304,0.8673095703125,0.8501027425130209,128,0.9873125747594614,0.9946350664246233,0.9997276861874641,0.9939246283410024,0.005364933575376707,0.9871060089108291,0.99432926122713,0.9839796811395497,0.9460731291385912
q3_physical_training_coselection_replicated2,uniform_per_expert,1308,0.8699137369791666,0.8507677714029949,128,0.9873485682428773,0.9946350664246233,0.9997276861874641,0.9939464676670737,0.005364933575376707,0.9871060089108291,0.9944805543265922,0.9811881883296854,0.9720058666805066
q3_physical_training_coselection_replicated2,uniform_per_expert,1312,0.8725179036458334,0.8517239888509114,128,0.9873485682428773,0.9946664093012594,0.9997284274244072,0.9939803914053236,0.00533359069874062,0.9871060089108291,0.9944805543265922,0.9811881883296854,0.9663272390626836
q3_physical_training_coselection_replicated2,uniform_per_expert,1316,0.8751220703125,0.8528709411621094,128,0.9874002917090027,0.9946977934206858,0.9997284299147202,0.9940255907417269,0.005302206579314239,0.9871060089108291,0.9944805543265922,0.9771767487554169,0.9606411391745033
q3_physical_training_coselection_replicated2,uniform_per_expert,1320,0.8777262369791666,0.8540598551432292,128,0.9874238327788982,0.9946977934206858,0.9997281769956174,0.9940779949385075,0.005302206579314239,0.9871060089108291,0.9944805543265922,0.975351009173875,0.9606411391745033
q3_physical_training_coselection_replicated2,uniform_per_expert,1324,0.8803304036458334,0.8552411397298176,128,0.9876229922000783,0.9947747999235161,0.9997280408104575,0.9941113382705031,0.00522520007648386,0.9871060089108291,0.994623196038682,0.9599050995402503,0.9718040892089753
q3_physical_training_coselection_replicated2,uniform_per_expert,1328,0.8829345703125,0.8564224243164062,128,0.9876671956022819,0.9947749533987911,0.9997280408104575,0.994136645769407,0.005225046601208927,0.9872896946269561,0.9945805173077782,0.9702996140339517,0.9641227581938874
q3_physical_training_coselection_replicated2,uniform_per_expert,1332,0.8855387369791666,0.8579813639322917,128,0.9877919440462994,0.9947749533987911,0.9997280408104575,0.9941892627524529,0.005225046601208927,0.9874586335502328,0.9945805173077782,0.973423111636065,0.9641227581938874
q3_physical_training_coselection_replicated2,uniform_per_expert,1336,0.8881429036458334,0.8595136006673177,128,0.9879473641446133,0.9947811341948519,0.9997311289444656,0.9942265810357939,0.005218865805148076,0.9877589250248411,0.9945750780308349,0.9846059990519966,0.9620167506208861
q3_physical_training_coselection_replicated2,uniform_per_expert,1340,0.8907470703125,0.8614756266276042,128,0.9880255131856329,0.9948352152172459,0.9997460764758624,0.9942930878711066,0.005164784782754062,0.9877995067952375,0.9946484060200075,0.9814756349106312,0.965092793299181
q3_physical_training_coselection_replicated2,uniform_per_expert,1344,0.8933512369791666,0.8628743489583334,128,0.9880255131856329,0.9949395007517717,0.9997753841386274,0.9943482476701868,0.005060499248228267,0.9878007194598627,0.9946484060200075,0.981573198105362,0.9456059759293138
q3_physical_training_coselection_replicated2,uniform_per_expert,1348,0.8959554036458334,0.864245096842448,128,0.9880650230760687,0.9949458680080536,0.9997752622604742,0.9943913392114463,0.005054131991946376,0.9879141811782209,0.9947030440495852,0.9875190998580973,0.9541578293756806
q3_physical_training_coselection_replicated2,uniform_per_expert,1352,0.8985595703125,0.8657124837239584,128,0.9880650230760687,0.9949458680080536,0.9997752622604742,0.9944295627470071,0.005054131991946376,0.9879141811782209,0.994847984305063,0.9875190998580973,0.9810008919253159
q3_physical_training_coselection_replicated2,uniform_per_expert,1356,0.9011637369791666,0.8669471740722656,128,0.9880650230760687,0.9949818986052499,0.999775280802039,0.994471353871863,0.0050181013947501185,0.9879141811782209,0.994847984305063,0.9875190998580973,0.974007396693602
q3_physical_training_coselection_replicated2,uniform_per_expert,1360,0.9037679036458334,0.8682263692220051,128,0.9880650230760687,0.9950492109560305,0.999775280802039,0.9945012857985331,0.004950789043969506,0.9879141811782209,0.994847984305063,0.9875190998580973,0.9609421510176692
q3_physical_training_coselection_replicated2,uniform_per_expert,1364,0.9063720703125,0.869921366373698,128,0.9880650230760687,0.9951085604803761,0.999775280802039,0.9945449122251571,0.004891439519623897,0.9879141811782209,0.994847984305063,0.9875190998580973,0.949422480298511
q3_physical_training_coselection_replicated2,uniform_per_expert,1368,0.9089762369791666,0.8717168172200521,128,0.9880650230760687,0.9951228974603602,0.9997960482399755,0.9946048926607237,0.004877102539639799,0.9879141811782209,0.9949394788199836,0.9875190998580973,0.9637549900787026
q3_physical_training_coselection_replicated2,uniform_per_expert,1372,0.9115804036458334,0.8734804789225261,128,0.9881311487534752,0.9951972875578401,0.999796683205711,0.9946328852297548,0.0048027124421599066,0.9879141811782209,0.9949394788199836,0.9820477554352162,0.9490549038951582
q3_physical_training_coselection_replicated2,uniform_per_expert,1376,0.9141845703125,0.8750317891438802,128,0.9881882077870525,0.9953094151444162,0.999796683205711,0.9946592483839767,0.004690584855583824,0.9879141811782209,0.9950085857086529,0.9773265996394243,0.939730621782935
q3_physical_training_coselection_replicated2,uniform_per_expert,1380,0.9167887369791666,0.8765627543131511,128,0.9881882077870525,0.9953094151444162,0.9998147560101331,0.994692634725532,0.004690584855583824,0.9879141811782209,0.9950085857086529,0.9773265996394243,0.939730621782935
q3_physical_training_coselection_replicated2,uniform_per_expert,1384,0.9193929036458334,0.8783378601074219,128,0.9891100901480244,0.9953094151444162,0.9998147560101331,0.9947740518576045,0.004690584855583824,0.9879745312514946,0.9951112630555392,0.9055705087029589,0.9594676311840658
q3_physical_training_coselection_replicated2,uniform_per_expert,1388,0.9219970703125,0.879754384358724,128,0.9891312201234989,0.9953094151444162,0.9998196690736666,0.9948143606081516,0.004690584855583824,0.9881263906797412,0.9951112630555392,0.9153728730114746,0.9594676311840658
q3_physical_training_coselection_replicated2,uniform_per_expert,1392,0.9246012369791666,0.881792704264323,128,0.9891312201234989,0.9953604308738802,0.9998382110505188,0.9948753424003395,0.004639569126119847,0.9881263906797412,0.9951112630555392,0.9153728730114746,0.9490322712856812
q3_physical_training_coselection_replicated2,uniform_per_expert,1396,0.9272054036458334,0.88372802734375,128,0.9891312201234989,0.9953604308738802,0.9998382110505188,0.9949167938380271,0.004639569126119847,0.9881263906797412,0.9951112630555392,0.9153728730114746,0.9490322712856812
q3_physical_training_coselection_replicated2,uniform_per_expert,1400,0.9298095703125,0.8850428263346354,128,0.9896346784996902,0.9954736400138271,0.9998382110505188,0.9949417839607202,0.004526359986172901,0.9887294349413743,0.9951608392251441,0.9196807299716454,0.9353605298033679
q3_physical_training_coselection_replicated2,uniform_per_expert,1404,0.9324137369791666,0.8874740600585938,128,0.9896619858840285,0.9956841168341385,0.9998382110505188,0.995015796610484,0.0043158831658615116,0.9887294349413743,0.9952662632892743,0.9172578359821896,0.911728604610084
q3_physical_training_coselection_replicated2,uniform_per_expert,1408,0.9350179036458334,0.9289652506510416,128,0.9912741456331946,0.9962175279587666,0.9998566306845036,0.9957651591004135,0.0037824720412333868,0.9910565901826605,0.9961603843683049,0.9756742165485531,0.9851173669598565
q3_physical_training_coselection_replicated2,uniform_per_expert,1412,0.9376220703125,0.9291305541992188,128,0.9912741456331946,0.9962258132041104,0.9998588973737575,0.9957919029243887,0.003774186795889589,0.9910565901826605,0.9961734970662882,0.9756742165485531,0.9863279504214447
q3_physical_training_coselection_replicated2,uniform_per_expert,1416,0.9402262369791666,0.9295247395833333,128,0.9914100961672205,0.9962587237070117,0.9998588973737575,0.9958074730196271,0.0037412762929882604,0.9910565901826605,0.9961734970662882,0.9604730195998962,0.977727276785111
q3_physical_training_coselection_replicated2,uniform_per_expert,1420,0.9428304036458334,0.9300409952799478,128,0.9914100961672205,0.9962587237070117,0.9998606646877103,0.9958220303757663,0.0037412762929882604,0.9910565901826605,0.9961734970662882,0.9604730195998962,0.977727276785111
q3_physical_training_coselection_replicated2,uniform_per_expert,1424,0.9454345703125,0.9308916727701821,128,0.9914174830285241,0.9962587237070117,0.9998697535408622,0.9958410503457615,0.0037412762929882604,0.9910565901826605,0.9961734970662882,0.9596470637894843,0.977727276785111
q3_physical_training_coselection_replicated2,uniform_per_expert,1428,0.9480387369791666,0.9314142862955729,128,0.9914280335080873,0.9962587237070117,0.9998748364916729,0.9958501420637671,0.0037412762929882604,0.9910951119319554,0.9961734970662882,0.9626136147262144,0.977727276785111
q3_physical_training_coselection_replicated2,uniform_per_expert,1432,0.9506429036458334,0.9323081970214844,128,0.9915134029210594,0.996275808026236,0.9998748364916729,0.9958837072793443,0.003724191973763946,0.9910951119319554,0.9961667662722644,0.9530268111280363,0.9715535858972905
q3_physical_training_coselection_replicated2,uniform_per_expert,1436,0.9532470703125,0.9331652323404948,128,0.9915716913026773,0.996275808026236,0.9998747570383447,0.995919176813776,0.003724191973763946,0.991340988765417,0.9961667662722644,0.9733569421484382,0.9715535858972905
q3_physical_training_coselection_replicated2,uniform_per_expert,1440,0.9558512369791666,0.9340311686197917,128,0.9915934685541936,0.996275808026236,0.9998747570383447,0.9959474024438129,0.003724191973763946,0.991340988765417,0.9961667662722644,0.9708419608270914,0.9715535858972905
q3_physical_training_coselection_replicated2,uniform_per_expert,1444,0.9584554036458334,0.9352595011393229,128,0.9918551492968332,0.996275808026236,0.9998755698540855,0.9959841707753025,0.003724191973763946,0.991340988765417,0.9961667662722644,0.9406213345280485,0.9715535858972905
q3_physical_training_coselection_replicated2,uniform_per_expert,1448,0.9610595703125,0.9362373352050781,128,0.9918578896650725,0.9963019347742363,0.9998755698540855,0.9960118759352415,0.003698065225763658,0.9913426470110976,0.9961773117087578,0.9404849664053987,0.967399103462328
q3_physical_training_coselection_replicated2,uniform_per_expert,1452,0.9636637369791666,0.9372774759928385,128,0.9919237678971771,0.996333729039045,0.9998755698540855,0.9960392866805898,0.0036662709609549538,0.9913426470110976,0.996187869458472,0.9328754543306312,0.9617380415009236
q3_physical_training_coselection_replicated2,uniform_per_expert,1456,0.9662679036458334,0.938489278157552,128,0.9919237678971771,0.9963505288720016,0.9998751622431551,0.9960811757052137,0.003649471127998405,0.9913426470110976,0.996187869458472,0.9328754543306312,0.9573311008745369
q3_physical_training_coselection_replicated2,uniform_per_expert,1460,0.9688720703125,0.9396616617838541,128,0.992059051727685,0.9964846676985148,0.9998755463957057,0.9961105312588676,0.0035153323014851523,0.9913548683811524,0.996187869458472,0.9185456766213436,0.9221437364724019
q3_physical_training_coselection_replicated2,uniform_per_expert,1464,0.9714762369791666,0.9409446716308594,128,0.9920596487762783,0.9964846676985148,0.9998755463957057,0.9961388659883574,0.0035153323014851523,0.9915272397974085,0.9962578571863361,0.9371622746142508,0.9393902040962738
q3_physical_training_coselection_replicated2,uniform_per_expert,1468,0.9740804036458334,0.9421730041503906,128,0.9920596487762783,0.9964846676985148,0.999880020788181,0.9961503322004406,0.0035153323014851523,0.9915272397974085,0.9962695075803913,0.9371622746142508,0.9423239363810115
q3_physical_training_coselection_replicated2,uniform_per_expert,1472,0.9766845703125,0.9434763590494792,128,0.9920824136505197,0.9964846676985148,0.9998800370572923,0.9961826095806838,0.0035153323014851523,0.9915272397974085,0.9962743031100338,0.9344754436763821,0.9435368483551233
q3_physical_training_coselection_replicated2,uniform_per_expert,1476,0.9792887369791666,0.9449501037597656,128,0.9920824136505197,0.996572929377741,0.9998870030816733,0.9962122382539723,0.0034270706222589986,0.9915272397974085,0.9962743031100338,0.9344754436763821,0.9198468698536904
q3_physical_training_coselection_replicated2,uniform_per_expert,1480,0.9818929036458334,0.9461504618326823,128,0.9922038854911587,0.9966893914822885,0.9998910175904178,0.9962352389947791,0.0033106085177114775,0.9914159207166521,0.9963319110405835,0.9082062561985935,0.9025431374047448
q3_physical_training_coselection_replicated2,uniform_per_expert,1484,0.9844970703125,0.9476954142252604,128,0.992227274042716,0.9967252749665256,0.999892043338783,0.9962497096707028,0.0032747250334743683,0.9917041038155098,0.9963319110405835,0.9369362615476824,0.8927605272679346
q3_physical_training_coselection_replicated2,uniform_per_expert,1488,0.9871012369791666,0.9491055806477864,128,0.992227274042716,0.9967826610937799,0.9998923322165675,0.9962729578740588,0.003217338906220113,0.9917041038155098,0.9963319110405835,0.9369362615476824,0.8771158338351495
q3_physical_training_coselection_replicated2,uniform_per_expert,1492,0.9897054036458334,0.9503974914550781,128,0.9923015557137954,0.9968156852312192,0.999909269314353,0.9963097280871609,0.0031843147687807827,0.9917041038155098,0.9963602421517286,0.9279822354331508,0.8748699505636252
q3_physical_training_coselection_replicated2,uniform_per_expert,1496,0.9923095703125,0.9521980285644531,128,0.9923054740718961,0.9968376870025248,0.9999141787696865,0.9963341084980685,0.0031623129974751585,0.9917041038155098,0.9964032254848074,0.9275099105614899,0.8792080193289071
q3_physical_training_coselection_replicated2,uniform_per_expert,1500,0.9949137369791666,0.9537137349446614,128,0.9926478858622934,0.9968376870025248,0.9999185917550275,0.9963811578543165,0.0031623129974751585,0.9917041038155098,0.996436571015515,0.8862350702329124,0.8874353919339191
q3_physical_training_coselection_replicated2,uniform_per_expert,1504,0.9975179036458334,0.9564208984375,128,0.9926478858622934,0.9969079099245008,0.9999192341880248,0.9964070263368986,0.0030920900754991543,0.9917041038155098,0.996436571015515,0.8862350702329124,0.8677288333686296
q3_physical_training_coselection_replicated2,uniform_per_expert,1506,0.9988199869791666,0.9905738830566405,128,0.9935533634894889,0.9972824533678593,0.9999255179886772,0.9968623016511644,0.0027175466321407438,0.9933244549452312,0.9970646541126278,0.9657093851693671,0.9258011615706234
q3_physical_training_coselection_replicated2,uniform_per_expert,1507,0.9994710286458334,0.9905738830566405,128,0.9935533634894889,0.9972824533678593,0.9999255179886772,0.9968623016511644,0.0027175466321407438,0.9933244549452312,0.9970646541126278,0.9657093851693671,0.9258011615706234
q3_physical_training_coselection_replicated2,uniform_per_expert,1508,1.0001220703125,0.990613301595052,128,0.9936724042982361,0.9972986804106343,0.9999269019421942,0.9968683785866437,0.0027013195893657027,0.9933567160692802,0.9970646541126278,0.9524800938439362,0.9202730080249546
q3_physical_training_coselection_replicated2,uniform_per_expert,1512,1.0027262369791667,0.9909095764160156,128,0.9936724042982361,0.9972976073371458,0.9999269468041203,0.9968824707884383,0.002702392662854214,0.9933567160692802,0.9970646541126278,0.9524800938439362,0.9206385777157796
q3_physical_training_coselection_replicated2,uniform_per_expert,1516,1.0053304036458333,0.9912885030110677,128,0.9936519658214047,0.9972976073371458,0.9999276627073921,0.9968963824048358,0.002702392662854214,0.9933567160692802,0.997103313649784,0.9555566561352012,0.932925534948821
q3_physical_training_coselection_replicated2,uniform_per_expert,1520,1.0079345703125,0.9917310078938802,128,0.9937369000626762,0.9972976073371458,0.999927450163104,0.9969030721701047,0.002702392662854214,0.9933567160692802,0.997103313649784,0.9427716777785202,0.932925534948821
q3_physical_training_coselection_replicated2,uniform_per_expert,1524,1.0105387369791667,0.9922243754069011,128,0.9937942013499302,0.9972908441491355,0.999927450163104,0.9969248373233099,0.0027091558508645086,0.9933567160692802,0.997103313649784,0.9341462317112467,0.9352603365782036
q3_physical_training_coselection_replicated2,uniform_per_expert,1528,1.0131429036458333,0.9928054809570312,128,0.9940470970586223,0.9972967785826052,0.999927450163104,0.9969506255898503,0.0027032214173947633,0.9933567160692802,0.997103313649784,0.8960783557436717,0.9332116392902481
q3_physical_training_coselection_replicated2,uniform_per_expert,1532,1.0157470703125,0.9938824971516926,128,0.9940470970586223,0.997305301427955,0.9999274514568706,0.9969804280815948,0.0026946985720449623,0.9934609788327193,0.9971877563421354,0.9103660607744024,0.958202382111911
q3_physical_training_coselection_replicated2,uniform_per_expert,1536,1.0183512369791667,1.0084203084309897,128,0.994186378052529,0.9974790876371094,0.9999385599863877,0.9971554517648367,0.0025209123628906482,0.9937433632387639,0.9973668984072204,0.9291928186546107,0.9573927454236397
q3_physical_training_coselection_replicated2,uniform_per_expert,1568,1.0391845703125,1.0125223795572917,128,0.9944686250497414,0.9976180044134031,0.9999391226480322,0.9973020491737019,0.002381995586596908,0.9941148022863185,0.9974776863443995,0.9398792053153382,0.9443693020921295
q3_physical_training_coselection_replicated2,uniform_per_expert,1600,1.0600179036458333,1.0209019978841147,128,0.9948227635418304,0.997828945844432,0.9999568150116593,0.997485583968307,0.002171054155567953,0.994294964780441,0.9975718485939375,0.9074854508207194,0.8941181139476747
q3_physical_training_coselection_replicated2,uniform_per_expert,1632,1.0808512369791667,1.0317281087239585,128,0.99500563750412,0.9979666254998951,0.9999557319812807,0.9976525255312658,0.0020333745001048786,0.9944389027834453,0.9976430806178186,0.8980894059921131,0.8627255202182266
q3_physical_training_coselection_replicated2,uniform_per_expert,1664,1.1016845703125,1.0426953633626301,128,0.9951825253249679,0.9980454230913314,0.9999690358205453,0.9978101180002155,0.001954576908668626,0.994771206694037,0.9977062282630735,0.9213358404391632,0.8521235470830494
q3_physical_training_coselection_single,pooled_exact_combined_moe_local_control,384,0.268310546875,0.26788202921549475,128,0.9083910286481395,0.9692885458420848,0.9922747874029195,0.957391155928173,0.030711454157915208,0.9039481865242407,0.9689820775865026,0.9537453592688281,0.990119639494331
q3_physical_training_coselection_single,pooled_exact_combined_moe_local_control,416,0.2891438802083333,0.28879801432291674,128,0.9152085444011895,0.9726787237964629,0.9934702772571296,0.9617381451489033,0.02732127620353708,0.9122512450379444,0.9722853001105174,0.9662981045768243,0.9858045121356401
q3_physical_training_coselection_single,pooled_exact_combined_moe_local_control,448,0.3099772135416667,0.3096199035644531,128,0.9232778627605011,0.9756145148987122,0.9944645527938435,0.9656048261883164,0.024385485101287796,0.9204389333172104,0.9750015752412626,0.9643176045563906,0.975480868760127
q3_physical_training_coselection_single,pooled_exact_combined_moe_local_control,480,0.330810546875,0.3304125467936198,128,0.9299631524225872,0.9785751629993675,0.995365304832121,0.96902562913027,0.02142483700063247,0.9268942872487169,0.9773517859036728,0.9580215408840751,0.9459835071104725
q3_physical_training_coselection_single,pooled_exact_combined_moe_local_control,512,0.3516438802083333,0.3512293497721354,128,0.9356270953097501,0.9807504702692369,0.9960690905381594,0.9720000896799287,0.019249529730763104,0.9331582196383733,0.9800196142347563,0.9630638852223911,0.9634213251401792
q3_physical_training_coselection_single,pooled_exact_combined_moe_local_control,544,0.3724772135416667,0.37207285563151044,128,0.9405475384389824,0.9824056099338934,0.9966740912495735,0.9745951114055619,0.017594390066106635,0.9380673742004293,0.9818609013120765,0.959953833596858,0.9699704692505184
q3_physical_training_coselection_single,pooled_exact_combined_moe_local_control,576,0.393310546875,0.3928489685058594,128,0.9461182307521605,0.9836364460073792,0.9972750650869933,0.9768698518376184,0.016363553992620794,0.9433486407164836,0.9833833693254832,0.9511116755060324,0.9847696752215767
q3_physical_training_coselection_single,pooled_exact_combined_moe_local_control,608,0.4141438802083333,0.4137293497721354,128,0.9511794264061681,0.9850504817364751,0.9976957115275273,0.9789496333120822,0.014949518263524864,0.9481905582210681,0.9847533602706037,0.9423103572925304,0.9805123311664145
q3_physical_training_coselection_single,pooled_exact_combined_moe_local_control,640,0.4349772135416667,0.4345842997233073,128,0.9557824638686921,0.9862250796374414,0.998044118784052,0.9807368777231246,0.013774920362558563,0.9532101469446367,0.9857869715049685,0.9450240435461122,0.9691755959944732
q3_physical_training_coselection_single,pooled_exact_combined_moe_local_control,672,0.455810546875,0.45540746053059894,128,0.9595772678697099,0.9876585668813564,0.9982794006789663,0.9823807964211108,0.012341433118643552,0.9573641009624643,0.9870103068986693,0.9480914685228714,0.9500942803166975
q3_physical_training_coselection_single,pooled_exact_combined_moe_local_control,704,0.4766438802083333,0.4761912027994792,128,0.9632890019419977,0.9887725901299604,0.9985385129958403,0.9838801458099627,0.011227409870039562,0.9605630232287011,0.9881419616980788,0.9308775941648626,0.9468184858384637
q3_physical_training_coselection_single,pooled_exact_combined_moe_local_control,736,0.4974772135416667,0.4971402486165365,128,0.9664396919045394,0.9897264827598076,0.9987473017633227,0.9852663194160192,0.010273517240192431,0.9637529180283332,0.9891332151567308,0.9258761331931117,0.9454054155269092
q3_physical_training_coselection_single,pooled_exact_combined_moe_local_control,768,0.518310546875,0.5179061889648438,128,0.9693382560896286,0.9906223759367325,0.9989411424516141,0.9865438103405466,0.009377624063267476,0.9673530303002326,0.9900397754884372,0.9391911161233986,0.9415072975896335
q3_physical_training_coselection_single,pooled_exact_combined_moe_local_control,800,0.5391438802083334,0.538726806640625,128,0.9718942743853335,0.9914521703011758,0.9991104568420314,0.9877465425874061,0.008547829698824172,0.9701547464739667,0.9909305358401468,0.9417150901449227,0.942484533613562
q3_physical_training_coselection_single,pooled_exact_combined_moe_local_control,832,0.5599772135416666,0.5595258076985676,128,0.9742663063648114,0.9922239729240305,0.9992429837111955,0.9888261546037085,0.007776027075969472,0.9728437871701043,0.9917629920402173,0.9476171731449601,0.9440353965828446
q3_physical_training_coselection_single,pooled_exact_combined_moe_local_control,864,0.580810546875,0.5804735819498698,128,0.9761842565772458,0.9929171629415837,0.9993696191726774,0.989822987254434,0.00708283705841628,0.9750886105849693,0.9925510112552518,0.9560182704375597,0.9508454504525776
q3_physical_training_coselection_single,pooled_exact_combined_moe_local_control,896,0.6016438802083334,0.601250966389974,128,0.9784345352513993,0.9935812105495332,0.9994618870202581,0.9907312859547335,0.006418789450466811,0.9773284309924003,0.993177292618044,0.951211834583294,0.9407979986716951
q3_physical_training_coselection_single,pooled_exact_combined_moe_local_control,928,0.6224772135416666,0.6219749450683594,128,0.9799614630056003,0.9941406846029721,0.9995407047649384,0.9915377562304055,0.005859315397027887,0.9792877831388501,0.9938052192998283,0.9674742751456131,0.9458471059137781
q3_physical_training_coselection_single,pooled_exact_combined_moe_local_control,960,0.643310546875,0.6428604125976562,128,0.9817090861226323,0.9946470780492765,0.9996266092525565,0.9922647282130823,0.005352921950723455,0.9812951073068683,0.9943276949973008,0.977867886089718,0.9436943091346848
q3_physical_training_coselection_single,pooled_exact_combined_moe_local_control,992,0.6641438802083334,0.6636403401692708,128,0.9834045753373998,0.9951666805634221,0.9996954787191505,0.9929140383601998,0.004833319436577943,0.982592491577194,0.9949085629006087,0.9533486504512114,0.9493035742611412
q3_physical_training_coselection_single,pooled_exact_combined_moe_local_control,1024,0.6849772135416666,0.684399922688802,128,0.9848433202192636,0.9955390009494878,0.9997504646034839,0.9935194528763285,0.0044609990505122266,0.9840894431845925,0.9953291756854523,0.9526178094571103,0.9550774660091714
q3_physical_training_coselection_single,pooled_exact_combined_moe_local_control,1056,0.705810546875,0.7052625020345052,128,0.9861126338530297,0.9959331838837404,0.9997907500581164,0.994057112170651,0.004066816116259586,0.985520922325019,0.9956371651526087,0.9591333411358665,0.9321499113566676
q3_physical_training_coselection_single,pooled_exact_combined_moe_local_control,1088,0.7266438802083334,0.726178487141927,128,0.9875253919961758,0.9963593228273453,0.999834852795389,0.9945694209385736,0.003640677172654705,0.9866113934508386,0.9960236684863589,0.9317331088951527,0.9155869323684698
q3_physical_training_coselection_single,pooled_exact_combined_moe_local_control,1120,0.7474772135416666,0.7470410664876301,128,0.9888297427895564,0.9966659394243234,0.9998731410414177,0.9950553445724521,0.003334060575676645,0.988025642949616,0.9963364664187244,0.9328481824487973,0.910066879888073
q3_physical_training_coselection_single,pooled_exact_combined_moe_local_control,1152,0.768310546875,0.7678667704264323,128,0.9898873921000931,0.9970217085280231,0.9998947005072318,0.9954939089832342,0.002978291471976924,0.9890790947378284,0.9967386429246257,0.9259862307326706,0.9132061909029313
q3_physical_training_coselection_single,pooled_exact_combined_moe_local_control,1184,0.7891438802083334,0.7886695861816406,128,0.9907695785225369,0.9972678979870396,0.9999148266828515,0.9959061730776864,0.002732102012960369,0.9900536552747075,0.9970126286801291,0.9280214724501845,0.9145505263397975
q3_physical_training_coselection_single,pooled_exact_combined_moe_local_control,1216,0.8099772135416666,0.8094965616861979,128,0.9917163418442618,0.9975277036543992,0.9999314335799043,0.9962913135159278,0.002472296345600755,0.9911037482657279,0.9973092360919202,0.9311402603217748,0.9188083496203444
q3_physical_training_coselection_single,pooled_exact_combined_moe_local_control,1248,0.830810546875,0.8303489685058594,128,0.99245547901436,0.9977522134102724,0.9999454931414078,0.996636537408708,0.002247786589727574,0.991825000594535,0.9975063649344348,0.9228772519049327,0.901409601094972
q3_physical_training_coselection_single,pooled_exact_combined_moe_local_control,1280,0.8516438802083334,0.8511861165364584,128,0.9930771281176834,0.9979566647189659,0.9999572063113658,0.996944795252623,0.0020433352810340644,0.9925241684692142,0.9977877550250037,0.9260336932163157,0.9236478347238647
q3_physical_training_coselection_single,pooled_exact_combined_moe_local_control,1284,0.854248046875,0.8538029988606771,128,0.9931264434149168,0.9979914174962881,0.9999587958323832,0.9969810023411153,0.002008582503711942,0.9926043528467,0.9978155095673121,0.9294056953509637,0.9194741591248426
q3_physical_training_coselection_single,pooled_exact_combined_moe_local_control,1288,0.8568522135416666,0.8562876383463542,128,0.9932745743722742,0.9980047451926579,0.9999605786392642,0.9970163411325424,0.001995254807342084,0.9927016072816502,0.9978325837981643,0.9214940723615258,0.9205683733711152
q3_physical_training_coselection_single,pooled_exact_combined_moe_local_control,1292,0.8594563802083334,0.8590609232584636,128,0.9933226471962494,0.9980233715054427,0.9999616413668865,0.9970557875348678,0.0019766284945572643,0.9928064301781467,0.9978764076024988,0.9282391036875097,0.930794674572757
q3_physical_training_coselection_single,pooled_exact_combined_moe_local_control,1296,0.862060546875,0.8615887959798177,128,0.9933980698459819,0.9980548081161343,0.9999626295166546,0.9970892752142295,0.0019451918838656601,0.9928337993215803,0.9979044947850816,0.921259458153216,0.9282686914913709
q3_physical_training_coselection_single,pooled_exact_combined_moe_local_control,1300,0.8646647135416666,0.8641751607259115,128,0.9934198587665389,0.9980799999043565,0.9999641743161097,0.9971257216146004,0.001920000095643526,0.992952772521741,0.997928417935019,0.9337205665293274,0.9268279196369185
q3_physical_training_coselection_single,pooled_exact_combined_moe_local_control,1304,0.8672688802083334,0.8668022155761719,128,0.9935667223150311,0.9980902998382435,0.9999652890119769,0.9971602782275804,0.0019097001617565112,0.9929844363743449,0.9979399220512112,0.9170008324695601,0.9270038363739007
q3_physical_training_coselection_single,pooled_exact_combined_moe_local_control,1308,0.869873046875,0.8693326314290364,128,0.9936121328087332,0.9981279755830841,0.9999668205049103,0.9971943377209191,0.0018720244169159184,0.9931007579331302,0.9979669734359441,0.9258795573997091,0.9208066682518957
q3_physical_training_coselection_single,pooled_exact_combined_moe_local_control,1312,0.8724772135416666,0.8720258076985676,128,0.9937118713633286,0.998148461528883,0.9999679315154218,0.9972273119304098,0.0018515384711169647,0.9931884721246713,0.9979854049207375,0.9231597890756572,0.9190623416963667
q3_physical_training_coselection_single,pooled_exact_combined_moe_local_control,1316,0.8750813802083334,0.8745536804199219,128,0.9938030833885567,0.9981706232268583,0.9999688604378375,0.9972648836861038,0.0018293767731416555,0.9932677852303445,0.997998603705147,0.9204870645801488,0.9140502447447839
q3_physical_training_coselection_single,pooled_exact_combined_moe_local_control,1320,0.877685546875,0.8772163391113281,128,0.9938209730310997,0.9981902704503771,0.9999695339844593,0.9973014298934169,0.001809729549622885,0.9932883960957444,0.9980208828670466,0.9206483363808665,0.9144125526932598
q3_physical_training_coselection_single,pooled_exact_combined_moe_local_control,1324,0.8802897135416666,0.879748026529948,128,0.9938791647474721,0.9982100064351035,0.9999710744046414,0.997329461987021,0.0017899935648965082,0.9933752558641852,0.9980641424049415,0.9239353440742498,0.9246514668566703
q3_physical_training_coselection_single,pooled_exact_combined_moe_local_control,1328,0.8828938802083334,0.8824323018391927,128,0.9940172444867535,0.9982328896694399,0.9999722250155113,0.9973632000215779,0.0017671103305600955,0.9934489812164409,0.9980679566879395,0.9132557409637069,0.9146328757378939
q3_physical_training_coselection_single,pooled_exact_combined_moe_local_control,1332,0.885498046875,0.88494873046875,128,0.9941047853649008,0.9982459280117346,0.9999731569035558,0.9973892026599531,0.0017540719882653821,0.9935209291325798,0.9980985400855266,0.9098858085876419,0.9224869664166078
q3_physical_training_coselection_single,pooled_exact_combined_moe_local_control,1336,0.8881022135416666,0.8875872294108073,128,0.9941019794219768,0.9982652289065592,0.9999742975075199,0.9974188716239745,0.001734771093440779,0.9935467519784431,0.9981215366192255,0.9139615521239964,0.9235054093657961
q3_physical_training_coselection_single,pooled_exact_combined_moe_local_control,1340,0.8907063802083334,0.890160878499349,128,0.9941837613574143,0.9983039486779582,0.9999748603218606,0.997450346071906,0.0016960513220417583,0.9936493157463591,0.9981398768841296,0.9158444051522802,0.9117951965497553
q3_physical_training_coselection_single,pooled_exact_combined_moe_local_control,1344,0.893310546875,0.892870585123698,128,0.9942340742969488,0.9983265291949786,0.9999759196776424,0.9974839653275736,0.0016734708050214486,0.9937407942483966,0.9981566138493394,0.9211912712046831,0.9078243342675337
q3_physical_training_coselection_single,pooled_exact_combined_moe_local_control,1348,0.8959147135416666,0.8953857421875,128,0.9943288808638332,0.9983355005089702,0.999976006465027,0.9975124305179314,0.0016644994910297584,0.9938151725680385,0.998198449567398,0.9169405611642507,0.9239261143667832
q3_physical_training_coselection_single,pooled_exact_combined_moe_local_control,1352,0.8985188802083334,0.8980000813802084,128,0.994382647572315,0.9983570192103051,0.9999778020217774,0.9975373700567227,0.0016429807896949367,0.9938609879224805,0.9982298064110449,0.9150254726253442,0.9281362219059391
q3_physical_training_coselection_single,pooled_exact_combined_moe_local_control,1356,0.901123046875,0.9005775451660156,128,0.9944768369352734,0.9983915578124991,0.999978631770926,0.9975709225364744,0.0016084421875008914,0.9939112927720835,0.9982417236186788,0.9071158881483106,0.9147834803378747
q3_physical_training_coselection_single,pooled_exact_combined_moe_local_control,1360,0.9037272135416666,0.9031613667805989,128,0.9944838108097527,0.9983929946725812,0.9999795215332863,0.9975984635224466,0.0016070053274187535,0.9939714700802439,0.99824296035373,0.9150139857762348,0.9146095996354997
q3_physical_training_coselection_single,pooled_exact_combined_moe_local_control,1364,0.9063313802083334,0.9057858784993491,128,0.9945845501061764,0.9984119723919451,0.9999801587809064,0.9976276779198204,0.001588027608054876,0.9940680751592365,0.9982961615936081,0.9129329921055641,0.9320294706924422
q3_physical_training_coselection_single,pooled_exact_combined_moe_local_control,1368,0.908935546875,0.9083887736002605,128,0.9946700950623308,0.9984400476127311,0.9999804534410904,0.9976563448123394,0.0015599523872689147,0.9941338891521485,0.998319494352975,0.9085926052047381,0.9282636985067315
q3_physical_training_coselection_single,pooled_exact_combined_moe_local_control,1372,0.9115397135416666,0.9110209147135416,128,0.9946762177858691,0.9984526480928217,0.9999815110128432,0.997684092024713,0.0015473519071782516,0.9942239716083641,0.9983217952849954,0.9217029164607401,0.9220281014250613
q3_physical_training_coselection_single,pooled_exact_combined_moe_local_control,1376,0.9141438802083334,0.9136594136555989,128,0.9947762060378269,0.9984673058650866,0.9999820357315389,0.9977069934110401,0.0015326941349134149,0.9942453507034705,0.9983407650771521,0.9077519224887393,0.9237354601256171
q3_physical_training_coselection_single,pooled_exact_combined_moe_local_control,1380,0.916748046875,0.9162190755208335,128,0.9948296070673244,0.9984955475776789,0.9999830906484058,0.9977364771585034,0.001504452422321112,0.9943161060028609,0.9983563686558468,0.9096568189480793,0.9153223000235312
q3_physical_training_coselection_single,pooled_exact_combined_moe_local_control,1384,0.9193522135416666,0.9189453125,128,0.9948704004207918,0.9985122015849863,0.9999834571575517,0.9977630540095374,0.0014877984150136747,0.9943722855958608,0.9983859741627024,0.9114889652956378,0.9217934314513163
q3_physical_training_coselection_single,pooled_exact_combined_moe_local_control,1388,0.9219563802083334,0.9213778177897136,128,0.9949201571617661,0.9985421515573185,0.9999841415835129,0.9977861337371763,0.0014578484426814864,0.9944059461341249,0.9984163325685724,0.9080789996002808,0.9205521397679642
q3_physical_training_coselection_single,pooled_exact_combined_moe_local_control,1392,0.924560546875,0.9239552815755208,128,0.9949581004838238,0.9985495924809591,0.9999851143455,0.9978124948964903,0.0014504075190409083,0.9944493366426703,0.9984229860574633,0.9083417947727495,0.9197176257730681
q3_physical_training_coselection_single,pooled_exact_combined_moe_local_control,1396,0.9271647135416666,0.9267082214355469,128,0.9950520470040154,0.9985589386201807,0.9999855718937931,0.9978364102678531,0.0014410613798192529,0.9945434409283641,0.9984471660446351,0.9067899625067554,0.9280202656829735
q3_physical_training_coselection_single,pooled_exact_combined_moe_local_control,1400,0.9297688802083334,0.9291915893554688,128,0.9951313355528562,0.9985891410697738,0.999986109467702,0.9978620387841663,0.0014108589302261887,0.9946147596924187,0.9984632050279734,0.90407561576961,0.9180528020374974
q3_physical_training_coselection_single,pooled_exact_combined_moe_local_control,1404,0.932373046875,0.9318491617838542,128,0.9951418761783445,0.9986099313337893,0.9999868593530058,0.9978857101913277,0.0013900686662107198,0.994662049986836,0.9984814598170755,0.9101103999990381,0.9153980130664824
q3_physical_training_coselection_single,pooled_exact_combined_moe_local_control,1408,0.9349772135416666,0.9344202677408854,128,0.995179906962918,0.9986193010892297,0.9999876144606181,0.9979097458584469,0.001380698910770306,0.9946931287964305,0.9984845170160543,0.908273981445009,0.9110619686243957
q3_physical_training_coselection_single,pooled_exact_combined_moe_local_control,1412,0.9375813802083334,0.9371134440104169,128,0.9952885744353167,0.9986297365042154,0.9999885075416001,0.9979339710321722,0.0013702634957846183,0.9947675334872569,0.9985082391804709,0.9004215417736768,0.9185544209541568
q3_physical_training_coselection_single,pooled_exact_combined_moe_local_control,1416,0.940185546875,0.9396959940592448,128,0.9953284663362607,0.9986503346196305,0.9999885676414433,0.9979590802263856,0.0013496653803695136,0.9948645955880524,0.9985313875337518,0.9096720119784328,0.9190071658709643
q3_physical_training_coselection_single,pooled_exact_combined_moe_local_control,1420,0.9427897135416666,0.9423014322916666,128,0.9954044113018236,0.998672562465817,0.9999894167742609,0.9979801300104663,0.0013274375341829625,0.9949234405207359,0.9985371000739072,0.9052565456876347,0.9074014636997989
q3_physical_training_coselection_single,pooled_exact_combined_moe_local_control,1424,0.9453938802083334,0.9448827107747396,128,0.995389143705533,0.9986797372262057,0.9999898163475082,0.9980021850792198,0.0013202627737942674,0.9948982069025345,0.9985442124320154,0.9037717144502805,0.9069062017214883
q3_physical_training_coselection_single,pooled_exact_combined_moe_local_control,1428,0.947998046875,0.947411855061849,128,0.9955008959657764,0.9986969974455406,0.9999904527630934,0.9980288195609273,0.0013030025544593649,0.9949756711630194,0.9985631110184665,0.8954636888232412,0.906822010054501
q3_physical_training_coselection_single,pooled_exact_combined_moe_local_control,1432,0.9506022135416666,0.9501190185546875,128,0.9955252764032465,0.9987108861149896,0.9999908700593608,0.9980492234492954,0.0012891138850104067,0.9950945050156897,0.9985910204712045,0.9121859488319648,0.9149273347586896
q3_physical_training_coselection_single,pooled_exact_combined_moe_local_control,1436,0.9532063802083334,0.9527295430501301,128,0.9956196207188766,0.9987291240039806,0.9999914996828888,0.9980725573368686,0.0012708759960193827,0.9951368689414438,0.9985896469150335,0.9007323118336734,0.9011048435786287
q3_physical_training_coselection_single,pooled_exact_combined_moe_local_control,1440,0.955810546875,0.9552993774414062,128,0.9956474511186291,0.9987325191913614,0.9999917556218549,0.9980973956762416,0.001267480808638588,0.9951572795998639,0.99860360863788,0.8987817841493794,0.907683077267323
q3_physical_training_coselection_single,pooled_exact_combined_moe_local_control,1444,0.9584147135416666,0.9578437805175781,128,0.9956904167449857,0.998760801436005,0.9999922528617149,0.9981175404622475,0.0012391985639950143,0.9951757089231947,0.9986294258851742,0.8933091279948595,0.9041456062757617
q3_physical_training_coselection_single,pooled_exact_combined_moe_local_control,1448,0.9610188802083334,0.9604771931966146,128,0.995726845953549,0.9987861741479768,0.9999925598716427,0.9981371726629997,0.0012138258520232315,0.9952801319573721,0.9986411100504944,0.9053545581905325,0.893248090078847
q3_physical_training_coselection_single,pooled_exact_combined_moe_local_control,1452,0.963623046875,0.9631309509277344,128,0.99577696539171,0.9987878989770893,0.9999929564117686,0.9981567282379329,0.0012121010229106943,0.9953755508671128,0.9986642757346005,0.913197331603781,0.9074485313390276
q3_physical_training_coselection_single,pooled_exact_combined_moe_local_control,1456,0.9662272135416666,0.9656880696614583,128,0.9958497764534597,0.9988057665078504,0.9999933722257626,0.9981800351362466,0.0011942334921496434,0.9953494258839135,0.9986708080020159,0.892411010542656,0.8984657551060102
q3_physical_training_coselection_single,pooled_exact_combined_moe_local_control,1460,0.9688313802083334,0.968273162841797,128,0.9958684883856881,0.9988067428563985,0.99999378311717,0.998200312797267,0.0011932571436015227,0.995412832065544,0.9986848080596105,0.9006671814385754,0.9072874513267625
q3_physical_training_coselection_single,pooled_exact_combined_moe_local_control,1464,0.971435546875,0.9708646138509115,128,0.9959491339308388,0.9988347986592551,0.9999940268793238,0.9982235047308599,0.0011652013407449369,0.9955371885290824,0.9986952064572561,0.907693747665352,0.8930158700008297
q3_physical_training_coselection_single,pooled_exact_combined_moe_local_control,1468,0.9740397135416666,0.9735043843587239,128,0.9960007292243271,0.9988497273707115,0.9999941242908904,0.998245124047729,0.0011502726292884624,0.99555840914414,0.9987176032583921,0.9004140420535115,0.896970954438186
q3_physical_training_coselection_single,pooled_exact_combined_moe_local_control,1472,0.9766438802083334,0.9761238098144531,128,0.9960273024018951,0.998864439016312,0.9999942767638434,0.9982643866339211,0.0011355609836880554,0.995593846778427,0.9987275337125223,0.9016249318462563,0.8924094845286606
q3_physical_training_coselection_single,pooled_exact_combined_moe_local_control,1476,0.979248046875,0.9787012736002605,128,0.9961095856059499,0.9988727524853218,0.999994501631331,0.9982844538145059,0.0011272475146781868,0.9956593150822076,0.9987407511769467,0.8962674019723024,0.8951745628357752
q3_physical_training_coselection_single,pooled_exact_combined_moe_local_control,1480,0.9818522135416666,0.9812609354654948,128,0.9961480968718266,0.998887781315214,0.9999947841756187,0.99830264611103,0.0011122186847859483,0.9957213887019568,0.9987547113968198,0.9002694705955325,0.8931413023018079
q3_physical_training_coselection_single,pooled_exact_combined_moe_local_control,1484,0.9844563802083334,0.9839223225911458,128,0.9961731975813932,0.9988983872390831,0.9999950699884596,0.9983215881989042,0.0011016127609169146,0.9957951061189948,0.9987799257046246,0.9100829954100916,0.9029062943891937
q3_physical_training_coselection_single,pooled_exact_combined_moe_local_control,1488,0.987060546875,0.9865531921386719,128,0.9962213151651717,0.9989191455427573,0.9999952599978442,0.9983407831293258,0.0010808544572427081,0.995836903380947,0.9987856929160661,0.9076620555801316,0.8900997709254546
q3_physical_training_coselection_single,pooled_exact_combined_moe_local_control,1492,0.9896647135416666,0.989117940266927,128,0.9962565256622345,0.9989282010931995,0.999995620924921,0.9983567944267806,0.0010717989068005362,0.9958718744268716,0.9988009313092505,0.9068218181475002,0.8938594719962238
q3_physical_training_coselection_single,pooled_exact_combined_moe_local_control,1496,0.9922688802083334,0.9918212890625,128,0.9963322778977499,0.9989449908808232,0.9999958191221534,0.9983779599066344,0.0010550091191767752,0.9958698842794919,0.9988225865391316,0.888043423102641,0.8960396277435464
q3_physical_training_coselection_single,pooled_exact_combined_moe_local_control,1500,0.994873046875,0.9943962097167969,128,0.9963865574297867,0.9989468520764748,0.9999960700664381,0.9983997350748028,0.0010531479235251773,0.9959190020810443,0.9988319386235356,0.8854311229685778,0.9016203640881735
q3_physical_training_coselection_single,pooled_exact_combined_moe_local_control,1504,0.9974772135416666,0.9968452453613281,128,0.9964083770285546,0.9989659162721052,0.9999962773598302,0.9984167638011165,0.001034083727894819,0.9960231168413614,0.9988480081533648,0.9031250927359191,0.8976484780819011
q3_physical_training_coselection_single,pooled_exact_combined_moe_local_control,1506,0.998779296875,0.9981524149576824,128,0.996421805396701,0.9989663252381098,0.9999963909181131,0.9984269979280107,0.001033674761890202,0.9960639770160515,0.9988488233795365,0.9090888487926202,0.8979289046662718
q3_physical_training_coselection_single,pooled_exact_combined_moe_local_control,1507,0.9994303385416666,0.9988161722819011,128,0.996427505172053,0.9989738843462602,0.9999963462639533,0.9984301036678551,0.0010261156537397786,0.9959959221653577,0.9988477493633869,0.8922141315632343,0.8905316440144956
q3_physical_training_coselection_single,pooled_exact_combined_moe_local_control,1508,1.0000813802083333,0.9994824727376301,128,0.9964414168398977,0.9989775435329946,0.9999964359418003,0.9984353439767102,0.0010224564670053837,0.9959639861281763,0.9988561905946707,0.881707366009194,0.8939045808169429
q3_physical_training_coselection_single,pooled_exact_combined_moe_local_control,1512,1.002685546875,1.002215067545573,128,0.9964524217339531,0.9989994876037334,0.9999965947351099,0.9984524260454495,0.0010005123962666396,0.9960316889251969,0.9988705401313589,0.89397685795661,0.8858326214550634
q3_physical_training_coselection_single,pooled_exact_combined_moe_local_control,1516,1.0052897135416667,1.0046183268229167,128,0.9965369032954987,0.9990084245502593,0.999996733202507,0.9984740268063275,0.0009915754497407114,0.9961115004302699,0.9988914482258487,0.8905997396681273,0.8944782488845812
q3_physical_training_coselection_single,pooled_exact_combined_moe_local_control,1520,1.0078938802083333,1.0071551005045574,128,0.9965751773614656,0.9990223082460257,0.9999968442231469,0.9984892729039966,0.0009776917539743302,0.9961685242300191,0.9988951221390402,0.893865143391334,0.8848867268686235
q3_physical_training_coselection_single,pooled_exact_combined_moe_local_control,1524,1.010498046875,1.0098559061686196,128,0.9966047662267427,0.9990358458525262,0.9999969598140185,0.9985073221398055,0.0009641541474737503,0.9962244859696491,0.9989098750412857,0.899277223171057,0.8844436958960001
q3_physical_training_coselection_single,pooled_exact_combined_moe_local_control,1528,1.0131022135416667,1.0125617980957031,128,0.9966197771558679,0.9990405690230114,0.9999970480617505,0.9985240761710361,0.0009594309769885845,0.9962410120886014,0.9989193550423905,0.8992374872720458,0.8878318176868529
q3_physical_training_coselection_single,pooled_exact_combined_moe_local_control,1532,1.0157063802083333,1.015045166015625,128,0.9966683211827957,0.9990531839090917,0.9999971924140212,0.9985409469837262,0.0009468160909082979,0.9962674326217537,0.9989369904523682,0.8925970999536565,0.8906938728985174
q3_physical_training_coselection_single,pooled_exact_combined_moe_local_control,1536,1.018310546875,1.0177319844563804,128,0.9967238471328673,0.9990654649139956,0.9999973152712971,0.9985606569893978,0.0009345350860043844,0.9963449828804145,0.9989488379103376,0.8963440552924739,0.8890494579237942
q3_physical_training_coselection_single,pooled_exact_combined_moe_local_control,1568,1.0391438802083333,1.0385627746582031,128,0.9970034834053959,0.9991457534678454,0.9999980321400317,0.9986914662031957,0.0008542465321546011,0.9966047516795248,0.999039774599028,0.8825618369453114,0.8896312587543674
q3_physical_training_coselection_single,pooled_exact_combined_moe_local_control,1600,1.0599772135416667,1.0594749450683594,128,0.9972730768002955,0.9992162818814352,0.9999986671181731,0.9988135206281523,0.0007837181185648134,0.9969121790000592,0.9991304986273065,0.8831221757209318,0.9013420141443423
q3_physical_training_coselection_single,pooled_exact_combined_moe_local_control,1632,1.080810546875,1.0799840291341145,128,0.997499413765661,0.999287408911216,0.999998995935583,0.9989284187881178,0.0007125910887839648,0.9972012493272625,0.9992171246710577,0.8934651659746328,0.9102229466685675
q3_physical_training_coselection_single,pooled_exact_combined_moe_local_control,1664,1.1016438802083333,1.1009101867675781,128,0.9976881854126847,0.9993432544438259,0.9999992680052802,0.9990310448588053,0.0006567455561741209,0.9974431989417786,0.9992927450882967,0.9041824274445063,0.9285839452036472
q3_physical_training_coselection_single,pooled_router_square_multi_budget_column_generated,384,0.268310546875,0.26812616984049475,128,0.9044766856688183,0.9691530457456106,0.9921541711030866,0.9562731842289641,0.030846954254389436,0.9012698574429038,0.9686161663626609,0.967519258629045,0.9828931229640822
q3_physical_training_coselection_single,pooled_router_square_multi_budget_column_generated,416,0.2891438802083333,0.28893534342447913,128,0.9127703853249642,0.9723581250284941,0.9934700884173504,0.9606906862335716,0.027641874971505942,0.9102871887463212,0.9717119540961152,0.9723206023315737,0.977157456030213
q3_physical_training_coselection_single,pooled_router_square_multi_budget_column_generated,448,0.3099772135416667,0.30980428059895837,128,0.9207185588065154,0.9750759303682772,0.9944590661495645,0.9646792002530289,0.02492406963172278,0.9195210557985299,0.9745019773484618,0.9851202942599784,0.9774902929666659
q3_physical_training_coselection_single,pooled_router_square_multi_budget_column_generated,480,0.330810546875,0.33063634236653644,128,0.9267277357414552,0.9782377564119447,0.9952398356828767,0.9681290929498805,0.02176224358805534,0.9263291345947609,0.9771658700058922,0.9945894330886199,0.9530577076363722
q3_physical_training_coselection_single,pooled_router_square_multi_budget_column_generated,512,0.3516438802083333,0.3514862060546875,128,0.933175915919543,0.9800258395216412,0.9959931717954049,0.9711383782412681,0.01997416047835876,0.9314329611872246,0.9797805472842459,0.9745802828516843,0.9878685026324074
q3_physical_training_coselection_single,pooled_router_square_multi_budget_column_generated,544,0.3724772135416667,0.37229410807291674,128,0.9387936629630711,0.9816994793636665,0.9966107956554413,0.9738379253279124,0.018300520636333473,0.937214831280119,0.9812713133027045,0.9748534293186951,0.9771384898534341
q3_physical_training_coselection_single,pooled_router_square_multi_budget_column_generated,576,0.393310546875,0.3931490580240885,128,0.9445912598967936,0.9831986310283884,0.9972223047895955,0.976188462221333,0.016801368971611552,0.9424944745284266,0.9829262894979749,0.9635376713598853,0.984049071794836
q3_physical_training_coselection_single,pooled_router_square_multi_budget_column_generated,608,0.4141438802083333,0.4139289855957031,128,0.9494993929830079,0.9847914155212846,0.9976207374534322,0.9782453068036442,0.015208584478715426,0.9458245602276232,0.9840957959507932,0.932167920171486,0.9562619060759566
q3_physical_training_coselection_single,pooled_router_square_multi_budget_column_generated,640,0.4349772135416667,0.43473307291666674,128,0.9534743937731969,0.9859370262913427,0.9979994120343513,0.9800298562126555,0.014062973708657278,0.9521928140295318,0.9853933617297443,0.9731927383373554,0.9627796244735194
q3_physical_training_coselection_single,pooled_router_square_multi_budget_column_generated,672,0.455810546875,0.45555877685546875,128,0.9577027150818712,0.9871521909979093,0.9982372051793237,0.9817159199026516,0.012847809002090704,0.9546125998056706,0.9866767929147321,0.9319168918472952,0.9643180444366978
q3_physical_training_coselection_single,pooled_router_square_multi_budget_column_generated,704,0.4766438802083333,0.4764200846354167,128,0.962091468039655,0.9883536157730877,0.9984862539633419,0.9832752278750927,0.011646384226912332,0.9585882696482144,0.9878160577217937,0.9154056504840185,0.9558797933362254
q3_physical_training_coselection_single,pooled_router_square_multi_budget_column_generated,736,0.4974772135416667,0.49719746907552087,128,0.965041987009154,0.989207313607628,0.998723967514664,0.9847293096462761,0.010792686392371964,0.9622908823177203,0.9887079146975845,0.927044045034061,0.9557744299065158
q3_physical_training_coselection_single,pooled_router_square_multi_budget_column_generated,768,0.518310546875,0.5180702209472656,128,0.9684609511995125,0.9899555499507458,0.9989311059511515,0.9860577880136001,0.01004445004925425,0.9656164064490277,0.9898095416827313,0.917270289207326,0.9856720607190896
q3_physical_training_coselection_single,pooled_router_square_multi_budget_column_generated,800,0.5391438802083334,0.538848876953125,128,0.9706355062040853,0.9908918884607885,0.9990950465933848,0.9872823923352041,0.009108111539211539,0.9684972373444677,0.9907158964395029,0.9321244018183864,0.9810437248853594
q3_physical_training_coselection_single,pooled_router_square_multi_budget_column_generated,832,0.5599772135416666,0.55975341796875,128,0.9727322374983229,0.991882816857019,0.9992277187523559,0.9884290197528501,0.008117183142981044,0.9720879595279959,0.9915047996317168,0.9769175610441924,0.9555022590504753
q3_physical_training_coselection_single,pooled_router_square_multi_budget_column_generated,864,0.580810546875,0.580633799235026,128,0.9751309483178173,0.9925491995933552,0.9993381198558077,0.9894294111087739,0.007450800406644809,0.9743533948047971,0.9922746420292201,0.9696820102659957,0.9644602146368418
q3_physical_training_coselection_single,pooled_router_square_multi_budget_column_generated,896,0.6016438802083334,0.6014467875162761,128,0.9770014673864491,0.9932988349973213,0.9994442247181866,0.9903425046666041,0.0067011650026786995,0.9765085982066268,0.9929974915426429,0.9790191669208386,0.956966356197434
q3_physical_training_coselection_single,pooled_router_square_multi_budget_column_generated,928,0.6224772135416666,0.6222674051920573,128,0.9791082766539861,0.9938212880837488,0.9995288217320024,0.9911985314338001,0.006178711916251189,0.9787582580432893,0.9935418947207035,0.9835221324404492,0.9567375645081286
q3_physical_training_coselection_single,pooled_router_square_multi_budget_column_generated,960,0.643310546875,0.6431070963541667,128,0.9811414467555553,0.9942996938885853,0.9996163810012393,0.9919594675324517,0.005700306111414699,0.9805918588176755,0.994270152294358,0.97168260820463,0.9948442618818277
q3_physical_training_coselection_single,pooled_router_square_multi_budget_column_generated,992,0.6641438802083334,0.6639328002929688,128,0.9827161618901767,0.9949181552391444,0.9996816339743295,0.9926459602395078,0.005081844760855603,0.9822376644846484,0.9948055788498051,0.9730611210944222,0.978327442830654
q3_physical_training_coselection_single,pooled_router_square_multi_budget_column_generated,1024,0.6849772135416666,0.684771219889323,128,0.9841302058628075,0.9953298534171049,0.9997463939434992,0.9932484113302127,0.004670146582895107,0.9838312231619167,0.9950757120890018,0.9815086382918848,0.9483902377975358
q3_physical_training_coselection_single,pooled_router_square_multi_budget_column_generated,1056,0.705810546875,0.7054799397786459,128,0.98554573978451,0.9957551896295629,0.999787984531376,0.9938138150834008,0.004244810370437113,0.9852464175589725,0.9955285243751982,0.9797118952814367,0.9493086235095592
q3_physical_training_coselection_single,pooled_router_square_multi_budget_column_generated,1088,0.7266438802083334,0.7263501485188804,128,0.9869520301042639,0.9961915492833808,0.9998338618430785,0.9943419963398631,0.0038084507166191717,0.9863793969959124,0.995930887489546,0.9579583144608438,0.9359413648147576
q3_physical_training_coselection_single,pooled_router_square_multi_budget_column_generated,1120,0.7474772135416666,0.7471847534179688,128,0.9880386687118787,0.9965859260575494,0.9998686466398168,0.9948382271435816,0.003414073942450635,0.9876788936724094,0.9962704520037553,0.9708001026933973,0.915412255288921
q3_physical_training_coselection_single,pooled_router_square_multi_budget_column_generated,1152,0.768310546875,0.7680740356445312,128,0.9890674047782134,0.9968120715051402,0.9998912453315782,0.9952992290460887,0.0031879284948598263,0.9888755298252253,0.9965901528250427,0.9827519917826558,0.9349182914333264
q3_physical_training_coselection_single,pooled_router_square_multi_budget_column_generated,1184,0.7891438802083334,0.7888577779134115,128,0.9901793781675879,0.9971608384953481,0.9999114681530598,0.9957443137171608,0.0028391615046519103,0.9898316658880925,0.9968781757801042,0.9658044006354692,0.9094559157295083
q3_physical_training_coselection_single,pooled_router_square_multi_budget_column_generated,1216,0.8099772135416666,0.8096720377604167,128,0.9913894319862645,0.9973977607750018,0.9999264507659195,0.9961409478793882,0.0026022392249982484,0.9908677133536433,0.9972181029408084,0.9428709749458728,0.935418949597802
q3_physical_training_coselection_single,pooled_router_square_multi_budget_column_generated,1248,0.830810546875,0.8304735819498698,128,0.9922474830318778,0.9976493168248124,0.9999439265056119,0.9965241601300014,0.0023506831751876067,0.9916003216366571,0.9974748775027411,0.9229540266630946,0.9309184713768759
q3_physical_training_coselection_single,pooled_router_square_multi_budget_column_generated,1280,0.8516438802083334,0.8513437906901042,128,0.9929086519142427,0.9978876021922358,0.9999568620830329,0.996829627174386,0.002112397807764177,0.9924453438125479,0.9977356617351041,0.938672510012521,0.9328985163183104
q3_physical_training_coselection_single,pooled_router_square_multi_budget_column_generated,1284,0.854248046875,0.8540382385253906,128,0.9930196575971509,0.9979261591121737,0.9999572868015053,0.9968827988967144,0.0020738408878262504,0.9924978225346561,0.99775670792343,0.9304421862978558,0.9244631626377987
q3_physical_training_coselection_single,pooled_router_square_multi_budget_column_generated,1288,0.8568522135416666,0.8565991719563801,128,0.9930946263601426,0.9979338860016507,0.9999597656738802,0.9969192623224454,0.002066113998349328,0.9926651592628014,0.9977472039803639,0.9414483404986406,0.917133189308035
q3_physical_training_coselection_single,pooled_router_square_multi_budget_column_generated,1292,0.8594563802083334,0.8591639200846355,128,0.9931752324490739,0.9979560828269248,0.999961246175385,0.9969592262776414,0.0020439171730751715,0.9926776219589967,0.9977707951887718,0.932042502136498,0.9168817341413437
q3_physical_training_coselection_single,pooled_router_square_multi_budget_column_generated,1296,0.862060546875,0.8617477416992188,128,0.9932024475688233,0.9979778154197674,0.9999619041455522,0.996985592010268,0.002022184580232622,0.9927291897974807,0.9977976318308225,0.9349098988750155,0.9181864360979283
q3_physical_training_coselection_single,pooled_router_square_multi_budget_column_generated,1300,0.8646647135416666,0.8643798828124999,128,0.9932740824786229,0.9979986204744824,0.9999637164263534,0.9970297702092101,0.0020013795255175992,0.992794367068448,0.9978418766196644,0.9334249447991846,0.9273702994711851
q3_physical_training_coselection_single,pooled_router_square_multi_budget_column_generated,1304,0.8672688802083334,0.8669815063476564,128,0.9933138476515331,0.9980190955456621,0.9999649499690665,0.9970578399023176,0.0019809044543378507,0.9929221293123476,0.9978671145946534,0.9446559062079414,0.9287439678532241
q3_physical_training_coselection_single,pooled_router_square_multi_budget_column_generated,1308,0.869873046875,0.8695475260416667,128,0.9934562363058137,0.998028167920693,0.9999660685904653,0.9971023293635313,0.0019718320793069566,0.9930039209872512,0.9978563067049158,0.9353473112956204,0.9198293822295475
q3_physical_training_coselection_single,pooled_router_square_multi_budget_column_generated,1312,0.8724772135416666,0.8722508748372395,128,0.9934605370652005,0.998054031246872,0.9999672077057703,0.9971304442254996,0.0019459687531280245,0.9930148334377785,0.9978981421238027,0.936192841866855,0.925832700281652
q3_physical_training_coselection_single,pooled_router_square_multi_budget_column_generated,1316,0.8750813802083334,0.8747571309407554,128,0.9936208110115109,0.9980966538401006,0.9999686453393692,0.9971664030370794,0.0019033461598993995,0.9932470535963848,0.9979290366666156,0.944652690427687,0.9190631863041779
q3_physical_training_coselection_single,pooled_router_square_multi_budget_column_generated,1320,0.877685546875,0.8773880004882812,128,0.9936924301085681,0.9981315979260621,0.9999689104374944,0.997205349753705,0.0018684020739379026,0.9932320701113749,0.9979374459889445,0.9319792012079033,0.9058681925045798
q3_physical_training_coselection_single,pooled_router_square_multi_budget_column_generated,1324,0.8802897135416666,0.8799769083658854,128,0.9937152442830721,0.9981552985520212,0.9999698467849065,0.9972319632047928,0.0018447014479787693,0.9932335793926143,0.9979756609081261,0.92881540796738,0.9112610902905213
q3_physical_training_coselection_single,pooled_router_square_multi_budget_column_generated,1328,0.8828938802083334,0.8826077779134115,128,0.9937633187232116,0.9981723375315441,0.9999717290467044,0.9972726469663302,0.0018276624684558929,0.9933498222410513,0.9979899311991226,0.9378217399371237,0.9092536870668891
q3_physical_training_coselection_single,pooled_router_square_multi_budget_column_generated,1332,0.885498046875,0.8851915995279949,128,0.9939800226189077,0.9981817123577127,0.9999720958771298,0.997298262169116,0.0018182876422873084,0.9934663818328511,0.9980036337371574,0.9213849397200413,0.9107986225424711
q3_physical_training_coselection_single,pooled_router_square_multi_budget_column_generated,1336,0.8881022135416666,0.8877627054850259,128,0.9939312056499321,0.9982058586708837,0.999973664085023,0.9973377363286322,0.0017941413291162611,0.9934835219920134,0.998041212803819,0.9312997515882023,0.915944995257384
q3_physical_training_coselection_single,pooled_router_square_multi_budget_column_generated,1340,0.8907063802083334,0.8904279073079429,128,0.9940165388715632,0.9982336437471403,0.9999745829130917,0.997361155344423,0.001766356252859702,0.9936493157463591,0.9980740153506638,0.9421758175123314,0.9171185520447662
q3_physical_training_coselection_single,pooled_router_square_multi_budget_column_generated,1344,0.893310546875,0.8930028279622396,128,0.994127645238687,0.9982670077493665,0.999975267632167,0.9974058487236614,0.0017329922506335027,0.9936544602150069,0.9980754734172386,0.9254302959695939,0.9004771698954119
q3_physical_training_coselection_single,pooled_router_square_multi_budget_column_generated,1348,0.8959147135416666,0.8956476847330729,128,0.9941781343769841,0.9982950800018415,0.999975453369219,0.997431047964976,0.0017049199981584717,0.9937181147427145,0.9981081508666887,0.9267704494067209,0.9011923668428817
q3_physical_training_coselection_single,pooled_router_square_multi_budget_column_generated,1352,0.8985188802083334,0.8981730143229167,128,0.9941597443686574,0.9983087482863923,0.9999767696404991,0.9974585667092912,0.0016912517136077332,0.9937638556979904,0.9981463112510592,0.9365170766591461,0.9123709223428963
q3_physical_training_coselection_single,pooled_router_square_multi_budget_column_generated,1356,0.901123046875,0.9008852640787761,128,0.9943358733401436,0.9983248437499528,0.9999778385338651,0.9974915318334804,0.0016751562500472161,0.9938423650283781,0.9981595216260282,0.9198542437088401,0.910174372998557
q3_physical_training_coselection_single,pooled_router_square_multi_budget_column_generated,1360,0.9037272135416666,0.9034080505371094,128,0.9944111264505332,0.9983474673238024,0.9999794768656497,0.997511796783071,0.0016525326761975823,0.9938245887168874,0.9981846638628835,0.9050204582729954,0.9103177325729309
q3_physical_training_coselection_single,pooled_router_square_multi_budget_column_generated,1364,0.9063313802083334,0.9059969584147134,128,0.9944331872950434,0.9983711740395214,0.9999796128136365,0.9975439308672378,0.0016288259604786415,0.9940068996325042,0.9982005471388689,0.9288702614007307,0.9051784548858662
q3_physical_training_coselection_single,pooled_router_square_multi_budget_column_generated,1368,0.908935546875,0.9085553487141926,128,0.9945184863390791,0.9983891834381937,0.9999798663610701,0.997578532872972,0.001610816561806283,0.9940065255217839,0.9982707707932463,0.9145802957606668,0.931522874767027
q3_physical_training_coselection_single,pooled_router_square_multi_budget_column_generated,1372,0.9115397135416666,0.911280314127604,128,0.9945454352514413,0.9984003407696708,0.9999810903561392,0.9976093701738922,0.0015996592303292312,0.9940142752340417,0.9982621508226501,0.911262204967993,0.9204821978674974
q3_physical_training_coselection_single,pooled_router_square_multi_budget_column_generated,1376,0.9141438802083334,0.9137674967447917,128,0.9945943976910028,0.9984396705942904,0.9999820357315389,0.9976325560307047,0.001560329405709604,0.9940609833128822,0.9982986737671706,0.9101847315435877,0.9171253435119948
q3_physical_training_coselection_single,pooled_router_square_multi_budget_column_generated,1380,0.916748046875,0.916394551595052,128,0.9946458665572598,0.9984683265944736,0.9999828522299858,0.9976603721056359,0.0015316734055264014,0.9942331710385122,0.998306519015828,0.928436317167763,0.9044526746046081
q3_physical_training_coselection_single,pooled_router_square_multi_budget_column_generated,1384,0.9193522135416666,0.9190406799316405,128,0.9946979536981333,0.9984512900568515,0.99998302909094,0.9976828905350907,0.0015487099431484852,0.9942613211250867,0.9983059372123855,0.9239140954627473,0.9141986675294858
q3_physical_training_coselection_single,pooled_router_square_multi_budget_column_generated,1388,0.9219563802083334,0.9215965270996094,128,0.994783642644981,0.998486260930393,0.9999839381902378,0.9977113031078051,0.0015137390696069453,0.9942590622967823,0.9983454614961548,0.9086246227851124,0.9149010833467721
q3_physical_training_coselection_single,pooled_router_square_multi_budget_column_generated,1392,0.924560546875,0.9241994222005208,128,0.9948630068006981,0.9984839097651148,0.9999850394229304,0.997740914543688,0.0015160902348851923,0.9943328028793131,0.9983305462572212,0.9064433599019299,0.9081355152504207
q3_physical_training_coselection_single,pooled_router_square_multi_budget_column_generated,1396,0.9271647135416666,0.9267921447753906,128,0.9949167095937009,0.9985137305631395,0.9999855707345411,0.9977618786057205,0.0014862694368604767,0.994495882674594,0.9983657902725448,0.9235432505836164,0.9094728858179659
q3_physical_training_coselection_single,pooled_router_square_multi_budget_column_generated,1400,0.9297688802083334,0.9294230143229167,128,0.9950050661020826,0.9985244730542183,0.9999858239324513,0.9977869736233509,0.00147552694578168,0.9944949624743137,0.9983880921717674,0.9073387555690936,0.9153916371257577
q3_physical_training_coselection_single,pooled_router_square_multi_budget_column_generated,1404,0.932373046875,0.9319610595703125,128,0.9950110972470011,0.9985509078992585,0.9999867488297113,0.9978171716052591,0.0014490921007415114,0.9946113262242366,0.9984071597312337,0.9258127250971285,0.9097535573130007
q3_physical_training_coselection_single,pooled_router_square_multi_budget_column_generated,1408,0.9349772135416666,0.9346377054850259,128,0.9950877819963764,0.9985497203618774,0.9999875508956784,0.9978396360499169,0.001450279638122609,0.9945183393243404,0.9984251793991179,0.8961185841793391,0.9209173650066993
q3_physical_training_coselection_single,pooled_router_square_multi_budget_column_generated,1412,0.9375813802083334,0.937218983968099,128,0.9951381743564465,0.9985867305939026,0.9999885023098513,0.9978621328017897,0.0014132694060974282,0.9946630212730968,0.9984564286393185,0.9109696501216193,0.9155841071535897
q3_physical_training_coselection_single,pooled_router_square_multi_budget_column_generated,1416,0.940185546875,0.9398244222005208,128,0.9952113869612067,0.9985955254465972,0.9999885676414433,0.9978898408325754,0.001404474553402757,0.9947129515309854,0.9984594595308163,0.9057252012833885,0.9116765067177588
q3_physical_training_coselection_single,pooled_router_square_multi_budget_column_generated,1420,0.9427897135416666,0.9424425760904948,128,0.9952787412221634,0.9986069445407955,0.999989268395194,0.9979126677125036,0.0013930554592045397,0.9947955084599402,0.9984815657207282,0.9071508218423148,0.9174288793536884
q3_physical_training_coselection_single,pooled_router_square_multi_budget_column_generated,1424,0.9453938802083334,0.9450531005859374,128,0.9953771543726575,0.9986254384680708,0.9999897759758704,0.9979323991539529,0.0013745615319291637,0.9948020412054357,0.9985148635948624,0.889357882593601,0.9255456449482292
q3_physical_training_coselection_single,pooled_router_square_multi_budget_column_generated,1428,0.947998046875,0.9475911458333334,128,0.9953561354553274,0.9986176461887406,0.9999903945689494,0.9979524156940804,0.0013823538112593958,0.994935762131808,0.9985216016004874,0.9169917893944648,0.9350347049314643
q3_physical_training_coselection_single,pooled_router_square_multi_budget_column_generated,1432,0.9506022135416666,0.9501749674479167,128,0.9954079740208668,0.998652306362249,0.9999908024300659,0.9979789585980255,0.0013476936377510018,0.9949468371680955,0.9985406568898004,0.908742926339171,0.9234933363728952
q3_physical_training_coselection_single,pooled_router_square_multi_budget_column_generated,1436,0.9532063802083334,0.9528388977050781,128,0.9954939597322199,0.9986895853767647,0.9999914980669553,0.9980009290274806,0.0013104146232353342,0.9949733680672895,0.9985730276770597,0.8964333032735832,0.9183181777031192
q3_physical_training_coselection_single,pooled_router_square_multi_budget_column_generated,1440,0.955810546875,0.9554595947265625,128,0.9955409558710034,0.99872765501075,0.9999917556218549,0.9980275946482542,0.001272344989249996,0.9951144392841208,0.9985723683210446,0.912698539290206,0.891227764139378
q3_physical_training_coselection_single,pooled_router_square_multi_budget_column_generated,1444,0.9584147135416666,0.958044687906901,128,0.9956126352033307,0.9986963686476908,0.9999922528617149,0.9980383126801347,0.0013036313523091536,0.9950517398147289,0.9985748872526785,0.886647959565411,0.9147566427704332
q3_physical_training_coselection_single,pooled_router_square_multi_budget_column_generated,1448,0.9610188802083334,0.9606475830078125,128,0.995657587376691,0.9987031787392284,0.9999925598716427,0.9980732516389601,0.0012968212607715746,0.9952362147489001,0.9986067860777917,0.9115466786220975,0.9308127345699356
q3_physical_training_coselection_single,pooled_router_square_multi_budget_column_generated,1452,0.963623046875,0.9632148742675781,128,0.9956447119874136,0.9986996048430294,0.9999929564117686,0.9980903768050481,0.0013003951569705574,0.9951454948517486,0.9986259443813181,0.8971641556823269,0.9463919358795871
q3_physical_training_coselection_single,pooled_router_square_multi_budget_column_generated,1456,0.9662272135416666,0.9658800760904949,128,0.9957297774132655,0.9987261421699436,0.9999933465855149,0.9981130999547819,0.0012738578300564019,0.9953010596804329,0.9986410456969519,0.9087628904228999,0.937380916487892
q3_physical_training_coselection_single,pooled_router_square_multi_budget_column_generated,1460,0.9688313802083334,0.9684588114420574,128,0.9958440852673783,0.9987799399411585,0.9999937383451305,0.9981389534416104,0.0012200600588414545,0.9952724856101132,0.9986521971904319,0.8790908688743626,0.9052214835732387
q3_physical_training_coselection_single,pooled_router_square_multi_budget_column_generated,1464,0.971435546875,0.9710261027018229,128,0.9958216504150108,0.9987649810095025,0.9999940268793238,0.9981580100720511,0.001235018990497494,0.9953941770003134,0.9986679940495047,0.9071884840719049,0.9271872922476366
q3_physical_training_coselection_single,pooled_router_square_multi_budget_column_generated,1468,0.9740397135416666,0.9736417134602864,128,0.995836919174545,0.99878094917046,0.9999940704623551,0.9981788178805557,0.0012190508295399916,0.9954060338709482,0.9986942880251986,0.9062062515280802,0.933629202355569
q3_physical_training_coselection_single,pooled_router_square_multi_budget_column_generated,1472,0.9766438802083334,0.9763120015462241,128,0.9959322834660536,0.9988206390061152,0.9999942354602186,0.998197429796186,0.001179360993884826,0.995493246996439,0.9986980923631543,0.9025825313107645,0.9058714769829878
q3_physical_training_coselection_single,pooled_router_square_multi_budget_column_generated,1476,0.979248046875,0.9789543151855469,128,0.9960159603491615,0.9988191907173023,0.9999944453877787,0.9982245476696544,0.0011808092826977035,0.9954584509086809,0.9986932255524645,0.877242449818223,0.9036060392248053
q3_physical_training_coselection_single,pooled_router_square_multi_budget_column_generated,1480,0.9818522135416666,0.9814414978027344,128,0.9960271438217111,0.9988409331299775,0.9999947841756187,0.9982457043716007,0.0011590668700225404,0.9955268570695646,0.9987216095452004,0.8881576645488884,0.9066610796966805
q3_physical_training_coselection_single,pooled_router_square_multi_budget_column_generated,1484,0.9844563802083334,0.9841130574544271,128,0.9960271677175295,0.9988477750235791,0.9999950699884596,0.9982625513406748,0.001152224976420868,0.9956250653155013,0.998748394384229,0.9080895073810044,0.9205974804700017
q3_physical_training_coselection_single,pooled_router_square_multi_budget_column_generated,1488,0.987060546875,0.986718495686849,128,0.9961430696551471,0.9988675016120848,0.9999951876489556,0.9982831582107993,0.0011324983879151818,0.9956272181983729,0.9987487868769178,0.8820312834767359,0.9051202924769796
q3_physical_training_coselection_single,pooled_router_square_multi_budget_column_generated,1492,0.9896647135416666,0.9892730712890623,128,0.996201275448303,0.9988948794937031,0.9999955623356027,0.9983058029885232,0.0011051205062968528,0.9956281156816005,0.9987770905640783,0.8688986887667024,0.90368139605031
q3_physical_training_coselection_single,pooled_router_square_multi_budget_column_generated,1496,0.9922688802083334,0.9919166564941406,128,0.9961419094685251,0.9988655792327115,0.9999957809873995,0.9983246565981687,0.0011344207672885354,0.9957877959199658,0.9987873934418081,0.9159315308966646,0.9355225399572853
q3_physical_training_coselection_single,pooled_router_square_multi_budget_column_generated,1500,0.994873046875,0.9945437113444011,128,0.9962218307385308,0.9989197153324969,0.9999960589271719,0.998350305400885,0.0010802846675030953,0.9958191818665251,0.9987920929258498,0.9036913687343224,0.894344184765301
q3_physical_training_coselection_single,pooled_router_square_multi_budget_column_generated,1504,0.9974772135416666,0.9970893859863281,128,0.9962382679912399,0.9989274251145563,0.9999962055983309,0.998360923743579,0.0010725748854436556,0.99583668076722,0.9988030218500523,0.9035415730655383,0.8960688927283572
q3_physical_training_coselection_single,pooled_router_square_multi_budget_column_generated,1506,0.998779296875,0.9984143575032551,128,0.9962806580414992,0.99892705426444,0.9999963002537151,0.9983697441433829,0.0010729457355600491,0.9958554110689603,0.9988240837362874,0.897397068897662,0.9124337919883356
q3_physical_training_coselection_single,pooled_router_square_multi_budget_column_generated,1507,0.9994303385416666,0.9990132649739583,128,0.9962772524519671,0.998931298854094,0.9999963462639533,0.9983727409378695,0.0010687011459059592,0.9958619767423159,0.998817081149521,0.8996439401639371,0.903444175797149
q3_physical_training_coselection_single,pooled_router_square_multi_budget_column_generated,1508,1.0000813802083333,0.9997024536132812,128,0.9962652813481374,0.9989346891255857,0.9999963969645463,0.9983774259186798,0.0010653108744143047,0.9958649901327659,0.9988286385486528,0.9031946166456669,0.909463832183531
q3_physical_training_coselection_single,pooled_router_square_multi_budget_column_generated,1512,1.002685546875,1.0023549397786458,128,0.9962510175018403,0.9989467967500343,0.9999965432228963,0.9983986762000941,0.0010532032499657173,0.9959479870778932,0.9988487772232271,0.9252148426541724,0.914856160957848
q3_physical_training_coselection_single,pooled_router_square_multi_budget_column_generated,1516,1.0052897135416667,1.0048751831054688,128,0.9963350563857327,0.9989399404018302,0.999996733202507,0.9984212132016776,0.0010600595981697936,0.9960333622428458,0.998853244156647,0.9239420987351799,0.9243986889748795
q3_physical_training_coselection_single,pooled_router_square_multi_budget_column_generated,1520,1.0078938802083333,1.007452646891276,128,0.9964284038974895,0.9989774006420139,0.9999968081554177,0.9984369232530101,0.0010225993579860981,0.9959765381275643,0.9988636626577782,0.8876922947820223,0.8999082578652547
q3_physical_training_coselection_single,pooled_router_square_multi_budget_column_generated,1524,1.010498046875,1.0100529988606772,128,0.9964220467716661,0.998968984434704,0.9999969536465452,0.9984576123629363,0.0010310155652959452,0.9960328603462214,0.998881379171707,0.9018974728872902,0.9216845773105333
q3_physical_training_coselection_single,pooled_router_square_multi_budget_column_generated,1528,1.0131022135416667,1.0127118428548179,128,0.9965227994641601,0.9990019271493892,0.9999970439820469,0.9984778137164454,0.0009980728506108205,0.9961709996710253,0.998893614721939,0.9081222870437771,0.9021024324908242
q3_physical_training_coselection_single,pooled_router_square_multi_budget_column_generated,1532,1.0157063802083333,1.0152765909830728,128,0.9964881787653876,0.999004598424727,0.9999971924140212,0.9984931884358226,0.0009954015752730028,0.9961567448056872,0.9989113540633745,0.9137621773878231,0.9143483126924374
q3_physical_training_coselection_single,pooled_router_square_multi_budget_column_generated,1536,1.018310546875,1.0179201761881511,128,0.9965669740849862,0.9990299455297713,0.9999973135750216,0.9985096536036433,0.0009700544702286873,0.9961916593510988,0.9989137414325406,0.9014492745033995,0.8930235390433192
q3_physical_training_coselection_single,pooled_router_square_multi_budget_column_generated,1568,1.0391438802083333,1.0387166341145835,128,0.9968820796482567,0.9991039386587616,0.9999980240606038,0.9986473300059284,0.00089606134123843,0.9965059487233348,0.9990173886679623,0.8923510575148371,0.9119183872836235
q3_physical_training_coselection_single,pooled_router_square_multi_budget_column_generated,1600,1.0599772135416667,1.0595614115397134,128,0.997189360225232,0.9991945465492174,0.9999986671181731,0.998774785083335,0.000805453450782645,0.9967928301353296,0.999109804417588,0.8763613694832716,0.9048050413823265
q3_physical_training_coselection_single,pooled_router_square_multi_budget_column_generated,1632,1.080810546875,1.0803082784016929,128,0.997388922067367,0.9992627402376358,0.9999989770636838,0.9988894846414312,0.0007372597623641619,0.997115354924787,0.9991710472802738,0.9051643666908394,0.8893869877255609
q3_physical_training_coselection_single,pooled_router_square_multi_budget_column_generated,1664,1.1016438802083333,1.1010983784993489,128,0.9976458797096496,0.9993178191403624,0.9999992680052802,0.9990032280415876,0.00068218085963756,0.9973584534766048,0.9992425064664631,0.8911901681461385,0.9005764794483191
q3_physical_training_coselection_single,uniform_per_expert,384,0.268310546875,0.26709238688151044,128,0.8581907551465402,0.9392386063040915,0.9834801435947347,0.9293821125990784,0.060761393695908494,0.8583700328527172,0.9391208266752388,1.0012658176075868,0.998065354333502
q3_physical_training_coselection_single,uniform_per_expert,416,0.2891438802083333,0.27035395304361975,128,0.8591071798996304,0.9391710032087942,0.9835900782023316,0.9298833834298253,0.06082899679120579,0.8608515075205858,0.9392093227260514,1.012535727767324,1.0006303518726154
q3_physical_training_coselection_single,uniform_per_expert,448,0.3099772135416667,0.27888743082682294,128,0.8634114254798819,0.9412898713624699,0.983943832799583,0.9310474804377749,0.05871012863753011,0.8620139800991259,0.9402917184863534,0.9898725582362624,0.9832828403227724
q3_physical_training_coselection_single,uniform_per_expert,480,0.330810546875,0.291894276936849,128,0.8672244304152829,0.9422246925818456,0.9843026003084897,0.9335472806347375,0.0577753074181544,0.8676078552970875,0.9402870345591136,1.0028961301493005,0.9675504639833998
q3_physical_training_coselection_single,uniform_per_expert,512,0.3516438802083333,0.3502146402994792,128,0.8997375499128011,0.9574087248053831,0.9905317690882507,0.9499920568086117,0.04259127519461692,0.8993678590614463,0.9573280045292015,0.9963263143573535,0.9981083547818429
q3_physical_training_coselection_single,uniform_per_expert,544,0.3724772135416667,0.35422770182291663,128,0.9008410701388435,0.9576215906394315,0.9905245266543099,0.9505832028740027,0.04237840936056847,0.8994502352322311,0.9573797641479493,0.9861676960674677,0.9943260170515796
q3_physical_training_coselection_single,uniform_per_expert,576,0.393310546875,0.36227162679036456,128,0.9036917223099802,0.957401460854044,0.9906201221082871,0.9513600080931731,0.042598539145956016,0.9031028660198848,0.9571898836784549,0.9939228719580472,0.9950577762041123
q3_physical_training_coselection_single,uniform_per_expert,608,0.4141438802083333,0.3741353352864583,128,0.9062583394954333,0.9575539699874853,0.9909485458492873,0.9524180261286931,0.04244603001251468,0.9041942026963868,0.9573512942730481,0.9784549906462848,0.9952477874537436
q3_physical_training_coselection_single,uniform_per_expert,640,0.4349772135416667,0.38990910847981775,128,0.9111285600275641,0.958505641505272,0.9917640075878345,0.9538631764758707,0.041494358494728045,0.9070156760670046,0.9578336396434407,0.9557679855421298,0.9840630811825163
q3_physical_training_coselection_single,uniform_per_expert,672,0.455810546875,0.4079106648763021,128,0.9160481509094748,0.9606253864022598,0.9919847812320441,0.9557365170584629,0.03937461359774019,0.9128853933733115,0.959922975503203,0.9636942912488077,0.9824734768143054
q3_physical_training_coselection_single,uniform_per_expert,704,0.4766438802083333,0.4278539021809896,128,0.9161169064693329,0.9625423751127268,0.9927051903751893,0.9577934060271306,0.03745762488727322,0.9132587226310555,0.9617367624333839,0.9670493227103351,0.9789455171444835
q3_physical_training_coselection_single,uniform_per_expert,736,0.4974772135416667,0.45107269287109375,128,0.9196666289305349,0.9660921767566526,0.9929237570049151,0.9607323000609662,0.0339078232433474,0.917212703695066,0.9640628810648901,0.9703586740358063,0.9435320428600111
q3_physical_training_coselection_single,uniform_per_expert,768,0.518310546875,0.5160357157389324,128,0.9488702322396912,0.9778688989355225,0.9968419363237537,0.9745318423967321,0.022131101064477465,0.9489836038835402,0.9776760619972176,1.0022222589692567,0.991361876283614
q3_physical_training_coselection_single,uniform_per_expert,800,0.5391438802083334,0.5198593139648438,128,0.948790406268667,0.9780911180566236,0.9969900676870755,0.9748697592867046,0.021908881943376368,0.9490156737276007,0.9777517066288975,1.0044183668865239,0.9847443836673361
q3_physical_training_coselection_single,uniform_per_expert,832,0.5599772135416666,0.5291659037272136,128,0.9496266938176162,0.9788746836089601,0.9971150876738833,0.975497592827328,0.021125316391039872,0.9493412733920834,0.9780334272735912,0.994365819185668,0.9617028862059337
q3_physical_training_coselection_single,uniform_per_expert,864,0.580810546875,0.5446713765462239,128,0.9521922912218522,0.9797198350665139,0.9973161268828262,0.9763786120853001,0.020280164933486056,0.9499591445698776,0.9786011370034937,0.9553735316317085,0.9477216119752309
q3_physical_training_coselection_single,uniform_per_expert,896,0.6016438802083334,0.5599594116210938,128,0.9545941105193697,0.980050191854106,0.9975464873069401,0.9771992937443694,0.019949808145893977,0.9505370127902416,0.9794501584676415,0.9179770984731854,0.9708010699002377
q3_physical_training_coselection_single,uniform_per_expert,928,0.6224772135416666,0.5766919453938801,128,0.9558817855496399,0.9804056207956021,0.9976621789130746,0.9783476832422496,0.019594379204397883,0.9540023579102931,0.9799764293661765,0.9591407830061934,0.9785656895428694
q3_physical_training_coselection_single,uniform_per_expert,960,0.643310546875,0.5940869649251302,128,0.9566548062355681,0.9809034385133714,0.9979590496007616,0.9791147112645961,0.019096561486628638,0.9538326300523281,0.9804485703464458,0.9388707611796218,0.9767347874306042
q3_physical_training_coselection_single,uniform_per_expert,992,0.6641438802083334,0.6133918762207031,128,0.9567239452855855,0.9814004612708178,0.9982983792416892,0.9800830967432275,0.018599538729182186,0.9547592891475971,0.9807195885236475,0.956573269938264,0.9646857771679086
q3_physical_training_coselection_single,uniform_per_expert,1024,0.6849772135416666,0.6817804972330729,128,0.9730108712302907,0.9886815790119753,0.9989236498142284,0.9870980473918641,0.011318420988024713,0.9727964799441474,0.9888141358628604,0.9921189873331415,1.0118503898545461
q3_physical_training_coselection_single,uniform_per_expert,1056,0.705810546875,0.6872711181640625,128,0.9753174060812442,0.9890402376027547,0.9989339865822661,0.9874539150483763,0.010959762397245276,0.9736682353045331,0.9890016799113525,0.9373695308391152,0.9964942199270903
q3_physical_training_coselection_single,uniform_per_expert,1088,0.7266438802083334,0.6964098612467448,128,0.9761611051050986,0.989169400971015,0.9990677523618827,0.9877990717534957,0.010830599028984977,0.9748384001478112,0.9890016799113525,0.9474316035125919,0.9847503020178796
q3_physical_training_coselection_single,uniform_per_expert,1120,0.7474772135416666,0.7078374226888021,128,0.9767527196699146,0.9897463515617435,0.9992745204849295,0.988249642791623,0.01025364843825649,0.975275117724573,0.9891377480129637,0.9402382616474515,0.9439707760871197
q3_physical_training_coselection_single,uniform_per_expert,1152,0.768310546875,0.764581044514974,128,0.9809729725947108,0.9923960356619624,0.9994649090429887,0.9909417547745052,0.007603964338037561,0.9806485648150222,0.9922123409259804,0.9832359834509584,0.9764120727119612
q3_physical_training_coselection_single,uniform_per_expert,1184,0.7891438802083334,0.7700678507486979,128,0.9812263714130847,0.9924506642328692,0.9994807208710708,0.9912305643167595,0.007549335767130794,0.9808340199088184,0.9922313795268342,0.9795287534266598,0.9717730185439619
q3_physical_training_coselection_single,uniform_per_expert,1216,0.8099772135416666,0.7814318339029949,128,0.9822183585607546,0.9927947132600425,0.9995176271621303,0.9916612294099438,0.007205286739957462,0.9817347796873569,0.9922150162431649,0.9735246076904454,0.9255365155555155
q3_physical_training_coselection_single,uniform_per_expert,1248,0.830810546875,0.7946968078613281,128,0.9846971512494515,0.9928122956302763,0.9995467007439793,0.9922533394244714,0.007187704369723713,0.9828389244596857,0.9925359745995451,0.8917185123158233,0.9629796234731028
q3_physical_training_coselection_single,uniform_per_expert,1280,0.8516438802083334,0.8468246459960938,128,0.9872545753907279,0.9943331494124883,0.9997252802461516,0.9937568900884182,0.005666850587511707,0.9871371392633973,0.9942016065960907,0.9908701392532037,0.9773139200405213
q3_physical_training_coselection_single,uniform_per_expert,1284,0.854248046875,0.8470598856608073,128,0.9872545753907279,0.9944689203129582,0.9997252802461516,0.9937772339752395,0.005531079687041807,0.9871371392633973,0.9942016065960907,0.9908701392532037,0.9538986580856558
q3_physical_training_coselection_single,uniform_per_expert,1288,0.8568522135416666,0.8473396301269531,128,0.9872296402963769,0.9944689203129582,0.9997244054987361,0.9938203942089652,0.005531079687041807,0.9870979865860605,0.9942016065960907,0.989795878666954,0.9538986580856558
q3_physical_training_coselection_single,uniform_per_expert,1292,0.8594563802083334,0.8479258219401042,128,0.9872296402963769,0.9945191957075938,0.9997250288208662,0.9938472715787328,0.005480804292406161,0.9870979865860605,0.994241160087836,0.989795878666954,0.9517202033745483
q3_physical_training_coselection_single,uniform_per_expert,1296,0.862060546875,0.8485908508300782,128,0.9872296402963769,0.9945191957075938,0.9997250288208662,0.9938774241088146,0.005480804292406161,0.9870979865860605,0.994241160087836,0.989795878666954,0.9517202033745483
q3_physical_training_coselection_single,uniform_per_expert,1300,0.8646647135416666,0.8493385314941406,128,0.9872296402963769,0.9946350664246233,0.9997245411349374,0.9938994494306037,0.005364933575376707,0.9870979865860605,0.99432926122713,0.989795878666954,0.9460731291385912
q3_physical_training_coselection_single,uniform_per_expert,1304,0.8672688802083334,0.850073496500651,128,0.9873125747594614,0.9946350664246233,0.9997244838767219,0.9939317816459531,0.005364933575376707,0.9871060089108291,0.99432926122713,0.9839796811395497,0.9460731291385912
q3_physical_training_coselection_single,uniform_per_expert,1308,0.869873046875,0.8507359822591145,128,0.9873485682428773,0.9946350664246233,0.9997244838767219,0.9939531696394726,0.005364933575376707,0.9871060089108291,0.9944805543265922,0.9811881883296854,0.9720058666805066
q3_physical_training_coselection_single,uniform_per_expert,1312,0.8724772135416666,0.8517786661783854,128,0.9873485682428773,0.9946664093012594,0.9997271244891808,0.9939847136554469,0.00533359069874062,0.9871060089108291,0.9944805543265922,0.9811881883296854,0.9663272390626836
q3_physical_training_coselection_single,uniform_per_expert,1316,0.8750813802083334,0.8529294331868489,128,0.9874002917090027,0.9946977934206858,0.9997271269794937,0.9940309155693113,0.005302206579314239,0.9871060089108291,0.9944805543265922,0.9771767487554169,0.9606411391745033
q3_physical_training_coselection_single,uniform_per_expert,1320,0.877685546875,0.8540980021158853,128,0.9874238327788982,0.9946977934206858,0.9997268740603911,0.9940727636446364,0.005302206579314239,0.9871060089108291,0.9944805543265922,0.975351009173875,0.9606411391745033
q3_physical_training_coselection_single,uniform_per_expert,1324,0.8802897135416666,0.8552754720052083,128,0.9876229922000783,0.9947747999235161,0.9997267378752311,0.9941052100639687,0.00522520007648386,0.9871060089108291,0.994623196038682,0.9599050995402503,0.9718040892089753
q3_physical_training_coselection_single,uniform_per_expert,1328,0.8828938802083334,0.8564224243164062,128,0.9876671956022819,0.9947749533987911,0.9997267378752311,0.9941300063885548,0.005225046601208927,0.9872896946269561,0.9945805173077782,0.9702996140339517,0.9641227581938874
q3_physical_training_coselection_single,uniform_per_expert,1332,0.885498046875,0.8581148783365885,128,0.9877919440462994,0.9947749533987911,0.9997267378752311,0.9941881581437801,0.005225046601208927,0.9874586335502328,0.9945805173077782,0.973423111636065,0.9641227581938874
q3_physical_training_coselection_single,uniform_per_expert,1336,0.8881022135416666,0.8595237731933594,128,0.9879473641446133,0.9947771461631034,0.999727555095081,0.9942239414515637,0.005222853836896579,0.9877589250248411,0.9945750780308349,0.9846059990519966,0.9627518822543308
q3_physical_training_coselection_single,uniform_per_expert,1340,0.8907063802083334,0.8614222208658854,128,0.9880255131856329,0.9948352152172459,0.9997424309841753,0.9942881085208818,0.005164784782754062,0.9877995067952375,0.9946484060200075,0.9814756349106312,0.965092793299181
q3_physical_training_coselection_single,uniform_per_expert,1344,0.893310546875,0.8627815246582031,128,0.9880255131856329,0.9949395007517717,0.9997753841386274,0.9943412389702708,0.005060499248228267,0.9878007194598627,0.9946484060200075,0.981573198105362,0.9456059759293138
q3_physical_training_coselection_single,uniform_per_expert,1348,0.8959147135416666,0.8640696207682292,128,0.9880650230760687,0.9949458680080536,0.9997752622604742,0.9943849439816965,0.005054131991946376,0.9879141811782209,0.9947030440495852,0.9875190998580973,0.9541578293756806
q3_physical_training_coselection_single,uniform_per_expert,1352,0.8985188802083334,0.8655509948730469,128,0.9880650230760687,0.9949458680080536,0.9997752622604742,0.9944240983895781,0.005054131991946376,0.9879141811782209,0.994847984305063,0.9875190998580973,0.9810008919253159
q3_physical_training_coselection_single,uniform_per_expert,1356,0.901123046875,0.8669141133626304,128,0.9880650230760687,0.9949818986052499,0.999775280802039,0.9944641620950232,0.0050181013947501185,0.9879141811782209,0.994847984305063,0.9875190998580973,0.974007396693602
q3_physical_training_coselection_single,uniform_per_expert,1360,0.9037272135416666,0.8681653340657552,128,0.9880650230760687,0.995005683192024,0.999775280802039,0.9944932003223964,0.004994316807976018,0.9879141811782209,0.994847984305063,0.9875190998580973,0.9693908372375672
q3_physical_training_coselection_single,uniform_per_expert,1364,0.9063313802083334,0.8696937561035156,128,0.9880650230760687,0.995005683192024,0.999775280802039,0.9945337135378685,0.004994316807976018,0.9879141811782209,0.994847984305063,0.9875190998580973,0.9693908372375672
q3_physical_training_coselection_single,uniform_per_expert,1368,0.908935546875,0.871490478515625,128,0.9880650230760687,0.9950200201720081,0.9997960482399755,0.9945939559830881,0.0049799798279919205,0.9879141811782209,0.9949394788199836,0.9875190998580973,0.9840843760633665
q3_physical_training_coselection_single,uniform_per_expert,1372,0.9115397135416666,0.87335205078125,128,0.9881311487534752,0.99516550465008,0.999796683205711,0.994623955134193,0.004834495349919976,0.9879141811782209,0.9949394788199836,0.9820477554352162,0.9553354640646479
q3_physical_training_coselection_single,uniform_per_expert,1376,0.9141438802083334,0.8748257954915364,128,0.9881882077870525,0.9952149618136782,0.999796683205711,0.9946480096389468,0.0047850381863218105,0.9879141811782209,0.9950085857086529,0.9773265996394243,0.9586537816780627
q3_physical_training_coselection_single,uniform_per_expert,1380,0.916748046875,0.8765474955240885,128,0.9881882077870525,0.9952149618136782,0.9998147560101331,0.9946837244482423,0.0047850381863218105,0.9879141811782209,0.9950085857086529,0.9773265996394243,0.9586537816780627
q3_physical_training_coselection_single,uniform_per_expert,1384,0.9193522135416666,0.8785374959309895,128,0.9890992125001011,0.9953158408845713,0.9998147560101331,0.9947701777186037,0.004684159115428743,0.9879745312514946,0.9951112630555392,0.9064750595484004,0.9581532343924034
q3_physical_training_coselection_single,uniform_per_expert,1388,0.9219563802083334,0.8801472981770833,128,0.9891312201234989,0.9953845733269546,0.9998196690736666,0.9948144798546403,0.004615426673045375,0.9881263906797412,0.9951112630555392,0.9153728730114746,0.9440938887650536
q3_physical_training_coselection_single,uniform_per_expert,1392,0.924560546875,0.8821449279785156,128,0.989200265480671,0.9953690010940107,0.999836548293522,0.9948723461794817,0.004630998905989281,0.9881263906797412,0.9951112630555392,0.909557846147292,0.9472792172294027
q3_physical_training_coselection_single,uniform_per_expert,1396,0.9271647135416666,0.8840751647949219,128,0.989200265480671,0.9953690010940107,0.999836548293522,0.9949187302277661,0.004630998905989281,0.9881263906797412,0.9951112630555392,0.909557846147292,0.9472792172294027
q3_physical_training_coselection_single,uniform_per_expert,1400,0.9297688802083334,0.8854649861653645,128,0.9893488906925766,0.9955135742927252,0.999836548293522,0.9949432775327036,0.004486425707274755,0.9887294349413743,0.9951608392251441,0.9450377378614063,0.9271082148346975
q3_physical_training_coselection_single,uniform_per_expert,1404,0.932373046875,0.8879102071126302,128,0.9897010333867041,0.9956889518741426,0.999844336226495,0.9950203638619259,0.004311048125857364,0.9887294349413743,0.9952662632892743,0.9137932800817116,0.9107072043295842
q3_physical_training_coselection_single,uniform_per_expert,1408,0.9349772135416666,0.9288622538248698,128,0.9912741456331946,0.9962222960732775,0.9998665760715195,0.9957700119322686,0.0037777039267224977,0.9910565901826605,0.9961603843683049,0.9756742165485531,0.9838755461714606
q3_physical_training_coselection_single,uniform_per_expert,1412,0.9375813802083334,0.9290707906087239,128,0.9912741456331946,0.9962222960732775,0.9998667005746226,0.9957978324534347,0.0037777039267224977,0.9910565901826605,0.9961734970662882,0.9756742165485531,0.9872471005942886
q3_physical_training_coselection_single,uniform_per_expert,1416,0.940185546875,0.929461161295573,128,0.9914100961672205,0.9962552065761789,0.9998667005746226,0.9958125858323637,0.003744793423821058,0.9910565901826605,0.9961734970662882,0.9604730195998962,0.9786464269579257
q3_physical_training_coselection_single,uniform_per_expert,1420,0.9427897135416666,0.9300028483072917,128,0.9914100961672205,0.9962882808832383,0.9998674462781354,0.9958283018696364,0.0037117191167617136,0.9910565901826605,0.9961734970662882,0.9604730195998962,0.9700029455253213
q3_physical_training_coselection_single,uniform_per_expert,1424,0.9453938802083334,0.9308102925618491,128,0.9914174830285241,0.9962882808832383,0.9998697535408622,0.9958471614237813,0.0037117191167617136,0.9910565901826605,0.9961734970662882,0.9596470637894843,0.9700029455253213
q3_physical_training_coselection_single,uniform_per_expert,1428,0.947998046875,0.9313367207845054,128,0.9914280335080873,0.9962882808832383,0.999875942461314,0.9958562046091298,0.0037117191167617136,0.9910951119319554,0.9961734970662882,0.9626136147262144,0.9700029455253213
q3_physical_training_coselection_single,uniform_per_expert,1432,0.9506022135416666,0.9322344462076824,128,0.9915134029210594,0.9962882808832383,0.999875942461314,0.9958890136504615,0.0037117191167617136,0.9910951119319554,0.9961667662722644,0.9530268111280363,0.9682997125652303
q3_physical_training_coselection_single,uniform_per_expert,1436,0.9532063802083334,0.9330050150553385,128,0.9915716913026773,0.9962882808832383,0.999875942461314,0.99592494626583,0.0037117191167617136,0.991340988765417,0.9961667662722644,0.9733569421484382,0.9682997125652303
q3_physical_training_coselection_single,uniform_per_expert,1440,0.955810546875,0.933916727701823,128,0.9915934685541936,0.9962882808832383,0.999875942461314,0.9959542645384489,0.0037117191167617136,0.991340988765417,0.9961667662722644,0.9708419608270914,0.9682997125652303
q3_physical_training_coselection_single,uniform_per_expert,1444,0.9584147135416666,0.9351526896158854,128,0.9918551492968332,0.9962882808832383,0.9998780452106492,0.9959880773886581,0.0037117191167617136,0.991340988765417,0.9961667662722644,0.9406213345280485,0.9682997125652303
q3_physical_training_coselection_single,uniform_per_expert,1448,0.9610188802083334,0.9360478719075521,128,0.9918578896650725,0.9963072125909269,0.9998786582134266,0.9960151216879277,0.003692787409073084,0.9913426470110976,0.9961773117087578,0.9404849664053987,0.9660184476807239
q3_physical_training_coselection_single,uniform_per_expert,1452,0.963623046875,0.9370028177897136,128,0.9919237678971771,0.9963072125909269,0.9998793939956935,0.9960415987796725,0.003692787409073084,0.9913426470110976,0.996187869458472,0.9328754543306312,0.968693849501009
q3_physical_training_coselection_single,uniform_per_expert,1456,0.9662272135416666,0.9380963643391927,128,0.9919237678971771,0.9963505288720016,0.9998793939956935,0.9960814954406917,0.003649471127998405,0.9913426470110976,0.996187869458472,0.9328754543306312,0.9573311008745369
q3_physical_training_coselection_single,uniform_per_expert,1460,0.9688313802083334,0.9392789204915365,128,0.992059051727685,0.9964538729166218,0.9998793728668273,0.9961102096260634,0.0035461270833782033,0.9913548683811524,0.996187869458472,0.9185456766213436,0.9302218391390299
q3_physical_training_coselection_single,uniform_per_expert,1464,0.971435546875,0.940678914388021,128,0.9920596487762783,0.9964846676985148,0.9998793728668273,0.9961367992306054,0.0035153323014851523,0.9915272397974085,0.9962578571863361,0.9371622746142508,0.9393902040962738
q3_physical_training_coselection_single,uniform_per_expert,1468,0.9740397135416666,0.941912333170573,128,0.9920596487762783,0.9964846676985148,0.9998902283918242,0.9961464886200218,0.0035153323014851523,0.9915272397974085,0.9962695075803913,0.9371622746142508,0.9423239363810115
q3_physical_training_coselection_single,uniform_per_expert,1472,0.9766438802083334,0.9434700012207031,128,0.9920824136505197,0.9964846676985148,0.9998902326203732,0.9961817780311175,0.0035153323014851523,0.9915272397974085,0.9962743031100338,0.9344754436763821,0.9435368483551233
q3_physical_training_coselection_single,uniform_per_expert,1476,0.979248046875,0.9450302124023438,128,0.9920824136505197,0.9965348264712206,0.9998922325931155,0.996211758774508,0.003465173528779397,0.9915272397974085,0.9962743031100338,0.9344754436763821,0.9300739247230801
q3_physical_training_coselection_single,uniform_per_expert,1480,0.9818522135416666,0.9462254842122396,128,0.9922038854911587,0.9965831654028908,0.9998928998720599,0.9962299228071502,0.003416834597109175,0.9914159207166521,0.9963319110405835,0.9082062561985935,0.9315026529925552
q3_physical_training_coselection_single,uniform_per_expert,1484,0.9844563802083334,0.9477602640787761,128,0.992227274042716,0.9965957039945673,0.9998928998720599,0.996246557213649,0.003404296005432683,0.9917041038155098,0.9963319110405835,0.9369362615476824,0.9280843630287027
q3_physical_training_coselection_single,uniform_per_expert,1488,0.987060546875,0.9492123921712241,128,0.992227274042716,0.9966713739413953,0.9998931887498443,0.9962693187407121,0.0033286260586047334,0.9917041038155098,0.9963319110405835,0.9369362615476824,0.9074551068505791
q3_physical_training_coselection_single,uniform_per_expert,1492,0.9896647135416666,0.9507726033528646,128,0.9923015557137954,0.9967079044922937,0.9999093158466201,0.9963084201284079,0.003292095507706261,0.9917041038155098,0.9963602421517286,0.9279822354331508,0.9044820136234424
q3_physical_training_coselection_single,uniform_per_expert,1496,0.9922688802083334,0.9524192810058594,128,0.9923054740718961,0.9968246943780097,0.9999142873449764,0.9963281493225261,0.0031753056219903097,0.9917041038155098,0.9964032254848074,0.9275099105614899,0.8828203181984279
q3_physical_training_coselection_single,uniform_per_expert,1500,0.994873046875,0.953942616780599,128,0.9926478858622934,0.9968246943780097,0.9999185917550275,0.9963748971191679,0.0031753056219903097,0.9917041038155098,0.996436571015515,0.8862350702329124,0.8910814936442998
q3_physical_training_coselection_single,uniform_per_expert,1504,0.9974772135416666,0.9565073649088541,128,0.9926478858622934,0.9969044019317694,0.9999192341880248,0.9963989494300116,0.003095598068230565,0.9917041038155098,0.996436571015515,0.8862350702329124,0.8687132763718953
q3_physical_training_coselection_single,uniform_per_expert,1506,0.998779296875,0.9904886881510417,128,0.9935533634894889,0.9972587004349349,0.9999255179886772,0.9968592131437489,0.0027412995650650807,0.9933244549452312,0.9970646541126278,0.9657093851693671,0.9338932004088815
q3_physical_training_coselection_single,uniform_per_expert,1507,0.9994303385416666,0.9904886881510417,128,0.9935533634894889,0.9972587004349349,0.9999255179886772,0.9968592131437489,0.0027412995650650807,0.9933244549452312,0.9970646541126278,0.9657093851693671,0.9338932004088815
q3_physical_training_coselection_single,uniform_per_expert,1508,1.0000813802083333,0.9905103047688802,128,0.9936724042982361,0.9972762060237004,0.9999269019421942,0.9968660899160398,0.0027237939762996266,0.9933567160692802,0.9970646541126278,0.9524800938439362,0.9279294777550154
q3_physical_training_coselection_single,uniform_per_expert,1512,1.002685546875,0.9907264709472656,128,0.9936724042982361,0.9972746145212537,0.9999269468041203,0.9968817689160476,0.002725385478746345,0.9933567160692802,0.9970646541126278,0.9524800938439362,0.9284716634148265
q3_physical_training_coselection_single,uniform_per_expert,1516,1.0052897135416667,0.9911702473958333,128,0.9936519658214047,0.9972986804106343,0.9999276627073921,0.9968962042856011,0.0027013195893657027,0.9933567160692802,0.997103313649784,0.9555566561352012,0.9325550863193272
q3_physical_training_coselection_single,uniform_per_expert,1520,1.0078938802083333,0.9915809631347656,128,0.9937369000626762,0.9972986804106343,0.999927450163104,0.9969015312271947,0.0027013195893657027,0.9933567160692802,0.997103313649784,0.9427716777785202,0.9325550863193272
q3_physical_training_coselection_single,uniform_per_expert,1524,1.010498046875,0.9920972188313801,128,0.9937942013499302,0.9972801842177691,0.999927450163104,0.9969208938813245,0.0027198157822309055,0.9933567160692802,0.997103313649784,0.9341462317112467,0.9389403799372652
q3_physical_training_coselection_single,uniform_per_expert,1528,1.0131022135416667,0.9926185607910156,128,0.9940470970586223,0.9972853080795203,0.999927450163104,0.9969430108647763,0.0027146919204796838,0.9933567160692802,0.997103313649784,0.8960783557436717,0.9371715098796425
q3_physical_training_coselection_single,uniform_per_expert,1532,1.0157063802083333,0.9936930338541666,128,0.9940470970586223,0.997300386364488,0.9999274514568706,0.9969731789953405,0.002699613635511966,0.9934609788327193,0.9971877563421354,0.9103660607744024,0.9599501195290648
q3_physical_training_coselection_single,uniform_per_expert,1536,1.018310546875,1.008477528889974,128,0.994186378052529,0.9974884265991264,0.9999389104011555,0.9971573558382831,0.0025115734008736013,0.9937433632387639,0.9973668984072204,0.9291928186546107,0.9538459920273196
q3_physical_training_coselection_single,uniform_per_expert,1568,1.0391438802083333,1.0124346415201824,128,0.9944686250497414,0.9976180044134031,0.9999392792923416,0.997303557662703,0.002381995586596908,0.9941148022863185,0.9974776863443995,0.9398792053153382,0.9443693020921295
q3_physical_training_coselection_single,uniform_per_expert,1600,1.0599772135416667,1.0210062662760417,128,0.9948227635418304,0.9977882428972233,0.9999572693470792,0.9974803557375609,0.002211757102776657,0.994294964780441,0.9975718485939375,0.9074854508207194,0.9108810501908923
q3_physical_training_coselection_single,uniform_per_expert,1632,1.080810546875,1.031402587890625,128,0.99500563750412,0.9979771719738435,0.9999557319812807,0.9976393269080936,0.002022828026156498,0.9944389027834453,0.9976430806178186,0.8980894059921131,0.8582508343091059
q3_physical_training_coselection_single,uniform_per_expert,1664,1.1016438802083333,1.0429484049479165,128,0.9951759169003119,0.9980558359338312,0.9999700607614448,0.9978013511126145,0.0019441640661688186,0.994771206694037,0.9977062282630735,0.9225996931618179,0.8475839312476219
