layout_id,mean_budget_quanta_per_expert,layer,recovery_p10,recovery_median,recovery_p90,groups
q2q4_monolithic_same_solver_reference,384,0,0.9710159084521716,0.9890544069512583,0.9979140013743706,32
q2q4_monolithic_same_solver_reference,384,4,0.9285723550284327,0.953466009822946,0.9786895807322934,32
q2q4_monolithic_same_solver_reference,384,20,0.8769485811220628,0.9312045326513015,0.9828428063750198,32
q2q4_monolithic_same_solver_reference,384,39,0.907015015530113,0.9665526314811439,0.9907655608497193,32
q2q4_monolithic_same_solver_reference,416,0,0.973909508367323,0.9905410920600495,0.9982085809173413,32
q2q4_monolithic_same_solver_reference,416,4,0.9347650691299163,0.9585398023763135,0.9813574030143396,32
q2q4_monolithic_same_solver_reference,416,20,0.8848113304677176,0.936622593799084,0.984806983339722,32
q2q4_monolithic_same_solver_reference,416,39,0.9117468721084382,0.9695955956646687,0.9917792727595827,32
q2q4_monolithic_same_solver_reference,448,0,0.9768051478605345,0.9920043148821425,0.998446986315211,32
q2q4_monolithic_same_solver_reference,448,4,0.9420001340691285,0.9624350313335293,0.9830987268056239,32
q2q4_monolithic_same_solver_reference,448,20,0.8940477049344097,0.9422706368808609,0.9863891507336977,32
q2q4_monolithic_same_solver_reference,448,39,0.9210755378270407,0.972977936320933,0.9925446996952364,32
q2q4_monolithic_same_solver_reference,480,0,0.9798589471352175,0.9933098418405577,0.9987018882162508,32
q2q4_monolithic_same_solver_reference,480,4,0.9471532780658457,0.9655222774265242,0.9854719315065986,32
q2q4_monolithic_same_solver_reference,480,20,0.9052551688570397,0.947204288159086,0.9878159839025624,32
q2q4_monolithic_same_solver_reference,480,39,0.9279489405779867,0.9757887339336757,0.9934047236703547,32
q2q4_monolithic_same_solver_reference,512,0,0.9831607951649605,0.9942371609208711,0.9988994066746008,32
q2q4_monolithic_same_solver_reference,512,4,0.9512595812617881,0.9687265569332957,0.9870362483822677,32
q2q4_monolithic_same_solver_reference,512,20,0.9138818785892627,0.9518260876666116,0.989035708228652,32
q2q4_monolithic_same_solver_reference,512,39,0.9329047749065457,0.9774147825795642,0.993885823674149,32
q2q4_monolithic_same_solver_reference,544,0,0.9856186367216974,0.9951403974885816,0.9990598952913282,32
q2q4_monolithic_same_solver_reference,544,4,0.9546647628068872,0.9715596497798318,0.9883382788102266,32
q2q4_monolithic_same_solver_reference,544,20,0.9217297081491274,0.9570624704421123,0.9898233380930026,32
q2q4_monolithic_same_solver_reference,544,39,0.9389233318773942,0.9793119427919775,0.994477152275933,32
q2q4_monolithic_same_solver_reference,576,0,0.987866530253659,0.9959842286678713,0.9992010619512,32
q2q4_monolithic_same_solver_reference,576,4,0.9584629960926577,0.9741772550807566,0.9896277548715963,32
q2q4_monolithic_same_solver_reference,576,20,0.9302689664954354,0.9600454279920976,0.9907728990456505,32
q2q4_monolithic_same_solver_reference,576,39,0.9444199756681385,0.9812232427133124,0.9950341438736618,32
q2q4_monolithic_same_solver_reference,608,0,0.9894572001609733,0.9966011152279365,0.9992953514519902,32
q2q4_monolithic_same_solver_reference,608,4,0.9629034744775793,0.9766807849398134,0.9908375183222117,32
q2q4_monolithic_same_solver_reference,608,20,0.9347417558073537,0.9632532166087922,0.9916118950286542,32
q2q4_monolithic_same_solver_reference,608,39,0.9475329904066921,0.9825936879537582,0.9953748633592355,32
q2q4_monolithic_same_solver_reference,640,0,0.9911962961608399,0.9971821072223022,0.9993830998049869,32
q2q4_monolithic_same_solver_reference,640,4,0.9653682544502256,0.9787000999603359,0.9918791864133992,32
q2q4_monolithic_same_solver_reference,640,20,0.9391846716628138,0.9662822717761129,0.9920615746631197,32
q2q4_monolithic_same_solver_reference,640,39,0.9542732869461307,0.9839678742519831,0.9957679260690863,32
q2q4_monolithic_same_solver_reference,672,0,0.9923640495020383,0.9975683629023746,0.9994605196176372,32
q2q4_monolithic_same_solver_reference,672,4,0.9677980597695606,0.981133070431911,0.9928052337425539,32
q2q4_monolithic_same_solver_reference,672,20,0.9435834111865582,0.9694325546140807,0.9928303902420287,32
q2q4_monolithic_same_solver_reference,672,39,0.9560303661244839,0.9851831734981931,0.9962012162409996,32
q2q4_monolithic_same_solver_reference,704,0,0.9933204311691921,0.9979284681093457,0.9995371787704725,32
q2q4_monolithic_same_solver_reference,704,4,0.9696431066699321,0.9829290115446669,0.9933720117409308,32
q2q4_monolithic_same_solver_reference,704,20,0.9492116857150903,0.9708411233409456,0.9933706937155704,32
q2q4_monolithic_same_solver_reference,704,39,0.9596083017370657,0.9865250664468326,0.9964487692411632,32
q2q4_monolithic_same_solver_reference,736,0,0.9941956770369283,0.9981853927506674,0.9995930410192352,32
q2q4_monolithic_same_solver_reference,736,4,0.9726422759829583,0.9838662341293114,0.9938623610917011,32
q2q4_monolithic_same_solver_reference,736,20,0.9536285821870417,0.97316174756673,0.9939607433529438,32
q2q4_monolithic_same_solver_reference,736,39,0.9632060621313184,0.9875029264568899,0.9968486661122471,32
q2q4_monolithic_same_solver_reference,768,0,0.9949943161721824,0.9984285821048084,0.9996468078820416,32
q2q4_monolithic_same_solver_reference,768,4,0.974842733207079,0.9853020028469326,0.9944153263459,32
q2q4_monolithic_same_solver_reference,768,20,0.9577392160433507,0.9758034473430512,0.9945016651767429,32
q2q4_monolithic_same_solver_reference,768,39,0.9664137315275805,0.9888174968419878,0.9970993074963506,32
q2q4_monolithic_same_solver_reference,800,0,0.9957477012352004,0.9986934997758541,0.9996906300851913,32
q2q4_monolithic_same_solver_reference,800,4,0.9768404828300764,0.9866417427708436,0.9949376922654957,32
q2q4_monolithic_same_solver_reference,800,20,0.9603674109292492,0.9780305316805675,0.9949859416467984,32
q2q4_monolithic_same_solver_reference,800,39,0.9693549833004913,0.9897191235165903,0.9973474007136895,32
q2q4_monolithic_same_solver_reference,832,0,0.9964304812626867,0.9988873470928703,0.9997351078591377,32
q2q4_monolithic_same_solver_reference,832,4,0.9791126604195118,0.9879468741039168,0.9954638543815754,32
q2q4_monolithic_same_solver_reference,832,20,0.9637132484001151,0.9798658497730622,0.9953687042482816,32
q2q4_monolithic_same_solver_reference,832,39,0.9737669297067317,0.9907152180200753,0.9976051772557192,32
q2q4_monolithic_same_solver_reference,864,0,0.9970241701525814,0.9990744940359146,0.9997714736355218,32
q2q4_monolithic_same_solver_reference,864,4,0.9808763278021589,0.9891620013571785,0.995904600093112,32
q2q4_monolithic_same_solver_reference,864,20,0.9673080311332416,0.9814358870918516,0.9957782882590567,32
q2q4_monolithic_same_solver_reference,864,39,0.9754493911744053,0.9915911635822079,0.9978603201760544,32
q2q4_monolithic_same_solver_reference,896,0,0.9975404590577163,0.999243759235602,0.9998071507467831,32
q2q4_monolithic_same_solver_reference,896,4,0.9827229405449281,0.9900998362013319,0.9962637105571104,32
q2q4_monolithic_same_solver_reference,896,20,0.968349435263808,0.9829861787033195,0.9961269971208433,32
q2q4_monolithic_same_solver_reference,896,39,0.9771000798171446,0.9922991870156753,0.9980360552745621,32
q2q4_monolithic_same_solver_reference,928,0,0.9979830124801699,0.9993534999844494,0.9998397670460211,32
q2q4_monolithic_same_solver_reference,928,4,0.9841991033922123,0.990892607669662,0.9966419750128377,32
q2q4_monolithic_same_solver_reference,928,20,0.9709459891109139,0.9842833654974279,0.9965331225746437,32
q2q4_monolithic_same_solver_reference,928,39,0.9793210177234263,0.9930697727589712,0.9981801787059015,32
q2q4_monolithic_same_solver_reference,960,0,0.9984108583739373,0.9994623242247116,0.9998601778476782,32
q2q4_monolithic_same_solver_reference,960,4,0.9853117496883225,0.9915318392615918,0.9968724077661514,32
q2q4_monolithic_same_solver_reference,960,20,0.9728177734625336,0.9852969856232064,0.9967199776514654,32
q2q4_monolithic_same_solver_reference,960,39,0.9816517834401994,0.9936314573806566,0.9983501570597653,32
q2q4_monolithic_same_solver_reference,992,0,0.9986591668829721,0.9995521071428315,0.9998808026272857,32
q2q4_monolithic_same_solver_reference,992,4,0.9863444082543001,0.9922085301949672,0.9972362470994475,32
q2q4_monolithic_same_solver_reference,992,20,0.9748365520280541,0.9863936947127399,0.9969925553971237,32
q2q4_monolithic_same_solver_reference,992,39,0.9825418977466114,0.994135951933184,0.9984363449361823,32
q2q4_monolithic_same_solver_reference,1024,0,0.9988437598359798,0.9996569830924429,0.9998981379527286,32
q2q4_monolithic_same_solver_reference,1024,4,0.9874096752147558,0.9927559335491303,0.9973056557366575,32
q2q4_monolithic_same_solver_reference,1024,20,0.9765366241898921,0.9873591201234516,0.9972655187315919,32
q2q4_monolithic_same_solver_reference,1024,39,0.9845952647997813,0.9946094682417752,0.9985606245846483,32
q2q4_monolithic_same_solver_reference,1056,0,0.998994746739673,0.9997230755221784,0.9999126771955221,32
q2q4_monolithic_same_solver_reference,1056,4,0.9884282320506395,0.9933763199913177,0.9976133470275074,32
q2q4_monolithic_same_solver_reference,1056,20,0.978656071182677,0.98822757380164,0.9975240675396959,32
q2q4_monolithic_same_solver_reference,1056,39,0.9859269589992081,0.9949751486587386,0.9986583560171696,32
q2q4_monolithic_same_solver_reference,1088,0,0.9991035101653747,0.9997715838016262,0.9999281707691708,32
q2q4_monolithic_same_solver_reference,1088,4,0.9891238858223649,0.993975373555567,0.9977866519199999,32
q2q4_monolithic_same_solver_reference,1088,20,0.9805617238471169,0.9893915752510747,0.9977260003701605,32
q2q4_monolithic_same_solver_reference,1088,39,0.9868394645909354,0.9954679010929119,0.9987383332494477,32
q2q4_monolithic_same_solver_reference,1120,0,0.9992370163522215,0.9998139915309249,0.9999387699351275,32
q2q4_monolithic_same_solver_reference,1120,4,0.9899395551409328,0.9944991526857326,0.9979775482955194,32
q2q4_monolithic_same_solver_reference,1120,20,0.9828116272664463,0.9900282116563769,0.997938027269352,32
q2q4_monolithic_same_solver_reference,1120,39,0.9878122951474103,0.9958048053488022,0.9988463033800634,32
q2q4_monolithic_same_solver_reference,1152,0,0.9993272240325575,0.9998476243122274,0.9999490073560777,32
q2q4_monolithic_same_solver_reference,1152,4,0.990716842117794,0.9951059188002931,0.9981726188604665,32
q2q4_monolithic_same_solver_reference,1152,20,0.9839239931194605,0.990877622804009,0.9981276855600125,32
q2q4_monolithic_same_solver_reference,1152,39,0.9893327622560807,0.996245934477089,0.9989605047463549,32
q2q4_monolithic_same_solver_reference,1184,0,0.9994155986282972,0.9998832438958434,0.9999578332333489,32
q2q4_monolithic_same_solver_reference,1184,4,0.9913470531973577,0.9955090263983715,0.9983688626242918,32
q2q4_monolithic_same_solver_reference,1184,20,0.9854656363836235,0.9917287388629725,0.9982526844504784,32
q2q4_monolithic_same_solver_reference,1184,39,0.99048924615367,0.9965764121086671,0.9990360965926323,32
q2q4_monolithic_same_solver_reference,1216,0,0.9995176333548517,0.9999038650677736,0.9999664301765062,32
q2q4_monolithic_same_solver_reference,1216,4,0.9920933948016716,0.9959953047627034,0.9984797508816431,32
q2q4_monolithic_same_solver_reference,1216,20,0.9870010965713498,0.9925009246088848,0.9984143595720356,32
q2q4_monolithic_same_solver_reference,1216,39,0.9913401451190118,0.996880467872879,0.9991540528586473,32
q2q4_monolithic_same_solver_reference,1248,0,0.9995979394437102,0.9999211113407228,0.9999731664774635,32
q2q4_monolithic_same_solver_reference,1248,4,0.9927529099345314,0.9962694584752514,0.998574951257752,32
q2q4_monolithic_same_solver_reference,1248,20,0.9876662845083091,0.9931905007061703,0.9985631342128947,32
q2q4_monolithic_same_solver_reference,1248,39,0.9922271026646066,0.9972435623501716,0.9992355112577889,32
q2q4_monolithic_same_solver_reference,1280,0,0.9996380304224449,0.9999363995384891,0.99997757285052,32
q2q4_monolithic_same_solver_reference,1280,4,0.9933362850030485,0.99661069283028,0.9987041640652925,32
q2q4_monolithic_same_solver_reference,1280,20,0.9885209156191498,0.993894658521006,0.998675357060102,32
q2q4_monolithic_same_solver_reference,1280,39,0.9925956642349814,0.9973868774004373,0.9992863506656052,32
q2q4_monolithic_same_solver_reference,1284,0,0.9996534339946495,0.9999377706411555,0.9999789499721812,32
q2q4_monolithic_same_solver_reference,1284,4,0.9932595730949825,0.996647701834686,0.9987522556487798,32
q2q4_monolithic_same_solver_reference,1284,20,0.9887536476017134,0.9940212088403377,0.9987117476432482,32
q2q4_monolithic_same_solver_reference,1284,39,0.9925964672369577,0.9975033479836013,0.9992859353743613,32
q2q4_monolithic_same_solver_reference,1288,0,0.9996619850292864,0.9999392768177507,0.9999792523763664,32
q2q4_monolithic_same_solver_reference,1288,4,0.9933566061969155,0.9967085337006772,0.9987695966460302,32
q2q4_monolithic_same_solver_reference,1288,20,0.988812191292317,0.9940095310069939,0.9987110574092312,32
q2q4_monolithic_same_solver_reference,1288,39,0.992944812858298,0.9975135230479786,0.9992998485871568,32
q2q4_monolithic_same_solver_reference,1292,0,0.9996694760749566,0.9999420453827137,0.999980189326058,32
q2q4_monolithic_same_solver_reference,1292,4,0.9933929130440471,0.9967513882144592,0.9987882071524239,32
q2q4_monolithic_same_solver_reference,1292,20,0.9889593071627318,0.9940477295677714,0.9986895243939095,32
q2q4_monolithic_same_solver_reference,1292,39,0.9930238272463556,0.9975364455530042,0.9993081504300269,32
q2q4_monolithic_same_solver_reference,1296,0,0.9996708285300344,0.9999439450976175,0.9999805313635792,32
q2q4_monolithic_same_solver_reference,1296,4,0.993489593195321,0.9967856399229363,0.9988200159696394,32
q2q4_monolithic_same_solver_reference,1296,20,0.9890215765019887,0.9940392487593139,0.9986884765905372,32
q2q4_monolithic_same_solver_reference,1296,39,0.9930557633272967,0.9975592891398584,0.9993183132326875,32
q2q4_monolithic_same_solver_reference,1300,0,0.9996862082540786,0.9999448761818148,0.9999812793736181,32
q2q4_monolithic_same_solver_reference,1300,4,0.9935652903244042,0.99676503643725,0.9988200671928354,32
q2q4_monolithic_same_solver_reference,1300,20,0.9891421530139558,0.9941815521374796,0.9987257984829666,32
q2q4_monolithic_same_solver_reference,1300,39,0.9933713264200387,0.9975632421767369,0.9993363983084077,32
q2q4_monolithic_same_solver_reference,1304,0,0.9997006444060713,0.9999472522888563,0.9999827624153242,32
q2q4_monolithic_same_solver_reference,1304,4,0.9936700732705985,0.9968541108333807,0.9988180153138642,32
q2q4_monolithic_same_solver_reference,1304,20,0.9894343459997618,0.9942704318656369,0.9987247641499531,32
q2q4_monolithic_same_solver_reference,1304,39,0.993183348592267,0.9975999822394894,0.9993326968798631,32
q2q4_monolithic_same_solver_reference,1308,0,0.9997028815947151,0.9999478570591869,0.9999830274677013,32
q2q4_monolithic_same_solver_reference,1308,4,0.993663965590577,0.9968903824833042,0.9988465574257891,32
q2q4_monolithic_same_solver_reference,1308,20,0.9894799100024145,0.9942456797613861,0.9987843439872561,32
q2q4_monolithic_same_solver_reference,1308,39,0.9933030598008734,0.9976402283032566,0.9993329633297174,32
q2q4_monolithic_same_solver_reference,1312,0,0.9997080566889699,0.9999498730853571,0.9999838475397267,32
q2q4_monolithic_same_solver_reference,1312,4,0.9938816614731286,0.9968906455380719,0.9988522860833332,32
q2q4_monolithic_same_solver_reference,1312,20,0.9894607933063885,0.9942832774865746,0.9987641891558817,32
q2q4_monolithic_same_solver_reference,1312,39,0.9933119572590154,0.9976841835351613,0.9993449126226439,32
q2q4_monolithic_same_solver_reference,1316,0,0.9997124628952866,0.9999516997936803,0.9999841170004723,32
q2q4_monolithic_same_solver_reference,1316,4,0.993799122432371,0.9969793310421716,0.9988599510366748,32
q2q4_monolithic_same_solver_reference,1316,20,0.9897222239446903,0.9943293997549797,0.9987966121821027,32
q2q4_monolithic_same_solver_reference,1316,39,0.9935808785243168,0.9976927101189503,0.9993609789200562,32
q2q4_monolithic_same_solver_reference,1320,0,0.9997222306774278,0.9999522285786737,0.999984507259565,32
q2q4_monolithic_same_solver_reference,1320,4,0.9939610506484169,0.9969053022206849,0.9988608720871415,32
q2q4_monolithic_same_solver_reference,1320,20,0.9897687762548135,0.9944141188507285,0.9987991395010275,32
q2q4_monolithic_same_solver_reference,1320,39,0.9935786477952645,0.9977044371630894,0.9993592220295472,32
q2q4_monolithic_same_solver_reference,1324,0,0.9997255022254062,0.9999566756506679,0.9999843263635274,32
q2q4_monolithic_same_solver_reference,1324,4,0.9939755062386414,0.997036338420241,0.9988888091663405,32
q2q4_monolithic_same_solver_reference,1324,20,0.9897557683164018,0.9944018959813955,0.9988300550778065,32
q2q4_monolithic_same_solver_reference,1324,39,0.9937353986357776,0.9977148496404591,0.999370681548315,32
q2q4_monolithic_same_solver_reference,1328,0,0.9997292761291522,0.9999555491575398,0.9999863275013618,32
q2q4_monolithic_same_solver_reference,1328,4,0.994122719068533,0.9970362868271537,0.9988966834321018,32
q2q4_monolithic_same_solver_reference,1328,20,0.9899085651305142,0.994536258727727,0.9988499832697131,32
q2q4_monolithic_same_solver_reference,1328,39,0.9937220546731247,0.9977461302078842,0.9993761524326922,32
q2q4_monolithic_same_solver_reference,1332,0,0.9997465020845121,0.9999580348592974,0.9999865829011968,32
q2q4_monolithic_same_solver_reference,1332,4,0.9941203275527934,0.9970783536270169,0.9989033731046553,32
q2q4_monolithic_same_solver_reference,1332,20,0.9899696124660158,0.99469254825188,0.99886298828192,32
q2q4_monolithic_same_solver_reference,1332,39,0.9937027357263684,0.9977596387138248,0.9993822392448856,32
q2q4_monolithic_same_solver_reference,1336,0,0.9997521397616638,0.9999571313409785,0.9999868836563022,32
q2q4_monolithic_same_solver_reference,1336,4,0.994234425805554,0.9971247452122978,0.9989541048097372,32
q2q4_monolithic_same_solver_reference,1336,20,0.9902207287993633,0.9947159867658228,0.9988736310604017,32
q2q4_monolithic_same_solver_reference,1336,39,0.9939341597235486,0.9977898308750788,0.9993956589780628,32
q2q4_monolithic_same_solver_reference,1340,0,0.9997546880882652,0.9999604695735553,0.9999863408177809,32
q2q4_monolithic_same_solver_reference,1340,4,0.994320340529257,0.9971265718498876,0.9989328089989499,32
q2q4_monolithic_same_solver_reference,1340,20,0.9904036532115955,0.9946186967655506,0.998887910903689,32
q2q4_monolithic_same_solver_reference,1340,39,0.9938684508129969,0.9978085429321968,0.9994044387187432,32
q2q4_monolithic_same_solver_reference,1344,0,0.9997578842596117,0.9999617014876033,0.9999877445405317,32
q2q4_monolithic_same_solver_reference,1344,4,0.9943594066047798,0.9972069036397591,0.9989467083456902,32
q2q4_monolithic_same_solver_reference,1344,20,0.9905230497346973,0.994784381746734,0.9989036758830843,32
q2q4_monolithic_same_solver_reference,1344,39,0.994046130637348,0.9978227151636294,0.9994095031010469,32
q2q4_monolithic_same_solver_reference,1348,0,0.9997642334811321,0.9999650978018573,0.9999898123399166,32
q2q4_monolithic_same_solver_reference,1348,4,0.9943366042501843,0.9972011128280115,0.9989779473227842,32
q2q4_monolithic_same_solver_reference,1348,20,0.9905489419851313,0.994863912476141,0.998912081362023,32
q2q4_monolithic_same_solver_reference,1348,39,0.9939789240318114,0.9978906435103636,0.9994083963138349,32
q2q4_monolithic_same_solver_reference,1352,0,0.9997739057940325,0.9999635479525346,0.9999900188046383,32
q2q4_monolithic_same_solver_reference,1352,4,0.9944642642420478,0.9972170330867685,0.9989738220963422,32
q2q4_monolithic_same_solver_reference,1352,20,0.9906940286715391,0.994940808660191,0.9989424773023139,32
q2q4_monolithic_same_solver_reference,1352,39,0.9941188372428181,0.9979005518920478,0.9994248804721293,32
q2q4_monolithic_same_solver_reference,1356,0,0.9997758139979909,0.9999627581246633,0.999990088676521,32
q2q4_monolithic_same_solver_reference,1356,4,0.9945104069816786,0.9972344120845165,0.9989871404707532,32
q2q4_monolithic_same_solver_reference,1356,20,0.9907537437277794,0.9950866455148815,0.9989353108432667,32
q2q4_monolithic_same_solver_reference,1356,39,0.9942096168289782,0.9979201838762939,0.9994331757436977,32
q2q4_monolithic_same_solver_reference,1360,0,0.9997830918539102,0.9999637377904276,0.999991552806042,32
q2q4_monolithic_same_solver_reference,1360,4,0.9946824698178872,0.9972980429970146,0.9990189536752918,32
q2q4_monolithic_same_solver_reference,1360,20,0.9909236971500749,0.9950368999537273,0.9989628673391786,32
q2q4_monolithic_same_solver_reference,1360,39,0.9942470411916912,0.9978974812539595,0.9994347346669384,32
q2q4_monolithic_same_solver_reference,1364,0,0.9997898395373633,0.9999647224406103,0.9999920180140991,32
q2q4_monolithic_same_solver_reference,1364,4,0.9945944177164713,0.9973346458689387,0.9990217053450253,32
q2q4_monolithic_same_solver_reference,1364,20,0.9909213417933429,0.9951407704017746,0.9989854216297585,32
q2q4_monolithic_same_solver_reference,1364,39,0.994126702012742,0.9979153087301094,0.9994388335400001,32
q2q4_monolithic_same_solver_reference,1368,0,0.9997922079883234,0.9999658857972056,0.9999923411598443,32
q2q4_monolithic_same_solver_reference,1368,4,0.9946846541921838,0.997343285054263,0.9990440627501749,32
q2q4_monolithic_same_solver_reference,1368,20,0.9910447393807126,0.9951626370916089,0.9989667056354039,32
q2q4_monolithic_same_solver_reference,1368,39,0.994422311779028,0.9979587205670395,0.9994360980755271,32
q2q4_monolithic_same_solver_reference,1372,0,0.9997992056960086,0.9999657105442188,0.9999923683034665,32
q2q4_monolithic_same_solver_reference,1372,4,0.9947192035683426,0.9973802102003066,0.9990519764769002,32
q2q4_monolithic_same_solver_reference,1372,20,0.9911123390331231,0.9951984936761753,0.9990065866942863,32
q2q4_monolithic_same_solver_reference,1372,39,0.9944206790981617,0.9980063370870466,0.9994425988550597,32
q2q4_monolithic_same_solver_reference,1376,0,0.999801250255144,0.9999677989919293,0.9999938780507119,32
q2q4_monolithic_same_solver_reference,1376,4,0.9947822451234666,0.9974211265538901,0.9990691220921687,32
q2q4_monolithic_same_solver_reference,1376,20,0.9911351555755253,0.9952547675080359,0.9989894130041364,32
q2q4_monolithic_same_solver_reference,1376,39,0.9946335439146368,0.9979778805173576,0.9994589112005884,32
q2q4_monolithic_same_solver_reference,1380,0,0.999802891018684,0.9999682161306629,0.9999942317572695,32
q2q4_monolithic_same_solver_reference,1380,4,0.9949315586371901,0.9974566555396736,0.9990749897521066,32
q2q4_monolithic_same_solver_reference,1380,20,0.9912662964900508,0.995259100718777,0.9990042155145142,32
q2q4_monolithic_same_solver_reference,1380,39,0.9947757775034597,0.9979872057990301,0.9994646733874382,32
q2q4_monolithic_same_solver_reference,1384,0,0.9998067277647383,0.999969196717351,0.9999945496537734,32
q2q4_monolithic_same_solver_reference,1384,4,0.9949424305300211,0.9974566366139088,0.9990796076541434,32
q2q4_monolithic_same_solver_reference,1384,20,0.9914305184469119,0.9954472170738085,0.9990165111601342,32
q2q4_monolithic_same_solver_reference,1384,39,0.9946893637346939,0.9980459818015126,0.9994704678678717,32
q2q4_monolithic_same_solver_reference,1388,0,0.9998123354615258,0.9999703127732141,0.999994807040511,32
q2q4_monolithic_same_solver_reference,1388,4,0.9950037437830365,0.9975209269075865,0.9990973850655899,32
q2q4_monolithic_same_solver_reference,1388,20,0.9914436278807341,0.9954806966496493,0.9990262265830415,32
q2q4_monolithic_same_solver_reference,1388,39,0.994791110733716,0.9980587091077467,0.9994745685957426,32
q2q4_monolithic_same_solver_reference,1392,0,0.9998179232020954,0.9999711017337737,0.9999951633430274,32
q2q4_monolithic_same_solver_reference,1392,4,0.9949844137171456,0.9974853152251284,0.9991125463466141,32
q2q4_monolithic_same_solver_reference,1392,20,0.9917212402585104,0.9954853416583791,0.9990557963678335,32
q2q4_monolithic_same_solver_reference,1392,39,0.9949367094002769,0.9981085685375772,0.9994749432382499,32
q2q4_monolithic_same_solver_reference,1396,0,0.9998204445848539,0.9999713605654208,0.9999955781619828,32
q2q4_monolithic_same_solver_reference,1396,4,0.995013319305726,0.9975112104076109,0.9991168408008863,32
q2q4_monolithic_same_solver_reference,1396,20,0.9917403126617057,0.995565308316088,0.9990503573625508,32
q2q4_monolithic_same_solver_reference,1396,39,0.9949462242675905,0.9981253450986617,0.9994749775860565,32
q2q4_monolithic_same_solver_reference,1400,0,0.999828442535247,0.9999722766289154,0.9999958764312642,32
q2q4_monolithic_same_solver_reference,1400,4,0.995081156664087,0.9976197633161819,0.9991288667592635,32
q2q4_monolithic_same_solver_reference,1400,20,0.9918345507488731,0.9955865358493836,0.9990643789804164,32
q2q4_monolithic_same_solver_reference,1400,39,0.9951234523995082,0.9981066377044497,0.9994868021623183,32
q2q4_monolithic_same_solver_reference,1404,0,0.9998301825810336,0.9999735151760127,0.9999962375842572,32
q2q4_monolithic_same_solver_reference,1404,4,0.9953180953947266,0.9976093594603181,0.9991347535013473,32
q2q4_monolithic_same_solver_reference,1404,20,0.9918512548151383,0.995652753679658,0.9990785343790236,32
q2q4_monolithic_same_solver_reference,1404,39,0.995247391677753,0.998131629114451,0.9994952493349517,32
q2q4_monolithic_same_solver_reference,1408,0,0.9998332485893515,0.9999747033399501,0.9999965764732974,32
q2q4_monolithic_same_solver_reference,1408,4,0.9952567849555198,0.9976299795129708,0.9991511910104716,32
q2q4_monolithic_same_solver_reference,1408,20,0.9919367671110665,0.995666456957357,0.9990816510920808,32
q2q4_monolithic_same_solver_reference,1408,39,0.9952198861100586,0.9981884936595316,0.9994939914648677,32
q2q4_monolithic_same_solver_reference,1412,0,0.9998396332757895,0.9999755887905699,0.9999968497977689,32
q2q4_monolithic_same_solver_reference,1412,4,0.9953024288015823,0.9976708100694158,0.9991315823219685,32
q2q4_monolithic_same_solver_reference,1412,20,0.9920655249700668,0.99570607299285,0.9990961887692473,32
q2q4_monolithic_same_solver_reference,1412,39,0.995197960235649,0.9981536325388957,0.9995024019493977,32
q2q4_monolithic_same_solver_reference,1416,0,0.9998419647674717,0.9999773374949386,0.9999969196846158,32
q2q4_monolithic_same_solver_reference,1416,4,0.9953627123472447,0.9976874464497721,0.9991757302572358,32
q2q4_monolithic_same_solver_reference,1416,20,0.9920861388187873,0.9957563944833288,0.9991133249739874,32
q2q4_monolithic_same_solver_reference,1416,39,0.9952554938195691,0.9981790767847343,0.9995163713838501,32
q2q4_monolithic_same_solver_reference,1420,0,0.9998478006324413,0.9999787220785039,0.9999969816395454,32
q2q4_monolithic_same_solver_reference,1420,4,0.9953451178350027,0.9976916084756482,0.9991770952137781,32
q2q4_monolithic_same_solver_reference,1420,20,0.9922794266237223,0.9958435439035023,0.9991114557093272,32
q2q4_monolithic_same_solver_reference,1420,39,0.9951906307813594,0.9981931461766718,0.999520981284214,32
q2q4_monolithic_same_solver_reference,1424,0,0.9998512153156844,0.9999798338840475,0.9999970985260174,32
q2q4_monolithic_same_solver_reference,1424,4,0.9954161529804477,0.9977587493251082,0.9991887683408716,32
q2q4_monolithic_same_solver_reference,1424,20,0.9923828919278185,0.9958107884526389,0.9991255661424228,32
q2q4_monolithic_same_solver_reference,1424,39,0.9954154415623806,0.9982318826655894,0.9995266477353156,32
q2q4_monolithic_same_solver_reference,1428,0,0.9998535600924912,0.9999807123562233,0.9999972258578731,32
q2q4_monolithic_same_solver_reference,1428,4,0.9953817703665163,0.9977961850584924,0.9991950080396323,32
q2q4_monolithic_same_solver_reference,1428,20,0.9924672784676623,0.9959244263956101,0.9991350308007013,32
q2q4_monolithic_same_solver_reference,1428,39,0.9953817177988051,0.9982458394576859,0.999540586015839,32
q2q4_monolithic_same_solver_reference,1432,0,0.9998584062565316,0.9999817160891953,0.9999973480421233,32
q2q4_monolithic_same_solver_reference,1432,4,0.9953671632333555,0.9978109239303141,0.9992110842006034,32
q2q4_monolithic_same_solver_reference,1432,20,0.9924955966160259,0.9959502735562102,0.9991527039174455,32
q2q4_monolithic_same_solver_reference,1432,39,0.9955667319563848,0.998260379980493,0.9995360447400681,32
q2q4_monolithic_same_solver_reference,1436,0,0.9998608986946909,0.999983132877542,0.9999974575631481,32
q2q4_monolithic_same_solver_reference,1436,4,0.9955274817435382,0.9978311951048124,0.999214860607845,32
q2q4_monolithic_same_solver_reference,1436,20,0.9927393834410734,0.996025701129706,0.9991501406414716,32
q2q4_monolithic_same_solver_reference,1436,39,0.995486146780595,0.9982866879647359,0.9995452297046656,32
q2q4_monolithic_same_solver_reference,1440,0,0.9998644662420442,0.9999837593173333,0.9999975638900875,32
q2q4_monolithic_same_solver_reference,1440,4,0.9954933252707007,0.997853810768458,0.9992240792922141,32
q2q4_monolithic_same_solver_reference,1440,20,0.9926877335422194,0.9960298465036193,0.999164575546392,32
q2q4_monolithic_same_solver_reference,1440,39,0.9955182398089272,0.9982842124388416,0.9995522070170718,32
q2q4_monolithic_same_solver_reference,1444,0,0.9998666577872926,0.9999846181297987,0.9999976347636597,32
q2q4_monolithic_same_solver_reference,1444,4,0.9955520363159355,0.9978915891313762,0.9992231293011434,32
q2q4_monolithic_same_solver_reference,1444,20,0.9929010907189876,0.9960604422203814,0.9991811300636962,32
q2q4_monolithic_same_solver_reference,1444,39,0.9955380598713631,0.9983138333543473,0.999560504002821,32
q2q4_monolithic_same_solver_reference,1448,0,0.9998707342707409,0.9999854350764793,0.999997718226025,32
q2q4_monolithic_same_solver_reference,1448,4,0.9956779687103907,0.9978948515268344,0.9992451273504396,32
q2q4_monolithic_same_solver_reference,1448,20,0.9929661384693813,0.9960927646637867,0.9991914664873067,32
q2q4_monolithic_same_solver_reference,1448,39,0.9955774781703359,0.998343499519756,0.9995665227142242,32
q2q4_monolithic_same_solver_reference,1452,0,0.9998734026802187,0.9999858028049615,0.9999978568671072,32
q2q4_monolithic_same_solver_reference,1452,4,0.9956550309572193,0.9979154199317588,0.9992393825737659,32
q2q4_monolithic_same_solver_reference,1452,20,0.9930648846562102,0.9961513309999761,0.9991934849408579,32
q2q4_monolithic_same_solver_reference,1452,39,0.9956593334583601,0.9983317738970072,0.9995674651170007,32
q2q4_monolithic_same_solver_reference,1456,0,0.9998792939430915,0.9999861511250739,0.9999979350039916,32
q2q4_monolithic_same_solver_reference,1456,4,0.9956716106630372,0.9979460149303758,0.9992583622984558,32
q2q4_monolithic_same_solver_reference,1456,20,0.9931053383043187,0.9961762117816835,0.9992033339697485,32
q2q4_monolithic_same_solver_reference,1456,39,0.9956470347084764,0.9983628687765902,0.9995793877209292,32
q2q4_monolithic_same_solver_reference,1460,0,0.9998827608150453,0.9999871849722911,0.9999980314238683,32
q2q4_monolithic_same_solver_reference,1460,4,0.9957826729237548,0.9979746018070488,0.9992580348517026,32
q2q4_monolithic_same_solver_reference,1460,20,0.9932458223474707,0.9962078988156378,0.9992154476950995,32
q2q4_monolithic_same_solver_reference,1460,39,0.9957249263961688,0.9983774558768587,0.9995799958387361,32
q2q4_monolithic_same_solver_reference,1464,0,0.9998857351414587,0.9999881947478466,0.9999981244347317,32
q2q4_monolithic_same_solver_reference,1464,4,0.9957710197493973,0.9979952133735993,0.9992689495901158,32
q2q4_monolithic_same_solver_reference,1464,20,0.9933102308803378,0.9962943480745339,0.9992246952812169,32
q2q4_monolithic_same_solver_reference,1464,39,0.9957819899473801,0.9983872478016076,0.9995858196739342,32
q2q4_monolithic_same_solver_reference,1468,0,0.9998854220404069,0.999989023923942,0.9999981968061495,32
q2q4_monolithic_same_solver_reference,1468,4,0.995766374919451,0.9980221309016357,0.9992772144365115,32
q2q4_monolithic_same_solver_reference,1468,20,0.9934619351754999,0.996262674369599,0.9992371916974465,32
q2q4_monolithic_same_solver_reference,1468,39,0.995887755845637,0.9984205307216607,0.9995935584585506,32
q2q4_monolithic_same_solver_reference,1472,0,0.9998879736187513,0.9999894654314205,0.9999983548481588,32
q2q4_monolithic_same_solver_reference,1472,4,0.9958000063844681,0.9980390409354164,0.9992943332426835,32
q2q4_monolithic_same_solver_reference,1472,20,0.9934608640189658,0.9962964203194928,0.9992343352752971,32
q2q4_monolithic_same_solver_reference,1472,39,0.9958455908831443,0.9984244157932007,0.9996000983396818,32
q2q4_monolithic_same_solver_reference,1476,0,0.9998909043911067,0.9999898320575643,0.9999985055443342,32
q2q4_monolithic_same_solver_reference,1476,4,0.9958572077832428,0.9980949576250697,0.9992978131046671,32
q2q4_monolithic_same_solver_reference,1476,20,0.9933990420224978,0.9964220370509655,0.9992450295192626,32
q2q4_monolithic_same_solver_reference,1476,39,0.9959306324662262,0.9984486920084368,0.9995991707310545,32
q2q4_monolithic_same_solver_reference,1480,0,0.9998925940233611,0.9999907416681042,0.9999985799343517,32
q2q4_monolithic_same_solver_reference,1480,4,0.9959167963107283,0.9980619809616307,0.9993002179968372,32
q2q4_monolithic_same_solver_reference,1480,20,0.9936541483561739,0.996376876062923,0.9992571272094867,32
q2q4_monolithic_same_solver_reference,1480,39,0.9959870053317542,0.9984728347238367,0.9996059402378414,32
q2q4_monolithic_same_solver_reference,1484,0,0.9998951660433365,0.9999912723968336,0.9999986445729006,32
q2q4_monolithic_same_solver_reference,1484,4,0.9960221157691732,0.9981141370209299,0.9993183090783346,32
q2q4_monolithic_same_solver_reference,1484,20,0.9938171649745691,0.9963773241383101,0.9992615894992178,32
q2q4_monolithic_same_solver_reference,1484,39,0.9960853442059381,0.9984771949251039,0.9996159327060069,32
q2q4_monolithic_same_solver_reference,1488,0,0.9998994569006245,0.9999917066166828,0.999998744056756,32
q2q4_monolithic_same_solver_reference,1488,4,0.9959556880968091,0.9981573074650483,0.9993115176237105,32
q2q4_monolithic_same_solver_reference,1488,20,0.9939166848612276,0.9964508548943438,0.9992816063012385,32
q2q4_monolithic_same_solver_reference,1488,39,0.9961079118794468,0.9984783024236128,0.9996184087662534,32
q2q4_monolithic_same_solver_reference,1492,0,0.9999011676449121,0.9999920749138016,0.9999987841216081,32
q2q4_monolithic_same_solver_reference,1492,4,0.9960502126365264,0.9981194978332684,0.9993216123625032,32
q2q4_monolithic_same_solver_reference,1492,20,0.9937371772810926,0.9965399232240222,0.9992862154218893,32
q2q4_monolithic_same_solver_reference,1492,39,0.996150761227543,0.9985132566049874,0.9996225990847379,32
q2q4_monolithic_same_solver_reference,1496,0,0.9999040945906258,0.9999926898469998,0.9999988547092887,32
q2q4_monolithic_same_solver_reference,1496,4,0.9962411067484591,0.9981836112695176,0.9993303265826866,32
q2q4_monolithic_same_solver_reference,1496,20,0.994082937298761,0.9965511661342117,0.9992769951628359,32
q2q4_monolithic_same_solver_reference,1496,39,0.9961716987663176,0.9985401091098862,0.9996247957162128,32
q2q4_monolithic_same_solver_reference,1500,0,0.9999068433084447,0.9999930964218877,0.9999989362962378,32
q2q4_monolithic_same_solver_reference,1500,4,0.9961493540717782,0.9982029359190063,0.9993466424248841,32
q2q4_monolithic_same_solver_reference,1500,20,0.9940796959688485,0.9965763415586755,0.9993061475176033,32
q2q4_monolithic_same_solver_reference,1500,39,0.996203918451746,0.9985392927787278,0.9996356208474736,32
q2q4_monolithic_same_solver_reference,1504,0,0.9999085327716013,0.999993357028649,0.999998974600987,32
q2q4_monolithic_same_solver_reference,1504,4,0.9961051839881857,0.9982179140741169,0.9993480709828299,32
q2q4_monolithic_same_solver_reference,1504,20,0.9939626101196581,0.9966972013137826,0.9992969039047291,32
q2q4_monolithic_same_solver_reference,1504,39,0.9962868589461694,0.9985471288612354,0.9996334991816973,32
q2q4_monolithic_same_solver_reference,1506,0,0.9999095552542352,0.9999935017785615,0.9999989775464554,32
q2q4_monolithic_same_solver_reference,1506,4,0.9962556221207046,0.998204808689367,0.9993547936624416,32
q2q4_monolithic_same_solver_reference,1506,20,0.9941916088563258,0.996698003221369,0.9993158308698866,32
q2q4_monolithic_same_solver_reference,1506,39,0.9963233008216497,0.9985719331879387,0.999639327064412,32
q2q4_monolithic_same_solver_reference,1507,0,0.9999099469494153,0.9999934833841121,0.999999024166797,32
q2q4_monolithic_same_solver_reference,1507,4,0.996254762149687,0.9982112703459025,0.9993531264657065,32
q2q4_monolithic_same_solver_reference,1507,20,0.9941942484566187,0.9967498885965922,0.9993112858188216,32
q2q4_monolithic_same_solver_reference,1507,39,0.9963383293891646,0.998596949899068,0.9996389844809052,32
q2q4_monolithic_same_solver_reference,1508,0,0.9999115195137407,0.9999937663411584,0.9999990306116783,32
q2q4_monolithic_same_solver_reference,1508,4,0.9962512322407675,0.9982169465127921,0.9993576248540811,32
q2q4_monolithic_same_solver_reference,1508,20,0.9941917682901309,0.9967190889141752,0.9993138998122232,32
q2q4_monolithic_same_solver_reference,1508,39,0.9963387927509194,0.9985899930840558,0.9996369592016684,32
q2q4_monolithic_same_solver_reference,1512,0,0.9999121308631992,0.9999940152945495,0.9999990699594715,32
q2q4_monolithic_same_solver_reference,1512,4,0.9963390325552369,0.9982514679781627,0.9993645847191711,32
q2q4_monolithic_same_solver_reference,1512,20,0.9943333960289548,0.9967233016398747,0.9993141341747821,32
q2q4_monolithic_same_solver_reference,1512,39,0.9963637981428018,0.998617284533664,0.9996368425333693,32
q2q4_monolithic_same_solver_reference,1516,0,0.9999134577366663,0.9999943228749933,0.999999102998985,32
q2q4_monolithic_same_solver_reference,1516,4,0.9962985718979986,0.9982473644565468,0.9993821227110498,32
q2q4_monolithic_same_solver_reference,1516,20,0.9940606155312124,0.9967942308523496,0.9993346879622508,32
q2q4_monolithic_same_solver_reference,1516,39,0.9963982040460442,0.9985891766734797,0.9996564304046865,32
q2q4_monolithic_same_solver_reference,1520,0,0.9999167572451721,0.9999947411448393,0.9999991234616925,32
q2q4_monolithic_same_solver_reference,1520,4,0.9963863397891332,0.998309829145047,0.9993702578900433,32
q2q4_monolithic_same_solver_reference,1520,20,0.9944162366400552,0.9968361909877737,0.99933096919194,32
q2q4_monolithic_same_solver_reference,1520,39,0.9965137224366132,0.9986411933178263,0.9996536181195057,32
q2q4_monolithic_same_solver_reference,1524,0,0.9999192682706605,0.9999949030868235,0.999999213458124,32
q2q4_monolithic_same_solver_reference,1524,4,0.9964714187987286,0.998299620867289,0.9993908822962982,32
q2q4_monolithic_same_solver_reference,1524,20,0.9944451464704828,0.9968418948526977,0.999336754917605,32
q2q4_monolithic_same_solver_reference,1524,39,0.9965137373505683,0.9986521435996055,0.9996554649701617,32
q2q4_monolithic_same_solver_reference,1528,0,0.9999203728675193,0.9999953485680899,0.999999219734753,32
q2q4_monolithic_same_solver_reference,1528,4,0.9965291366415343,0.9983332713836202,0.9993910311847715,32
q2q4_monolithic_same_solver_reference,1528,20,0.9946473600365285,0.9968985041460641,0.999350547959552,32
q2q4_monolithic_same_solver_reference,1528,39,0.996570286503963,0.9986682050912805,0.999651951326576,32
q2q4_monolithic_same_solver_reference,1532,0,0.9999220148990609,0.9999954744464084,0.9999992737308611,32
q2q4_monolithic_same_solver_reference,1532,4,0.9964556848345864,0.9983282069296031,0.9994055785210088,32
q2q4_monolithic_same_solver_reference,1532,20,0.9945390120916553,0.9969456091127191,0.9993504196554683,32
q2q4_monolithic_same_solver_reference,1532,39,0.9966427816462545,0.9987059407215784,0.9996576490549675,32
q2q4_monolithic_same_solver_reference,1536,0,0.9999259198051672,0.9999957921124749,0.9999992999745437,32
q2q4_monolithic_same_solver_reference,1536,4,0.9965585387126435,0.9983637007722963,0.9993891353464899,32
q2q4_monolithic_same_solver_reference,1536,20,0.9946889847236432,0.9969835518326159,0.9993654850651056,32
q2q4_monolithic_same_solver_reference,1536,39,0.9967448854288886,0.9987165513272631,0.9996574375491527,32
q2q4_monolithic_same_solver_reference,1568,0,0.9999414232991408,0.9999971441134543,0.9999995660080079,32
q2q4_monolithic_same_solver_reference,1568,4,0.996917180526972,0.9985336155190809,0.9994660773935901,32
q2q4_monolithic_same_solver_reference,1568,20,0.995061232581051,0.9972900505736728,0.9994063505347514,32
q2q4_monolithic_same_solver_reference,1568,39,0.9970164017678749,0.9987885187244732,0.9996808503427091,32
q2q4_monolithic_same_solver_reference,1600,0,0.999953879776249,0.9999978461837891,0.9999997394368547,32
q2q4_monolithic_same_solver_reference,1600,4,0.9972441219742533,0.9986430049803087,0.999510554905217,32
q2q4_monolithic_same_solver_reference,1600,20,0.9955999740630391,0.9975109911162768,0.999463018030346,32
q2q4_monolithic_same_solver_reference,1600,39,0.9972897988272797,0.998925572110511,0.9997239702248273,32
q2q4_monolithic_same_solver_reference,1632,0,0.9999616134714054,0.9999984535415032,0.999999824599439,32
q2q4_monolithic_same_solver_reference,1632,4,0.9974595472131742,0.9987711776280155,0.9995496616669731,32
q2q4_monolithic_same_solver_reference,1632,20,0.9959841814604943,0.9977472578473853,0.9995113897742895,32
q2q4_monolithic_same_solver_reference,1632,39,0.9974974861309494,0.9990645688255881,0.9997471422454794,32
q2q4_monolithic_same_solver_reference,1664,0,0.9999684250540584,0.9999989310653803,0.9999998818640126,32
q2q4_monolithic_same_solver_reference,1664,4,0.9976786065795737,0.9988759679125341,0.9995914845487412,32
q2q4_monolithic_same_solver_reference,1664,20,0.9963391272493636,0.9979494874366968,0.9995660471493565,32
q2q4_monolithic_same_solver_reference,1664,39,0.9978061866358968,0.9991431383025107,0.9997821294882473,32
q3_ideal_logical_256_byte_plane_ceiling,384,0,0.9777528572838826,0.9916932415146875,0.9983499629782511,32
q3_ideal_logical_256_byte_plane_ceiling,384,4,0.9397871301898556,0.9612061033983501,0.983805168477098,32
q3_ideal_logical_256_byte_plane_ceiling,384,20,0.896706126727212,0.943672291020323,0.9860264086489339,32
q3_ideal_logical_256_byte_plane_ceiling,384,39,0.9196581294880116,0.9727402979730966,0.9923629717921715,32
q3_ideal_logical_256_byte_plane_ceiling,416,0,0.9798405407873709,0.9928411097437375,0.9986377026133503,32
q3_ideal_logical_256_byte_plane_ceiling,416,4,0.9469873526353986,0.965670295438254,0.9861350946950282,32
q3_ideal_logical_256_byte_plane_ceiling,416,20,0.9085407687563203,0.9485380666559028,0.987999981079741,32
q3_ideal_logical_256_byte_plane_ceiling,416,39,0.9275237810592512,0.9759461395562767,0.9931169241208745,32
q3_ideal_logical_256_byte_plane_ceiling,448,0,0.9838700710859961,0.9942037475883038,0.9989039631713389,32
q3_ideal_logical_256_byte_plane_ceiling,448,4,0.9531587989358349,0.9696082357755211,0.9875458611595002,32
q3_ideal_logical_256_byte_plane_ceiling,448,20,0.9159274880523633,0.9528807397170418,0.9891326249161653,32
q3_ideal_logical_256_byte_plane_ceiling,448,39,0.934337089630514,0.9780608949540623,0.9939703788074759,32
q3_ideal_logical_256_byte_plane_ceiling,480,0,0.985854704302689,0.9951866012881637,0.9990766320019319,32
q3_ideal_logical_256_byte_plane_ceiling,480,4,0.9580937298958117,0.9724912718338485,0.9892652519390237,32
q3_ideal_logical_256_byte_plane_ceiling,480,20,0.9243588946721716,0.9576769599450192,0.9900883574926502,32
q3_ideal_logical_256_byte_plane_ceiling,480,39,0.9390462078486552,0.9798238758291006,0.9944819227893478,32
q3_ideal_logical_256_byte_plane_ceiling,512,0,0.9885186137123784,0.9960890136393122,0.9992422383261212,32
q3_ideal_logical_256_byte_plane_ceiling,512,4,0.9611934121866392,0.9759985096697057,0.9905652539262103,32
q3_ideal_logical_256_byte_plane_ceiling,512,20,0.9316275312698314,0.9619530934508496,0.9911393169877486,32
q3_ideal_logical_256_byte_plane_ceiling,512,39,0.9449543106637389,0.9819881914638948,0.9950589227010844,32
q3_ideal_logical_256_byte_plane_ceiling,544,0,0.9902425475814204,0.9968400348180011,0.999357053124296,32
q3_ideal_logical_256_byte_plane_ceiling,544,4,0.9659922953099401,0.9785470305396462,0.9913937691771603,32
q3_ideal_logical_256_byte_plane_ceiling,544,20,0.9380726012343455,0.9652976426045483,0.9922487922003731,32
q3_ideal_logical_256_byte_plane_ceiling,544,39,0.9493764467839065,0.9836366786565621,0.9955011215891835,32
q3_ideal_logical_256_byte_plane_ceiling,576,0,0.9922010487998224,0.9973865745437684,0.9994710443882614,32
q3_ideal_logical_256_byte_plane_ceiling,576,4,0.969077687832898,0.9809614726023492,0.9926989038623318,32
q3_ideal_logical_256_byte_plane_ceiling,576,20,0.9434218178668875,0.9678912052336561,0.9928992459586983,32
q3_ideal_logical_256_byte_plane_ceiling,576,39,0.9545799070143486,0.985219663450873,0.9960267459415962,32
q3_ideal_logical_256_byte_plane_ceiling,608,0,0.9934905451100333,0.9978585188254644,0.9995380130873849,32
q3_ideal_logical_256_byte_plane_ceiling,608,4,0.9717942664357557,0.9824758572294086,0.9934698114278079,32
q3_ideal_logical_256_byte_plane_ceiling,608,20,0.9479131402796516,0.9711371829135276,0.9935681891641338,32
q3_ideal_logical_256_byte_plane_ceiling,608,39,0.9596318989511803,0.9864722526911978,0.9964487640231278,32
q3_ideal_logical_256_byte_plane_ceiling,640,0,0.994534238556077,0.9982140403918367,0.9996066099480962,32
q3_ideal_logical_256_byte_plane_ceiling,640,4,0.9739948105488972,0.9843972444001923,0.9942257808461621,32
q3_ideal_logical_256_byte_plane_ceiling,640,20,0.9527754055265054,0.9739874564139205,0.9939836128772286,32
q3_ideal_logical_256_byte_plane_ceiling,640,39,0.9641840093294382,0.9877119860166101,0.9968692916652891,32
q3_ideal_logical_256_byte_plane_ceiling,672,0,0.9954098397061236,0.9985289167695521,0.999656801583324,32
q3_ideal_logical_256_byte_plane_ceiling,672,4,0.9758911099121819,0.9856329118910416,0.9947469483891055,32
q3_ideal_logical_256_byte_plane_ceiling,672,20,0.9558923058903638,0.9764309859597055,0.9947157060983313,32
q3_ideal_logical_256_byte_plane_ceiling,672,39,0.968123144377927,0.9891170163287751,0.9971447847126526,32
q3_ideal_logical_256_byte_plane_ceiling,704,0,0.9960524363030552,0.9987606000571918,0.9997053800098229,32
q3_ideal_logical_256_byte_plane_ceiling,704,4,0.978202539341468,0.9874003839708406,0.995277196045702,32
q3_ideal_logical_256_byte_plane_ceiling,704,20,0.9599119438545048,0.9782924007933568,0.9953014870577384,32
q3_ideal_logical_256_byte_plane_ceiling,704,39,0.971329453340987,0.9900536777395024,0.9974230102940368,32
q3_ideal_logical_256_byte_plane_ceiling,736,0,0.9967206815171922,0.999004182514324,0.9997529734297661,32
q3_ideal_logical_256_byte_plane_ceiling,736,4,0.9804586627248039,0.9889843503690777,0.9956915781093358,32
q3_ideal_logical_256_byte_plane_ceiling,736,20,0.9638171436450741,0.9805175585960373,0.9956327451766395,32
q3_ideal_logical_256_byte_plane_ceiling,736,39,0.9749662087850972,0.9910019673518495,0.9976233397586446,32
q3_ideal_logical_256_byte_plane_ceiling,768,0,0.9972747516942452,0.9991687573305315,0.9997951048683661,32
q3_ideal_logical_256_byte_plane_ceiling,768,4,0.9824814643254668,0.9899796326589532,0.9961491091698771,32
q3_ideal_logical_256_byte_plane_ceiling,768,20,0.9674496158229929,0.9821655856167262,0.9961089541725098,32
q3_ideal_logical_256_byte_plane_ceiling,768,39,0.9778713764246075,0.9918757450861362,0.9978633630901897,32
q3_ideal_logical_256_byte_plane_ceiling,800,0,0.9976551757475914,0.9993109020845392,0.9998230079675383,32
q3_ideal_logical_256_byte_plane_ceiling,800,4,0.9837685424206091,0.9908735791807455,0.9964976653908454,32
q3_ideal_logical_256_byte_plane_ceiling,800,20,0.9705560798559425,0.9835854819962915,0.9963798614639907,32
q3_ideal_logical_256_byte_plane_ceiling,800,39,0.9792676059878099,0.9928298646214377,0.99810495816712,32
q3_ideal_logical_256_byte_plane_ceiling,832,0,0.9980212765454132,0.9994239818988966,0.9998516315198225,32
q3_ideal_logical_256_byte_plane_ceiling,832,4,0.985596628314168,0.9916499899346842,0.9969347285924405,32
q3_ideal_logical_256_byte_plane_ceiling,832,20,0.9731220146808837,0.9851209715994476,0.9967507703826192,32
q3_ideal_logical_256_byte_plane_ceiling,832,39,0.9809672639608817,0.9934827265468676,0.9982776497455037,32
q3_ideal_logical_256_byte_plane_ceiling,864,0,0.9984260766892037,0.9995241334941449,0.9998729555090494,32
q3_ideal_logical_256_byte_plane_ceiling,864,4,0.9863125566668153,0.9924543076006342,0.997100951581406,32
q3_ideal_logical_256_byte_plane_ceiling,864,20,0.9762037416987012,0.9863096055088454,0.9970581216532916,32
q3_ideal_logical_256_byte_plane_ceiling,864,39,0.9828940339315674,0.9941871089695598,0.9984188068487442,32
q3_ideal_logical_256_byte_plane_ceiling,896,0,0.9987321812573404,0.9996095996574419,0.9998946204481675,32
q3_ideal_logical_256_byte_plane_ceiling,896,4,0.9877233509850799,0.9931108705138906,0.9974428409434051,32
q3_ideal_logical_256_byte_plane_ceiling,896,20,0.9778255942340294,0.9875010560137272,0.9973558331257785,32
q3_ideal_logical_256_byte_plane_ceiling,896,39,0.9845583282578962,0.9946876406103979,0.9985220433575653,32
q3_ideal_logical_256_byte_plane_ceiling,928,0,0.9989963337580307,0.9996736315987826,0.9999128928896137,32
q3_ideal_logical_256_byte_plane_ceiling,928,4,0.9891016592332068,0.9938029242846528,0.997668818854548,32
q3_ideal_logical_256_byte_plane_ceiling,928,20,0.9795178095008051,0.9884934933024918,0.997569544296748,32
q3_ideal_logical_256_byte_plane_ceiling,928,39,0.9862844857633511,0.9953778383606755,0.9986538011478241,32
q3_ideal_logical_256_byte_plane_ceiling,960,0,0.9991548025686008,0.9997341982110614,0.9999278881113164,32
q3_ideal_logical_256_byte_plane_ceiling,960,4,0.9898885384311155,0.9943664366036433,0.9978415652303186,32
q3_ideal_logical_256_byte_plane_ceiling,960,20,0.9816783247546718,0.9895919712165889,0.9978125107473024,32
q3_ideal_logical_256_byte_plane_ceiling,960,39,0.9875516184095426,0.9957424476842236,0.9988060137933832,32
q3_ideal_logical_256_byte_plane_ceiling,992,0,0.9992800325602923,0.9997766450032662,0.9999425018111796,32
q3_ideal_logical_256_byte_plane_ceiling,992,4,0.9906181994811717,0.9948184412820051,0.998039371702409,32
q3_ideal_logical_256_byte_plane_ceiling,992,20,0.9831102680643994,0.9905588401354872,0.9980767052246051,32
q3_ideal_logical_256_byte_plane_ceiling,992,39,0.9894852780542629,0.9961355170743149,0.9989404840748679,32
q3_ideal_logical_256_byte_plane_ceiling,1024,0,0.9993850458786555,0.9998340898189709,0.9999530393990517,32
q3_ideal_logical_256_byte_plane_ceiling,1024,4,0.9914918777462752,0.9953513972061456,0.9982724974194059,32
q3_ideal_logical_256_byte_plane_ceiling,1024,20,0.984656809159261,0.9912001027359632,0.9982851222073821,32
q3_ideal_logical_256_byte_plane_ceiling,1024,39,0.9902906724666262,0.9966055015006525,0.9990222790353535,32
q3_ideal_logical_256_byte_plane_ceiling,1056,0,0.9994507168962322,0.9998658622880063,0.9999606303932285,32
q3_ideal_logical_256_byte_plane_ceiling,1056,4,0.9923688146811604,0.9958134945232596,0.9985215304947732,32
q3_ideal_logical_256_byte_plane_ceiling,1056,20,0.9858752036788889,0.9920018662131282,0.9984559909137126,32
q3_ideal_logical_256_byte_plane_ceiling,1056,39,0.9907600649844664,0.9968248119828524,0.9991352229820574,32
q3_ideal_logical_256_byte_plane_ceiling,1088,0,0.9995392198955801,0.999895753567128,0.9999673964904887,32
q3_ideal_logical_256_byte_plane_ceiling,1088,4,0.9929488935813429,0.9961557670473653,0.9986513470169068,32
q3_ideal_logical_256_byte_plane_ceiling,1088,20,0.9873765222781006,0.9926747808874365,0.9985963718311819,32
q3_ideal_logical_256_byte_plane_ceiling,1088,39,0.9919707290371768,0.9971972638643625,0.9992259851492538,32
q3_ideal_logical_256_byte_plane_ceiling,1120,0,0.9996108001198741,0.9999167992290876,0.9999739415336125,32
q3_ideal_logical_256_byte_plane_ceiling,1120,4,0.9934185333691822,0.9965916494673834,0.998780181671957,32
q3_ideal_logical_256_byte_plane_ceiling,1120,20,0.9884614963563526,0.993452127864564,0.9987416638509067,32
q3_ideal_logical_256_byte_plane_ceiling,1120,39,0.9926329451380826,0.9974456480113008,0.9993142272018545,32
q3_ideal_logical_256_byte_plane_ceiling,1152,0,0.9996810159338689,0.9999323560984616,0.9999784148272901,32
q3_ideal_logical_256_byte_plane_ceiling,1152,4,0.9941285603557309,0.9969002425830419,0.9989109887661386,32
q3_ideal_logical_256_byte_plane_ceiling,1152,20,0.9898458074575306,0.9941517245253881,0.998834807956219,32
q3_ideal_logical_256_byte_plane_ceiling,1152,39,0.993441988324963,0.9976814802654603,0.9993779612644509,32
q3_ideal_logical_256_byte_plane_ceiling,1184,0,0.9997217347626668,0.999944998941232,0.999982123463473,32
q3_ideal_logical_256_byte_plane_ceiling,1184,4,0.9947857932342482,0.9972281120737485,0.9990263852723589,32
q3_ideal_logical_256_byte_plane_ceiling,1184,20,0.9907147036620345,0.9947392662429957,0.9989915333404407,32
q3_ideal_logical_256_byte_plane_ceiling,1184,39,0.9943940842642889,0.997828814327709,0.9994307842593376,32
q3_ideal_logical_256_byte_plane_ceiling,1216,0,0.9997788883177786,0.9999544306558246,0.9999859727500316,32
q3_ideal_logical_256_byte_plane_ceiling,1216,4,0.9950579149430363,0.9974701044398597,0.9990944130746484,32
q3_ideal_logical_256_byte_plane_ceiling,1216,20,0.9917383115589398,0.9953414127142468,0.9990791409379514,32
q3_ideal_logical_256_byte_plane_ceiling,1216,39,0.9949355135151906,0.9980512638355489,0.9994688884709387,32
q3_ideal_logical_256_byte_plane_ceiling,1248,0,0.9998127657746212,0.9999668552941091,0.9999889844396016,32
q3_ideal_logical_256_byte_plane_ceiling,1248,4,0.9956760761886626,0.997717953849766,0.9991855832614595,32
q3_ideal_logical_256_byte_plane_ceiling,1248,20,0.9927596799954577,0.9957215905914176,0.9991764841368522,32
q3_ideal_logical_256_byte_plane_ceiling,1248,39,0.9954642812508351,0.9982889420768462,0.9995333570096611,32
q3_ideal_logical_256_byte_plane_ceiling,1280,0,0.9998446193665712,0.9999732240382211,0.9999913284727618,32
q3_ideal_logical_256_byte_plane_ceiling,1280,4,0.9960862078075532,0.9979374653442655,0.9992654932654806,32
q3_ideal_logical_256_byte_plane_ceiling,1280,20,0.993541152505436,0.9961258879143904,0.9992576723937616,32
q3_ideal_logical_256_byte_plane_ceiling,1280,39,0.9960018198157777,0.9984470125172853,0.9995808351766023,32
q3_ideal_logical_256_byte_plane_ceiling,1284,0,0.999849772403592,0.9999739430848397,0.9999916952526295,32
q3_ideal_logical_256_byte_plane_ceiling,1284,4,0.9961105338965069,0.9979847132100985,0.9992661604884998,32
q3_ideal_logical_256_byte_plane_ceiling,1284,20,0.9935287206258309,0.9962111146158784,0.9992706476917893,32
q3_ideal_logical_256_byte_plane_ceiling,1284,39,0.9960382270408077,0.998461754595873,0.9995795674293707,32
q3_ideal_logical_256_byte_plane_ceiling,1288,0,0.9998554969008662,0.9999751460399023,0.999991801974129,32
q3_ideal_logical_256_byte_plane_ceiling,1288,4,0.9961251495832704,0.998008347525507,0.9992833184875327,32
q3_ideal_logical_256_byte_plane_ceiling,1288,20,0.9936035043300835,0.996277314619491,0.9992765291227326,32
q3_ideal_logical_256_byte_plane_ceiling,1288,39,0.9961363496095271,0.9984477255453188,0.9995847844312483,32
q3_ideal_logical_256_byte_plane_ceiling,1292,0,0.9998588022439333,0.9999754251438338,0.999991961306743,32
q3_ideal_logical_256_byte_plane_ceiling,1292,4,0.9962577372329893,0.9980095880522171,0.9992662095445658,32
q3_ideal_logical_256_byte_plane_ceiling,1292,20,0.9936917322900747,0.9962325689048528,0.9992903034852962,32
q3_ideal_logical_256_byte_plane_ceiling,1292,39,0.9962322675875122,0.998505430739959,0.999590126150767,32
q3_ideal_logical_256_byte_plane_ceiling,1296,0,0.9998621951482236,0.9999768080169221,0.9999923125328252,32
q3_ideal_logical_256_byte_plane_ceiling,1296,4,0.9963061753302683,0.9980541322272353,0.9992844249956058,32
q3_ideal_logical_256_byte_plane_ceiling,1296,20,0.9936476574055128,0.99637921318873,0.9992903476490981,32
q3_ideal_logical_256_byte_plane_ceiling,1296,39,0.9961346567284036,0.9984967414844579,0.9996013290695327,32
q3_ideal_logical_256_byte_plane_ceiling,1300,0,0.9998666724408142,0.9999773677643848,0.9999926274788683,32
q3_ideal_logical_256_byte_plane_ceiling,1300,4,0.9962513563286539,0.9980651410922177,0.999296175073966,32
q3_ideal_logical_256_byte_plane_ceiling,1300,20,0.9938895504460177,0.9964777831736791,0.9992909914602931,32
q3_ideal_logical_256_byte_plane_ceiling,1300,39,0.9962447395448141,0.9985260778716238,0.9995983830345236,32
q3_ideal_logical_256_byte_plane_ceiling,1304,0,0.9998699351160926,0.9999781307422149,0.9999928855473335,32
q3_ideal_logical_256_byte_plane_ceiling,1304,4,0.9963309548420777,0.998090943313213,0.9993118993287353,32
q3_ideal_logical_256_byte_plane_ceiling,1304,20,0.9940869298270604,0.9965373398985164,0.9993107330860476,32
q3_ideal_logical_256_byte_plane_ceiling,1304,39,0.9963193232998857,0.9985649111231407,0.9996128782197805,32
q3_ideal_logical_256_byte_plane_ceiling,1308,0,0.9998705550447952,0.999979055561047,0.999992989484911,32
q3_ideal_logical_256_byte_plane_ceiling,1308,4,0.9963895852338471,0.9981018423267055,0.9993113428474122,32
q3_ideal_logical_256_byte_plane_ceiling,1308,20,0.9939009629132939,0.9964940006524357,0.9993305648547404,32
q3_ideal_logical_256_byte_plane_ceiling,1308,39,0.9964034682958454,0.9985518079559531,0.999615183919542,32
q3_ideal_logical_256_byte_plane_ceiling,1312,0,0.9998754313910042,0.9999796687668508,0.9999931749985772,32
q3_ideal_logical_256_byte_plane_ceiling,1312,4,0.9964762838538772,0.9981220344693346,0.9993327851433443,32
q3_ideal_logical_256_byte_plane_ceiling,1312,20,0.9939773831122235,0.9965324084853653,0.9993235962992608,32
q3_ideal_logical_256_byte_plane_ceiling,1312,39,0.9964172185248376,0.9985674781456317,0.9996131086132383,32
q3_ideal_logical_256_byte_plane_ceiling,1316,0,0.9998784793324177,0.9999804013062574,0.9999933727445471,32
q3_ideal_logical_256_byte_plane_ceiling,1316,4,0.9964619476385759,0.9981929877302839,0.9993335061460019,32
q3_ideal_logical_256_byte_plane_ceiling,1316,20,0.9939930739811025,0.9966199811962437,0.9993263682153327,32
q3_ideal_logical_256_byte_plane_ceiling,1316,39,0.9964374985788148,0.9985849001174854,0.999620642788556,32
q3_ideal_logical_256_byte_plane_ceiling,1320,0,0.9998777170959824,0.999980784570007,0.9999937437120691,32
q3_ideal_logical_256_byte_plane_ceiling,1320,4,0.9965673310156111,0.998214767816502,0.9993429002737518,32
q3_ideal_logical_256_byte_plane_ceiling,1320,20,0.9942472644923697,0.9966526474625822,0.999348032677152,32
q3_ideal_logical_256_byte_plane_ceiling,1320,39,0.9964425703029863,0.9986414380427615,0.9996347476385141,32
q3_ideal_logical_256_byte_plane_ceiling,1324,0,0.9998810563243999,0.9999815866583744,0.9999943427024162,32
q3_ideal_logical_256_byte_plane_ceiling,1324,4,0.9965722163722056,0.9982330313793722,0.9993579245883475,32
q3_ideal_logical_256_byte_plane_ceiling,1324,20,0.9942430042941116,0.9966510000287461,0.9993559836148058,32
q3_ideal_logical_256_byte_plane_ceiling,1324,39,0.9964744770736026,0.9986246695998404,0.9996352351673997,32
q3_ideal_logical_256_byte_plane_ceiling,1328,0,0.9998841387990597,0.9999819615698292,0.9999944110655683,32
q3_ideal_logical_256_byte_plane_ceiling,1328,4,0.9966412825929842,0.9982229262182583,0.9993645006602719,32
q3_ideal_logical_256_byte_plane_ceiling,1328,20,0.9943217085549328,0.9967455534856167,0.9993710187809314,32
q3_ideal_logical_256_byte_plane_ceiling,1328,39,0.996553241488623,0.9986412084675822,0.9996447629813672,32
q3_ideal_logical_256_byte_plane_ceiling,1332,0,0.9998890680613834,0.9999826238184917,0.9999946408154801,32
q3_ideal_logical_256_byte_plane_ceiling,1332,4,0.9966744168205639,0.998245567919492,0.9993775883030209,32
q3_ideal_logical_256_byte_plane_ceiling,1332,20,0.9942727276106372,0.9968194500076173,0.9993764880529735,32
q3_ideal_logical_256_byte_plane_ceiling,1332,39,0.9966191328415512,0.9986843492845916,0.9996454082544328,32
q3_ideal_logical_256_byte_plane_ceiling,1336,0,0.9998896258673625,0.9999834548398194,0.9999950118807985,32
q3_ideal_logical_256_byte_plane_ceiling,1336,4,0.9966944542852991,0.9982956709514936,0.9993777084628928,32
q3_ideal_logical_256_byte_plane_ceiling,1336,20,0.9945919833756725,0.9968993912488779,0.9993882393242803,32
q3_ideal_logical_256_byte_plane_ceiling,1336,39,0.9966058009505447,0.9986741666700502,0.9996564315100933,32
q3_ideal_logical_256_byte_plane_ceiling,1340,0,0.99989375695745,0.9999840639712573,0.9999954608481241,32
q3_ideal_logical_256_byte_plane_ceiling,1340,4,0.996812068373578,0.9983007384011839,0.9993622647438343,32
q3_ideal_logical_256_byte_plane_ceiling,1340,20,0.9944881892058194,0.9968184015426738,0.9993870282860611,32
q3_ideal_logical_256_byte_plane_ceiling,1340,39,0.9966860728514894,0.9987214758481043,0.999658952871835,32
q3_ideal_logical_256_byte_plane_ceiling,1344,0,0.9998941014115327,0.9999847059283843,0.9999957060290924,32
q3_ideal_logical_256_byte_plane_ceiling,1344,4,0.9968164193421819,0.9983058125541419,0.9993818494423301,32
q3_ideal_logical_256_byte_plane_ceiling,1344,20,0.9945931254988407,0.9968892267253586,0.9993979924007258,32
q3_ideal_logical_256_byte_plane_ceiling,1344,39,0.9967316929292939,0.9987266789467205,0.9996718316951138,32
q3_ideal_logical_256_byte_plane_ceiling,1348,0,0.9998983302223926,0.9999855768172401,0.9999959299958694,32
q3_ideal_logical_256_byte_plane_ceiling,1348,4,0.9967986332899827,0.9983382954885629,0.999373167757193,32
q3_ideal_logical_256_byte_plane_ceiling,1348,20,0.9946390905193612,0.9969530589839408,0.9994094877562275,32
q3_ideal_logical_256_byte_plane_ceiling,1348,39,0.9967599770190169,0.9987788484417102,0.9996726292583897,32
q3_ideal_logical_256_byte_plane_ceiling,1352,0,0.9999010616685698,0.9999856935214295,0.9999964884932887,32
q3_ideal_logical_256_byte_plane_ceiling,1352,4,0.9968878027109723,0.9983732878891309,0.9993847021029009,32
q3_ideal_logical_256_byte_plane_ceiling,1352,20,0.9947590655386015,0.9969821041260559,0.9994080547001439,32
q3_ideal_logical_256_byte_plane_ceiling,1352,39,0.996851075642825,0.9987629409188783,0.9996734517346417,32
q3_ideal_logical_256_byte_plane_ceiling,1356,0,0.9999011390035472,0.9999869832843545,0.9999966394562927,32
q3_ideal_logical_256_byte_plane_ceiling,1356,4,0.9969584864137512,0.9983937125848128,0.9994134365079806,32
q3_ideal_logical_256_byte_plane_ceiling,1356,20,0.9948280903425274,0.9970519224962489,0.9994158396228381,32
q3_ideal_logical_256_byte_plane_ceiling,1356,39,0.9968045825374111,0.9987938639039177,0.9996772897786045,32
q3_ideal_logical_256_byte_plane_ceiling,1360,0,0.9999047801518035,0.9999874879744717,0.9999968820719706,32
q3_ideal_logical_256_byte_plane_ceiling,1360,4,0.9970135541575428,0.9984043845078725,0.9994225147773729,32
q3_ideal_logical_256_byte_plane_ceiling,1360,20,0.9948158751709184,0.9970362799429873,0.9994139955267874,32
q3_ideal_logical_256_byte_plane_ceiling,1360,39,0.9969153820138809,0.998796840296543,0.9996857411866791,32
q3_ideal_logical_256_byte_plane_ceiling,1364,0,0.9999054301020949,0.9999879903919755,0.999997210122174,32
q3_ideal_logical_256_byte_plane_ceiling,1364,4,0.9970507214461121,0.9984133073241749,0.9994309147348475,32
q3_ideal_logical_256_byte_plane_ceiling,1364,20,0.9949797405442593,0.9970970621738614,0.9994299810836149,32
q3_ideal_logical_256_byte_plane_ceiling,1364,39,0.9969611353573165,0.9988064493129447,0.9996799161656705,32
q3_ideal_logical_256_byte_plane_ceiling,1368,0,0.9999086074558576,0.999988591921837,0.9999973348943156,32
q3_ideal_logical_256_byte_plane_ceiling,1368,4,0.9970405999039392,0.9984556882185368,0.9994394943136886,32
q3_ideal_logical_256_byte_plane_ceiling,1368,20,0.9950116073860392,0.9971255951161775,0.9994377309284506,32
q3_ideal_logical_256_byte_plane_ceiling,1368,39,0.9968837184707331,0.9988418397579222,0.9996920985659465,32
q3_ideal_logical_256_byte_plane_ceiling,1372,0,0.999909720651342,0.9999892697195575,0.9999976048730822,32
q3_ideal_logical_256_byte_plane_ceiling,1372,4,0.9971220079668,0.9984555639397289,0.9994476829076026,32
q3_ideal_logical_256_byte_plane_ceiling,1372,20,0.995091990675065,0.9971810316434693,0.9994452525809252,32
q3_ideal_logical_256_byte_plane_ceiling,1372,39,0.9969995032356341,0.9988600799602603,0.9996914826788525,32
q3_ideal_logical_256_byte_plane_ceiling,1376,0,0.9999126132987789,0.9999897425341697,0.9999976864125042,32
q3_ideal_logical_256_byte_plane_ceiling,1376,4,0.9971550315027372,0.9984596497819374,0.9994671678719671,32
q3_ideal_logical_256_byte_plane_ceiling,1376,20,0.9951570997167863,0.9972155420012133,0.9994541321088891,32
q3_ideal_logical_256_byte_plane_ceiling,1376,39,0.996950269328842,0.9988737198742129,0.9996942411218813,32
q3_ideal_logical_256_byte_plane_ceiling,1380,0,0.9999161741117527,0.9999901439620462,0.9999978689237882,32
q3_ideal_logical_256_byte_plane_ceiling,1380,4,0.9972212635194191,0.9984970216630541,0.9994743836651045,32
q3_ideal_logical_256_byte_plane_ceiling,1380,20,0.9951991731661682,0.9972122724703378,0.9994551002166261,32
q3_ideal_logical_256_byte_plane_ceiling,1380,39,0.9970983499166384,0.9988970879073611,0.9997078214717692,32
q3_ideal_logical_256_byte_plane_ceiling,1384,0,0.9999195699186106,0.9999903558486507,0.999998020865554,32
q3_ideal_logical_256_byte_plane_ceiling,1384,4,0.9972305154675446,0.9985053165016956,0.9994846206242022,32
q3_ideal_logical_256_byte_plane_ceiling,1384,20,0.9953114936041771,0.9972746508519172,0.9994672657432427,32
q3_ideal_logical_256_byte_plane_ceiling,1384,39,0.9970962083551461,0.9989224397219469,0.9997014207455802,32
q3_ideal_logical_256_byte_plane_ceiling,1388,0,0.9999195262610582,0.999990936511396,0.9999982191612267,32
q3_ideal_logical_256_byte_plane_ceiling,1388,4,0.997228515659966,0.9985050984617803,0.9994918147100689,32
q3_ideal_logical_256_byte_plane_ceiling,1388,20,0.9953588188167303,0.997304234324948,0.9994688856453794,32
q3_ideal_logical_256_byte_plane_ceiling,1388,39,0.9971031520875356,0.9989266811631321,0.9997063959401524,32
q3_ideal_logical_256_byte_plane_ceiling,1392,0,0.9999240001994526,0.9999912588672644,0.9999982958819824,32
q3_ideal_logical_256_byte_plane_ceiling,1392,4,0.9973249903046875,0.9985383782962906,0.999496539053952,32
q3_ideal_logical_256_byte_plane_ceiling,1392,20,0.9954787841103795,0.9973816743161936,0.9994771324147438,32
q3_ideal_logical_256_byte_plane_ceiling,1392,39,0.9971700959262464,0.9989293669098942,0.9997095564730857,32
q3_ideal_logical_256_byte_plane_ceiling,1396,0,0.999924808859734,0.9999917522450577,0.9999984468603332,32
q3_ideal_logical_256_byte_plane_ceiling,1396,4,0.9973512058621767,0.998580099075573,0.9994868644488687,32
q3_ideal_logical_256_byte_plane_ceiling,1396,20,0.9955466995266552,0.9973724177187908,0.9994833043120271,32
q3_ideal_logical_256_byte_plane_ceiling,1396,39,0.9971544733884429,0.9989574348403228,0.9997132630431775,32
q3_ideal_logical_256_byte_plane_ceiling,1400,0,0.9999301736689034,0.9999922111249058,0.9999985443929422,32
q3_ideal_logical_256_byte_plane_ceiling,1400,4,0.9973750601738758,0.9985912129470536,0.9995015523387807,32
q3_ideal_logical_256_byte_plane_ceiling,1400,20,0.9955742762673461,0.9974024973369393,0.9994926715266431,32
q3_ideal_logical_256_byte_plane_ceiling,1400,39,0.997235093495594,0.9989564992015237,0.9997161481427128,32
q3_ideal_logical_256_byte_plane_ceiling,1404,0,0.9999285454684247,0.9999926975386025,0.9999986789878236,32
q3_ideal_logical_256_byte_plane_ceiling,1404,4,0.9973982430556392,0.9985915477742038,0.9994902205936622,32
q3_ideal_logical_256_byte_plane_ceiling,1404,20,0.9956199077505989,0.9974568591837837,0.9994953565835495,32
q3_ideal_logical_256_byte_plane_ceiling,1404,39,0.9972794721495399,0.9989859702683956,0.9997252921665032,32
q3_ideal_logical_256_byte_plane_ceiling,1408,0,0.9999338853010147,0.9999929161479912,0.9999987509101428,32
q3_ideal_logical_256_byte_plane_ceiling,1408,4,0.9974229961700531,0.9986310043781867,0.9995167300030613,32
q3_ideal_logical_256_byte_plane_ceiling,1408,20,0.9956375895976323,0.9974991328693142,0.9995020105416104,32
q3_ideal_logical_256_byte_plane_ceiling,1408,39,0.9973033150450639,0.9989886952670023,0.9997325324785385,32
q3_ideal_logical_256_byte_plane_ceiling,1412,0,0.9999330821483293,0.9999933013207631,0.9999987921358319,32
q3_ideal_logical_256_byte_plane_ceiling,1412,4,0.9974770352619994,0.9986552526906427,0.9995062364604267,32
q3_ideal_logical_256_byte_plane_ceiling,1412,20,0.9957601239514547,0.9975489583028054,0.9995142847525561,32
q3_ideal_logical_256_byte_plane_ceiling,1412,39,0.9973757083438761,0.9990263789931463,0.9997318811182715,32
q3_ideal_logical_256_byte_plane_ceiling,1416,0,0.9999356279112006,0.9999935098584862,0.9999988742072236,32
q3_ideal_logical_256_byte_plane_ceiling,1416,4,0.9975045218402104,0.9986503349421947,0.9995222681272082,32
q3_ideal_logical_256_byte_plane_ceiling,1416,20,0.9957905571416222,0.9975679301406041,0.999520942280926,32
q3_ideal_logical_256_byte_plane_ceiling,1416,39,0.9974719099456683,0.9990278858080601,0.99973446073389,32
q3_ideal_logical_256_byte_plane_ceiling,1420,0,0.9999385092489737,0.9999937989840371,0.9999989084648288,32
q3_ideal_logical_256_byte_plane_ceiling,1420,4,0.9975656877168092,0.9987244948149471,0.9995299809518609,32
q3_ideal_logical_256_byte_plane_ceiling,1420,20,0.9958718493799497,0.9975789285706951,0.9995269153575769,32
q3_ideal_logical_256_byte_plane_ceiling,1420,39,0.9974283135068797,0.9990466262955596,0.9997390187951455,32
q3_ideal_logical_256_byte_plane_ceiling,1424,0,0.9999401806795127,0.999994156072133,0.9999989564724394,32
q3_ideal_logical_256_byte_plane_ceiling,1424,4,0.997528968065629,0.9986987453831395,0.9995406731342702,32
q3_ideal_logical_256_byte_plane_ceiling,1424,20,0.9959717269452454,0.997589488245278,0.9995339882936255,32
q3_ideal_logical_256_byte_plane_ceiling,1424,39,0.9974746089571311,0.9990631023850011,0.999738923587756,32
q3_ideal_logical_256_byte_plane_ceiling,1428,0,0.9999407676832378,0.9999944710804909,0.9999990205297848,32
q3_ideal_logical_256_byte_plane_ceiling,1428,4,0.997601543447255,0.9987152932307555,0.9995469718149603,32
q3_ideal_logical_256_byte_plane_ceiling,1428,20,0.9960066933301739,0.9976808299567532,0.9995393812751141,32
q3_ideal_logical_256_byte_plane_ceiling,1428,39,0.9974983913158765,0.9990649375965045,0.99974251537994,32
q3_ideal_logical_256_byte_plane_ceiling,1432,0,0.9999434351951786,0.9999946576015197,0.9999990406497495,32
q3_ideal_logical_256_byte_plane_ceiling,1432,4,0.9976740663675049,0.9987200364678339,0.999550189979709,32
q3_ideal_logical_256_byte_plane_ceiling,1432,20,0.9960682096171837,0.997706922887484,0.9995427607618242,32
q3_ideal_logical_256_byte_plane_ceiling,1432,39,0.9975174405881843,0.9990815282926235,0.9997487102451981,32
q3_ideal_logical_256_byte_plane_ceiling,1436,0,0.9999439665864679,0.9999949164084925,0.9999990781528532,32
q3_ideal_logical_256_byte_plane_ceiling,1436,4,0.9976663609096195,0.9987608816545998,0.9995553328607809,32
q3_ideal_logical_256_byte_plane_ceiling,1436,20,0.9961171402185394,0.9976716521278612,0.9995493349778193,32
q3_ideal_logical_256_byte_plane_ceiling,1436,39,0.9975520426774708,0.999096179925375,0.9997515151405598,32
q3_ideal_logical_256_byte_plane_ceiling,1440,0,0.9999447248084536,0.9999952413856525,0.9999991070030703,32
q3_ideal_logical_256_byte_plane_ceiling,1440,4,0.9976942216539341,0.9987697977890109,0.9995689698075675,32
q3_ideal_logical_256_byte_plane_ceiling,1440,20,0.9961200680166263,0.9977111647046457,0.9995512165137241,32
q3_ideal_logical_256_byte_plane_ceiling,1440,39,0.9976101435933886,0.9991033505932715,0.9997550477568251,32
q3_ideal_logical_256_byte_plane_ceiling,1444,0,0.9999459028379206,0.9999954157738387,0.9999991492890212,32
q3_ideal_logical_256_byte_plane_ceiling,1444,4,0.9976209621930877,0.9988079463074782,0.9995743553926986,32
q3_ideal_logical_256_byte_plane_ceiling,1444,20,0.9961433745162409,0.9977917292064757,0.9995683253405058,32
q3_ideal_logical_256_byte_plane_ceiling,1444,39,0.9976252472242203,0.9991273907218435,0.9997547162376599,32
q3_ideal_logical_256_byte_plane_ceiling,1448,0,0.9999462963788897,0.9999956776850194,0.9999991838034771,32
q3_ideal_logical_256_byte_plane_ceiling,1448,4,0.9977383019237336,0.99881302750246,0.999584835956999,32
q3_ideal_logical_256_byte_plane_ceiling,1448,20,0.9963005256465982,0.9977879886478069,0.9995714851888605,32
q3_ideal_logical_256_byte_plane_ceiling,1448,39,0.9976570579544602,0.9991407175024896,0.9997602897926973,32
q3_ideal_logical_256_byte_plane_ceiling,1452,0,0.9999481857613283,0.999995892348815,0.9999992335989702,32
q3_ideal_logical_256_byte_plane_ceiling,1452,4,0.997770745655337,0.9988381190481576,0.9995789597759164,32
q3_ideal_logical_256_byte_plane_ceiling,1452,20,0.9963248481317751,0.9978498644204079,0.9995806383760938,32
q3_ideal_logical_256_byte_plane_ceiling,1452,39,0.9977187411796463,0.9991295474377306,0.999766427990274,32
q3_ideal_logical_256_byte_plane_ceiling,1456,0,0.9999488976704598,0.9999961082311093,0.9999992384066789,32
q3_ideal_logical_256_byte_plane_ceiling,1456,4,0.9977792562654602,0.9988309515962226,0.9995901444596791,32
q3_ideal_logical_256_byte_plane_ceiling,1456,20,0.9962717633354319,0.9978420975827434,0.9995856312862972,32
q3_ideal_logical_256_byte_plane_ceiling,1456,39,0.9977187817825676,0.9991631524879327,0.9997694631013456,32
q3_ideal_logical_256_byte_plane_ceiling,1460,0,0.999951697989765,0.9999962958675191,0.999999294122547,32
q3_ideal_logical_256_byte_plane_ceiling,1460,4,0.9977646103364197,0.9988724840671626,0.9995973289486971,32
q3_ideal_logical_256_byte_plane_ceiling,1460,20,0.9963203537546239,0.9978663406526349,0.9995889193847565,32
q3_ideal_logical_256_byte_plane_ceiling,1460,39,0.9977680941889898,0.9991661833517627,0.9997706276223169,32
q3_ideal_logical_256_byte_plane_ceiling,1464,0,0.9999523498234363,0.9999964358281715,0.999999317458076,32
q3_ideal_logical_256_byte_plane_ceiling,1464,4,0.997805337955974,0.99887703233897,0.9996008430629911,32
q3_ideal_logical_256_byte_plane_ceiling,1464,20,0.9964383466295063,0.9978956330808262,0.9995957708481434,32
q3_ideal_logical_256_byte_plane_ceiling,1464,39,0.9977912525535605,0.9991853265009205,0.9997744127678224,32
q3_ideal_logical_256_byte_plane_ceiling,1468,0,0.9999541475569124,0.9999966730238039,0.9999993956884885,32
q3_ideal_logical_256_byte_plane_ceiling,1468,4,0.9978351798734603,0.9989012667515196,0.9996038408648109,32
q3_ideal_logical_256_byte_plane_ceiling,1468,20,0.9964439636347491,0.9979455814153767,0.9995867187423448,32
q3_ideal_logical_256_byte_plane_ceiling,1468,39,0.9978211873578193,0.9992040319350844,0.9997774531585665,32
q3_ideal_logical_256_byte_plane_ceiling,1472,0,0.9999533442919007,0.9999968075000232,0.9999994418802636,32
q3_ideal_logical_256_byte_plane_ceiling,1472,4,0.9978518623642603,0.998906765685361,0.9996061081455875,32
q3_ideal_logical_256_byte_plane_ceiling,1472,20,0.9965354592383204,0.9979899045872683,0.9996024630719161,32
q3_ideal_logical_256_byte_plane_ceiling,1472,39,0.9978690709629241,0.9992097465840207,0.9997793637955316,32
q3_ideal_logical_256_byte_plane_ceiling,1476,0,0.9999547091126297,0.9999969108924938,0.999999465841319,32
q3_ideal_logical_256_byte_plane_ceiling,1476,4,0.9978897409248662,0.9989231147016107,0.9996178921680628,32
q3_ideal_logical_256_byte_plane_ceiling,1476,20,0.996518651771204,0.9979733374268918,0.9996114587553855,32
q3_ideal_logical_256_byte_plane_ceiling,1476,39,0.9978611502544311,0.9992376718990558,0.999780904040179,32
q3_ideal_logical_256_byte_plane_ceiling,1480,0,0.9999573532262559,0.9999970462891288,0.9999994984984374,32
q3_ideal_logical_256_byte_plane_ceiling,1480,4,0.9978884706794326,0.9989548434139935,0.999619221268719,32
q3_ideal_logical_256_byte_plane_ceiling,1480,20,0.9965710120569616,0.9980536933643545,0.9996148080090019,32
q3_ideal_logical_256_byte_plane_ceiling,1480,39,0.9979310312085926,0.9992131439253569,0.9997835017892812,32
q3_ideal_logical_256_byte_plane_ceiling,1484,0,0.9999564000590047,0.9999971561089185,0.9999995185000906,32
q3_ideal_logical_256_byte_plane_ceiling,1484,4,0.9979277592627753,0.9989676663040044,0.9996208170675803,32
q3_ideal_logical_256_byte_plane_ceiling,1484,20,0.9965950820730459,0.9980840715607957,0.9996112709332832,32
q3_ideal_logical_256_byte_plane_ceiling,1484,39,0.9979416046626356,0.9992528972323511,0.9997875617491269,32
q3_ideal_logical_256_byte_plane_ceiling,1488,0,0.9999586078380901,0.9999972983196841,0.9999995444164245,32
q3_ideal_logical_256_byte_plane_ceiling,1488,4,0.9979454455438448,0.9989495536890844,0.9996204852218429,32
q3_ideal_logical_256_byte_plane_ceiling,1488,20,0.9966596436933768,0.9980964389538802,0.9996149281185575,32
q3_ideal_logical_256_byte_plane_ceiling,1488,39,0.9979838631763988,0.999252242444354,0.9997919222089124,32
q3_ideal_logical_256_byte_plane_ceiling,1492,0,0.9999602807640953,0.9999974535163669,0.9999995690590278,32
q3_ideal_logical_256_byte_plane_ceiling,1492,4,0.9979655961021014,0.9989674396956687,0.9996306745461839,32
q3_ideal_logical_256_byte_plane_ceiling,1492,20,0.9966753491228486,0.998124345205698,0.9996261756674327,32
q3_ideal_logical_256_byte_plane_ceiling,1492,39,0.9979755601394115,0.9992689494537867,0.9997902292171419,32
q3_ideal_logical_256_byte_plane_ceiling,1496,0,0.9999615660578838,0.9999975802802332,0.999999597185754,32
q3_ideal_logical_256_byte_plane_ceiling,1496,4,0.9979919184934938,0.9989781254098397,0.9996353171657784,32
q3_ideal_logical_256_byte_plane_ceiling,1496,20,0.9967075919763256,0.9981673856408211,0.9996343560429977,32
q3_ideal_logical_256_byte_plane_ceiling,1496,39,0.9980098418345132,0.9992867071893587,0.9997930802411051,32
q3_ideal_logical_256_byte_plane_ceiling,1500,0,0.9999620796439395,0.9999977190163611,0.9999996117871122,32
q3_ideal_logical_256_byte_plane_ceiling,1500,4,0.9980260163096085,0.9989994425576594,0.9996451908899334,32
q3_ideal_logical_256_byte_plane_ceiling,1500,20,0.996756347692622,0.9981938208537814,0.9996343572521686,32
q3_ideal_logical_256_byte_plane_ceiling,1500,39,0.9980477509669171,0.9992925667819061,0.9998012796532203,32
q3_ideal_logical_256_byte_plane_ceiling,1504,0,0.9999624173965111,0.9999978236851518,0.9999996253265834,32
q3_ideal_logical_256_byte_plane_ceiling,1504,4,0.9980202373905606,0.9990088883209163,0.9996479340062979,32
q3_ideal_logical_256_byte_plane_ceiling,1504,20,0.9968043977417445,0.998222756709193,0.9996461534685207,32
q3_ideal_logical_256_byte_plane_ceiling,1504,39,0.9980608377188652,0.9992927089263492,0.999803204960231,32
q3_ideal_logical_256_byte_plane_ceiling,1506,0,0.999963967054719,0.9999978877633722,0.9999996384153679,32
q3_ideal_logical_256_byte_plane_ceiling,1506,4,0.9979797808336028,0.99901696806624,0.999646583367384,32
q3_ideal_logical_256_byte_plane_ceiling,1506,20,0.996763551233249,0.9982336719837466,0.9996474247620826,32
q3_ideal_logical_256_byte_plane_ceiling,1506,39,0.9980588660597629,0.9993046147468776,0.9998037276398103,32
q3_ideal_logical_256_byte_plane_ceiling,1507,0,0.9999639901538456,0.9999979205456921,0.999999648777482,32
q3_ideal_logical_256_byte_plane_ceiling,1507,4,0.9980338935960982,0.9990351766458325,0.999646583367384,32
q3_ideal_logical_256_byte_plane_ceiling,1507,20,0.9968311092209468,0.9982234533534571,0.9996497960671749,32
q3_ideal_logical_256_byte_plane_ceiling,1507,39,0.9980603198322189,0.9993036517107843,0.9998053986377663,32
q3_ideal_logical_256_byte_plane_ceiling,1508,0,0.9999650358175597,0.9999979376883672,0.9999996446002226,32
q3_ideal_logical_256_byte_plane_ceiling,1508,4,0.9980527618548848,0.9990361749904323,0.9996491043117888,32
q3_ideal_logical_256_byte_plane_ceiling,1508,20,0.9968432360434034,0.9982302361452089,0.9996497960671749,32
q3_ideal_logical_256_byte_plane_ceiling,1508,39,0.9980603198322189,0.9993101678991994,0.9998047119296353,32
q3_ideal_logical_256_byte_plane_ceiling,1512,0,0.9999644357274738,0.9999980195589732,0.999999665324211,32
q3_ideal_logical_256_byte_plane_ceiling,1512,4,0.9980812145239706,0.9990504440371151,0.9996491703636959,32
q3_ideal_logical_256_byte_plane_ceiling,1512,20,0.9969445859846149,0.9982736546652284,0.9996481361759991,32
q3_ideal_logical_256_byte_plane_ceiling,1512,39,0.99811373457972,0.9993210435285529,0.9998085819583798,32
q3_ideal_logical_256_byte_plane_ceiling,1516,0,0.9999665781521052,0.9999980565500759,0.9999996809224039,32
q3_ideal_logical_256_byte_plane_ceiling,1516,4,0.998109703843862,0.9990602246469242,0.9996584442702585,32
q3_ideal_logical_256_byte_plane_ceiling,1516,20,0.9969456424433554,0.9982977576040237,0.9996512812545277,32
q3_ideal_logical_256_byte_plane_ceiling,1516,39,0.9981309272734447,0.999335610428459,0.9998136972405021,32
q3_ideal_logical_256_byte_plane_ceiling,1520,0,0.9999676730230526,0.9999981618845455,0.9999996984768188,32
q3_ideal_logical_256_byte_plane_ceiling,1520,4,0.9980778941384092,0.9990344721672669,0.9996598132434745,32
q3_ideal_logical_256_byte_plane_ceiling,1520,20,0.9969918447407178,0.9983370525319668,0.9996631623815301,32
q3_ideal_logical_256_byte_plane_ceiling,1520,39,0.9982052230601356,0.999339749685014,0.9998135215272079,32
q3_ideal_logical_256_byte_plane_ceiling,1524,0,0.9999685289168794,0.9999982413582216,0.9999997097705248,32
q3_ideal_logical_256_byte_plane_ceiling,1524,4,0.9980577975903802,0.9990810327708908,0.9996740871650434,32
q3_ideal_logical_256_byte_plane_ceiling,1524,20,0.997098890664213,0.9983310605226572,0.9996567237605006,32
q3_ideal_logical_256_byte_plane_ceiling,1524,39,0.9982085550006671,0.9993301989029251,0.9998174910956156,32
q3_ideal_logical_256_byte_plane_ceiling,1528,0,0.9999685266644561,0.9999983086992222,0.9999997252331112,32
q3_ideal_logical_256_byte_plane_ceiling,1528,4,0.9980630613249538,0.99909880210469,0.9996735353995657,32
q3_ideal_logical_256_byte_plane_ceiling,1528,20,0.9970077758366992,0.9983963161519918,0.999670130221953,32
q3_ideal_logical_256_byte_plane_ceiling,1528,39,0.9982255907926624,0.9993582349836369,0.9998213907190742,32
q3_ideal_logical_256_byte_plane_ceiling,1532,0,0.9999702397301755,0.9999983406117603,0.9999997445608064,32
q3_ideal_logical_256_byte_plane_ceiling,1532,4,0.9981059512782017,0.99909955946791,0.9996760507128357,32
q3_ideal_logical_256_byte_plane_ceiling,1532,20,0.9970956605394405,0.9983972563594474,0.9996747571369116,32
q3_ideal_logical_256_byte_plane_ceiling,1532,39,0.9982514962490336,0.9993666774660577,0.9998247390938199,32
q3_ideal_logical_256_byte_plane_ceiling,1536,0,0.9999709525518022,0.9999983879673964,0.999999758407653,32
q3_ideal_logical_256_byte_plane_ceiling,1536,4,0.998107812039489,0.9991156028860533,0.9996850217835939,32
q3_ideal_logical_256_byte_plane_ceiling,1536,20,0.9971606676636341,0.9984230152029596,0.9996798558718042,32
q3_ideal_logical_256_byte_plane_ceiling,1536,39,0.998279592274273,0.999362926682415,0.9998265970458543,32
q3_ideal_logical_256_byte_plane_ceiling,1568,0,0.9999765029035426,0.9999989265118397,0.9999998466036945,32
q3_ideal_logical_256_byte_plane_ceiling,1568,4,0.9983278410616364,0.9992105132771933,0.9997084829034354,32
q3_ideal_logical_256_byte_plane_ceiling,1568,20,0.997445607884448,0.9985535712947613,0.9996982827946395,32
q3_ideal_logical_256_byte_plane_ceiling,1568,39,0.9984620704330438,0.999436024923344,0.9998454454340255,32
q3_ideal_logical_256_byte_plane_ceiling,1600,0,0.999982600228244,0.9999992095336949,0.9999999045179626,32
q3_ideal_logical_256_byte_plane_ceiling,1600,4,0.9985279826146546,0.9992975031979499,0.9997348245590046,32
q3_ideal_logical_256_byte_plane_ceiling,1600,20,0.9976729831751388,0.9987540171146825,0.999719544641778,32
q3_ideal_logical_256_byte_plane_ceiling,1600,39,0.9986190994176437,0.9994971018536547,0.9998615280109475,32
q3_ideal_logical_256_byte_plane_ceiling,1632,0,0.9999861873024499,0.999999473545993,0.9999999419703195,32
q3_ideal_logical_256_byte_plane_ceiling,1632,4,0.9987046192192693,0.9993646165901425,0.9997690906880149,32
q3_ideal_logical_256_byte_plane_ceiling,1632,20,0.9979483848291296,0.9988529543414819,0.9997593651047887,32
q3_ideal_logical_256_byte_plane_ceiling,1632,39,0.9987432823886323,0.9995471936658848,0.9998728386321102,32
q3_ideal_logical_256_byte_plane_ceiling,1664,0,0.999988939827435,0.9999996584639317,0.999999963125056,32
q3_ideal_logical_256_byte_plane_ceiling,1664,4,0.9988474477821364,0.9994348964718851,0.999788137824122,32
q3_ideal_logical_256_byte_plane_ceiling,1664,20,0.9981140353401903,0.9989541240052082,0.9997887102431234,32
q3_ideal_logical_256_byte_plane_ceiling,1664,39,0.9988888805449965,0.9996022788699188,0.9998932924430483,32
q3_physical_fixed_gate_up_pairing,384,0,0.9721729153960718,0.9891311768261086,0.9978851748438086,32
q3_physical_fixed_gate_up_pairing,384,4,0.9293603650100978,0.9536904501112393,0.9793937359661142,32
q3_physical_fixed_gate_up_pairing,384,20,0.8786242497640748,0.9325458004040676,0.9831381845434566,32
q3_physical_fixed_gate_up_pairing,384,39,0.9093653762969087,0.9667420070939554,0.9911991933275508,32
q3_physical_fixed_gate_up_pairing,416,0,0.974796376795548,0.9906182796661507,0.9982958282500634,32
q3_physical_fixed_gate_up_pairing,416,4,0.9370841737069535,0.9585134251851349,0.9814334994371378,32
q3_physical_fixed_gate_up_pairing,416,20,0.8885630975039984,0.937468064754271,0.9849169638525819,32
q3_physical_fixed_gate_up_pairing,416,39,0.9153463300720757,0.9705859273151691,0.9920821585761608,32
q3_physical_fixed_gate_up_pairing,448,0,0.9780069261727822,0.9922033755616988,0.9985022061304547,32
q3_physical_fixed_gate_up_pairing,448,4,0.9434735889674721,0.9623847410473974,0.9839459535334407,32
q3_physical_fixed_gate_up_pairing,448,20,0.8986519367029854,0.9426414750683378,0.9871776225989108,32
q3_physical_fixed_gate_up_pairing,448,39,0.9231588741088542,0.9734186939890714,0.9927898545320418,32
q3_physical_fixed_gate_up_pairing,480,0,0.9814060608958897,0.9934754432990008,0.9987584173841321,32
q3_physical_fixed_gate_up_pairing,480,4,0.9484879174028543,0.9662873140090547,0.9856714285047026,32
q3_physical_fixed_gate_up_pairing,480,20,0.9093710453703233,0.9478373450868953,0.9884472727106095,32
q3_physical_fixed_gate_up_pairing,480,39,0.9268795702583588,0.9761335463791677,0.9933848710380382,32
q3_physical_fixed_gate_up_pairing,512,0,0.9845088607607053,0.9945555029218179,0.9989425743617729,32
q3_physical_fixed_gate_up_pairing,512,4,0.9534908778327217,0.9699020771619788,0.9873658734771281,32
q3_physical_fixed_gate_up_pairing,512,20,0.9163585135772768,0.9532494318083045,0.9894847004773286,32
q3_physical_fixed_gate_up_pairing,512,39,0.9342961769932201,0.9783312262907398,0.9939936647474104,32
q3_physical_fixed_gate_up_pairing,544,0,0.9869035047364725,0.9955169649074995,0.9990889819646112,32
q3_physical_fixed_gate_up_pairing,544,4,0.9566570408792352,0.9723221246592435,0.9888487144064474,32
q3_physical_fixed_gate_up_pairing,544,20,0.9244203759479139,0.9573151471370231,0.99049160074005,32
q3_physical_fixed_gate_up_pairing,544,39,0.9396212143160017,0.9799472320194362,0.994677554390604,32
q3_physical_fixed_gate_up_pairing,576,0,0.9886075438729044,0.9961425822553214,0.9992299130396706,32
q3_physical_fixed_gate_up_pairing,576,4,0.9601955100743441,0.9751586173991047,0.9899727239793918,32
q3_physical_fixed_gate_up_pairing,576,20,0.9305147693471001,0.9611242130229296,0.991354905950868,32
q3_physical_fixed_gate_up_pairing,576,39,0.9453404746446444,0.981844895106089,0.9951756152913561,32
q3_physical_fixed_gate_up_pairing,608,0,0.9905713498101483,0.9968497658969144,0.999340414625755,32
q3_physical_fixed_gate_up_pairing,608,4,0.9636229089458863,0.977770678320665,0.9912118064468769,32
q3_physical_fixed_gate_up_pairing,608,20,0.9351874593515689,0.9646597162676671,0.9917780144075762,32
q3_physical_fixed_gate_up_pairing,608,39,0.9511236744858423,0.9831539104550513,0.9955470559491549,32
q3_physical_fixed_gate_up_pairing,640,0,0.9919025993829389,0.9973716163675004,0.9994258633037996,32
q3_physical_fixed_gate_up_pairing,640,4,0.9665564739902419,0.9794788301789947,0.9922204567213387,32
q3_physical_fixed_gate_up_pairing,640,20,0.9402962069112659,0.9671337499220605,0.9924433688020767,32
q3_physical_fixed_gate_up_pairing,640,39,0.9559563360038815,0.9846128902010762,0.9958968620551724,32
q3_physical_fixed_gate_up_pairing,672,0,0.9930632317134666,0.997819688107537,0.9995085761767084,32
q3_physical_fixed_gate_up_pairing,672,4,0.9691879555144814,0.9816278021937894,0.9930593712849523,32
q3_physical_fixed_gate_up_pairing,672,20,0.9457444701392549,0.9699417524691902,0.9932421844487449,32
q3_physical_fixed_gate_up_pairing,672,39,0.9583749645058257,0.9859653235582586,0.9962769262144703,32
q3_physical_fixed_gate_up_pairing,704,0,0.993841706020369,0.998194911248776,0.999577417259277,32
q3_physical_fixed_gate_up_pairing,704,4,0.9710883626153972,0.9831390132974533,0.9937003665722871,32
q3_physical_fixed_gate_up_pairing,704,20,0.9494081689322579,0.9725154183414184,0.9938295038006904,32
q3_physical_fixed_gate_up_pairing,704,39,0.9625650379655926,0.9872278241840561,0.9966467612599768,32
q3_physical_fixed_gate_up_pairing,736,0,0.9947435003525937,0.9984515581669531,0.9996272226662725,32
q3_physical_fixed_gate_up_pairing,736,4,0.9737281500152946,0.9845718111628725,0.9943668165307833,32
q3_physical_fixed_gate_up_pairing,736,20,0.9530279397962526,0.9750426046905436,0.9943456825761705,32
q3_physical_fixed_gate_up_pairing,736,39,0.9649127742095879,0.9880763240296424,0.9969011705464838,32
q3_physical_fixed_gate_up_pairing,768,0,0.9955366409249163,0.998725527563312,0.999678076898596,32
q3_physical_fixed_gate_up_pairing,768,4,0.9760781494811496,0.9861287167088248,0.9948174784230029,32
q3_physical_fixed_gate_up_pairing,768,20,0.9570700364617526,0.9765370391383489,0.9948339334804392,32
q3_physical_fixed_gate_up_pairing,768,39,0.96912217841198,0.9892735474709233,0.9972070046516636,32
q3_physical_fixed_gate_up_pairing,800,0,0.9962567675814265,0.9988922225497909,0.9997242190505359,32
q3_physical_fixed_gate_up_pairing,800,4,0.9783104273914904,0.9872072314455296,0.995233204559447,32
q3_physical_fixed_gate_up_pairing,800,20,0.9611817770076748,0.9783585171019149,0.9951218255431723,32
q3_physical_fixed_gate_up_pairing,800,39,0.9717163177894672,0.9902217443390808,0.9974746410875353,32
q3_physical_fixed_gate_up_pairing,832,0,0.9968814545085419,0.999020013660447,0.9997737487662395,32
q3_physical_fixed_gate_up_pairing,832,4,0.9801287208716053,0.9883826543331158,0.9957321347876881,32
q3_physical_fixed_gate_up_pairing,832,20,0.9642811154313491,0.9802087914506734,0.9955605772517746,32
q3_physical_fixed_gate_up_pairing,832,39,0.9745846032009268,0.9910829552080317,0.9976605985634229,32
q3_physical_fixed_gate_up_pairing,864,0,0.9973390820193502,0.9992009290642676,0.9997984971466489,32
q3_physical_fixed_gate_up_pairing,864,4,0.9818452294281589,0.9892540275306464,0.9960827687853637,32
q3_physical_fixed_gate_up_pairing,864,20,0.968133267896947,0.9819964831938559,0.9959928644088365,32
q3_physical_fixed_gate_up_pairing,864,39,0.976522421361779,0.9919840998384526,0.997920325662201,32
q3_physical_fixed_gate_up_pairing,896,0,0.9977711594451159,0.9993407896682589,0.9998231817454872,32
q3_physical_fixed_gate_up_pairing,896,4,0.9834498820646016,0.9901595321360205,0.9964369516399941,32
q3_physical_fixed_gate_up_pairing,896,20,0.9699702085523587,0.9835433677039173,0.9963453460872883,32
q3_physical_fixed_gate_up_pairing,896,39,0.9789600265796561,0.9925830227390373,0.9980821270358066,32
q3_physical_fixed_gate_up_pairing,928,0,0.9981676109155878,0.9994706356759955,0.9998532993858993,32
q3_physical_fixed_gate_up_pairing,928,4,0.9850827066270775,0.9912691341556255,0.996827633768091,32
q3_physical_fixed_gate_up_pairing,928,20,0.9725000425364564,0.9852721260015855,0.9966804948972954,32
q3_physical_fixed_gate_up_pairing,928,39,0.9810093997421188,0.9932860206517584,0.9982974705590703,32
q3_physical_fixed_gate_up_pairing,960,0,0.9984555177316767,0.9995571236019032,0.9998762176987737,32
q3_physical_fixed_gate_up_pairing,960,4,0.9861583778436172,0.9918933494271958,0.997032706951737,32
q3_physical_fixed_gate_up_pairing,960,20,0.9751172656009106,0.9864687138710108,0.9969553316433298,32
q3_physical_fixed_gate_up_pairing,960,39,0.9829401808128098,0.9937651757783008,0.998411639140065,32
q3_physical_fixed_gate_up_pairing,992,0,0.9988378971340862,0.9996242845464814,0.9998960271399528,32
q3_physical_fixed_gate_up_pairing,992,4,0.9875250226523484,0.9925774828128759,0.9973478867321777,32
q3_physical_fixed_gate_up_pairing,992,20,0.9762085918266704,0.9874272483418469,0.9971939630392753,32
q3_physical_fixed_gate_up_pairing,992,39,0.9843229965442998,0.9942275072207903,0.9985355247879738,32
q3_physical_fixed_gate_up_pairing,1024,0,0.998995060476883,0.9997059246261659,0.9999125011719383,32
q3_physical_fixed_gate_up_pairing,1024,4,0.9882492420793242,0.9932616600419067,0.997616572439176,32
q3_physical_fixed_gate_up_pairing,1024,20,0.9784923538918635,0.9881333663582736,0.9974523434689258,32
q3_physical_fixed_gate_up_pairing,1024,39,0.985318467116334,0.9948789956024607,0.9986112605252974,32
q3_physical_fixed_gate_up_pairing,1056,0,0.9991354180969428,0.9997706096068016,0.9999284481204528,32
q3_physical_fixed_gate_up_pairing,1056,4,0.9891687166086103,0.9938763442711732,0.9977923644568518,32
q3_physical_fixed_gate_up_pairing,1056,20,0.9801764641580485,0.9890474615358558,0.9976493182507208,32
q3_physical_fixed_gate_up_pairing,1056,39,0.9865893245368236,0.9952567531024418,0.9987273124596141,32
q3_physical_fixed_gate_up_pairing,1088,0,0.9992551825977932,0.9998160092253694,0.999938748394674,32
q3_physical_fixed_gate_up_pairing,1088,4,0.9897192685639088,0.9944207991286592,0.9979624696670855,32
q3_physical_fixed_gate_up_pairing,1088,20,0.9816160769875153,0.9897741133725038,0.9978516672014792,32
q3_physical_fixed_gate_up_pairing,1088,39,0.9879154850722741,0.9956988171329417,0.998837827444385,32
q3_physical_fixed_gate_up_pairing,1120,0,0.9993532862244369,0.9998539740882646,0.9999496717372572,32
q3_physical_fixed_gate_up_pairing,1120,4,0.9906567918086564,0.9949958680583226,0.9981192232805489,32
q3_physical_fixed_gate_up_pairing,1120,20,0.9830903843063916,0.9907636546676601,0.9981030333782571,32
q3_physical_fixed_gate_up_pairing,1120,39,0.9890162628383695,0.9960489503706531,0.9989292655303634,32
q3_physical_fixed_gate_up_pairing,1152,0,0.9994381301541962,0.9998793775336863,0.9999575881823781,32
q3_physical_fixed_gate_up_pairing,1152,4,0.9914117426961734,0.9954330147998569,0.9983336083136709,32
q3_physical_fixed_gate_up_pairing,1152,20,0.9848597087892577,0.9915017645968672,0.9982881065407326,32
q3_physical_fixed_gate_up_pairing,1152,39,0.9900771221064869,0.9964115624185923,0.9990041282503739,32
q3_physical_fixed_gate_up_pairing,1184,0,0.9995122744904531,0.9999026724676223,0.9999653843399979,32
q3_physical_fixed_gate_up_pairing,1184,4,0.9920135256368596,0.9959169347919896,0.9984990942185136,32
q3_physical_fixed_gate_up_pairing,1184,20,0.986337324434203,0.9923283771440887,0.9984461226285638,32
q3_physical_fixed_gate_up_pairing,1184,39,0.9908451070414769,0.9968151805034478,0.9991411339541098,32
q3_physical_fixed_gate_up_pairing,1216,0,0.9995912496961473,0.9999173573039815,0.999972927220447,32
q3_physical_fixed_gate_up_pairing,1216,4,0.9925915662556698,0.9962743437073707,0.9986414321270526,32
q3_physical_fixed_gate_up_pairing,1216,20,0.9874559425167234,0.9928823519592568,0.9985908734655902,32
q3_physical_fixed_gate_up_pairing,1216,39,0.9916047353599693,0.9970654317614214,0.9992178986434195,32
q3_physical_fixed_gate_up_pairing,1248,0,0.9996479336302596,0.9999337662742186,0.9999772222357924,32
q3_physical_fixed_gate_up_pairing,1248,4,0.9933478729598605,0.9965851822681203,0.9987504325705178,32
q3_physical_fixed_gate_up_pairing,1248,20,0.9882080044113786,0.9936592006664324,0.9987326021798696,32
q3_physical_fixed_gate_up_pairing,1248,39,0.9926178966428044,0.9973585312586568,0.9992997949911402,32
q3_physical_fixed_gate_up_pairing,1280,0,0.9997082456419306,0.9999478040556117,0.9999814650673884,32
q3_physical_fixed_gate_up_pairing,1280,4,0.9941441445431081,0.996941982561732,0.998846961887734,32
q3_physical_fixed_gate_up_pairing,1280,20,0.989162271411729,0.9941454177642728,0.9988446417671896,32
q3_physical_fixed_gate_up_pairing,1280,39,0.9932221496047408,0.9975987337702721,0.9993598692133434,32
q3_physical_fixed_gate_up_pairing,1284,0,0.9997066523262812,0.9999485351758728,0.9999818197231526,32
q3_physical_fixed_gate_up_pairing,1284,4,0.994059654896096,0.9969612406680547,0.9988699645693029,32
q3_physical_fixed_gate_up_pairing,1284,20,0.9893606381744577,0.9942123357896151,0.9988545269154712,32
q3_physical_fixed_gate_up_pairing,1284,39,0.9934635020120112,0.9976743650021098,0.9993664318241178,32
q3_physical_fixed_gate_up_pairing,1288,0,0.9997181580189867,0.9999502379800357,0.9999816231640096,32
q3_physical_fixed_gate_up_pairing,1288,4,0.994051965653652,0.9970018160425096,0.9988818499930883,32
q3_physical_fixed_gate_up_pairing,1288,20,0.9894545534456888,0.9942866912592456,0.9988825847441236,32
q3_physical_fixed_gate_up_pairing,1288,39,0.9934587430385909,0.9977293296960846,0.9993708271458417,32
q3_physical_fixed_gate_up_pairing,1292,0,0.9997221597176067,0.999952695456696,0.9999829030895098,32
q3_physical_fixed_gate_up_pairing,1292,4,0.9942259607426095,0.997034966298691,0.9989048207729916,32
q3_physical_fixed_gate_up_pairing,1292,20,0.9896191574181454,0.9942385962064655,0.9988899625943876,32
q3_physical_fixed_gate_up_pairing,1292,39,0.9937418268806529,0.9977780407947695,0.999378331704562,32
q3_physical_fixed_gate_up_pairing,1296,0,0.9997292488737748,0.9999540122337924,0.9999832747332847,32
q3_physical_fixed_gate_up_pairing,1296,4,0.9943704168957574,0.9970932102706757,0.9989062722363122,32
q3_physical_fixed_gate_up_pairing,1296,20,0.989645662411443,0.9943887232273507,0.9989097737959467,32
q3_physical_fixed_gate_up_pairing,1296,39,0.9935555541410042,0.997765726803588,0.9993853265314996,32
q3_physical_fixed_gate_up_pairing,1300,0,0.999735090241879,0.99995544708086,0.9999841562952457,32
q3_physical_fixed_gate_up_pairing,1300,4,0.9944491107480398,0.9971180942371709,0.9989321971263344,32
q3_physical_fixed_gate_up_pairing,1300,20,0.9897576839289633,0.9945495356577283,0.9989197448556985,32
q3_physical_fixed_gate_up_pairing,1300,39,0.9938764200812749,0.9977666327688415,0.9993905794367007,32
q3_physical_fixed_gate_up_pairing,1304,0,0.9997383963262295,0.9999557699358657,0.9999846131886585,32
q3_physical_fixed_gate_up_pairing,1304,4,0.9943862931295738,0.9971704384896436,0.9989551901706311,32
q3_physical_fixed_gate_up_pairing,1304,20,0.9898638962320634,0.9945293989341195,0.9989164409988619,32
q3_physical_fixed_gate_up_pairing,1304,39,0.9938829101745689,0.997811184475378,0.9993886675530866,32
q3_physical_fixed_gate_up_pairing,1308,0,0.999748569602255,0.9999576981860583,0.9999845575955563,32
q3_physical_fixed_gate_up_pairing,1308,4,0.9945685470209892,0.9972150795341577,0.9989610426148212,32
q3_physical_fixed_gate_up_pairing,1308,20,0.9899127254880487,0.9946588237716072,0.9989211105487233,32
q3_physical_fixed_gate_up_pairing,1308,39,0.9938267548403775,0.997889686581052,0.999389490294851,32
q3_physical_fixed_gate_up_pairing,1312,0,0.9997549424589195,0.999959383696498,0.9999850089899768,32
q3_physical_fixed_gate_up_pairing,1312,4,0.9945243227930837,0.9972367324557744,0.9989334573758716,32
q3_physical_fixed_gate_up_pairing,1312,20,0.990159070340148,0.9947106261551923,0.9989373268530728,32
q3_physical_fixed_gate_up_pairing,1312,39,0.9941155956787835,0.9979247623198966,0.9993970417760388,32
q3_physical_fixed_gate_up_pairing,1316,0,0.9997614738560511,0.9999605304476988,0.999985458437269,32
q3_physical_fixed_gate_up_pairing,1316,4,0.9945343186002428,0.9972944989944946,0.9989692136405468,32
q3_physical_fixed_gate_up_pairing,1316,20,0.990272198678159,0.9947021745441877,0.9989599811405622,32
q3_physical_fixed_gate_up_pairing,1316,39,0.9939496473577785,0.997903819060314,0.9994032437168989,32
q3_physical_fixed_gate_up_pairing,1320,0,0.9997723560161483,0.9999626628140054,0.9999859637777364,32
q3_physical_fixed_gate_up_pairing,1320,4,0.9946777041281206,0.9973180185415778,0.9989938687616848,32
q3_physical_fixed_gate_up_pairing,1320,20,0.9903122445910952,0.9947897883592591,0.9989660181997279,32
q3_physical_fixed_gate_up_pairing,1320,39,0.9942520914186185,0.9979579305506727,0.9994083888215826,32
q3_physical_fixed_gate_up_pairing,1324,0,0.9997772558985929,0.999963323006966,0.9999865888584951,32
q3_physical_fixed_gate_up_pairing,1324,4,0.9948409898717789,0.9973448461835717,0.9990185257597556,32
q3_physical_fixed_gate_up_pairing,1324,20,0.9902875514780064,0.994874343033316,0.9989779139083311,32
q3_physical_fixed_gate_up_pairing,1324,39,0.9942137053219753,0.9979682910132984,0.9994082192628608,32
q3_physical_fixed_gate_up_pairing,1328,0,0.9997751357227195,0.9999638211967847,0.9999874031083391,32
q3_physical_fixed_gate_up_pairing,1328,4,0.9948124839429026,0.997368335344688,0.9990214974571197,32
q3_physical_fixed_gate_up_pairing,1328,20,0.9904504688787443,0.9949945533416766,0.9989876637271726,32
q3_physical_fixed_gate_up_pairing,1328,39,0.9944109591423079,0.9980373437582255,0.9994209931203415,32
q3_physical_fixed_gate_up_pairing,1332,0,0.999781584184089,0.999965714922844,0.9999889922499899,32
q3_physical_fixed_gate_up_pairing,1332,4,0.99487033971994,0.9973839132942763,0.9990450504501964,32
q3_physical_fixed_gate_up_pairing,1332,20,0.9904315368932519,0.9950914965878463,0.998993119448713,32
q3_physical_fixed_gate_up_pairing,1332,39,0.9944026005144614,0.9980305566923601,0.999423691368242,32
q3_physical_fixed_gate_up_pairing,1336,0,0.9997884244115457,0.9999666587459652,0.9999885825483034,32
q3_physical_fixed_gate_up_pairing,1336,4,0.9948852044699501,0.9974676967092972,0.9990454973887372,32
q3_physical_fixed_gate_up_pairing,1336,20,0.9907797414757674,0.9951548510025081,0.9989963027853936,32
q3_physical_fixed_gate_up_pairing,1336,39,0.9943993854721593,0.9980619988048318,0.9994324645447624,32
q3_physical_fixed_gate_up_pairing,1340,0,0.9997998189252238,0.9999671423423138,0.9999897315616659,32
q3_physical_fixed_gate_up_pairing,1340,4,0.9950241538018331,0.9974793625587233,0.9990339820753641,32
q3_physical_fixed_gate_up_pairing,1340,20,0.9907200855159731,0.9952406140183574,0.9990119932994019,32
q3_physical_fixed_gate_up_pairing,1340,39,0.9946333141311985,0.9980685702550991,0.9994409926156125,32
q3_physical_fixed_gate_up_pairing,1344,0,0.9998062947937888,0.9999680901914867,0.9999908628681445,32
q3_physical_fixed_gate_up_pairing,1344,4,0.9950477880736086,0.9974769333253823,0.999077848336372,32
q3_physical_fixed_gate_up_pairing,1344,20,0.9909584603605448,0.9952871961455074,0.9990209059537888,32
q3_physical_fixed_gate_up_pairing,1344,39,0.994575160981651,0.998100275002962,0.9994429402380899,32
q3_physical_fixed_gate_up_pairing,1348,0,0.9998079730502557,0.9999684025219943,0.9999910886127414,32
q3_physical_fixed_gate_up_pairing,1348,4,0.9950341417320432,0.9975131890320647,0.9990985858700774,32
q3_physical_fixed_gate_up_pairing,1348,20,0.9909774871206513,0.995318898452958,0.9990327654409082,32
q3_physical_fixed_gate_up_pairing,1348,39,0.9946750251061095,0.9981085077687211,0.9994438586806244,32
q3_physical_fixed_gate_up_pairing,1352,0,0.9998144536288857,0.999972972641461,0.9999916962174817,32
q3_physical_fixed_gate_up_pairing,1352,4,0.9951198809765069,0.9975671006260066,0.9990883387003623,32
q3_physical_fixed_gate_up_pairing,1352,20,0.991035873884489,0.9954060118721393,0.9990598673430854,32
q3_physical_fixed_gate_up_pairing,1352,39,0.9947966827446635,0.9981578691673735,0.9994566048060833,32
q3_physical_fixed_gate_up_pairing,1356,0,0.9998193576208453,0.999974247763834,0.9999923189037906,32
q3_physical_fixed_gate_up_pairing,1356,4,0.9951126019881913,0.9975682467259972,0.9990861189204635,32
q3_physical_fixed_gate_up_pairing,1356,20,0.9911554366458559,0.9954705130456569,0.9990608774143762,32
q3_physical_fixed_gate_up_pairing,1356,39,0.9948850425589875,0.9981656361586841,0.9994612623742543,32
q3_physical_fixed_gate_up_pairing,1360,0,0.9998210504805825,0.9999750835019172,0.9999925554814052,32
q3_physical_fixed_gate_up_pairing,1360,4,0.9952065767695125,0.9975872750346144,0.999108248055624,32
q3_physical_fixed_gate_up_pairing,1360,20,0.9912842471537425,0.9954095301088618,0.9990780701869776,32
q3_physical_fixed_gate_up_pairing,1360,39,0.9948573002561083,0.9981738377947056,0.999465112770562,32
q3_physical_fixed_gate_up_pairing,1364,0,0.9998253388756735,0.9999758005236914,0.9999930412067881,32
q3_physical_fixed_gate_up_pairing,1364,4,0.9952544007232929,0.9975960648245318,0.9991297104694555,32
q3_physical_fixed_gate_up_pairing,1364,20,0.9915116929254556,0.9954214274700105,0.9990738433638199,32
q3_physical_fixed_gate_up_pairing,1364,39,0.9950075789183707,0.9982161450665291,0.999473241230342,32
q3_physical_fixed_gate_up_pairing,1368,0,0.9998217286334915,0.9999766757687991,0.9999934889502724,32
q3_physical_fixed_gate_up_pairing,1368,4,0.9952338523403073,0.9976115864547739,0.9991575349392852,32
q3_physical_fixed_gate_up_pairing,1368,20,0.9915412134287948,0.9955391486845564,0.9990842576329647,32
q3_physical_fixed_gate_up_pairing,1368,39,0.9949743050151151,0.9982175378678733,0.9994717595150556,32
q3_physical_fixed_gate_up_pairing,1372,0,0.9998348303303843,0.9999770245835827,0.9999942071477909,32
q3_physical_fixed_gate_up_pairing,1372,4,0.9953162346795827,0.9976495590523087,0.9991602190521478,32
q3_physical_fixed_gate_up_pairing,1372,20,0.9916451117075745,0.9957398296664164,0.9990992116712071,32
q3_physical_fixed_gate_up_pairing,1372,39,0.9951136937861674,0.9982218501727704,0.9994920607818468,32
q3_physical_fixed_gate_up_pairing,1376,0,0.999837046350142,0.9999776446365625,0.9999944657148016,32
q3_physical_fixed_gate_up_pairing,1376,4,0.9953946528810549,0.9976964361090708,0.9991530288929049,32
q3_physical_fixed_gate_up_pairing,1376,20,0.9916368201831829,0.9957833959450942,0.9991080080177035,32
q3_physical_fixed_gate_up_pairing,1376,39,0.9951533233613918,0.9982425419615759,0.9995021519855786,32
q3_physical_fixed_gate_up_pairing,1380,0,0.9998373129719635,0.9999784811525219,0.9999947064380433,32
q3_physical_fixed_gate_up_pairing,1380,4,0.9953823313943765,0.9977131508354038,0.9991784707356334,32
q3_physical_fixed_gate_up_pairing,1380,20,0.9918099315460769,0.9957257420609114,0.9991073650143429,32
q3_physical_fixed_gate_up_pairing,1380,39,0.9952374700736164,0.9982833259409338,0.9995062570968926,32
q3_physical_fixed_gate_up_pairing,1384,0,0.9998447201331807,0.9999788782378347,0.9999951657886823,32
q3_physical_fixed_gate_up_pairing,1384,4,0.9954073542322605,0.9977444746307331,0.9991844263174012,32
q3_physical_fixed_gate_up_pairing,1384,20,0.9918602452334548,0.9958950626389959,0.9991303258095756,32
q3_physical_fixed_gate_up_pairing,1384,39,0.9951055398645771,0.9982858217157103,0.9995108983404332,32
q3_physical_fixed_gate_up_pairing,1388,0,0.9998489045474339,0.9999752058269457,0.9999956257960038,32
q3_physical_fixed_gate_up_pairing,1388,4,0.9955052678145795,0.997769634649792,0.9992049284229042,32
q3_physical_fixed_gate_up_pairing,1388,20,0.9919796443893549,0.9958233242938391,0.9991175773188258,32
q3_physical_fixed_gate_up_pairing,1388,39,0.9952565453808899,0.9983198958175412,0.9995085386818743,32
q3_physical_fixed_gate_up_pairing,1392,0,0.9998509548830536,0.999976172903533,0.9999958774376043,32
q3_physical_fixed_gate_up_pairing,1392,4,0.995529194652074,0.9978211330495216,0.9992243402572124,32
q3_physical_fixed_gate_up_pairing,1392,20,0.9920259094596112,0.9959140630115066,0.9991415088851987,32
q3_physical_fixed_gate_up_pairing,1392,39,0.9952895181516498,0.9983266581407149,0.9995160339718533,32
q3_physical_fixed_gate_up_pairing,1396,0,0.9998566378198882,0.9999770479027497,0.9999963423551426,32
q3_physical_fixed_gate_up_pairing,1396,4,0.995568655486821,0.997815440144028,0.9992163239098447,32
q3_physical_fixed_gate_up_pairing,1396,20,0.9921274067186021,0.9959391394174002,0.9991551195796866,32
q3_physical_fixed_gate_up_pairing,1396,39,0.9953779127881409,0.9983616599860281,0.9995319110875025,32
q3_physical_fixed_gate_up_pairing,1400,0,0.9998630400415257,0.9999782073362461,0.9999964908808971,32
q3_physical_fixed_gate_up_pairing,1400,4,0.9955959600076654,0.9978293168926933,0.9992299683487625,32
q3_physical_fixed_gate_up_pairing,1400,20,0.9922489905793827,0.995978157744305,0.9991634844155713,32
q3_physical_fixed_gate_up_pairing,1400,39,0.9954336696638041,0.9983857107270542,0.9995343538281911,32
q3_physical_fixed_gate_up_pairing,1404,0,0.999867384976065,0.9999782579603289,0.9999967833982779,32
q3_physical_fixed_gate_up_pairing,1404,4,0.9956186328013352,0.9978669344023094,0.9992407774662416,32
q3_physical_fixed_gate_up_pairing,1404,20,0.9925106099767461,0.9960733114490047,0.9991664425495818,32
q3_physical_fixed_gate_up_pairing,1404,39,0.9955161118749672,0.9983904220425639,0.9995422058892404,32
q3_physical_fixed_gate_up_pairing,1408,0,0.9998695995115788,0.9999790792283455,0.9999973080653204,32
q3_physical_fixed_gate_up_pairing,1408,4,0.99562715682717,0.9978914774041892,0.9992613051073158,32
q3_physical_fixed_gate_up_pairing,1408,20,0.9926289206673046,0.9961284513717727,0.9991773176571325,32
q3_physical_fixed_gate_up_pairing,1408,39,0.995541579821442,0.9983829547271813,0.9995418834151157,32
q3_physical_fixed_gate_up_pairing,1412,0,0.9998699401906851,0.999981062871387,0.9999973843185427,32
q3_physical_fixed_gate_up_pairing,1412,4,0.9956452710734985,0.9979034713451684,0.9992574065138978,32
q3_physical_fixed_gate_up_pairing,1412,20,0.9927454762930998,0.9961596799456867,0.9991884258427856,32
q3_physical_fixed_gate_up_pairing,1412,39,0.9954366450589022,0.9984107723481388,0.9995472489784317,32
q3_physical_fixed_gate_up_pairing,1416,0,0.9998719100855,0.9999825591026308,0.9999974764020615,32
q3_physical_fixed_gate_up_pairing,1416,4,0.9958814774547055,0.9978912587743904,0.9992730863445635,32
q3_physical_fixed_gate_up_pairing,1416,20,0.9927698888297702,0.9962129990075772,0.9992022439895609,32
q3_physical_fixed_gate_up_pairing,1416,39,0.9956878228212728,0.9984320881868312,0.99955809401659,32
q3_physical_fixed_gate_up_pairing,1420,0,0.9998745278411166,0.9999830263635829,0.9999976047820512,32
q3_physical_fixed_gate_up_pairing,1420,4,0.995875110402165,0.9979533646607899,0.9992624259654008,32
q3_physical_fixed_gate_up_pairing,1420,20,0.9928789037431555,0.9962378654849546,0.9992116503183629,32
q3_physical_fixed_gate_up_pairing,1420,39,0.9956770867440029,0.9984653827734975,0.9995608493511406,32
q3_physical_fixed_gate_up_pairing,1424,0,0.9998782049501913,0.9999840205161057,0.999997723399981,32
q3_physical_fixed_gate_up_pairing,1424,4,0.9958917237972477,0.9979802494230745,0.9992714460110592,32
q3_physical_fixed_gate_up_pairing,1424,20,0.992966641556848,0.9962792592159593,0.9992172138354387,32
q3_physical_fixed_gate_up_pairing,1424,39,0.9956498617674998,0.9984775488509068,0.9995623293677112,32
q3_physical_fixed_gate_up_pairing,1428,0,0.9998874314588436,0.9999850595173502,0.9999977611148496,32
q3_physical_fixed_gate_up_pairing,1428,4,0.9959087566907755,0.9979901981276438,0.9992833275793891,32
q3_physical_fixed_gate_up_pairing,1428,20,0.99301759456448,0.9962813687751049,0.9992184948793494,32
q3_physical_fixed_gate_up_pairing,1428,39,0.995741264619748,0.9984738849245793,0.9995674341084075,32
q3_physical_fixed_gate_up_pairing,1432,0,0.9998888499416957,0.9999857865914923,0.9999978451561036,32
q3_physical_fixed_gate_up_pairing,1432,4,0.9960578201543577,0.9980225629097674,0.9992940729231468,32
q3_physical_fixed_gate_up_pairing,1432,20,0.9931056447932916,0.9963907201105378,0.9992336608063771,32
q3_physical_fixed_gate_up_pairing,1432,39,0.995755687776986,0.9984998184924203,0.9995749937288103,32
q3_physical_fixed_gate_up_pairing,1436,0,0.9998891619827173,0.9999865886328456,0.9999979487020545,32
q3_physical_fixed_gate_up_pairing,1436,4,0.9960530770008678,0.9980533020077582,0.9993012235567306,32
q3_physical_fixed_gate_up_pairing,1436,20,0.9933000470416496,0.9964338978938944,0.9992455653167427,32
q3_physical_fixed_gate_up_pairing,1436,39,0.9958251842264031,0.9985267057670816,0.9995842633591572,32
q3_physical_fixed_gate_up_pairing,1440,0,0.9998913954522286,0.9999878569547545,0.999998074437807,32
q3_physical_fixed_gate_up_pairing,1440,4,0.9961402758296931,0.9980648395260757,0.9993096313075709,32
q3_physical_fixed_gate_up_pairing,1440,20,0.9932795808491609,0.99647276231683,0.9992445852038152,32
q3_physical_fixed_gate_up_pairing,1440,39,0.995838642253208,0.9985216417041092,0.9995923502731457,32
q3_physical_fixed_gate_up_pairing,1444,0,0.9998954601351069,0.9999885603068793,0.9999981789587594,32
q3_physical_fixed_gate_up_pairing,1444,4,0.9959504072582404,0.9980834086650686,0.9993166619185927,32
q3_physical_fixed_gate_up_pairing,1444,20,0.9933328247572253,0.9965090636923281,0.9992639371222015,32
q3_physical_fixed_gate_up_pairing,1444,39,0.9959833321489974,0.9985506323796824,0.9995892496543267,32
q3_physical_fixed_gate_up_pairing,1448,0,0.9998979850547282,0.9999891674001711,0.9999982442197993,32
q3_physical_fixed_gate_up_pairing,1448,4,0.995983283117831,0.998103322024844,0.999320020454158,32
q3_physical_fixed_gate_up_pairing,1448,20,0.99359281105988,0.9965448032271402,0.9992669639815506,32
q3_physical_fixed_gate_up_pairing,1448,39,0.9960162133267009,0.9985546416587634,0.999600164260971,32
q3_physical_fixed_gate_up_pairing,1452,0,0.9999006113525376,0.9999901845796748,0.9999983484231981,32
q3_physical_fixed_gate_up_pairing,1452,4,0.9962070152741368,0.9981406921569563,0.9993258926821899,32
q3_physical_fixed_gate_up_pairing,1452,20,0.993675865934284,0.9965912904901522,0.9992668920419684,32
q3_physical_fixed_gate_up_pairing,1452,39,0.9960618682714623,0.9985789025585486,0.9996042673689922,32
q3_physical_fixed_gate_up_pairing,1456,0,0.9999059184557986,0.9999911747070358,0.9999984337553574,32
q3_physical_fixed_gate_up_pairing,1456,4,0.996207235259356,0.9981470881631498,0.99933489508545,32
q3_physical_fixed_gate_up_pairing,1456,20,0.9937082754179222,0.996647388490512,0.9992792278456458,32
q3_physical_fixed_gate_up_pairing,1456,39,0.9960907632743512,0.9986010231647249,0.9996104002669488,32
q3_physical_fixed_gate_up_pairing,1460,0,0.9999081718748459,0.9999915121188322,0.9999984716912487,32
q3_physical_fixed_gate_up_pairing,1460,4,0.9962269093123364,0.9981583544319321,0.9993341620777939,32
q3_physical_fixed_gate_up_pairing,1460,20,0.9937277543469203,0.9966720158850184,0.9992889746142257,32
q3_physical_fixed_gate_up_pairing,1460,39,0.9961858570362548,0.9986178911748075,0.9996124871849946,32
q3_physical_fixed_gate_up_pairing,1464,0,0.9999102102403702,0.9999919036126806,0.9999985924001229,32
q3_physical_fixed_gate_up_pairing,1464,4,0.9963064409960165,0.9981883557843731,0.99934867381604,32
q3_physical_fixed_gate_up_pairing,1464,20,0.9938355280545064,0.9967330908227638,0.9992971284512085,32
q3_physical_fixed_gate_up_pairing,1464,39,0.9961641806730678,0.9986202213901065,0.9996177266240637,32
q3_physical_fixed_gate_up_pairing,1468,0,0.9999122341880464,0.9999926649026412,0.9999986717563817,32
q3_physical_fixed_gate_up_pairing,1468,4,0.9963683451766595,0.9982175343587717,0.99936891754556,32
q3_physical_fixed_gate_up_pairing,1468,20,0.9939079650403065,0.9967538119667466,0.9993069276105316,32
q3_physical_fixed_gate_up_pairing,1468,39,0.996238095127438,0.9986545045601096,0.9996192069983804,32
q3_physical_fixed_gate_up_pairing,1472,0,0.9999138171640503,0.9999929933053109,0.9999987640118476,32
q3_physical_fixed_gate_up_pairing,1472,4,0.9963785783990451,0.998233872269875,0.9993605999092183,32
q3_physical_fixed_gate_up_pairing,1472,20,0.9939200151950137,0.9967396722903611,0.9993180501903718,32
q3_physical_fixed_gate_up_pairing,1472,39,0.9962992509017827,0.9986702604182912,0.9996302274845167,32
q3_physical_fixed_gate_up_pairing,1476,0,0.9999172429149451,0.9999934862770432,0.9999988522582179,32
q3_physical_fixed_gate_up_pairing,1476,4,0.9964100848145901,0.998236876024005,0.9993614403239471,32
q3_physical_fixed_gate_up_pairing,1476,20,0.9941736218278999,0.9967890036477958,0.9993250174931336,32
q3_physical_fixed_gate_up_pairing,1476,39,0.9963677287119944,0.9986571956393471,0.9996325781382093,32
q3_physical_fixed_gate_up_pairing,1480,0,0.9999184985461741,0.9999937407303315,0.9999988028618952,32
q3_physical_fixed_gate_up_pairing,1480,4,0.9963339281639547,0.9982563636700057,0.9993790773170396,32
q3_physical_fixed_gate_up_pairing,1480,20,0.9942749271379373,0.996826388035277,0.9993381221485644,32
q3_physical_fixed_gate_up_pairing,1480,39,0.9964028966755947,0.9986866405518455,0.9996358873903815,32
q3_physical_fixed_gate_up_pairing,1484,0,0.9999202703689185,0.9999939475026371,0.9999988471361677,32
q3_physical_fixed_gate_up_pairing,1484,4,0.9963810663721987,0.9982704192263518,0.9993847782069111,32
q3_physical_fixed_gate_up_pairing,1484,20,0.9943414957054989,0.9968714275053078,0.9993442075756821,32
q3_physical_fixed_gate_up_pairing,1484,39,0.9964484940661682,0.9987043406742947,0.9996381824434821,32
q3_physical_fixed_gate_up_pairing,1488,0,0.9999226847403673,0.999994249696015,0.9999989443068712,32
q3_physical_fixed_gate_up_pairing,1488,4,0.9964516591680429,0.9982878865832676,0.9993750806386809,32
q3_physical_fixed_gate_up_pairing,1488,20,0.9943355212414516,0.9968896069702313,0.9993498418906335,32
q3_physical_fixed_gate_up_pairing,1488,39,0.996509325383905,0.9987237381402692,0.999644642027384,32
q3_physical_fixed_gate_up_pairing,1492,0,0.9999256006855907,0.9999945169739026,0.999999009337489,32
q3_physical_fixed_gate_up_pairing,1492,4,0.9964952544633545,0.9983185216047687,0.9994013209752055,32
q3_physical_fixed_gate_up_pairing,1492,20,0.9944121696703078,0.9969254768676434,0.9993575142995244,32
q3_physical_fixed_gate_up_pairing,1492,39,0.9966062143406286,0.9987149879025572,0.9996449290318007,32
q3_physical_fixed_gate_up_pairing,1496,0,0.9999272724223571,0.9999948643996496,0.999999044156004,32
q3_physical_fixed_gate_up_pairing,1496,4,0.9965403108570409,0.9983625395834335,0.9994048485803985,32
q3_physical_fixed_gate_up_pairing,1496,20,0.9943715941287878,0.9969576368056621,0.9993639512114882,32
q3_physical_fixed_gate_up_pairing,1496,39,0.9966045344638762,0.9987527726658584,0.9996471535837521,32
q3_physical_fixed_gate_up_pairing,1500,0,0.9999279870004134,0.9999951679263693,0.9999991055686869,32
q3_physical_fixed_gate_up_pairing,1500,4,0.9965824528535747,0.9983562029891504,0.9994099892437591,32
q3_physical_fixed_gate_up_pairing,1500,20,0.9945271598040638,0.9969503586802884,0.9993641690713954,32
q3_physical_fixed_gate_up_pairing,1500,39,0.996653096389208,0.9987751921444297,0.9996512161961776,32
q3_physical_fixed_gate_up_pairing,1504,0,0.9999317271202806,0.9999954479438999,0.999999168159722,32
q3_physical_fixed_gate_up_pairing,1504,4,0.9966465684347057,0.9984006041399721,0.9994174455147726,32
q3_physical_fixed_gate_up_pairing,1504,20,0.9945371074136594,0.9970231585266374,0.9993848519973677,32
q3_physical_fixed_gate_up_pairing,1504,39,0.9966877695958006,0.9987650453589454,0.9996610164265837,32
q3_physical_fixed_gate_up_pairing,1506,0,0.999930676010181,0.999995544146049,0.9999991719945441,32
q3_physical_fixed_gate_up_pairing,1506,4,0.9967005352503588,0.9983830245167133,0.999414662493371,32
q3_physical_fixed_gate_up_pairing,1506,20,0.9945983395258932,0.9970401727217665,0.9993878049039681,32
q3_physical_fixed_gate_up_pairing,1506,39,0.9967128934511199,0.9987836717377283,0.999658311986773,32
q3_physical_fixed_gate_up_pairing,1507,0,0.9999323340308472,0.9999955939495212,0.9999992011760598,32
q3_physical_fixed_gate_up_pairing,1507,4,0.9966664151579756,0.9983889608367137,0.9994254728065549,32
q3_physical_fixed_gate_up_pairing,1507,20,0.9945637028019001,0.9970471988825529,0.9993870963650565,32
q3_physical_fixed_gate_up_pairing,1507,39,0.9967051558055717,0.9987766633812802,0.9996595973972716,32
q3_physical_fixed_gate_up_pairing,1508,0,0.9999330787597376,0.9999956327702959,0.99999920950388,32
q3_physical_fixed_gate_up_pairing,1508,4,0.9966721316502097,0.9983817921430405,0.9994229929740875,32
q3_physical_fixed_gate_up_pairing,1508,20,0.9947518007841976,0.9970437184444513,0.9993857925808778,32
q3_physical_fixed_gate_up_pairing,1508,39,0.9967124669820884,0.9987712642461355,0.9996645353559284,32
q3_physical_fixed_gate_up_pairing,1512,0,0.9999360138427397,0.9999957863563727,0.9999992386053866,32
q3_physical_fixed_gate_up_pairing,1512,4,0.9967332973748518,0.9984208925654063,0.9994296777662223,32
q3_physical_fixed_gate_up_pairing,1512,20,0.9945961375748078,0.9971083633973528,0.9993927421021724,32
q3_physical_fixed_gate_up_pairing,1512,39,0.9967262481533659,0.998814857734297,0.999662502202616,32
q3_physical_fixed_gate_up_pairing,1516,0,0.9999379865381245,0.9999960952910283,0.9999992584711141,32
q3_physical_fixed_gate_up_pairing,1516,4,0.9967818610686376,0.9984287472729837,0.9994330865524933,32
q3_physical_fixed_gate_up_pairing,1516,20,0.994656634254531,0.9971611339537312,0.9993927578166185,32
q3_physical_fixed_gate_up_pairing,1516,39,0.9968649922343579,0.9988143968975378,0.9996657143359012,32
q3_physical_fixed_gate_up_pairing,1520,0,0.9999387509437367,0.9999962869191681,0.9999992971024144,32
q3_physical_fixed_gate_up_pairing,1520,4,0.9967341000621777,0.9984711867142244,0.9994338447693663,32
q3_physical_fixed_gate_up_pairing,1520,20,0.9947077506693562,0.9971355338255362,0.9994088361519033,32
q3_physical_fixed_gate_up_pairing,1520,39,0.9968823788810066,0.9988535085856419,0.9996714073619235,32
q3_physical_fixed_gate_up_pairing,1524,0,0.9999390755873433,0.9999964162258437,0.9999993367637607,32
q3_physical_fixed_gate_up_pairing,1524,4,0.996884446267973,0.998461871286616,0.9994384636656024,32
q3_physical_fixed_gate_up_pairing,1524,20,0.995018171298163,0.9971657395327242,0.9994143422613514,32
q3_physical_fixed_gate_up_pairing,1524,39,0.9969323745182209,0.9988233471848342,0.9996780128373968,32
q3_physical_fixed_gate_up_pairing,1528,0,0.9999411821961964,0.9999965632414982,0.999999355255178,32
q3_physical_fixed_gate_up_pairing,1528,4,0.9968367279011564,0.998505764160287,0.999454476291579,32
q3_physical_fixed_gate_up_pairing,1528,20,0.994894570353164,0.9972103081006909,0.9994150206293477,32
q3_physical_fixed_gate_up_pairing,1528,39,0.9969195717171486,0.9988566222552466,0.999679680363783,32
q3_physical_fixed_gate_up_pairing,1532,0,0.9999418921345807,0.9999967258097717,0.9999993793360756,32
q3_physical_fixed_gate_up_pairing,1532,4,0.9968847375940073,0.9985195613204304,0.9994561819860083,32
q3_physical_fixed_gate_up_pairing,1532,20,0.9948568712459649,0.9972285702973157,0.9994246087926236,32
q3_physical_fixed_gate_up_pairing,1532,39,0.996931768255664,0.9988583822840806,0.999689595947966,32
q3_physical_fixed_gate_up_pairing,1536,0,0.999943817543366,0.9999968359251796,0.9999994122173057,32
q3_physical_fixed_gate_up_pairing,1536,4,0.9969149524926515,0.9985290384229835,0.999459529177872,32
q3_physical_fixed_gate_up_pairing,1536,20,0.9951571016366088,0.9972409262546339,0.9994310551130056,32
q3_physical_fixed_gate_up_pairing,1536,39,0.9969928533939718,0.9989106448160268,0.9996884488401856,32
q3_physical_fixed_gate_up_pairing,1568,0,0.9999511072048585,0.9999977580010633,0.99999964254104,32
q3_physical_fixed_gate_up_pairing,1568,4,0.997188384476025,0.9986624205974621,0.9995128158325151,32
q3_physical_fixed_gate_up_pairing,1568,20,0.9955573975751303,0.9974960094590335,0.999479548475131,32
q3_physical_fixed_gate_up_pairing,1568,39,0.9973638348135775,0.9989956962198685,0.9997118676243409,32
q3_physical_fixed_gate_up_pairing,1600,0,0.9999607698801979,0.9999983699845503,0.9999998220534704,32
q3_physical_fixed_gate_up_pairing,1600,4,0.9974461710571693,0.998776086313332,0.99955836865381,32
q3_physical_fixed_gate_up_pairing,1600,20,0.9960566510648826,0.9977055010719567,0.9995265672994523,32
q3_physical_fixed_gate_up_pairing,1600,39,0.9975237593849814,0.9991010543526808,0.9997403546616206,32
q3_physical_fixed_gate_up_pairing,1632,0,0.999968574000126,0.9999987651685527,0.9999998833708877,32
q3_physical_fixed_gate_up_pairing,1632,4,0.9977213652017701,0.9988891308022938,0.9995853119014063,32
q3_physical_fixed_gate_up_pairing,1632,20,0.9965340702193771,0.9979464521069497,0.9995619719697504,32
q3_physical_fixed_gate_up_pairing,1632,39,0.9978329510762839,0.999175740700438,0.9997777265714766,32
q3_physical_fixed_gate_up_pairing,1664,0,0.9999748694654201,0.9999991748585942,0.9999999254049666,32
q3_physical_fixed_gate_up_pairing,1664,4,0.9979114614878015,0.9990046927139822,0.9996314860536251,32
q3_physical_fixed_gate_up_pairing,1664,20,0.9968693096828184,0.9981595665565246,0.9996216621059664,32
q3_physical_fixed_gate_up_pairing,1664,39,0.9980130602125385,0.9992535212415226,0.9998014959118453,32
q3_physical_training_coselection_replicated2,384,0,0.9713647367268459,0.9893001877205462,0.997975445893396,32
q3_physical_training_coselection_replicated2,384,4,0.9291144738374814,0.9530319529808547,0.9785265789563433,32
q3_physical_training_coselection_replicated2,384,20,0.8809401256812599,0.9318210694253266,0.9832644616907962,32
q3_physical_training_coselection_replicated2,384,39,0.9078160672125889,0.9672415140506194,0.9908278625315213,32
q3_physical_training_coselection_replicated2,416,0,0.9741261049208093,0.9908245376034532,0.9983391667693122,32
q3_physical_training_coselection_replicated2,416,4,0.9362862338951561,0.9583481589290852,0.9815933280849359,32
q3_physical_training_coselection_replicated2,416,20,0.8912531737252485,0.9372098502449362,0.9850405551729562,32
q3_physical_training_coselection_replicated2,416,39,0.9144476487648132,0.9706848107948661,0.9918895297344112,32
q3_physical_training_coselection_replicated2,448,0,0.9778723285683801,0.9922591842881343,0.9985999233255546,32
q3_physical_training_coselection_replicated2,448,4,0.9438107589322774,0.9619933615086044,0.9835127766636275,32
q3_physical_training_coselection_replicated2,448,20,0.9013910597157136,0.9426325632277843,0.9865383603377588,32
q3_physical_training_coselection_replicated2,448,39,0.9224984930930982,0.9741192359773416,0.9924851341310928,32
q3_physical_training_coselection_replicated2,480,0,0.9811761776220719,0.9935114721074163,0.9987699418861279,32
q3_physical_training_coselection_replicated2,480,4,0.9488624575950968,0.9665235362264002,0.9855458408792641,32
q3_physical_training_coselection_replicated2,480,20,0.910883766942316,0.9483074795436361,0.9882335224091645,32
q3_physical_training_coselection_replicated2,480,39,0.9278869737422808,0.9765829258377212,0.9933898816967247,32
q3_physical_training_coselection_replicated2,512,0,0.9845520518175749,0.9947048070880575,0.9989469990960619,32
q3_physical_training_coselection_replicated2,512,4,0.9530530333153644,0.9695955466794469,0.9872666222045414,32
q3_physical_training_coselection_replicated2,512,20,0.9177139243504605,0.9535085715104689,0.9893607508835989,32
q3_physical_training_coselection_replicated2,512,39,0.9349900996655907,0.9784398248132249,0.9939540271615659,32
q3_physical_training_coselection_replicated2,544,0,0.9868369383977976,0.9955659662891436,0.9991067846340635,32
q3_physical_training_coselection_replicated2,544,4,0.9564241695205327,0.9723438077844353,0.9882806925771375,32
q3_physical_training_coselection_replicated2,544,20,0.9245026251401346,0.9574934113536836,0.9900738550248697,32
q3_physical_training_coselection_replicated2,544,39,0.9408566724935276,0.9801769413772423,0.9947412370389918,32
q3_physical_training_coselection_replicated2,576,0,0.9886610644136584,0.9962973128382576,0.9992359019755519,32
q3_physical_training_coselection_replicated2,576,4,0.9606776993414545,0.9750765484177398,0.9899620200385658,32
q3_physical_training_coselection_replicated2,576,20,0.9312471729064039,0.9611559706109198,0.9909175919276415,32
q3_physical_training_coselection_replicated2,576,39,0.9466189446410079,0.981978614257681,0.9951971557993282,32
q3_physical_training_coselection_replicated2,608,0,0.9903528602070139,0.9968575748078687,0.9993385625720447,32
q3_physical_training_coselection_replicated2,608,4,0.9638310388083553,0.9777492122597266,0.9911346684047485,32
q3_physical_training_coselection_replicated2,608,20,0.9362039076109733,0.9645448103938314,0.9917774572294218,32
q3_physical_training_coselection_replicated2,608,39,0.9516463538291213,0.9832752751058306,0.995651125470904,32
q3_physical_training_coselection_replicated2,640,0,0.9917109277758845,0.9974091651456993,0.9994327340162966,32
q3_physical_training_coselection_replicated2,640,4,0.9662910725457174,0.9797102341963521,0.9921200697348338,32
q3_physical_training_coselection_replicated2,640,20,0.9404318661801875,0.9674450914856954,0.9925830618986211,32
q3_physical_training_coselection_replicated2,640,39,0.955404001984824,0.9844054260977024,0.9959180731675465,32
q3_physical_training_coselection_replicated2,672,0,0.9931610903206153,0.9978082922509437,0.9994942683544039,32
q3_physical_training_coselection_replicated2,672,4,0.9686944087398939,0.9818936100973203,0.9928901447943552,32
q3_physical_training_coselection_replicated2,672,20,0.9455123444475251,0.9693826246236953,0.9931064445721739,32
q3_physical_training_coselection_replicated2,672,39,0.959170667834697,0.9858713743650981,0.9962160286353621,32
q3_physical_training_coselection_replicated2,704,0,0.9940631623783255,0.9981642280884071,0.9995557160623026,32
q3_physical_training_coselection_replicated2,704,4,0.970860070101319,0.9832292117041861,0.9935714729393024,32
q3_physical_training_coselection_replicated2,704,20,0.9495574405203545,0.9716218752038214,0.9937787603172371,32
q3_physical_training_coselection_replicated2,704,39,0.9632209959903256,0.9872595298707783,0.9966081654728696,32
q3_physical_training_coselection_replicated2,736,0,0.9948247271930419,0.9984438939473081,0.999623065592219,32
q3_physical_training_coselection_replicated2,736,4,0.9735724814373717,0.9849724562807209,0.9942313556032407,32
q3_physical_training_coselection_replicated2,736,20,0.9552836005736246,0.9749099276644108,0.9943132668100472,32
q3_physical_training_coselection_replicated2,736,39,0.9662013686325696,0.9881093578984926,0.9969053957626464,32
q3_physical_training_coselection_replicated2,768,0,0.9955758473583269,0.9986959382951857,0.9996817270202122,32
q3_physical_training_coselection_replicated2,768,4,0.9762077638453827,0.9861636061208672,0.9947418283598178,32
q3_physical_training_coselection_replicated2,768,20,0.9582556555838384,0.9764895865890044,0.9948598909982265,32
q3_physical_training_coselection_replicated2,768,39,0.9695780976364411,0.9890212686773425,0.9971203692558134,32
q3_physical_training_coselection_replicated2,800,0,0.9962484612570565,0.9988767297586706,0.9997147073009189,32
q3_physical_training_coselection_replicated2,800,4,0.97832806849636,0.9873661882513709,0.9952520319578828,32
q3_physical_training_coselection_replicated2,800,20,0.9622827387803378,0.9779792677700039,0.9951985097211156,32
q3_physical_training_coselection_replicated2,800,39,0.9728504922476955,0.9901876005498014,0.9974109577514401,32
q3_physical_training_coselection_replicated2,832,0,0.9967962020124354,0.9990562588851797,0.9997665732898967,32
q3_physical_training_coselection_replicated2,832,4,0.9804383826671531,0.9884750809840976,0.9957083275734686,32
q3_physical_training_coselection_replicated2,832,20,0.9640017991141826,0.9804206435490443,0.9955127722286803,32
q3_physical_training_coselection_replicated2,832,39,0.9736670950238796,0.9912309936621313,0.9977254261431657,32
q3_physical_training_coselection_replicated2,864,0,0.9973009238984741,0.9992000439333593,0.9998005240716936,32
q3_physical_training_coselection_replicated2,864,4,0.9823632077415779,0.9892921395578768,0.9961439302258245,32
q3_physical_training_coselection_replicated2,864,20,0.9677478208322736,0.9819161040090485,0.9959661434700723,32
q3_physical_training_coselection_replicated2,864,39,0.9760213608699482,0.9919671568115414,0.9979060742007676,32
q3_physical_training_coselection_replicated2,896,0,0.9977599981134597,0.999341892444646,0.9998260580149981,32
q3_physical_training_coselection_replicated2,896,4,0.9841235668705003,0.9901711166206166,0.9965263743389184,32
q3_physical_training_coselection_replicated2,896,20,0.9700308623512112,0.98351387174676,0.9962726646409223,32
q3_physical_training_coselection_replicated2,896,39,0.9790816585363387,0.9928075300915484,0.9980617563554066,32
q3_physical_training_coselection_replicated2,928,0,0.9981710044081218,0.9994611900131259,0.9998517797042094,32
q3_physical_training_coselection_replicated2,928,4,0.9851491785896223,0.9909997602323375,0.9967616961562844,32
q3_physical_training_coselection_replicated2,928,20,0.9725392287289429,0.9848370867242091,0.9966608863214717,32
q3_physical_training_coselection_replicated2,928,39,0.9804902916933299,0.9933174282123804,0.9982294096526055,32
q3_physical_training_coselection_replicated2,960,0,0.9984626364642134,0.999550109053442,0.9998711294672951,32
q3_physical_training_coselection_replicated2,960,4,0.9862478339788272,0.9920759838556406,0.9969902343283961,32
q3_physical_training_coselection_replicated2,960,20,0.9747558554969175,0.9859405354454607,0.9969522555517653,32
q3_physical_training_coselection_replicated2,960,39,0.9823405028005231,0.9940138755211039,0.9983768115632587,32
q3_physical_training_coselection_replicated2,992,0,0.9988504746110076,0.9996293308082282,0.999898480094531,32
q3_physical_training_coselection_replicated2,992,4,0.9869495173338283,0.9927690196974206,0.9972724615599977,32
q3_physical_training_coselection_replicated2,992,20,0.9760178887551899,0.9872448420864404,0.997235363449366,32
q3_physical_training_coselection_replicated2,992,39,0.9839575942753871,0.994370249279735,0.9984881559038343,32
q3_physical_training_coselection_replicated2,1024,0,0.9990123143024433,0.9997078244511448,0.9999130478939694,32
q3_physical_training_coselection_replicated2,1024,4,0.988151385406101,0.9933137401745702,0.9975574492060845,32
q3_physical_training_coselection_replicated2,1024,20,0.9777196794339016,0.9880858639019132,0.9975134105695649,32
q3_physical_training_coselection_replicated2,1024,39,0.9853932957569623,0.9948418295383303,0.998598586437835,32
q3_physical_training_coselection_replicated2,1056,0,0.9991465980754326,0.9997697856982519,0.9999264016332868,32
q3_physical_training_coselection_replicated2,1056,4,0.9889486840743867,0.993946460656175,0.9977423024373169,32
q3_physical_training_coselection_replicated2,1056,20,0.9799691582869249,0.9887818453212598,0.9977146380247602,32
q3_physical_training_coselection_replicated2,1056,39,0.9867995186789277,0.995343836645737,0.9987015398588284,32
q3_physical_training_coselection_replicated2,1088,0,0.9992427230586481,0.9998168587194428,0.9999415395267524,32
q3_physical_training_coselection_replicated2,1088,4,0.9897420255864483,0.9944173289723905,0.9979879677681197,32
q3_physical_training_coselection_replicated2,1088,20,0.9818291236103002,0.9898651693305506,0.9978636257562441,32
q3_physical_training_coselection_replicated2,1088,39,0.9879604274357918,0.9957487899694382,0.9988198481011407,32
q3_physical_training_coselection_replicated2,1120,0,0.999337543233444,0.9998467823546242,0.9999504175068765,32
q3_physical_training_coselection_replicated2,1120,4,0.9904341632522733,0.9949226941881641,0.9981948726932913,32
q3_physical_training_coselection_replicated2,1120,20,0.9832219280515934,0.9906696427716515,0.9980812078040178,32
q3_physical_training_coselection_replicated2,1120,39,0.9888183168385387,0.9961426401379342,0.9989357682845372,32
q3_physical_training_coselection_replicated2,1152,0,0.9994149588287237,0.9998769667929057,0.9999596936164956,32
q3_physical_training_coselection_replicated2,1152,4,0.9912424416379991,0.9954202587882849,0.9983475248966357,32
q3_physical_training_coselection_replicated2,1152,20,0.984731728367325,0.9914184154771625,0.9982770592286341,32
q3_physical_training_coselection_replicated2,1152,39,0.9900081456369614,0.996416950719107,0.9990275786960026,32
q3_physical_training_coselection_replicated2,1184,0,0.9995044456004005,0.9999020914532559,0.9999671651416164,32
q3_physical_training_coselection_replicated2,1184,4,0.9922271501467412,0.9958937073137166,0.9985019097909461,32
q3_physical_training_coselection_replicated2,1184,20,0.9866705735491653,0.9921148951849026,0.9984750273537774,32
q3_physical_training_coselection_replicated2,1184,39,0.9909037007155846,0.996726766977367,0.999127848276279,32
q3_physical_training_coselection_replicated2,1216,0,0.9995813775516792,0.9999208918733835,0.9999732511817592,32
q3_physical_training_coselection_replicated2,1216,4,0.992576597444791,0.9962899686492219,0.9986328027185557,32
q3_physical_training_coselection_replicated2,1216,20,0.987591700031438,0.9929757072437426,0.9985997146916433,32
q3_physical_training_coselection_replicated2,1216,39,0.9916990938164412,0.997126909087827,0.9991964133550928,32
q3_physical_training_coselection_replicated2,1248,0,0.9996392801940442,0.999933980432735,0.9999776228035975,32
q3_physical_training_coselection_replicated2,1248,4,0.9931466662925602,0.9966497066653757,0.9987705145796302,32
q3_physical_training_coselection_replicated2,1248,20,0.9885332942940626,0.993592059587212,0.9987434390192672,32
q3_physical_training_coselection_replicated2,1248,39,0.9924855965998695,0.9974174398605238,0.9992751173263044,32
q3_physical_training_coselection_replicated2,1280,0,0.9996975251934684,0.9999485392614145,0.9999821536530691,32
q3_physical_training_coselection_replicated2,1280,4,0.9939061947512504,0.9968860058914375,0.99888132152923,32
q3_physical_training_coselection_replicated2,1280,20,0.9894320414219147,0.9941752260124953,0.9988206748263962,32
q3_physical_training_coselection_replicated2,1280,39,0.9931596476739186,0.9976478674163918,0.9993363485532885,32
q3_physical_training_coselection_replicated2,1284,0,0.9996998601830956,0.9999477567935209,0.9999828219698,32
q3_physical_training_coselection_replicated2,1284,4,0.9939366989002264,0.9969525734293729,0.9988845814183609,32
q3_physical_training_coselection_replicated2,1284,20,0.9896102342606055,0.9942126714877938,0.9988423805721692,32
q3_physical_training_coselection_replicated2,1284,39,0.9932658007092584,0.9977155640897483,0.9993512156164344,32
q3_physical_training_coselection_replicated2,1288,0,0.999715205912082,0.9999502941849001,0.9999830147602164,32
q3_physical_training_coselection_replicated2,1288,4,0.9940424248044126,0.997012231749662,0.9989099455556396,32
q3_physical_training_coselection_replicated2,1288,20,0.9893566831186698,0.9942924263373893,0.998855356411756,32
q3_physical_training_coselection_replicated2,1288,39,0.9933809657946489,0.9977190815287452,0.9993615685722584,32
q3_physical_training_coselection_replicated2,1292,0,0.9997210220590906,0.9999517285397839,0.9999837379231215,32
q3_physical_training_coselection_replicated2,1292,4,0.9941160243303135,0.9970558540226468,0.9989137479514957,32
q3_physical_training_coselection_replicated2,1292,20,0.9894070012151045,0.9943691614311622,0.9988664406089812,32
q3_physical_training_coselection_replicated2,1292,39,0.9935517361979117,0.9977993227243205,0.9993709938218226,32
q3_physical_training_coselection_replicated2,1296,0,0.9997294209384848,0.9999515849498919,0.9999837524330031,32
q3_physical_training_coselection_replicated2,1296,4,0.9940676001072508,0.9970664925552617,0.9989150748042981,32
q3_physical_training_coselection_replicated2,1296,20,0.989782377020618,0.9944546118875217,0.99889464229646,32
q3_physical_training_coselection_replicated2,1296,39,0.9936052018756385,0.9977957403803173,0.9993598510470525,32
q3_physical_training_coselection_replicated2,1300,0,0.9997365084944527,0.9999536025988778,0.999984917984155,32
q3_physical_training_coselection_replicated2,1300,4,0.9941223293807615,0.997080496315142,0.9989403644391208,32
q3_physical_training_coselection_replicated2,1300,20,0.9898441142415936,0.9944912965078974,0.9988737090038229,32
q3_physical_training_coselection_replicated2,1300,39,0.9936088274200666,0.9977971711384859,0.9993712673983853,32
q3_physical_training_coselection_replicated2,1304,0,0.9997413474266221,0.9999549517936783,0.9999854816233232,32
q3_physical_training_coselection_replicated2,1304,4,0.9941795031109666,0.9971256445519157,0.9989462008210096,32
q3_physical_training_coselection_replicated2,1304,20,0.9898940413070668,0.9945995135687161,0.9988987281174174,32
q3_physical_training_coselection_replicated2,1304,39,0.993703411136864,0.9978421879427553,0.9993764064553754,32
q3_physical_training_coselection_replicated2,1308,0,0.9997500288935885,0.9999560509729057,0.9999859963113337,32
q3_physical_training_coselection_replicated2,1308,4,0.9943181796975574,0.9971855685592146,0.9989586256895492,32
q3_physical_training_coselection_replicated2,1308,20,0.9900873628264905,0.9946523643045704,0.9988979001376381,32
q3_physical_training_coselection_replicated2,1308,39,0.9937780042960039,0.9978889105348652,0.9993946353783992,32
q3_physical_training_coselection_replicated2,1312,0,0.9997537214386453,0.9999562213407631,0.9999853260848244,32
q3_physical_training_coselection_replicated2,1312,4,0.9944546282137476,0.9972197869113022,0.9989923334009394,32
q3_physical_training_coselection_replicated2,1312,20,0.9901326973255912,0.9947345884673746,0.9989212803251867,32
q3_physical_training_coselection_replicated2,1312,39,0.9937956145380228,0.9979015594702108,0.999409596026562,32
q3_physical_training_coselection_replicated2,1316,0,0.9997646163443052,0.999958681951145,0.9999859864037111,32
q3_physical_training_coselection_replicated2,1316,4,0.9944510324523734,0.9972512090432955,0.9989989664550869,32
q3_physical_training_coselection_replicated2,1316,20,0.990199498773179,0.9947746543324462,0.9989271801182487,32
q3_physical_training_coselection_replicated2,1316,39,0.9939130038357238,0.9979567188214078,0.9994146391623281,32
q3_physical_training_coselection_replicated2,1320,0,0.9997697849193135,0.9999604322100476,0.9999869973688535,32
q3_physical_training_coselection_replicated2,1320,4,0.9945131509705505,0.9972465809926745,0.9990105675487372,32
q3_physical_training_coselection_replicated2,1320,20,0.9903003404964559,0.9948538290075839,0.9989560126655118,32
q3_physical_training_coselection_replicated2,1320,39,0.9939772491293114,0.9979729716858003,0.9994205881233117,32
q3_physical_training_coselection_replicated2,1324,0,0.9997752190970821,0.9999606584817387,0.9999873776813204,32
q3_physical_training_coselection_replicated2,1324,4,0.9945231880677942,0.997340348284826,0.999038989417608,32
q3_physical_training_coselection_replicated2,1324,20,0.9908478322668518,0.9949102659149722,0.9989546867940601,32
q3_physical_training_coselection_replicated2,1324,39,0.9939881661136951,0.9980015970025451,0.9994160241351562,32
q3_physical_training_coselection_replicated2,1328,0,0.9997829012976563,0.9999629779011621,0.999987787668325,32
q3_physical_training_coselection_replicated2,1328,4,0.9946747794656033,0.9973218119194529,0.9990184301366308,32
q3_physical_training_coselection_replicated2,1328,20,0.9909036609360322,0.9949664186032376,0.9989810781218328,32
q3_physical_training_coselection_replicated2,1328,39,0.9942530146090068,0.9980607166723343,0.999425424702827,32
q3_physical_training_coselection_replicated2,1332,0,0.9997851354393185,0.9999622033413259,0.999988001642922,32
q3_physical_training_coselection_replicated2,1332,4,0.9947177606969078,0.9973385610124237,0.9990284604480392,32
q3_physical_training_coselection_replicated2,1332,20,0.9908454421478785,0.9949872168930729,0.9989885734494338,32
q3_physical_training_coselection_replicated2,1332,39,0.9942712236606277,0.9980440317129731,0.9994391349048346,32
q3_physical_training_coselection_replicated2,1336,0,0.9997904982176291,0.9999640651870592,0.9999886947525038,32
q3_physical_training_coselection_replicated2,1336,4,0.9947127204666666,0.9973573399879891,0.9990430546900282,32
q3_physical_training_coselection_replicated2,1336,20,0.9908766765662926,0.9950546744076694,0.9990066079679354,32
q3_physical_training_coselection_replicated2,1336,39,0.9942946390022466,0.9980677967377064,0.9994497920745098,32
q3_physical_training_coselection_replicated2,1340,0,0.9997943102076708,0.9999650088635397,0.9999899188299044,32
q3_physical_training_coselection_replicated2,1340,4,0.994688211234717,0.9974446100216255,0.9990728824980046,32
q3_physical_training_coselection_replicated2,1340,20,0.9907688926375372,0.9951667004514162,0.999014866569548,32
q3_physical_training_coselection_replicated2,1340,39,0.994512814398666,0.9981132138822129,0.9994590748131053,32
q3_physical_training_coselection_replicated2,1344,0,0.9998035050884527,0.9999653735981829,0.9999902453103926,32
q3_physical_training_coselection_replicated2,1344,4,0.9949543352020352,0.997436512870091,0.9990747981142294,32
q3_physical_training_coselection_replicated2,1344,20,0.9908947462414915,0.9951887035134109,0.9990273753177562,32
q3_physical_training_coselection_replicated2,1344,39,0.9943721780182836,0.9981004909694199,0.9994693948291513,32
q3_physical_training_coselection_replicated2,1348,0,0.9998095725143754,0.999968207769967,0.9999907647830139,32
q3_physical_training_coselection_replicated2,1348,4,0.9949492719552149,0.9974654651952528,0.9991003024670976,32
q3_physical_training_coselection_replicated2,1348,20,0.9912032036942805,0.9952825815655686,0.9990298753025166,32
q3_physical_training_coselection_replicated2,1348,39,0.9946921095725721,0.998144645267255,0.9994749476032665,32
q3_physical_training_coselection_replicated2,1352,0,0.9998154298093147,0.9999688986559196,0.9999917415778175,32
q3_physical_training_coselection_replicated2,1352,4,0.9949323493072901,0.9975155430139482,0.9990956113676231,32
q3_physical_training_coselection_replicated2,1352,20,0.9912531199402472,0.9953367039861154,0.9990545387720519,32
q3_physical_training_coselection_replicated2,1352,39,0.9946147808906262,0.9981396579559663,0.9994771965252673,32
q3_physical_training_coselection_replicated2,1356,0,0.9998162192849167,0.9999693423606746,0.9999919536404145,32
q3_physical_training_coselection_replicated2,1356,4,0.9950737030132393,0.9975792211893417,0.9991033357895407,32
q3_physical_training_coselection_replicated2,1356,20,0.9911215144415217,0.9953516912993574,0.9990420483973402,32
q3_physical_training_coselection_replicated2,1356,39,0.9947983111703741,0.9981831997640489,0.9994788729947388,32
q3_physical_training_coselection_replicated2,1360,0,0.999822687176233,0.9999701870606781,0.9999926036144776,32
q3_physical_training_coselection_replicated2,1360,4,0.9950000638430713,0.9975894863968924,0.9991222996960566,32
q3_physical_training_coselection_replicated2,1360,20,0.991552146842637,0.9954209446809332,0.9990737533484997,32
q3_physical_training_coselection_replicated2,1360,39,0.9948036461020207,0.9982036658954099,0.9994888822212247,32
q3_physical_training_coselection_replicated2,1364,0,0.9998257647356268,0.999970879987465,0.9999928048755161,32
q3_physical_training_coselection_replicated2,1364,4,0.9952221726048067,0.9975889866088253,0.9991371848773943,32
q3_physical_training_coselection_replicated2,1364,20,0.9914474276809563,0.9954084034325662,0.9990703924017091,32
q3_physical_training_coselection_replicated2,1364,39,0.9949965238218794,0.9982081246221445,0.9994942927677705,32
q3_physical_training_coselection_replicated2,1368,0,0.9998307352790017,0.9999724120958493,0.9999934550860937,32
q3_physical_training_coselection_replicated2,1368,4,0.995182972220582,0.9975969103565225,0.9991489273595577,32
q3_physical_training_coselection_replicated2,1368,20,0.9918392512870158,0.9955782181320287,0.9990756526461053,32
q3_physical_training_coselection_replicated2,1368,39,0.9949105578296288,0.9982538547180593,0.9994932029515481,32
q3_physical_training_coselection_replicated2,1372,0,0.9998348089739316,0.9999729920328305,0.9999937065146671,32
q3_physical_training_coselection_replicated2,1372,4,0.9952969216401891,0.9976467731146432,0.9991478846109854,32
q3_physical_training_coselection_replicated2,1372,20,0.9917037714232941,0.9955362984588874,0.9991227209305655,32
q3_physical_training_coselection_replicated2,1372,39,0.9951506944881221,0.9982345899864951,0.9995131040137206,32
q3_physical_training_coselection_replicated2,1376,0,0.9998393935623794,0.9999740632846268,0.9999945291713459,32
q3_physical_training_coselection_replicated2,1376,4,0.9952282778071216,0.9976790164908589,0.999172661559927,32
q3_physical_training_coselection_replicated2,1376,20,0.9917613948787007,0.9955921589078749,0.9991198760229437,32
q3_physical_training_coselection_replicated2,1376,39,0.995160032812824,0.9982402336333294,0.999513706065368,32
q3_physical_training_coselection_replicated2,1380,0,0.9998434952936358,0.9999738625575215,0.9999948072116015,32
q3_physical_training_coselection_replicated2,1380,4,0.995354258806837,0.9976943172587482,0.999169994798101,32
q3_physical_training_coselection_replicated2,1380,20,0.9918183494337883,0.9956087704790423,0.9991359090852489,32
q3_physical_training_coselection_replicated2,1380,39,0.9952367540028971,0.9983005465697112,0.9995252092765344,32
q3_physical_training_coselection_replicated2,1384,0,0.9998459084940667,0.999975146655092,0.9999951977489815,32
q3_physical_training_coselection_replicated2,1384,4,0.9954118027459424,0.9977143436791831,0.999196833152179,32
q3_physical_training_coselection_replicated2,1384,20,0.9921584671490635,0.9956819027670087,0.9991410106337274,32
q3_physical_training_coselection_replicated2,1384,39,0.9952748079787362,0.9983275106833649,0.9995140161516934,32
q3_physical_training_coselection_replicated2,1388,0,0.9998417057366544,0.9999759106996982,0.9999957989285042,32
q3_physical_training_coselection_replicated2,1388,4,0.9954256584306372,0.9977433986521621,0.9991964984921323,32
q3_physical_training_coselection_replicated2,1388,20,0.9924052721679804,0.9957782112273309,0.9991573172383454,32
q3_physical_training_coselection_replicated2,1388,39,0.9952448843764523,0.9983327856163796,0.9995334744833433,32
q3_physical_training_coselection_replicated2,1392,0,0.9998455594507123,0.9999765479244197,0.9999960562937836,32
q3_physical_training_coselection_replicated2,1392,4,0.9955196334454032,0.9977757185413301,0.9991960091743975,32
q3_physical_training_coselection_replicated2,1392,20,0.9924013616002524,0.9958395707202604,0.9991641863572625,32
q3_physical_training_coselection_replicated2,1392,39,0.9954857063695457,0.998323311357761,0.9995374750588563,32
q3_physical_training_coselection_replicated2,1396,0,0.9998525025327191,0.9999770924957281,0.9999964046943286,32
q3_physical_training_coselection_replicated2,1396,4,0.9955648255070705,0.9977279811153335,0.9992128792972222,32
q3_physical_training_coselection_replicated2,1396,20,0.9924695799971234,0.9959048602650831,0.9991736472814177,32
q3_physical_training_coselection_replicated2,1396,39,0.9955224210151784,0.9983312098652932,0.9995375445863484,32
q3_physical_training_coselection_replicated2,1400,0,0.9998559904439099,0.9999782731985777,0.99999664624601,32
q3_physical_training_coselection_replicated2,1400,4,0.9955891648360098,0.9977886748246838,0.9992338724019371,32
q3_physical_training_coselection_replicated2,1400,20,0.9925789402624854,0.9959348962845638,0.9991848180122975,32
q3_physical_training_coselection_replicated2,1400,39,0.9956897149612814,0.998356945535543,0.9995404936096807,32
q3_physical_training_coselection_replicated2,1404,0,0.9998590350203433,0.9999790095159493,0.9999970443784406,32
q3_physical_training_coselection_replicated2,1404,4,0.9956611731882568,0.997788486440075,0.9992365953449455,32
q3_physical_training_coselection_replicated2,1404,20,0.992550415316049,0.9959828680268596,0.9991912675678856,32
q3_physical_training_coselection_replicated2,1404,39,0.9956513362165744,0.9983942717408527,0.9995521796367403,32
q3_physical_training_coselection_replicated2,1408,0,0.999863055723507,0.9999804303498101,0.9999972392547058,32
q3_physical_training_coselection_replicated2,1408,4,0.9957576358420899,0.997839887690066,0.999245638058587,32
q3_physical_training_coselection_replicated2,1408,20,0.9926672737023085,0.996060047577424,0.9991966155249453,32
q3_physical_training_coselection_replicated2,1408,39,0.9958000529005946,0.9984017753705101,0.9995455968202367,32
q3_physical_training_coselection_replicated2,1412,0,0.9998657457894389,0.9999817053208904,0.9999973803351598,32
q3_physical_training_coselection_replicated2,1412,4,0.995759298393479,0.9978548035452406,0.9992535133897557,32
q3_physical_training_coselection_replicated2,1412,20,0.9928895556583529,0.9961284272902183,0.9991966682795432,32
q3_physical_training_coselection_replicated2,1412,39,0.9958444545222347,0.9984173231260716,0.9995615303864986,32
q3_physical_training_coselection_replicated2,1416,0,0.9998723108676292,0.9999822736121093,0.9999975217830565,32
q3_physical_training_coselection_replicated2,1416,4,0.9957624131628158,0.9978835366860115,0.9992698831565119,32
q3_physical_training_coselection_replicated2,1416,20,0.9929299312946054,0.996142520741955,0.9992149085115972,32
q3_physical_training_coselection_replicated2,1416,39,0.9958721937969541,0.9984519052880824,0.9995733106345299,32
q3_physical_training_coselection_replicated2,1420,0,0.9998751492119643,0.9999830984739129,0.9999976280720128,32
q3_physical_training_coselection_replicated2,1420,4,0.9957620196585163,0.997960058639826,0.9992721345491996,32
q3_physical_training_coselection_replicated2,1420,20,0.9927650815082146,0.996218762950019,0.9992273778904349,32
q3_physical_training_coselection_replicated2,1420,39,0.995906701607193,0.9984531236148345,0.9995684633193297,32
q3_physical_training_coselection_replicated2,1424,0,0.9998760350590004,0.9999840799956214,0.9999977392563086,32
q3_physical_training_coselection_replicated2,1424,4,0.9958395567223377,0.997960530423573,0.9992859727049535,32
q3_physical_training_coselection_replicated2,1424,20,0.9929543062756223,0.9962130218955205,0.9992275869391517,32
q3_physical_training_coselection_replicated2,1424,39,0.9959420653146854,0.9984515654104279,0.9995680926064595,32
q3_physical_training_coselection_replicated2,1428,0,0.9998800895735404,0.9999850663877523,0.9999977966288571,32
q3_physical_training_coselection_replicated2,1428,4,0.995978865229963,0.9979691128456891,0.999291430938275,32
q3_physical_training_coselection_replicated2,1428,20,0.9931739264099477,0.9962342476000428,0.9992484832388809,32
q3_physical_training_coselection_replicated2,1428,39,0.9958698339132867,0.9985146128208335,0.9995806638437948,32
q3_physical_training_coselection_replicated2,1432,0,0.9998825397079235,0.999985524964893,0.999997883478424,32
q3_physical_training_coselection_replicated2,1432,4,0.9958900413828219,0.9980065092240508,0.9992940994301331,32
q3_physical_training_coselection_replicated2,1432,20,0.993259621512536,0.996333075317919,0.9992379597099753,32
q3_physical_training_coselection_replicated2,1432,39,0.9959657980446351,0.9985161160322866,0.9995885270794814,32
q3_physical_training_coselection_replicated2,1436,0,0.999888568001436,0.9999870577134031,0.9999979641238265,32
q3_physical_training_coselection_replicated2,1436,4,0.9958636247964728,0.9979898340745013,0.9993138912655847,32
q3_physical_training_coselection_replicated2,1436,20,0.9933619646085731,0.9964004415304784,0.999253162507005,32
q3_physical_training_coselection_replicated2,1436,39,0.9959533032926918,0.9985059248416222,0.999589908637202,32
q3_physical_training_coselection_replicated2,1440,0,0.9998887331926456,0.9999876682286182,0.9999980589948946,32
q3_physical_training_coselection_replicated2,1440,4,0.9960063847128882,0.9980369474346635,0.9993122598022492,32
q3_physical_training_coselection_replicated2,1440,20,0.9934132399170327,0.9964478958984091,0.9992677264525648,32
q3_physical_training_coselection_replicated2,1440,39,0.996034794789835,0.9985307620157304,0.9995954578481575,32
q3_physical_training_coselection_replicated2,1444,0,0.9998926158340056,0.9999881043803569,0.9999981004596117,32
q3_physical_training_coselection_replicated2,1444,4,0.9960387328436398,0.9980511058767787,0.9993205726945069,32
q3_physical_training_coselection_replicated2,1444,20,0.9935027644315172,0.9964049084916029,0.9992854953743605,32
q3_physical_training_coselection_replicated2,1444,39,0.9960238176689449,0.9985256081166598,0.9996008457590305,32
q3_physical_training_coselection_replicated2,1448,0,0.9998951672288026,0.9999891805268339,0.9999981912194037,32
q3_physical_training_coselection_replicated2,1448,4,0.9960848907046992,0.9980332232709697,0.9993211682049372,32
q3_physical_training_coselection_replicated2,1448,20,0.9936028198730035,0.9964899276780379,0.9992794326852594,32
q3_physical_training_coselection_replicated2,1448,39,0.9960514140552437,0.9985554282637712,0.9996082582331742,32
q3_physical_training_coselection_replicated2,1452,0,0.9999000038349697,0.9999901217576901,0.9999982491705574,32
q3_physical_training_coselection_replicated2,1452,4,0.9960890114042722,0.9980703740344743,0.999339176977108,32
q3_physical_training_coselection_replicated2,1452,20,0.9936943991194171,0.9965589966341591,0.9992946855595131,32
q3_physical_training_coselection_replicated2,1452,39,0.9961326261648966,0.998581926993944,0.9996111988136535,32
q3_physical_training_coselection_replicated2,1456,0,0.999901983610485,0.9999907024607435,0.9999983291766165,32
q3_physical_training_coselection_replicated2,1456,4,0.9961803828802575,0.9981062666412825,0.9993395686864476,32
q3_physical_training_coselection_replicated2,1456,20,0.993753051911479,0.9966191105554677,0.9993002659077602,32
q3_physical_training_coselection_replicated2,1456,39,0.996120455743169,0.9986068021706813,0.999613129008435,32
q3_physical_training_coselection_replicated2,1460,0,0.9999076190707632,0.9999911228046073,0.9999983764919681,32
q3_physical_training_coselection_replicated2,1460,4,0.9961824606210942,0.9981269561805637,0.9993568862502172,32
q3_physical_training_coselection_replicated2,1460,20,0.9937825398360627,0.9965523661439206,0.9992964510088247,32
q3_physical_training_coselection_replicated2,1460,39,0.9961960989331425,0.9986075586061818,0.9996175874643088,32
q3_physical_training_coselection_replicated2,1464,0,0.9999041605266705,0.9999917937022064,0.9999985274792202,32
q3_physical_training_coselection_replicated2,1464,4,0.9962486683585394,0.9981527010880925,0.9993528890060138,32
q3_physical_training_coselection_replicated2,1464,20,0.99397461216132,0.996666517040141,0.9993118569014601,32
q3_physical_training_coselection_replicated2,1464,39,0.9962202967553087,0.9986343181356137,0.9996292339400759,32
q3_physical_training_coselection_replicated2,1468,0,0.9999096047323371,0.999992363984016,0.9999986642593485,32
q3_physical_training_coselection_replicated2,1468,4,0.9963481838405965,0.9981745866001831,0.999358358782131,32
q3_physical_training_coselection_replicated2,1468,20,0.9940055406566664,0.996675622541942,0.9993268459111071,32
q3_physical_training_coselection_replicated2,1468,39,0.9965040072301348,0.9986143554906726,0.9996323708372817,32
q3_physical_training_coselection_replicated2,1472,0,0.9999119881149809,0.9999931261828334,0.9999987261920136,32
q3_physical_training_coselection_replicated2,1472,4,0.9962043189432928,0.998172546982895,0.9993672696665761,32
q3_physical_training_coselection_replicated2,1472,20,0.9938731094897303,0.996737716432943,0.999320462682273,32
q3_physical_training_coselection_replicated2,1472,39,0.9963905482207566,0.9986558030805955,0.9996371124049743,32
q3_physical_training_coselection_replicated2,1476,0,0.999914867201743,0.9999933388774851,0.9999988248355861,32
q3_physical_training_coselection_replicated2,1476,4,0.9963035240492619,0.9982012997730858,0.999382700305727,32
q3_physical_training_coselection_replicated2,1476,20,0.9942102710819143,0.9967808590694129,0.9993369611775672,32
q3_physical_training_coselection_replicated2,1476,39,0.9964869588083352,0.9986940591763073,0.9996391336130587,32
q3_physical_training_coselection_replicated2,1480,0,0.9999183538947755,0.9999934723292261,0.9999988877670339,32
q3_physical_training_coselection_replicated2,1480,4,0.9964832822046719,0.9982435334625541,0.9993821268578251,32
q3_physical_training_coselection_replicated2,1480,20,0.994028555332203,0.996815675887724,0.9993302321586011,32
q3_physical_training_coselection_replicated2,1480,39,0.9965218615103043,0.9986836437385702,0.9996459099492256,32
q3_physical_training_coselection_replicated2,1484,0,0.9999207649282132,0.9999938900349902,0.9999989265814454,32
q3_physical_training_coselection_replicated2,1484,4,0.996530468364732,0.998240287616978,0.9993794518651873,32
q3_physical_training_coselection_replicated2,1484,20,0.9941599442198511,0.9968325706838389,0.9993473910534492,32
q3_physical_training_coselection_replicated2,1484,39,0.9965026984610388,0.9986765572197567,0.9996508614570174,32
q3_physical_training_coselection_replicated2,1488,0,0.9999248667781626,0.9999941866659074,0.9999989437687085,32
q3_physical_training_coselection_replicated2,1488,4,0.9965119902228172,0.9982786946321217,0.9993964382481142,32
q3_physical_training_coselection_replicated2,1488,20,0.9943247783264695,0.996846811237592,0.9993559430351361,32
q3_physical_training_coselection_replicated2,1488,39,0.9965771230823676,0.9987076130533399,0.99965823187894,32
q3_physical_training_coselection_replicated2,1492,0,0.9999233174684896,0.9999945294559489,0.9999990164617637,32
q3_physical_training_coselection_replicated2,1492,4,0.9966002825352052,0.998290204538727,0.9994062450469133,32
q3_physical_training_coselection_replicated2,1492,20,0.994387337293241,0.9969178493837967,0.9993627445853954,32
q3_physical_training_coselection_replicated2,1492,39,0.9966631845807176,0.9987157584744857,0.9996558715501573,32
q3_physical_training_coselection_replicated2,1496,0,0.9999254145133236,0.9999948307665414,0.9999990472496043,32
q3_physical_training_coselection_replicated2,1496,4,0.9966194295513,0.998327937772995,0.9994089798819314,32
q3_physical_training_coselection_replicated2,1496,20,0.9943821443740325,0.9969108012156458,0.9993544871499392,32
q3_physical_training_coselection_replicated2,1496,39,0.996687032628902,0.9987461821326493,0.999664731807121,32
q3_physical_training_coselection_replicated2,1500,0,0.9999283238264652,0.9999951258082063,0.9999991170772845,32
q3_physical_training_coselection_replicated2,1500,4,0.9966901053558861,0.9983397631207642,0.999407642917247,32
q3_physical_training_coselection_replicated2,1500,20,0.9945569385011895,0.9969651865834321,0.9993733366041091,32
q3_physical_training_coselection_replicated2,1500,39,0.9967173069289581,0.9987478715632516,0.999658318899163,32
q3_physical_training_coselection_replicated2,1504,0,0.9999300774601969,0.9999953762132008,0.9999991485427621,32
q3_physical_training_coselection_replicated2,1504,4,0.996694256688447,0.9983735093235875,0.9994195325754511,32
q3_physical_training_coselection_replicated2,1504,20,0.9946659959392334,0.9969965400389986,0.9993801278846699,32
q3_physical_training_coselection_replicated2,1504,39,0.996674865319968,0.9987664442096509,0.9996764881259402,32
q3_physical_training_coselection_replicated2,1506,0,0.9999308580689649,0.9999954941304812,0.9999991755587608,32
q3_physical_training_coselection_replicated2,1506,4,0.996747642721639,0.9983576496683417,0.9994099485163292,32
q3_physical_training_coselection_replicated2,1506,20,0.9947449493924255,0.9969716980146737,0.999389368073509,32
q3_physical_training_coselection_replicated2,1506,39,0.9967624092105208,0.9987834591179128,0.9996764917113412,32
q3_physical_training_coselection_replicated2,1507,0,0.9999318661200408,0.9999955686514213,0.999999176043926,32
q3_physical_training_coselection_replicated2,1507,4,0.9966653042600255,0.9983929663502924,0.9994190495217182,32
q3_physical_training_coselection_replicated2,1507,20,0.9947366708221301,0.9970144421757928,0.9993897744991537,32
q3_physical_training_coselection_replicated2,1507,39,0.9967484057156244,0.9987894377629725,0.9996764007344529,32
q3_physical_training_coselection_replicated2,1508,0,0.9999338705755109,0.999995629847102,0.9999991814147839,32
q3_physical_training_coselection_replicated2,1508,4,0.9966664065597628,0.9984059098631785,0.9994160353679054,32
q3_physical_training_coselection_replicated2,1508,20,0.9947340521284598,0.9970118241514663,0.9993943456257193,32
q3_physical_training_coselection_replicated2,1508,39,0.9967202213262705,0.9987968252238507,0.9996743066461028,32
q3_physical_training_coselection_replicated2,1512,0,0.9999356427802795,0.9999959246615369,0.9999992338249065,32
q3_physical_training_coselection_replicated2,1512,4,0.9967382083670545,0.9984176137479592,0.9994249895579377,32
q3_physical_training_coselection_replicated2,1512,20,0.9947522790210376,0.9970423484589482,0.9993971549570262,32
q3_physical_training_coselection_replicated2,1512,39,0.9968107660599622,0.998798828061763,0.999680457044738,32
q3_physical_training_coselection_replicated2,1516,0,0.9999369886459213,0.9999961231499521,0.999999258827,32
q3_physical_training_coselection_replicated2,1516,4,0.9968445126445639,0.9984449640162799,0.9994323017889406,32
q3_physical_training_coselection_replicated2,1516,20,0.9949154479717899,0.997116945447518,0.9993996587698367,32
q3_physical_training_coselection_replicated2,1516,39,0.9968284759114658,0.9988133923053863,0.9996815571170924,32
q3_physical_training_coselection_replicated2,1520,0,0.9999387013661727,0.9999963314339846,0.999999295758998,32
q3_physical_training_coselection_replicated2,1520,4,0.9967776844417553,0.9984479975142209,0.99943721589791,32
q3_physical_training_coselection_replicated2,1520,20,0.9949995007765181,0.9971492698462199,0.9994036472810256,32
q3_physical_training_coselection_replicated2,1520,39,0.9967269649475415,0.998828661282355,0.9996846140598545,32
q3_physical_training_coselection_replicated2,1524,0,0.9999397470839334,0.9999965095286287,0.999999326950588,32
q3_physical_training_coselection_replicated2,1524,4,0.996839269468956,0.9984601499094432,0.9994433470192425,32
q3_physical_training_coselection_replicated2,1524,20,0.995050884420914,0.9971909642923742,0.9994217262355289,32
q3_physical_training_coselection_replicated2,1524,39,0.9968453959774961,0.9988513272449738,0.9996894407584845,32
q3_physical_training_coselection_replicated2,1528,0,0.9999411613739728,0.9999966602333761,0.9999993728064157,32
q3_physical_training_coselection_replicated2,1528,4,0.9969365295329414,0.998483871950605,0.9994561597537618,32
q3_physical_training_coselection_replicated2,1528,20,0.995212368779868,0.9972327198767748,0.9994273934421832,32
q3_physical_training_coselection_replicated2,1528,39,0.996956112375479,0.9988590455992932,0.9996984165811932,32
q3_physical_training_coselection_replicated2,1532,0,0.999943030887541,0.9999967634610887,0.9999994090922197,32
q3_physical_training_coselection_replicated2,1532,4,0.9969198839372242,0.9985060568006565,0.9994547603334114,32
q3_physical_training_coselection_replicated2,1532,20,0.9952403932294154,0.9972296829045828,0.9994336469091539,32
q3_physical_training_coselection_replicated2,1532,39,0.9969297042319919,0.9988534595099634,0.9997062443932966,32
q3_physical_training_coselection_replicated2,1536,0,0.9999441426161138,0.9999968883555721,0.9999994418086904,32
q3_physical_training_coselection_replicated2,1536,4,0.9969477376842475,0.9985333138868995,0.9994535664530217,32
q3_physical_training_coselection_replicated2,1536,20,0.995162198901077,0.9972597004451146,0.9994295469397534,32
q3_physical_training_coselection_replicated2,1536,39,0.9970036163421306,0.9988867777084274,0.9996962008822169,32
q3_physical_training_coselection_replicated2,1568,0,0.9999524148599119,0.9999976881697861,0.9999996555684079,32
q3_physical_training_coselection_replicated2,1568,4,0.9971758110412483,0.9986434491666938,0.9995139852304878,32
q3_physical_training_coselection_replicated2,1568,20,0.9956670038908789,0.9975539996302862,0.999480442533346,32
q3_physical_training_coselection_replicated2,1568,39,0.9972448316522085,0.9989880255226511,0.9997364084718637,32
q3_physical_training_coselection_replicated2,1600,0,0.9999601728235868,0.9999982924061911,0.9999998349945189,32
q3_physical_training_coselection_replicated2,1600,4,0.9974604006959322,0.998762892228442,0.9995464510460425,32
q3_physical_training_coselection_replicated2,1600,20,0.9961571536341427,0.997806016391282,0.9995348854077651,32
q3_physical_training_coselection_replicated2,1600,39,0.9975580893789058,0.9990718261460554,0.999753971442994,32
q3_physical_training_coselection_replicated2,1632,0,0.999967774479056,0.9999987162038051,0.9999998824958568,32
q3_physical_training_coselection_replicated2,1632,4,0.9977047719029952,0.9988717700750542,0.9996021725307132,32
q3_physical_training_coselection_replicated2,1632,20,0.9964050100422981,0.998019974376932,0.9995719365225901,32
q3_physical_training_coselection_replicated2,1632,39,0.9978143671340031,0.9991763017790329,0.9997795575050413,32
q3_physical_training_coselection_replicated2,1664,0,0.9999724115349711,0.999999111034174,0.9999999405300524,32
q3_physical_training_coselection_replicated2,1664,4,0.9979214565874818,0.9990033957742283,0.999633821586813,32
q3_physical_training_coselection_replicated2,1664,20,0.9967880552728116,0.9982183009385278,0.9996230892412621,32
q3_physical_training_coselection_replicated2,1664,39,0.9979664396198878,0.9992640568451375,0.9998021767151183,32
q3_physical_training_coselection_single,384,0,0.9712217704357897,0.9893228326207852,0.9980347919846837,32
q3_physical_training_coselection_single,384,4,0.9291144738374814,0.9530319529808547,0.97848457968566,32
q3_physical_training_coselection_single,384,20,0.8805341986536133,0.9318210694253266,0.9832644616907962,32
q3_physical_training_coselection_single,384,39,0.9078160672125889,0.9672415140506194,0.9908278625315213,32
q3_physical_training_coselection_single,416,0,0.9741514464728589,0.9908750612840637,0.9983464486633281,32
q3_physical_training_coselection_single,416,4,0.9362862338951561,0.9583481589290852,0.9815933280849359,32
q3_physical_training_coselection_single,416,20,0.8913370166024995,0.9372098502449362,0.9849844584024077,32
q3_physical_training_coselection_single,416,39,0.9144476487648132,0.9706848107948661,0.9918895297344112,32
q3_physical_training_coselection_single,448,0,0.9778586522720693,0.9922697440017842,0.9985777131021758,32
q3_physical_training_coselection_single,448,4,0.9438107589322774,0.9619933615086044,0.9835004570313208,32
q3_physical_training_coselection_single,448,20,0.9013910597157136,0.9426325632277843,0.9867206939515638,32
q3_physical_training_coselection_single,448,39,0.9224984930930982,0.9740461817293427,0.9924851341310928,32
q3_physical_training_coselection_single,480,0,0.9812453621646241,0.9935305055242333,0.9988067297656711,32
q3_physical_training_coselection_single,480,4,0.9488624575950968,0.9665235362264002,0.9856049056551198,32
q3_physical_training_coselection_single,480,20,0.910914779704809,0.9483074795436361,0.9881385009359067,32
q3_physical_training_coselection_single,480,39,0.9278869737422808,0.9766099744482728,0.9933898816967247,32
q3_physical_training_coselection_single,512,0,0.984636013267664,0.9946578639411383,0.9989590456043015,32
q3_physical_training_coselection_single,512,4,0.9530530333153644,0.9695955466794469,0.9873296482937928,32
q3_physical_training_coselection_single,512,20,0.917304053689859,0.9535085715104689,0.9893611266854799,32
q3_physical_training_coselection_single,512,39,0.9349900996655907,0.9784772665983628,0.9939540271615659,32
q3_physical_training_coselection_single,544,0,0.9868369383977976,0.9955321642124657,0.9990988269081245,32
q3_physical_training_coselection_single,544,4,0.9564241695205327,0.9723438077844353,0.9888321002449891,32
q3_physical_training_coselection_single,544,20,0.9241375261118806,0.9574934113536836,0.990076595208735,32
q3_physical_training_coselection_single,544,39,0.9408566724935276,0.9803629420913089,0.9947412370389918,32
q3_physical_training_coselection_single,576,0,0.9886610644136584,0.9962178668588475,0.9992280395964585,32
q3_physical_training_coselection_single,576,4,0.9606776993414545,0.9750765484177398,0.989891919550831,32
q3_physical_training_coselection_single,576,20,0.9312471729064039,0.9611559706109198,0.9910346862491701,32
q3_physical_training_coselection_single,576,39,0.9466579279941764,0.981921999056536,0.9951971557993282,32
q3_physical_training_coselection_single,608,0,0.9903528602070139,0.9968585795455581,0.9993261060185267,32
q3_physical_training_coselection_single,608,4,0.9638310388083553,0.9777492122597266,0.9910336951329686,32
q3_physical_training_coselection_single,608,20,0.9368324583925769,0.9645448103938314,0.9917774572294218,32
q3_physical_training_coselection_single,608,39,0.9517799424959699,0.9832752751058306,0.995651125470904,32
q3_physical_training_coselection_single,640,0,0.9917109277758845,0.9974063344975375,0.9994081431768308,32
q3_physical_training_coselection_single,640,4,0.9662910725457174,0.9797102341963521,0.99185008659438,32
q3_physical_training_coselection_single,640,20,0.941298051901127,0.9674450914856954,0.9925649327446305,32
q3_physical_training_coselection_single,640,39,0.9555061780158411,0.9844054260977024,0.9959180731675465,32
q3_physical_training_coselection_single,672,0,0.9931610903206153,0.9978169654071755,0.999489841495819,32
q3_physical_training_coselection_single,672,4,0.9686944087398939,0.9818894964032221,0.9927555675316858,32
q3_physical_training_coselection_single,672,20,0.9450100074236832,0.9693826246236953,0.99313128467487,32
q3_physical_training_coselection_single,672,39,0.9591786675815644,0.9857653498006913,0.9962160286353621,32
q3_physical_training_coselection_single,704,0,0.9940631623783255,0.9981642280884071,0.9995659221797328,32
q3_physical_training_coselection_single,704,4,0.970860070101319,0.9832292117041861,0.9932926888043436,32
q3_physical_training_coselection_single,704,20,0.9493310008909809,0.9716218752038214,0.9937787603172371,32
q3_physical_training_coselection_single,704,39,0.9633292294928697,0.9872595298707783,0.9966081654728696,32
q3_physical_training_coselection_single,736,0,0.9948247271930419,0.9984372621179245,0.9996293027300892,32
q3_physical_training_coselection_single,736,4,0.9735724814373717,0.9849724562807209,0.9938942479665872,32
q3_physical_training_coselection_single,736,20,0.9542569580752549,0.9749099276644108,0.9943934887470899,32
q3_physical_training_coselection_single,736,39,0.9662516074710968,0.9881093578984926,0.9969053957626464,32
q3_physical_training_coselection_single,768,0,0.9955102868107933,0.9986927085974602,0.9996849450249993,32
q3_physical_training_coselection_single,768,4,0.9762077638453827,0.9861636061208672,0.994470627822686,32
q3_physical_training_coselection_single,768,20,0.9580944881858335,0.9764895865890044,0.994790569619192,32
q3_physical_training_coselection_single,768,39,0.9695663230385905,0.988937670193484,0.9971203692558134,32
q3_physical_training_coselection_single,800,0,0.9962484612570565,0.9988840012744918,0.9997291542704649,32
q3_physical_training_coselection_single,800,4,0.97832806849636,0.9873661882513709,0.9951158728683102,32
q3_physical_training_coselection_single,800,20,0.9620246647793922,0.9779792677700039,0.9952283531959168,32
q3_physical_training_coselection_single,800,39,0.9728426350800274,0.9901402538273205,0.9974109577514401,32
q3_physical_training_coselection_single,832,0,0.9967962020124354,0.999040210501777,0.9997659149618273,32
q3_physical_training_coselection_single,832,4,0.9804383826671531,0.9884750809840976,0.9956136294259906,32
q3_physical_training_coselection_single,832,20,0.9651245530143991,0.9804206435490443,0.9956500559101205,32
q3_physical_training_coselection_single,832,39,0.973707218303869,0.9912309936621313,0.9977254261431657,32
q3_physical_training_coselection_single,864,0,0.9973021273099899,0.9991716280923408,0.9997983723022841,32
q3_physical_training_coselection_single,864,4,0.9823632077415779,0.9892921395578768,0.996121086404174,32
q3_physical_training_coselection_single,864,20,0.9672140682612252,0.9819161040090485,0.9959681402653217,32
q3_physical_training_coselection_single,864,39,0.9760266148517611,0.9920027899244299,0.9979060742007676,32
q3_physical_training_coselection_single,896,0,0.997763008473376,0.9993242996553791,0.9998261190754962,32
q3_physical_training_coselection_single,896,4,0.9841235668705003,0.9901711166206166,0.9964633906783198,32
q3_physical_training_coselection_single,896,20,0.9702290716737358,0.98351387174676,0.9962879869812071,32
q3_physical_training_coselection_single,896,39,0.9791587419820024,0.9928421048201954,0.9980617563554066,32
q3_physical_training_coselection_single,928,0,0.9981823952686041,0.9994568187735016,0.9998536976846862,32
q3_physical_training_coselection_single,928,4,0.9851491785896223,0.9909997602323375,0.9967782789766666,32
q3_physical_training_coselection_single,928,20,0.9720087697728623,0.9848370867242091,0.9966571371921403,32
q3_physical_training_coselection_single,928,39,0.9804455620397933,0.9933498450113929,0.9982294096526055,32
q3_physical_training_coselection_single,960,0,0.9985677638538438,0.9995442685139011,0.999876069473837,32
q3_physical_training_coselection_single,960,4,0.9862478339788272,0.9920759838556406,0.9971082290597281,32
q3_physical_training_coselection_single,960,20,0.9753687500165004,0.9859405354454607,0.9969612262083463,32
q3_physical_training_coselection_single,960,39,0.9823208159366591,0.9940138755211039,0.9983768115632587,32
q3_physical_training_coselection_single,992,0,0.9988634053603214,0.9996245887713842,0.9998987686806331,32
q3_physical_training_coselection_single,992,4,0.9869495173338283,0.9927690196974206,0.9973938019909554,32
q3_physical_training_coselection_single,992,20,0.9766368685049246,0.9872448420864404,0.9972398283589431,32
q3_physical_training_coselection_single,992,39,0.9838790579446625,0.994370249279735,0.9984881559038343,32
q3_physical_training_coselection_single,1024,0,0.9990363974298826,0.9997078244511448,0.99991376690027,32
q3_physical_training_coselection_single,1024,4,0.988151385406101,0.9933137401745702,0.9976691446795953,32
q3_physical_training_coselection_single,1024,20,0.9786134726253005,0.9880858639019132,0.9975125701024041,32
q3_physical_training_coselection_single,1024,39,0.9852904733732358,0.9948418295383303,0.9986019474181189,32
q3_physical_training_coselection_single,1056,0,0.9991450516248667,0.9997697856982519,0.9999267734808649,32
q3_physical_training_coselection_single,1056,4,0.9889486840743867,0.993946460656175,0.9978163346767013,32
q3_physical_training_coselection_single,1056,20,0.980102124845359,0.9887818453212598,0.9977147092788208,32
q3_physical_training_coselection_single,1056,39,0.9867470395097435,0.995343836645737,0.9987015398588284,32
q3_physical_training_coselection_single,1088,0,0.999239027044714,0.9998142823773557,0.9999421802654265,32
q3_physical_training_coselection_single,1088,4,0.9897420255864483,0.9944173289723905,0.9979861019462322,32
q3_physical_training_coselection_single,1088,20,0.9819570352136873,0.9898651693305506,0.9978735234520338,32
q3_physical_training_coselection_single,1088,39,0.9878605825292973,0.9957487899694382,0.9988198481011407,32
q3_physical_training_coselection_single,1120,0,0.9993384607557104,0.9998491728112942,0.9999513876113515,32
q3_physical_training_coselection_single,1120,4,0.9904341632522733,0.9949226941881641,0.9981839360782818,32
q3_physical_training_coselection_single,1120,20,0.9834923087183377,0.9906696427716515,0.9980834010406716,32
q3_physical_training_coselection_single,1120,39,0.9886139139836584,0.9961426401379342,0.9989357682845372,32
q3_physical_training_coselection_single,1152,0,0.9994150522253159,0.999878088496253,0.999959004739683,32
q3_physical_training_coselection_single,1152,4,0.9912424416379991,0.9954202587882849,0.9983198338950441,32
q3_physical_training_coselection_single,1152,20,0.9849778613000635,0.9914184154771625,0.9982818077738804,32
q3_physical_training_coselection_single,1152,39,0.9896938718862652,0.996416950719107,0.9990275786960026,32
q3_physical_training_coselection_single,1184,0,0.9995044456004005,0.9999040181806398,0.9999664136859954,32
q3_physical_training_coselection_single,1184,4,0.9922271501467412,0.9958937073137166,0.9985005639030118,32
q3_physical_training_coselection_single,1184,20,0.9864872025011495,0.9921148951849026,0.9984478242357865,32
q3_physical_training_coselection_single,1184,39,0.9908375886750613,0.996726766977367,0.999127848276279,32
q3_physical_training_coselection_single,1216,0,0.9995813775516792,0.9999219888624763,0.9999732821087284,32
q3_physical_training_coselection_single,1216,4,0.992576597444791,0.9962899686492219,0.9986328027185557,32
q3_physical_training_coselection_single,1216,20,0.9870489056108598,0.9929757072437426,0.9986198515433123,32
q3_physical_training_coselection_single,1216,39,0.9916959848910165,0.997126909087827,0.9991964133550928,32
q3_physical_training_coselection_single,1248,0,0.9996392801940442,0.9999339392410891,0.9999771213928196,32
q3_physical_training_coselection_single,1248,4,0.9931466662925602,0.9966497066653757,0.9987705145796302,32
q3_physical_training_coselection_single,1248,20,0.9882666761868927,0.993592059587212,0.9987430740482516,32
q3_physical_training_coselection_single,1248,39,0.9924834196059129,0.9974174398605238,0.9992751173263044,32
q3_physical_training_coselection_single,1280,0,0.9996975251934684,0.999947036162731,0.9999822222221204,32
q3_physical_training_coselection_single,1280,4,0.9939061947512504,0.9968860058914375,0.9988796459168559,32
q3_physical_training_coselection_single,1280,20,0.9893701142065642,0.9941752260124953,0.998821806467618,32
q3_physical_training_coselection_single,1280,39,0.9931661898768799,0.9976478674163918,0.9993363485532885,32
q3_physical_training_coselection_single,1284,0,0.9996998601830956,0.9999472051444586,0.9999828335025756,32
q3_physical_training_coselection_single,1284,4,0.9939366989002264,0.9969525734293729,0.9988845814183609,32
q3_physical_training_coselection_single,1284,20,0.9895546383466016,0.9942126714877938,0.9988425602415273,32
q3_physical_training_coselection_single,1284,39,0.9932721009181377,0.9977155640897483,0.9993512156164344,32
q3_physical_training_coselection_single,1288,0,0.999715205912082,0.99994971831926,0.9999830607148855,32
q3_physical_training_coselection_single,1288,4,0.9940424248044126,0.997012231749662,0.9989099455556396,32
q3_physical_training_coselection_single,1288,20,0.989538933468387,0.9942924263373893,0.9988571511106121,32
q3_physical_training_coselection_single,1288,39,0.993381049244498,0.9977190815287452,0.9993615685722584,32
q3_physical_training_coselection_single,1292,0,0.9997210220590906,0.9999512402347159,0.9999832184825751,32
q3_physical_training_coselection_single,1292,4,0.9941160243303135,0.9970558540226468,0.9989137479514957,32
q3_physical_training_coselection_single,1292,20,0.9896676861638902,0.9943691614311622,0.9988687808520891,32
q3_physical_training_coselection_single,1292,39,0.9935756001057277,0.9977993227243205,0.9993709938218226,32
q3_physical_training_coselection_single,1296,0,0.9997294209384848,0.9999515849498919,0.9999840833787196,32
q3_physical_training_coselection_single,1296,4,0.9940676001072508,0.9970664925552617,0.9989150748042981,32
q3_physical_training_coselection_single,1296,20,0.9898225407301339,0.9944546118875217,0.9988837039882298,32
q3_physical_training_coselection_single,1296,39,0.9936074709627496,0.9977896598488625,0.9993598510470525,32
q3_physical_training_coselection_single,1300,0,0.9997365084944527,0.9999530993534853,0.9999850352021025,32
q3_physical_training_coselection_single,1300,4,0.9941223293807615,0.997080496315142,0.9989403644391208,32
q3_physical_training_coselection_single,1300,20,0.989928245210316,0.9944912965078974,0.9988744904488863,32
q3_physical_training_coselection_single,1300,39,0.9936241308123491,0.9977971711384859,0.9993712673983853,32
q3_physical_training_coselection_single,1304,0,0.9997413474266221,0.9999549517936783,0.9999856145305257,32
q3_physical_training_coselection_single,1304,4,0.9941795031109666,0.9971256445519157,0.9989462008210096,32
q3_physical_training_coselection_single,1304,20,0.9900027730022604,0.9945995135687161,0.998899373108575,32
q3_physical_training_coselection_single,1304,39,0.9937093850805263,0.9978421879427553,0.9993764064553754,32
q3_physical_training_coselection_single,1308,0,0.9997500288935885,0.9999556481830254,0.999984735251215,32
q3_physical_training_coselection_single,1308,4,0.9943181796975574,0.9971855685592146,0.9989586256895492,32
q3_physical_training_coselection_single,1308,20,0.990252465120731,0.9946523643045704,0.9988979686063908,32
q3_physical_training_coselection_single,1308,39,0.9937981194764763,0.9978889105348652,0.9993946353783992,32
q3_physical_training_coselection_single,1312,0,0.9997537214386453,0.9999562213407631,0.999986341050254,32
q3_physical_training_coselection_single,1312,4,0.9944546282137476,0.9972282930751543,0.9989773069307358,32
q3_physical_training_coselection_single,1312,20,0.9903417498226481,0.9947345884673746,0.9989233739964507,32
q3_physical_training_coselection_single,1312,39,0.9938129281490222,0.9979015594702108,0.999409596026562,32
q3_physical_training_coselection_single,1316,0,0.9997646163443052,0.9999585206728523,0.9999857234608837,32
q3_physical_training_coselection_single,1316,4,0.9944510324523734,0.9972588430823519,0.9989795571619787,32
q3_physical_training_coselection_single,1316,20,0.9902540042397306,0.9947746543324462,0.9989246335073293,32
q3_physical_training_coselection_single,1316,39,0.9939269777412356,0.9979567070258781,0.9994146391623281,32
q3_physical_training_coselection_single,1320,0,0.9997697849193135,0.9999598653828704,0.9999868596260042,32
q3_physical_training_coselection_single,1320,4,0.9945131509705505,0.9972465809926745,0.998990216522642,32
q3_physical_training_coselection_single,1320,20,0.9905243615501615,0.9948538290075839,0.9989628650362864,32
q3_physical_training_coselection_single,1320,39,0.9939820921896295,0.9979729716858003,0.9994205881233117,32
q3_physical_training_coselection_single,1324,0,0.9997752190970821,0.9999596026970706,0.9999874389109589,32
q3_physical_training_coselection_single,1324,4,0.9945231880677942,0.997340348284826,0.9990174404533048,32
q3_physical_training_coselection_single,1324,20,0.9905320558132872,0.9949102659149722,0.9989389698160799,32
q3_physical_training_coselection_single,1324,39,0.9939782574148708,0.9980015970025451,0.9994160241351562,32
q3_physical_training_coselection_single,1328,0,0.9997829012976563,0.9999624996009779,0.9999877526849562,32
q3_physical_training_coselection_single,1328,4,0.9946747794656033,0.9973218119194529,0.999013715077189,32
q3_physical_training_coselection_single,1328,20,0.9907513288950376,0.9949664186032376,0.9989604359575639,32
q3_physical_training_coselection_single,1328,39,0.9942332956323772,0.9980507678509973,0.999425424702827,32
q3_physical_training_coselection_single,1332,0,0.9997851354393185,0.9999625734229651,0.9999881364335105,32
q3_physical_training_coselection_single,1332,4,0.9947177606969078,0.997341847057852,0.9990219647784113,32
q3_physical_training_coselection_single,1332,20,0.9906455989476037,0.9949872168930729,0.9989746389381003,32
q3_physical_training_coselection_single,1332,39,0.9942709895270705,0.9980440317129731,0.9994391349048346,32
q3_physical_training_coselection_single,1336,0,0.9997904982176291,0.9999636164279294,0.9999884774446999,32
q3_physical_training_coselection_single,1336,4,0.9947127204666666,0.9973573399879891,0.9990384467458833,32
q3_physical_training_coselection_single,1336,20,0.9907680242911961,0.9950390928021723,0.9989901567768468,32
q3_physical_training_coselection_single,1336,39,0.994290009506452,0.9980677967377064,0.9994497920745098,32
q3_physical_training_coselection_single,1340,0,0.9997943102076708,0.9999649225115448,0.9999898906681348,32
q3_physical_training_coselection_single,1340,4,0.9946639541923495,0.9974470591936324,0.9990645632251826,32
q3_physical_training_coselection_single,1340,20,0.9910502992081206,0.9951667004514162,0.9990137958507729,32
q3_physical_training_coselection_single,1340,39,0.994495010652544,0.9981114459320466,0.9994590748131053,32
q3_physical_training_coselection_single,1344,0,0.9998035050884527,0.9999653735981829,0.9999902525168751,32
q3_physical_training_coselection_single,1344,4,0.9949543352020352,0.997436512870091,0.999065853485107,32
q3_physical_training_coselection_single,1344,20,0.9911023752557402,0.9951887035134109,0.999021093075743,32
q3_physical_training_coselection_single,1344,39,0.9943830686040251,0.9981004909694199,0.9994693948291513,32
q3_physical_training_coselection_single,1348,0,0.9998095725143754,0.9999678718922443,0.9999909651680763,32
q3_physical_training_coselection_single,1348,4,0.9949492719552149,0.9974502475884057,0.9990955853786436,32
q3_physical_training_coselection_single,1348,20,0.9910814064710226,0.9952825815655686,0.9990261870553997,32
q3_physical_training_coselection_single,1348,39,0.994679823226805,0.9981580017209195,0.9994749476032665,32
q3_physical_training_coselection_single,1352,0,0.9998154298093147,0.9999690671575501,0.9999916654723259,32
q3_physical_training_coselection_single,1352,4,0.9949323493072901,0.9975155430139482,0.9990956113676231,32
q3_physical_training_coselection_single,1352,20,0.9912474399051585,0.9953367039861154,0.9990296927589023,32
q3_physical_training_coselection_single,1352,39,0.9945987265768724,0.998148198433563,0.9994771965252673,32
q3_physical_training_coselection_single,1356,0,0.9998162192849167,0.9999693423606746,0.99999193817384,32
q3_physical_training_coselection_single,1356,4,0.9950737030132393,0.9975753443625334,0.9990951709403839,32
q3_physical_training_coselection_single,1356,20,0.9912822832524193,0.9953516912993574,0.9990417627218674,32
q3_physical_training_coselection_single,1356,39,0.9947766360176354,0.9981843405707378,0.9994788729947388,32
q3_physical_training_coselection_single,1360,0,0.999822687176233,0.9999701870606781,0.9999927563132371,32
q3_physical_training_coselection_single,1360,4,0.9950000638430713,0.9975894863968924,0.999101543465064,32
q3_physical_training_coselection_single,1360,20,0.99131088454608,0.9954209446809332,0.9990782012446763,32
q3_physical_training_coselection_single,1360,39,0.9947989001579904,0.998205676628779,0.9994888822212247,32
q3_physical_training_coselection_single,1364,0,0.9998257647356268,0.999970879987465,0.9999930277995452,32
q3_physical_training_coselection_single,1364,4,0.9952221726048067,0.9975889866088253,0.9991278672554421,32
q3_physical_training_coselection_single,1364,20,0.991526316903243,0.9954084034325662,0.9990698442178136,32
q3_physical_training_coselection_single,1364,39,0.9949852643855456,0.9982125846226064,0.9994942927677705,32
q3_physical_training_coselection_single,1368,0,0.9998307352790017,0.9999719225944326,0.9999935626892619,32
q3_physical_training_coselection_single,1368,4,0.995182972220582,0.9975969103565225,0.999136163900964,32
q3_physical_training_coselection_single,1368,20,0.9916495139870576,0.9955782181320287,0.9990933205271816,32
q3_physical_training_coselection_single,1368,39,0.9948992179133943,0.9982550253585669,0.9994932029515481,32
q3_physical_training_coselection_single,1372,0,0.9998348089739316,0.9999728277613611,0.999993816848105,32
q3_physical_training_coselection_single,1372,4,0.9952969216401891,0.9976467731146432,0.9991465191611228,32
q3_physical_training_coselection_single,1372,20,0.9916492725899593,0.9955362984588874,0.9991328167221972,32
q3_physical_training_coselection_single,1372,39,0.9951393133881887,0.9982345899864951,0.9995131040137206,32
q3_physical_training_coselection_single,1376,0,0.9998393935623794,0.9999742804487708,0.9999946946113133,32
q3_physical_training_coselection_single,1376,4,0.9952282778071216,0.9976736764815404,0.9991543671234172,32
q3_physical_training_coselection_single,1376,20,0.9916528303938972,0.9955921589078749,0.9991295893978099,32
q3_physical_training_coselection_single,1376,39,0.995157830307107,0.9982402336333294,0.999513706065368,32
q3_physical_training_coselection_single,1380,0,0.9998434952936358,0.9999741907954918,0.9999949741287083,32
q3_physical_training_coselection_single,1380,4,0.995354258806837,0.99769478246799,0.999169994798101,32
q3_physical_training_coselection_single,1380,20,0.9918905086776169,0.9956087704790423,0.9991332381310923,32
q3_physical_training_coselection_single,1380,39,0.9952163709443301,0.9983005465697112,0.9995252092765344,32
q3_physical_training_coselection_single,1384,0,0.9998459084940667,0.9999749529016383,0.9999953770420237,32
q3_physical_training_coselection_single,1384,4,0.9954118027459424,0.9977167564229801,0.9991777301303189,32
q3_physical_training_coselection_single,1384,20,0.991934160250118,0.9956819027670087,0.9991434635469048,32
q3_physical_training_coselection_single,1384,39,0.995264653143965,0.9983275106833649,0.9995146128416276,32
q3_physical_training_coselection_single,1388,0,0.9998417057366544,0.9999756290497561,0.9999957989285042,32
q3_physical_training_coselection_single,1388,4,0.9954256584306372,0.9977396808053163,0.9991858245791491,32
q3_physical_training_coselection_single,1388,20,0.9919779435619721,0.9957782112273309,0.9991426612360964,32
q3_physical_training_coselection_single,1388,39,0.9952340082505235,0.9983327856163796,0.9995334744833433,32
q3_physical_training_coselection_single,1392,0,0.9998455594507123,0.9999762962327143,0.9999960562937836,32
q3_physical_training_coselection_single,1392,4,0.9955196334454032,0.9977657407366682,0.9991960091743975,32
q3_physical_training_coselection_single,1392,20,0.9920672989205452,0.9958395707202604,0.9991634640592696,32
q3_physical_training_coselection_single,1392,39,0.9954354049611706,0.998323311357761,0.9995374750588563,32
q3_physical_training_coselection_single,1396,0,0.9998525025327191,0.9999772503247362,0.9999964046943286,32
q3_physical_training_coselection_single,1396,4,0.9955648255070705,0.9977279811153335,0.9992057268723463,32
q3_physical_training_coselection_single,1396,20,0.9922287615635957,0.9959048602650831,0.9991670930962234,32
q3_physical_training_coselection_single,1396,39,0.9955085613050209,0.9983312098652932,0.9995375445863484,32
q3_physical_training_coselection_single,1400,0,0.9998559904439099,0.9999781884454482,0.99999664624601,32
q3_physical_training_coselection_single,1400,4,0.9955891648360098,0.9977886748246838,0.9992197113380273,32
q3_physical_training_coselection_single,1400,20,0.9923042872075507,0.9959348962845638,0.9991788556991292,32
q3_physical_training_coselection_single,1400,39,0.9956534434890476,0.998356945535543,0.9995404936096807,32
q3_physical_training_coselection_single,1404,0,0.9998590350203433,0.9999788870352235,0.9999970443784406,32
q3_physical_training_coselection_single,1404,4,0.9956611731882568,0.997788486440075,0.9992286494042794,32
q3_physical_training_coselection_single,1404,20,0.9922970170043174,0.9959828680268596,0.9991879314720047,32
q3_physical_training_coselection_single,1404,39,0.9956258668908526,0.9983942717408527,0.9995521897271122,32
q3_physical_training_coselection_single,1408,0,0.999863055723507,0.9999800875430305,0.9999972392547058,32
q3_physical_training_coselection_single,1408,4,0.9957576358420899,0.997839887690066,0.9992273414769675,32
q3_physical_training_coselection_single,1408,20,0.9923502057434429,0.996060047577424,0.9991812014397107,32
q3_physical_training_coselection_single,1408,39,0.9957209640625969,0.9984017753705101,0.9995464204300729,32
q3_physical_training_coselection_single,1412,0,0.9998657457894389,0.9999814097261347,0.9999973803351598,32
q3_physical_training_coselection_single,1412,4,0.995759298393479,0.9978548035452406,0.9992456331258288,32
q3_physical_training_coselection_single,1412,20,0.9925539350906182,0.9961284272902183,0.9991950158870205,32
q3_physical_training_coselection_single,1412,39,0.995786521071447,0.9984173231260716,0.9995615303864986,32
q3_physical_training_coselection_single,1416,0,0.9998723108676292,0.9999822647240987,0.9999975217830565,32
q3_physical_training_coselection_single,1416,4,0.9957624131628158,0.9978770955468369,0.9992560172238005,32
q3_physical_training_coselection_single,1416,20,0.992778761571885,0.996142520741955,0.9991995201257268,32
q3_physical_training_coselection_single,1416,39,0.9957887782539502,0.9984519052880824,0.9995733106345299,32
q3_physical_training_coselection_single,1420,0,0.9998751492119643,0.9999832391977422,0.9999976280720128,32
q3_physical_training_coselection_single,1420,4,0.9957620196585163,0.9979470342645385,0.9992634242118983,32
q3_physical_training_coselection_single,1420,20,0.9927155405535224,0.996218762950019,0.9992353733618675,32
q3_physical_training_coselection_single,1420,39,0.9958479200880773,0.9984531236148345,0.9995671216609451,32
q3_physical_training_coselection_single,1424,0,0.9998760350590004,0.9999840799956214,0.9999977392563086,32
q3_physical_training_coselection_single,1424,4,0.9958395567223377,0.9979561575400746,0.9992611180105044,32
q3_physical_training_coselection_single,1424,20,0.9926795555521347,0.9962130218955205,0.9992241923597014,32
q3_physical_training_coselection_single,1424,39,0.9959073420858339,0.9984515654104279,0.9995680393816,32
q3_physical_training_coselection_single,1428,0,0.9998800895735404,0.9999850663877523,0.9999977966288571,32
q3_physical_training_coselection_single,1428,4,0.995978865229963,0.9979691128456891,0.9992804945286302,32
q3_physical_training_coselection_single,1428,20,0.9928580922550237,0.9962342476000428,0.999234885782114,32
q3_physical_training_coselection_single,1428,39,0.9958692575537048,0.9985146128208335,0.9995791056340166,32
q3_physical_training_coselection_single,1432,0,0.9998825397079235,0.999985524964893,0.999997883478424,32
q3_physical_training_coselection_single,1432,4,0.9958900413828219,0.9980044234188505,0.9992884282563623,32
q3_physical_training_coselection_single,1432,20,0.9930962529336568,0.996333075317919,0.9992417723266163,32
q3_physical_training_coselection_single,1432,39,0.9959599410128412,0.9985161160322866,0.9995891859868078,32
q3_physical_training_coselection_single,1436,0,0.999888568001436,0.9999870577134031,0.9999979641238265,32
q3_physical_training_coselection_single,1436,4,0.9958636247964728,0.997989410967185,0.9992898144369998,32
q3_physical_training_coselection_single,1436,20,0.9932559223604065,0.9964004415304784,0.9992530753642241,32
q3_physical_training_coselection_single,1436,39,0.9959455729483736,0.9985059248416222,0.9995872316747088,32
q3_physical_training_coselection_single,1440,0,0.9998887331926456,0.9999876682286182,0.9999980589948946,32
q3_physical_training_coselection_single,1440,4,0.9960063847128882,0.9980369474346635,0.9992954344271732,32
q3_physical_training_coselection_single,1440,20,0.9932296071183953,0.9964478958984091,0.9992727987231307,32
q3_physical_training_coselection_single,1440,39,0.9960199991272859,0.9985307620157304,0.9995955501147326,32
q3_physical_training_coselection_single,1444,0,0.9998926158340056,0.9999881043803569,0.9999981004596117,32
q3_physical_training_coselection_single,1444,4,0.9960387328436398,0.9980511058767787,0.9993002857579937,32
q3_physical_training_coselection_single,1444,20,0.9933036868181704,0.9964049084916029,0.9992655519259781,32
q3_physical_training_coselection_single,1444,39,0.9960030904418474,0.9985256081166598,0.9996012662550636,32
q3_physical_training_coselection_single,1448,0,0.9998951672288026,0.9999889995024511,0.9999981912194037,32
q3_physical_training_coselection_single,1448,4,0.9960848907046992,0.9980332232709697,0.9993147309565573,32
q3_physical_training_coselection_single,1448,20,0.9935890921179483,0.9964899276780379,0.99926998489934,32
q3_physical_training_coselection_single,1448,39,0.9960436328828179,0.9985554282637712,0.9996087137459966,32
q3_physical_training_coselection_single,1452,0,0.9999000038349697,0.9999901217576901,0.9999982491705574,32
q3_physical_training_coselection_single,1452,4,0.9960890114042722,0.9980703740344743,0.9993183425667467,32
q3_physical_training_coselection_single,1452,20,0.9935952962756207,0.9965589966341591,0.9992772807400053,32
q3_physical_training_coselection_single,1452,39,0.996131020139245,0.998581926993944,0.9996081661599391,32
q3_physical_training_coselection_single,1456,0,0.999901983610485,0.9999907024607435,0.9999983291766165,32
q3_physical_training_coselection_single,1456,4,0.9961803828802575,0.9981062666412825,0.99932615697948,32
q3_physical_training_coselection_single,1456,20,0.9936762652196547,0.9966191105554677,0.9992862003757456,32
q3_physical_training_coselection_single,1456,39,0.9961088032426967,0.9986068021706813,0.9996126819077811,32
q3_physical_training_coselection_single,1460,0,0.9999076190707632,0.9999911228046073,0.9999983764919681,32
q3_physical_training_coselection_single,1460,4,0.9961824606210942,0.9981269561805637,0.9993331295623519,32
q3_physical_training_coselection_single,1460,20,0.9936561458433775,0.9965523661439206,0.9992931524696044,32
q3_physical_training_coselection_single,1460,39,0.9961827583485277,0.9986075586061818,0.9996144260901959,32
q3_physical_training_coselection_single,1464,0,0.9999041605266705,0.9999916117431346,0.9999985274792202,32
q3_physical_training_coselection_single,1464,4,0.9962486683585394,0.9981527010880925,0.9993497053707563,32
q3_physical_training_coselection_single,1464,20,0.993825305096484,0.996666517040141,0.999302965970005,32
q3_physical_training_coselection_single,1464,39,0.9962114638217627,0.9986343181356137,0.9996281891016001,32
q3_physical_training_coselection_single,1468,0,0.9999096047323371,0.999992363984016,0.9999986642593485,32
q3_physical_training_coselection_single,1468,4,0.9963481838405965,0.9981745866001831,0.9993422006979543,32
q3_physical_training_coselection_single,1468,20,0.9938059483519365,0.996675622541942,0.9993144835520509,32
q3_physical_training_coselection_single,1468,39,0.9963828482010694,0.9986143554906726,0.9996291712563246,32
q3_physical_training_coselection_single,1472,0,0.9999119881149809,0.9999931261828334,0.9999987261920136,32
q3_physical_training_coselection_single,1472,4,0.9962043189432928,0.998172546982895,0.9993504844386468,32
q3_physical_training_coselection_single,1472,20,0.9940707753562874,0.996737716432943,0.9993148075185698,32
q3_physical_training_coselection_single,1472,39,0.99640076588339,0.9986558030805955,0.9996390844759058,32
q3_physical_training_coselection_single,1476,0,0.999914867201743,0.9999933388774851,0.9999988248355861,32
q3_physical_training_coselection_single,1476,4,0.9963035240492619,0.9982012997730858,0.9993650525143036,32
q3_physical_training_coselection_single,1476,20,0.9941714462780824,0.9967808590694129,0.999327534742213,32
q3_physical_training_coselection_single,1476,39,0.9964482661256621,0.9986866405824004,0.9996373582102593,32
q3_physical_training_coselection_single,1480,0,0.9999183538947755,0.9999934723292261,0.9999988877670339,32
q3_physical_training_coselection_single,1480,4,0.9964832822046719,0.9982435334625541,0.9993747050389226,32
q3_physical_training_coselection_single,1480,20,0.9942086106103196,0.996815675887724,0.9993336945979201,32
q3_physical_training_coselection_single,1480,39,0.9965408530091403,0.9986836437385702,0.9996429781732699,32
q3_physical_training_coselection_single,1484,0,0.9999207649282132,0.9999938900349902,0.9999989265814454,32
q3_physical_training_coselection_single,1484,4,0.996530468364732,0.998240287616978,0.9993809606401662,32
q3_physical_training_coselection_single,1484,20,0.9943477194111107,0.9968325706838389,0.9993405541310914,32
q3_physical_training_coselection_single,1484,39,0.9964999361610248,0.9986765572197567,0.9996490182335918,32
q3_physical_training_coselection_single,1488,0,0.9999248667781626,0.9999941866659074,0.9999989437687085,32
q3_physical_training_coselection_single,1488,4,0.9965119902228172,0.9982786946321217,0.9993972064952433,32
q3_physical_training_coselection_single,1488,20,0.9943221066345517,0.996846811237592,0.9993351042610247,32
q3_physical_training_coselection_single,1488,39,0.9966426277818377,0.9987076130533399,0.9996581639149941,32
q3_physical_training_coselection_single,1492,0,0.9999233174684896,0.9999945294559489,0.9999990164617637,32
q3_physical_training_coselection_single,1492,4,0.9966002825352052,0.998290204538727,0.9994039693410065,32
q3_physical_training_coselection_single,1492,20,0.9944195276909181,0.9969178493837967,0.9993445642064767,32
q3_physical_training_coselection_single,1492,39,0.9965300790553526,0.9987157584744857,0.9996540690106961,32
q3_physical_training_coselection_single,1496,0,0.9999254145133236,0.9999948307665414,0.9999990472496043,32
q3_physical_training_coselection_single,1496,4,0.9966194295513,0.998327937772995,0.9993983928735329,32
q3_physical_training_coselection_single,1496,20,0.9943463592160955,0.9969108012156458,0.9993743189063296,32
q3_physical_training_coselection_single,1496,39,0.9966382183402236,0.9987407467163606,0.9996648100410094,32
q3_physical_training_coselection_single,1500,0,0.9999283238264652,0.9999951258082063,0.9999991170772845,32
q3_physical_training_coselection_single,1500,4,0.9966901053558861,0.9983367667809548,0.9994055030780974,32
q3_physical_training_coselection_single,1500,20,0.9945340101666665,0.9969651865834321,0.9993812920905732,32
q3_physical_training_coselection_single,1500,39,0.9967086688174178,0.9987478715632516,0.9996576171528228,32
q3_physical_training_coselection_single,1504,0,0.9999300774601969,0.9999953762132008,0.9999991485427621,32
q3_physical_training_coselection_single,1504,4,0.996694256688447,0.9983677300462612,0.9994215352437869,32
q3_physical_training_coselection_single,1504,20,0.9945422233396896,0.9969965400389986,0.9993874295058595,32
q3_physical_training_coselection_single,1504,39,0.996682591889122,0.9987664442096509,0.9996759937746442,32
q3_physical_training_coselection_single,1506,0,0.9999308580689649,0.9999954941304812,0.9999991755587608,32
q3_physical_training_coselection_single,1506,4,0.996747642721639,0.9983576496683417,0.9994114899337799,32
q3_physical_training_coselection_single,1506,20,0.9945890837170964,0.9969716980146737,0.9993591017633678,32
q3_physical_training_coselection_single,1506,39,0.996713032629174,0.9987834591179128,0.9996758313039952,32
q3_physical_training_coselection_single,1507,0,0.9999318661200408,0.9999955686514213,0.999999176043926,32
q3_physical_training_coselection_single,1507,4,0.9966653042600255,0.9983929663502924,0.999412912147871,32
q3_physical_training_coselection_single,1507,20,0.9945662980432733,0.9970144421757928,0.9993649394911077,32
q3_physical_training_coselection_single,1507,39,0.9966644940529367,0.9987894377629725,0.9996758313039952,32
q3_physical_training_coselection_single,1508,0,0.9999338705755109,0.999995629847102,0.9999991814147839,32
q3_physical_training_coselection_single,1508,4,0.9966664065597628,0.9983989685441523,0.999412912147871,32
q3_physical_training_coselection_single,1508,20,0.9947425704111097,0.9970118241514663,0.9993648680689103,32
q3_physical_training_coselection_single,1508,39,0.9966659850947263,0.9987968252238507,0.9996739120317096,32
q3_physical_training_coselection_single,1512,0,0.9999356427802795,0.9999959246615369,0.9999992338249065,32
q3_physical_training_coselection_single,1512,4,0.9967382083670545,0.9984176137479592,0.9994186715669998,32
q3_physical_training_coselection_single,1512,20,0.9945842896886287,0.9970423484589482,0.9993815752572393,32
q3_physical_training_coselection_single,1512,39,0.996790830041939,0.998798828061763,0.999679792546329,32
q3_physical_training_coselection_single,1516,0,0.9999369886459213,0.9999961231499521,0.999999258827,32
q3_physical_training_coselection_single,1516,4,0.9968445126445639,0.9984524399495615,0.999435257278756,32
q3_physical_training_coselection_single,1516,20,0.9946554315856508,0.997116945447518,0.9993949397639919,32
q3_physical_training_coselection_single,1516,39,0.9968284759114658,0.9988133923053863,0.9996816438223282,32
q3_physical_training_coselection_single,1520,0,0.9999387013661727,0.9999963407520828,0.999999295758998,32
q3_physical_training_coselection_single,1520,4,0.9967776844417553,0.9984559182807099,0.99943721589791,32
q3_physical_training_coselection_single,1520,20,0.9946962618857543,0.9971492698462199,0.9994271903279591,32
q3_physical_training_coselection_single,1520,39,0.996792545994513,0.998828661282355,0.9996850259981087,32
q3_physical_training_coselection_single,1524,0,0.9999397470839334,0.9999965095286287,0.999999326950588,32
q3_physical_training_coselection_single,1524,4,0.996839269468956,0.9984704897572485,0.9994515135253901,32
q3_physical_training_coselection_single,1524,20,0.9950402762119706,0.9971909642923742,0.9994298007227156,32
q3_physical_training_coselection_single,1524,39,0.9969542172538215,0.9988513272449738,0.9996883568117169,32
q3_physical_training_coselection_single,1528,0,0.9999411613739728,0.9999966602333761,0.9999993728064157,32
q3_physical_training_coselection_single,1528,4,0.9969365295329414,0.9984817628015614,0.9994578051818459,32
q3_physical_training_coselection_single,1528,20,0.9948827876810533,0.9972327198767748,0.9994032337855143,32
q3_physical_training_coselection_single,1528,39,0.9968779371071905,0.9988590455992932,0.9996970205351389,32
q3_physical_training_coselection_single,1532,0,0.999943030887541,0.9999967634610887,0.9999994090922197,32
q3_physical_training_coselection_single,1532,4,0.9969198839372242,0.9985024646342151,0.9994577497966937,32
q3_physical_training_coselection_single,1532,20,0.9948531701702928,0.9972296829045828,0.9994227420673087,32
q3_physical_training_coselection_single,1532,39,0.9970454579177983,0.9988534595099634,0.9997043550772269,32
q3_physical_training_coselection_single,1536,0,0.9999441426161138,0.9999969028739721,0.9999994418086904,32
q3_physical_training_coselection_single,1536,4,0.9969477376842475,0.9985343954401655,0.9994535664530217,32
q3_physical_training_coselection_single,1536,20,0.9951611513563259,0.9972597004451146,0.9994259323257437,32
q3_physical_training_coselection_single,1536,39,0.9969570574926359,0.9988867777084274,0.9996968561514417,32
q3_physical_training_coselection_single,1568,0,0.9999524148599119,0.9999976881697861,0.9999996555684079,32
q3_physical_training_coselection_single,1568,4,0.9971758110412483,0.9986434491666938,0.999513265313411,32
q3_physical_training_coselection_single,1568,20,0.9955458752863522,0.9975539996302862,0.9994840630424591,32
q3_physical_training_coselection_single,1568,39,0.9973642514977122,0.9989880255226511,0.9997362841603877,32
q3_physical_training_coselection_single,1600,0,0.9999601728235868,0.9999982924061911,0.9999998349945189,32
q3_physical_training_coselection_single,1600,4,0.9974604006959322,0.998762892228442,0.9995464510460425,32
q3_physical_training_coselection_single,1600,20,0.9960509080110024,0.997806016391282,0.9995497776007811,32
q3_physical_training_coselection_single,1600,39,0.9975580893789058,0.9990718261460554,0.9997540158576714,32
q3_physical_training_coselection_single,1632,0,0.999967774479056,0.999998720471779,0.9999998824958568,32
q3_physical_training_coselection_single,1632,4,0.9977047719029952,0.9988717700750542,0.9995922445470604,32
q3_physical_training_coselection_single,1632,20,0.9964525484181147,0.998019974376932,0.999587720789983,32
q3_physical_training_coselection_single,1632,39,0.9978180177585305,0.9991763017790329,0.9997787292321791,32
q3_physical_training_coselection_single,1664,0,0.9999724115349711,0.999999111034174,0.9999999405300524,32
q3_physical_training_coselection_single,1664,4,0.9979214565874818,0.9990033957742283,0.99963348372568,32
q3_physical_training_coselection_single,1664,20,0.9967888479030987,0.9982183009385278,0.9996232928287906,32
q3_physical_training_coselection_single,1664,39,0.9979664396198878,0.9992640568451375,0.9998024135138663,32
